{"type":"FeatureCollection","name":"mode_a_grid_2017","metadata":{"year":2017,"generated_at":"2026-04-25T14:23:34.060941+00:00","bbox":[-6.08,54.52,-5.78,54.7],"cell_count":308,"resolution_note":"Regular replay grid across Belfast NI; values are normalized 0-1 lens scores."},"features":[{"type":"Feature","id":"belfast_00_00_2017","properties":{"cell_id":"belfast_00_00","year":2017,"row":0,"col":0,"population_pressure":0.217,"mobility_strain":0.465,"economic_opportunity":0.068,"environmental_exposure":0.295,"fairness_score":0.381,"development_pressure":0.164,"green_cover":0.361,"bike_access":0.05,"transit_access":0.18,"planning_intensity":0.09,"deprivation_weight":0.0,"population_pressure_delta_2016":0.014,"mobility_strain_delta_2016":0.001,"economic_opportunity_delta_2016":0.0,"environmental_exposure_delta_2016":-0.002,"fairness_score_delta_2016":0.0,"population_pressure_delta_previous":0.014,"mobility_strain_delta_previous":0.001,"economic_opportunity_delta_previous":0.0,"environmental_exposure_delta_previous":-0.002,"fairness_score_delta_previous":0.0,"dominant_metric":"population_pressure","dominant_change":"stable","confidence":"low-medium","evidence":["NISRA population/census totals","OSM building density and development-zone proxy","Planning/local development source inventory","Interpolated between available raster/statistical evidence years"]},"geometry":{"type":"Polygon","coordinates":[[[-6.08,54.52],[-6.066364,54.52],[-6.066364,54.532857],[-6.08,54.532857],[-6.08,54.52]]]}},{"type":"Feature","id":"belfast_00_01_2017","properties":{"cell_id":"belfast_00_01","year":2017,"row":0,"col":1,"population_pressure":0.204,"mobility_strain":0.463,"economic_opportunity":0.068,"environmental_exposure":0.298,"fairness_score":0.382,"development_pressure":0.14,"green_cover":0.349,"bike_access":0.05,"transit_access":0.18,"planning_intensity":0.078,"deprivation_weight":0.0,"population_pressure_delta_2016":0.011,"mobility_strain_delta_2016":0.003,"economic_opportunity_delta_2016":0.0,"environmental_exposure_delta_2016":0.006,"fairness_score_delta_2016":0.0,"population_pressure_delta_previous":0.011,"mobility_strain_delta_previous":0.003,"economic_opportunity_delta_previous":0.0,"environmental_exposure_delta_previous":0.006,"fairness_score_delta_previous":0.0,"dominant_metric":"population_pressure","dominant_change":"stable","confidence":"low-medium","evidence":["NISRA population/census totals","OSM building density and development-zone proxy","Planning/local development source inventory","Interpolated between available raster/statistical evidence years"]},"geometry":{"type":"Polygon","coordinates":[[[-6.066364,54.52],[-6.052728,54.52],[-6.052728,54.532857],[-6.066364,54.532857],[-6.066364,54.52]]]}},{"type":"Feature","id":"belfast_00_02_2017","properties":{"cell_id":"belfast_00_02","year":2017,"row":0,"col":2,"population_pressure":0.193,"mobility_strain":0.461,"economic_opportunity":0.068,"environmental_exposure":0.307,"fairness_score":0.382,"development_pressure":0.119,"green_cover":0.324,"bike_access":0.05,"transit_access":0.18,"planning_intensity":0.067,"deprivation_weight":0.0,"population_pressure_delta_2016":0.013,"mobility_strain_delta_2016":0.003,"economic_opportunity_delta_2016":0.0,"environmental_exposure_delta_2016":0.011,"fairness_score_delta_2016":-0.001,"population_pressure_delta_previous":0.013,"mobility_strain_delta_previous":0.003,"economic_opportunity_delta_previous":0.0,"environmental_exposure_delta_previous":0.011,"fairness_score_delta_previous":-0.001,"dominant_metric":"population_pressure","dominant_change":"stable","confidence":"low-medium","evidence":["NISRA population/census totals","OSM building density and development-zone proxy","Planning/local development source inventory","Interpolated between available raster/statistical evidence years"]},"geometry":{"type":"Polygon","coordinates":[[[-6.052727,54.52],[-6.039091,54.52],[-6.039091,54.532857],[-6.052727,54.532857],[-6.052727,54.52]]]}},{"type":"Feature","id":"belfast_00_03_2017","properties":{"cell_id":"belfast_00_03","year":2017,"row":0,"col":3,"population_pressure":0.188,"mobility_strain":0.46,"economic_opportunity":0.068,"environmental_exposure":0.311,"fairness_score":0.382,"development_pressure":0.109,"green_cover":0.311,"bike_access":0.05,"transit_access":0.18,"planning_intensity":0.063,"deprivation_weight":0.0,"population_pressure_delta_2016":0.018,"mobility_strain_delta_2016":0.004,"economic_opportunity_delta_2016":0.0,"environmental_exposure_delta_2016":0.006,"fairness_score_delta_2016":-0.001,"population_pressure_delta_previous":0.018,"mobility_strain_delta_previous":0.004,"economic_opportunity_delta_previous":0.0,"environmental_exposure_delta_previous":0.006,"fairness_score_delta_previous":-0.001,"dominant_metric":"population_pressure","dominant_change":"stable","confidence":"low-medium","evidence":["NISRA population/census totals","OSM building density and development-zone proxy","Planning/local development source inventory","Interpolated between available raster/statistical evidence years"]},"geometry":{"type":"Polygon","coordinates":[[[-6.039091,54.52],[-6.025455,54.52],[-6.025455,54.532857],[-6.039091,54.532857],[-6.039091,54.52]]]}},{"type":"Feature","id":"belfast_00_04_2017","properties":{"cell_id":"belfast_00_04","year":2017,"row":0,"col":4,"population_pressure":0.191,"mobility_strain":0.461,"economic_opportunity":0.068,"environmental_exposure":0.307,"fairness_score":0.382,"development_pressure":0.116,"green_cover":0.322,"bike_access":0.05,"transit_access":0.18,"planning_intensity":0.066,"deprivation_weight":0.0,"population_pressure_delta_2016":0.022,"mobility_strain_delta_2016":0.004,"economic_opportunity_delta_2016":0.0,"environmental_exposure_delta_2016":-0.002,"fairness_score_delta_2016":-0.001,"population_pressure_delta_previous":0.022,"mobility_strain_delta_previous":0.004,"economic_opportunity_delta_previous":0.0,"environmental_exposure_delta_previous":-0.002,"fairness_score_delta_previous":-0.001,"dominant_metric":"population_pressure","dominant_change":"stable","confidence":"low-medium","evidence":["NISRA population/census totals","OSM building density and development-zone proxy","Planning/local development source inventory","Interpolated between available raster/statistical evidence years"]},"geometry":{"type":"Polygon","coordinates":[[[-6.025455,54.52],[-6.011819,54.52],[-6.011819,54.532857],[-6.025455,54.532857],[-6.025455,54.52]]]}},{"type":"Feature","id":"belfast_00_05_2017","properties":{"cell_id":"belfast_00_05","year":2017,"row":0,"col":5,"population_pressure":0.202,"mobility_strain":0.462,"economic_opportunity":0.068,"environmental_exposure":0.299,"fairness_score":0.382,"development_pressure":0.136,"green_cover":0.347,"bike_access":0.05,"transit_access":0.18,"planning_intensity":0.076,"deprivation_weight":0.0,"population_pressure_delta_2016":0.026,"mobility_strain_delta_2016":0.004,"economic_opportunity_delta_2016":0.0,"environmental_exposure_delta_2016":-0.007,"fairness_score_delta_2016":-0.001,"population_pressure_delta_previous":0.026,"mobility_strain_delta_previous":0.004,"economic_opportunity_delta_previous":0.0,"environmental_exposure_delta_previous":-0.007,"fairness_score_delta_previous":-0.001,"dominant_metric":"population_pressure","dominant_change":"stable","confidence":"low-medium","evidence":["NISRA population/census totals","OSM building density and development-zone proxy","Planning/local development source inventory","Interpolated between available raster/statistical evidence years"]},"geometry":{"type":"Polygon","coordinates":[[[-6.011818,54.52],[-5.998182,54.52],[-5.998182,54.532857],[-6.011818,54.532857],[-6.011818,54.52]]]}},{"type":"Feature","id":"belfast_00_06_2017","properties":{"cell_id":"belfast_00_06","year":2017,"row":0,"col":6,"population_pressure":0.215,"mobility_strain":0.465,"economic_opportunity":0.068,"environmental_exposure":0.294,"fairness_score":0.381,"development_pressure":0.16,"green_cover":0.361,"bike_access":0.05,"transit_access":0.18,"planning_intensity":0.088,"deprivation_weight":0.0,"population_pressure_delta_2016":0.027,"mobility_strain_delta_2016":0.005,"economic_opportunity_delta_2016":0.0,"environmental_exposure_delta_2016":-0.004,"fairness_score_delta_2016":-0.001,"population_pressure_delta_previous":0.027,"mobility_strain_delta_previous":0.005,"economic_opportunity_delta_previous":0.0,"environmental_exposure_delta_previous":-0.004,"fairness_score_delta_previous":-0.001,"dominant_metric":"population_pressure","dominant_change":"stable","confidence":"low-medium","evidence":["NISRA population/census totals","OSM building density and development-zone proxy","Planning/local development source inventory","Interpolated between available raster/statistical evidence years"]},"geometry":{"type":"Polygon","coordinates":[[[-5.998182,54.52],[-5.984546,54.52],[-5.984546,54.532857],[-5.998182,54.532857],[-5.998182,54.52]]]}},{"type":"Feature","id":"belfast_00_07_2017","properties":{"cell_id":"belfast_00_07","year":2017,"row":0,"col":7,"population_pressure":0.224,"mobility_strain":0.468,"economic_opportunity":0.068,"environmental_exposure":0.298,"fairness_score":0.38,"development_pressure":0.177,"green_cover":0.349,"bike_access":0.05,"transit_access":0.18,"planning_intensity":0.096,"deprivation_weight":0.0,"population_pressure_delta_2016":0.024,"mobility_strain_delta_2016":0.006,"economic_opportunity_delta_2016":0.0,"environmental_exposure_delta_2016":0.005,"fairness_score_delta_2016":-0.002,"population_pressure_delta_previous":0.024,"mobility_strain_delta_previous":0.006,"economic_opportunity_delta_previous":0.0,"environmental_exposure_delta_previous":0.005,"fairness_score_delta_previous":-0.002,"dominant_metric":"population_pressure","dominant_change":"stable","confidence":"low-medium","evidence":["NISRA population/census totals","OSM building density and development-zone proxy","Planning/local development source inventory","Interpolated between available raster/statistical evidence years"]},"geometry":{"type":"Polygon","coordinates":[[[-5.984545,54.52],[-5.970909,54.52],[-5.970909,54.532857],[-5.984545,54.532857],[-5.984545,54.52]]]}},{"type":"Feature","id":"belfast_00_08_2017","properties":{"cell_id":"belfast_00_08","year":2017,"row":0,"col":8,"population_pressure":0.224,"mobility_strain":0.469,"economic_opportunity":0.068,"environmental_exposure":0.308,"fairness_score":0.38,"development_pressure":0.178,"green_cover":0.321,"bike_access":0.05,"transit_access":0.18,"planning_intensity":0.097,"deprivation_weight":0.0,"population_pressure_delta_2016":0.018,"mobility_strain_delta_2016":0.005,"economic_opportunity_delta_2016":0.0,"environmental_exposure_delta_2016":0.011,"fairness_score_delta_2016":-0.001,"population_pressure_delta_previous":0.018,"mobility_strain_delta_previous":0.005,"economic_opportunity_delta_previous":0.0,"environmental_exposure_delta_previous":0.011,"fairness_score_delta_previous":-0.001,"dominant_metric":"population_pressure","dominant_change":"stable","confidence":"low-medium","evidence":["NISRA population/census totals","OSM building density and development-zone proxy","Planning/local development source inventory","Interpolated between available raster/statistical evidence years"]},"geometry":{"type":"Polygon","coordinates":[[[-5.970909,54.52],[-5.957273,54.52],[-5.957273,54.532857],[-5.970909,54.532857],[-5.970909,54.52]]]}},{"type":"Feature","id":"belfast_00_09_2017","properties":{"cell_id":"belfast_00_09","year":2017,"row":0,"col":9,"population_pressure":0.217,"mobility_strain":0.468,"economic_opportunity":0.068,"environmental_exposure":0.314,"fairness_score":0.38,"development_pressure":0.163,"green_cover":0.303,"bike_access":0.05,"transit_access":0.18,"planning_intensity":0.089,"deprivation_weight":0.0,"population_pressure_delta_2016":0.014,"mobility_strain_delta_2016":0.003,"economic_opportunity_delta_2016":0.0,"environmental_exposure_delta_2016":0.009,"fairness_score_delta_2016":-0.001,"population_pressure_delta_previous":0.014,"mobility_strain_delta_previous":0.003,"economic_opportunity_delta_previous":0.0,"environmental_exposure_delta_previous":0.009,"fairness_score_delta_previous":-0.001,"dominant_metric":"population_pressure","dominant_change":"stable","confidence":"low-medium","evidence":["NISRA population/census totals","OSM building density and development-zone proxy","Planning/local development source inventory","Interpolated between available raster/statistical evidence years"]},"geometry":{"type":"Polygon","coordinates":[[[-5.957273,54.52],[-5.943637,54.52],[-5.943637,54.532857],[-5.957273,54.532857],[-5.957273,54.52]]]}},{"type":"Feature","id":"belfast_00_10_2017","properties":{"cell_id":"belfast_00_10","year":2017,"row":0,"col":10,"population_pressure":0.204,"mobility_strain":0.464,"economic_opportunity":0.068,"environmental_exposure":0.311,"fairness_score":0.381,"development_pressure":0.14,"green_cover":0.312,"bike_access":0.05,"transit_access":0.18,"planning_intensity":0.078,"deprivation_weight":0.0,"population_pressure_delta_2016":0.012,"mobility_strain_delta_2016":0.001,"economic_opportunity_delta_2016":0.0,"environmental_exposure_delta_2016":0.0,"fairness_score_delta_2016":0.0,"population_pressure_delta_previous":0.012,"mobility_strain_delta_previous":0.001,"economic_opportunity_delta_previous":0.0,"environmental_exposure_delta_previous":0.0,"fairness_score_delta_previous":0.0,"dominant_metric":"population_pressure","dominant_change":"stable","confidence":"low-medium","evidence":["NISRA population/census totals","OSM building density and development-zone proxy","Planning/local development source inventory","Interpolated between available raster/statistical evidence years"]},"geometry":{"type":"Polygon","coordinates":[[[-5.943636,54.52],[-5.93,54.52],[-5.93,54.532857],[-5.943636,54.532857],[-5.943636,54.52]]]}},{"type":"Feature","id":"belfast_00_11_2017","properties":{"cell_id":"belfast_00_11","year":2017,"row":0,"col":11,"population_pressure":0.193,"mobility_strain":0.46,"economic_opportunity":0.068,"environmental_exposure":0.301,"fairness_score":0.382,"development_pressure":0.119,"green_cover":0.342,"bike_access":0.05,"transit_access":0.18,"planning_intensity":0.067,"deprivation_weight":0.0,"population_pressure_delta_2016":0.014,"mobility_strain_delta_2016":0.001,"economic_opportunity_delta_2016":0.0,"environmental_exposure_delta_2016":-0.007,"fairness_score_delta_2016":-0.001,"population_pressure_delta_previous":0.014,"mobility_strain_delta_previous":0.001,"economic_opportunity_delta_previous":0.0,"environmental_exposure_delta_previous":-0.007,"fairness_score_delta_previous":-0.001,"dominant_metric":"population_pressure","dominant_change":"stable","confidence":"low-medium","evidence":["NISRA population/census totals","OSM building density and development-zone proxy","Planning/local development source inventory","Interpolated between available raster/statistical evidence years"]},"geometry":{"type":"Polygon","coordinates":[[[-5.93,54.52],[-5.916364,54.52],[-5.916364,54.532857],[-5.93,54.532857],[-5.93,54.52]]]}},{"type":"Feature","id":"belfast_00_12_2017","properties":{"cell_id":"belfast_00_12","year":2017,"row":0,"col":12,"population_pressure":0.188,"mobility_strain":0.457,"economic_opportunity":0.068,"environmental_exposure":0.292,"fairness_score":0.383,"development_pressure":0.109,"green_cover":0.367,"bike_access":0.05,"transit_access":0.18,"planning_intensity":0.063,"deprivation_weight":0.0,"population_pressure_delta_2016":0.018,"mobility_strain_delta_2016":0.002,"economic_opportunity_delta_2016":0.0,"environmental_exposure_delta_2016":-0.007,"fairness_score_delta_2016":-0.001,"population_pressure_delta_previous":0.018,"mobility_strain_delta_previous":0.002,"economic_opportunity_delta_previous":0.0,"environmental_exposure_delta_previous":-0.007,"fairness_score_delta_previous":-0.001,"dominant_metric":"population_pressure","dominant_change":"stable","confidence":"low-medium","evidence":["NISRA population/census totals","OSM building density and development-zone proxy","Planning/local development source inventory","Interpolated between available raster/statistical evidence years"]},"geometry":{"type":"Polygon","coordinates":[[[-5.916364,54.52],[-5.902728,54.52],[-5.902728,54.532857],[-5.916364,54.532857],[-5.916364,54.52]]]}},{"type":"Feature","id":"belfast_00_13_2017","properties":{"cell_id":"belfast_00_13","year":2017,"row":0,"col":13,"population_pressure":0.192,"mobility_strain":0.459,"economic_opportunity":0.068,"environmental_exposure":0.293,"fairness_score":0.383,"development_pressure":0.117,"green_cover":0.365,"bike_access":0.05,"transit_access":0.18,"planning_intensity":0.066,"deprivation_weight":0.0,"population_pressure_delta_2016":0.023,"mobility_strain_delta_2016":0.005,"economic_opportunity_delta_2016":0.0,"environmental_exposure_delta_2016":0.002,"fairness_score_delta_2016":-0.001,"population_pressure_delta_previous":0.023,"mobility_strain_delta_previous":0.005,"economic_opportunity_delta_previous":0.0,"environmental_exposure_delta_previous":0.002,"fairness_score_delta_previous":-0.001,"dominant_metric":"population_pressure","dominant_change":"stable","confidence":"low-medium","evidence":["NISRA population/census totals","OSM building density and development-zone proxy","Planning/local development source inventory","Interpolated between available raster/statistical evidence years"]},"geometry":{"type":"Polygon","coordinates":[[[-5.902727,54.52],[-5.889091,54.52],[-5.889091,54.532857],[-5.902727,54.532857],[-5.902727,54.52]]]}},{"type":"Feature","id":"belfast_00_14_2017","properties":{"cell_id":"belfast_00_14","year":2017,"row":0,"col":14,"population_pressure":0.202,"mobility_strain":0.463,"economic_opportunity":0.068,"environmental_exposure":0.302,"fairness_score":0.381,"development_pressure":0.137,"green_cover":0.337,"bike_access":0.05,"transit_access":0.18,"planning_intensity":0.076,"deprivation_weight":0.0,"population_pressure_delta_2016":0.026,"mobility_strain_delta_2016":0.007,"economic_opportunity_delta_2016":0.0,"environmental_exposure_delta_2016":0.01,"fairness_score_delta_2016":-0.003,"population_pressure_delta_previous":0.026,"mobility_strain_delta_previous":0.007,"economic_opportunity_delta_previous":0.0,"environmental_exposure_delta_previous":0.01,"fairness_score_delta_previous":-0.003,"dominant_metric":"population_pressure","dominant_change":"stable","confidence":"low-medium","evidence":["NISRA population/census totals","OSM building density and development-zone proxy","Planning/local development source inventory","Interpolated between available raster/statistical evidence years"]},"geometry":{"type":"Polygon","coordinates":[[[-5.889091,54.52],[-5.875455,54.52],[-5.875455,54.532857],[-5.889091,54.532857],[-5.889091,54.52]]]}},{"type":"Feature","id":"belfast_00_15_2017","properties":{"cell_id":"belfast_00_15","year":2017,"row":0,"col":15,"population_pressure":0.215,"mobility_strain":0.468,"economic_opportunity":0.068,"environmental_exposure":0.312,"fairness_score":0.38,"development_pressure":0.161,"green_cover":0.307,"bike_access":0.05,"transit_access":0.18,"planning_intensity":0.088,"deprivation_weight":0.0,"population_pressure_delta_2016":0.026,"mobility_strain_delta_2016":0.007,"economic_opportunity_delta_2016":0.0,"environmental_exposure_delta_2016":0.011,"fairness_score_delta_2016":-0.002,"population_pressure_delta_previous":0.026,"mobility_strain_delta_previous":0.007,"economic_opportunity_delta_previous":0.0,"environmental_exposure_delta_previous":0.011,"fairness_score_delta_previous":-0.002,"dominant_metric":"population_pressure","dominant_change":"stable","confidence":"low-medium","evidence":["NISRA population/census totals","OSM building density and development-zone proxy","Planning/local development source inventory","Interpolated between available raster/statistical evidence years"]},"geometry":{"type":"Polygon","coordinates":[[[-5.875455,54.52],[-5.861819,54.52],[-5.861819,54.532857],[-5.875455,54.532857],[-5.875455,54.52]]]}},{"type":"Feature","id":"belfast_00_16_2017","properties":{"cell_id":"belfast_00_16","year":2017,"row":0,"col":16,"population_pressure":0.224,"mobility_strain":0.47,"economic_opportunity":0.068,"environmental_exposure":0.314,"fairness_score":0.379,"development_pressure":0.177,"green_cover":0.301,"bike_access":0.05,"transit_access":0.18,"planning_intensity":0.096,"deprivation_weight":0.0,"population_pressure_delta_2016":0.024,"mobility_strain_delta_2016":0.005,"economic_opportunity_delta_2016":0.0,"environmental_exposure_delta_2016":0.003,"fairness_score_delta_2016":-0.002,"population_pressure_delta_previous":0.024,"mobility_strain_delta_previous":0.005,"economic_opportunity_delta_previous":0.0,"environmental_exposure_delta_previous":0.003,"fairness_score_delta_previous":-0.002,"dominant_metric":"population_pressure","dominant_change":"stable","confidence":"low-medium","evidence":["NISRA population/census totals","OSM building density and development-zone proxy","Planning/local development source inventory","Interpolated between available raster/statistical evidence years"]},"geometry":{"type":"Polygon","coordinates":[[[-5.861818,54.52],[-5.848182,54.52],[-5.848182,54.532857],[-5.861818,54.532857],[-5.861818,54.52]]]}},{"type":"Feature","id":"belfast_00_17_2017","properties":{"cell_id":"belfast_00_17","year":2017,"row":0,"col":17,"population_pressure":0.224,"mobility_strain":0.469,"economic_opportunity":0.068,"environmental_exposure":0.307,"fairness_score":0.38,"development_pressure":0.178,"green_cover":0.323,"bike_access":0.05,"transit_access":0.18,"planning_intensity":0.097,"deprivation_weight":0.0,"population_pressure_delta_2016":0.018,"mobility_strain_delta_2016":0.002,"economic_opportunity_delta_2016":0.0,"environmental_exposure_delta_2016":-0.006,"fairness_score_delta_2016":0.0,"population_pressure_delta_previous":0.018,"mobility_strain_delta_previous":0.002,"economic_opportunity_delta_previous":0.0,"environmental_exposure_delta_previous":-0.006,"fairness_score_delta_previous":0.0,"dominant_metric":"population_pressure","dominant_change":"stable","confidence":"low-medium","evidence":["NISRA population/census totals","OSM building density and development-zone proxy","Planning/local development source inventory","Interpolated between available raster/statistical evidence years"]},"geometry":{"type":"Polygon","coordinates":[[[-5.848182,54.52],[-5.834546,54.52],[-5.834546,54.532857],[-5.848182,54.532857],[-5.848182,54.52]]]}},{"type":"Feature","id":"belfast_00_18_2017","properties":{"cell_id":"belfast_00_18","year":2017,"row":0,"col":18,"population_pressure":0.216,"mobility_strain":0.466,"economic_opportunity":0.068,"environmental_exposure":0.297,"fairness_score":0.381,"development_pressure":0.163,"green_cover":0.353,"bike_access":0.05,"transit_access":0.18,"planning_intensity":0.089,"deprivation_weight":0.0,"population_pressure_delta_2016":0.014,"mobility_strain_delta_2016":0.001,"economic_opportunity_delta_2016":0.0,"environmental_exposure_delta_2016":-0.008,"fairness_score_delta_2016":0.0,"population_pressure_delta_previous":0.014,"mobility_strain_delta_previous":0.001,"economic_opportunity_delta_previous":0.0,"environmental_exposure_delta_previous":-0.008,"fairness_score_delta_previous":0.0,"dominant_metric":"population_pressure","dominant_change":"stable","confidence":"low-medium","evidence":["NISRA population/census totals","OSM building density and development-zone proxy","Planning/local development source inventory","Interpolated between available raster/statistical evidence years"]},"geometry":{"type":"Polygon","coordinates":[[[-5.834545,54.52],[-5.820909,54.52],[-5.820909,54.532857],[-5.834545,54.532857],[-5.834545,54.52]]]}},{"type":"Feature","id":"belfast_00_19_2017","properties":{"cell_id":"belfast_00_19","year":2017,"row":0,"col":19,"population_pressure":0.204,"mobility_strain":0.462,"economic_opportunity":0.068,"environmental_exposure":0.293,"fairness_score":0.382,"development_pressure":0.139,"green_cover":0.364,"bike_access":0.05,"transit_access":0.18,"planning_intensity":0.077,"deprivation_weight":0.0,"population_pressure_delta_2016":0.012,"mobility_strain_delta_2016":0.002,"economic_opportunity_delta_2016":0.0,"environmental_exposure_delta_2016":-0.002,"fairness_score_delta_2016":0.0,"population_pressure_delta_previous":0.012,"mobility_strain_delta_previous":0.002,"economic_opportunity_delta_previous":0.0,"environmental_exposure_delta_previous":-0.002,"fairness_score_delta_previous":0.0,"dominant_metric":"population_pressure","dominant_change":"stable","confidence":"low-medium","evidence":["NISRA population/census totals","OSM building density and development-zone proxy","Planning/local development source inventory","Interpolated between available raster/statistical evidence years"]},"geometry":{"type":"Polygon","coordinates":[[[-5.820909,54.52],[-5.807273,54.52],[-5.807273,54.532857],[-5.820909,54.532857],[-5.820909,54.52]]]}},{"type":"Feature","id":"belfast_00_20_2017","properties":{"cell_id":"belfast_00_20","year":2017,"row":0,"col":20,"population_pressure":0.192,"mobility_strain":0.46,"economic_opportunity":0.068,"environmental_exposure":0.299,"fairness_score":0.382,"development_pressure":0.118,"green_cover":0.348,"bike_access":0.05,"transit_access":0.18,"planning_intensity":0.067,"deprivation_weight":0.0,"population_pressure_delta_2016":0.013,"mobility_strain_delta_2016":0.003,"economic_opportunity_delta_2016":0.0,"environmental_exposure_delta_2016":0.008,"fairness_score_delta_2016":-0.001,"population_pressure_delta_previous":0.013,"mobility_strain_delta_previous":0.003,"economic_opportunity_delta_previous":0.0,"environmental_exposure_delta_previous":0.008,"fairness_score_delta_previous":-0.001,"dominant_metric":"population_pressure","dominant_change":"stable","confidence":"low-medium","evidence":["NISRA population/census totals","OSM building density and development-zone proxy","Planning/local development source inventory","Interpolated between available raster/statistical evidence years"]},"geometry":{"type":"Polygon","coordinates":[[[-5.807273,54.52],[-5.793637,54.52],[-5.793637,54.532857],[-5.807273,54.532857],[-5.807273,54.52]]]}},{"type":"Feature","id":"belfast_00_21_2017","properties":{"cell_id":"belfast_00_21","year":2017,"row":0,"col":21,"population_pressure":0.188,"mobility_strain":0.46,"economic_opportunity":0.068,"environmental_exposure":0.307,"fairness_score":0.382,"development_pressure":0.109,"green_cover":0.322,"bike_access":0.05,"transit_access":0.18,"planning_intensity":0.063,"deprivation_weight":0.0,"population_pressure_delta_2016":0.018,"mobility_strain_delta_2016":0.005,"economic_opportunity_delta_2016":0.0,"environmental_exposure_delta_2016":0.01,"fairness_score_delta_2016":-0.002,"population_pressure_delta_previous":0.018,"mobility_strain_delta_previous":0.005,"economic_opportunity_delta_previous":0.0,"environmental_exposure_delta_previous":0.01,"fairness_score_delta_previous":-0.002,"dominant_metric":"population_pressure","dominant_change":"stable","confidence":"low-medium","evidence":["NISRA population/census totals","OSM building density and development-zone proxy","Planning/local development source inventory","Interpolated between available raster/statistical evidence years"]},"geometry":{"type":"Polygon","coordinates":[[[-5.793636,54.52],[-5.78,54.52],[-5.78,54.532857],[-5.793636,54.532857],[-5.793636,54.52]]]}},{"type":"Feature","id":"belfast_01_00_2017","properties":{"cell_id":"belfast_01_00","year":2017,"row":1,"col":0,"population_pressure":0.193,"mobility_strain":0.459,"economic_opportunity":0.068,"environmental_exposure":0.292,"fairness_score":0.383,"development_pressure":0.119,"green_cover":0.369,"bike_access":0.05,"transit_access":0.18,"planning_intensity":0.067,"deprivation_weight":0.0,"population_pressure_delta_2016":0.013,"mobility_strain_delta_2016":0.002,"economic_opportunity_delta_2016":0.0,"environmental_exposure_delta_2016":-0.003,"fairness_score_delta_2016":0.0,"population_pressure_delta_previous":0.013,"mobility_strain_delta_previous":0.002,"economic_opportunity_delta_previous":0.0,"environmental_exposure_delta_previous":-0.003,"fairness_score_delta_previous":0.0,"dominant_metric":"population_pressure","dominant_change":"stable","confidence":"low-medium","evidence":["NISRA population/census totals","OSM building density and development-zone proxy","Planning/local development source inventory","Interpolated between available raster/statistical evidence years"]},"geometry":{"type":"Polygon","coordinates":[[[-6.08,54.532857],[-6.066364,54.532857],[-6.066364,54.545714],[-6.08,54.545714],[-6.08,54.532857]]]}},{"type":"Feature","id":"belfast_01_01_2017","properties":{"cell_id":"belfast_01_01","year":2017,"row":1,"col":1,"population_pressure":0.188,"mobility_strain":0.458,"economic_opportunity":0.068,"environmental_exposure":0.297,"fairness_score":0.383,"development_pressure":0.109,"green_cover":0.354,"bike_access":0.05,"transit_access":0.18,"planning_intensity":0.063,"deprivation_weight":0.0,"population_pressure_delta_2016":0.018,"mobility_strain_delta_2016":0.004,"economic_opportunity_delta_2016":0.0,"environmental_exposure_delta_2016":0.007,"fairness_score_delta_2016":-0.001,"population_pressure_delta_previous":0.018,"mobility_strain_delta_previous":0.004,"economic_opportunity_delta_previous":0.0,"environmental_exposure_delta_previous":0.007,"fairness_score_delta_previous":-0.001,"dominant_metric":"population_pressure","dominant_change":"stable","confidence":"low-medium","evidence":["NISRA population/census totals","OSM building density and development-zone proxy","Planning/local development source inventory","Interpolated between available raster/statistical evidence years"]},"geometry":{"type":"Polygon","coordinates":[[[-6.066364,54.532857],[-6.052728,54.532857],[-6.052728,54.545714],[-6.066364,54.545714],[-6.066364,54.532857]]]}},{"type":"Feature","id":"belfast_01_02_2017","properties":{"cell_id":"belfast_01_02","year":2017,"row":1,"col":2,"population_pressure":0.191,"mobility_strain":0.461,"economic_opportunity":0.068,"environmental_exposure":0.307,"fairness_score":0.382,"development_pressure":0.116,"green_cover":0.324,"bike_access":0.05,"transit_access":0.18,"planning_intensity":0.066,"deprivation_weight":0.0,"population_pressure_delta_2016":0.022,"mobility_strain_delta_2016":0.006,"economic_opportunity_delta_2016":0.0,"environmental_exposure_delta_2016":0.012,"fairness_score_delta_2016":-0.002,"population_pressure_delta_previous":0.022,"mobility_strain_delta_previous":0.006,"economic_opportunity_delta_previous":0.0,"environmental_exposure_delta_previous":0.012,"fairness_score_delta_previous":-0.002,"dominant_metric":"population_pressure","dominant_change":"stable","confidence":"low-medium","evidence":["NISRA population/census totals","OSM building density and development-zone proxy","Planning/local development source inventory","Interpolated between available raster/statistical evidence years"]},"geometry":{"type":"Polygon","coordinates":[[[-6.052727,54.532857],[-6.039091,54.532857],[-6.039091,54.545714],[-6.052727,54.545714],[-6.052727,54.532857]]]}},{"type":"Feature","id":"belfast_01_03_2017","properties":{"cell_id":"belfast_01_03","year":2017,"row":1,"col":3,"population_pressure":0.202,"mobility_strain":0.464,"economic_opportunity":0.068,"environmental_exposure":0.313,"fairness_score":0.381,"development_pressure":0.136,"green_cover":0.306,"bike_access":0.05,"transit_access":0.18,"planning_intensity":0.076,"deprivation_weight":0.0,"population_pressure_delta_2016":0.026,"mobility_strain_delta_2016":0.006,"economic_opportunity_delta_2016":0.0,"environmental_exposure_delta_2016":0.008,"fairness_score_delta_2016":-0.002,"population_pressure_delta_previous":0.026,"mobility_strain_delta_previous":0.006,"economic_opportunity_delta_previous":0.0,"environmental_exposure_delta_previous":0.008,"fairness_score_delta_previous":-0.002,"dominant_metric":"population_pressure","dominant_change":"stable","confidence":"low-medium","evidence":["NISRA population/census totals","OSM building density and development-zone proxy","Planning/local development source inventory","Interpolated between available raster/statistical evidence years"]},"geometry":{"type":"Polygon","coordinates":[[[-6.039091,54.532857],[-6.025455,54.532857],[-6.025455,54.545714],[-6.039091,54.545714],[-6.039091,54.532857]]]}},{"type":"Feature","id":"belfast_01_04_2017","properties":{"cell_id":"belfast_01_04","year":2017,"row":1,"col":4,"population_pressure":0.215,"mobility_strain":0.467,"economic_opportunity":0.068,"environmental_exposure":0.31,"fairness_score":0.38,"development_pressure":0.16,"green_cover":0.314,"bike_access":0.05,"transit_access":0.18,"planning_intensity":0.088,"deprivation_weight":0.0,"population_pressure_delta_2016":0.027,"mobility_strain_delta_2016":0.005,"economic_opportunity_delta_2016":0.0,"environmental_exposure_delta_2016":-0.001,"fairness_score_delta_2016":-0.002,"population_pressure_delta_previous":0.027,"mobility_strain_delta_previous":0.005,"economic_opportunity_delta_previous":0.0,"environmental_exposure_delta_previous":-0.001,"fairness_score_delta_previous":-0.002,"dominant_metric":"population_pressure","dominant_change":"stable","confidence":"low-medium","evidence":["NISRA population/census totals","OSM building density and development-zone proxy","Planning/local development source inventory","Interpolated between available raster/statistical evidence years"]},"geometry":{"type":"Polygon","coordinates":[[[-6.025455,54.532857],[-6.011819,54.532857],[-6.011819,54.545714],[-6.025455,54.545714],[-6.025455,54.532857]]]}},{"type":"Feature","id":"belfast_01_05_2017","properties":{"cell_id":"belfast_01_05","year":2017,"row":1,"col":5,"population_pressure":0.224,"mobility_strain":0.468,"economic_opportunity":0.068,"environmental_exposure":0.301,"fairness_score":0.38,"development_pressure":0.177,"green_cover":0.34,"bike_access":0.05,"transit_access":0.18,"planning_intensity":0.096,"deprivation_weight":0.0,"population_pressure_delta_2016":0.024,"mobility_strain_delta_2016":0.003,"economic_opportunity_delta_2016":0.0,"environmental_exposure_delta_2016":-0.008,"fairness_score_delta_2016":-0.001,"population_pressure_delta_previous":0.024,"mobility_strain_delta_previous":0.003,"economic_opportunity_delta_previous":0.0,"environmental_exposure_delta_previous":-0.008,"fairness_score_delta_previous":-0.001,"dominant_metric":"population_pressure","dominant_change":"stable","confidence":"low-medium","evidence":["NISRA population/census totals","OSM building density and development-zone proxy","Planning/local development source inventory","Interpolated between available raster/statistical evidence years"]},"geometry":{"type":"Polygon","coordinates":[[[-6.011818,54.532857],[-5.998182,54.532857],[-5.998182,54.545714],[-6.011818,54.545714],[-6.011818,54.532857]]]}},{"type":"Feature","id":"belfast_01_06_2017","properties":{"cell_id":"belfast_01_06","year":2017,"row":1,"col":6,"population_pressure":0.224,"mobility_strain":0.467,"economic_opportunity":0.068,"environmental_exposure":0.295,"fairness_score":0.38,"development_pressure":0.178,"green_cover":0.358,"bike_access":0.05,"transit_access":0.18,"planning_intensity":0.097,"deprivation_weight":0.0,"population_pressure_delta_2016":0.018,"mobility_strain_delta_2016":0.002,"economic_opportunity_delta_2016":0.0,"environmental_exposure_delta_2016":-0.005,"fairness_score_delta_2016":-0.001,"population_pressure_delta_previous":0.018,"mobility_strain_delta_previous":0.002,"economic_opportunity_delta_previous":0.0,"environmental_exposure_delta_previous":-0.005,"fairness_score_delta_previous":-0.001,"dominant_metric":"population_pressure","dominant_change":"stable","confidence":"low-medium","evidence":["NISRA population/census totals","OSM building density and development-zone proxy","Planning/local development source inventory","Interpolated between available raster/statistical evidence years"]},"geometry":{"type":"Polygon","coordinates":[[[-5.998182,54.532857],[-5.984546,54.532857],[-5.984546,54.545714],[-5.998182,54.545714],[-5.998182,54.532857]]]}},{"type":"Feature","id":"belfast_01_07_2017","properties":{"cell_id":"belfast_01_07","year":2017,"row":1,"col":7,"population_pressure":0.217,"mobility_strain":0.466,"economic_opportunity":0.068,"environmental_exposure":0.298,"fairness_score":0.381,"development_pressure":0.163,"green_cover":0.352,"bike_access":0.05,"transit_access":0.18,"planning_intensity":0.089,"deprivation_weight":0.0,"population_pressure_delta_2016":0.014,"mobility_strain_delta_2016":0.003,"economic_opportunity_delta_2016":0.0,"environmental_exposure_delta_2016":0.005,"fairness_score_delta_2016":0.0,"population_pressure_delta_previous":0.014,"mobility_strain_delta_previous":0.003,"economic_opportunity_delta_previous":0.0,"environmental_exposure_delta_previous":0.005,"fairness_score_delta_previous":0.0,"dominant_metric":"population_pressure","dominant_change":"stable","confidence":"low-medium","evidence":["NISRA population/census totals","OSM building density and development-zone proxy","Planning/local development source inventory","Interpolated between available raster/statistical evidence years"]},"geometry":{"type":"Polygon","coordinates":[[[-5.984545,54.532857],[-5.970909,54.532857],[-5.970909,54.545714],[-5.984545,54.545714],[-5.984545,54.532857]]]}},{"type":"Feature","id":"belfast_01_08_2017","properties":{"cell_id":"belfast_01_08","year":2017,"row":1,"col":8,"population_pressure":0.204,"mobility_strain":0.464,"economic_opportunity":0.068,"environmental_exposure":0.305,"fairness_score":0.381,"development_pressure":0.14,"green_cover":0.328,"bike_access":0.05,"transit_access":0.18,"planning_intensity":0.078,"deprivation_weight":0.0,"population_pressure_delta_2016":0.012,"mobility_strain_delta_2016":0.003,"economic_opportunity_delta_2016":0.0,"environmental_exposure_delta_2016":0.01,"fairness_score_delta_2016":-0.001,"population_pressure_delta_previous":0.012,"mobility_strain_delta_previous":0.003,"economic_opportunity_delta_previous":0.0,"environmental_exposure_delta_previous":0.01,"fairness_score_delta_previous":-0.001,"dominant_metric":"population_pressure","dominant_change":"stable","confidence":"low-medium","evidence":["NISRA population/census totals","OSM building density and development-zone proxy","Planning/local development source inventory","Interpolated between available raster/statistical evidence years"]},"geometry":{"type":"Polygon","coordinates":[[[-5.970909,54.532857],[-5.957273,54.532857],[-5.957273,54.545714],[-5.970909,54.545714],[-5.970909,54.532857]]]}},{"type":"Feature","id":"belfast_01_09_2017","properties":{"cell_id":"belfast_01_09","year":2017,"row":1,"col":9,"population_pressure":0.193,"mobility_strain":0.462,"economic_opportunity":0.068,"environmental_exposure":0.311,"fairness_score":0.382,"development_pressure":0.119,"green_cover":0.31,"bike_access":0.05,"transit_access":0.18,"planning_intensity":0.067,"deprivation_weight":0.0,"population_pressure_delta_2016":0.014,"mobility_strain_delta_2016":0.004,"economic_opportunity_delta_2016":0.0,"environmental_exposure_delta_2016":0.008,"fairness_score_delta_2016":-0.001,"population_pressure_delta_previous":0.014,"mobility_strain_delta_previous":0.004,"economic_opportunity_delta_previous":0.0,"environmental_exposure_delta_previous":0.008,"fairness_score_delta_previous":-0.001,"dominant_metric":"population_pressure","dominant_change":"stable","confidence":"low-medium","evidence":["NISRA population/census totals","OSM building density and development-zone proxy","Planning/local development source inventory","Interpolated between available raster/statistical evidence years"]},"geometry":{"type":"Polygon","coordinates":[[[-5.957273,54.532857],[-5.943637,54.532857],[-5.943637,54.545714],[-5.957273,54.545714],[-5.957273,54.532857]]]}},{"type":"Feature","id":"belfast_01_10_2017","properties":{"cell_id":"belfast_01_10","year":2017,"row":1,"col":10,"population_pressure":0.188,"mobility_strain":0.46,"economic_opportunity":0.068,"environmental_exposure":0.309,"fairness_score":0.382,"development_pressure":0.109,"green_cover":0.317,"bike_access":0.05,"transit_access":0.18,"planning_intensity":0.063,"deprivation_weight":0.0,"population_pressure_delta_2016":0.018,"mobility_strain_delta_2016":0.003,"economic_opportunity_delta_2016":0.0,"environmental_exposure_delta_2016":0.0,"fairness_score_delta_2016":-0.001,"population_pressure_delta_previous":0.018,"mobility_strain_delta_previous":0.003,"economic_opportunity_delta_previous":0.0,"environmental_exposure_delta_previous":0.0,"fairness_score_delta_previous":-0.001,"dominant_metric":"population_pressure","dominant_change":"stable","confidence":"low-medium","evidence":["NISRA population/census totals","OSM building density and development-zone proxy","Planning/local development source inventory","Interpolated between available raster/statistical evidence years"]},"geometry":{"type":"Polygon","coordinates":[[[-5.943636,54.532857],[-5.93,54.532857],[-5.93,54.545714],[-5.943636,54.545714],[-5.943636,54.532857]]]}},{"type":"Feature","id":"belfast_01_11_2017","properties":{"cell_id":"belfast_01_11","year":2017,"row":1,"col":11,"population_pressure":0.192,"mobility_strain":0.46,"economic_opportunity":0.068,"environmental_exposure":0.301,"fairness_score":0.382,"development_pressure":0.117,"green_cover":0.342,"bike_access":0.05,"transit_access":0.18,"planning_intensity":0.066,"deprivation_weight":0.0,"population_pressure_delta_2016":0.023,"mobility_strain_delta_2016":0.004,"economic_opportunity_delta_2016":0.0,"environmental_exposure_delta_2016":-0.006,"fairness_score_delta_2016":-0.001,"population_pressure_delta_previous":0.023,"mobility_strain_delta_previous":0.004,"economic_opportunity_delta_previous":0.0,"environmental_exposure_delta_previous":-0.006,"fairness_score_delta_previous":-0.001,"dominant_metric":"population_pressure","dominant_change":"stable","confidence":"low-medium","evidence":["NISRA population/census totals","OSM building density and development-zone proxy","Planning/local development source inventory","Interpolated between available raster/statistical evidence years"]},"geometry":{"type":"Polygon","coordinates":[[[-5.93,54.532857],[-5.916364,54.532857],[-5.916364,54.545714],[-5.93,54.545714],[-5.93,54.532857]]]}},{"type":"Feature","id":"belfast_01_12_2017","properties":{"cell_id":"belfast_01_12","year":2017,"row":1,"col":12,"population_pressure":0.202,"mobility_strain":0.462,"economic_opportunity":0.068,"environmental_exposure":0.294,"fairness_score":0.382,"development_pressure":0.137,"green_cover":0.362,"bike_access":0.05,"transit_access":0.18,"planning_intensity":0.076,"deprivation_weight":0.0,"population_pressure_delta_2016":0.026,"mobility_strain_delta_2016":0.005,"economic_opportunity_delta_2016":0.0,"environmental_exposure_delta_2016":-0.005,"fairness_score_delta_2016":-0.001,"population_pressure_delta_previous":0.026,"mobility_strain_delta_previous":0.005,"economic_opportunity_delta_previous":0.0,"environmental_exposure_delta_previous":-0.005,"fairness_score_delta_previous":-0.001,"dominant_metric":"population_pressure","dominant_change":"stable","confidence":"low-medium","evidence":["NISRA population/census totals","OSM building density and development-zone proxy","Planning/local development source inventory","Interpolated between available raster/statistical evidence years"]},"geometry":{"type":"Polygon","coordinates":[[[-5.916364,54.532857],[-5.902728,54.532857],[-5.902728,54.545714],[-5.916364,54.545714],[-5.916364,54.532857]]]}},{"type":"Feature","id":"belfast_01_13_2017","properties":{"cell_id":"belfast_01_13","year":2017,"row":1,"col":13,"population_pressure":0.215,"mobility_strain":0.465,"economic_opportunity":0.068,"environmental_exposure":0.296,"fairness_score":0.381,"development_pressure":0.161,"green_cover":0.357,"bike_access":0.05,"transit_access":0.18,"planning_intensity":0.088,"deprivation_weight":0.0,"population_pressure_delta_2016":0.026,"mobility_strain_delta_2016":0.006,"economic_opportunity_delta_2016":0.0,"environmental_exposure_delta_2016":0.003,"fairness_score_delta_2016":-0.002,"population_pressure_delta_previous":0.026,"mobility_strain_delta_previous":0.006,"economic_opportunity_delta_previous":0.0,"environmental_exposure_delta_previous":0.003,"fairness_score_delta_previous":-0.002,"dominant_metric":"population_pressure","dominant_change":"stable","confidence":"low-medium","evidence":["NISRA population/census totals","OSM building density and development-zone proxy","Planning/local development source inventory","Interpolated between available raster/statistical evidence years"]},"geometry":{"type":"Polygon","coordinates":[[[-5.902727,54.532857],[-5.889091,54.532857],[-5.889091,54.545714],[-5.902727,54.545714],[-5.902727,54.532857]]]}},{"type":"Feature","id":"belfast_01_14_2017","properties":{"cell_id":"belfast_01_14","year":2017,"row":1,"col":14,"population_pressure":0.224,"mobility_strain":0.469,"economic_opportunity":0.068,"environmental_exposure":0.305,"fairness_score":0.38,"development_pressure":0.177,"green_cover":0.33,"bike_access":0.05,"transit_access":0.18,"planning_intensity":0.096,"deprivation_weight":0.0,"population_pressure_delta_2016":0.024,"mobility_strain_delta_2016":0.006,"economic_opportunity_delta_2016":0.0,"environmental_exposure_delta_2016":0.011,"fairness_score_delta_2016":-0.002,"population_pressure_delta_previous":0.024,"mobility_strain_delta_previous":0.006,"economic_opportunity_delta_previous":0.0,"environmental_exposure_delta_previous":0.011,"fairness_score_delta_previous":-0.002,"dominant_metric":"population_pressure","dominant_change":"stable","confidence":"low-medium","evidence":["NISRA population/census totals","OSM building density and development-zone proxy","Planning/local development source inventory","Interpolated between available raster/statistical evidence years"]},"geometry":{"type":"Polygon","coordinates":[[[-5.889091,54.532857],[-5.875455,54.532857],[-5.875455,54.545714],[-5.889091,54.545714],[-5.889091,54.532857]]]}},{"type":"Feature","id":"belfast_01_15_2017","properties":{"cell_id":"belfast_01_15","year":2017,"row":1,"col":15,"population_pressure":0.224,"mobility_strain":0.47,"economic_opportunity":0.068,"environmental_exposure":0.313,"fairness_score":0.379,"development_pressure":0.178,"green_cover":0.304,"bike_access":0.05,"transit_access":0.18,"planning_intensity":0.097,"deprivation_weight":0.0,"population_pressure_delta_2016":0.018,"mobility_strain_delta_2016":0.005,"economic_opportunity_delta_2016":0.0,"environmental_exposure_delta_2016":0.01,"fairness_score_delta_2016":-0.002,"population_pressure_delta_previous":0.018,"mobility_strain_delta_previous":0.005,"economic_opportunity_delta_previous":0.0,"environmental_exposure_delta_previous":0.01,"fairness_score_delta_previous":-0.002,"dominant_metric":"population_pressure","dominant_change":"stable","confidence":"low-medium","evidence":["NISRA population/census totals","OSM building density and development-zone proxy","Planning/local development source inventory","Interpolated between available raster/statistical evidence years"]},"geometry":{"type":"Polygon","coordinates":[[[-5.875455,54.532857],[-5.861819,54.532857],[-5.861819,54.545714],[-5.875455,54.545714],[-5.875455,54.532857]]]}},{"type":"Feature","id":"belfast_01_16_2017","properties":{"cell_id":"belfast_01_16","year":2017,"row":1,"col":16,"population_pressure":0.216,"mobility_strain":0.468,"economic_opportunity":0.068,"environmental_exposure":0.313,"fairness_score":0.38,"development_pressure":0.163,"green_cover":0.303,"bike_access":0.05,"transit_access":0.18,"planning_intensity":0.089,"deprivation_weight":0.0,"population_pressure_delta_2016":0.014,"mobility_strain_delta_2016":0.002,"economic_opportunity_delta_2016":0.0,"environmental_exposure_delta_2016":0.002,"fairness_score_delta_2016":-0.001,"population_pressure_delta_previous":0.014,"mobility_strain_delta_previous":0.002,"economic_opportunity_delta_previous":0.0,"environmental_exposure_delta_previous":0.002,"fairness_score_delta_previous":-0.001,"dominant_metric":"population_pressure","dominant_change":"stable","confidence":"low-medium","evidence":["NISRA population/census totals","OSM building density and development-zone proxy","Planning/local development source inventory","Interpolated between available raster/statistical evidence years"]},"geometry":{"type":"Polygon","coordinates":[[[-5.861818,54.532857],[-5.848182,54.532857],[-5.848182,54.545714],[-5.861818,54.545714],[-5.861818,54.532857]]]}},{"type":"Feature","id":"belfast_01_17_2017","properties":{"cell_id":"belfast_01_17","year":2017,"row":1,"col":17,"population_pressure":0.204,"mobility_strain":0.463,"economic_opportunity":0.068,"environmental_exposure":0.305,"fairness_score":0.381,"development_pressure":0.139,"green_cover":0.33,"bike_access":0.05,"transit_access":0.18,"planning_intensity":0.077,"deprivation_weight":0.0,"population_pressure_delta_2016":0.012,"mobility_strain_delta_2016":0.0,"economic_opportunity_delta_2016":0.0,"environmental_exposure_delta_2016":-0.006,"fairness_score_delta_2016":0.0,"population_pressure_delta_previous":0.012,"mobility_strain_delta_previous":0.0,"economic_opportunity_delta_previous":0.0,"environmental_exposure_delta_previous":-0.006,"fairness_score_delta_previous":0.0,"dominant_metric":"population_pressure","dominant_change":"stable","confidence":"low-medium","evidence":["NISRA population/census totals","OSM building density and development-zone proxy","Planning/local development source inventory","Interpolated between available raster/statistical evidence years"]},"geometry":{"type":"Polygon","coordinates":[[[-5.848182,54.532857],[-5.834546,54.532857],[-5.834546,54.545714],[-5.848182,54.545714],[-5.848182,54.532857]]]}},{"type":"Feature","id":"belfast_01_18_2017","properties":{"cell_id":"belfast_01_18","year":2017,"row":1,"col":18,"population_pressure":0.192,"mobility_strain":0.459,"economic_opportunity":0.068,"environmental_exposure":0.294,"fairness_score":0.383,"development_pressure":0.118,"green_cover":0.361,"bike_access":0.05,"transit_access":0.18,"planning_intensity":0.067,"deprivation_weight":0.0,"population_pressure_delta_2016":0.013,"mobility_strain_delta_2016":0.001,"economic_opportunity_delta_2016":0.0,"environmental_exposure_delta_2016":-0.008,"fairness_score_delta_2016":0.0,"population_pressure_delta_previous":0.013,"mobility_strain_delta_previous":0.001,"economic_opportunity_delta_previous":0.0,"environmental_exposure_delta_previous":-0.008,"fairness_score_delta_previous":0.0,"dominant_metric":"population_pressure","dominant_change":"stable","confidence":"low-medium","evidence":["NISRA population/census totals","OSM building density and development-zone proxy","Planning/local development source inventory","Interpolated between available raster/statistical evidence years"]},"geometry":{"type":"Polygon","coordinates":[[[-5.834545,54.532857],[-5.820909,54.532857],[-5.820909,54.545714],[-5.834545,54.545714],[-5.834545,54.532857]]]}},{"type":"Feature","id":"belfast_01_19_2017","properties":{"cell_id":"belfast_01_19","year":2017,"row":1,"col":19,"population_pressure":0.188,"mobility_strain":0.457,"economic_opportunity":0.068,"environmental_exposure":0.292,"fairness_score":0.383,"development_pressure":0.109,"green_cover":0.37,"bike_access":0.05,"transit_access":0.18,"planning_intensity":0.063,"deprivation_weight":0.0,"population_pressure_delta_2016":0.018,"mobility_strain_delta_2016":0.003,"economic_opportunity_delta_2016":0.0,"environmental_exposure_delta_2016":0.0,"fairness_score_delta_2016":-0.001,"population_pressure_delta_previous":0.018,"mobility_strain_delta_previous":0.003,"economic_opportunity_delta_previous":0.0,"environmental_exposure_delta_previous":0.0,"fairness_score_delta_previous":-0.001,"dominant_metric":"population_pressure","dominant_change":"stable","confidence":"low-medium","evidence":["NISRA population/census totals","OSM building density and development-zone proxy","Planning/local development source inventory","Interpolated between available raster/statistical evidence years"]},"geometry":{"type":"Polygon","coordinates":[[[-5.820909,54.532857],[-5.807273,54.532857],[-5.807273,54.545714],[-5.820909,54.545714],[-5.820909,54.532857]]]}},{"type":"Feature","id":"belfast_01_20_2017","properties":{"cell_id":"belfast_01_20","year":2017,"row":1,"col":20,"population_pressure":0.192,"mobility_strain":0.459,"economic_opportunity":0.068,"environmental_exposure":0.298,"fairness_score":0.383,"development_pressure":0.117,"green_cover":0.349,"bike_access":0.05,"transit_access":0.18,"planning_intensity":0.066,"deprivation_weight":0.0,"population_pressure_delta_2016":0.023,"mobility_strain_delta_2016":0.005,"economic_opportunity_delta_2016":0.0,"environmental_exposure_delta_2016":0.008,"fairness_score_delta_2016":-0.001,"population_pressure_delta_previous":0.023,"mobility_strain_delta_previous":0.005,"economic_opportunity_delta_previous":0.0,"environmental_exposure_delta_previous":0.008,"fairness_score_delta_previous":-0.001,"dominant_metric":"population_pressure","dominant_change":"stable","confidence":"low-medium","evidence":["NISRA population/census totals","OSM building density and development-zone proxy","Planning/local development source inventory","Interpolated between available raster/statistical evidence years"]},"geometry":{"type":"Polygon","coordinates":[[[-5.807273,54.532857],[-5.793637,54.532857],[-5.793637,54.545714],[-5.807273,54.545714],[-5.807273,54.532857]]]}},{"type":"Feature","id":"belfast_01_21_2017","properties":{"cell_id":"belfast_01_21","year":2017,"row":1,"col":21,"population_pressure":0.203,"mobility_strain":0.464,"economic_opportunity":0.068,"environmental_exposure":0.309,"fairness_score":0.381,"development_pressure":0.137,"green_cover":0.317,"bike_access":0.05,"transit_access":0.18,"planning_intensity":0.077,"deprivation_weight":0.0,"population_pressure_delta_2016":0.026,"mobility_strain_delta_2016":0.007,"economic_opportunity_delta_2016":0.0,"environmental_exposure_delta_2016":0.012,"fairness_score_delta_2016":-0.002,"population_pressure_delta_previous":0.026,"mobility_strain_delta_previous":0.007,"economic_opportunity_delta_previous":0.0,"environmental_exposure_delta_previous":0.012,"fairness_score_delta_previous":-0.002,"dominant_metric":"population_pressure","dominant_change":"stable","confidence":"low-medium","evidence":["NISRA population/census totals","OSM building density and development-zone proxy","Planning/local development source inventory","Interpolated between available raster/statistical evidence years"]},"geometry":{"type":"Polygon","coordinates":[[[-5.793636,54.532857],[-5.78,54.532857],[-5.78,54.545714],[-5.793636,54.545714],[-5.793636,54.532857]]]}},{"type":"Feature","id":"belfast_02_00_2017","properties":{"cell_id":"belfast_02_00","year":2017,"row":2,"col":0,"population_pressure":0.191,"mobility_strain":0.458,"economic_opportunity":0.068,"environmental_exposure":0.292,"fairness_score":0.383,"development_pressure":0.116,"green_cover":0.369,"bike_access":0.05,"transit_access":0.18,"planning_intensity":0.066,"deprivation_weight":0.0,"population_pressure_delta_2016":0.022,"mobility_strain_delta_2016":0.004,"economic_opportunity_delta_2016":0.0,"environmental_exposure_delta_2016":-0.001,"fairness_score_delta_2016":-0.001,"population_pressure_delta_previous":0.022,"mobility_strain_delta_previous":0.004,"economic_opportunity_delta_previous":0.0,"environmental_exposure_delta_previous":-0.001,"fairness_score_delta_previous":-0.001,"dominant_metric":"population_pressure","dominant_change":"stable","confidence":"low-medium","evidence":["NISRA population/census totals","OSM building density and development-zone proxy","Planning/local development source inventory","Interpolated between available raster/statistical evidence years"]},"geometry":{"type":"Polygon","coordinates":[[[-6.08,54.545714],[-6.066364,54.545714],[-6.066364,54.558571],[-6.08,54.558571],[-6.08,54.545714]]]}},{"type":"Feature","id":"belfast_02_01_2017","properties":{"cell_id":"belfast_02_01","year":2017,"row":2,"col":1,"population_pressure":0.202,"mobility_strain":0.462,"economic_opportunity":0.068,"environmental_exposure":0.298,"fairness_score":0.382,"development_pressure":0.136,"green_cover":0.349,"bike_access":0.05,"transit_access":0.18,"planning_intensity":0.076,"deprivation_weight":0.0,"population_pressure_delta_2016":0.026,"mobility_strain_delta_2016":0.006,"economic_opportunity_delta_2016":0.0,"environmental_exposure_delta_2016":0.007,"fairness_score_delta_2016":-0.002,"population_pressure_delta_previous":0.026,"mobility_strain_delta_previous":0.006,"economic_opportunity_delta_previous":0.0,"environmental_exposure_delta_previous":0.007,"fairness_score_delta_previous":-0.002,"dominant_metric":"population_pressure","dominant_change":"stable","confidence":"low-medium","evidence":["NISRA population/census totals","OSM building density and development-zone proxy","Planning/local development source inventory","Interpolated between available raster/statistical evidence years"]},"geometry":{"type":"Polygon","coordinates":[[[-6.066364,54.545714],[-6.052728,54.545714],[-6.052728,54.558571],[-6.066364,54.558571],[-6.066364,54.545714]]]}},{"type":"Feature","id":"belfast_02_02_2017","properties":{"cell_id":"belfast_02_02","year":2017,"row":2,"col":2,"population_pressure":0.215,"mobility_strain":0.467,"economic_opportunity":0.068,"environmental_exposure":0.309,"fairness_score":0.38,"development_pressure":0.16,"green_cover":0.316,"bike_access":0.05,"transit_access":0.18,"planning_intensity":0.088,"deprivation_weight":0.0,"population_pressure_delta_2016":0.027,"mobility_strain_delta_2016":0.007,"economic_opportunity_delta_2016":0.0,"environmental_exposure_delta_2016":0.012,"fairness_score_delta_2016":-0.002,"population_pressure_delta_previous":0.027,"mobility_strain_delta_previous":0.007,"economic_opportunity_delta_previous":0.0,"environmental_exposure_delta_previous":0.012,"fairness_score_delta_previous":-0.002,"dominant_metric":"population_pressure","dominant_change":"stable","confidence":"low-medium","evidence":["NISRA population/census totals","OSM building density and development-zone proxy","Planning/local development source inventory","Interpolated between available raster/statistical evidence years"]},"geometry":{"type":"Polygon","coordinates":[[[-6.052727,54.545714],[-6.039091,54.545714],[-6.039091,54.558571],[-6.052727,54.558571],[-6.052727,54.545714]]]}},{"type":"Feature","id":"belfast_02_03_2017","properties":{"cell_id":"belfast_02_03","year":2017,"row":2,"col":3,"population_pressure":0.224,"mobility_strain":0.47,"economic_opportunity":0.068,"environmental_exposure":0.315,"fairness_score":0.379,"development_pressure":0.177,"green_cover":0.299,"bike_access":0.05,"transit_access":0.18,"planning_intensity":0.096,"deprivation_weight":0.0,"population_pressure_delta_2016":0.024,"mobility_strain_delta_2016":0.005,"economic_opportunity_delta_2016":0.0,"environmental_exposure_delta_2016":0.007,"fairness_score_delta_2016":-0.002,"population_pressure_delta_previous":0.024,"mobility_strain_delta_previous":0.005,"economic_opportunity_delta_previous":0.0,"environmental_exposure_delta_previous":0.007,"fairness_score_delta_previous":-0.002,"dominant_metric":"population_pressure","dominant_change":"stable","confidence":"low-medium","evidence":["NISRA population/census totals","OSM building density and development-zone proxy","Planning/local development source inventory","Interpolated between available raster/statistical evidence years"]},"geometry":{"type":"Polygon","coordinates":[[[-6.039091,54.545714],[-6.025455,54.545714],[-6.025455,54.558571],[-6.039091,54.558571],[-6.039091,54.545714]]]}},{"type":"Feature","id":"belfast_02_04_2017","properties":{"cell_id":"belfast_02_04","year":2017,"row":2,"col":4,"population_pressure":0.224,"mobility_strain":0.47,"economic_opportunity":0.068,"environmental_exposure":0.311,"fairness_score":0.377,"development_pressure":0.178,"green_cover":0.311,"bike_access":0.05,"transit_access":0.18,"planning_intensity":0.097,"deprivation_weight":0.017,"population_pressure_delta_2016":0.018,"mobility_strain_delta_2016":0.003,"economic_opportunity_delta_2016":0.0,"environmental_exposure_delta_2016":-0.002,"fairness_score_delta_2016":-0.001,"population_pressure_delta_previous":0.018,"mobility_strain_delta_previous":0.003,"economic_opportunity_delta_previous":0.0,"environmental_exposure_delta_previous":-0.002,"fairness_score_delta_previous":-0.001,"dominant_metric":"population_pressure","dominant_change":"stable","confidence":"low-medium","evidence":["NISRA population/census totals","OSM building density and development-zone proxy","Planning/local development source inventory","Interpolated between available raster/statistical evidence years"]},"geometry":{"type":"Polygon","coordinates":[[[-6.025455,54.545714],[-6.011819,54.545714],[-6.011819,54.558571],[-6.025455,54.558571],[-6.025455,54.545714]]]}},{"type":"Feature","id":"belfast_02_05_2017","properties":{"cell_id":"belfast_02_05","year":2017,"row":2,"col":5,"population_pressure":0.217,"mobility_strain":0.466,"economic_opportunity":0.068,"environmental_exposure":0.301,"fairness_score":0.361,"development_pressure":0.163,"green_cover":0.342,"bike_access":0.05,"transit_access":0.18,"planning_intensity":0.089,"deprivation_weight":0.128,"population_pressure_delta_2016":0.014,"mobility_strain_delta_2016":0.001,"economic_opportunity_delta_2016":0.0,"environmental_exposure_delta_2016":-0.008,"fairness_score_delta_2016":0.0,"population_pressure_delta_previous":0.014,"mobility_strain_delta_previous":0.001,"economic_opportunity_delta_previous":0.0,"environmental_exposure_delta_previous":-0.008,"fairness_score_delta_previous":0.0,"dominant_metric":"population_pressure","dominant_change":"stable","confidence":"low-medium","evidence":["NISRA population/census totals","OSM building density and development-zone proxy","Planning/local development source inventory","Interpolated between available raster/statistical evidence years"]},"geometry":{"type":"Polygon","coordinates":[[[-6.011818,54.545714],[-5.998182,54.545714],[-5.998182,54.558571],[-6.011818,54.558571],[-6.011818,54.545714]]]}},{"type":"Feature","id":"belfast_02_06_2017","properties":{"cell_id":"belfast_02_06","year":2017,"row":2,"col":6,"population_pressure":0.204,"mobility_strain":0.462,"economic_opportunity":0.068,"environmental_exposure":0.293,"fairness_score":0.351,"development_pressure":0.14,"green_cover":0.365,"bike_access":0.05,"transit_access":0.18,"planning_intensity":0.078,"deprivation_weight":0.207,"population_pressure_delta_2016":0.012,"mobility_strain_delta_2016":0.001,"economic_opportunity_delta_2016":0.0,"environmental_exposure_delta_2016":-0.005,"fairness_score_delta_2016":0.0,"population_pressure_delta_previous":0.012,"mobility_strain_delta_previous":0.001,"economic_opportunity_delta_previous":0.0,"environmental_exposure_delta_previous":-0.005,"fairness_score_delta_previous":0.0,"dominant_metric":"population_pressure","dominant_change":"stable","confidence":"low-medium","evidence":["NISRA population/census totals","OSM building density and development-zone proxy","Planning/local development source inventory","Interpolated between available raster/statistical evidence years"]},"geometry":{"type":"Polygon","coordinates":[[[-5.998182,54.545714],[-5.984546,54.545714],[-5.984546,54.558571],[-5.998182,54.558571],[-5.998182,54.545714]]]}},{"type":"Feature","id":"belfast_02_07_2017","properties":{"cell_id":"belfast_02_07","year":2017,"row":2,"col":7,"population_pressure":0.195,"mobility_strain":0.461,"economic_opportunity":0.068,"environmental_exposure":0.296,"fairness_score":0.346,"development_pressure":0.122,"green_cover":0.359,"bike_access":0.05,"transit_access":0.18,"planning_intensity":0.07,"deprivation_weight":0.241,"population_pressure_delta_2016":0.014,"mobility_strain_delta_2016":0.003,"economic_opportunity_delta_2016":0.0,"environmental_exposure_delta_2016":0.004,"fairness_score_delta_2016":0.0,"population_pressure_delta_previous":0.014,"mobility_strain_delta_previous":0.003,"economic_opportunity_delta_previous":0.0,"environmental_exposure_delta_previous":0.004,"fairness_score_delta_previous":0.0,"dominant_metric":"population_pressure","dominant_change":"stable","confidence":"low-medium","evidence":["NISRA population/census totals","OSM building density and development-zone proxy","Planning/local development source inventory","Interpolated between available raster/statistical evidence years"]},"geometry":{"type":"Polygon","coordinates":[[[-5.984545,54.545714],[-5.970909,54.545714],[-5.970909,54.558571],[-5.984545,54.558571],[-5.984545,54.545714]]]}},{"type":"Feature","id":"belfast_02_08_2017","properties":{"cell_id":"belfast_02_08","year":2017,"row":2,"col":8,"population_pressure":0.215,"mobility_strain":0.478,"economic_opportunity":0.078,"environmental_exposure":0.317,"fairness_score":0.346,"development_pressure":0.144,"green_cover":0.327,"bike_access":0.054,"transit_access":0.188,"planning_intensity":0.085,"deprivation_weight":0.226,"population_pressure_delta_2016":0.019,"mobility_strain_delta_2016":0.005,"economic_opportunity_delta_2016":0.0,"environmental_exposure_delta_2016":0.011,"fairness_score_delta_2016":-0.002,"population_pressure_delta_previous":0.019,"mobility_strain_delta_previous":0.005,"economic_opportunity_delta_previous":0.0,"environmental_exposure_delta_previous":0.011,"fairness_score_delta_previous":-0.002,"dominant_metric":"population_pressure","dominant_change":"stable","confidence":"low-medium","evidence":["NISRA population/census totals","OSM building density and development-zone proxy","Planning/local development source inventory","Interpolated between available raster/statistical evidence years"]},"geometry":{"type":"Polygon","coordinates":[[[-5.970909,54.545714],[-5.957273,54.545714],[-5.957273,54.558571],[-5.970909,54.558571],[-5.970909,54.545714]]]}},{"type":"Feature","id":"belfast_02_09_2017","properties":{"cell_id":"belfast_02_09","year":2017,"row":2,"col":9,"population_pressure":0.241,"mobility_strain":0.494,"economic_opportunity":0.122,"environmental_exposure":0.33,"fairness_score":0.364,"development_pressure":0.175,"green_cover":0.316,"bike_access":0.059,"transit_access":0.197,"planning_intensity":0.102,"deprivation_weight":0.164,"population_pressure_delta_2016":0.025,"mobility_strain_delta_2016":0.007,"economic_opportunity_delta_2016":0.0,"environmental_exposure_delta_2016":0.01,"fairness_score_delta_2016":-0.002,"population_pressure_delta_previous":0.025,"mobility_strain_delta_previous":0.007,"economic_opportunity_delta_previous":0.0,"environmental_exposure_delta_previous":0.01,"fairness_score_delta_previous":-0.002,"dominant_metric":"population_pressure","dominant_change":"stable","confidence":"low-medium","evidence":["NISRA population/census totals","OSM building density and development-zone proxy","Planning/local development source inventory","Interpolated between available raster/statistical evidence years"]},"geometry":{"type":"Polygon","coordinates":[[[-5.957273,54.545714],[-5.943637,54.545714],[-5.943637,54.558571],[-5.957273,54.558571],[-5.957273,54.545714]]]}},{"type":"Feature","id":"belfast_02_10_2017","properties":{"cell_id":"belfast_02_10","year":2017,"row":2,"col":10,"population_pressure":0.266,"mobility_strain":0.501,"economic_opportunity":0.139,"environmental_exposure":0.33,"fairness_score":0.382,"development_pressure":0.205,"green_cover":0.347,"bike_access":0.062,"transit_access":0.202,"planning_intensity":0.147,"deprivation_weight":0.065,"population_pressure_delta_2016":0.029,"mobility_strain_delta_2016":0.006,"economic_opportunity_delta_2016":0.0,"environmental_exposure_delta_2016":0.001,"fairness_score_delta_2016":-0.002,"population_pressure_delta_previous":0.029,"mobility_strain_delta_previous":0.006,"economic_opportunity_delta_previous":0.0,"environmental_exposure_delta_previous":0.001,"fairness_score_delta_previous":-0.002,"dominant_metric":"population_pressure","dominant_change":"stable","confidence":"low-medium","evidence":["NISRA population/census totals","OSM building density and development-zone proxy","Planning/local development source inventory","Interpolated between available raster/statistical evidence years"]},"geometry":{"type":"Polygon","coordinates":[[[-5.943636,54.545714],[-5.93,54.545714],[-5.93,54.558571],[-5.943636,54.558571],[-5.943636,54.545714]]]}},{"type":"Feature","id":"belfast_02_11_2017","properties":{"cell_id":"belfast_02_11","year":2017,"row":2,"col":11,"population_pressure":0.282,"mobility_strain":0.5,"economic_opportunity":0.128,"environmental_exposure":0.398,"fairness_score":0.388,"development_pressure":0.224,"green_cover":0.383,"bike_access":0.062,"transit_access":0.202,"planning_intensity":0.198,"deprivation_weight":0.0,"population_pressure_delta_2016":0.029,"mobility_strain_delta_2016":0.005,"economic_opportunity_delta_2016":0.0,"environmental_exposure_delta_2016":-0.005,"fairness_score_delta_2016":-0.002,"population_pressure_delta_previous":0.029,"mobility_strain_delta_previous":0.005,"economic_opportunity_delta_previous":0.0,"environmental_exposure_delta_previous":-0.005,"fairness_score_delta_previous":-0.002,"dominant_metric":"population_pressure","dominant_change":"stable","confidence":"low-medium","evidence":["NISRA population/census totals","OSM building density and development-zone proxy","Planning/local development source inventory","Interpolated between available raster/statistical evidence years"]},"geometry":{"type":"Polygon","coordinates":[[[-5.93,54.545714],[-5.916364,54.545714],[-5.916364,54.558571],[-5.93,54.558571],[-5.93,54.545714]]]}},{"type":"Feature","id":"belfast_02_12_2017","properties":{"cell_id":"belfast_02_12","year":2017,"row":2,"col":12,"population_pressure":0.276,"mobility_strain":0.491,"economic_opportunity":0.091,"environmental_exposure":0.393,"fairness_score":0.38,"development_pressure":0.22,"green_cover":0.408,"bike_access":0.059,"transit_access":0.197,"planning_intensity":0.199,"deprivation_weight":0.0,"population_pressure_delta_2016":0.025,"mobility_strain_delta_2016":0.004,"economic_opportunity_delta_2016":0.0,"environmental_exposure_delta_2016":-0.005,"fairness_score_delta_2016":-0.001,"population_pressure_delta_previous":0.025,"mobility_strain_delta_previous":0.004,"economic_opportunity_delta_previous":0.0,"environmental_exposure_delta_previous":-0.005,"fairness_score_delta_previous":-0.001,"dominant_metric":"population_pressure","dominant_change":"stable","confidence":"low-medium","evidence":["NISRA population/census totals","OSM building density and development-zone proxy","Planning/local development source inventory","Interpolated between available raster/statistical evidence years"]},"geometry":{"type":"Polygon","coordinates":[[[-5.916364,54.545714],[-5.902728,54.545714],[-5.902728,54.558571],[-5.916364,54.558571],[-5.916364,54.545714]]]}},{"type":"Feature","id":"belfast_02_13_2017","properties":{"cell_id":"belfast_02_13","year":2017,"row":2,"col":13,"population_pressure":0.244,"mobility_strain":0.475,"economic_opportunity":0.074,"environmental_exposure":0.318,"fairness_score":0.38,"development_pressure":0.19,"green_cover":0.383,"bike_access":0.054,"transit_access":0.188,"planning_intensity":0.142,"deprivation_weight":0.0,"population_pressure_delta_2016":0.018,"mobility_strain_delta_2016":0.004,"economic_opportunity_delta_2016":0.0,"environmental_exposure_delta_2016":0.002,"fairness_score_delta_2016":-0.001,"population_pressure_delta_previous":0.018,"mobility_strain_delta_previous":0.004,"economic_opportunity_delta_previous":0.0,"environmental_exposure_delta_previous":0.002,"fairness_score_delta_previous":-0.001,"dominant_metric":"population_pressure","dominant_change":"stable","confidence":"low-medium","evidence":["NISRA population/census totals","OSM building density and development-zone proxy","Planning/local development source inventory","Interpolated between available raster/statistical evidence years"]},"geometry":{"type":"Polygon","coordinates":[[[-5.902727,54.545714],[-5.889091,54.545714],[-5.889091,54.558571],[-5.902727,54.558571],[-5.902727,54.545714]]]}},{"type":"Feature","id":"belfast_02_14_2017","properties":{"cell_id":"belfast_02_14","year":2017,"row":2,"col":14,"population_pressure":0.216,"mobility_strain":0.467,"economic_opportunity":0.068,"environmental_exposure":0.304,"fairness_score":0.38,"development_pressure":0.163,"green_cover":0.332,"bike_access":0.05,"transit_access":0.18,"planning_intensity":0.089,"deprivation_weight":0.0,"population_pressure_delta_2016":0.014,"mobility_strain_delta_2016":0.004,"economic_opportunity_delta_2016":0.0,"environmental_exposure_delta_2016":0.009,"fairness_score_delta_2016":-0.001,"population_pressure_delta_previous":0.014,"mobility_strain_delta_previous":0.004,"economic_opportunity_delta_previous":0.0,"environmental_exposure_delta_previous":0.009,"fairness_score_delta_previous":-0.001,"dominant_metric":"population_pressure","dominant_change":"stable","confidence":"low-medium","evidence":["NISRA population/census totals","OSM building density and development-zone proxy","Planning/local development source inventory","Interpolated between available raster/statistical evidence years"]},"geometry":{"type":"Polygon","coordinates":[[[-5.889091,54.545714],[-5.875455,54.545714],[-5.875455,54.558571],[-5.889091,54.558571],[-5.889091,54.545714]]]}},{"type":"Feature","id":"belfast_02_15_2017","properties":{"cell_id":"belfast_02_15","year":2017,"row":2,"col":15,"population_pressure":0.204,"mobility_strain":0.464,"economic_opportunity":0.068,"environmental_exposure":0.311,"fairness_score":0.381,"development_pressure":0.139,"green_cover":0.311,"bike_access":0.05,"transit_access":0.18,"planning_intensity":0.077,"deprivation_weight":0.0,"population_pressure_delta_2016":0.012,"mobility_strain_delta_2016":0.002,"economic_opportunity_delta_2016":0.0,"environmental_exposure_delta_2016":0.009,"fairness_score_delta_2016":-0.001,"population_pressure_delta_previous":0.012,"mobility_strain_delta_previous":0.002,"economic_opportunity_delta_previous":0.0,"environmental_exposure_delta_previous":0.009,"fairness_score_delta_previous":-0.001,"dominant_metric":"population_pressure","dominant_change":"stable","confidence":"low-medium","evidence":["NISRA population/census totals","OSM building density and development-zone proxy","Planning/local development source inventory","Interpolated between available raster/statistical evidence years"]},"geometry":{"type":"Polygon","coordinates":[[[-5.875455,54.545714],[-5.861819,54.545714],[-5.861819,54.558571],[-5.875455,54.558571],[-5.875455,54.545714]]]}},{"type":"Feature","id":"belfast_02_16_2017","properties":{"cell_id":"belfast_02_16","year":2017,"row":2,"col":16,"population_pressure":0.192,"mobility_strain":0.461,"economic_opportunity":0.068,"environmental_exposure":0.311,"fairness_score":0.382,"development_pressure":0.118,"green_cover":0.311,"bike_access":0.05,"transit_access":0.18,"planning_intensity":0.067,"deprivation_weight":0.0,"population_pressure_delta_2016":0.013,"mobility_strain_delta_2016":0.002,"economic_opportunity_delta_2016":0.0,"environmental_exposure_delta_2016":0.002,"fairness_score_delta_2016":-0.001,"population_pressure_delta_previous":0.013,"mobility_strain_delta_previous":0.002,"economic_opportunity_delta_previous":0.0,"environmental_exposure_delta_previous":0.002,"fairness_score_delta_previous":-0.001,"dominant_metric":"population_pressure","dominant_change":"stable","confidence":"low-medium","evidence":["NISRA population/census totals","OSM building density and development-zone proxy","Planning/local development source inventory","Interpolated between available raster/statistical evidence years"]},"geometry":{"type":"Polygon","coordinates":[[[-5.861818,54.545714],[-5.848182,54.545714],[-5.848182,54.558571],[-5.861818,54.558571],[-5.861818,54.545714]]]}},{"type":"Feature","id":"belfast_02_17_2017","properties":{"cell_id":"belfast_02_17","year":2017,"row":2,"col":17,"population_pressure":0.188,"mobility_strain":0.459,"economic_opportunity":0.068,"environmental_exposure":0.303,"fairness_score":0.383,"development_pressure":0.109,"green_cover":0.335,"bike_access":0.05,"transit_access":0.18,"planning_intensity":0.063,"deprivation_weight":0.0,"population_pressure_delta_2016":0.018,"mobility_strain_delta_2016":0.002,"economic_opportunity_delta_2016":0.0,"environmental_exposure_delta_2016":-0.006,"fairness_score_delta_2016":0.0,"population_pressure_delta_previous":0.018,"mobility_strain_delta_previous":0.002,"economic_opportunity_delta_previous":0.0,"environmental_exposure_delta_previous":-0.006,"fairness_score_delta_previous":0.0,"dominant_metric":"population_pressure","dominant_change":"stable","confidence":"low-medium","evidence":["NISRA population/census totals","OSM building density and development-zone proxy","Planning/local development source inventory","Interpolated between available raster/statistical evidence years"]},"geometry":{"type":"Polygon","coordinates":[[[-5.848182,54.545714],[-5.834546,54.545714],[-5.834546,54.558571],[-5.848182,54.558571],[-5.848182,54.545714]]]}},{"type":"Feature","id":"belfast_02_18_2017","properties":{"cell_id":"belfast_02_18","year":2017,"row":2,"col":18,"population_pressure":0.192,"mobility_strain":0.459,"economic_opportunity":0.068,"environmental_exposure":0.294,"fairness_score":0.383,"development_pressure":0.117,"green_cover":0.361,"bike_access":0.05,"transit_access":0.18,"planning_intensity":0.066,"deprivation_weight":0.0,"population_pressure_delta_2016":0.023,"mobility_strain_delta_2016":0.003,"economic_opportunity_delta_2016":0.0,"environmental_exposure_delta_2016":-0.007,"fairness_score_delta_2016":-0.001,"population_pressure_delta_previous":0.023,"mobility_strain_delta_previous":0.003,"economic_opportunity_delta_previous":0.0,"environmental_exposure_delta_previous":-0.007,"fairness_score_delta_previous":-0.001,"dominant_metric":"population_pressure","dominant_change":"stable","confidence":"low-medium","evidence":["NISRA population/census totals","OSM building density and development-zone proxy","Planning/local development source inventory","Interpolated between available raster/statistical evidence years"]},"geometry":{"type":"Polygon","coordinates":[[[-5.834545,54.545714],[-5.820909,54.545714],[-5.820909,54.558571],[-5.834545,54.558571],[-5.834545,54.545714]]]}},{"type":"Feature","id":"belfast_02_19_2017","properties":{"cell_id":"belfast_02_19","year":2017,"row":2,"col":19,"population_pressure":0.203,"mobility_strain":0.461,"economic_opportunity":0.068,"environmental_exposure":0.293,"fairness_score":0.382,"development_pressure":0.137,"green_cover":0.365,"bike_access":0.05,"transit_access":0.18,"planning_intensity":0.077,"deprivation_weight":0.0,"population_pressure_delta_2016":0.026,"mobility_strain_delta_2016":0.005,"economic_opportunity_delta_2016":0.0,"environmental_exposure_delta_2016":0.0,"fairness_score_delta_2016":-0.001,"population_pressure_delta_previous":0.026,"mobility_strain_delta_previous":0.005,"economic_opportunity_delta_previous":0.0,"environmental_exposure_delta_previous":0.0,"fairness_score_delta_previous":-0.001,"dominant_metric":"population_pressure","dominant_change":"stable","confidence":"low-medium","evidence":["NISRA population/census totals","OSM building density and development-zone proxy","Planning/local development source inventory","Interpolated between available raster/statistical evidence years"]},"geometry":{"type":"Polygon","coordinates":[[[-5.820909,54.545714],[-5.807273,54.545714],[-5.807273,54.558571],[-5.820909,54.558571],[-5.820909,54.545714]]]}},{"type":"Feature","id":"belfast_02_20_2017","properties":{"cell_id":"belfast_02_20","year":2017,"row":2,"col":20,"population_pressure":0.215,"mobility_strain":0.466,"economic_opportunity":0.068,"environmental_exposure":0.301,"fairness_score":0.381,"development_pressure":0.161,"green_cover":0.341,"bike_access":0.05,"transit_access":0.18,"planning_intensity":0.088,"deprivation_weight":0.0,"population_pressure_delta_2016":0.026,"mobility_strain_delta_2016":0.007,"economic_opportunity_delta_2016":0.0,"environmental_exposure_delta_2016":0.009,"fairness_score_delta_2016":-0.002,"population_pressure_delta_previous":0.026,"mobility_strain_delta_previous":0.007,"economic_opportunity_delta_previous":0.0,"environmental_exposure_delta_previous":0.009,"fairness_score_delta_previous":-0.002,"dominant_metric":"population_pressure","dominant_change":"stable","confidence":"low-medium","evidence":["NISRA population/census totals","OSM building density and development-zone proxy","Planning/local development source inventory","Interpolated between available raster/statistical evidence years"]},"geometry":{"type":"Polygon","coordinates":[[[-5.807273,54.545714],[-5.793637,54.545714],[-5.793637,54.558571],[-5.807273,54.558571],[-5.807273,54.545714]]]}},{"type":"Feature","id":"belfast_02_21_2017","properties":{"cell_id":"belfast_02_21","year":2017,"row":2,"col":21,"population_pressure":0.224,"mobility_strain":0.47,"economic_opportunity":0.068,"environmental_exposure":0.311,"fairness_score":0.379,"development_pressure":0.177,"green_cover":0.31,"bike_access":0.05,"transit_access":0.18,"planning_intensity":0.096,"deprivation_weight":0.0,"population_pressure_delta_2016":0.023,"mobility_strain_delta_2016":0.006,"economic_opportunity_delta_2016":0.0,"environmental_exposure_delta_2016":0.011,"fairness_score_delta_2016":-0.002,"population_pressure_delta_previous":0.023,"mobility_strain_delta_previous":0.006,"economic_opportunity_delta_previous":0.0,"environmental_exposure_delta_previous":0.011,"fairness_score_delta_previous":-0.002,"dominant_metric":"population_pressure","dominant_change":"stable","confidence":"low-medium","evidence":["NISRA population/census totals","OSM building density and development-zone proxy","Planning/local development source inventory","Interpolated between available raster/statistical evidence years"]},"geometry":{"type":"Polygon","coordinates":[[[-5.793636,54.545714],[-5.78,54.545714],[-5.78,54.558571],[-5.793636,54.558571],[-5.793636,54.545714]]]}},{"type":"Feature","id":"belfast_03_00_2017","properties":{"cell_id":"belfast_03_00","year":2017,"row":3,"col":0,"population_pressure":0.215,"mobility_strain":0.465,"economic_opportunity":0.068,"environmental_exposure":0.294,"fairness_score":0.381,"development_pressure":0.16,"green_cover":0.361,"bike_access":0.05,"transit_access":0.18,"planning_intensity":0.088,"deprivation_weight":0.0,"population_pressure_delta_2016":0.027,"mobility_strain_delta_2016":0.005,"economic_opportunity_delta_2016":0.0,"environmental_exposure_delta_2016":-0.002,"fairness_score_delta_2016":-0.001,"population_pressure_delta_previous":0.027,"mobility_strain_delta_previous":0.005,"economic_opportunity_delta_previous":0.0,"environmental_exposure_delta_previous":-0.002,"fairness_score_delta_previous":-0.001,"dominant_metric":"population_pressure","dominant_change":"stable","confidence":"low-medium","evidence":["NISRA population/census totals","OSM building density and development-zone proxy","Planning/local development source inventory","Interpolated between available raster/statistical evidence years"]},"geometry":{"type":"Polygon","coordinates":[[[-6.08,54.558571],[-6.066364,54.558571],[-6.066364,54.571428],[-6.08,54.571428],[-6.08,54.558571]]]}},{"type":"Feature","id":"belfast_03_01_2017","properties":{"cell_id":"belfast_03_01","year":2017,"row":3,"col":1,"population_pressure":0.224,"mobility_strain":0.468,"economic_opportunity":0.068,"environmental_exposure":0.301,"fairness_score":0.38,"development_pressure":0.177,"green_cover":0.342,"bike_access":0.05,"transit_access":0.18,"planning_intensity":0.096,"deprivation_weight":0.0,"population_pressure_delta_2016":0.024,"mobility_strain_delta_2016":0.006,"economic_opportunity_delta_2016":0.0,"environmental_exposure_delta_2016":0.008,"fairness_score_delta_2016":-0.002,"population_pressure_delta_previous":0.024,"mobility_strain_delta_previous":0.006,"economic_opportunity_delta_previous":0.0,"environmental_exposure_delta_previous":0.008,"fairness_score_delta_previous":-0.002,"dominant_metric":"population_pressure","dominant_change":"stable","confidence":"low-medium","evidence":["NISRA population/census totals","OSM building density and development-zone proxy","Planning/local development source inventory","Interpolated between available raster/statistical evidence years"]},"geometry":{"type":"Polygon","coordinates":[[[-6.066364,54.558571],[-6.052728,54.558571],[-6.052728,54.571428],[-6.066364,54.571428],[-6.066364,54.558571]]]}},{"type":"Feature","id":"belfast_03_02_2017","properties":{"cell_id":"belfast_03_02","year":2017,"row":3,"col":2,"population_pressure":0.224,"mobility_strain":0.47,"economic_opportunity":0.068,"environmental_exposure":0.31,"fairness_score":0.379,"development_pressure":0.178,"green_cover":0.313,"bike_access":0.05,"transit_access":0.18,"planning_intensity":0.097,"deprivation_weight":0.0,"population_pressure_delta_2016":0.018,"mobility_strain_delta_2016":0.005,"economic_opportunity_delta_2016":0.0,"environmental_exposure_delta_2016":0.011,"fairness_score_delta_2016":-0.002,"population_pressure_delta_previous":0.018,"mobility_strain_delta_previous":0.005,"economic_opportunity_delta_previous":0.0,"environmental_exposure_delta_previous":0.011,"fairness_score_delta_previous":-0.002,"dominant_metric":"population_pressure","dominant_change":"stable","confidence":"low-medium","evidence":["NISRA population/census totals","OSM building density and development-zone proxy","Planning/local development source inventory","Interpolated between available raster/statistical evidence years"]},"geometry":{"type":"Polygon","coordinates":[[[-6.052727,54.558571],[-6.039091,54.558571],[-6.039091,54.571428],[-6.052727,54.571428],[-6.052727,54.558571]]]}},{"type":"Feature","id":"belfast_03_03_2017","properties":{"cell_id":"belfast_03_03","year":2017,"row":3,"col":3,"population_pressure":0.217,"mobility_strain":0.468,"economic_opportunity":0.068,"environmental_exposure":0.314,"fairness_score":0.37,"development_pressure":0.163,"green_cover":0.301,"bike_access":0.05,"transit_access":0.18,"planning_intensity":0.089,"deprivation_weight":0.067,"population_pressure_delta_2016":0.014,"mobility_strain_delta_2016":0.003,"economic_opportunity_delta_2016":0.0,"environmental_exposure_delta_2016":0.006,"fairness_score_delta_2016":-0.001,"population_pressure_delta_previous":0.014,"mobility_strain_delta_previous":0.003,"economic_opportunity_delta_previous":0.0,"environmental_exposure_delta_previous":0.006,"fairness_score_delta_previous":-0.001,"dominant_metric":"population_pressure","dominant_change":"stable","confidence":"low-medium","evidence":["NISRA population/census totals","OSM building density and development-zone proxy","Planning/local development source inventory","Interpolated between available raster/statistical evidence years"]},"geometry":{"type":"Polygon","coordinates":[[[-6.039091,54.558571],[-6.025455,54.558571],[-6.025455,54.571428],[-6.039091,54.571428],[-6.039091,54.558571]]]}},{"type":"Feature","id":"belfast_03_04_2017","properties":{"cell_id":"belfast_03_04","year":2017,"row":3,"col":4,"population_pressure":0.204,"mobility_strain":0.464,"economic_opportunity":0.068,"environmental_exposure":0.309,"fairness_score":0.346,"development_pressure":0.14,"green_cover":0.318,"bike_access":0.05,"transit_access":0.18,"planning_intensity":0.078,"deprivation_weight":0.234,"population_pressure_delta_2016":0.012,"mobility_strain_delta_2016":0.001,"economic_opportunity_delta_2016":0.0,"environmental_exposure_delta_2016":-0.003,"fairness_score_delta_2016":0.0,"population_pressure_delta_previous":0.012,"mobility_strain_delta_previous":0.001,"economic_opportunity_delta_previous":0.0,"environmental_exposure_delta_previous":-0.003,"fairness_score_delta_previous":0.0,"dominant_metric":"population_pressure","dominant_change":"stable","confidence":"low-medium","evidence":["NISRA population/census totals","OSM building density and development-zone proxy","Planning/local development source inventory","Interpolated between available raster/statistical evidence years"]},"geometry":{"type":"Polygon","coordinates":[[[-6.025455,54.558571],[-6.011819,54.558571],[-6.011819,54.571428],[-6.025455,54.571428],[-6.025455,54.558571]]]}},{"type":"Feature","id":"belfast_03_05_2017","properties":{"cell_id":"belfast_03_05","year":2017,"row":3,"col":5,"population_pressure":0.193,"mobility_strain":0.46,"economic_opportunity":0.068,"environmental_exposure":0.298,"fairness_score":0.325,"development_pressure":0.119,"green_cover":0.35,"bike_access":0.05,"transit_access":0.18,"planning_intensity":0.067,"deprivation_weight":0.383,"population_pressure_delta_2016":0.014,"mobility_strain_delta_2016":0.001,"economic_opportunity_delta_2016":0.0,"environmental_exposure_delta_2016":-0.008,"fairness_score_delta_2016":0.0,"population_pressure_delta_previous":0.014,"mobility_strain_delta_previous":0.001,"economic_opportunity_delta_previous":0.0,"environmental_exposure_delta_previous":-0.008,"fairness_score_delta_previous":0.0,"dominant_metric":"population_pressure","dominant_change":"stable","confidence":"low-medium","evidence":["NISRA population/census totals","OSM building density and development-zone proxy","Planning/local development source inventory","Interpolated between available raster/statistical evidence years"]},"geometry":{"type":"Polygon","coordinates":[[[-6.011818,54.558571],[-5.998182,54.558571],[-5.998182,54.571428],[-6.011818,54.571428],[-6.011818,54.558571]]]}},{"type":"Feature","id":"belfast_03_06_2017","properties":{"cell_id":"belfast_03_06","year":2017,"row":3,"col":6,"population_pressure":0.214,"mobility_strain":0.473,"economic_opportunity":0.078,"environmental_exposure":0.304,"fairness_score":0.307,"development_pressure":0.137,"green_cover":0.365,"bike_access":0.061,"transit_access":0.193,"planning_intensity":0.078,"deprivation_weight":0.499,"population_pressure_delta_2016":0.018,"mobility_strain_delta_2016":0.002,"economic_opportunity_delta_2016":0.0,"environmental_exposure_delta_2016":-0.005,"fairness_score_delta_2016":0.0,"population_pressure_delta_previous":0.018,"mobility_strain_delta_previous":0.002,"economic_opportunity_delta_previous":0.0,"environmental_exposure_delta_previous":-0.005,"fairness_score_delta_previous":0.0,"dominant_metric":"population_pressure","dominant_change":"stable","confidence":"low-medium","evidence":["NISRA population/census totals","OSM building density and development-zone proxy","Planning/local development source inventory","Interpolated between available raster/statistical evidence years"]},"geometry":{"type":"Polygon","coordinates":[[[-5.998182,54.558571],[-5.984546,54.558571],[-5.984546,54.571428],[-5.998182,54.571428],[-5.998182,54.558571]]]}},{"type":"Feature","id":"belfast_03_07_2017","properties":{"cell_id":"belfast_03_07","year":2017,"row":3,"col":7,"population_pressure":0.267,"mobility_strain":0.483,"economic_opportunity":0.186,"environmental_exposure":0.315,"fairness_score":0.335,"development_pressure":0.197,"green_cover":0.396,"bike_access":0.108,"transit_access":0.276,"planning_intensity":0.112,"deprivation_weight":0.556,"population_pressure_delta_2016":0.026,"mobility_strain_delta_2016":0.004,"economic_opportunity_delta_2016":0.001,"environmental_exposure_delta_2016":0.006,"fairness_score_delta_2016":-0.001,"population_pressure_delta_previous":0.026,"mobility_strain_delta_previous":0.004,"economic_opportunity_delta_previous":0.001,"environmental_exposure_delta_previous":0.006,"fairness_score_delta_previous":-0.001,"dominant_metric":"population_pressure","dominant_change":"stable","confidence":"low-medium","evidence":["NISRA population/census totals","OSM building density and development-zone proxy","Planning/local development source inventory","Interpolated between available raster/statistical evidence years"]},"geometry":{"type":"Polygon","coordinates":[[[-5.984545,54.558571],[-5.970909,54.558571],[-5.970909,54.571428],[-5.984545,54.571428],[-5.984545,54.558571]]]}},{"type":"Feature","id":"belfast_03_08_2017","properties":{"cell_id":"belfast_03_08","year":2017,"row":3,"col":8,"population_pressure":0.319,"mobility_strain":0.498,"economic_opportunity":0.289,"environmental_exposure":0.32,"fairness_score":0.37,"development_pressure":0.264,"green_cover":0.433,"bike_access":0.139,"transit_access":0.334,"planning_intensity":0.149,"deprivation_weight":0.531,"population_pressure_delta_2016":0.031,"mobility_strain_delta_2016":0.005,"economic_opportunity_delta_2016":0.002,"environmental_exposure_delta_2016":0.012,"fairness_score_delta_2016":-0.001,"population_pressure_delta_previous":0.031,"mobility_strain_delta_previous":0.005,"economic_opportunity_delta_previous":0.002,"environmental_exposure_delta_previous":0.012,"fairness_score_delta_previous":-0.001,"dominant_metric":"population_pressure","dominant_change":"stable","confidence":"low-medium","evidence":["NISRA population/census totals","OSM building density and development-zone proxy","Planning/local development source inventory","Interpolated between available raster/statistical evidence years"]},"geometry":{"type":"Polygon","coordinates":[[[-5.970909,54.558571],[-5.957273,54.558571],[-5.957273,54.571428],[-5.970909,54.571428],[-5.970909,54.558571]]]}},{"type":"Feature","id":"belfast_03_09_2017","properties":{"cell_id":"belfast_03_09","year":2017,"row":3,"col":9,"population_pressure":0.363,"mobility_strain":0.518,"economic_opportunity":0.357,"environmental_exposure":0.326,"fairness_score":0.398,"development_pressure":0.322,"green_cover":0.455,"bike_access":0.146,"transit_access":0.356,"planning_intensity":0.181,"deprivation_weight":0.435,"population_pressure_delta_2016":0.033,"mobility_strain_delta_2016":0.006,"economic_opportunity_delta_2016":0.003,"environmental_exposure_delta_2016":0.01,"fairness_score_delta_2016":-0.001,"population_pressure_delta_previous":0.033,"mobility_strain_delta_previous":0.006,"economic_opportunity_delta_previous":0.003,"environmental_exposure_delta_previous":0.01,"fairness_score_delta_previous":-0.001,"dominant_metric":"population_pressure","dominant_change":"stable","confidence":"low-medium","evidence":["NISRA population/census totals","OSM building density and development-zone proxy","Planning/local development source inventory","Interpolated between available raster/statistical evidence years"]},"geometry":{"type":"Polygon","coordinates":[[[-5.957273,54.558571],[-5.943637,54.558571],[-5.943637,54.571428],[-5.957273,54.571428],[-5.957273,54.558571]]]}},{"type":"Feature","id":"belfast_03_10_2017","properties":{"cell_id":"belfast_03_10","year":2017,"row":3,"col":10,"population_pressure":0.392,"mobility_strain":0.533,"economic_opportunity":0.376,"environmental_exposure":0.342,"fairness_score":0.416,"development_pressure":0.353,"green_cover":0.498,"bike_access":0.145,"transit_access":0.34,"planning_intensity":0.237,"deprivation_weight":0.296,"population_pressure_delta_2016":0.03,"mobility_strain_delta_2016":0.004,"economic_opportunity_delta_2016":0.002,"environmental_exposure_delta_2016":0.002,"fairness_score_delta_2016":0.0,"population_pressure_delta_previous":0.03,"mobility_strain_delta_previous":0.004,"economic_opportunity_delta_previous":0.002,"environmental_exposure_delta_previous":0.002,"fairness_score_delta_previous":0.0,"dominant_metric":"population_pressure","dominant_change":"stable","confidence":"low-medium","evidence":["NISRA population/census totals","OSM building density and development-zone proxy","Planning/local development source inventory","Interpolated between available raster/statistical evidence years"]},"geometry":{"type":"Polygon","coordinates":[[[-5.943636,54.558571],[-5.93,54.558571],[-5.93,54.571428],[-5.943636,54.571428],[-5.943636,54.558571]]]}},{"type":"Feature","id":"belfast_03_11_2017","properties":{"cell_id":"belfast_03_11","year":2017,"row":3,"col":11,"population_pressure":0.396,"mobility_strain":0.538,"economic_opportunity":0.344,"environmental_exposure":0.424,"fairness_score":0.424,"development_pressure":0.346,"green_cover":0.531,"bike_access":0.133,"transit_access":0.305,"planning_intensity":0.28,"deprivation_weight":0.135,"population_pressure_delta_2016":0.026,"mobility_strain_delta_2016":0.002,"economic_opportunity_delta_2016":0.001,"environmental_exposure_delta_2016":-0.006,"fairness_score_delta_2016":0.0,"population_pressure_delta_previous":0.026,"mobility_strain_delta_previous":0.002,"economic_opportunity_delta_previous":0.001,"environmental_exposure_delta_previous":-0.006,"fairness_score_delta_previous":0.0,"dominant_metric":"population_pressure","dominant_change":"stable","confidence":"low-medium","evidence":["NISRA population/census totals","OSM building density and development-zone proxy","Planning/local development source inventory","Interpolated between available raster/statistical evidence years"]},"geometry":{"type":"Polygon","coordinates":[[[-5.93,54.558571],[-5.916364,54.558571],[-5.916364,54.571428],[-5.93,54.571428],[-5.93,54.558571]]]}},{"type":"Feature","id":"belfast_03_12_2017","properties":{"cell_id":"belfast_03_12","year":2017,"row":3,"col":12,"population_pressure":0.369,"mobility_strain":0.533,"economic_opportunity":0.278,"environmental_exposure":0.44,"fairness_score":0.424,"development_pressure":0.307,"green_cover":0.501,"bike_access":0.099,"transit_access":0.283,"planning_intensity":0.265,"deprivation_weight":0.0,"population_pressure_delta_2016":0.02,"mobility_strain_delta_2016":0.002,"economic_opportunity_delta_2016":0.0,"environmental_exposure_delta_2016":-0.005,"fairness_score_delta_2016":0.0,"population_pressure_delta_previous":0.02,"mobility_strain_delta_previous":0.002,"economic_opportunity_delta_previous":0.0,"environmental_exposure_delta_previous":-0.005,"fairness_score_delta_previous":0.0,"dominant_metric":"population_pressure","dominant_change":"stable","confidence":"low-medium","evidence":["NISRA population/census totals","OSM building density and development-zone proxy","Planning/local development source inventory","Interpolated between available raster/statistical evidence years"]},"geometry":{"type":"Polygon","coordinates":[[[-5.916364,54.558571],[-5.902728,54.558571],[-5.902728,54.571428],[-5.916364,54.571428],[-5.916364,54.558571]]]}},{"type":"Feature","id":"belfast_03_13_2017","properties":{"cell_id":"belfast_03_13","year":2017,"row":3,"col":13,"population_pressure":0.323,"mobility_strain":0.527,"economic_opportunity":0.185,"environmental_exposure":0.369,"fairness_score":0.397,"development_pressure":0.258,"green_cover":0.414,"bike_access":0.076,"transit_access":0.242,"planning_intensity":0.194,"deprivation_weight":0.0,"population_pressure_delta_2016":0.016,"mobility_strain_delta_2016":0.003,"economic_opportunity_delta_2016":0.0,"environmental_exposure_delta_2016":0.002,"fairness_score_delta_2016":-0.001,"population_pressure_delta_previous":0.016,"mobility_strain_delta_previous":0.003,"economic_opportunity_delta_previous":0.0,"environmental_exposure_delta_previous":0.002,"fairness_score_delta_previous":-0.001,"dominant_metric":"population_pressure","dominant_change":"stable","confidence":"low-medium","evidence":["NISRA population/census totals","OSM building density and development-zone proxy","Planning/local development source inventory","Interpolated between available raster/statistical evidence years"]},"geometry":{"type":"Polygon","coordinates":[[[-5.902727,54.558571],[-5.889091,54.558571],[-5.889091,54.571428],[-5.902727,54.571428],[-5.902727,54.558571]]]}},{"type":"Feature","id":"belfast_03_14_2017","properties":{"cell_id":"belfast_03_14","year":2017,"row":3,"col":14,"population_pressure":0.264,"mobility_strain":0.504,"economic_opportunity":0.091,"environmental_exposure":0.328,"fairness_score":0.376,"development_pressure":0.193,"green_cover":0.352,"bike_access":0.067,"transit_access":0.211,"planning_intensity":0.108,"deprivation_weight":0.0,"population_pressure_delta_2016":0.016,"mobility_strain_delta_2016":0.003,"economic_opportunity_delta_2016":0.0,"environmental_exposure_delta_2016":0.01,"fairness_score_delta_2016":-0.001,"population_pressure_delta_previous":0.016,"mobility_strain_delta_previous":0.003,"economic_opportunity_delta_previous":0.0,"environmental_exposure_delta_previous":0.01,"fairness_score_delta_previous":-0.001,"dominant_metric":"population_pressure","dominant_change":"stable","confidence":"low-medium","evidence":["NISRA population/census totals","OSM building density and development-zone proxy","Planning/local development source inventory","Interpolated between available raster/statistical evidence years"]},"geometry":{"type":"Polygon","coordinates":[[[-5.889091,54.558571],[-5.875455,54.558571],[-5.875455,54.571428],[-5.889091,54.571428],[-5.889091,54.558571]]]}},{"type":"Feature","id":"belfast_03_15_2017","properties":{"cell_id":"belfast_03_15","year":2017,"row":3,"col":15,"population_pressure":0.208,"mobility_strain":0.472,"economic_opportunity":0.077,"environmental_exposure":0.319,"fairness_score":0.381,"development_pressure":0.127,"green_cover":0.313,"bike_access":0.056,"transit_access":0.191,"planning_intensity":0.07,"deprivation_weight":0.0,"population_pressure_delta_2016":0.018,"mobility_strain_delta_2016":0.005,"economic_opportunity_delta_2016":0.0,"environmental_exposure_delta_2016":0.01,"fairness_score_delta_2016":-0.002,"population_pressure_delta_previous":0.018,"mobility_strain_delta_previous":0.005,"economic_opportunity_delta_previous":0.0,"environmental_exposure_delta_previous":0.01,"fairness_score_delta_previous":-0.002,"dominant_metric":"population_pressure","dominant_change":"stable","confidence":"low-medium","evidence":["NISRA population/census totals","OSM building density and development-zone proxy","Planning/local development source inventory","Interpolated between available raster/statistical evidence years"]},"geometry":{"type":"Polygon","coordinates":[[[-5.875455,54.558571],[-5.861819,54.558571],[-5.861819,54.571428],[-5.875455,54.571428],[-5.875455,54.558571]]]}},{"type":"Feature","id":"belfast_03_16_2017","properties":{"cell_id":"belfast_03_16","year":2017,"row":3,"col":16,"population_pressure":0.192,"mobility_strain":0.461,"economic_opportunity":0.068,"environmental_exposure":0.311,"fairness_score":0.382,"development_pressure":0.117,"green_cover":0.311,"bike_access":0.05,"transit_access":0.18,"planning_intensity":0.066,"deprivation_weight":0.0,"population_pressure_delta_2016":0.023,"mobility_strain_delta_2016":0.004,"economic_opportunity_delta_2016":0.0,"environmental_exposure_delta_2016":0.003,"fairness_score_delta_2016":-0.001,"population_pressure_delta_previous":0.023,"mobility_strain_delta_previous":0.004,"economic_opportunity_delta_previous":0.0,"environmental_exposure_delta_previous":0.003,"fairness_score_delta_previous":-0.001,"dominant_metric":"population_pressure","dominant_change":"stable","confidence":"low-medium","evidence":["NISRA population/census totals","OSM building density and development-zone proxy","Planning/local development source inventory","Interpolated between available raster/statistical evidence years"]},"geometry":{"type":"Polygon","coordinates":[[[-5.861818,54.558571],[-5.848182,54.558571],[-5.848182,54.571428],[-5.861818,54.571428],[-5.861818,54.558571]]]}},{"type":"Feature","id":"belfast_03_17_2017","properties":{"cell_id":"belfast_03_17","year":2017,"row":3,"col":17,"population_pressure":0.203,"mobility_strain":0.463,"economic_opportunity":0.068,"environmental_exposure":0.305,"fairness_score":0.381,"development_pressure":0.137,"green_cover":0.33,"bike_access":0.05,"transit_access":0.18,"planning_intensity":0.077,"deprivation_weight":0.0,"population_pressure_delta_2016":0.026,"mobility_strain_delta_2016":0.004,"economic_opportunity_delta_2016":0.0,"environmental_exposure_delta_2016":-0.004,"fairness_score_delta_2016":-0.002,"population_pressure_delta_previous":0.026,"mobility_strain_delta_previous":0.004,"economic_opportunity_delta_previous":0.0,"environmental_exposure_delta_previous":-0.004,"fairness_score_delta_previous":-0.002,"dominant_metric":"population_pressure","dominant_change":"stable","confidence":"low-medium","evidence":["NISRA population/census totals","OSM building density and development-zone proxy","Planning/local development source inventory","Interpolated between available raster/statistical evidence years"]},"geometry":{"type":"Polygon","coordinates":[[[-5.848182,54.558571],[-5.834546,54.558571],[-5.834546,54.571428],[-5.848182,54.571428],[-5.848182,54.558571]]]}},{"type":"Feature","id":"belfast_03_18_2017","properties":{"cell_id":"belfast_03_18","year":2017,"row":3,"col":18,"population_pressure":0.215,"mobility_strain":0.465,"economic_opportunity":0.068,"environmental_exposure":0.297,"fairness_score":0.381,"development_pressure":0.161,"green_cover":0.353,"bike_access":0.05,"transit_access":0.18,"planning_intensity":0.088,"deprivation_weight":0.0,"population_pressure_delta_2016":0.026,"mobility_strain_delta_2016":0.004,"economic_opportunity_delta_2016":0.0,"environmental_exposure_delta_2016":-0.006,"fairness_score_delta_2016":-0.001,"population_pressure_delta_previous":0.026,"mobility_strain_delta_previous":0.004,"economic_opportunity_delta_previous":0.0,"environmental_exposure_delta_previous":-0.006,"fairness_score_delta_previous":-0.001,"dominant_metric":"population_pressure","dominant_change":"stable","confidence":"low-medium","evidence":["NISRA population/census totals","OSM building density and development-zone proxy","Planning/local development source inventory","Interpolated between available raster/statistical evidence years"]},"geometry":{"type":"Polygon","coordinates":[[[-5.834545,54.558571],[-5.820909,54.558571],[-5.820909,54.571428],[-5.834545,54.571428],[-5.834545,54.558571]]]}},{"type":"Feature","id":"belfast_03_19_2017","properties":{"cell_id":"belfast_03_19","year":2017,"row":3,"col":19,"population_pressure":0.224,"mobility_strain":0.467,"economic_opportunity":0.068,"environmental_exposure":0.296,"fairness_score":0.38,"development_pressure":0.177,"green_cover":0.358,"bike_access":0.05,"transit_access":0.18,"planning_intensity":0.096,"deprivation_weight":0.0,"population_pressure_delta_2016":0.023,"mobility_strain_delta_2016":0.004,"economic_opportunity_delta_2016":0.0,"environmental_exposure_delta_2016":0.0,"fairness_score_delta_2016":-0.001,"population_pressure_delta_previous":0.023,"mobility_strain_delta_previous":0.004,"economic_opportunity_delta_previous":0.0,"environmental_exposure_delta_previous":0.0,"fairness_score_delta_previous":-0.001,"dominant_metric":"population_pressure","dominant_change":"stable","confidence":"low-medium","evidence":["NISRA population/census totals","OSM building density and development-zone proxy","Planning/local development source inventory","Interpolated between available raster/statistical evidence years"]},"geometry":{"type":"Polygon","coordinates":[[[-5.820909,54.558571],[-5.807273,54.558571],[-5.807273,54.571428],[-5.820909,54.571428],[-5.820909,54.558571]]]}},{"type":"Feature","id":"belfast_03_20_2017","properties":{"cell_id":"belfast_03_20","year":2017,"row":3,"col":20,"population_pressure":0.224,"mobility_strain":0.468,"economic_opportunity":0.068,"environmental_exposure":0.302,"fairness_score":0.38,"development_pressure":0.177,"green_cover":0.338,"bike_access":0.05,"transit_access":0.18,"planning_intensity":0.097,"deprivation_weight":0.0,"population_pressure_delta_2016":0.018,"mobility_strain_delta_2016":0.004,"economic_opportunity_delta_2016":0.0,"environmental_exposure_delta_2016":0.008,"fairness_score_delta_2016":-0.001,"population_pressure_delta_previous":0.018,"mobility_strain_delta_previous":0.004,"economic_opportunity_delta_previous":0.0,"environmental_exposure_delta_previous":0.008,"fairness_score_delta_previous":-0.001,"dominant_metric":"population_pressure","dominant_change":"stable","confidence":"low-medium","evidence":["NISRA population/census totals","OSM building density and development-zone proxy","Planning/local development source inventory","Interpolated between available raster/statistical evidence years"]},"geometry":{"type":"Polygon","coordinates":[[[-5.807273,54.558571],[-5.793637,54.558571],[-5.793637,54.571428],[-5.807273,54.571428],[-5.807273,54.558571]]]}},{"type":"Feature","id":"belfast_03_21_2017","properties":{"cell_id":"belfast_03_21","year":2017,"row":3,"col":21,"population_pressure":0.216,"mobility_strain":0.468,"economic_opportunity":0.068,"environmental_exposure":0.31,"fairness_score":0.38,"development_pressure":0.162,"green_cover":0.312,"bike_access":0.05,"transit_access":0.18,"planning_intensity":0.089,"deprivation_weight":0.0,"population_pressure_delta_2016":0.014,"mobility_strain_delta_2016":0.004,"economic_opportunity_delta_2016":0.0,"environmental_exposure_delta_2016":0.01,"fairness_score_delta_2016":-0.001,"population_pressure_delta_previous":0.014,"mobility_strain_delta_previous":0.004,"economic_opportunity_delta_previous":0.0,"environmental_exposure_delta_previous":0.01,"fairness_score_delta_previous":-0.001,"dominant_metric":"population_pressure","dominant_change":"stable","confidence":"low-medium","evidence":["NISRA population/census totals","OSM building density and development-zone proxy","Planning/local development source inventory","Interpolated between available raster/statistical evidence years"]},"geometry":{"type":"Polygon","coordinates":[[[-5.793636,54.558571],[-5.78,54.558571],[-5.78,54.571428],[-5.793636,54.571428],[-5.793636,54.558571]]]}},{"type":"Feature","id":"belfast_04_00_2017","properties":{"cell_id":"belfast_04_00","year":2017,"row":4,"col":0,"population_pressure":0.224,"mobility_strain":0.467,"economic_opportunity":0.068,"environmental_exposure":0.295,"fairness_score":0.38,"development_pressure":0.178,"green_cover":0.358,"bike_access":0.05,"transit_access":0.18,"planning_intensity":0.097,"deprivation_weight":0.0,"population_pressure_delta_2016":0.018,"mobility_strain_delta_2016":0.002,"economic_opportunity_delta_2016":0.0,"environmental_exposure_delta_2016":-0.002,"fairness_score_delta_2016":-0.001,"population_pressure_delta_previous":0.018,"mobility_strain_delta_previous":0.002,"economic_opportunity_delta_previous":0.0,"environmental_exposure_delta_previous":-0.002,"fairness_score_delta_previous":-0.001,"dominant_metric":"population_pressure","dominant_change":"stable","confidence":"low-medium","evidence":["NISRA population/census totals","OSM building density and development-zone proxy","Planning/local development source inventory","Interpolated between available raster/statistical evidence years"]},"geometry":{"type":"Polygon","coordinates":[[[-6.08,54.571429],[-6.066364,54.571429],[-6.066364,54.584286],[-6.08,54.584286],[-6.08,54.571429]]]}},{"type":"Feature","id":"belfast_04_01_2017","properties":{"cell_id":"belfast_04_01","year":2017,"row":4,"col":1,"population_pressure":0.217,"mobility_strain":0.466,"economic_opportunity":0.068,"environmental_exposure":0.3,"fairness_score":0.38,"development_pressure":0.163,"green_cover":0.345,"bike_access":0.05,"transit_access":0.18,"planning_intensity":0.089,"deprivation_weight":0.0,"population_pressure_delta_2016":0.014,"mobility_strain_delta_2016":0.003,"economic_opportunity_delta_2016":0.0,"environmental_exposure_delta_2016":0.007,"fairness_score_delta_2016":-0.001,"population_pressure_delta_previous":0.014,"mobility_strain_delta_previous":0.003,"economic_opportunity_delta_previous":0.0,"environmental_exposure_delta_previous":0.007,"fairness_score_delta_previous":-0.001,"dominant_metric":"population_pressure","dominant_change":"stable","confidence":"low-medium","evidence":["NISRA population/census totals","OSM building density and development-zone proxy","Planning/local development source inventory","Interpolated between available raster/statistical evidence years"]},"geometry":{"type":"Polygon","coordinates":[[[-6.066364,54.571429],[-6.052728,54.571429],[-6.052728,54.584286],[-6.066364,54.584286],[-6.066364,54.571429]]]}},{"type":"Feature","id":"belfast_04_02_2017","properties":{"cell_id":"belfast_04_02","year":2017,"row":4,"col":2,"population_pressure":0.204,"mobility_strain":0.464,"economic_opportunity":0.068,"environmental_exposure":0.308,"fairness_score":0.381,"development_pressure":0.14,"green_cover":0.32,"bike_access":0.05,"transit_access":0.18,"planning_intensity":0.078,"deprivation_weight":0.0,"population_pressure_delta_2016":0.012,"mobility_strain_delta_2016":0.003,"economic_opportunity_delta_2016":0.0,"environmental_exposure_delta_2016":0.01,"fairness_score_delta_2016":-0.001,"population_pressure_delta_previous":0.012,"mobility_strain_delta_previous":0.003,"economic_opportunity_delta_previous":0.0,"environmental_exposure_delta_previous":0.01,"fairness_score_delta_previous":-0.001,"dominant_metric":"population_pressure","dominant_change":"stable","confidence":"low-medium","evidence":["NISRA population/census totals","OSM building density and development-zone proxy","Planning/local development source inventory","Interpolated between available raster/statistical evidence years"]},"geometry":{"type":"Polygon","coordinates":[[[-6.052727,54.571429],[-6.039091,54.571429],[-6.039091,54.584286],[-6.052727,54.584286],[-6.052727,54.571429]]]}},{"type":"Feature","id":"belfast_04_03_2017","properties":{"cell_id":"belfast_04_03","year":2017,"row":4,"col":3,"population_pressure":0.193,"mobility_strain":0.462,"economic_opportunity":0.068,"environmental_exposure":0.312,"fairness_score":0.356,"development_pressure":0.119,"green_cover":0.309,"bike_access":0.05,"transit_access":0.18,"planning_intensity":0.067,"deprivation_weight":0.169,"population_pressure_delta_2016":0.014,"mobility_strain_delta_2016":0.003,"economic_opportunity_delta_2016":0.0,"environmental_exposure_delta_2016":0.006,"fairness_score_delta_2016":-0.001,"population_pressure_delta_previous":0.014,"mobility_strain_delta_previous":0.003,"economic_opportunity_delta_previous":0.0,"environmental_exposure_delta_previous":0.006,"fairness_score_delta_previous":-0.001,"dominant_metric":"population_pressure","dominant_change":"stable","confidence":"low-medium","evidence":["NISRA population/census totals","OSM building density and development-zone proxy","Planning/local development source inventory","Interpolated between available raster/statistical evidence years"]},"geometry":{"type":"Polygon","coordinates":[[[-6.039091,54.571429],[-6.025455,54.571429],[-6.025455,54.584286],[-6.039091,54.584286],[-6.039091,54.571429]]]}},{"type":"Feature","id":"belfast_04_04_2017","properties":{"cell_id":"belfast_04_04","year":2017,"row":4,"col":4,"population_pressure":0.188,"mobility_strain":0.46,"economic_opportunity":0.068,"environmental_exposure":0.307,"fairness_score":0.328,"development_pressure":0.109,"green_cover":0.323,"bike_access":0.05,"transit_access":0.18,"planning_intensity":0.063,"deprivation_weight":0.362,"population_pressure_delta_2016":0.018,"mobility_strain_delta_2016":0.003,"economic_opportunity_delta_2016":0.0,"environmental_exposure_delta_2016":-0.003,"fairness_score_delta_2016":0.0,"population_pressure_delta_previous":0.018,"mobility_strain_delta_previous":0.003,"economic_opportunity_delta_previous":0.0,"environmental_exposure_delta_previous":-0.003,"fairness_score_delta_previous":0.0,"dominant_metric":"population_pressure","dominant_change":"stable","confidence":"low-medium","evidence":["NISRA population/census totals","OSM building density and development-zone proxy","Planning/local development source inventory","Interpolated between available raster/statistical evidence years"]},"geometry":{"type":"Polygon","coordinates":[[[-6.025455,54.571429],[-6.011819,54.571429],[-6.011819,54.584286],[-6.025455,54.584286],[-6.025455,54.571429]]]}},{"type":"Feature","id":"belfast_04_05_2017","properties":{"cell_id":"belfast_04_05","year":2017,"row":4,"col":5,"population_pressure":0.209,"mobility_strain":0.463,"economic_opportunity":0.084,"environmental_exposure":0.301,"fairness_score":0.306,"development_pressure":0.126,"green_cover":0.364,"bike_access":0.058,"transit_access":0.211,"planning_intensity":0.066,"deprivation_weight":0.552,"population_pressure_delta_2016":0.023,"mobility_strain_delta_2016":0.003,"economic_opportunity_delta_2016":0.0,"environmental_exposure_delta_2016":-0.008,"fairness_score_delta_2016":0.0,"population_pressure_delta_previous":0.023,"mobility_strain_delta_previous":0.003,"economic_opportunity_delta_previous":0.0,"environmental_exposure_delta_previous":-0.008,"fairness_score_delta_previous":0.0,"dominant_metric":"population_pressure","dominant_change":"stable","confidence":"low-medium","evidence":["NISRA population/census totals","OSM building density and development-zone proxy","Planning/local development source inventory","Interpolated between available raster/statistical evidence years"]},"geometry":{"type":"Polygon","coordinates":[[[-6.011818,54.571429],[-5.998182,54.571429],[-5.998182,54.584286],[-6.011818,54.584286],[-6.011818,54.571429]]]}},{"type":"Feature","id":"belfast_04_06_2017","properties":{"cell_id":"belfast_04_06","year":2017,"row":4,"col":6,"population_pressure":0.28,"mobility_strain":0.468,"economic_opportunity":0.186,"environmental_exposure":0.299,"fairness_score":0.323,"development_pressure":0.211,"green_cover":0.447,"bike_access":0.127,"transit_access":0.335,"planning_intensity":0.113,"deprivation_weight":0.734,"population_pressure_delta_2016":0.029,"mobility_strain_delta_2016":0.003,"economic_opportunity_delta_2016":0.002,"environmental_exposure_delta_2016":-0.003,"fairness_score_delta_2016":0.0,"population_pressure_delta_previous":0.029,"mobility_strain_delta_previous":0.003,"economic_opportunity_delta_previous":0.002,"environmental_exposure_delta_previous":-0.003,"fairness_score_delta_previous":0.0,"dominant_metric":"population_pressure","dominant_change":"stable","confidence":"low-medium","evidence":["NISRA population/census totals","OSM building density and development-zone proxy","Planning/local development source inventory","Interpolated between available raster/statistical evidence years"]},"geometry":{"type":"Polygon","coordinates":[[[-5.998182,54.571429],[-5.984546,54.571429],[-5.984546,54.584286],[-5.998182,54.584286],[-5.998182,54.571429]]]}},{"type":"Feature","id":"belfast_04_07_2017","properties":{"cell_id":"belfast_04_07","year":2017,"row":4,"col":7,"population_pressure":0.351,"mobility_strain":0.476,"economic_opportunity":0.34,"environmental_exposure":0.305,"fairness_score":0.365,"development_pressure":0.298,"green_cover":0.505,"bike_access":0.193,"transit_access":0.449,"planning_intensity":0.161,"deprivation_weight":0.868,"population_pressure_delta_2016":0.032,"mobility_strain_delta_2016":0.002,"economic_opportunity_delta_2016":0.003,"environmental_exposure_delta_2016":0.006,"fairness_score_delta_2016":0.0,"population_pressure_delta_previous":0.032,"mobility_strain_delta_previous":0.002,"economic_opportunity_delta_previous":0.003,"environmental_exposure_delta_previous":0.006,"fairness_score_delta_previous":0.0,"dominant_metric":"population_pressure","dominant_change":"stable","confidence":"low-medium","evidence":["NISRA population/census totals","OSM building density and development-zone proxy","Planning/local development source inventory","Interpolated between available raster/statistical evidence years"]},"geometry":{"type":"Polygon","coordinates":[[[-5.984545,54.571429],[-5.970909,54.571429],[-5.970909,54.584286],[-5.984545,54.584286],[-5.984545,54.571429]]]}},{"type":"Feature","id":"belfast_04_08_2017","properties":{"cell_id":"belfast_04_08","year":2017,"row":4,"col":8,"population_pressure":0.414,"mobility_strain":0.49,"economic_opportunity":0.482,"environmental_exposure":0.323,"fairness_score":0.423,"development_pressure":0.374,"green_cover":0.521,"bike_access":0.248,"transit_access":0.538,"planning_intensity":0.205,"deprivation_weight":0.799,"population_pressure_delta_2016":0.031,"mobility_strain_delta_2016":0.001,"economic_opportunity_delta_2016":0.005,"environmental_exposure_delta_2016":0.013,"fairness_score_delta_2016":0.002,"population_pressure_delta_previous":0.031,"mobility_strain_delta_previous":0.001,"economic_opportunity_delta_previous":0.005,"environmental_exposure_delta_previous":0.013,"fairness_score_delta_previous":0.002,"dominant_metric":"population_pressure","dominant_change":"stable","confidence":"low-medium","evidence":["NISRA population/census totals","OSM building density and development-zone proxy","Planning/local development source inventory","Interpolated between available raster/statistical evidence years"]},"geometry":{"type":"Polygon","coordinates":[[[-5.970909,54.571429],[-5.957273,54.571429],[-5.957273,54.584286],[-5.970909,54.584286],[-5.970909,54.571429]]]}},{"type":"Feature","id":"belfast_04_09_2017","properties":{"cell_id":"belfast_04_09","year":2017,"row":4,"col":9,"population_pressure":0.463,"mobility_strain":0.514,"economic_opportunity":0.592,"environmental_exposure":0.322,"fairness_score":0.468,"development_pressure":0.43,"green_cover":0.584,"bike_access":0.258,"transit_access":0.576,"planning_intensity":0.246,"deprivation_weight":0.626,"population_pressure_delta_2016":0.029,"mobility_strain_delta_2016":0.0,"economic_opportunity_delta_2016":0.006,"environmental_exposure_delta_2016":0.01,"fairness_score_delta_2016":0.001,"population_pressure_delta_previous":0.029,"mobility_strain_delta_previous":0.0,"economic_opportunity_delta_previous":0.006,"environmental_exposure_delta_previous":0.01,"fairness_score_delta_previous":0.001,"dominant_metric":"population_pressure","dominant_change":"stable","confidence":"low-medium","evidence":["NISRA population/census totals","OSM building density and development-zone proxy","Planning/local development source inventory","Interpolated between available raster/statistical evidence years"]},"geometry":{"type":"Polygon","coordinates":[[[-5.957273,54.571429],[-5.943637,54.571429],[-5.943637,54.584286],[-5.957273,54.584286],[-5.957273,54.571429]]]}},{"type":"Feature","id":"belfast_04_10_2017","properties":{"cell_id":"belfast_04_10","year":2017,"row":4,"col":10,"population_pressure":0.489,"mobility_strain":0.536,"economic_opportunity":0.64,"environmental_exposure":0.343,"fairness_score":0.49,"development_pressure":0.448,"green_cover":0.65,"bike_access":0.264,"transit_access":0.545,"planning_intensity":0.293,"deprivation_weight":0.438,"population_pressure_delta_2016":0.026,"mobility_strain_delta_2016":-0.002,"economic_opportunity_delta_2016":0.006,"environmental_exposure_delta_2016":0.002,"fairness_score_delta_2016":0.002,"population_pressure_delta_previous":0.026,"mobility_strain_delta_previous":-0.002,"economic_opportunity_delta_previous":0.006,"environmental_exposure_delta_previous":0.002,"fairness_score_delta_previous":0.002,"dominant_metric":"population_pressure","dominant_change":"stable","confidence":"low-medium","evidence":["NISRA population/census totals","OSM building density and development-zone proxy","Planning/local development source inventory","Interpolated between available raster/statistical evidence years"]},"geometry":{"type":"Polygon","coordinates":[[[-5.943636,54.571429],[-5.93,54.571429],[-5.93,54.584286],[-5.943636,54.584286],[-5.943636,54.571429]]]}},{"type":"Feature","id":"belfast_04_11_2017","properties":{"cell_id":"belfast_04_11","year":2017,"row":4,"col":11,"population_pressure":0.48,"mobility_strain":0.546,"economic_opportunity":0.585,"environmental_exposure":0.369,"fairness_score":0.488,"development_pressure":0.429,"green_cover":0.603,"bike_access":0.237,"transit_access":0.527,"planning_intensity":0.291,"deprivation_weight":0.246,"population_pressure_delta_2016":0.024,"mobility_strain_delta_2016":-0.003,"economic_opportunity_delta_2016":0.004,"environmental_exposure_delta_2016":-0.006,"fairness_score_delta_2016":0.002,"population_pressure_delta_previous":0.024,"mobility_strain_delta_previous":-0.003,"economic_opportunity_delta_previous":0.004,"environmental_exposure_delta_previous":-0.006,"fairness_score_delta_previous":0.002,"dominant_metric":"population_pressure","dominant_change":"stable","confidence":"low-medium","evidence":["NISRA population/census totals","OSM building density and development-zone proxy","Planning/local development source inventory","Interpolated between available raster/statistical evidence years"]},"geometry":{"type":"Polygon","coordinates":[[[-5.93,54.571429],[-5.916364,54.571429],[-5.916364,54.584286],[-5.93,54.584286],[-5.93,54.571429]]]}},{"type":"Feature","id":"belfast_04_12_2017","properties":{"cell_id":"belfast_04_12","year":2017,"row":4,"col":12,"population_pressure":0.452,"mobility_strain":0.555,"economic_opportunity":0.477,"environmental_exposure":0.354,"fairness_score":0.471,"development_pressure":0.404,"green_cover":0.509,"bike_access":0.182,"transit_access":0.5,"planning_intensity":0.255,"deprivation_weight":0.053,"population_pressure_delta_2016":0.025,"mobility_strain_delta_2016":0.0,"economic_opportunity_delta_2016":0.003,"environmental_exposure_delta_2016":-0.005,"fairness_score_delta_2016":0.0,"population_pressure_delta_previous":0.025,"mobility_strain_delta_previous":0.0,"economic_opportunity_delta_previous":0.003,"environmental_exposure_delta_previous":-0.005,"fairness_score_delta_previous":0.0,"dominant_metric":"population_pressure","dominant_change":"stable","confidence":"low-medium","evidence":["NISRA population/census totals","OSM building density and development-zone proxy","Planning/local development source inventory","Interpolated between available raster/statistical evidence years"]},"geometry":{"type":"Polygon","coordinates":[[[-5.916364,54.571429],[-5.902728,54.571429],[-5.902728,54.584286],[-5.916364,54.584286],[-5.916364,54.571429]]]}},{"type":"Feature","id":"belfast_04_13_2017","properties":{"cell_id":"belfast_04_13","year":2017,"row":4,"col":13,"population_pressure":0.405,"mobility_strain":0.538,"economic_opportunity":0.381,"environmental_exposure":0.331,"fairness_score":0.453,"development_pressure":0.355,"green_cover":0.528,"bike_access":0.174,"transit_access":0.437,"planning_intensity":0.209,"deprivation_weight":0.0,"population_pressure_delta_2016":0.028,"mobility_strain_delta_2016":0.002,"economic_opportunity_delta_2016":0.002,"environmental_exposure_delta_2016":0.004,"fairness_score_delta_2016":0.0,"population_pressure_delta_previous":0.028,"mobility_strain_delta_previous":0.002,"economic_opportunity_delta_previous":0.002,"environmental_exposure_delta_previous":0.004,"fairness_score_delta_previous":0.0,"dominant_metric":"population_pressure","dominant_change":"stable","confidence":"low-medium","evidence":["NISRA population/census totals","OSM building density and development-zone proxy","Planning/local development source inventory","Interpolated between available raster/statistical evidence years"]},"geometry":{"type":"Polygon","coordinates":[[[-5.902727,54.571429],[-5.889091,54.571429],[-5.889091,54.584286],[-5.902727,54.584286],[-5.902727,54.571429]]]}},{"type":"Feature","id":"belfast_04_14_2017","properties":{"cell_id":"belfast_04_14","year":2017,"row":4,"col":14,"population_pressure":0.353,"mobility_strain":0.524,"economic_opportunity":0.271,"environmental_exposure":0.318,"fairness_score":0.424,"development_pressure":0.299,"green_cover":0.495,"bike_access":0.145,"transit_access":0.341,"planning_intensity":0.175,"deprivation_weight":0.0,"population_pressure_delta_2016":0.03,"mobility_strain_delta_2016":0.005,"economic_opportunity_delta_2016":0.002,"environmental_exposure_delta_2016":0.011,"fairness_score_delta_2016":-0.001,"population_pressure_delta_previous":0.03,"mobility_strain_delta_previous":0.005,"economic_opportunity_delta_previous":0.002,"environmental_exposure_delta_previous":0.011,"fairness_score_delta_previous":-0.001,"dominant_metric":"population_pressure","dominant_change":"stable","confidence":"low-medium","evidence":["NISRA population/census totals","OSM building density and development-zone proxy","Planning/local development source inventory","Interpolated between available raster/statistical evidence years"]},"geometry":{"type":"Polygon","coordinates":[[[-5.889091,54.571429],[-5.875455,54.571429],[-5.875455,54.584286],[-5.889091,54.584286],[-5.889091,54.571429]]]}},{"type":"Feature","id":"belfast_04_15_2017","properties":{"cell_id":"belfast_04_15","year":2017,"row":4,"col":15,"population_pressure":0.3,"mobility_strain":0.514,"economic_opportunity":0.137,"environmental_exposure":0.315,"fairness_score":0.387,"development_pressure":0.246,"green_cover":0.421,"bike_access":0.097,"transit_access":0.229,"planning_intensity":0.14,"deprivation_weight":0.0,"population_pressure_delta_2016":0.031,"mobility_strain_delta_2016":0.007,"economic_opportunity_delta_2016":0.001,"environmental_exposure_delta_2016":0.011,"fairness_score_delta_2016":-0.002,"population_pressure_delta_previous":0.031,"mobility_strain_delta_previous":0.007,"economic_opportunity_delta_previous":0.001,"environmental_exposure_delta_previous":0.011,"fairness_score_delta_previous":-0.002,"dominant_metric":"population_pressure","dominant_change":"stable","confidence":"low-medium","evidence":["NISRA population/census totals","OSM building density and development-zone proxy","Planning/local development source inventory","Interpolated between available raster/statistical evidence years"]},"geometry":{"type":"Polygon","coordinates":[[[-5.875455,54.571429],[-5.861819,54.571429],[-5.861819,54.584286],[-5.875455,54.584286],[-5.875455,54.571429]]]}},{"type":"Feature","id":"belfast_04_16_2017","properties":{"cell_id":"belfast_04_16","year":2017,"row":4,"col":16,"population_pressure":0.243,"mobility_strain":0.483,"economic_opportunity":0.077,"environmental_exposure":0.31,"fairness_score":0.378,"development_pressure":0.189,"green_cover":0.348,"bike_access":0.057,"transit_access":0.193,"planning_intensity":0.103,"deprivation_weight":0.0,"population_pressure_delta_2016":0.027,"mobility_strain_delta_2016":0.006,"economic_opportunity_delta_2016":0.0,"environmental_exposure_delta_2016":0.003,"fairness_score_delta_2016":-0.002,"population_pressure_delta_previous":0.027,"mobility_strain_delta_previous":0.006,"economic_opportunity_delta_previous":0.0,"environmental_exposure_delta_previous":0.003,"fairness_score_delta_previous":-0.002,"dominant_metric":"population_pressure","dominant_change":"stable","confidence":"low-medium","evidence":["NISRA population/census totals","OSM building density and development-zone proxy","Planning/local development source inventory","Interpolated between available raster/statistical evidence years"]},"geometry":{"type":"Polygon","coordinates":[[[-5.861818,54.571429],[-5.848182,54.571429],[-5.848182,54.584286],[-5.861818,54.584286],[-5.861818,54.571429]]]}},{"type":"Feature","id":"belfast_04_17_2017","properties":{"cell_id":"belfast_04_17","year":2017,"row":4,"col":17,"population_pressure":0.224,"mobility_strain":0.469,"economic_opportunity":0.068,"environmental_exposure":0.307,"fairness_score":0.38,"development_pressure":0.177,"green_cover":0.323,"bike_access":0.05,"transit_access":0.18,"planning_intensity":0.096,"deprivation_weight":0.0,"population_pressure_delta_2016":0.023,"mobility_strain_delta_2016":0.004,"economic_opportunity_delta_2016":0.0,"environmental_exposure_delta_2016":-0.005,"fairness_score_delta_2016":-0.001,"population_pressure_delta_previous":0.023,"mobility_strain_delta_previous":0.004,"economic_opportunity_delta_previous":0.0,"environmental_exposure_delta_previous":-0.005,"fairness_score_delta_previous":-0.001,"dominant_metric":"population_pressure","dominant_change":"stable","confidence":"low-medium","evidence":["NISRA population/census totals","OSM building density and development-zone proxy","Planning/local development source inventory","Interpolated between available raster/statistical evidence years"]},"geometry":{"type":"Polygon","coordinates":[[[-5.848182,54.571429],[-5.834546,54.571429],[-5.834546,54.584286],[-5.848182,54.584286],[-5.848182,54.571429]]]}},{"type":"Feature","id":"belfast_04_18_2017","properties":{"cell_id":"belfast_04_18","year":2017,"row":4,"col":18,"population_pressure":0.224,"mobility_strain":0.468,"economic_opportunity":0.068,"environmental_exposure":0.298,"fairness_score":0.38,"development_pressure":0.177,"green_cover":0.35,"bike_access":0.05,"transit_access":0.18,"planning_intensity":0.097,"deprivation_weight":0.0,"population_pressure_delta_2016":0.018,"mobility_strain_delta_2016":0.002,"economic_opportunity_delta_2016":0.0,"environmental_exposure_delta_2016":-0.007,"fairness_score_delta_2016":-0.001,"population_pressure_delta_previous":0.018,"mobility_strain_delta_previous":0.002,"economic_opportunity_delta_previous":0.0,"environmental_exposure_delta_previous":-0.007,"fairness_score_delta_previous":-0.001,"dominant_metric":"population_pressure","dominant_change":"stable","confidence":"low-medium","evidence":["NISRA population/census totals","OSM building density and development-zone proxy","Planning/local development source inventory","Interpolated between available raster/statistical evidence years"]},"geometry":{"type":"Polygon","coordinates":[[[-5.834545,54.571429],[-5.820909,54.571429],[-5.820909,54.584286],[-5.834545,54.584286],[-5.834545,54.571429]]]}},{"type":"Feature","id":"belfast_04_19_2017","properties":{"cell_id":"belfast_04_19","year":2017,"row":4,"col":19,"population_pressure":0.216,"mobility_strain":0.465,"economic_opportunity":0.068,"environmental_exposure":0.295,"fairness_score":0.381,"development_pressure":0.162,"green_cover":0.36,"bike_access":0.05,"transit_access":0.18,"planning_intensity":0.089,"deprivation_weight":0.0,"population_pressure_delta_2016":0.014,"mobility_strain_delta_2016":0.002,"economic_opportunity_delta_2016":0.0,"environmental_exposure_delta_2016":-0.001,"fairness_score_delta_2016":0.0,"population_pressure_delta_previous":0.014,"mobility_strain_delta_previous":0.002,"economic_opportunity_delta_previous":0.0,"environmental_exposure_delta_previous":-0.001,"fairness_score_delta_previous":0.0,"dominant_metric":"population_pressure","dominant_change":"stable","confidence":"low-medium","evidence":["NISRA population/census totals","OSM building density and development-zone proxy","Planning/local development source inventory","Interpolated between available raster/statistical evidence years"]},"geometry":{"type":"Polygon","coordinates":[[[-5.820909,54.571429],[-5.807273,54.571429],[-5.807273,54.584286],[-5.820909,54.584286],[-5.820909,54.571429]]]}},{"type":"Feature","id":"belfast_04_20_2017","properties":{"cell_id":"belfast_04_20","year":2017,"row":4,"col":20,"population_pressure":0.203,"mobility_strain":0.463,"economic_opportunity":0.068,"environmental_exposure":0.3,"fairness_score":0.382,"development_pressure":0.139,"green_cover":0.345,"bike_access":0.05,"transit_access":0.18,"planning_intensity":0.077,"deprivation_weight":0.0,"population_pressure_delta_2016":0.011,"mobility_strain_delta_2016":0.003,"economic_opportunity_delta_2016":0.0,"environmental_exposure_delta_2016":0.008,"fairness_score_delta_2016":0.0,"population_pressure_delta_previous":0.011,"mobility_strain_delta_previous":0.003,"economic_opportunity_delta_previous":0.0,"environmental_exposure_delta_previous":0.008,"fairness_score_delta_previous":0.0,"dominant_metric":"population_pressure","dominant_change":"stable","confidence":"low-medium","evidence":["NISRA population/census totals","OSM building density and development-zone proxy","Planning/local development source inventory","Interpolated between available raster/statistical evidence years"]},"geometry":{"type":"Polygon","coordinates":[[[-5.807273,54.571429],[-5.793637,54.571429],[-5.793637,54.584286],[-5.807273,54.584286],[-5.807273,54.571429]]]}},{"type":"Feature","id":"belfast_04_21_2017","properties":{"cell_id":"belfast_04_21","year":2017,"row":4,"col":21,"population_pressure":0.192,"mobility_strain":0.461,"economic_opportunity":0.068,"environmental_exposure":0.308,"fairness_score":0.382,"development_pressure":0.118,"green_cover":0.32,"bike_access":0.05,"transit_access":0.18,"planning_intensity":0.067,"deprivation_weight":0.0,"population_pressure_delta_2016":0.013,"mobility_strain_delta_2016":0.004,"economic_opportunity_delta_2016":0.0,"environmental_exposure_delta_2016":0.011,"fairness_score_delta_2016":-0.001,"population_pressure_delta_previous":0.013,"mobility_strain_delta_previous":0.004,"economic_opportunity_delta_previous":0.0,"environmental_exposure_delta_previous":0.011,"fairness_score_delta_previous":-0.001,"dominant_metric":"population_pressure","dominant_change":"stable","confidence":"low-medium","evidence":["NISRA population/census totals","OSM building density and development-zone proxy","Planning/local development source inventory","Interpolated between available raster/statistical evidence years"]},"geometry":{"type":"Polygon","coordinates":[[[-5.793636,54.571429],[-5.78,54.571429],[-5.78,54.584286],[-5.793636,54.584286],[-5.793636,54.571429]]]}},{"type":"Feature","id":"belfast_05_00_2017","properties":{"cell_id":"belfast_05_00","year":2017,"row":5,"col":0,"population_pressure":0.204,"mobility_strain":0.462,"economic_opportunity":0.068,"environmental_exposure":0.293,"fairness_score":0.382,"development_pressure":0.14,"green_cover":0.365,"bike_access":0.05,"transit_access":0.18,"planning_intensity":0.078,"deprivation_weight":0.0,"population_pressure_delta_2016":0.012,"mobility_strain_delta_2016":0.001,"economic_opportunity_delta_2016":0.0,"environmental_exposure_delta_2016":-0.003,"fairness_score_delta_2016":0.0,"population_pressure_delta_previous":0.012,"mobility_strain_delta_previous":0.001,"economic_opportunity_delta_previous":0.0,"environmental_exposure_delta_previous":-0.003,"fairness_score_delta_previous":0.0,"dominant_metric":"population_pressure","dominant_change":"stable","confidence":"low-medium","evidence":["NISRA population/census totals","OSM building density and development-zone proxy","Planning/local development source inventory","Interpolated between available raster/statistical evidence years"]},"geometry":{"type":"Polygon","coordinates":[[[-6.08,54.584286],[-6.066364,54.584286],[-6.066364,54.597143],[-6.08,54.597143],[-6.08,54.584286]]]}},{"type":"Feature","id":"belfast_05_01_2017","properties":{"cell_id":"belfast_05_01","year":2017,"row":5,"col":1,"population_pressure":0.193,"mobility_strain":0.459,"economic_opportunity":0.068,"environmental_exposure":0.297,"fairness_score":0.382,"development_pressure":0.119,"green_cover":0.353,"bike_access":0.05,"transit_access":0.18,"planning_intensity":0.067,"deprivation_weight":0.0,"population_pressure_delta_2016":0.014,"mobility_strain_delta_2016":0.002,"economic_opportunity_delta_2016":0.0,"environmental_exposure_delta_2016":0.006,"fairness_score_delta_2016":-0.001,"population_pressure_delta_previous":0.014,"mobility_strain_delta_previous":0.002,"economic_opportunity_delta_previous":0.0,"environmental_exposure_delta_previous":0.006,"fairness_score_delta_previous":-0.001,"dominant_metric":"population_pressure","dominant_change":"stable","confidence":"low-medium","evidence":["NISRA population/census totals","OSM building density and development-zone proxy","Planning/local development source inventory","Interpolated between available raster/statistical evidence years"]},"geometry":{"type":"Polygon","coordinates":[[[-6.066364,54.584286],[-6.052728,54.584286],[-6.052728,54.597143],[-6.066364,54.597143],[-6.066364,54.584286]]]}},{"type":"Feature","id":"belfast_05_02_2017","properties":{"cell_id":"belfast_05_02","year":2017,"row":5,"col":2,"population_pressure":0.188,"mobility_strain":0.46,"economic_opportunity":0.068,"environmental_exposure":0.306,"fairness_score":0.382,"development_pressure":0.109,"green_cover":0.325,"bike_access":0.05,"transit_access":0.18,"planning_intensity":0.063,"deprivation_weight":0.0,"population_pressure_delta_2016":0.018,"mobility_strain_delta_2016":0.005,"economic_opportunity_delta_2016":0.0,"environmental_exposure_delta_2016":0.011,"fairness_score_delta_2016":-0.002,"population_pressure_delta_previous":0.018,"mobility_strain_delta_previous":0.005,"economic_opportunity_delta_previous":0.0,"environmental_exposure_delta_previous":0.011,"fairness_score_delta_previous":-0.002,"dominant_metric":"population_pressure","dominant_change":"stable","confidence":"low-medium","evidence":["NISRA population/census totals","OSM building density and development-zone proxy","Planning/local development source inventory","Interpolated between available raster/statistical evidence years"]},"geometry":{"type":"Polygon","coordinates":[[[-6.052727,54.584286],[-6.039091,54.584286],[-6.039091,54.597143],[-6.052727,54.597143],[-6.052727,54.584286]]]}},{"type":"Feature","id":"belfast_05_03_2017","properties":{"cell_id":"belfast_05_03","year":2017,"row":5,"col":3,"population_pressure":0.192,"mobility_strain":0.461,"economic_opportunity":0.068,"environmental_exposure":0.311,"fairness_score":0.358,"development_pressure":0.117,"green_cover":0.309,"bike_access":0.05,"transit_access":0.18,"planning_intensity":0.066,"deprivation_weight":0.157,"population_pressure_delta_2016":0.023,"mobility_strain_delta_2016":0.005,"economic_opportunity_delta_2016":0.0,"environmental_exposure_delta_2016":0.006,"fairness_score_delta_2016":-0.002,"population_pressure_delta_previous":0.023,"mobility_strain_delta_previous":0.005,"economic_opportunity_delta_previous":0.0,"environmental_exposure_delta_previous":0.006,"fairness_score_delta_previous":-0.002,"dominant_metric":"population_pressure","dominant_change":"stable","confidence":"low-medium","evidence":["NISRA population/census totals","OSM building density and development-zone proxy","Planning/local development source inventory","Interpolated between available raster/statistical evidence years"]},"geometry":{"type":"Polygon","coordinates":[[[-6.039091,54.584286],[-6.025455,54.584286],[-6.025455,54.597143],[-6.039091,54.597143],[-6.039091,54.584286]]]}},{"type":"Feature","id":"belfast_05_04_2017","properties":{"cell_id":"belfast_05_04","year":2017,"row":5,"col":4,"population_pressure":0.202,"mobility_strain":0.46,"economic_opportunity":0.068,"environmental_exposure":0.285,"fairness_score":0.33,"development_pressure":0.137,"green_cover":0.391,"bike_access":0.05,"transit_access":0.18,"planning_intensity":0.076,"deprivation_weight":0.346,"population_pressure_delta_2016":0.026,"mobility_strain_delta_2016":0.005,"economic_opportunity_delta_2016":0.0,"environmental_exposure_delta_2016":-0.001,"fairness_score_delta_2016":-0.001,"population_pressure_delta_previous":0.026,"mobility_strain_delta_previous":0.005,"economic_opportunity_delta_previous":0.0,"environmental_exposure_delta_previous":-0.001,"fairness_score_delta_previous":-0.001,"dominant_metric":"population_pressure","dominant_change":"stable","confidence":"low-medium","evidence":["NISRA population/census totals","OSM building density and development-zone proxy","Planning/local development source inventory","Interpolated between available raster/statistical evidence years"]},"geometry":{"type":"Polygon","coordinates":[[[-6.025455,54.584286],[-6.011819,54.584286],[-6.011819,54.597143],[-6.025455,54.597143],[-6.025455,54.584286]]]}},{"type":"Feature","id":"belfast_05_05_2017","properties":{"cell_id":"belfast_05_05","year":2017,"row":5,"col":5,"population_pressure":0.249,"mobility_strain":0.463,"economic_opportunity":0.107,"environmental_exposure":0.266,"fairness_score":0.32,"development_pressure":0.179,"green_cover":0.494,"bike_access":0.067,"transit_access":0.262,"planning_intensity":0.088,"deprivation_weight":0.53,"population_pressure_delta_2016":0.026,"mobility_strain_delta_2016":0.005,"economic_opportunity_delta_2016":0.0,"environmental_exposure_delta_2016":-0.007,"fairness_score_delta_2016":-0.001,"population_pressure_delta_previous":0.026,"mobility_strain_delta_previous":0.005,"economic_opportunity_delta_previous":0.0,"environmental_exposure_delta_previous":-0.007,"fairness_score_delta_previous":-0.001,"dominant_metric":"population_pressure","dominant_change":"stable","confidence":"low-medium","evidence":["NISRA population/census totals","OSM building density and development-zone proxy","Planning/local development source inventory","Interpolated between available raster/statistical evidence years"]},"geometry":{"type":"Polygon","coordinates":[[[-6.011818,54.584286],[-5.998182,54.584286],[-5.998182,54.597143],[-6.011818,54.597143],[-6.011818,54.584286]]]}},{"type":"Feature","id":"belfast_05_06_2017","properties":{"cell_id":"belfast_05_06","year":2017,"row":5,"col":6,"population_pressure":0.321,"mobility_strain":0.466,"economic_opportunity":0.213,"environmental_exposure":0.272,"fairness_score":0.343,"development_pressure":0.261,"green_cover":0.557,"bike_access":0.139,"transit_access":0.401,"planning_intensity":0.132,"deprivation_weight":0.698,"population_pressure_delta_2016":0.026,"mobility_strain_delta_2016":0.002,"economic_opportunity_delta_2016":0.002,"environmental_exposure_delta_2016":-0.004,"fairness_score_delta_2016":0.0,"population_pressure_delta_previous":0.026,"mobility_strain_delta_previous":0.002,"economic_opportunity_delta_previous":0.002,"environmental_exposure_delta_previous":-0.004,"fairness_score_delta_previous":0.0,"dominant_metric":"population_pressure","dominant_change":"stable","confidence":"low-medium","evidence":["NISRA population/census totals","OSM building density and development-zone proxy","Planning/local development source inventory","Interpolated between available raster/statistical evidence years"]},"geometry":{"type":"Polygon","coordinates":[[[-5.998182,54.584286],[-5.984546,54.584286],[-5.984546,54.597143],[-5.998182,54.597143],[-5.998182,54.584286]]]}},{"type":"Feature","id":"belfast_05_07_2017","properties":{"cell_id":"belfast_05_07","year":2017,"row":5,"col":7,"population_pressure":0.395,"mobility_strain":0.48,"economic_opportunity":0.377,"environmental_exposure":0.299,"fairness_score":0.394,"development_pressure":0.346,"green_cover":0.571,"bike_access":0.209,"transit_access":0.539,"planning_intensity":0.184,"deprivation_weight":0.807,"population_pressure_delta_2016":0.025,"mobility_strain_delta_2016":0.001,"economic_opportunity_delta_2016":0.004,"environmental_exposure_delta_2016":0.006,"fairness_score_delta_2016":0.001,"population_pressure_delta_previous":0.025,"mobility_strain_delta_previous":0.001,"economic_opportunity_delta_previous":0.004,"environmental_exposure_delta_previous":0.006,"fairness_score_delta_previous":0.001,"dominant_metric":"population_pressure","dominant_change":"stable","confidence":"low-medium","evidence":["NISRA population/census totals","OSM building density and development-zone proxy","Planning/local development source inventory","Interpolated between available raster/statistical evidence years"]},"geometry":{"type":"Polygon","coordinates":[[[-5.984545,54.584286],[-5.970909,54.584286],[-5.970909,54.597143],[-5.984545,54.597143],[-5.984545,54.584286]]]}},{"type":"Feature","id":"belfast_05_08_2017","properties":{"cell_id":"belfast_05_08","year":2017,"row":5,"col":8,"population_pressure":0.465,"mobility_strain":0.494,"economic_opportunity":0.537,"environmental_exposure":0.31,"fairness_score":0.459,"development_pressure":0.424,"green_cover":0.634,"bike_access":0.27,"transit_access":0.677,"planning_intensity":0.234,"deprivation_weight":0.754,"population_pressure_delta_2016":0.024,"mobility_strain_delta_2016":-0.001,"economic_opportunity_delta_2016":0.005,"environmental_exposure_delta_2016":0.012,"fairness_score_delta_2016":0.002,"population_pressure_delta_previous":0.024,"mobility_strain_delta_previous":-0.001,"economic_opportunity_delta_previous":0.005,"environmental_exposure_delta_previous":0.012,"fairness_score_delta_previous":0.002,"dominant_metric":"population_pressure","dominant_change":"stable","confidence":"low-medium","evidence":["NISRA population/census totals","OSM building density and development-zone proxy","Planning/local development source inventory","Interpolated between available raster/statistical evidence years"]},"geometry":{"type":"Polygon","coordinates":[[[-5.970909,54.584286],[-5.957273,54.584286],[-5.957273,54.597143],[-5.970909,54.597143],[-5.970909,54.584286]]]}},{"type":"Feature","id":"belfast_05_09_2017","properties":{"cell_id":"belfast_05_09","year":2017,"row":5,"col":9,"population_pressure":0.534,"mobility_strain":0.523,"economic_opportunity":0.668,"environmental_exposure":0.366,"fairness_score":0.509,"development_pressure":0.49,"green_cover":0.655,"bike_access":0.285,"transit_access":0.771,"planning_intensity":0.322,"deprivation_weight":0.6,"population_pressure_delta_2016":0.026,"mobility_strain_delta_2016":-0.002,"economic_opportunity_delta_2016":0.005,"environmental_exposure_delta_2016":0.01,"fairness_score_delta_2016":0.002,"population_pressure_delta_previous":0.026,"mobility_strain_delta_previous":-0.002,"economic_opportunity_delta_previous":0.005,"environmental_exposure_delta_previous":0.01,"fairness_score_delta_previous":0.002,"dominant_metric":"population_pressure","dominant_change":"stable","confidence":"low-medium","evidence":["NISRA population/census totals","OSM building density and development-zone proxy","Planning/local development source inventory","Interpolated between available raster/statistical evidence years"]},"geometry":{"type":"Polygon","coordinates":[[[-5.957273,54.584286],[-5.943637,54.584286],[-5.943637,54.597143],[-5.957273,54.597143],[-5.957273,54.584286]]]}},{"type":"Feature","id":"belfast_05_10_2017","properties":{"cell_id":"belfast_05_10","year":2017,"row":5,"col":10,"population_pressure":0.592,"mobility_strain":0.574,"economic_opportunity":0.715,"environmental_exposure":0.514,"fairness_score":0.509,"development_pressure":0.541,"green_cover":0.622,"bike_access":0.312,"transit_access":0.726,"planning_intensity":0.414,"deprivation_weight":0.523,"population_pressure_delta_2016":0.031,"mobility_strain_delta_2016":-0.002,"economic_opportunity_delta_2016":0.006,"environmental_exposure_delta_2016":0.002,"fairness_score_delta_2016":0.003,"population_pressure_delta_previous":0.031,"mobility_strain_delta_previous":-0.002,"economic_opportunity_delta_previous":0.006,"environmental_exposure_delta_previous":0.002,"fairness_score_delta_previous":0.003,"dominant_metric":"population_pressure","dominant_change":"stable","confidence":"low-medium","evidence":["NISRA population/census totals","OSM building density and development-zone proxy","Planning/local development source inventory","Interpolated between available raster/statistical evidence years"]},"geometry":{"type":"Polygon","coordinates":[[[-5.943636,54.584286],[-5.93,54.584286],[-5.93,54.597143],[-5.943636,54.597143],[-5.943636,54.584286]]]}},{"type":"Feature","id":"belfast_05_11_2017","properties":{"cell_id":"belfast_05_11","year":2017,"row":5,"col":11,"population_pressure":0.593,"mobility_strain":0.577,"economic_opportunity":0.72,"environmental_exposure":0.552,"fairness_score":0.518,"development_pressure":0.537,"green_cover":0.607,"bike_access":0.293,"transit_access":0.737,"planning_intensity":0.431,"deprivation_weight":0.393,"population_pressure_delta_2016":0.036,"mobility_strain_delta_2016":-0.001,"economic_opportunity_delta_2016":0.005,"environmental_exposure_delta_2016":-0.005,"fairness_score_delta_2016":0.001,"population_pressure_delta_previous":0.036,"mobility_strain_delta_previous":-0.001,"economic_opportunity_delta_previous":0.005,"environmental_exposure_delta_previous":-0.005,"fairness_score_delta_previous":0.001,"dominant_metric":"population_pressure","dominant_change":"worsened","confidence":"low-medium","evidence":["NISRA population/census totals","OSM building density and development-zone proxy","Planning/local development source inventory","Interpolated between available raster/statistical evidence years"]},"geometry":{"type":"Polygon","coordinates":[[[-5.93,54.584286],[-5.916364,54.584286],[-5.916364,54.597143],[-5.93,54.597143],[-5.93,54.584286]]]}},{"type":"Feature","id":"belfast_05_12_2017","properties":{"cell_id":"belfast_05_12","year":2017,"row":5,"col":12,"population_pressure":0.561,"mobility_strain":0.568,"economic_opportunity":0.691,"environmental_exposure":0.42,"fairness_score":0.519,"development_pressure":0.53,"green_cover":0.632,"bike_access":0.276,"transit_access":0.697,"planning_intensity":0.377,"deprivation_weight":0.268,"population_pressure_delta_2016":0.041,"mobility_strain_delta_2016":0.0,"economic_opportunity_delta_2016":0.005,"environmental_exposure_delta_2016":-0.004,"fairness_score_delta_2016":0.002,"population_pressure_delta_previous":0.041,"mobility_strain_delta_previous":0.0,"economic_opportunity_delta_previous":0.005,"environmental_exposure_delta_previous":-0.004,"fairness_score_delta_previous":0.002,"dominant_metric":"population_pressure","dominant_change":"worsened","confidence":"low-medium","evidence":["NISRA population/census totals","OSM building density and development-zone proxy","Planning/local development source inventory","Interpolated between available raster/statistical evidence years"]},"geometry":{"type":"Polygon","coordinates":[[[-5.916364,54.584286],[-5.902728,54.584286],[-5.902728,54.597143],[-5.916364,54.597143],[-5.916364,54.584286]]]}},{"type":"Feature","id":"belfast_05_13_2017","properties":{"cell_id":"belfast_05_13","year":2017,"row":5,"col":13,"population_pressure":0.493,"mobility_strain":0.54,"economic_opportunity":0.561,"environmental_exposure":0.312,"fairness_score":0.482,"development_pressure":0.47,"green_cover":0.678,"bike_access":0.28,"transit_access":0.58,"planning_intensity":0.28,"deprivation_weight":0.278,"population_pressure_delta_2016":0.041,"mobility_strain_delta_2016":0.001,"economic_opportunity_delta_2016":0.006,"environmental_exposure_delta_2016":0.005,"fairness_score_delta_2016":0.001,"population_pressure_delta_previous":0.041,"mobility_strain_delta_previous":0.001,"economic_opportunity_delta_previous":0.006,"environmental_exposure_delta_previous":0.005,"fairness_score_delta_previous":0.001,"dominant_metric":"population_pressure","dominant_change":"worsened","confidence":"low-medium","evidence":["NISRA population/census totals","OSM building density and development-zone proxy","Planning/local development source inventory","Interpolated between available raster/statistical evidence years"]},"geometry":{"type":"Polygon","coordinates":[[[-5.902727,54.584286],[-5.889091,54.584286],[-5.889091,54.597143],[-5.902727,54.597143],[-5.902727,54.584286]]]}},{"type":"Feature","id":"belfast_05_14_2017","properties":{"cell_id":"belfast_05_14","year":2017,"row":5,"col":14,"population_pressure":0.44,"mobility_strain":0.531,"economic_opportunity":0.413,"environmental_exposure":0.308,"fairness_score":0.44,"development_pressure":0.423,"green_cover":0.605,"bike_access":0.225,"transit_access":0.469,"planning_intensity":0.249,"deprivation_weight":0.237,"population_pressure_delta_2016":0.038,"mobility_strain_delta_2016":0.004,"economic_opportunity_delta_2016":0.004,"environmental_exposure_delta_2016":0.013,"fairness_score_delta_2016":0.0,"population_pressure_delta_previous":0.038,"mobility_strain_delta_previous":0.004,"economic_opportunity_delta_previous":0.004,"environmental_exposure_delta_previous":0.013,"fairness_score_delta_previous":0.0,"dominant_metric":"population_pressure","dominant_change":"worsened","confidence":"low-medium","evidence":["NISRA population/census totals","OSM building density and development-zone proxy","Planning/local development source inventory","Interpolated between available raster/statistical evidence years"]},"geometry":{"type":"Polygon","coordinates":[[[-5.889091,54.584286],[-5.875455,54.584286],[-5.875455,54.597143],[-5.889091,54.597143],[-5.889091,54.584286]]]}},{"type":"Feature","id":"belfast_05_15_2017","properties":{"cell_id":"belfast_05_15","year":2017,"row":5,"col":15,"population_pressure":0.381,"mobility_strain":0.526,"economic_opportunity":0.287,"environmental_exposure":0.317,"fairness_score":0.409,"development_pressure":0.365,"green_cover":0.489,"bike_access":0.156,"transit_access":0.349,"planning_intensity":0.215,"deprivation_weight":0.152,"population_pressure_delta_2016":0.032,"mobility_strain_delta_2016":0.005,"economic_opportunity_delta_2016":0.003,"environmental_exposure_delta_2016":0.011,"fairness_score_delta_2016":-0.001,"population_pressure_delta_previous":0.032,"mobility_strain_delta_previous":0.005,"economic_opportunity_delta_previous":0.003,"environmental_exposure_delta_previous":0.011,"fairness_score_delta_previous":-0.001,"dominant_metric":"population_pressure","dominant_change":"stable","confidence":"low-medium","evidence":["NISRA population/census totals","OSM building density and development-zone proxy","Planning/local development source inventory","Interpolated between available raster/statistical evidence years"]},"geometry":{"type":"Polygon","coordinates":[[[-5.875455,54.584286],[-5.861819,54.584286],[-5.861819,54.597143],[-5.875455,54.597143],[-5.875455,54.584286]]]}},{"type":"Feature","id":"belfast_05_16_2017","properties":{"cell_id":"belfast_05_16","year":2017,"row":5,"col":16,"population_pressure":0.307,"mobility_strain":0.515,"economic_opportunity":0.143,"environmental_exposure":0.317,"fairness_score":0.384,"development_pressure":0.281,"green_cover":0.397,"bike_access":0.084,"transit_access":0.221,"planning_intensity":0.163,"deprivation_weight":0.034,"population_pressure_delta_2016":0.023,"mobility_strain_delta_2016":0.004,"economic_opportunity_delta_2016":0.001,"environmental_exposure_delta_2016":0.004,"fairness_score_delta_2016":-0.001,"population_pressure_delta_previous":0.023,"mobility_strain_delta_previous":0.004,"economic_opportunity_delta_previous":0.001,"environmental_exposure_delta_previous":0.004,"fairness_score_delta_previous":-0.001,"dominant_metric":"population_pressure","dominant_change":"stable","confidence":"low-medium","evidence":["NISRA population/census totals","OSM building density and development-zone proxy","Planning/local development source inventory","Interpolated between available raster/statistical evidence years"]},"geometry":{"type":"Polygon","coordinates":[[[-5.861818,54.584286],[-5.848182,54.584286],[-5.848182,54.597143],[-5.861818,54.597143],[-5.861818,54.584286]]]}},{"type":"Feature","id":"belfast_05_17_2017","properties":{"cell_id":"belfast_05_17","year":2017,"row":5,"col":17,"population_pressure":0.224,"mobility_strain":0.473,"economic_opportunity":0.068,"environmental_exposure":0.306,"fairness_score":0.378,"development_pressure":0.176,"green_cover":0.334,"bike_access":0.05,"transit_access":0.18,"planning_intensity":0.1,"deprivation_weight":0.0,"population_pressure_delta_2016":0.015,"mobility_strain_delta_2016":0.001,"economic_opportunity_delta_2016":0.0,"environmental_exposure_delta_2016":-0.007,"fairness_score_delta_2016":-0.001,"population_pressure_delta_previous":0.015,"mobility_strain_delta_previous":0.001,"economic_opportunity_delta_previous":0.0,"environmental_exposure_delta_previous":-0.007,"fairness_score_delta_previous":-0.001,"dominant_metric":"population_pressure","dominant_change":"stable","confidence":"low-medium","evidence":["NISRA population/census totals","OSM building density and development-zone proxy","Planning/local development source inventory","Interpolated between available raster/statistical evidence years"]},"geometry":{"type":"Polygon","coordinates":[[[-5.848182,54.584286],[-5.834546,54.584286],[-5.834546,54.597143],[-5.848182,54.597143],[-5.848182,54.584286]]]}},{"type":"Feature","id":"belfast_05_18_2017","properties":{"cell_id":"belfast_05_18","year":2017,"row":5,"col":18,"population_pressure":0.203,"mobility_strain":0.462,"economic_opportunity":0.068,"environmental_exposure":0.296,"fairness_score":0.382,"development_pressure":0.139,"green_cover":0.357,"bike_access":0.05,"transit_access":0.18,"planning_intensity":0.077,"deprivation_weight":0.0,"population_pressure_delta_2016":0.011,"mobility_strain_delta_2016":0.0,"economic_opportunity_delta_2016":0.0,"environmental_exposure_delta_2016":-0.008,"fairness_score_delta_2016":0.0,"population_pressure_delta_previous":0.011,"mobility_strain_delta_previous":0.0,"economic_opportunity_delta_previous":0.0,"environmental_exposure_delta_previous":-0.008,"fairness_score_delta_previous":0.0,"dominant_metric":"population_pressure","dominant_change":"stable","confidence":"low-medium","evidence":["NISRA population/census totals","OSM building density and development-zone proxy","Planning/local development source inventory","Interpolated between available raster/statistical evidence years"]},"geometry":{"type":"Polygon","coordinates":[[[-5.834545,54.584286],[-5.820909,54.584286],[-5.820909,54.597143],[-5.834545,54.597143],[-5.834545,54.584286]]]}},{"type":"Feature","id":"belfast_05_19_2017","properties":{"cell_id":"belfast_05_19","year":2017,"row":5,"col":19,"population_pressure":0.192,"mobility_strain":0.459,"economic_opportunity":0.068,"environmental_exposure":0.292,"fairness_score":0.383,"development_pressure":0.118,"green_cover":0.368,"bike_access":0.05,"transit_access":0.18,"planning_intensity":0.067,"deprivation_weight":0.0,"population_pressure_delta_2016":0.013,"mobility_strain_delta_2016":0.002,"economic_opportunity_delta_2016":0.0,"environmental_exposure_delta_2016":-0.001,"fairness_score_delta_2016":0.0,"population_pressure_delta_previous":0.013,"mobility_strain_delta_previous":0.002,"economic_opportunity_delta_previous":0.0,"environmental_exposure_delta_previous":-0.001,"fairness_score_delta_previous":0.0,"dominant_metric":"population_pressure","dominant_change":"stable","confidence":"low-medium","evidence":["NISRA population/census totals","OSM building density and development-zone proxy","Planning/local development source inventory","Interpolated between available raster/statistical evidence years"]},"geometry":{"type":"Polygon","coordinates":[[[-5.820909,54.584286],[-5.807273,54.584286],[-5.807273,54.597143],[-5.820909,54.597143],[-5.820909,54.584286]]]}},{"type":"Feature","id":"belfast_05_20_2017","properties":{"cell_id":"belfast_05_20","year":2017,"row":5,"col":20,"population_pressure":0.188,"mobility_strain":0.458,"economic_opportunity":0.068,"environmental_exposure":0.298,"fairness_score":0.383,"development_pressure":0.109,"green_cover":0.35,"bike_access":0.05,"transit_access":0.18,"planning_intensity":0.063,"deprivation_weight":0.0,"population_pressure_delta_2016":0.018,"mobility_strain_delta_2016":0.004,"economic_opportunity_delta_2016":0.0,"environmental_exposure_delta_2016":0.008,"fairness_score_delta_2016":-0.001,"population_pressure_delta_previous":0.018,"mobility_strain_delta_previous":0.004,"economic_opportunity_delta_previous":0.0,"environmental_exposure_delta_previous":0.008,"fairness_score_delta_previous":-0.001,"dominant_metric":"population_pressure","dominant_change":"stable","confidence":"low-medium","evidence":["NISRA population/census totals","OSM building density and development-zone proxy","Planning/local development source inventory","Interpolated between available raster/statistical evidence years"]},"geometry":{"type":"Polygon","coordinates":[[[-5.807273,54.584286],[-5.793637,54.584286],[-5.793637,54.597143],[-5.807273,54.597143],[-5.807273,54.584286]]]}},{"type":"Feature","id":"belfast_05_21_2017","properties":{"cell_id":"belfast_05_21","year":2017,"row":5,"col":21,"population_pressure":0.192,"mobility_strain":0.461,"economic_opportunity":0.068,"environmental_exposure":0.308,"fairness_score":0.382,"development_pressure":0.117,"green_cover":0.32,"bike_access":0.05,"transit_access":0.18,"planning_intensity":0.067,"deprivation_weight":0.0,"population_pressure_delta_2016":0.023,"mobility_strain_delta_2016":0.006,"economic_opportunity_delta_2016":0.0,"environmental_exposure_delta_2016":0.012,"fairness_score_delta_2016":-0.002,"population_pressure_delta_previous":0.023,"mobility_strain_delta_previous":0.006,"economic_opportunity_delta_previous":0.0,"environmental_exposure_delta_previous":0.012,"fairness_score_delta_previous":-0.002,"dominant_metric":"population_pressure","dominant_change":"stable","confidence":"low-medium","evidence":["NISRA population/census totals","OSM building density and development-zone proxy","Planning/local development source inventory","Interpolated between available raster/statistical evidence years"]},"geometry":{"type":"Polygon","coordinates":[[[-5.793636,54.584286],[-5.78,54.584286],[-5.78,54.597143],[-5.793636,54.597143],[-5.793636,54.584286]]]}},{"type":"Feature","id":"belfast_06_00_2017","properties":{"cell_id":"belfast_06_00","year":2017,"row":6,"col":0,"population_pressure":0.188,"mobility_strain":0.457,"economic_opportunity":0.068,"environmental_exposure":0.291,"fairness_score":0.383,"development_pressure":0.109,"green_cover":0.37,"bike_access":0.05,"transit_access":0.18,"planning_intensity":0.063,"deprivation_weight":0.0,"population_pressure_delta_2016":0.018,"mobility_strain_delta_2016":0.002,"economic_opportunity_delta_2016":0.0,"environmental_exposure_delta_2016":-0.003,"fairness_score_delta_2016":-0.001,"population_pressure_delta_previous":0.018,"mobility_strain_delta_previous":0.002,"economic_opportunity_delta_previous":0.0,"environmental_exposure_delta_previous":-0.003,"fairness_score_delta_previous":-0.001,"dominant_metric":"population_pressure","dominant_change":"stable","confidence":"low-medium","evidence":["NISRA population/census totals","OSM building density and development-zone proxy","Planning/local development source inventory","Interpolated between available raster/statistical evidence years"]},"geometry":{"type":"Polygon","coordinates":[[[-6.08,54.597143],[-6.066364,54.597143],[-6.066364,54.61],[-6.08,54.61],[-6.08,54.597143]]]}},{"type":"Feature","id":"belfast_06_01_2017","properties":{"cell_id":"belfast_06_01","year":2017,"row":6,"col":1,"population_pressure":0.192,"mobility_strain":0.459,"economic_opportunity":0.068,"environmental_exposure":0.297,"fairness_score":0.383,"development_pressure":0.117,"green_cover":0.353,"bike_access":0.05,"transit_access":0.18,"planning_intensity":0.066,"deprivation_weight":0.0,"population_pressure_delta_2016":0.023,"mobility_strain_delta_2016":0.005,"economic_opportunity_delta_2016":0.0,"environmental_exposure_delta_2016":0.007,"fairness_score_delta_2016":-0.001,"population_pressure_delta_previous":0.023,"mobility_strain_delta_previous":0.005,"economic_opportunity_delta_previous":0.0,"environmental_exposure_delta_previous":0.007,"fairness_score_delta_previous":-0.001,"dominant_metric":"population_pressure","dominant_change":"stable","confidence":"low-medium","evidence":["NISRA population/census totals","OSM building density and development-zone proxy","Planning/local development source inventory","Interpolated between available raster/statistical evidence years"]},"geometry":{"type":"Polygon","coordinates":[[[-6.066364,54.597143],[-6.052728,54.597143],[-6.052728,54.61],[-6.066364,54.61],[-6.066364,54.597143]]]}},{"type":"Feature","id":"belfast_06_02_2017","properties":{"cell_id":"belfast_06_02","year":2017,"row":6,"col":2,"population_pressure":0.202,"mobility_strain":0.464,"economic_opportunity":0.068,"environmental_exposure":0.308,"fairness_score":0.381,"development_pressure":0.137,"green_cover":0.321,"bike_access":0.05,"transit_access":0.18,"planning_intensity":0.076,"deprivation_weight":0.0,"population_pressure_delta_2016":0.026,"mobility_strain_delta_2016":0.007,"economic_opportunity_delta_2016":0.0,"environmental_exposure_delta_2016":0.012,"fairness_score_delta_2016":-0.002,"population_pressure_delta_previous":0.026,"mobility_strain_delta_previous":0.007,"economic_opportunity_delta_previous":0.0,"environmental_exposure_delta_previous":0.012,"fairness_score_delta_previous":-0.002,"dominant_metric":"population_pressure","dominant_change":"stable","confidence":"low-medium","evidence":["NISRA population/census totals","OSM building density and development-zone proxy","Planning/local development source inventory","Interpolated between available raster/statistical evidence years"]},"geometry":{"type":"Polygon","coordinates":[[[-6.052727,54.597143],[-6.039091,54.597143],[-6.039091,54.61],[-6.052727,54.61],[-6.052727,54.597143]]]}},{"type":"Feature","id":"belfast_06_03_2017","properties":{"cell_id":"belfast_06_03","year":2017,"row":6,"col":3,"population_pressure":0.215,"mobility_strain":0.467,"economic_opportunity":0.068,"environmental_exposure":0.307,"fairness_score":0.375,"development_pressure":0.161,"green_cover":0.324,"bike_access":0.05,"transit_access":0.18,"planning_intensity":0.088,"deprivation_weight":0.036,"population_pressure_delta_2016":0.026,"mobility_strain_delta_2016":0.007,"economic_opportunity_delta_2016":0.0,"environmental_exposure_delta_2016":0.008,"fairness_score_delta_2016":-0.002,"population_pressure_delta_previous":0.026,"mobility_strain_delta_previous":0.007,"economic_opportunity_delta_previous":0.0,"environmental_exposure_delta_previous":0.008,"fairness_score_delta_previous":-0.002,"dominant_metric":"population_pressure","dominant_change":"stable","confidence":"low-medium","evidence":["NISRA population/census totals","OSM building density and development-zone proxy","Planning/local development source inventory","Interpolated between available raster/statistical evidence years"]},"geometry":{"type":"Polygon","coordinates":[[[-6.039091,54.597143],[-6.025455,54.597143],[-6.025455,54.61],[-6.039091,54.61],[-6.039091,54.597143]]]}},{"type":"Feature","id":"belfast_06_04_2017","properties":{"cell_id":"belfast_06_04","year":2017,"row":6,"col":4,"population_pressure":0.224,"mobility_strain":0.463,"economic_opportunity":0.068,"environmental_exposure":0.269,"fairness_score":0.352,"development_pressure":0.177,"green_cover":0.439,"bike_access":0.05,"transit_access":0.18,"planning_intensity":0.096,"deprivation_weight":0.196,"population_pressure_delta_2016":0.024,"mobility_strain_delta_2016":0.004,"economic_opportunity_delta_2016":0.0,"environmental_exposure_delta_2016":-0.002,"fairness_score_delta_2016":-0.001,"population_pressure_delta_previous":0.024,"mobility_strain_delta_previous":0.004,"economic_opportunity_delta_previous":0.0,"environmental_exposure_delta_previous":-0.002,"fairness_score_delta_previous":-0.001,"dominant_metric":"population_pressure","dominant_change":"stable","confidence":"low-medium","evidence":["NISRA population/census totals","OSM building density and development-zone proxy","Planning/local development source inventory","Interpolated between available raster/statistical evidence years"]},"geometry":{"type":"Polygon","coordinates":[[[-6.025455,54.597143],[-6.011819,54.597143],[-6.011819,54.61],[-6.025455,54.61],[-6.025455,54.597143]]]}},{"type":"Feature","id":"belfast_06_05_2017","properties":{"cell_id":"belfast_06_05","year":2017,"row":6,"col":5,"population_pressure":0.259,"mobility_strain":0.469,"economic_opportunity":0.095,"environmental_exposure":0.242,"fairness_score":0.339,"development_pressure":0.196,"green_cover":0.57,"bike_access":0.064,"transit_access":0.227,"planning_intensity":0.097,"deprivation_weight":0.336,"population_pressure_delta_2016":0.019,"mobility_strain_delta_2016":0.002,"economic_opportunity_delta_2016":0.0,"environmental_exposure_delta_2016":-0.007,"fairness_score_delta_2016":-0.001,"population_pressure_delta_previous":0.019,"mobility_strain_delta_previous":0.002,"economic_opportunity_delta_previous":0.0,"environmental_exposure_delta_previous":-0.007,"fairness_score_delta_previous":-0.001,"dominant_metric":"population_pressure","dominant_change":"stable","confidence":"low-medium","evidence":["NISRA population/census totals","OSM building density and development-zone proxy","Planning/local development source inventory","Interpolated between available raster/statistical evidence years"]},"geometry":{"type":"Polygon","coordinates":[[[-6.011818,54.597143],[-5.998182,54.597143],[-5.998182,54.61],[-6.011818,54.61],[-6.011818,54.597143]]]}},{"type":"Feature","id":"belfast_06_06_2017","properties":{"cell_id":"belfast_06_06","year":2017,"row":6,"col":6,"population_pressure":0.309,"mobility_strain":0.473,"economic_opportunity":0.151,"environmental_exposure":0.229,"fairness_score":0.345,"development_pressure":0.239,"green_cover":0.685,"bike_access":0.091,"transit_access":0.355,"planning_intensity":0.119,"deprivation_weight":0.472,"population_pressure_delta_2016":0.016,"mobility_strain_delta_2016":0.001,"economic_opportunity_delta_2016":0.0,"environmental_exposure_delta_2016":-0.004,"fairness_score_delta_2016":0.0,"population_pressure_delta_previous":0.016,"mobility_strain_delta_previous":0.001,"economic_opportunity_delta_previous":0.0,"environmental_exposure_delta_previous":-0.004,"fairness_score_delta_previous":0.0,"dominant_metric":"population_pressure","dominant_change":"stable","confidence":"low-medium","evidence":["NISRA population/census totals","OSM building density and development-zone proxy","Planning/local development source inventory","Interpolated between available raster/statistical evidence years"]},"geometry":{"type":"Polygon","coordinates":[[[-5.998182,54.597143],[-5.984546,54.597143],[-5.984546,54.61],[-5.998182,54.61],[-5.998182,54.597143]]]}},{"type":"Feature","id":"belfast_06_07_2017","properties":{"cell_id":"belfast_06_07","year":2017,"row":6,"col":7,"population_pressure":0.377,"mobility_strain":0.495,"economic_opportunity":0.299,"environmental_exposure":0.253,"fairness_score":0.372,"development_pressure":0.312,"green_cover":0.714,"bike_access":0.144,"transit_access":0.473,"planning_intensity":0.167,"deprivation_weight":0.664,"population_pressure_delta_2016":0.018,"mobility_strain_delta_2016":0.001,"economic_opportunity_delta_2016":0.001,"environmental_exposure_delta_2016":0.005,"fairness_score_delta_2016":0.0,"population_pressure_delta_previous":0.018,"mobility_strain_delta_previous":0.001,"economic_opportunity_delta_previous":0.001,"environmental_exposure_delta_previous":0.005,"fairness_score_delta_previous":0.0,"dominant_metric":"population_pressure","dominant_change":"stable","confidence":"low-medium","evidence":["NISRA population/census totals","OSM building density and development-zone proxy","Planning/local development source inventory","Interpolated between available raster/statistical evidence years"]},"geometry":{"type":"Polygon","coordinates":[[[-5.984545,54.597143],[-5.970909,54.597143],[-5.970909,54.61],[-5.984545,54.61],[-5.984545,54.597143]]]}},{"type":"Feature","id":"belfast_06_08_2017","properties":{"cell_id":"belfast_06_08","year":2017,"row":6,"col":8,"population_pressure":0.445,"mobility_strain":0.532,"economic_opportunity":0.445,"environmental_exposure":0.332,"fairness_score":0.399,"development_pressure":0.385,"green_cover":0.572,"bike_access":0.182,"transit_access":0.57,"planning_intensity":0.216,"deprivation_weight":0.845,"population_pressure_delta_2016":0.024,"mobility_strain_delta_2016":0.002,"economic_opportunity_delta_2016":0.003,"environmental_exposure_delta_2016":0.012,"fairness_score_delta_2016":0.0,"population_pressure_delta_previous":0.024,"mobility_strain_delta_previous":0.002,"economic_opportunity_delta_previous":0.003,"environmental_exposure_delta_previous":0.012,"fairness_score_delta_previous":0.0,"dominant_metric":"population_pressure","dominant_change":"stable","confidence":"low-medium","evidence":["NISRA population/census totals","OSM building density and development-zone proxy","Planning/local development source inventory","Interpolated between available raster/statistical evidence years"]},"geometry":{"type":"Polygon","coordinates":[[[-5.970909,54.597143],[-5.957273,54.597143],[-5.957273,54.61],[-5.970909,54.61],[-5.970909,54.597143]]]}},{"type":"Feature","id":"belfast_06_09_2017","properties":{"cell_id":"belfast_06_09","year":2017,"row":6,"col":9,"population_pressure":0.52,"mobility_strain":0.565,"economic_opportunity":0.585,"environmental_exposure":0.382,"fairness_score":0.439,"development_pressure":0.468,"green_cover":0.516,"bike_access":0.236,"transit_access":0.654,"planning_intensity":0.294,"deprivation_weight":0.894,"population_pressure_delta_2016":0.032,"mobility_strain_delta_2016":0.003,"economic_opportunity_delta_2016":0.004,"environmental_exposure_delta_2016":0.01,"fairness_score_delta_2016":0.001,"population_pressure_delta_previous":0.032,"mobility_strain_delta_previous":0.003,"economic_opportunity_delta_previous":0.004,"environmental_exposure_delta_previous":0.01,"fairness_score_delta_previous":0.001,"dominant_metric":"population_pressure","dominant_change":"stable","confidence":"low-medium","evidence":["NISRA population/census totals","OSM building density and development-zone proxy","Planning/local development source inventory","Interpolated between available raster/statistical evidence years"]},"geometry":{"type":"Polygon","coordinates":[[[-5.957273,54.597143],[-5.943637,54.597143],[-5.943637,54.61],[-5.957273,54.61],[-5.957273,54.597143]]]}},{"type":"Feature","id":"belfast_06_10_2017","properties":{"cell_id":"belfast_06_10","year":2017,"row":6,"col":10,"population_pressure":0.598,"mobility_strain":0.581,"economic_opportunity":0.724,"environmental_exposure":0.52,"fairness_score":0.502,"development_pressure":0.554,"green_cover":0.499,"bike_access":0.291,"transit_access":0.772,"planning_intensity":0.405,"deprivation_weight":0.726,"population_pressure_delta_2016":0.042,"mobility_strain_delta_2016":0.002,"economic_opportunity_delta_2016":0.006,"environmental_exposure_delta_2016":0.003,"fairness_score_delta_2016":0.001,"population_pressure_delta_previous":0.042,"mobility_strain_delta_previous":0.002,"economic_opportunity_delta_previous":0.006,"environmental_exposure_delta_previous":0.003,"fairness_score_delta_previous":0.001,"dominant_metric":"population_pressure","dominant_change":"worsened","confidence":"low-medium","evidence":["NISRA population/census totals","OSM building density and development-zone proxy","Planning/local development source inventory","Interpolated between available raster/statistical evidence years"]},"geometry":{"type":"Polygon","coordinates":[[[-5.943636,54.597143],[-5.93,54.597143],[-5.93,54.61],[-5.943636,54.61],[-5.943636,54.597143]]]}},{"type":"Feature","id":"belfast_06_11_2017","properties":{"cell_id":"belfast_06_11","year":2017,"row":6,"col":11,"population_pressure":0.618,"mobility_strain":0.588,"economic_opportunity":0.778,"environmental_exposure":0.581,"fairness_score":0.52,"development_pressure":0.581,"green_cover":0.548,"bike_access":0.335,"transit_access":0.719,"planning_intensity":0.46,"deprivation_weight":0.571,"population_pressure_delta_2016":0.045,"mobility_strain_delta_2016":0.0,"economic_opportunity_delta_2016":0.007,"environmental_exposure_delta_2016":-0.003,"fairness_score_delta_2016":0.002,"population_pressure_delta_previous":0.045,"mobility_strain_delta_previous":0.0,"economic_opportunity_delta_previous":0.007,"environmental_exposure_delta_previous":-0.003,"fairness_score_delta_previous":0.002,"dominant_metric":"population_pressure","dominant_change":"worsened","confidence":"low-medium","evidence":["NISRA population/census totals","OSM building density and development-zone proxy","Planning/local development source inventory","Interpolated between available raster/statistical evidence years"]},"geometry":{"type":"Polygon","coordinates":[[[-5.93,54.597143],[-5.916364,54.597143],[-5.916364,54.61],[-5.93,54.61],[-5.93,54.597143]]]}},{"type":"Feature","id":"belfast_06_12_2017","properties":{"cell_id":"belfast_06_12","year":2017,"row":6,"col":12,"population_pressure":0.607,"mobility_strain":0.571,"economic_opportunity":0.731,"environmental_exposure":0.473,"fairness_score":0.516,"development_pressure":0.609,"green_cover":0.583,"bike_access":0.304,"transit_access":0.778,"planning_intensity":0.441,"deprivation_weight":0.574,"population_pressure_delta_2016":0.046,"mobility_strain_delta_2016":0.001,"economic_opportunity_delta_2016":0.007,"environmental_exposure_delta_2016":-0.002,"fairness_score_delta_2016":0.001,"population_pressure_delta_previous":0.046,"mobility_strain_delta_previous":0.001,"economic_opportunity_delta_previous":0.007,"environmental_exposure_delta_previous":-0.002,"fairness_score_delta_previous":0.001,"dominant_metric":"population_pressure","dominant_change":"worsened","confidence":"low-medium","evidence":["NISRA population/census totals","OSM building density and development-zone proxy","Planning/local development source inventory","Interpolated between available raster/statistical evidence years"]},"geometry":{"type":"Polygon","coordinates":[[[-5.916364,54.597143],[-5.902728,54.597143],[-5.902728,54.61],[-5.916364,54.61],[-5.916364,54.597143]]]}},{"type":"Feature","id":"belfast_06_13_2017","properties":{"cell_id":"belfast_06_13","year":2017,"row":6,"col":13,"population_pressure":0.576,"mobility_strain":0.581,"economic_opportunity":0.686,"environmental_exposure":0.366,"fairness_score":0.488,"development_pressure":0.612,"green_cover":0.583,"bike_access":0.264,"transit_access":0.668,"planning_intensity":0.397,"deprivation_weight":0.592,"population_pressure_delta_2016":0.044,"mobility_strain_delta_2016":0.002,"economic_opportunity_delta_2016":0.005,"environmental_exposure_delta_2016":0.006,"fairness_score_delta_2016":0.001,"population_pressure_delta_previous":0.044,"mobility_strain_delta_previous":0.002,"economic_opportunity_delta_previous":0.005,"environmental_exposure_delta_previous":0.006,"fairness_score_delta_previous":0.001,"dominant_metric":"population_pressure","dominant_change":"worsened","confidence":"low-medium","evidence":["NISRA population/census totals","OSM building density and development-zone proxy","Planning/local development source inventory","Interpolated between available raster/statistical evidence years"]},"geometry":{"type":"Polygon","coordinates":[[[-5.902727,54.597143],[-5.889091,54.597143],[-5.889091,54.61],[-5.902727,54.61],[-5.902727,54.597143]]]}},{"type":"Feature","id":"belfast_06_14_2017","properties":{"cell_id":"belfast_06_14","year":2017,"row":6,"col":14,"population_pressure":0.499,"mobility_strain":0.565,"economic_opportunity":0.539,"environmental_exposure":0.351,"fairness_score":0.443,"development_pressure":0.525,"green_cover":0.532,"bike_access":0.216,"transit_access":0.53,"planning_intensity":0.325,"deprivation_weight":0.523,"population_pressure_delta_2016":0.035,"mobility_strain_delta_2016":0.003,"economic_opportunity_delta_2016":0.004,"environmental_exposure_delta_2016":0.012,"fairness_score_delta_2016":0.001,"population_pressure_delta_previous":0.035,"mobility_strain_delta_previous":0.003,"economic_opportunity_delta_previous":0.004,"environmental_exposure_delta_previous":0.012,"fairness_score_delta_previous":0.001,"dominant_metric":"population_pressure","dominant_change":"worsened","confidence":"low-medium","evidence":["NISRA population/census totals","OSM building density and development-zone proxy","Planning/local development source inventory","Interpolated between available raster/statistical evidence years"]},"geometry":{"type":"Polygon","coordinates":[[[-5.889091,54.597143],[-5.875455,54.597143],[-5.875455,54.61],[-5.889091,54.61],[-5.889091,54.597143]]]}},{"type":"Feature","id":"belfast_06_15_2017","properties":{"cell_id":"belfast_06_15","year":2017,"row":6,"col":15,"population_pressure":0.409,"mobility_strain":0.546,"economic_opportunity":0.377,"environmental_exposure":0.345,"fairness_score":0.403,"development_pressure":0.413,"green_cover":0.448,"bike_access":0.15,"transit_access":0.392,"planning_intensity":0.256,"deprivation_weight":0.396,"population_pressure_delta_2016":0.026,"mobility_strain_delta_2016":0.003,"economic_opportunity_delta_2016":0.002,"environmental_exposure_delta_2016":0.012,"fairness_score_delta_2016":0.0,"population_pressure_delta_previous":0.026,"mobility_strain_delta_previous":0.003,"economic_opportunity_delta_previous":0.002,"environmental_exposure_delta_previous":0.012,"fairness_score_delta_previous":0.0,"dominant_metric":"population_pressure","dominant_change":"stable","confidence":"low-medium","evidence":["NISRA population/census totals","OSM building density and development-zone proxy","Planning/local development source inventory","Interpolated between available raster/statistical evidence years"]},"geometry":{"type":"Polygon","coordinates":[[[-5.875455,54.597143],[-5.861819,54.597143],[-5.861819,54.61],[-5.875455,54.61],[-5.875455,54.597143]]]}},{"type":"Feature","id":"belfast_06_16_2017","properties":{"cell_id":"belfast_06_16","year":2017,"row":6,"col":16,"population_pressure":0.314,"mobility_strain":0.526,"economic_opportunity":0.212,"environmental_exposure":0.335,"fairness_score":0.373,"development_pressure":0.289,"green_cover":0.373,"bike_access":0.08,"transit_access":0.254,"planning_intensity":0.181,"deprivation_weight":0.239,"population_pressure_delta_2016":0.019,"mobility_strain_delta_2016":0.003,"economic_opportunity_delta_2016":0.0,"environmental_exposure_delta_2016":0.003,"fairness_score_delta_2016":0.0,"population_pressure_delta_previous":0.019,"mobility_strain_delta_previous":0.003,"economic_opportunity_delta_previous":0.0,"environmental_exposure_delta_previous":0.003,"fairness_score_delta_previous":0.0,"dominant_metric":"population_pressure","dominant_change":"stable","confidence":"low-medium","evidence":["NISRA population/census totals","OSM building density and development-zone proxy","Planning/local development source inventory","Interpolated between available raster/statistical evidence years"]},"geometry":{"type":"Polygon","coordinates":[[[-5.861818,54.597143],[-5.848182,54.597143],[-5.848182,54.61],[-5.861818,54.61],[-5.861818,54.597143]]]}},{"type":"Feature","id":"belfast_06_17_2017","properties":{"cell_id":"belfast_06_17","year":2017,"row":6,"col":17,"population_pressure":0.222,"mobility_strain":0.485,"economic_opportunity":0.075,"environmental_exposure":0.318,"fairness_score":0.367,"development_pressure":0.17,"green_cover":0.324,"bike_access":0.05,"transit_access":0.18,"planning_intensity":0.108,"deprivation_weight":0.068,"population_pressure_delta_2016":0.016,"mobility_strain_delta_2016":0.002,"economic_opportunity_delta_2016":0.0,"environmental_exposure_delta_2016":-0.006,"fairness_score_delta_2016":0.0,"population_pressure_delta_previous":0.016,"mobility_strain_delta_previous":0.002,"economic_opportunity_delta_previous":0.0,"environmental_exposure_delta_previous":-0.006,"fairness_score_delta_previous":0.0,"dominant_metric":"population_pressure","dominant_change":"stable","confidence":"low-medium","evidence":["NISRA population/census totals","OSM building density and development-zone proxy","Planning/local development source inventory","Interpolated between available raster/statistical evidence years"]},"geometry":{"type":"Polygon","coordinates":[[[-5.848182,54.597143],[-5.834546,54.597143],[-5.834546,54.61],[-5.848182,54.61],[-5.848182,54.597143]]]}},{"type":"Feature","id":"belfast_06_18_2017","properties":{"cell_id":"belfast_06_18","year":2017,"row":6,"col":18,"population_pressure":0.188,"mobility_strain":0.458,"economic_opportunity":0.068,"environmental_exposure":0.294,"fairness_score":0.383,"development_pressure":0.109,"green_cover":0.362,"bike_access":0.05,"transit_access":0.18,"planning_intensity":0.063,"deprivation_weight":0.0,"population_pressure_delta_2016":0.018,"mobility_strain_delta_2016":0.002,"economic_opportunity_delta_2016":0.0,"environmental_exposure_delta_2016":-0.007,"fairness_score_delta_2016":-0.001,"population_pressure_delta_previous":0.018,"mobility_strain_delta_previous":0.002,"economic_opportunity_delta_previous":0.0,"environmental_exposure_delta_previous":-0.007,"fairness_score_delta_previous":-0.001,"dominant_metric":"population_pressure","dominant_change":"stable","confidence":"low-medium","evidence":["NISRA population/census totals","OSM building density and development-zone proxy","Planning/local development source inventory","Interpolated between available raster/statistical evidence years"]},"geometry":{"type":"Polygon","coordinates":[[[-5.834545,54.597143],[-5.820909,54.597143],[-5.820909,54.61],[-5.834545,54.61],[-5.834545,54.597143]]]}},{"type":"Feature","id":"belfast_06_19_2017","properties":{"cell_id":"belfast_06_19","year":2017,"row":6,"col":19,"population_pressure":0.192,"mobility_strain":0.458,"economic_opportunity":0.068,"environmental_exposure":0.292,"fairness_score":0.383,"development_pressure":0.117,"green_cover":0.368,"bike_access":0.05,"transit_access":0.18,"planning_intensity":0.067,"deprivation_weight":0.0,"population_pressure_delta_2016":0.023,"mobility_strain_delta_2016":0.004,"economic_opportunity_delta_2016":0.0,"environmental_exposure_delta_2016":0.0,"fairness_score_delta_2016":-0.001,"population_pressure_delta_previous":0.023,"mobility_strain_delta_previous":0.004,"economic_opportunity_delta_previous":0.0,"environmental_exposure_delta_previous":0.0,"fairness_score_delta_previous":-0.001,"dominant_metric":"population_pressure","dominant_change":"stable","confidence":"low-medium","evidence":["NISRA population/census totals","OSM building density and development-zone proxy","Planning/local development source inventory","Interpolated between available raster/statistical evidence years"]},"geometry":{"type":"Polygon","coordinates":[[[-5.820909,54.597143],[-5.807273,54.597143],[-5.807273,54.61],[-5.820909,54.61],[-5.820909,54.597143]]]}},{"type":"Feature","id":"belfast_06_20_2017","properties":{"cell_id":"belfast_06_20","year":2017,"row":6,"col":20,"population_pressure":0.203,"mobility_strain":0.463,"economic_opportunity":0.068,"environmental_exposure":0.3,"fairness_score":0.382,"development_pressure":0.138,"green_cover":0.345,"bike_access":0.05,"transit_access":0.18,"planning_intensity":0.077,"deprivation_weight":0.0,"population_pressure_delta_2016":0.026,"mobility_strain_delta_2016":0.007,"economic_opportunity_delta_2016":0.0,"environmental_exposure_delta_2016":0.009,"fairness_score_delta_2016":-0.002,"population_pressure_delta_previous":0.026,"mobility_strain_delta_previous":0.007,"economic_opportunity_delta_previous":0.0,"environmental_exposure_delta_previous":0.009,"fairness_score_delta_previous":-0.002,"dominant_metric":"population_pressure","dominant_change":"stable","confidence":"low-medium","evidence":["NISRA population/census totals","OSM building density and development-zone proxy","Planning/local development source inventory","Interpolated between available raster/statistical evidence years"]},"geometry":{"type":"Polygon","coordinates":[[[-5.807273,54.597143],[-5.793637,54.597143],[-5.793637,54.61],[-5.807273,54.61],[-5.807273,54.597143]]]}},{"type":"Feature","id":"belfast_06_21_2017","properties":{"cell_id":"belfast_06_21","year":2017,"row":6,"col":21,"population_pressure":0.216,"mobility_strain":0.467,"economic_opportunity":0.068,"environmental_exposure":0.31,"fairness_score":0.38,"development_pressure":0.162,"green_cover":0.312,"bike_access":0.05,"transit_access":0.18,"planning_intensity":0.089,"deprivation_weight":0.0,"population_pressure_delta_2016":0.027,"mobility_strain_delta_2016":0.007,"economic_opportunity_delta_2016":0.0,"environmental_exposure_delta_2016":0.011,"fairness_score_delta_2016":-0.002,"population_pressure_delta_previous":0.027,"mobility_strain_delta_previous":0.007,"economic_opportunity_delta_previous":0.0,"environmental_exposure_delta_previous":0.011,"fairness_score_delta_previous":-0.002,"dominant_metric":"population_pressure","dominant_change":"stable","confidence":"low-medium","evidence":["NISRA population/census totals","OSM building density and development-zone proxy","Planning/local development source inventory","Interpolated between available raster/statistical evidence years"]},"geometry":{"type":"Polygon","coordinates":[[[-5.793636,54.597143],[-5.78,54.597143],[-5.78,54.61],[-5.793636,54.61],[-5.793636,54.597143]]]}},{"type":"Feature","id":"belfast_07_00_2017","properties":{"cell_id":"belfast_07_00","year":2017,"row":7,"col":0,"population_pressure":0.202,"mobility_strain":0.461,"economic_opportunity":0.068,"environmental_exposure":0.293,"fairness_score":0.382,"development_pressure":0.137,"green_cover":0.365,"bike_access":0.05,"transit_access":0.18,"planning_intensity":0.076,"deprivation_weight":0.0,"population_pressure_delta_2016":0.026,"mobility_strain_delta_2016":0.005,"economic_opportunity_delta_2016":0.0,"environmental_exposure_delta_2016":-0.001,"fairness_score_delta_2016":-0.001,"population_pressure_delta_previous":0.026,"mobility_strain_delta_previous":0.005,"economic_opportunity_delta_previous":0.0,"environmental_exposure_delta_previous":-0.001,"fairness_score_delta_previous":-0.001,"dominant_metric":"population_pressure","dominant_change":"stable","confidence":"low-medium","evidence":["NISRA population/census totals","OSM building density and development-zone proxy","Planning/local development source inventory","Interpolated between available raster/statistical evidence years"]},"geometry":{"type":"Polygon","coordinates":[[[-6.08,54.61],[-6.066364,54.61],[-6.066364,54.622857],[-6.08,54.622857],[-6.08,54.61]]]}},{"type":"Feature","id":"belfast_07_01_2017","properties":{"cell_id":"belfast_07_01","year":2017,"row":7,"col":1,"population_pressure":0.215,"mobility_strain":0.466,"economic_opportunity":0.068,"environmental_exposure":0.3,"fairness_score":0.381,"development_pressure":0.161,"green_cover":0.345,"bike_access":0.05,"transit_access":0.18,"planning_intensity":0.088,"deprivation_weight":0.0,"population_pressure_delta_2016":0.026,"mobility_strain_delta_2016":0.007,"economic_opportunity_delta_2016":0.0,"environmental_exposure_delta_2016":0.008,"fairness_score_delta_2016":-0.002,"population_pressure_delta_previous":0.026,"mobility_strain_delta_previous":0.007,"economic_opportunity_delta_previous":0.0,"environmental_exposure_delta_previous":0.008,"fairness_score_delta_previous":-0.002,"dominant_metric":"population_pressure","dominant_change":"stable","confidence":"low-medium","evidence":["NISRA population/census totals","OSM building density and development-zone proxy","Planning/local development source inventory","Interpolated between available raster/statistical evidence years"]},"geometry":{"type":"Polygon","coordinates":[[[-6.066364,54.61],[-6.052728,54.61],[-6.052728,54.622857],[-6.066364,54.622857],[-6.066364,54.61]]]}},{"type":"Feature","id":"belfast_07_02_2017","properties":{"cell_id":"belfast_07_02","year":2017,"row":7,"col":2,"population_pressure":0.224,"mobility_strain":0.47,"economic_opportunity":0.068,"environmental_exposure":0.31,"fairness_score":0.379,"development_pressure":0.177,"green_cover":0.313,"bike_access":0.05,"transit_access":0.18,"planning_intensity":0.096,"deprivation_weight":0.0,"population_pressure_delta_2016":0.024,"mobility_strain_delta_2016":0.007,"economic_opportunity_delta_2016":0.0,"environmental_exposure_delta_2016":0.012,"fairness_score_delta_2016":-0.002,"population_pressure_delta_previous":0.024,"mobility_strain_delta_previous":0.007,"economic_opportunity_delta_previous":0.0,"environmental_exposure_delta_previous":0.012,"fairness_score_delta_previous":-0.002,"dominant_metric":"population_pressure","dominant_change":"stable","confidence":"low-medium","evidence":["NISRA population/census totals","OSM building density and development-zone proxy","Planning/local development source inventory","Interpolated between available raster/statistical evidence years"]},"geometry":{"type":"Polygon","coordinates":[[[-6.052727,54.61],[-6.039091,54.61],[-6.039091,54.622857],[-6.052727,54.622857],[-6.052727,54.61]]]}},{"type":"Feature","id":"belfast_07_03_2017","properties":{"cell_id":"belfast_07_03","year":2017,"row":7,"col":3,"population_pressure":0.224,"mobility_strain":0.47,"economic_opportunity":0.068,"environmental_exposure":0.315,"fairness_score":0.379,"development_pressure":0.178,"green_cover":0.298,"bike_access":0.05,"transit_access":0.18,"planning_intensity":0.097,"deprivation_weight":0.0,"population_pressure_delta_2016":0.018,"mobility_strain_delta_2016":0.004,"economic_opportunity_delta_2016":0.0,"environmental_exposure_delta_2016":0.007,"fairness_score_delta_2016":-0.001,"population_pressure_delta_previous":0.018,"mobility_strain_delta_previous":0.004,"economic_opportunity_delta_previous":0.0,"environmental_exposure_delta_previous":0.007,"fairness_score_delta_previous":-0.001,"dominant_metric":"population_pressure","dominant_change":"stable","confidence":"low-medium","evidence":["NISRA population/census totals","OSM building density and development-zone proxy","Planning/local development source inventory","Interpolated between available raster/statistical evidence years"]},"geometry":{"type":"Polygon","coordinates":[[[-6.039091,54.61],[-6.025455,54.61],[-6.025455,54.622857],[-6.039091,54.622857],[-6.039091,54.61]]]}},{"type":"Feature","id":"belfast_07_04_2017","properties":{"cell_id":"belfast_07_04","year":2017,"row":7,"col":4,"population_pressure":0.216,"mobility_strain":0.463,"economic_opportunity":0.068,"environmental_exposure":0.28,"fairness_score":0.372,"development_pressure":0.163,"green_cover":0.405,"bike_access":0.05,"transit_access":0.18,"planning_intensity":0.089,"deprivation_weight":0.059,"population_pressure_delta_2016":0.014,"mobility_strain_delta_2016":0.002,"economic_opportunity_delta_2016":0.0,"environmental_exposure_delta_2016":-0.003,"fairness_score_delta_2016":-0.001,"population_pressure_delta_previous":0.014,"mobility_strain_delta_previous":0.002,"economic_opportunity_delta_previous":0.0,"environmental_exposure_delta_previous":-0.003,"fairness_score_delta_previous":-0.001,"dominant_metric":"population_pressure","dominant_change":"stable","confidence":"low-medium","evidence":["NISRA population/census totals","OSM building density and development-zone proxy","Planning/local development source inventory","Interpolated between available raster/statistical evidence years"]},"geometry":{"type":"Polygon","coordinates":[[[-6.025455,54.61],[-6.011819,54.61],[-6.011819,54.622857],[-6.025455,54.622857],[-6.025455,54.61]]]}},{"type":"Feature","id":"belfast_07_05_2017","properties":{"cell_id":"belfast_07_05","year":2017,"row":7,"col":5,"population_pressure":0.222,"mobility_strain":0.463,"economic_opportunity":0.078,"environmental_exposure":0.249,"fairness_score":0.348,"development_pressure":0.149,"green_cover":0.525,"bike_access":0.058,"transit_access":0.194,"planning_intensity":0.077,"deprivation_weight":0.247,"population_pressure_delta_2016":0.012,"mobility_strain_delta_2016":0.001,"economic_opportunity_delta_2016":0.0,"environmental_exposure_delta_2016":-0.008,"fairness_score_delta_2016":0.0,"population_pressure_delta_previous":0.012,"mobility_strain_delta_previous":0.001,"economic_opportunity_delta_previous":0.0,"environmental_exposure_delta_previous":-0.008,"fairness_score_delta_previous":0.0,"dominant_metric":"population_pressure","dominant_change":"stable","confidence":"low-medium","evidence":["NISRA population/census totals","OSM building density and development-zone proxy","Planning/local development source inventory","Interpolated between available raster/statistical evidence years"]},"geometry":{"type":"Polygon","coordinates":[[[-6.011818,54.61],[-5.998182,54.61],[-5.998182,54.622857],[-6.011818,54.622857],[-6.011818,54.61]]]}},{"type":"Feature","id":"belfast_07_06_2017","properties":{"cell_id":"belfast_07_06","year":2017,"row":7,"col":6,"population_pressure":0.248,"mobility_strain":0.474,"economic_opportunity":0.099,"environmental_exposure":0.237,"fairness_score":0.326,"development_pressure":0.153,"green_cover":0.611,"bike_access":0.071,"transit_access":0.226,"planning_intensity":0.072,"deprivation_weight":0.43,"population_pressure_delta_2016":0.014,"mobility_strain_delta_2016":0.001,"economic_opportunity_delta_2016":0.0,"environmental_exposure_delta_2016":-0.005,"fairness_score_delta_2016":0.0,"population_pressure_delta_previous":0.014,"mobility_strain_delta_previous":0.001,"economic_opportunity_delta_previous":0.0,"environmental_exposure_delta_previous":-0.005,"fairness_score_delta_previous":0.0,"dominant_metric":"population_pressure","dominant_change":"stable","confidence":"low-medium","evidence":["NISRA population/census totals","OSM building density and development-zone proxy","Planning/local development source inventory","Interpolated between available raster/statistical evidence years"]},"geometry":{"type":"Polygon","coordinates":[[[-5.998182,54.61],[-5.984546,54.61],[-5.984546,54.622857],[-5.998182,54.622857],[-5.998182,54.61]]]}},{"type":"Feature","id":"belfast_07_07_2017","properties":{"cell_id":"belfast_07_07","year":2017,"row":7,"col":7,"population_pressure":0.31,"mobility_strain":0.503,"economic_opportunity":0.169,"environmental_exposure":0.267,"fairness_score":0.322,"development_pressure":0.223,"green_cover":0.607,"bike_access":0.085,"transit_access":0.314,"planning_intensity":0.117,"deprivation_weight":0.6,"population_pressure_delta_2016":0.021,"mobility_strain_delta_2016":0.005,"economic_opportunity_delta_2016":0.0,"environmental_exposure_delta_2016":0.005,"fairness_score_delta_2016":-0.001,"population_pressure_delta_previous":0.021,"mobility_strain_delta_previous":0.005,"economic_opportunity_delta_previous":0.0,"environmental_exposure_delta_previous":0.005,"fairness_score_delta_previous":-0.001,"dominant_metric":"population_pressure","dominant_change":"stable","confidence":"low-medium","evidence":["NISRA population/census totals","OSM building density and development-zone proxy","Planning/local development source inventory","Interpolated between available raster/statistical evidence years"]},"geometry":{"type":"Polygon","coordinates":[[[-5.984545,54.61],[-5.970909,54.61],[-5.970909,54.622857],[-5.984545,54.622857],[-5.984545,54.61]]]}},{"type":"Feature","id":"belfast_07_08_2017","properties":{"cell_id":"belfast_07_08","year":2017,"row":7,"col":8,"population_pressure":0.377,"mobility_strain":0.531,"economic_opportunity":0.301,"environmental_exposure":0.322,"fairness_score":0.348,"development_pressure":0.305,"green_cover":0.518,"bike_access":0.105,"transit_access":0.418,"planning_intensity":0.167,"deprivation_weight":0.734,"population_pressure_delta_2016":0.03,"mobility_strain_delta_2016":0.008,"economic_opportunity_delta_2016":0.0,"environmental_exposure_delta_2016":0.012,"fairness_score_delta_2016":-0.002,"population_pressure_delta_previous":0.03,"mobility_strain_delta_previous":0.008,"economic_opportunity_delta_previous":0.0,"environmental_exposure_delta_previous":0.012,"fairness_score_delta_previous":-0.002,"dominant_metric":"population_pressure","dominant_change":"stable","confidence":"low-medium","evidence":["NISRA population/census totals","OSM building density and development-zone proxy","Planning/local development source inventory","Interpolated between available raster/statistical evidence years"]},"geometry":{"type":"Polygon","coordinates":[[[-5.970909,54.61],[-5.957273,54.61],[-5.957273,54.622857],[-5.970909,54.622857],[-5.970909,54.61]]]}},{"type":"Feature","id":"belfast_07_09_2017","properties":{"cell_id":"belfast_07_09","year":2017,"row":7,"col":9,"population_pressure":0.443,"mobility_strain":0.552,"economic_opportunity":0.425,"environmental_exposure":0.381,"fairness_score":0.378,"development_pressure":0.391,"green_cover":0.406,"bike_access":0.157,"transit_access":0.508,"planning_intensity":0.222,"deprivation_weight":0.845,"population_pressure_delta_2016":0.037,"mobility_strain_delta_2016":0.007,"economic_opportunity_delta_2016":0.002,"environmental_exposure_delta_2016":0.011,"fairness_score_delta_2016":-0.002,"population_pressure_delta_previous":0.037,"mobility_strain_delta_previous":0.007,"economic_opportunity_delta_previous":0.002,"environmental_exposure_delta_previous":0.011,"fairness_score_delta_previous":-0.002,"dominant_metric":"population_pressure","dominant_change":"worsened","confidence":"low-medium","evidence":["NISRA population/census totals","OSM building density and development-zone proxy","Planning/local development source inventory","Interpolated between available raster/statistical evidence years"]},"geometry":{"type":"Polygon","coordinates":[[[-5.957273,54.61],[-5.943637,54.61],[-5.943637,54.622857],[-5.957273,54.622857],[-5.957273,54.61]]]}},{"type":"Feature","id":"belfast_07_10_2017","properties":{"cell_id":"belfast_07_10","year":2017,"row":7,"col":10,"population_pressure":0.498,"mobility_strain":0.558,"economic_opportunity":0.511,"environmental_exposure":0.389,"fairness_score":0.4,"development_pressure":0.461,"green_cover":0.535,"bike_access":0.205,"transit_access":0.555,"planning_intensity":0.306,"deprivation_weight":0.94,"population_pressure_delta_2016":0.039,"mobility_strain_delta_2016":0.005,"economic_opportunity_delta_2016":0.003,"environmental_exposure_delta_2016":0.002,"fairness_score_delta_2016":-0.001,"population_pressure_delta_previous":0.039,"mobility_strain_delta_previous":0.005,"economic_opportunity_delta_previous":0.003,"environmental_exposure_delta_previous":0.002,"fairness_score_delta_previous":-0.001,"dominant_metric":"population_pressure","dominant_change":"worsened","confidence":"low-medium","evidence":["NISRA population/census totals","OSM building density and development-zone proxy","Planning/local development source inventory","Interpolated between available raster/statistical evidence years"]},"geometry":{"type":"Polygon","coordinates":[[[-5.943636,54.61],[-5.93,54.61],[-5.93,54.622857],[-5.943636,54.622857],[-5.943636,54.61]]]}},{"type":"Feature","id":"belfast_07_11_2017","properties":{"cell_id":"belfast_07_11","year":2017,"row":7,"col":11,"population_pressure":0.534,"mobility_strain":0.569,"economic_opportunity":0.533,"environmental_exposure":0.391,"fairness_score":0.419,"development_pressure":0.521,"green_cover":0.661,"bike_access":0.245,"transit_access":0.547,"planning_intensity":0.367,"deprivation_weight":0.756,"population_pressure_delta_2016":0.038,"mobility_strain_delta_2016":0.002,"economic_opportunity_delta_2016":0.005,"environmental_exposure_delta_2016":-0.005,"fairness_score_delta_2016":0.001,"population_pressure_delta_previous":0.038,"mobility_strain_delta_previous":0.002,"economic_opportunity_delta_previous":0.005,"environmental_exposure_delta_previous":-0.005,"fairness_score_delta_previous":0.001,"dominant_metric":"population_pressure","dominant_change":"worsened","confidence":"low-medium","evidence":["NISRA population/census totals","OSM building density and development-zone proxy","Planning/local development source inventory","Interpolated between available raster/statistical evidence years"]},"geometry":{"type":"Polygon","coordinates":[[[-5.93,54.61],[-5.916364,54.61],[-5.916364,54.622857],[-5.93,54.622857],[-5.93,54.61]]]}},{"type":"Feature","id":"belfast_07_12_2017","properties":{"cell_id":"belfast_07_12","year":2017,"row":7,"col":12,"population_pressure":0.549,"mobility_strain":0.577,"economic_opportunity":0.601,"environmental_exposure":0.351,"fairness_score":0.433,"development_pressure":0.569,"green_cover":0.674,"bike_access":0.247,"transit_access":0.573,"planning_intensity":0.389,"deprivation_weight":0.838,"population_pressure_delta_2016":0.036,"mobility_strain_delta_2016":0.0,"economic_opportunity_delta_2016":0.005,"environmental_exposure_delta_2016":-0.004,"fairness_score_delta_2016":0.001,"population_pressure_delta_previous":0.036,"mobility_strain_delta_previous":0.0,"economic_opportunity_delta_previous":0.005,"environmental_exposure_delta_previous":-0.004,"fairness_score_delta_previous":0.001,"dominant_metric":"population_pressure","dominant_change":"worsened","confidence":"low-medium","evidence":["NISRA population/census totals","OSM building density and development-zone proxy","Planning/local development source inventory","Interpolated between available raster/statistical evidence years"]},"geometry":{"type":"Polygon","coordinates":[[[-5.916364,54.61],[-5.902728,54.61],[-5.902728,54.622857],[-5.916364,54.622857],[-5.916364,54.61]]]}},{"type":"Feature","id":"belfast_07_13_2017","properties":{"cell_id":"belfast_07_13","year":2017,"row":7,"col":13,"population_pressure":0.514,"mobility_strain":0.582,"economic_opportunity":0.58,"environmental_exposure":0.353,"fairness_score":0.414,"development_pressure":0.545,"green_cover":0.554,"bike_access":0.205,"transit_access":0.532,"planning_intensity":0.343,"deprivation_weight":0.894,"population_pressure_delta_2016":0.032,"mobility_strain_delta_2016":0.002,"economic_opportunity_delta_2016":0.004,"environmental_exposure_delta_2016":0.004,"fairness_score_delta_2016":0.0,"population_pressure_delta_previous":0.032,"mobility_strain_delta_previous":0.002,"economic_opportunity_delta_previous":0.004,"environmental_exposure_delta_previous":0.004,"fairness_score_delta_previous":0.0,"dominant_metric":"population_pressure","dominant_change":"stable","confidence":"low-medium","evidence":["NISRA population/census totals","OSM building density and development-zone proxy","Planning/local development source inventory","Interpolated between available raster/statistical evidence years"]},"geometry":{"type":"Polygon","coordinates":[[[-5.902727,54.61],[-5.889091,54.61],[-5.889091,54.622857],[-5.902727,54.622857],[-5.902727,54.61]]]}},{"type":"Feature","id":"belfast_07_14_2017","properties":{"cell_id":"belfast_07_14","year":2017,"row":7,"col":14,"population_pressure":0.442,"mobility_strain":0.57,"economic_opportunity":0.468,"environmental_exposure":0.365,"fairness_score":0.389,"development_pressure":0.454,"green_cover":0.443,"bike_access":0.144,"transit_access":0.441,"planning_intensity":0.29,"deprivation_weight":0.731,"population_pressure_delta_2016":0.027,"mobility_strain_delta_2016":0.004,"economic_opportunity_delta_2016":0.002,"environmental_exposure_delta_2016":0.011,"fairness_score_delta_2016":-0.001,"population_pressure_delta_previous":0.027,"mobility_strain_delta_previous":0.004,"economic_opportunity_delta_previous":0.002,"environmental_exposure_delta_previous":0.011,"fairness_score_delta_previous":-0.001,"dominant_metric":"population_pressure","dominant_change":"stable","confidence":"low-medium","evidence":["NISRA population/census totals","OSM building density and development-zone proxy","Planning/local development source inventory","Interpolated between available raster/statistical evidence years"]},"geometry":{"type":"Polygon","coordinates":[[[-5.889091,54.61],[-5.875455,54.61],[-5.875455,54.622857],[-5.889091,54.622857],[-5.889091,54.61]]]}},{"type":"Feature","id":"belfast_07_15_2017","properties":{"cell_id":"belfast_07_15","year":2017,"row":7,"col":15,"population_pressure":0.358,"mobility_strain":0.551,"economic_opportunity":0.325,"environmental_exposure":0.369,"fairness_score":0.363,"development_pressure":0.345,"green_cover":0.338,"bike_access":0.085,"transit_access":0.327,"planning_intensity":0.224,"deprivation_weight":0.542,"population_pressure_delta_2016":0.024,"mobility_strain_delta_2016":0.005,"economic_opportunity_delta_2016":0.0,"environmental_exposure_delta_2016":0.011,"fairness_score_delta_2016":-0.001,"population_pressure_delta_previous":0.024,"mobility_strain_delta_previous":0.005,"economic_opportunity_delta_previous":0.0,"environmental_exposure_delta_previous":0.011,"fairness_score_delta_previous":-0.001,"dominant_metric":"population_pressure","dominant_change":"stable","confidence":"low-medium","evidence":["NISRA population/census totals","OSM building density and development-zone proxy","Planning/local development source inventory","Interpolated between available raster/statistical evidence years"]},"geometry":{"type":"Polygon","coordinates":[[[-5.875455,54.61],[-5.861819,54.61],[-5.861819,54.622857],[-5.875455,54.622857],[-5.875455,54.61]]]}},{"type":"Feature","id":"belfast_07_16_2017","properties":{"cell_id":"belfast_07_16","year":2017,"row":7,"col":16,"population_pressure":0.276,"mobility_strain":0.525,"economic_opportunity":0.176,"environmental_exposure":0.353,"fairness_score":0.344,"development_pressure":0.242,"green_cover":0.289,"bike_access":0.057,"transit_access":0.203,"planning_intensity":0.159,"deprivation_weight":0.349,"population_pressure_delta_2016":0.024,"mobility_strain_delta_2016":0.005,"economic_opportunity_delta_2016":0.0,"environmental_exposure_delta_2016":0.003,"fairness_score_delta_2016":-0.001,"population_pressure_delta_previous":0.024,"mobility_strain_delta_previous":0.005,"economic_opportunity_delta_previous":0.0,"environmental_exposure_delta_previous":0.003,"fairness_score_delta_previous":-0.001,"dominant_metric":"population_pressure","dominant_change":"stable","confidence":"low-medium","evidence":["NISRA population/census totals","OSM building density and development-zone proxy","Planning/local development source inventory","Interpolated between available raster/statistical evidence years"]},"geometry":{"type":"Polygon","coordinates":[[[-5.861818,54.61],[-5.848182,54.61],[-5.848182,54.622857],[-5.861818,54.622857],[-5.861818,54.61]]]}},{"type":"Feature","id":"belfast_07_17_2017","properties":{"cell_id":"belfast_07_17","year":2017,"row":7,"col":17,"population_pressure":0.218,"mobility_strain":0.481,"economic_opportunity":0.068,"environmental_exposure":0.316,"fairness_score":0.352,"development_pressure":0.162,"green_cover":0.326,"bike_access":0.05,"transit_access":0.18,"planning_intensity":0.102,"deprivation_weight":0.156,"population_pressure_delta_2016":0.026,"mobility_strain_delta_2016":0.004,"economic_opportunity_delta_2016":0.0,"environmental_exposure_delta_2016":-0.005,"fairness_score_delta_2016":-0.002,"population_pressure_delta_previous":0.026,"mobility_strain_delta_previous":0.004,"economic_opportunity_delta_previous":0.0,"environmental_exposure_delta_previous":-0.005,"fairness_score_delta_previous":-0.002,"dominant_metric":"population_pressure","dominant_change":"stable","confidence":"low-medium","evidence":["NISRA population/census totals","OSM building density and development-zone proxy","Planning/local development source inventory","Interpolated between available raster/statistical evidence years"]},"geometry":{"type":"Polygon","coordinates":[[[-5.848182,54.61],[-5.834546,54.61],[-5.834546,54.622857],[-5.848182,54.622857],[-5.848182,54.61]]]}},{"type":"Feature","id":"belfast_07_18_2017","properties":{"cell_id":"belfast_07_18","year":2017,"row":7,"col":18,"population_pressure":0.203,"mobility_strain":0.462,"economic_opportunity":0.068,"environmental_exposure":0.296,"fairness_score":0.382,"development_pressure":0.138,"green_cover":0.357,"bike_access":0.05,"transit_access":0.18,"planning_intensity":0.077,"deprivation_weight":0.0,"population_pressure_delta_2016":0.026,"mobility_strain_delta_2016":0.004,"economic_opportunity_delta_2016":0.0,"environmental_exposure_delta_2016":-0.006,"fairness_score_delta_2016":-0.001,"population_pressure_delta_previous":0.026,"mobility_strain_delta_previous":0.004,"economic_opportunity_delta_previous":0.0,"environmental_exposure_delta_previous":-0.006,"fairness_score_delta_previous":-0.001,"dominant_metric":"population_pressure","dominant_change":"stable","confidence":"low-medium","evidence":["NISRA population/census totals","OSM building density and development-zone proxy","Planning/local development source inventory","Interpolated between available raster/statistical evidence years"]},"geometry":{"type":"Polygon","coordinates":[[[-5.834545,54.61],[-5.820909,54.61],[-5.820909,54.622857],[-5.834545,54.622857],[-5.834545,54.61]]]}},{"type":"Feature","id":"belfast_07_19_2017","properties":{"cell_id":"belfast_07_19","year":2017,"row":7,"col":19,"population_pressure":0.216,"mobility_strain":0.465,"economic_opportunity":0.068,"environmental_exposure":0.295,"fairness_score":0.381,"development_pressure":0.162,"green_cover":0.36,"bike_access":0.05,"transit_access":0.18,"planning_intensity":0.089,"deprivation_weight":0.0,"population_pressure_delta_2016":0.027,"mobility_strain_delta_2016":0.005,"economic_opportunity_delta_2016":0.0,"environmental_exposure_delta_2016":0.0,"fairness_score_delta_2016":-0.001,"population_pressure_delta_previous":0.027,"mobility_strain_delta_previous":0.005,"economic_opportunity_delta_previous":0.0,"environmental_exposure_delta_previous":0.0,"fairness_score_delta_previous":-0.001,"dominant_metric":"population_pressure","dominant_change":"stable","confidence":"low-medium","evidence":["NISRA population/census totals","OSM building density and development-zone proxy","Planning/local development source inventory","Interpolated between available raster/statistical evidence years"]},"geometry":{"type":"Polygon","coordinates":[[[-5.820909,54.61],[-5.807273,54.61],[-5.807273,54.622857],[-5.820909,54.622857],[-5.820909,54.61]]]}},{"type":"Feature","id":"belfast_07_20_2017","properties":{"cell_id":"belfast_07_20","year":2017,"row":7,"col":20,"population_pressure":0.224,"mobility_strain":0.468,"economic_opportunity":0.068,"environmental_exposure":0.302,"fairness_score":0.38,"development_pressure":0.177,"green_cover":0.338,"bike_access":0.05,"transit_access":0.18,"planning_intensity":0.096,"deprivation_weight":0.0,"population_pressure_delta_2016":0.023,"mobility_strain_delta_2016":0.005,"economic_opportunity_delta_2016":0.0,"environmental_exposure_delta_2016":0.009,"fairness_score_delta_2016":-0.002,"population_pressure_delta_previous":0.023,"mobility_strain_delta_previous":0.005,"economic_opportunity_delta_previous":0.0,"environmental_exposure_delta_previous":0.009,"fairness_score_delta_previous":-0.002,"dominant_metric":"population_pressure","dominant_change":"stable","confidence":"low-medium","evidence":["NISRA population/census totals","OSM building density and development-zone proxy","Planning/local development source inventory","Interpolated between available raster/statistical evidence years"]},"geometry":{"type":"Polygon","coordinates":[[[-5.807273,54.61],[-5.793637,54.61],[-5.793637,54.622857],[-5.807273,54.622857],[-5.807273,54.61]]]}},{"type":"Feature","id":"belfast_07_21_2017","properties":{"cell_id":"belfast_07_21","year":2017,"row":7,"col":21,"population_pressure":0.224,"mobility_strain":0.47,"economic_opportunity":0.068,"environmental_exposure":0.311,"fairness_score":0.379,"development_pressure":0.177,"green_cover":0.31,"bike_access":0.05,"transit_access":0.18,"planning_intensity":0.096,"deprivation_weight":0.0,"population_pressure_delta_2016":0.018,"mobility_strain_delta_2016":0.005,"economic_opportunity_delta_2016":0.0,"environmental_exposure_delta_2016":0.011,"fairness_score_delta_2016":-0.002,"population_pressure_delta_previous":0.018,"mobility_strain_delta_previous":0.005,"economic_opportunity_delta_previous":0.0,"environmental_exposure_delta_previous":0.011,"fairness_score_delta_previous":-0.002,"dominant_metric":"population_pressure","dominant_change":"stable","confidence":"low-medium","evidence":["NISRA population/census totals","OSM building density and development-zone proxy","Planning/local development source inventory","Interpolated between available raster/statistical evidence years"]},"geometry":{"type":"Polygon","coordinates":[[[-5.793636,54.61],[-5.78,54.61],[-5.78,54.622857],[-5.793636,54.622857],[-5.793636,54.61]]]}},{"type":"Feature","id":"belfast_08_00_2017","properties":{"cell_id":"belfast_08_00","year":2017,"row":8,"col":0,"population_pressure":0.224,"mobility_strain":0.467,"economic_opportunity":0.068,"environmental_exposure":0.295,"fairness_score":0.38,"development_pressure":0.177,"green_cover":0.358,"bike_access":0.05,"transit_access":0.18,"planning_intensity":0.096,"deprivation_weight":0.0,"population_pressure_delta_2016":0.024,"mobility_strain_delta_2016":0.004,"economic_opportunity_delta_2016":0.0,"environmental_exposure_delta_2016":-0.002,"fairness_score_delta_2016":-0.001,"population_pressure_delta_previous":0.024,"mobility_strain_delta_previous":0.004,"economic_opportunity_delta_previous":0.0,"environmental_exposure_delta_previous":-0.002,"fairness_score_delta_previous":-0.001,"dominant_metric":"population_pressure","dominant_change":"stable","confidence":"low-medium","evidence":["NISRA population/census totals","OSM building density and development-zone proxy","Planning/local development source inventory","Interpolated between available raster/statistical evidence years"]},"geometry":{"type":"Polygon","coordinates":[[[-6.08,54.622857],[-6.066364,54.622857],[-6.066364,54.635714],[-6.08,54.635714],[-6.08,54.622857]]]}},{"type":"Feature","id":"belfast_08_01_2017","properties":{"cell_id":"belfast_08_01","year":2017,"row":8,"col":1,"population_pressure":0.224,"mobility_strain":0.468,"economic_opportunity":0.068,"environmental_exposure":0.301,"fairness_score":0.38,"development_pressure":0.178,"green_cover":0.342,"bike_access":0.05,"transit_access":0.18,"planning_intensity":0.097,"deprivation_weight":0.0,"population_pressure_delta_2016":0.018,"mobility_strain_delta_2016":0.004,"economic_opportunity_delta_2016":0.0,"environmental_exposure_delta_2016":0.007,"fairness_score_delta_2016":-0.001,"population_pressure_delta_previous":0.018,"mobility_strain_delta_previous":0.004,"economic_opportunity_delta_previous":0.0,"environmental_exposure_delta_previous":0.007,"fairness_score_delta_previous":-0.001,"dominant_metric":"population_pressure","dominant_change":"stable","confidence":"low-medium","evidence":["NISRA population/census totals","OSM building density and development-zone proxy","Planning/local development source inventory","Interpolated between available raster/statistical evidence years"]},"geometry":{"type":"Polygon","coordinates":[[[-6.066364,54.622857],[-6.052728,54.622857],[-6.052728,54.635714],[-6.066364,54.635714],[-6.066364,54.622857]]]}},{"type":"Feature","id":"belfast_08_02_2017","properties":{"cell_id":"belfast_08_02","year":2017,"row":8,"col":2,"population_pressure":0.216,"mobility_strain":0.467,"economic_opportunity":0.068,"environmental_exposure":0.309,"fairness_score":0.38,"development_pressure":0.163,"green_cover":0.316,"bike_access":0.05,"transit_access":0.18,"planning_intensity":0.089,"deprivation_weight":0.0,"population_pressure_delta_2016":0.014,"mobility_strain_delta_2016":0.003,"economic_opportunity_delta_2016":0.0,"environmental_exposure_delta_2016":0.01,"fairness_score_delta_2016":-0.001,"population_pressure_delta_previous":0.014,"mobility_strain_delta_previous":0.003,"economic_opportunity_delta_previous":0.0,"environmental_exposure_delta_previous":0.01,"fairness_score_delta_previous":-0.001,"dominant_metric":"population_pressure","dominant_change":"stable","confidence":"low-medium","evidence":["NISRA population/census totals","OSM building density and development-zone proxy","Planning/local development source inventory","Interpolated between available raster/statistical evidence years"]},"geometry":{"type":"Polygon","coordinates":[[[-6.052727,54.622857],[-6.039091,54.622857],[-6.039091,54.635714],[-6.052727,54.635714],[-6.052727,54.622857]]]}},{"type":"Feature","id":"belfast_08_03_2017","properties":{"cell_id":"belfast_08_03","year":2017,"row":8,"col":3,"population_pressure":0.204,"mobility_strain":0.465,"economic_opportunity":0.068,"environmental_exposure":0.313,"fairness_score":0.381,"development_pressure":0.139,"green_cover":0.305,"bike_access":0.05,"transit_access":0.18,"planning_intensity":0.077,"deprivation_weight":0.0,"population_pressure_delta_2016":0.012,"mobility_strain_delta_2016":0.003,"economic_opportunity_delta_2016":0.0,"environmental_exposure_delta_2016":0.006,"fairness_score_delta_2016":-0.001,"population_pressure_delta_previous":0.012,"mobility_strain_delta_previous":0.003,"economic_opportunity_delta_previous":0.0,"environmental_exposure_delta_previous":0.006,"fairness_score_delta_previous":-0.001,"dominant_metric":"population_pressure","dominant_change":"stable","confidence":"low-medium","evidence":["NISRA population/census totals","OSM building density and development-zone proxy","Planning/local development source inventory","Interpolated between available raster/statistical evidence years"]},"geometry":{"type":"Polygon","coordinates":[[[-6.039091,54.622857],[-6.025455,54.622857],[-6.025455,54.635714],[-6.039091,54.635714],[-6.039091,54.622857]]]}},{"type":"Feature","id":"belfast_08_04_2017","properties":{"cell_id":"belfast_08_04","year":2017,"row":8,"col":4,"population_pressure":0.192,"mobility_strain":0.461,"economic_opportunity":0.068,"environmental_exposure":0.307,"fairness_score":0.382,"development_pressure":0.118,"green_cover":0.322,"bike_access":0.05,"transit_access":0.18,"planning_intensity":0.067,"deprivation_weight":0.0,"population_pressure_delta_2016":0.013,"mobility_strain_delta_2016":0.001,"economic_opportunity_delta_2016":0.0,"environmental_exposure_delta_2016":-0.003,"fairness_score_delta_2016":0.0,"population_pressure_delta_previous":0.013,"mobility_strain_delta_previous":0.001,"economic_opportunity_delta_previous":0.0,"environmental_exposure_delta_previous":-0.003,"fairness_score_delta_previous":0.0,"dominant_metric":"population_pressure","dominant_change":"stable","confidence":"low-medium","evidence":["NISRA population/census totals","OSM building density and development-zone proxy","Planning/local development source inventory","Interpolated between available raster/statistical evidence years"]},"geometry":{"type":"Polygon","coordinates":[[[-6.025455,54.622857],[-6.011819,54.622857],[-6.011819,54.635714],[-6.025455,54.635714],[-6.025455,54.622857]]]}},{"type":"Feature","id":"belfast_08_05_2017","properties":{"cell_id":"belfast_08_05","year":2017,"row":8,"col":5,"population_pressure":0.188,"mobility_strain":0.456,"economic_opportunity":0.068,"environmental_exposure":0.282,"fairness_score":0.369,"development_pressure":0.109,"green_cover":0.4,"bike_access":0.05,"transit_access":0.18,"planning_intensity":0.063,"deprivation_weight":0.099,"population_pressure_delta_2016":0.018,"mobility_strain_delta_2016":0.002,"economic_opportunity_delta_2016":0.0,"environmental_exposure_delta_2016":-0.008,"fairness_score_delta_2016":0.0,"population_pressure_delta_previous":0.018,"mobility_strain_delta_previous":0.002,"economic_opportunity_delta_previous":0.0,"environmental_exposure_delta_previous":-0.008,"fairness_score_delta_previous":0.0,"dominant_metric":"population_pressure","dominant_change":"stable","confidence":"low-medium","evidence":["NISRA population/census totals","OSM building density and development-zone proxy","Planning/local development source inventory","Interpolated between available raster/statistical evidence years"]},"geometry":{"type":"Polygon","coordinates":[[[-6.011818,54.622857],[-5.998182,54.622857],[-5.998182,54.635714],[-6.011818,54.635714],[-6.011818,54.622857]]]}},{"type":"Feature","id":"belfast_08_06_2017","properties":{"cell_id":"belfast_08_06","year":2017,"row":8,"col":6,"population_pressure":0.209,"mobility_strain":0.462,"economic_opportunity":0.077,"environmental_exposure":0.271,"fairness_score":0.348,"development_pressure":0.126,"green_cover":0.455,"bike_access":0.057,"transit_access":0.193,"planning_intensity":0.066,"deprivation_weight":0.244,"population_pressure_delta_2016":0.023,"mobility_strain_delta_2016":0.003,"economic_opportunity_delta_2016":0.0,"environmental_exposure_delta_2016":-0.004,"fairness_score_delta_2016":-0.001,"population_pressure_delta_previous":0.023,"mobility_strain_delta_previous":0.003,"economic_opportunity_delta_previous":0.0,"environmental_exposure_delta_previous":-0.004,"fairness_score_delta_previous":-0.001,"dominant_metric":"population_pressure","dominant_change":"stable","confidence":"low-medium","evidence":["NISRA population/census totals","OSM building density and development-zone proxy","Planning/local development source inventory","Interpolated between available raster/statistical evidence years"]},"geometry":{"type":"Polygon","coordinates":[[[-5.998182,54.622857],[-5.984546,54.622857],[-5.984546,54.635714],[-5.998182,54.635714],[-5.998182,54.622857]]]}},{"type":"Feature","id":"belfast_08_07_2017","properties":{"cell_id":"belfast_08_07","year":2017,"row":8,"col":7,"population_pressure":0.251,"mobility_strain":0.483,"economic_opportunity":0.092,"environmental_exposure":0.288,"fairness_score":0.325,"development_pressure":0.17,"green_cover":0.447,"bike_access":0.068,"transit_access":0.212,"planning_intensity":0.084,"deprivation_weight":0.393,"population_pressure_delta_2016":0.027,"mobility_strain_delta_2016":0.006,"economic_opportunity_delta_2016":0.0,"environmental_exposure_delta_2016":0.006,"fairness_score_delta_2016":-0.002,"population_pressure_delta_previous":0.027,"mobility_strain_delta_previous":0.006,"economic_opportunity_delta_previous":0.0,"environmental_exposure_delta_previous":0.006,"fairness_score_delta_previous":-0.002,"dominant_metric":"population_pressure","dominant_change":"stable","confidence":"low-medium","evidence":["NISRA population/census totals","OSM building density and development-zone proxy","Planning/local development source inventory","Interpolated between available raster/statistical evidence years"]},"geometry":{"type":"Polygon","coordinates":[[[-5.984545,54.622857],[-5.970909,54.622857],[-5.970909,54.635714],[-5.984545,54.635714],[-5.984545,54.622857]]]}},{"type":"Feature","id":"belfast_08_08_2017","properties":{"cell_id":"belfast_08_08","year":2017,"row":8,"col":8,"population_pressure":0.313,"mobility_strain":0.519,"economic_opportunity":0.118,"environmental_exposure":0.33,"fairness_score":0.301,"development_pressure":0.252,"green_cover":0.38,"bike_access":0.077,"transit_access":0.244,"planning_intensity":0.132,"deprivation_weight":0.557,"population_pressure_delta_2016":0.03,"mobility_strain_delta_2016":0.008,"economic_opportunity_delta_2016":0.0,"environmental_exposure_delta_2016":0.012,"fairness_score_delta_2016":-0.002,"population_pressure_delta_previous":0.03,"mobility_strain_delta_previous":0.008,"economic_opportunity_delta_previous":0.0,"environmental_exposure_delta_previous":0.012,"fairness_score_delta_previous":-0.002,"dominant_metric":"population_pressure","dominant_change":"stable","confidence":"low-medium","evidence":["NISRA population/census totals","OSM building density and development-zone proxy","Planning/local development source inventory","Interpolated between available raster/statistical evidence years"]},"geometry":{"type":"Polygon","coordinates":[[[-5.970909,54.622857],[-5.957273,54.622857],[-5.957273,54.635714],[-5.970909,54.635714],[-5.970909,54.622857]]]}},{"type":"Feature","id":"belfast_08_09_2017","properties":{"cell_id":"belfast_08_09","year":2017,"row":8,"col":9,"population_pressure":0.359,"mobility_strain":0.535,"economic_opportunity":0.2,"environmental_exposure":0.341,"fairness_score":0.31,"development_pressure":0.314,"green_cover":0.395,"bike_access":0.084,"transit_access":0.304,"planning_intensity":0.17,"deprivation_weight":0.685,"population_pressure_delta_2016":0.029,"mobility_strain_delta_2016":0.007,"economic_opportunity_delta_2016":0.0,"environmental_exposure_delta_2016":0.01,"fairness_score_delta_2016":-0.002,"population_pressure_delta_previous":0.029,"mobility_strain_delta_previous":0.007,"economic_opportunity_delta_previous":0.0,"environmental_exposure_delta_previous":0.01,"fairness_score_delta_previous":-0.002,"dominant_metric":"population_pressure","dominant_change":"stable","confidence":"low-medium","evidence":["NISRA population/census totals","OSM building density and development-zone proxy","Planning/local development source inventory","Interpolated between available raster/statistical evidence years"]},"geometry":{"type":"Polygon","coordinates":[[[-5.957273,54.622857],[-5.943637,54.622857],[-5.943637,54.635714],[-5.957273,54.635714],[-5.957273,54.622857]]]}},{"type":"Feature","id":"belfast_08_10_2017","properties":{"cell_id":"belfast_08_10","year":2017,"row":8,"col":10,"population_pressure":0.386,"mobility_strain":0.536,"economic_opportunity":0.253,"environmental_exposure":0.324,"fairness_score":0.324,"development_pressure":0.342,"green_cover":0.513,"bike_access":0.109,"transit_access":0.332,"planning_intensity":0.221,"deprivation_weight":0.719,"population_pressure_delta_2016":0.025,"mobility_strain_delta_2016":0.004,"economic_opportunity_delta_2016":0.001,"environmental_exposure_delta_2016":0.001,"fairness_score_delta_2016":-0.001,"population_pressure_delta_previous":0.025,"mobility_strain_delta_previous":0.004,"economic_opportunity_delta_previous":0.001,"environmental_exposure_delta_previous":0.001,"fairness_score_delta_previous":-0.001,"dominant_metric":"population_pressure","dominant_change":"stable","confidence":"low-medium","evidence":["NISRA population/census totals","OSM building density and development-zone proxy","Planning/local development source inventory","Interpolated between available raster/statistical evidence years"]},"geometry":{"type":"Polygon","coordinates":[[[-5.943636,54.622857],[-5.93,54.622857],[-5.93,54.635714],[-5.943636,54.635714],[-5.943636,54.622857]]]}},{"type":"Feature","id":"belfast_08_11_2017","properties":{"cell_id":"belfast_08_11","year":2017,"row":8,"col":11,"population_pressure":0.413,"mobility_strain":0.544,"economic_opportunity":0.303,"environmental_exposure":0.385,"fairness_score":0.348,"development_pressure":0.376,"green_cover":0.642,"bike_access":0.132,"transit_access":0.34,"planning_intensity":0.301,"deprivation_weight":0.633,"population_pressure_delta_2016":0.023,"mobility_strain_delta_2016":0.001,"economic_opportunity_delta_2016":0.001,"environmental_exposure_delta_2016":-0.007,"fairness_score_delta_2016":0.0,"population_pressure_delta_previous":0.023,"mobility_strain_delta_previous":0.001,"economic_opportunity_delta_previous":0.001,"environmental_exposure_delta_previous":-0.007,"fairness_score_delta_previous":0.0,"dominant_metric":"population_pressure","dominant_change":"stable","confidence":"low-medium","evidence":["NISRA population/census totals","OSM building density and development-zone proxy","Planning/local development source inventory","Interpolated between available raster/statistical evidence years"]},"geometry":{"type":"Polygon","coordinates":[[[-5.93,54.622857],[-5.916364,54.622857],[-5.916364,54.635714],[-5.93,54.635714],[-5.93,54.622857]]]}},{"type":"Feature","id":"belfast_08_12_2017","properties":{"cell_id":"belfast_08_12","year":2017,"row":8,"col":12,"population_pressure":0.411,"mobility_strain":0.543,"economic_opportunity":0.342,"environmental_exposure":0.396,"fairness_score":0.349,"development_pressure":0.377,"green_cover":0.683,"bike_access":0.131,"transit_access":0.354,"planning_intensity":0.324,"deprivation_weight":0.734,"population_pressure_delta_2016":0.023,"mobility_strain_delta_2016":0.001,"economic_opportunity_delta_2016":0.002,"environmental_exposure_delta_2016":-0.005,"fairness_score_delta_2016":0.0,"population_pressure_delta_previous":0.023,"mobility_strain_delta_previous":0.001,"economic_opportunity_delta_previous":0.002,"environmental_exposure_delta_previous":-0.005,"fairness_score_delta_previous":0.0,"dominant_metric":"population_pressure","dominant_change":"stable","confidence":"low-medium","evidence":["NISRA population/census totals","OSM building density and development-zone proxy","Planning/local development source inventory","Interpolated between available raster/statistical evidence years"]},"geometry":{"type":"Polygon","coordinates":[[[-5.916364,54.622857],[-5.902728,54.622857],[-5.902728,54.635714],[-5.916364,54.635714],[-5.916364,54.622857]]]}},{"type":"Feature","id":"belfast_08_13_2017","properties":{"cell_id":"belfast_08_13","year":2017,"row":8,"col":13,"population_pressure":0.377,"mobility_strain":0.542,"economic_opportunity":0.328,"environmental_exposure":0.339,"fairness_score":0.338,"development_pressure":0.348,"green_cover":0.592,"bike_access":0.108,"transit_access":0.328,"planning_intensity":0.272,"deprivation_weight":0.765,"population_pressure_delta_2016":0.024,"mobility_strain_delta_2016":0.003,"economic_opportunity_delta_2016":0.001,"environmental_exposure_delta_2016":0.003,"fairness_score_delta_2016":-0.001,"population_pressure_delta_previous":0.024,"mobility_strain_delta_previous":0.003,"economic_opportunity_delta_previous":0.001,"environmental_exposure_delta_previous":0.003,"fairness_score_delta_previous":-0.001,"dominant_metric":"population_pressure","dominant_change":"stable","confidence":"low-medium","evidence":["NISRA population/census totals","OSM building density and development-zone proxy","Planning/local development source inventory","Interpolated between available raster/statistical evidence years"]},"geometry":{"type":"Polygon","coordinates":[[[-5.902727,54.622857],[-5.889091,54.622857],[-5.889091,54.635714],[-5.902727,54.635714],[-5.902727,54.622857]]]}},{"type":"Feature","id":"belfast_08_14_2017","properties":{"cell_id":"belfast_08_14","year":2017,"row":8,"col":14,"population_pressure":0.328,"mobility_strain":0.54,"economic_opportunity":0.263,"environmental_exposure":0.323,"fairness_score":0.327,"development_pressure":0.301,"green_cover":0.446,"bike_access":0.068,"transit_access":0.269,"planning_intensity":0.196,"deprivation_weight":0.659,"population_pressure_delta_2016":0.028,"mobility_strain_delta_2016":0.007,"economic_opportunity_delta_2016":0.0,"environmental_exposure_delta_2016":0.011,"fairness_score_delta_2016":-0.002,"population_pressure_delta_previous":0.028,"mobility_strain_delta_previous":0.007,"economic_opportunity_delta_previous":0.0,"environmental_exposure_delta_previous":0.011,"fairness_score_delta_previous":-0.002,"dominant_metric":"population_pressure","dominant_change":"stable","confidence":"low-medium","evidence":["NISRA population/census totals","OSM building density and development-zone proxy","Planning/local development source inventory","Interpolated between available raster/statistical evidence years"]},"geometry":{"type":"Polygon","coordinates":[[[-5.889091,54.622857],[-5.875455,54.622857],[-5.875455,54.635714],[-5.889091,54.635714],[-5.889091,54.622857]]]}},{"type":"Feature","id":"belfast_08_15_2017","properties":{"cell_id":"belfast_08_15","year":2017,"row":8,"col":15,"population_pressure":0.279,"mobility_strain":0.525,"economic_opportunity":0.17,"environmental_exposure":0.338,"fairness_score":0.32,"development_pressure":0.248,"green_cover":0.332,"bike_access":0.057,"transit_access":0.192,"planning_intensity":0.162,"deprivation_weight":0.496,"population_pressure_delta_2016":0.03,"mobility_strain_delta_2016":0.008,"economic_opportunity_delta_2016":0.0,"environmental_exposure_delta_2016":0.011,"fairness_score_delta_2016":-0.002,"population_pressure_delta_previous":0.03,"mobility_strain_delta_previous":0.008,"economic_opportunity_delta_previous":0.0,"environmental_exposure_delta_previous":0.011,"fairness_score_delta_previous":-0.002,"dominant_metric":"population_pressure","dominant_change":"stable","confidence":"low-medium","evidence":["NISRA population/census totals","OSM building density and development-zone proxy","Planning/local development source inventory","Interpolated between available raster/statistical evidence years"]},"geometry":{"type":"Polygon","coordinates":[[[-5.875455,54.622857],[-5.861819,54.622857],[-5.861819,54.635714],[-5.875455,54.635714],[-5.875455,54.622857]]]}},{"type":"Feature","id":"belfast_08_16_2017","properties":{"cell_id":"belfast_08_16","year":2017,"row":8,"col":16,"population_pressure":0.239,"mobility_strain":0.493,"economic_opportunity":0.087,"environmental_exposure":0.329,"fairness_score":0.33,"development_pressure":0.199,"green_cover":0.297,"bike_access":0.05,"transit_access":0.18,"planning_intensity":0.125,"deprivation_weight":0.316,"population_pressure_delta_2016":0.03,"mobility_strain_delta_2016":0.006,"economic_opportunity_delta_2016":0.0,"environmental_exposure_delta_2016":0.004,"fairness_score_delta_2016":-0.002,"population_pressure_delta_previous":0.03,"mobility_strain_delta_previous":0.006,"economic_opportunity_delta_previous":0.0,"environmental_exposure_delta_previous":0.004,"fairness_score_delta_previous":-0.002,"dominant_metric":"population_pressure","dominant_change":"stable","confidence":"low-medium","evidence":["NISRA population/census totals","OSM building density and development-zone proxy","Planning/local development source inventory","Interpolated between available raster/statistical evidence years"]},"geometry":{"type":"Polygon","coordinates":[[[-5.861818,54.622857],[-5.848182,54.622857],[-5.848182,54.635714],[-5.861818,54.635714],[-5.861818,54.622857]]]}},{"type":"Feature","id":"belfast_08_17_2017","properties":{"cell_id":"belfast_08_17","year":2017,"row":8,"col":17,"population_pressure":0.216,"mobility_strain":0.467,"economic_opportunity":0.068,"environmental_exposure":0.306,"fairness_score":0.361,"development_pressure":0.162,"green_cover":0.326,"bike_access":0.05,"transit_access":0.18,"planning_intensity":0.089,"deprivation_weight":0.13,"population_pressure_delta_2016":0.027,"mobility_strain_delta_2016":0.005,"economic_opportunity_delta_2016":0.0,"environmental_exposure_delta_2016":-0.005,"fairness_score_delta_2016":-0.001,"population_pressure_delta_previous":0.027,"mobility_strain_delta_previous":0.005,"economic_opportunity_delta_previous":0.0,"environmental_exposure_delta_previous":-0.005,"fairness_score_delta_previous":-0.001,"dominant_metric":"population_pressure","dominant_change":"stable","confidence":"low-medium","evidence":["NISRA population/census totals","OSM building density and development-zone proxy","Planning/local development source inventory","Interpolated between available raster/statistical evidence years"]},"geometry":{"type":"Polygon","coordinates":[[[-5.848182,54.622857],[-5.834546,54.622857],[-5.834546,54.635714],[-5.848182,54.635714],[-5.848182,54.622857]]]}},{"type":"Feature","id":"belfast_08_18_2017","properties":{"cell_id":"belfast_08_18","year":2017,"row":8,"col":18,"population_pressure":0.224,"mobility_strain":0.468,"economic_opportunity":0.068,"environmental_exposure":0.298,"fairness_score":0.38,"development_pressure":0.177,"green_cover":0.35,"bike_access":0.05,"transit_access":0.18,"planning_intensity":0.096,"deprivation_weight":0.0,"population_pressure_delta_2016":0.023,"mobility_strain_delta_2016":0.004,"economic_opportunity_delta_2016":0.0,"environmental_exposure_delta_2016":-0.007,"fairness_score_delta_2016":-0.001,"population_pressure_delta_previous":0.023,"mobility_strain_delta_previous":0.004,"economic_opportunity_delta_previous":0.0,"environmental_exposure_delta_previous":-0.007,"fairness_score_delta_previous":-0.001,"dominant_metric":"population_pressure","dominant_change":"stable","confidence":"low-medium","evidence":["NISRA population/census totals","OSM building density and development-zone proxy","Planning/local development source inventory","Interpolated between available raster/statistical evidence years"]},"geometry":{"type":"Polygon","coordinates":[[[-5.834545,54.622857],[-5.820909,54.622857],[-5.820909,54.635714],[-5.834545,54.635714],[-5.834545,54.622857]]]}},{"type":"Feature","id":"belfast_08_19_2017","properties":{"cell_id":"belfast_08_19","year":2017,"row":8,"col":19,"population_pressure":0.224,"mobility_strain":0.467,"economic_opportunity":0.068,"environmental_exposure":0.296,"fairness_score":0.38,"development_pressure":0.177,"green_cover":0.358,"bike_access":0.05,"transit_access":0.18,"planning_intensity":0.096,"deprivation_weight":0.0,"population_pressure_delta_2016":0.018,"mobility_strain_delta_2016":0.003,"economic_opportunity_delta_2016":0.0,"environmental_exposure_delta_2016":0.0,"fairness_score_delta_2016":-0.001,"population_pressure_delta_previous":0.018,"mobility_strain_delta_previous":0.003,"economic_opportunity_delta_previous":0.0,"environmental_exposure_delta_previous":0.0,"fairness_score_delta_previous":-0.001,"dominant_metric":"population_pressure","dominant_change":"stable","confidence":"low-medium","evidence":["NISRA population/census totals","OSM building density and development-zone proxy","Planning/local development source inventory","Interpolated between available raster/statistical evidence years"]},"geometry":{"type":"Polygon","coordinates":[[[-5.820909,54.622857],[-5.807273,54.622857],[-5.807273,54.635714],[-5.820909,54.635714],[-5.820909,54.622857]]]}},{"type":"Feature","id":"belfast_08_20_2017","properties":{"cell_id":"belfast_08_20","year":2017,"row":8,"col":20,"population_pressure":0.216,"mobility_strain":0.466,"economic_opportunity":0.068,"environmental_exposure":0.301,"fairness_score":0.38,"development_pressure":0.162,"green_cover":0.341,"bike_access":0.05,"transit_access":0.18,"planning_intensity":0.089,"deprivation_weight":0.0,"population_pressure_delta_2016":0.014,"mobility_strain_delta_2016":0.003,"economic_opportunity_delta_2016":0.0,"environmental_exposure_delta_2016":0.008,"fairness_score_delta_2016":-0.001,"population_pressure_delta_previous":0.014,"mobility_strain_delta_previous":0.003,"economic_opportunity_delta_previous":0.0,"environmental_exposure_delta_previous":0.008,"fairness_score_delta_previous":-0.001,"dominant_metric":"population_pressure","dominant_change":"stable","confidence":"low-medium","evidence":["NISRA population/census totals","OSM building density and development-zone proxy","Planning/local development source inventory","Interpolated between available raster/statistical evidence years"]},"geometry":{"type":"Polygon","coordinates":[[[-5.807273,54.622857],[-5.793637,54.622857],[-5.793637,54.635714],[-5.807273,54.635714],[-5.807273,54.622857]]]}},{"type":"Feature","id":"belfast_08_21_2017","properties":{"cell_id":"belfast_08_21","year":2017,"row":8,"col":21,"population_pressure":0.203,"mobility_strain":0.464,"economic_opportunity":0.068,"environmental_exposure":0.309,"fairness_score":0.381,"development_pressure":0.138,"green_cover":0.317,"bike_access":0.05,"transit_access":0.18,"planning_intensity":0.077,"deprivation_weight":0.0,"population_pressure_delta_2016":0.012,"mobility_strain_delta_2016":0.003,"economic_opportunity_delta_2016":0.0,"environmental_exposure_delta_2016":0.01,"fairness_score_delta_2016":-0.001,"population_pressure_delta_previous":0.012,"mobility_strain_delta_previous":0.003,"economic_opportunity_delta_previous":0.0,"environmental_exposure_delta_previous":0.01,"fairness_score_delta_previous":-0.001,"dominant_metric":"population_pressure","dominant_change":"stable","confidence":"low-medium","evidence":["NISRA population/census totals","OSM building density and development-zone proxy","Planning/local development source inventory","Interpolated between available raster/statistical evidence years"]},"geometry":{"type":"Polygon","coordinates":[[[-5.793636,54.622857],[-5.78,54.622857],[-5.78,54.635714],[-5.793636,54.635714],[-5.793636,54.622857]]]}},{"type":"Feature","id":"belfast_09_00_2017","properties":{"cell_id":"belfast_09_00","year":2017,"row":9,"col":0,"population_pressure":0.216,"mobility_strain":0.465,"economic_opportunity":0.068,"environmental_exposure":0.294,"fairness_score":0.381,"development_pressure":0.163,"green_cover":0.361,"bike_access":0.05,"transit_access":0.18,"planning_intensity":0.089,"deprivation_weight":0.0,"population_pressure_delta_2016":0.014,"mobility_strain_delta_2016":0.001,"economic_opportunity_delta_2016":0.0,"environmental_exposure_delta_2016":-0.003,"fairness_score_delta_2016":0.0,"population_pressure_delta_previous":0.014,"mobility_strain_delta_previous":0.001,"economic_opportunity_delta_previous":0.0,"environmental_exposure_delta_previous":-0.003,"fairness_score_delta_previous":0.0,"dominant_metric":"population_pressure","dominant_change":"stable","confidence":"low-medium","evidence":["NISRA population/census totals","OSM building density and development-zone proxy","Planning/local development source inventory","Interpolated between available raster/statistical evidence years"]},"geometry":{"type":"Polygon","coordinates":[[[-6.08,54.635714],[-6.066364,54.635714],[-6.066364,54.648571],[-6.08,54.648571],[-6.08,54.635714]]]}},{"type":"Feature","id":"belfast_09_01_2017","properties":{"cell_id":"belfast_09_01","year":2017,"row":9,"col":1,"population_pressure":0.204,"mobility_strain":0.463,"economic_opportunity":0.068,"environmental_exposure":0.298,"fairness_score":0.382,"development_pressure":0.139,"green_cover":0.349,"bike_access":0.05,"transit_access":0.18,"planning_intensity":0.077,"deprivation_weight":0.0,"population_pressure_delta_2016":0.012,"mobility_strain_delta_2016":0.003,"economic_opportunity_delta_2016":0.0,"environmental_exposure_delta_2016":0.006,"fairness_score_delta_2016":0.0,"population_pressure_delta_previous":0.012,"mobility_strain_delta_previous":0.003,"economic_opportunity_delta_previous":0.0,"environmental_exposure_delta_previous":0.006,"fairness_score_delta_previous":0.0,"dominant_metric":"population_pressure","dominant_change":"stable","confidence":"low-medium","evidence":["NISRA population/census totals","OSM building density and development-zone proxy","Planning/local development source inventory","Interpolated between available raster/statistical evidence years"]},"geometry":{"type":"Polygon","coordinates":[[[-6.066364,54.635714],[-6.052728,54.635714],[-6.052728,54.648571],[-6.066364,54.648571],[-6.066364,54.635714]]]}},{"type":"Feature","id":"belfast_09_02_2017","properties":{"cell_id":"belfast_09_02","year":2017,"row":9,"col":2,"population_pressure":0.192,"mobility_strain":0.461,"economic_opportunity":0.068,"environmental_exposure":0.307,"fairness_score":0.382,"development_pressure":0.118,"green_cover":0.324,"bike_access":0.05,"transit_access":0.18,"planning_intensity":0.067,"deprivation_weight":0.0,"population_pressure_delta_2016":0.013,"mobility_strain_delta_2016":0.004,"economic_opportunity_delta_2016":0.0,"environmental_exposure_delta_2016":0.011,"fairness_score_delta_2016":-0.001,"population_pressure_delta_previous":0.013,"mobility_strain_delta_previous":0.004,"economic_opportunity_delta_previous":0.0,"environmental_exposure_delta_previous":0.011,"fairness_score_delta_previous":-0.001,"dominant_metric":"population_pressure","dominant_change":"stable","confidence":"low-medium","evidence":["NISRA population/census totals","OSM building density and development-zone proxy","Planning/local development source inventory","Interpolated between available raster/statistical evidence years"]},"geometry":{"type":"Polygon","coordinates":[[[-6.052727,54.635714],[-6.039091,54.635714],[-6.039091,54.648571],[-6.052727,54.648571],[-6.052727,54.635714]]]}},{"type":"Feature","id":"belfast_09_03_2017","properties":{"cell_id":"belfast_09_03","year":2017,"row":9,"col":3,"population_pressure":0.188,"mobility_strain":0.46,"economic_opportunity":0.068,"environmental_exposure":0.311,"fairness_score":0.382,"development_pressure":0.109,"green_cover":0.311,"bike_access":0.05,"transit_access":0.18,"planning_intensity":0.063,"deprivation_weight":0.0,"population_pressure_delta_2016":0.018,"mobility_strain_delta_2016":0.004,"economic_opportunity_delta_2016":0.0,"environmental_exposure_delta_2016":0.006,"fairness_score_delta_2016":-0.001,"population_pressure_delta_previous":0.018,"mobility_strain_delta_previous":0.004,"economic_opportunity_delta_previous":0.0,"environmental_exposure_delta_previous":0.006,"fairness_score_delta_previous":-0.001,"dominant_metric":"population_pressure","dominant_change":"stable","confidence":"low-medium","evidence":["NISRA population/census totals","OSM building density and development-zone proxy","Planning/local development source inventory","Interpolated between available raster/statistical evidence years"]},"geometry":{"type":"Polygon","coordinates":[[[-6.039091,54.635714],[-6.025455,54.635714],[-6.025455,54.648571],[-6.039091,54.648571],[-6.039091,54.635714]]]}},{"type":"Feature","id":"belfast_09_04_2017","properties":{"cell_id":"belfast_09_04","year":2017,"row":9,"col":4,"population_pressure":0.192,"mobility_strain":0.461,"economic_opportunity":0.068,"environmental_exposure":0.307,"fairness_score":0.382,"development_pressure":0.117,"green_cover":0.322,"bike_access":0.05,"transit_access":0.18,"planning_intensity":0.066,"deprivation_weight":0.0,"population_pressure_delta_2016":0.023,"mobility_strain_delta_2016":0.004,"economic_opportunity_delta_2016":0.0,"environmental_exposure_delta_2016":-0.002,"fairness_score_delta_2016":-0.001,"population_pressure_delta_previous":0.023,"mobility_strain_delta_previous":0.004,"economic_opportunity_delta_previous":0.0,"environmental_exposure_delta_previous":-0.002,"fairness_score_delta_previous":-0.001,"dominant_metric":"population_pressure","dominant_change":"stable","confidence":"low-medium","evidence":["NISRA population/census totals","OSM building density and development-zone proxy","Planning/local development source inventory","Interpolated between available raster/statistical evidence years"]},"geometry":{"type":"Polygon","coordinates":[[[-6.025455,54.635714],[-6.011819,54.635714],[-6.011819,54.648571],[-6.025455,54.648571],[-6.025455,54.635714]]]}},{"type":"Feature","id":"belfast_09_05_2017","properties":{"cell_id":"belfast_09_05","year":2017,"row":9,"col":5,"population_pressure":0.203,"mobility_strain":0.462,"economic_opportunity":0.068,"environmental_exposure":0.299,"fairness_score":0.382,"development_pressure":0.137,"green_cover":0.347,"bike_access":0.05,"transit_access":0.18,"planning_intensity":0.077,"deprivation_weight":0.0,"population_pressure_delta_2016":0.026,"mobility_strain_delta_2016":0.004,"economic_opportunity_delta_2016":0.0,"environmental_exposure_delta_2016":-0.007,"fairness_score_delta_2016":-0.001,"population_pressure_delta_previous":0.026,"mobility_strain_delta_previous":0.004,"economic_opportunity_delta_previous":0.0,"environmental_exposure_delta_previous":-0.007,"fairness_score_delta_previous":-0.001,"dominant_metric":"population_pressure","dominant_change":"stable","confidence":"low-medium","evidence":["NISRA population/census totals","OSM building density and development-zone proxy","Planning/local development source inventory","Interpolated between available raster/statistical evidence years"]},"geometry":{"type":"Polygon","coordinates":[[[-6.011818,54.635714],[-5.998182,54.635714],[-5.998182,54.648571],[-6.011818,54.648571],[-6.011818,54.635714]]]}},{"type":"Feature","id":"belfast_09_06_2017","properties":{"cell_id":"belfast_09_06","year":2017,"row":9,"col":6,"population_pressure":0.215,"mobility_strain":0.465,"economic_opportunity":0.068,"environmental_exposure":0.295,"fairness_score":0.372,"development_pressure":0.161,"green_cover":0.361,"bike_access":0.05,"transit_access":0.18,"planning_intensity":0.088,"deprivation_weight":0.055,"population_pressure_delta_2016":0.026,"mobility_strain_delta_2016":0.005,"economic_opportunity_delta_2016":0.0,"environmental_exposure_delta_2016":-0.003,"fairness_score_delta_2016":-0.002,"population_pressure_delta_previous":0.026,"mobility_strain_delta_previous":0.005,"economic_opportunity_delta_previous":0.0,"environmental_exposure_delta_previous":-0.003,"fairness_score_delta_previous":-0.002,"dominant_metric":"population_pressure","dominant_change":"stable","confidence":"low-medium","evidence":["NISRA population/census totals","OSM building density and development-zone proxy","Planning/local development source inventory","Interpolated between available raster/statistical evidence years"]},"geometry":{"type":"Polygon","coordinates":[[[-5.998182,54.635714],[-5.984546,54.635714],[-5.984546,54.648571],[-5.998182,54.648571],[-5.998182,54.635714]]]}},{"type":"Feature","id":"belfast_09_07_2017","properties":{"cell_id":"belfast_09_07","year":2017,"row":9,"col":7,"population_pressure":0.224,"mobility_strain":0.468,"economic_opportunity":0.068,"environmental_exposure":0.298,"fairness_score":0.35,"development_pressure":0.177,"green_cover":0.349,"bike_access":0.05,"transit_access":0.18,"planning_intensity":0.096,"deprivation_weight":0.198,"population_pressure_delta_2016":0.023,"mobility_strain_delta_2016":0.005,"economic_opportunity_delta_2016":0.0,"environmental_exposure_delta_2016":0.005,"fairness_score_delta_2016":-0.002,"population_pressure_delta_previous":0.023,"mobility_strain_delta_previous":0.005,"economic_opportunity_delta_previous":0.0,"environmental_exposure_delta_previous":0.005,"fairness_score_delta_previous":-0.002,"dominant_metric":"population_pressure","dominant_change":"stable","confidence":"low-medium","evidence":["NISRA population/census totals","OSM building density and development-zone proxy","Planning/local development source inventory","Interpolated between available raster/statistical evidence years"]},"geometry":{"type":"Polygon","coordinates":[[[-5.984545,54.635714],[-5.970909,54.635714],[-5.970909,54.648571],[-5.984545,54.648571],[-5.984545,54.635714]]]}},{"type":"Feature","id":"belfast_09_08_2017","properties":{"cell_id":"belfast_09_08","year":2017,"row":9,"col":8,"population_pressure":0.236,"mobility_strain":0.475,"economic_opportunity":0.074,"environmental_exposure":0.313,"fairness_score":0.333,"development_pressure":0.184,"green_cover":0.32,"bike_access":0.055,"transit_access":0.189,"planning_intensity":0.097,"deprivation_weight":0.314,"population_pressure_delta_2016":0.018,"mobility_strain_delta_2016":0.005,"economic_opportunity_delta_2016":0.0,"environmental_exposure_delta_2016":0.011,"fairness_score_delta_2016":-0.001,"population_pressure_delta_previous":0.018,"mobility_strain_delta_previous":0.005,"economic_opportunity_delta_previous":0.0,"environmental_exposure_delta_previous":0.011,"fairness_score_delta_previous":-0.001,"dominant_metric":"population_pressure","dominant_change":"stable","confidence":"low-medium","evidence":["NISRA population/census totals","OSM building density and development-zone proxy","Planning/local development source inventory","Interpolated between available raster/statistical evidence years"]},"geometry":{"type":"Polygon","coordinates":[[[-5.970909,54.635714],[-5.957273,54.635714],[-5.957273,54.648571],[-5.970909,54.648571],[-5.970909,54.635714]]]}},{"type":"Feature","id":"belfast_09_09_2017","properties":{"cell_id":"belfast_09_09","year":2017,"row":9,"col":9,"population_pressure":0.24,"mobility_strain":0.479,"economic_opportunity":0.082,"environmental_exposure":0.319,"fairness_score":0.323,"development_pressure":0.175,"green_cover":0.319,"bike_access":0.06,"transit_access":0.198,"planning_intensity":0.089,"deprivation_weight":0.388,"population_pressure_delta_2016":0.014,"mobility_strain_delta_2016":0.003,"economic_opportunity_delta_2016":0.0,"environmental_exposure_delta_2016":0.008,"fairness_score_delta_2016":-0.001,"population_pressure_delta_previous":0.014,"mobility_strain_delta_previous":0.003,"economic_opportunity_delta_previous":0.0,"environmental_exposure_delta_previous":0.008,"fairness_score_delta_previous":-0.001,"dominant_metric":"population_pressure","dominant_change":"stable","confidence":"low-medium","evidence":["NISRA population/census totals","OSM building density and development-zone proxy","Planning/local development source inventory","Interpolated between available raster/statistical evidence years"]},"geometry":{"type":"Polygon","coordinates":[[[-5.957273,54.635714],[-5.943637,54.635714],[-5.943637,54.648571],[-5.957273,54.648571],[-5.957273,54.635714]]]}},{"type":"Feature","id":"belfast_09_10_2017","properties":{"cell_id":"belfast_09_10","year":2017,"row":9,"col":10,"population_pressure":0.244,"mobility_strain":0.479,"economic_opportunity":0.085,"environmental_exposure":0.298,"fairness_score":0.322,"development_pressure":0.165,"green_cover":0.411,"bike_access":0.063,"transit_access":0.203,"planning_intensity":0.114,"deprivation_weight":0.405,"population_pressure_delta_2016":0.012,"mobility_strain_delta_2016":0.001,"economic_opportunity_delta_2016":0.0,"environmental_exposure_delta_2016":-0.001,"fairness_score_delta_2016":0.0,"population_pressure_delta_previous":0.012,"mobility_strain_delta_previous":0.001,"economic_opportunity_delta_previous":0.0,"environmental_exposure_delta_previous":-0.001,"fairness_score_delta_previous":0.0,"dominant_metric":"population_pressure","dominant_change":"stable","confidence":"low-medium","evidence":["NISRA population/census totals","OSM building density and development-zone proxy","Planning/local development source inventory","Interpolated between available raster/statistical evidence years"]},"geometry":{"type":"Polygon","coordinates":[[[-5.943636,54.635714],[-5.93,54.635714],[-5.93,54.648571],[-5.943636,54.648571],[-5.943636,54.635714]]]}},{"type":"Feature","id":"belfast_09_11_2017","properties":{"cell_id":"belfast_09_11","year":2017,"row":9,"col":11,"population_pressure":0.26,"mobility_strain":0.488,"economic_opportunity":0.085,"environmental_exposure":0.36,"fairness_score":0.326,"development_pressure":0.179,"green_cover":0.509,"bike_access":0.063,"transit_access":0.203,"planning_intensity":0.176,"deprivation_weight":0.363,"population_pressure_delta_2016":0.016,"mobility_strain_delta_2016":0.002,"economic_opportunity_delta_2016":0.0,"environmental_exposure_delta_2016":-0.008,"fairness_score_delta_2016":0.0,"population_pressure_delta_previous":0.016,"mobility_strain_delta_previous":0.002,"economic_opportunity_delta_previous":0.0,"environmental_exposure_delta_previous":-0.008,"fairness_score_delta_previous":0.0,"dominant_metric":"population_pressure","dominant_change":"stable","confidence":"low-medium","evidence":["NISRA population/census totals","OSM building density and development-zone proxy","Planning/local development source inventory","Interpolated between available raster/statistical evidence years"]},"geometry":{"type":"Polygon","coordinates":[[[-5.93,54.635714],[-5.916364,54.635714],[-5.916364,54.648571],[-5.93,54.648571],[-5.93,54.635714]]]}},{"type":"Feature","id":"belfast_09_12_2017","properties":{"cell_id":"belfast_09_12","year":2017,"row":9,"col":12,"population_pressure":0.261,"mobility_strain":0.49,"economic_opportunity":0.104,"environmental_exposure":0.369,"fairness_score":0.319,"development_pressure":0.187,"green_cover":0.543,"bike_access":0.06,"transit_access":0.198,"planning_intensity":0.197,"deprivation_weight":0.439,"population_pressure_delta_2016":0.021,"mobility_strain_delta_2016":0.003,"economic_opportunity_delta_2016":0.0,"environmental_exposure_delta_2016":-0.006,"fairness_score_delta_2016":-0.001,"population_pressure_delta_previous":0.021,"mobility_strain_delta_previous":0.003,"economic_opportunity_delta_previous":0.0,"environmental_exposure_delta_previous":-0.006,"fairness_score_delta_previous":-0.001,"dominant_metric":"population_pressure","dominant_change":"stable","confidence":"low-medium","evidence":["NISRA population/census totals","OSM building density and development-zone proxy","Planning/local development source inventory","Interpolated between available raster/statistical evidence years"]},"geometry":{"type":"Polygon","coordinates":[[[-5.916364,54.635714],[-5.902728,54.635714],[-5.902728,54.648571],[-5.916364,54.648571],[-5.916364,54.635714]]]}},{"type":"Feature","id":"belfast_09_13_2017","properties":{"cell_id":"belfast_09_13","year":2017,"row":9,"col":13,"population_pressure":0.248,"mobility_strain":0.489,"economic_opportunity":0.098,"environmental_exposure":0.312,"fairness_score":0.315,"development_pressure":0.189,"green_cover":0.48,"bike_access":0.055,"transit_access":0.189,"planning_intensity":0.164,"deprivation_weight":0.453,"population_pressure_delta_2016":0.026,"mobility_strain_delta_2016":0.006,"economic_opportunity_delta_2016":0.0,"environmental_exposure_delta_2016":0.003,"fairness_score_delta_2016":-0.002,"population_pressure_delta_previous":0.026,"mobility_strain_delta_previous":0.006,"economic_opportunity_delta_previous":0.0,"environmental_exposure_delta_previous":0.003,"fairness_score_delta_previous":-0.002,"dominant_metric":"population_pressure","dominant_change":"stable","confidence":"low-medium","evidence":["NISRA population/census totals","OSM building density and development-zone proxy","Planning/local development source inventory","Interpolated between available raster/statistical evidence years"]},"geometry":{"type":"Polygon","coordinates":[[[-5.902727,54.635714],[-5.889091,54.635714],[-5.889091,54.648571],[-5.902727,54.648571],[-5.902727,54.635714]]]}},{"type":"Feature","id":"belfast_09_14_2017","properties":{"cell_id":"belfast_09_14","year":2017,"row":9,"col":14,"population_pressure":0.231,"mobility_strain":0.484,"economic_opportunity":0.07,"environmental_exposure":0.305,"fairness_score":0.315,"development_pressure":0.186,"green_cover":0.36,"bike_access":0.05,"transit_access":0.18,"planning_intensity":0.115,"deprivation_weight":0.4,"population_pressure_delta_2016":0.029,"mobility_strain_delta_2016":0.008,"economic_opportunity_delta_2016":0.0,"environmental_exposure_delta_2016":0.011,"fairness_score_delta_2016":-0.003,"population_pressure_delta_previous":0.029,"mobility_strain_delta_previous":0.008,"economic_opportunity_delta_previous":0.0,"environmental_exposure_delta_previous":0.011,"fairness_score_delta_previous":-0.003,"dominant_metric":"population_pressure","dominant_change":"stable","confidence":"low-medium","evidence":["NISRA population/census totals","OSM building density and development-zone proxy","Planning/local development source inventory","Interpolated between available raster/statistical evidence years"]},"geometry":{"type":"Polygon","coordinates":[[[-5.889091,54.635714],[-5.875455,54.635714],[-5.875455,54.648571],[-5.889091,54.648571],[-5.889091,54.635714]]]}},{"type":"Feature","id":"belfast_09_15_2017","properties":{"cell_id":"belfast_09_15","year":2017,"row":9,"col":15,"population_pressure":0.224,"mobility_strain":0.475,"economic_opportunity":0.068,"environmental_exposure":0.316,"fairness_score":0.333,"development_pressure":0.176,"green_cover":0.304,"bike_access":0.05,"transit_access":0.18,"planning_intensity":0.1,"deprivation_weight":0.295,"population_pressure_delta_2016":0.027,"mobility_strain_delta_2016":0.008,"economic_opportunity_delta_2016":0.0,"environmental_exposure_delta_2016":0.011,"fairness_score_delta_2016":-0.003,"population_pressure_delta_previous":0.027,"mobility_strain_delta_previous":0.008,"economic_opportunity_delta_previous":0.0,"environmental_exposure_delta_previous":0.011,"fairness_score_delta_previous":-0.003,"dominant_metric":"population_pressure","dominant_change":"stable","confidence":"low-medium","evidence":["NISRA population/census totals","OSM building density and development-zone proxy","Planning/local development source inventory","Interpolated between available raster/statistical evidence years"]},"geometry":{"type":"Polygon","coordinates":[[[-5.875455,54.635714],[-5.861819,54.635714],[-5.861819,54.648571],[-5.875455,54.648571],[-5.875455,54.635714]]]}},{"type":"Feature","id":"belfast_09_16_2017","properties":{"cell_id":"belfast_09_16","year":2017,"row":9,"col":16,"population_pressure":0.224,"mobility_strain":0.47,"economic_opportunity":0.068,"environmental_exposure":0.314,"fairness_score":0.356,"development_pressure":0.177,"green_cover":0.301,"bike_access":0.05,"transit_access":0.18,"planning_intensity":0.096,"deprivation_weight":0.157,"population_pressure_delta_2016":0.023,"mobility_strain_delta_2016":0.005,"economic_opportunity_delta_2016":0.0,"environmental_exposure_delta_2016":0.003,"fairness_score_delta_2016":-0.001,"population_pressure_delta_previous":0.023,"mobility_strain_delta_previous":0.005,"economic_opportunity_delta_previous":0.0,"environmental_exposure_delta_previous":0.003,"fairness_score_delta_previous":-0.001,"dominant_metric":"population_pressure","dominant_change":"stable","confidence":"low-medium","evidence":["NISRA population/census totals","OSM building density and development-zone proxy","Planning/local development source inventory","Interpolated between available raster/statistical evidence years"]},"geometry":{"type":"Polygon","coordinates":[[[-5.861818,54.635714],[-5.848182,54.635714],[-5.848182,54.648571],[-5.861818,54.648571],[-5.861818,54.635714]]]}},{"type":"Feature","id":"belfast_09_17_2017","properties":{"cell_id":"belfast_09_17","year":2017,"row":9,"col":17,"population_pressure":0.224,"mobility_strain":0.469,"economic_opportunity":0.068,"environmental_exposure":0.307,"fairness_score":0.38,"development_pressure":0.177,"green_cover":0.323,"bike_access":0.05,"transit_access":0.18,"planning_intensity":0.096,"deprivation_weight":0.0,"population_pressure_delta_2016":0.018,"mobility_strain_delta_2016":0.002,"economic_opportunity_delta_2016":0.0,"environmental_exposure_delta_2016":-0.006,"fairness_score_delta_2016":0.0,"population_pressure_delta_previous":0.018,"mobility_strain_delta_previous":0.002,"economic_opportunity_delta_previous":0.0,"environmental_exposure_delta_previous":-0.006,"fairness_score_delta_previous":0.0,"dominant_metric":"population_pressure","dominant_change":"stable","confidence":"low-medium","evidence":["NISRA population/census totals","OSM building density and development-zone proxy","Planning/local development source inventory","Interpolated between available raster/statistical evidence years"]},"geometry":{"type":"Polygon","coordinates":[[[-5.848182,54.635714],[-5.834546,54.635714],[-5.834546,54.648571],[-5.848182,54.648571],[-5.848182,54.635714]]]}},{"type":"Feature","id":"belfast_09_18_2017","properties":{"cell_id":"belfast_09_18","year":2017,"row":9,"col":18,"population_pressure":0.216,"mobility_strain":0.465,"economic_opportunity":0.068,"environmental_exposure":0.297,"fairness_score":0.381,"development_pressure":0.162,"green_cover":0.353,"bike_access":0.05,"transit_access":0.18,"planning_intensity":0.089,"deprivation_weight":0.0,"population_pressure_delta_2016":0.014,"mobility_strain_delta_2016":0.0,"economic_opportunity_delta_2016":0.0,"environmental_exposure_delta_2016":-0.008,"fairness_score_delta_2016":0.0,"population_pressure_delta_previous":0.014,"mobility_strain_delta_previous":0.0,"economic_opportunity_delta_previous":0.0,"environmental_exposure_delta_previous":-0.008,"fairness_score_delta_previous":0.0,"dominant_metric":"population_pressure","dominant_change":"stable","confidence":"low-medium","evidence":["NISRA population/census totals","OSM building density and development-zone proxy","Planning/local development source inventory","Interpolated between available raster/statistical evidence years"]},"geometry":{"type":"Polygon","coordinates":[[[-5.834545,54.635714],[-5.820909,54.635714],[-5.820909,54.648571],[-5.834545,54.648571],[-5.834545,54.635714]]]}},{"type":"Feature","id":"belfast_09_19_2017","properties":{"cell_id":"belfast_09_19","year":2017,"row":9,"col":19,"population_pressure":0.203,"mobility_strain":0.462,"economic_opportunity":0.068,"environmental_exposure":0.293,"fairness_score":0.382,"development_pressure":0.138,"green_cover":0.364,"bike_access":0.05,"transit_access":0.18,"planning_intensity":0.077,"deprivation_weight":0.0,"population_pressure_delta_2016":0.012,"mobility_strain_delta_2016":0.002,"economic_opportunity_delta_2016":0.0,"environmental_exposure_delta_2016":-0.002,"fairness_score_delta_2016":0.0,"population_pressure_delta_previous":0.012,"mobility_strain_delta_previous":0.002,"economic_opportunity_delta_previous":0.0,"environmental_exposure_delta_previous":-0.002,"fairness_score_delta_previous":0.0,"dominant_metric":"population_pressure","dominant_change":"stable","confidence":"low-medium","evidence":["NISRA population/census totals","OSM building density and development-zone proxy","Planning/local development source inventory","Interpolated between available raster/statistical evidence years"]},"geometry":{"type":"Polygon","coordinates":[[[-5.820909,54.635714],[-5.807273,54.635714],[-5.807273,54.648571],[-5.820909,54.648571],[-5.820909,54.635714]]]}},{"type":"Feature","id":"belfast_09_20_2017","properties":{"cell_id":"belfast_09_20","year":2017,"row":9,"col":20,"population_pressure":0.192,"mobility_strain":0.459,"economic_opportunity":0.068,"environmental_exposure":0.299,"fairness_score":0.382,"development_pressure":0.117,"green_cover":0.349,"bike_access":0.05,"transit_access":0.18,"planning_intensity":0.067,"deprivation_weight":0.0,"population_pressure_delta_2016":0.013,"mobility_strain_delta_2016":0.003,"economic_opportunity_delta_2016":0.0,"environmental_exposure_delta_2016":0.008,"fairness_score_delta_2016":-0.001,"population_pressure_delta_previous":0.013,"mobility_strain_delta_previous":0.003,"economic_opportunity_delta_previous":0.0,"environmental_exposure_delta_previous":0.008,"fairness_score_delta_previous":-0.001,"dominant_metric":"population_pressure","dominant_change":"stable","confidence":"low-medium","evidence":["NISRA population/census totals","OSM building density and development-zone proxy","Planning/local development source inventory","Interpolated between available raster/statistical evidence years"]},"geometry":{"type":"Polygon","coordinates":[[[-5.807273,54.635714],[-5.793637,54.635714],[-5.793637,54.648571],[-5.807273,54.648571],[-5.807273,54.635714]]]}},{"type":"Feature","id":"belfast_09_21_2017","properties":{"cell_id":"belfast_09_21","year":2017,"row":9,"col":21,"population_pressure":0.188,"mobility_strain":0.46,"economic_opportunity":0.068,"environmental_exposure":0.307,"fairness_score":0.382,"development_pressure":0.109,"green_cover":0.322,"bike_access":0.05,"transit_access":0.18,"planning_intensity":0.063,"deprivation_weight":0.0,"population_pressure_delta_2016":0.018,"mobility_strain_delta_2016":0.005,"economic_opportunity_delta_2016":0.0,"environmental_exposure_delta_2016":0.01,"fairness_score_delta_2016":-0.002,"population_pressure_delta_previous":0.018,"mobility_strain_delta_previous":0.005,"economic_opportunity_delta_previous":0.0,"environmental_exposure_delta_previous":0.01,"fairness_score_delta_previous":-0.002,"dominant_metric":"population_pressure","dominant_change":"stable","confidence":"low-medium","evidence":["NISRA population/census totals","OSM building density and development-zone proxy","Planning/local development source inventory","Interpolated between available raster/statistical evidence years"]},"geometry":{"type":"Polygon","coordinates":[[[-5.793636,54.635714],[-5.78,54.635714],[-5.78,54.648571],[-5.793636,54.648571],[-5.793636,54.635714]]]}},{"type":"Feature","id":"belfast_10_00_2017","properties":{"cell_id":"belfast_10_00","year":2017,"row":10,"col":0,"population_pressure":0.192,"mobility_strain":0.459,"economic_opportunity":0.068,"environmental_exposure":0.292,"fairness_score":0.383,"development_pressure":0.118,"green_cover":0.369,"bike_access":0.05,"transit_access":0.18,"planning_intensity":0.067,"deprivation_weight":0.0,"population_pressure_delta_2016":0.013,"mobility_strain_delta_2016":0.002,"economic_opportunity_delta_2016":0.0,"environmental_exposure_delta_2016":-0.003,"fairness_score_delta_2016":0.0,"population_pressure_delta_previous":0.013,"mobility_strain_delta_previous":0.002,"economic_opportunity_delta_previous":0.0,"environmental_exposure_delta_previous":-0.003,"fairness_score_delta_previous":0.0,"dominant_metric":"population_pressure","dominant_change":"stable","confidence":"low-medium","evidence":["NISRA population/census totals","OSM building density and development-zone proxy","Planning/local development source inventory","Interpolated between available raster/statistical evidence years"]},"geometry":{"type":"Polygon","coordinates":[[[-6.08,54.648571],[-6.066364,54.648571],[-6.066364,54.661428],[-6.08,54.661428],[-6.08,54.648571]]]}},{"type":"Feature","id":"belfast_10_01_2017","properties":{"cell_id":"belfast_10_01","year":2017,"row":10,"col":1,"population_pressure":0.188,"mobility_strain":0.458,"economic_opportunity":0.068,"environmental_exposure":0.297,"fairness_score":0.383,"development_pressure":0.109,"green_cover":0.354,"bike_access":0.05,"transit_access":0.18,"planning_intensity":0.063,"deprivation_weight":0.0,"population_pressure_delta_2016":0.018,"mobility_strain_delta_2016":0.004,"economic_opportunity_delta_2016":0.0,"environmental_exposure_delta_2016":0.007,"fairness_score_delta_2016":-0.001,"population_pressure_delta_previous":0.018,"mobility_strain_delta_previous":0.004,"economic_opportunity_delta_previous":0.0,"environmental_exposure_delta_previous":0.007,"fairness_score_delta_previous":-0.001,"dominant_metric":"population_pressure","dominant_change":"stable","confidence":"low-medium","evidence":["NISRA population/census totals","OSM building density and development-zone proxy","Planning/local development source inventory","Interpolated between available raster/statistical evidence years"]},"geometry":{"type":"Polygon","coordinates":[[[-6.066364,54.648571],[-6.052728,54.648571],[-6.052728,54.661428],[-6.066364,54.661428],[-6.066364,54.648571]]]}},{"type":"Feature","id":"belfast_10_02_2017","properties":{"cell_id":"belfast_10_02","year":2017,"row":10,"col":2,"population_pressure":0.192,"mobility_strain":0.461,"economic_opportunity":0.068,"environmental_exposure":0.307,"fairness_score":0.382,"development_pressure":0.117,"green_cover":0.324,"bike_access":0.05,"transit_access":0.18,"planning_intensity":0.066,"deprivation_weight":0.0,"population_pressure_delta_2016":0.023,"mobility_strain_delta_2016":0.006,"economic_opportunity_delta_2016":0.0,"environmental_exposure_delta_2016":0.012,"fairness_score_delta_2016":-0.002,"population_pressure_delta_previous":0.023,"mobility_strain_delta_previous":0.006,"economic_opportunity_delta_previous":0.0,"environmental_exposure_delta_previous":0.012,"fairness_score_delta_previous":-0.002,"dominant_metric":"population_pressure","dominant_change":"stable","confidence":"low-medium","evidence":["NISRA population/census totals","OSM building density and development-zone proxy","Planning/local development source inventory","Interpolated between available raster/statistical evidence years"]},"geometry":{"type":"Polygon","coordinates":[[[-6.052727,54.648571],[-6.039091,54.648571],[-6.039091,54.661428],[-6.052727,54.661428],[-6.052727,54.648571]]]}},{"type":"Feature","id":"belfast_10_03_2017","properties":{"cell_id":"belfast_10_03","year":2017,"row":10,"col":3,"population_pressure":0.203,"mobility_strain":0.464,"economic_opportunity":0.068,"environmental_exposure":0.313,"fairness_score":0.381,"development_pressure":0.137,"green_cover":0.306,"bike_access":0.05,"transit_access":0.18,"planning_intensity":0.077,"deprivation_weight":0.0,"population_pressure_delta_2016":0.026,"mobility_strain_delta_2016":0.006,"economic_opportunity_delta_2016":0.0,"environmental_exposure_delta_2016":0.008,"fairness_score_delta_2016":-0.002,"population_pressure_delta_previous":0.026,"mobility_strain_delta_previous":0.006,"economic_opportunity_delta_previous":0.0,"environmental_exposure_delta_previous":0.008,"fairness_score_delta_previous":-0.002,"dominant_metric":"population_pressure","dominant_change":"stable","confidence":"low-medium","evidence":["NISRA population/census totals","OSM building density and development-zone proxy","Planning/local development source inventory","Interpolated between available raster/statistical evidence years"]},"geometry":{"type":"Polygon","coordinates":[[[-6.039091,54.648571],[-6.025455,54.648571],[-6.025455,54.661428],[-6.039091,54.661428],[-6.039091,54.648571]]]}},{"type":"Feature","id":"belfast_10_04_2017","properties":{"cell_id":"belfast_10_04","year":2017,"row":10,"col":4,"population_pressure":0.215,"mobility_strain":0.467,"economic_opportunity":0.068,"environmental_exposure":0.31,"fairness_score":0.38,"development_pressure":0.161,"green_cover":0.314,"bike_access":0.05,"transit_access":0.18,"planning_intensity":0.088,"deprivation_weight":0.0,"population_pressure_delta_2016":0.026,"mobility_strain_delta_2016":0.005,"economic_opportunity_delta_2016":0.0,"environmental_exposure_delta_2016":-0.002,"fairness_score_delta_2016":-0.002,"population_pressure_delta_previous":0.026,"mobility_strain_delta_previous":0.005,"economic_opportunity_delta_previous":0.0,"environmental_exposure_delta_previous":-0.002,"fairness_score_delta_previous":-0.002,"dominant_metric":"population_pressure","dominant_change":"stable","confidence":"low-medium","evidence":["NISRA population/census totals","OSM building density and development-zone proxy","Planning/local development source inventory","Interpolated between available raster/statistical evidence years"]},"geometry":{"type":"Polygon","coordinates":[[[-6.025455,54.648571],[-6.011819,54.648571],[-6.011819,54.661428],[-6.025455,54.661428],[-6.025455,54.648571]]]}},{"type":"Feature","id":"belfast_10_05_2017","properties":{"cell_id":"belfast_10_05","year":2017,"row":10,"col":5,"population_pressure":0.224,"mobility_strain":0.468,"economic_opportunity":0.068,"environmental_exposure":0.301,"fairness_score":0.38,"development_pressure":0.177,"green_cover":0.34,"bike_access":0.05,"transit_access":0.18,"planning_intensity":0.096,"deprivation_weight":0.0,"population_pressure_delta_2016":0.023,"mobility_strain_delta_2016":0.003,"economic_opportunity_delta_2016":0.0,"environmental_exposure_delta_2016":-0.008,"fairness_score_delta_2016":-0.001,"population_pressure_delta_previous":0.023,"mobility_strain_delta_previous":0.003,"economic_opportunity_delta_previous":0.0,"environmental_exposure_delta_previous":-0.008,"fairness_score_delta_previous":-0.001,"dominant_metric":"population_pressure","dominant_change":"stable","confidence":"low-medium","evidence":["NISRA population/census totals","OSM building density and development-zone proxy","Planning/local development source inventory","Interpolated between available raster/statistical evidence years"]},"geometry":{"type":"Polygon","coordinates":[[[-6.011818,54.648571],[-5.998182,54.648571],[-5.998182,54.661428],[-6.011818,54.661428],[-6.011818,54.648571]]]}},{"type":"Feature","id":"belfast_10_06_2017","properties":{"cell_id":"belfast_10_06","year":2017,"row":10,"col":6,"population_pressure":0.224,"mobility_strain":0.467,"economic_opportunity":0.068,"environmental_exposure":0.295,"fairness_score":0.38,"development_pressure":0.177,"green_cover":0.358,"bike_access":0.05,"transit_access":0.18,"planning_intensity":0.097,"deprivation_weight":0.0,"population_pressure_delta_2016":0.018,"mobility_strain_delta_2016":0.002,"economic_opportunity_delta_2016":0.0,"environmental_exposure_delta_2016":-0.005,"fairness_score_delta_2016":-0.001,"population_pressure_delta_previous":0.018,"mobility_strain_delta_previous":0.002,"economic_opportunity_delta_previous":0.0,"environmental_exposure_delta_previous":-0.005,"fairness_score_delta_previous":-0.001,"dominant_metric":"population_pressure","dominant_change":"stable","confidence":"low-medium","evidence":["NISRA population/census totals","OSM building density and development-zone proxy","Planning/local development source inventory","Interpolated between available raster/statistical evidence years"]},"geometry":{"type":"Polygon","coordinates":[[[-5.998182,54.648571],[-5.984546,54.648571],[-5.984546,54.661428],[-5.998182,54.661428],[-5.998182,54.648571]]]}},{"type":"Feature","id":"belfast_10_07_2017","properties":{"cell_id":"belfast_10_07","year":2017,"row":10,"col":7,"population_pressure":0.216,"mobility_strain":0.466,"economic_opportunity":0.068,"environmental_exposure":0.297,"fairness_score":0.381,"development_pressure":0.162,"green_cover":0.352,"bike_access":0.05,"transit_access":0.18,"planning_intensity":0.089,"deprivation_weight":0.0,"population_pressure_delta_2016":0.014,"mobility_strain_delta_2016":0.003,"economic_opportunity_delta_2016":0.0,"environmental_exposure_delta_2016":0.004,"fairness_score_delta_2016":0.0,"population_pressure_delta_previous":0.014,"mobility_strain_delta_previous":0.003,"economic_opportunity_delta_previous":0.0,"environmental_exposure_delta_previous":0.004,"fairness_score_delta_previous":0.0,"dominant_metric":"population_pressure","dominant_change":"stable","confidence":"low-medium","evidence":["NISRA population/census totals","OSM building density and development-zone proxy","Planning/local development source inventory","Interpolated between available raster/statistical evidence years"]},"geometry":{"type":"Polygon","coordinates":[[[-5.984545,54.648571],[-5.970909,54.648571],[-5.970909,54.661428],[-5.984545,54.661428],[-5.984545,54.648571]]]}},{"type":"Feature","id":"belfast_10_08_2017","properties":{"cell_id":"belfast_10_08","year":2017,"row":10,"col":8,"population_pressure":0.203,"mobility_strain":0.463,"economic_opportunity":0.068,"environmental_exposure":0.305,"fairness_score":0.377,"development_pressure":0.139,"green_cover":0.328,"bike_access":0.05,"transit_access":0.18,"planning_intensity":0.077,"deprivation_weight":0.028,"population_pressure_delta_2016":0.011,"mobility_strain_delta_2016":0.003,"economic_opportunity_delta_2016":0.0,"environmental_exposure_delta_2016":0.01,"fairness_score_delta_2016":-0.001,"population_pressure_delta_previous":0.011,"mobility_strain_delta_previous":0.003,"economic_opportunity_delta_previous":0.0,"environmental_exposure_delta_previous":0.01,"fairness_score_delta_previous":-0.001,"dominant_metric":"population_pressure","dominant_change":"stable","confidence":"low-medium","evidence":["NISRA population/census totals","OSM building density and development-zone proxy","Planning/local development source inventory","Interpolated between available raster/statistical evidence years"]},"geometry":{"type":"Polygon","coordinates":[[[-5.970909,54.648571],[-5.957273,54.648571],[-5.957273,54.661428],[-5.970909,54.661428],[-5.970909,54.648571]]]}},{"type":"Feature","id":"belfast_10_09_2017","properties":{"cell_id":"belfast_10_09","year":2017,"row":10,"col":9,"population_pressure":0.192,"mobility_strain":0.461,"economic_opportunity":0.068,"environmental_exposure":0.311,"fairness_score":0.37,"development_pressure":0.118,"green_cover":0.311,"bike_access":0.05,"transit_access":0.18,"planning_intensity":0.067,"deprivation_weight":0.079,"population_pressure_delta_2016":0.013,"mobility_strain_delta_2016":0.003,"economic_opportunity_delta_2016":0.0,"environmental_exposure_delta_2016":0.008,"fairness_score_delta_2016":-0.001,"population_pressure_delta_previous":0.013,"mobility_strain_delta_previous":0.003,"economic_opportunity_delta_previous":0.0,"environmental_exposure_delta_previous":0.008,"fairness_score_delta_previous":-0.001,"dominant_metric":"population_pressure","dominant_change":"stable","confidence":"low-medium","evidence":["NISRA population/census totals","OSM building density and development-zone proxy","Planning/local development source inventory","Interpolated between available raster/statistical evidence years"]},"geometry":{"type":"Polygon","coordinates":[[[-5.957273,54.648571],[-5.943637,54.648571],[-5.943637,54.661428],[-5.957273,54.661428],[-5.957273,54.648571]]]}},{"type":"Feature","id":"belfast_10_10_2017","properties":{"cell_id":"belfast_10_10","year":2017,"row":10,"col":10,"population_pressure":0.188,"mobility_strain":0.46,"economic_opportunity":0.068,"environmental_exposure":0.309,"fairness_score":0.369,"development_pressure":0.109,"green_cover":0.317,"bike_access":0.05,"transit_access":0.18,"planning_intensity":0.063,"deprivation_weight":0.09,"population_pressure_delta_2016":0.018,"mobility_strain_delta_2016":0.003,"economic_opportunity_delta_2016":0.0,"environmental_exposure_delta_2016":0.0,"fairness_score_delta_2016":-0.001,"population_pressure_delta_previous":0.018,"mobility_strain_delta_previous":0.003,"economic_opportunity_delta_previous":0.0,"environmental_exposure_delta_previous":0.0,"fairness_score_delta_previous":-0.001,"dominant_metric":"population_pressure","dominant_change":"stable","confidence":"low-medium","evidence":["NISRA population/census totals","OSM building density and development-zone proxy","Planning/local development source inventory","Interpolated between available raster/statistical evidence years"]},"geometry":{"type":"Polygon","coordinates":[[[-5.943636,54.648571],[-5.93,54.648571],[-5.93,54.661428],[-5.943636,54.661428],[-5.943636,54.648571]]]}},{"type":"Feature","id":"belfast_10_11_2017","properties":{"cell_id":"belfast_10_11","year":2017,"row":10,"col":11,"population_pressure":0.195,"mobility_strain":0.459,"economic_opportunity":0.068,"environmental_exposure":0.295,"fairness_score":0.371,"development_pressure":0.117,"green_cover":0.36,"bike_access":0.05,"transit_access":0.18,"planning_intensity":0.089,"deprivation_weight":0.078,"population_pressure_delta_2016":0.022,"mobility_strain_delta_2016":0.003,"economic_opportunity_delta_2016":0.0,"environmental_exposure_delta_2016":-0.006,"fairness_score_delta_2016":-0.001,"population_pressure_delta_previous":0.022,"mobility_strain_delta_previous":0.003,"economic_opportunity_delta_previous":0.0,"environmental_exposure_delta_previous":-0.006,"fairness_score_delta_previous":-0.001,"dominant_metric":"population_pressure","dominant_change":"stable","confidence":"low-medium","evidence":["NISRA population/census totals","OSM building density and development-zone proxy","Planning/local development source inventory","Interpolated between available raster/statistical evidence years"]},"geometry":{"type":"Polygon","coordinates":[[[-5.93,54.648571],[-5.916364,54.648571],[-5.916364,54.661428],[-5.93,54.661428],[-5.93,54.648571]]]}},{"type":"Feature","id":"belfast_10_12_2017","properties":{"cell_id":"belfast_10_12","year":2017,"row":10,"col":12,"population_pressure":0.212,"mobility_strain":0.459,"economic_opportunity":0.068,"environmental_exposure":0.341,"fairness_score":0.363,"development_pressure":0.138,"green_cover":0.409,"bike_access":0.05,"transit_access":0.18,"planning_intensity":0.136,"deprivation_weight":0.129,"population_pressure_delta_2016":0.026,"mobility_strain_delta_2016":0.004,"economic_opportunity_delta_2016":0.0,"environmental_exposure_delta_2016":-0.006,"fairness_score_delta_2016":-0.001,"population_pressure_delta_previous":0.026,"mobility_strain_delta_previous":0.004,"economic_opportunity_delta_previous":0.0,"environmental_exposure_delta_previous":-0.006,"fairness_score_delta_previous":-0.001,"dominant_metric":"population_pressure","dominant_change":"stable","confidence":"low-medium","evidence":["NISRA population/census totals","OSM building density and development-zone proxy","Planning/local development source inventory","Interpolated between available raster/statistical evidence years"]},"geometry":{"type":"Polygon","coordinates":[[[-5.916364,54.648571],[-5.902728,54.648571],[-5.902728,54.661428],[-5.916364,54.661428],[-5.916364,54.648571]]]}},{"type":"Feature","id":"belfast_10_13_2017","properties":{"cell_id":"belfast_10_13","year":2017,"row":10,"col":13,"population_pressure":0.225,"mobility_strain":0.463,"economic_opportunity":0.068,"environmental_exposure":0.347,"fairness_score":0.361,"development_pressure":0.162,"green_cover":0.406,"bike_access":0.05,"transit_access":0.18,"planning_intensity":0.15,"deprivation_weight":0.138,"population_pressure_delta_2016":0.026,"mobility_strain_delta_2016":0.006,"economic_opportunity_delta_2016":0.0,"environmental_exposure_delta_2016":0.003,"fairness_score_delta_2016":-0.001,"population_pressure_delta_previous":0.026,"mobility_strain_delta_previous":0.006,"economic_opportunity_delta_previous":0.0,"environmental_exposure_delta_previous":0.003,"fairness_score_delta_previous":-0.001,"dominant_metric":"population_pressure","dominant_change":"stable","confidence":"low-medium","evidence":["NISRA population/census totals","OSM building density and development-zone proxy","Planning/local development source inventory","Interpolated between available raster/statistical evidence years"]},"geometry":{"type":"Polygon","coordinates":[[[-5.902727,54.648571],[-5.889091,54.648571],[-5.889091,54.661428],[-5.902727,54.661428],[-5.902727,54.648571]]]}},{"type":"Feature","id":"belfast_10_14_2017","properties":{"cell_id":"belfast_10_14","year":2017,"row":10,"col":14,"population_pressure":0.228,"mobility_strain":0.468,"economic_opportunity":0.068,"environmental_exposure":0.3,"fairness_score":0.364,"development_pressure":0.177,"green_cover":0.351,"bike_access":0.05,"transit_access":0.18,"planning_intensity":0.124,"deprivation_weight":0.104,"population_pressure_delta_2016":0.023,"mobility_strain_delta_2016":0.006,"economic_opportunity_delta_2016":0.0,"environmental_exposure_delta_2016":0.011,"fairness_score_delta_2016":-0.002,"population_pressure_delta_previous":0.023,"mobility_strain_delta_previous":0.006,"economic_opportunity_delta_previous":0.0,"environmental_exposure_delta_previous":0.011,"fairness_score_delta_previous":-0.002,"dominant_metric":"population_pressure","dominant_change":"stable","confidence":"low-medium","evidence":["NISRA population/census totals","OSM building density and development-zone proxy","Planning/local development source inventory","Interpolated between available raster/statistical evidence years"]},"geometry":{"type":"Polygon","coordinates":[[[-5.889091,54.648571],[-5.875455,54.648571],[-5.875455,54.661428],[-5.889091,54.661428],[-5.889091,54.648571]]]}},{"type":"Feature","id":"belfast_10_15_2017","properties":{"cell_id":"belfast_10_15","year":2017,"row":10,"col":15,"population_pressure":0.224,"mobility_strain":0.47,"economic_opportunity":0.068,"environmental_exposure":0.313,"fairness_score":0.375,"development_pressure":0.177,"green_cover":0.304,"bike_access":0.05,"transit_access":0.18,"planning_intensity":0.096,"deprivation_weight":0.03,"population_pressure_delta_2016":0.018,"mobility_strain_delta_2016":0.005,"economic_opportunity_delta_2016":0.0,"environmental_exposure_delta_2016":0.01,"fairness_score_delta_2016":-0.001,"population_pressure_delta_previous":0.018,"mobility_strain_delta_previous":0.005,"economic_opportunity_delta_previous":0.0,"environmental_exposure_delta_previous":0.01,"fairness_score_delta_previous":-0.001,"dominant_metric":"population_pressure","dominant_change":"stable","confidence":"low-medium","evidence":["NISRA population/census totals","OSM building density and development-zone proxy","Planning/local development source inventory","Interpolated between available raster/statistical evidence years"]},"geometry":{"type":"Polygon","coordinates":[[[-5.875455,54.648571],[-5.861819,54.648571],[-5.861819,54.661428],[-5.875455,54.661428],[-5.875455,54.648571]]]}},{"type":"Feature","id":"belfast_10_16_2017","properties":{"cell_id":"belfast_10_16","year":2017,"row":10,"col":16,"population_pressure":0.216,"mobility_strain":0.468,"economic_opportunity":0.068,"environmental_exposure":0.313,"fairness_score":0.38,"development_pressure":0.162,"green_cover":0.303,"bike_access":0.05,"transit_access":0.18,"planning_intensity":0.089,"deprivation_weight":0.0,"population_pressure_delta_2016":0.014,"mobility_strain_delta_2016":0.002,"economic_opportunity_delta_2016":0.0,"environmental_exposure_delta_2016":0.002,"fairness_score_delta_2016":-0.001,"population_pressure_delta_previous":0.014,"mobility_strain_delta_previous":0.002,"economic_opportunity_delta_previous":0.0,"environmental_exposure_delta_previous":0.002,"fairness_score_delta_previous":-0.001,"dominant_metric":"population_pressure","dominant_change":"stable","confidence":"low-medium","evidence":["NISRA population/census totals","OSM building density and development-zone proxy","Planning/local development source inventory","Interpolated between available raster/statistical evidence years"]},"geometry":{"type":"Polygon","coordinates":[[[-5.861818,54.648571],[-5.848182,54.648571],[-5.848182,54.661428],[-5.861818,54.661428],[-5.861818,54.648571]]]}},{"type":"Feature","id":"belfast_10_17_2017","properties":{"cell_id":"belfast_10_17","year":2017,"row":10,"col":17,"population_pressure":0.203,"mobility_strain":0.463,"economic_opportunity":0.068,"environmental_exposure":0.305,"fairness_score":0.381,"development_pressure":0.138,"green_cover":0.33,"bike_access":0.05,"transit_access":0.18,"planning_intensity":0.077,"deprivation_weight":0.0,"population_pressure_delta_2016":0.012,"mobility_strain_delta_2016":0.0,"economic_opportunity_delta_2016":0.0,"environmental_exposure_delta_2016":-0.006,"fairness_score_delta_2016":0.0,"population_pressure_delta_previous":0.012,"mobility_strain_delta_previous":0.0,"economic_opportunity_delta_previous":0.0,"environmental_exposure_delta_previous":-0.006,"fairness_score_delta_previous":0.0,"dominant_metric":"population_pressure","dominant_change":"stable","confidence":"low-medium","evidence":["NISRA population/census totals","OSM building density and development-zone proxy","Planning/local development source inventory","Interpolated between available raster/statistical evidence years"]},"geometry":{"type":"Polygon","coordinates":[[[-5.848182,54.648571],[-5.834546,54.648571],[-5.834546,54.661428],[-5.848182,54.661428],[-5.848182,54.648571]]]}},{"type":"Feature","id":"belfast_10_18_2017","properties":{"cell_id":"belfast_10_18","year":2017,"row":10,"col":18,"population_pressure":0.192,"mobility_strain":0.459,"economic_opportunity":0.068,"environmental_exposure":0.294,"fairness_score":0.383,"development_pressure":0.117,"green_cover":0.361,"bike_access":0.05,"transit_access":0.18,"planning_intensity":0.067,"deprivation_weight":0.0,"population_pressure_delta_2016":0.013,"mobility_strain_delta_2016":0.001,"economic_opportunity_delta_2016":0.0,"environmental_exposure_delta_2016":-0.008,"fairness_score_delta_2016":0.0,"population_pressure_delta_previous":0.013,"mobility_strain_delta_previous":0.001,"economic_opportunity_delta_previous":0.0,"environmental_exposure_delta_previous":-0.008,"fairness_score_delta_previous":0.0,"dominant_metric":"population_pressure","dominant_change":"stable","confidence":"low-medium","evidence":["NISRA population/census totals","OSM building density and development-zone proxy","Planning/local development source inventory","Interpolated between available raster/statistical evidence years"]},"geometry":{"type":"Polygon","coordinates":[[[-5.834545,54.648571],[-5.820909,54.648571],[-5.820909,54.661428],[-5.834545,54.661428],[-5.834545,54.648571]]]}},{"type":"Feature","id":"belfast_10_19_2017","properties":{"cell_id":"belfast_10_19","year":2017,"row":10,"col":19,"population_pressure":0.188,"mobility_strain":0.457,"economic_opportunity":0.068,"environmental_exposure":0.292,"fairness_score":0.383,"development_pressure":0.109,"green_cover":0.37,"bike_access":0.05,"transit_access":0.18,"planning_intensity":0.063,"deprivation_weight":0.0,"population_pressure_delta_2016":0.018,"mobility_strain_delta_2016":0.003,"economic_opportunity_delta_2016":0.0,"environmental_exposure_delta_2016":0.0,"fairness_score_delta_2016":-0.001,"population_pressure_delta_previous":0.018,"mobility_strain_delta_previous":0.003,"economic_opportunity_delta_previous":0.0,"environmental_exposure_delta_previous":0.0,"fairness_score_delta_previous":-0.001,"dominant_metric":"population_pressure","dominant_change":"stable","confidence":"low-medium","evidence":["NISRA population/census totals","OSM building density and development-zone proxy","Planning/local development source inventory","Interpolated between available raster/statistical evidence years"]},"geometry":{"type":"Polygon","coordinates":[[[-5.820909,54.648571],[-5.807273,54.648571],[-5.807273,54.661428],[-5.820909,54.661428],[-5.820909,54.648571]]]}},{"type":"Feature","id":"belfast_10_20_2017","properties":{"cell_id":"belfast_10_20","year":2017,"row":10,"col":20,"population_pressure":0.192,"mobility_strain":0.46,"economic_opportunity":0.068,"environmental_exposure":0.299,"fairness_score":0.382,"development_pressure":0.118,"green_cover":0.349,"bike_access":0.05,"transit_access":0.18,"planning_intensity":0.067,"deprivation_weight":0.0,"population_pressure_delta_2016":0.023,"mobility_strain_delta_2016":0.006,"economic_opportunity_delta_2016":0.0,"environmental_exposure_delta_2016":0.009,"fairness_score_delta_2016":-0.002,"population_pressure_delta_previous":0.023,"mobility_strain_delta_previous":0.006,"economic_opportunity_delta_previous":0.0,"environmental_exposure_delta_previous":0.009,"fairness_score_delta_previous":-0.002,"dominant_metric":"population_pressure","dominant_change":"stable","confidence":"low-medium","evidence":["NISRA population/census totals","OSM building density and development-zone proxy","Planning/local development source inventory","Interpolated between available raster/statistical evidence years"]},"geometry":{"type":"Polygon","coordinates":[[[-5.807273,54.648571],[-5.793637,54.648571],[-5.793637,54.661428],[-5.807273,54.661428],[-5.807273,54.648571]]]}},{"type":"Feature","id":"belfast_10_21_2017","properties":{"cell_id":"belfast_10_21","year":2017,"row":10,"col":21,"population_pressure":0.203,"mobility_strain":0.464,"economic_opportunity":0.068,"environmental_exposure":0.309,"fairness_score":0.381,"development_pressure":0.139,"green_cover":0.317,"bike_access":0.05,"transit_access":0.18,"planning_intensity":0.077,"deprivation_weight":0.0,"population_pressure_delta_2016":0.026,"mobility_strain_delta_2016":0.007,"economic_opportunity_delta_2016":0.0,"environmental_exposure_delta_2016":0.012,"fairness_score_delta_2016":-0.002,"population_pressure_delta_previous":0.026,"mobility_strain_delta_previous":0.007,"economic_opportunity_delta_previous":0.0,"environmental_exposure_delta_previous":0.012,"fairness_score_delta_previous":-0.002,"dominant_metric":"population_pressure","dominant_change":"stable","confidence":"low-medium","evidence":["NISRA population/census totals","OSM building density and development-zone proxy","Planning/local development source inventory","Interpolated between available raster/statistical evidence years"]},"geometry":{"type":"Polygon","coordinates":[[[-5.793636,54.648571],[-5.78,54.648571],[-5.78,54.661428],[-5.793636,54.661428],[-5.793636,54.648571]]]}},{"type":"Feature","id":"belfast_11_00_2017","properties":{"cell_id":"belfast_11_00","year":2017,"row":11,"col":0,"population_pressure":0.192,"mobility_strain":0.458,"economic_opportunity":0.068,"environmental_exposure":0.292,"fairness_score":0.383,"development_pressure":0.117,"green_cover":0.369,"bike_access":0.05,"transit_access":0.18,"planning_intensity":0.066,"deprivation_weight":0.0,"population_pressure_delta_2016":0.023,"mobility_strain_delta_2016":0.004,"economic_opportunity_delta_2016":0.0,"environmental_exposure_delta_2016":-0.001,"fairness_score_delta_2016":-0.001,"population_pressure_delta_previous":0.023,"mobility_strain_delta_previous":0.004,"economic_opportunity_delta_previous":0.0,"environmental_exposure_delta_previous":-0.001,"fairness_score_delta_previous":-0.001,"dominant_metric":"population_pressure","dominant_change":"stable","confidence":"low-medium","evidence":["NISRA population/census totals","OSM building density and development-zone proxy","Planning/local development source inventory","Interpolated between available raster/statistical evidence years"]},"geometry":{"type":"Polygon","coordinates":[[[-6.08,54.661429],[-6.066364,54.661429],[-6.066364,54.674286],[-6.08,54.674286],[-6.08,54.661429]]]}},{"type":"Feature","id":"belfast_11_01_2017","properties":{"cell_id":"belfast_11_01","year":2017,"row":11,"col":1,"population_pressure":0.203,"mobility_strain":0.462,"economic_opportunity":0.068,"environmental_exposure":0.298,"fairness_score":0.382,"development_pressure":0.137,"green_cover":0.349,"bike_access":0.05,"transit_access":0.18,"planning_intensity":0.077,"deprivation_weight":0.0,"population_pressure_delta_2016":0.026,"mobility_strain_delta_2016":0.006,"economic_opportunity_delta_2016":0.0,"environmental_exposure_delta_2016":0.007,"fairness_score_delta_2016":-0.002,"population_pressure_delta_previous":0.026,"mobility_strain_delta_previous":0.006,"economic_opportunity_delta_previous":0.0,"environmental_exposure_delta_previous":0.007,"fairness_score_delta_previous":-0.002,"dominant_metric":"population_pressure","dominant_change":"stable","confidence":"low-medium","evidence":["NISRA population/census totals","OSM building density and development-zone proxy","Planning/local development source inventory","Interpolated between available raster/statistical evidence years"]},"geometry":{"type":"Polygon","coordinates":[[[-6.066364,54.661429],[-6.052728,54.661429],[-6.052728,54.674286],[-6.066364,54.674286],[-6.066364,54.661429]]]}},{"type":"Feature","id":"belfast_11_02_2017","properties":{"cell_id":"belfast_11_02","year":2017,"row":11,"col":2,"population_pressure":0.215,"mobility_strain":0.467,"economic_opportunity":0.068,"environmental_exposure":0.309,"fairness_score":0.38,"development_pressure":0.161,"green_cover":0.316,"bike_access":0.05,"transit_access":0.18,"planning_intensity":0.088,"deprivation_weight":0.0,"population_pressure_delta_2016":0.026,"mobility_strain_delta_2016":0.007,"economic_opportunity_delta_2016":0.0,"environmental_exposure_delta_2016":0.012,"fairness_score_delta_2016":-0.002,"population_pressure_delta_previous":0.026,"mobility_strain_delta_previous":0.007,"economic_opportunity_delta_previous":0.0,"environmental_exposure_delta_previous":0.012,"fairness_score_delta_previous":-0.002,"dominant_metric":"population_pressure","dominant_change":"stable","confidence":"low-medium","evidence":["NISRA population/census totals","OSM building density and development-zone proxy","Planning/local development source inventory","Interpolated between available raster/statistical evidence years"]},"geometry":{"type":"Polygon","coordinates":[[[-6.052727,54.661429],[-6.039091,54.661429],[-6.039091,54.674286],[-6.052727,54.674286],[-6.052727,54.661429]]]}},{"type":"Feature","id":"belfast_11_03_2017","properties":{"cell_id":"belfast_11_03","year":2017,"row":11,"col":3,"population_pressure":0.224,"mobility_strain":0.47,"economic_opportunity":0.068,"environmental_exposure":0.315,"fairness_score":0.379,"development_pressure":0.177,"green_cover":0.299,"bike_access":0.05,"transit_access":0.18,"planning_intensity":0.096,"deprivation_weight":0.0,"population_pressure_delta_2016":0.023,"mobility_strain_delta_2016":0.005,"economic_opportunity_delta_2016":0.0,"environmental_exposure_delta_2016":0.007,"fairness_score_delta_2016":-0.002,"population_pressure_delta_previous":0.023,"mobility_strain_delta_previous":0.005,"economic_opportunity_delta_previous":0.0,"environmental_exposure_delta_previous":0.007,"fairness_score_delta_previous":-0.002,"dominant_metric":"population_pressure","dominant_change":"stable","confidence":"low-medium","evidence":["NISRA population/census totals","OSM building density and development-zone proxy","Planning/local development source inventory","Interpolated between available raster/statistical evidence years"]},"geometry":{"type":"Polygon","coordinates":[[[-6.039091,54.661429],[-6.025455,54.661429],[-6.025455,54.674286],[-6.039091,54.674286],[-6.039091,54.661429]]]}},{"type":"Feature","id":"belfast_11_04_2017","properties":{"cell_id":"belfast_11_04","year":2017,"row":11,"col":4,"population_pressure":0.224,"mobility_strain":0.47,"economic_opportunity":0.068,"environmental_exposure":0.311,"fairness_score":0.379,"development_pressure":0.177,"green_cover":0.311,"bike_access":0.05,"transit_access":0.18,"planning_intensity":0.097,"deprivation_weight":0.0,"population_pressure_delta_2016":0.018,"mobility_strain_delta_2016":0.003,"economic_opportunity_delta_2016":0.0,"environmental_exposure_delta_2016":-0.002,"fairness_score_delta_2016":-0.001,"population_pressure_delta_previous":0.018,"mobility_strain_delta_previous":0.003,"economic_opportunity_delta_previous":0.0,"environmental_exposure_delta_previous":-0.002,"fairness_score_delta_previous":-0.001,"dominant_metric":"population_pressure","dominant_change":"stable","confidence":"low-medium","evidence":["NISRA population/census totals","OSM building density and development-zone proxy","Planning/local development source inventory","Interpolated between available raster/statistical evidence years"]},"geometry":{"type":"Polygon","coordinates":[[[-6.025455,54.661429],[-6.011819,54.661429],[-6.011819,54.674286],[-6.025455,54.674286],[-6.025455,54.661429]]]}},{"type":"Feature","id":"belfast_11_05_2017","properties":{"cell_id":"belfast_11_05","year":2017,"row":11,"col":5,"population_pressure":0.216,"mobility_strain":0.466,"economic_opportunity":0.068,"environmental_exposure":0.301,"fairness_score":0.381,"development_pressure":0.162,"green_cover":0.342,"bike_access":0.05,"transit_access":0.18,"planning_intensity":0.089,"deprivation_weight":0.0,"population_pressure_delta_2016":0.014,"mobility_strain_delta_2016":0.001,"economic_opportunity_delta_2016":0.0,"environmental_exposure_delta_2016":-0.008,"fairness_score_delta_2016":0.0,"population_pressure_delta_previous":0.014,"mobility_strain_delta_previous":0.001,"economic_opportunity_delta_previous":0.0,"environmental_exposure_delta_previous":-0.008,"fairness_score_delta_previous":0.0,"dominant_metric":"population_pressure","dominant_change":"stable","confidence":"low-medium","evidence":["NISRA population/census totals","OSM building density and development-zone proxy","Planning/local development source inventory","Interpolated between available raster/statistical evidence years"]},"geometry":{"type":"Polygon","coordinates":[[[-6.011818,54.661429],[-5.998182,54.661429],[-5.998182,54.674286],[-6.011818,54.674286],[-6.011818,54.661429]]]}},{"type":"Feature","id":"belfast_11_06_2017","properties":{"cell_id":"belfast_11_06","year":2017,"row":11,"col":6,"population_pressure":0.203,"mobility_strain":0.462,"economic_opportunity":0.068,"environmental_exposure":0.293,"fairness_score":0.382,"development_pressure":0.139,"green_cover":0.365,"bike_access":0.05,"transit_access":0.18,"planning_intensity":0.077,"deprivation_weight":0.0,"population_pressure_delta_2016":0.011,"mobility_strain_delta_2016":0.001,"economic_opportunity_delta_2016":0.0,"environmental_exposure_delta_2016":-0.005,"fairness_score_delta_2016":0.0,"population_pressure_delta_previous":0.011,"mobility_strain_delta_previous":0.001,"economic_opportunity_delta_previous":0.0,"environmental_exposure_delta_previous":-0.005,"fairness_score_delta_previous":0.0,"dominant_metric":"population_pressure","dominant_change":"stable","confidence":"low-medium","evidence":["NISRA population/census totals","OSM building density and development-zone proxy","Planning/local development source inventory","Interpolated between available raster/statistical evidence years"]},"geometry":{"type":"Polygon","coordinates":[[[-5.998182,54.661429],[-5.984546,54.661429],[-5.984546,54.674286],[-5.998182,54.674286],[-5.998182,54.661429]]]}},{"type":"Feature","id":"belfast_11_07_2017","properties":{"cell_id":"belfast_11_07","year":2017,"row":11,"col":7,"population_pressure":0.192,"mobility_strain":0.459,"economic_opportunity":0.068,"environmental_exposure":0.295,"fairness_score":0.383,"development_pressure":0.118,"green_cover":0.36,"bike_access":0.05,"transit_access":0.18,"planning_intensity":0.067,"deprivation_weight":0.0,"population_pressure_delta_2016":0.013,"mobility_strain_delta_2016":0.003,"economic_opportunity_delta_2016":0.0,"environmental_exposure_delta_2016":0.004,"fairness_score_delta_2016":0.0,"population_pressure_delta_previous":0.013,"mobility_strain_delta_previous":0.003,"economic_opportunity_delta_previous":0.0,"environmental_exposure_delta_previous":0.004,"fairness_score_delta_previous":0.0,"dominant_metric":"population_pressure","dominant_change":"stable","confidence":"low-medium","evidence":["NISRA population/census totals","OSM building density and development-zone proxy","Planning/local development source inventory","Interpolated between available raster/statistical evidence years"]},"geometry":{"type":"Polygon","coordinates":[[[-5.984545,54.661429],[-5.970909,54.661429],[-5.970909,54.674286],[-5.984545,54.674286],[-5.984545,54.661429]]]}},{"type":"Feature","id":"belfast_11_08_2017","properties":{"cell_id":"belfast_11_08","year":2017,"row":11,"col":8,"population_pressure":0.188,"mobility_strain":0.459,"economic_opportunity":0.068,"environmental_exposure":0.304,"fairness_score":0.383,"development_pressure":0.109,"green_cover":0.333,"bike_access":0.05,"transit_access":0.18,"planning_intensity":0.063,"deprivation_weight":0.0,"population_pressure_delta_2016":0.018,"mobility_strain_delta_2016":0.005,"economic_opportunity_delta_2016":0.0,"environmental_exposure_delta_2016":0.011,"fairness_score_delta_2016":-0.001,"population_pressure_delta_previous":0.018,"mobility_strain_delta_previous":0.005,"economic_opportunity_delta_previous":0.0,"environmental_exposure_delta_previous":0.011,"fairness_score_delta_previous":-0.001,"dominant_metric":"population_pressure","dominant_change":"stable","confidence":"low-medium","evidence":["NISRA population/census totals","OSM building density and development-zone proxy","Planning/local development source inventory","Interpolated between available raster/statistical evidence years"]},"geometry":{"type":"Polygon","coordinates":[[[-5.970909,54.661429],[-5.957273,54.661429],[-5.957273,54.674286],[-5.970909,54.674286],[-5.970909,54.661429]]]}},{"type":"Feature","id":"belfast_11_09_2017","properties":{"cell_id":"belfast_11_09","year":2017,"row":11,"col":9,"population_pressure":0.192,"mobility_strain":0.461,"economic_opportunity":0.068,"environmental_exposure":0.311,"fairness_score":0.382,"development_pressure":0.117,"green_cover":0.311,"bike_access":0.05,"transit_access":0.18,"planning_intensity":0.067,"deprivation_weight":0.0,"population_pressure_delta_2016":0.023,"mobility_strain_delta_2016":0.005,"economic_opportunity_delta_2016":0.0,"environmental_exposure_delta_2016":0.009,"fairness_score_delta_2016":-0.002,"population_pressure_delta_previous":0.023,"mobility_strain_delta_previous":0.005,"economic_opportunity_delta_previous":0.0,"environmental_exposure_delta_previous":0.009,"fairness_score_delta_previous":-0.002,"dominant_metric":"population_pressure","dominant_change":"stable","confidence":"low-medium","evidence":["NISRA population/census totals","OSM building density and development-zone proxy","Planning/local development source inventory","Interpolated between available raster/statistical evidence years"]},"geometry":{"type":"Polygon","coordinates":[[[-5.957273,54.661429],[-5.943637,54.661429],[-5.943637,54.674286],[-5.957273,54.674286],[-5.957273,54.661429]]]}},{"type":"Feature","id":"belfast_11_10_2017","properties":{"cell_id":"belfast_11_10","year":2017,"row":11,"col":10,"population_pressure":0.203,"mobility_strain":0.464,"economic_opportunity":0.068,"environmental_exposure":0.311,"fairness_score":0.381,"development_pressure":0.138,"green_cover":0.312,"bike_access":0.05,"transit_access":0.18,"planning_intensity":0.077,"deprivation_weight":0.0,"population_pressure_delta_2016":0.026,"mobility_strain_delta_2016":0.005,"economic_opportunity_delta_2016":0.0,"environmental_exposure_delta_2016":0.001,"fairness_score_delta_2016":-0.002,"population_pressure_delta_previous":0.026,"mobility_strain_delta_previous":0.005,"economic_opportunity_delta_previous":0.0,"environmental_exposure_delta_previous":0.001,"fairness_score_delta_previous":-0.002,"dominant_metric":"population_pressure","dominant_change":"stable","confidence":"low-medium","evidence":["NISRA population/census totals","OSM building density and development-zone proxy","Planning/local development source inventory","Interpolated between available raster/statistical evidence years"]},"geometry":{"type":"Polygon","coordinates":[[[-5.943636,54.661429],[-5.93,54.661429],[-5.93,54.674286],[-5.943636,54.674286],[-5.943636,54.661429]]]}},{"type":"Feature","id":"belfast_11_11_2017","properties":{"cell_id":"belfast_11_11","year":2017,"row":11,"col":11,"population_pressure":0.223,"mobility_strain":0.465,"economic_opportunity":0.068,"environmental_exposure":0.329,"fairness_score":0.381,"development_pressure":0.162,"green_cover":0.371,"bike_access":0.05,"transit_access":0.18,"planning_intensity":0.135,"deprivation_weight":0.0,"population_pressure_delta_2016":0.027,"mobility_strain_delta_2016":0.005,"economic_opportunity_delta_2016":0.0,"environmental_exposure_delta_2016":-0.007,"fairness_score_delta_2016":-0.001,"population_pressure_delta_previous":0.027,"mobility_strain_delta_previous":0.005,"economic_opportunity_delta_previous":0.0,"environmental_exposure_delta_previous":-0.007,"fairness_score_delta_previous":-0.001,"dominant_metric":"population_pressure","dominant_change":"stable","confidence":"low-medium","evidence":["NISRA population/census totals","OSM building density and development-zone proxy","Planning/local development source inventory","Interpolated between available raster/statistical evidence years"]},"geometry":{"type":"Polygon","coordinates":[[[-5.93,54.661429],[-5.916364,54.661429],[-5.916364,54.674286],[-5.93,54.674286],[-5.93,54.661429]]]}},{"type":"Feature","id":"belfast_11_12_2017","properties":{"cell_id":"belfast_11_12","year":2017,"row":11,"col":12,"population_pressure":0.239,"mobility_strain":0.463,"economic_opportunity":0.068,"environmental_exposure":0.413,"fairness_score":0.381,"development_pressure":0.177,"green_cover":0.435,"bike_access":0.05,"transit_access":0.18,"planning_intensity":0.198,"deprivation_weight":0.0,"population_pressure_delta_2016":0.023,"mobility_strain_delta_2016":0.003,"economic_opportunity_delta_2016":0.0,"environmental_exposure_delta_2016":-0.005,"fairness_score_delta_2016":-0.001,"population_pressure_delta_previous":0.023,"mobility_strain_delta_previous":0.003,"economic_opportunity_delta_previous":0.0,"environmental_exposure_delta_previous":-0.005,"fairness_score_delta_previous":-0.001,"dominant_metric":"population_pressure","dominant_change":"stable","confidence":"low-medium","evidence":["NISRA population/census totals","OSM building density and development-zone proxy","Planning/local development source inventory","Interpolated between available raster/statistical evidence years"]},"geometry":{"type":"Polygon","coordinates":[[[-5.916364,54.661429],[-5.902728,54.661429],[-5.902728,54.674286],[-5.916364,54.674286],[-5.916364,54.661429]]]}},{"type":"Feature","id":"belfast_11_13_2017","properties":{"cell_id":"belfast_11_13","year":2017,"row":11,"col":13,"population_pressure":0.24,"mobility_strain":0.463,"economic_opportunity":0.068,"environmental_exposure":0.421,"fairness_score":0.381,"development_pressure":0.177,"green_cover":0.438,"bike_access":0.05,"transit_access":0.18,"planning_intensity":0.203,"deprivation_weight":0.0,"population_pressure_delta_2016":0.018,"mobility_strain_delta_2016":0.003,"economic_opportunity_delta_2016":0.0,"environmental_exposure_delta_2016":0.002,"fairness_score_delta_2016":-0.001,"population_pressure_delta_previous":0.018,"mobility_strain_delta_previous":0.003,"economic_opportunity_delta_previous":0.0,"environmental_exposure_delta_previous":0.002,"fairness_score_delta_previous":-0.001,"dominant_metric":"population_pressure","dominant_change":"stable","confidence":"low-medium","evidence":["NISRA population/census totals","OSM building density and development-zone proxy","Planning/local development source inventory","Interpolated between available raster/statistical evidence years"]},"geometry":{"type":"Polygon","coordinates":[[[-5.902727,54.661429],[-5.889091,54.661429],[-5.889091,54.674286],[-5.902727,54.674286],[-5.902727,54.661429]]]}},{"type":"Feature","id":"belfast_11_14_2017","properties":{"cell_id":"belfast_11_14","year":2017,"row":11,"col":14,"population_pressure":0.224,"mobility_strain":0.464,"economic_opportunity":0.068,"environmental_exposure":0.34,"fairness_score":0.381,"development_pressure":0.162,"green_cover":0.374,"bike_access":0.05,"transit_access":0.18,"planning_intensity":0.141,"deprivation_weight":0.0,"population_pressure_delta_2016":0.014,"mobility_strain_delta_2016":0.003,"economic_opportunity_delta_2016":0.0,"environmental_exposure_delta_2016":0.009,"fairness_score_delta_2016":-0.001,"population_pressure_delta_previous":0.014,"mobility_strain_delta_previous":0.003,"economic_opportunity_delta_previous":0.0,"environmental_exposure_delta_previous":0.009,"fairness_score_delta_previous":-0.001,"dominant_metric":"population_pressure","dominant_change":"stable","confidence":"low-medium","evidence":["NISRA population/census totals","OSM building density and development-zone proxy","Planning/local development source inventory","Interpolated between available raster/statistical evidence years"]},"geometry":{"type":"Polygon","coordinates":[[[-5.889091,54.661429],[-5.875455,54.661429],[-5.875455,54.674286],[-5.889091,54.674286],[-5.889091,54.661429]]]}},{"type":"Feature","id":"belfast_11_15_2017","properties":{"cell_id":"belfast_11_15","year":2017,"row":11,"col":15,"population_pressure":0.203,"mobility_strain":0.464,"economic_opportunity":0.068,"environmental_exposure":0.311,"fairness_score":0.381,"development_pressure":0.138,"green_cover":0.311,"bike_access":0.05,"transit_access":0.18,"planning_intensity":0.077,"deprivation_weight":0.0,"population_pressure_delta_2016":0.012,"mobility_strain_delta_2016":0.003,"economic_opportunity_delta_2016":0.0,"environmental_exposure_delta_2016":0.009,"fairness_score_delta_2016":-0.001,"population_pressure_delta_previous":0.012,"mobility_strain_delta_previous":0.003,"economic_opportunity_delta_previous":0.0,"environmental_exposure_delta_previous":0.009,"fairness_score_delta_previous":-0.001,"dominant_metric":"population_pressure","dominant_change":"stable","confidence":"low-medium","evidence":["NISRA population/census totals","OSM building density and development-zone proxy","Planning/local development source inventory","Interpolated between available raster/statistical evidence years"]},"geometry":{"type":"Polygon","coordinates":[[[-5.875455,54.661429],[-5.861819,54.661429],[-5.861819,54.674286],[-5.875455,54.674286],[-5.875455,54.661429]]]}},{"type":"Feature","id":"belfast_11_16_2017","properties":{"cell_id":"belfast_11_16","year":2017,"row":11,"col":16,"population_pressure":0.192,"mobility_strain":0.461,"economic_opportunity":0.068,"environmental_exposure":0.311,"fairness_score":0.382,"development_pressure":0.117,"green_cover":0.311,"bike_access":0.05,"transit_access":0.18,"planning_intensity":0.067,"deprivation_weight":0.0,"population_pressure_delta_2016":0.013,"mobility_strain_delta_2016":0.002,"economic_opportunity_delta_2016":0.0,"environmental_exposure_delta_2016":0.002,"fairness_score_delta_2016":-0.001,"population_pressure_delta_previous":0.013,"mobility_strain_delta_previous":0.002,"economic_opportunity_delta_previous":0.0,"environmental_exposure_delta_previous":0.002,"fairness_score_delta_previous":-0.001,"dominant_metric":"population_pressure","dominant_change":"stable","confidence":"low-medium","evidence":["NISRA population/census totals","OSM building density and development-zone proxy","Planning/local development source inventory","Interpolated between available raster/statistical evidence years"]},"geometry":{"type":"Polygon","coordinates":[[[-5.861818,54.661429],[-5.848182,54.661429],[-5.848182,54.674286],[-5.861818,54.674286],[-5.861818,54.661429]]]}},{"type":"Feature","id":"belfast_11_17_2017","properties":{"cell_id":"belfast_11_17","year":2017,"row":11,"col":17,"population_pressure":0.188,"mobility_strain":0.459,"economic_opportunity":0.068,"environmental_exposure":0.303,"fairness_score":0.383,"development_pressure":0.109,"green_cover":0.335,"bike_access":0.05,"transit_access":0.18,"planning_intensity":0.063,"deprivation_weight":0.0,"population_pressure_delta_2016":0.018,"mobility_strain_delta_2016":0.002,"economic_opportunity_delta_2016":0.0,"environmental_exposure_delta_2016":-0.006,"fairness_score_delta_2016":0.0,"population_pressure_delta_previous":0.018,"mobility_strain_delta_previous":0.002,"economic_opportunity_delta_previous":0.0,"environmental_exposure_delta_previous":-0.006,"fairness_score_delta_previous":0.0,"dominant_metric":"population_pressure","dominant_change":"stable","confidence":"low-medium","evidence":["NISRA population/census totals","OSM building density and development-zone proxy","Planning/local development source inventory","Interpolated between available raster/statistical evidence years"]},"geometry":{"type":"Polygon","coordinates":[[[-5.848182,54.661429],[-5.834546,54.661429],[-5.834546,54.674286],[-5.848182,54.674286],[-5.848182,54.661429]]]}},{"type":"Feature","id":"belfast_11_18_2017","properties":{"cell_id":"belfast_11_18","year":2017,"row":11,"col":18,"population_pressure":0.192,"mobility_strain":0.459,"economic_opportunity":0.068,"environmental_exposure":0.294,"fairness_score":0.383,"development_pressure":0.118,"green_cover":0.361,"bike_access":0.05,"transit_access":0.18,"planning_intensity":0.067,"deprivation_weight":0.0,"population_pressure_delta_2016":0.023,"mobility_strain_delta_2016":0.003,"economic_opportunity_delta_2016":0.0,"environmental_exposure_delta_2016":-0.007,"fairness_score_delta_2016":-0.001,"population_pressure_delta_previous":0.023,"mobility_strain_delta_previous":0.003,"economic_opportunity_delta_previous":0.0,"environmental_exposure_delta_previous":-0.007,"fairness_score_delta_previous":-0.001,"dominant_metric":"population_pressure","dominant_change":"stable","confidence":"low-medium","evidence":["NISRA population/census totals","OSM building density and development-zone proxy","Planning/local development source inventory","Interpolated between available raster/statistical evidence years"]},"geometry":{"type":"Polygon","coordinates":[[[-5.834545,54.661429],[-5.820909,54.661429],[-5.820909,54.674286],[-5.834545,54.674286],[-5.834545,54.661429]]]}},{"type":"Feature","id":"belfast_11_19_2017","properties":{"cell_id":"belfast_11_19","year":2017,"row":11,"col":19,"population_pressure":0.203,"mobility_strain":0.462,"economic_opportunity":0.068,"environmental_exposure":0.293,"fairness_score":0.382,"development_pressure":0.139,"green_cover":0.364,"bike_access":0.05,"transit_access":0.18,"planning_intensity":0.077,"deprivation_weight":0.0,"population_pressure_delta_2016":0.026,"mobility_strain_delta_2016":0.006,"economic_opportunity_delta_2016":0.0,"environmental_exposure_delta_2016":0.0,"fairness_score_delta_2016":-0.001,"population_pressure_delta_previous":0.026,"mobility_strain_delta_previous":0.006,"economic_opportunity_delta_previous":0.0,"environmental_exposure_delta_previous":0.0,"fairness_score_delta_previous":-0.001,"dominant_metric":"population_pressure","dominant_change":"stable","confidence":"low-medium","evidence":["NISRA population/census totals","OSM building density and development-zone proxy","Planning/local development source inventory","Interpolated between available raster/statistical evidence years"]},"geometry":{"type":"Polygon","coordinates":[[[-5.820909,54.661429],[-5.807273,54.661429],[-5.807273,54.674286],[-5.820909,54.674286],[-5.820909,54.661429]]]}},{"type":"Feature","id":"belfast_11_20_2017","properties":{"cell_id":"belfast_11_20","year":2017,"row":11,"col":20,"population_pressure":0.216,"mobility_strain":0.466,"economic_opportunity":0.068,"environmental_exposure":0.301,"fairness_score":0.38,"development_pressure":0.162,"green_cover":0.341,"bike_access":0.05,"transit_access":0.18,"planning_intensity":0.089,"deprivation_weight":0.0,"population_pressure_delta_2016":0.026,"mobility_strain_delta_2016":0.006,"economic_opportunity_delta_2016":0.0,"environmental_exposure_delta_2016":0.009,"fairness_score_delta_2016":-0.002,"population_pressure_delta_previous":0.026,"mobility_strain_delta_previous":0.006,"economic_opportunity_delta_previous":0.0,"environmental_exposure_delta_previous":0.009,"fairness_score_delta_previous":-0.002,"dominant_metric":"population_pressure","dominant_change":"stable","confidence":"low-medium","evidence":["NISRA population/census totals","OSM building density and development-zone proxy","Planning/local development source inventory","Interpolated between available raster/statistical evidence years"]},"geometry":{"type":"Polygon","coordinates":[[[-5.807273,54.661429],[-5.793637,54.661429],[-5.793637,54.674286],[-5.807273,54.674286],[-5.807273,54.661429]]]}},{"type":"Feature","id":"belfast_11_21_2017","properties":{"cell_id":"belfast_11_21","year":2017,"row":11,"col":21,"population_pressure":0.224,"mobility_strain":0.47,"economic_opportunity":0.068,"environmental_exposure":0.311,"fairness_score":0.379,"development_pressure":0.177,"green_cover":0.31,"bike_access":0.05,"transit_access":0.18,"planning_intensity":0.097,"deprivation_weight":0.0,"population_pressure_delta_2016":0.023,"mobility_strain_delta_2016":0.006,"economic_opportunity_delta_2016":0.0,"environmental_exposure_delta_2016":0.011,"fairness_score_delta_2016":-0.002,"population_pressure_delta_previous":0.023,"mobility_strain_delta_previous":0.006,"economic_opportunity_delta_previous":0.0,"environmental_exposure_delta_previous":0.011,"fairness_score_delta_previous":-0.002,"dominant_metric":"population_pressure","dominant_change":"stable","confidence":"low-medium","evidence":["NISRA population/census totals","OSM building density and development-zone proxy","Planning/local development source inventory","Interpolated between available raster/statistical evidence years"]},"geometry":{"type":"Polygon","coordinates":[[[-5.793636,54.661429],[-5.78,54.661429],[-5.78,54.674286],[-5.793636,54.674286],[-5.793636,54.661429]]]}},{"type":"Feature","id":"belfast_12_00_2017","properties":{"cell_id":"belfast_12_00","year":2017,"row":12,"col":0,"population_pressure":0.215,"mobility_strain":0.465,"economic_opportunity":0.068,"environmental_exposure":0.294,"fairness_score":0.381,"development_pressure":0.161,"green_cover":0.361,"bike_access":0.05,"transit_access":0.18,"planning_intensity":0.088,"deprivation_weight":0.0,"population_pressure_delta_2016":0.026,"mobility_strain_delta_2016":0.005,"economic_opportunity_delta_2016":0.0,"environmental_exposure_delta_2016":-0.002,"fairness_score_delta_2016":-0.001,"population_pressure_delta_previous":0.026,"mobility_strain_delta_previous":0.005,"economic_opportunity_delta_previous":0.0,"environmental_exposure_delta_previous":-0.002,"fairness_score_delta_previous":-0.001,"dominant_metric":"population_pressure","dominant_change":"stable","confidence":"low-medium","evidence":["NISRA population/census totals","OSM building density and development-zone proxy","Planning/local development source inventory","Interpolated between available raster/statistical evidence years"]},"geometry":{"type":"Polygon","coordinates":[[[-6.08,54.674286],[-6.066364,54.674286],[-6.066364,54.687143],[-6.08,54.687143],[-6.08,54.674286]]]}},{"type":"Feature","id":"belfast_12_01_2017","properties":{"cell_id":"belfast_12_01","year":2017,"row":12,"col":1,"population_pressure":0.224,"mobility_strain":0.468,"economic_opportunity":0.068,"environmental_exposure":0.301,"fairness_score":0.38,"development_pressure":0.177,"green_cover":0.342,"bike_access":0.05,"transit_access":0.18,"planning_intensity":0.096,"deprivation_weight":0.0,"population_pressure_delta_2016":0.023,"mobility_strain_delta_2016":0.005,"economic_opportunity_delta_2016":0.0,"environmental_exposure_delta_2016":0.008,"fairness_score_delta_2016":-0.002,"population_pressure_delta_previous":0.023,"mobility_strain_delta_previous":0.005,"economic_opportunity_delta_previous":0.0,"environmental_exposure_delta_previous":0.008,"fairness_score_delta_previous":-0.002,"dominant_metric":"population_pressure","dominant_change":"stable","confidence":"low-medium","evidence":["NISRA population/census totals","OSM building density and development-zone proxy","Planning/local development source inventory","Interpolated between available raster/statistical evidence years"]},"geometry":{"type":"Polygon","coordinates":[[[-6.066364,54.674286],[-6.052728,54.674286],[-6.052728,54.687143],[-6.066364,54.687143],[-6.066364,54.674286]]]}},{"type":"Feature","id":"belfast_12_02_2017","properties":{"cell_id":"belfast_12_02","year":2017,"row":12,"col":2,"population_pressure":0.224,"mobility_strain":0.47,"economic_opportunity":0.068,"environmental_exposure":0.31,"fairness_score":0.379,"development_pressure":0.177,"green_cover":0.313,"bike_access":0.05,"transit_access":0.18,"planning_intensity":0.097,"deprivation_weight":0.0,"population_pressure_delta_2016":0.018,"mobility_strain_delta_2016":0.005,"economic_opportunity_delta_2016":0.0,"environmental_exposure_delta_2016":0.011,"fairness_score_delta_2016":-0.002,"population_pressure_delta_previous":0.018,"mobility_strain_delta_previous":0.005,"economic_opportunity_delta_previous":0.0,"environmental_exposure_delta_previous":0.011,"fairness_score_delta_previous":-0.002,"dominant_metric":"population_pressure","dominant_change":"stable","confidence":"low-medium","evidence":["NISRA population/census totals","OSM building density and development-zone proxy","Planning/local development source inventory","Interpolated between available raster/statistical evidence years"]},"geometry":{"type":"Polygon","coordinates":[[[-6.052727,54.674286],[-6.039091,54.674286],[-6.039091,54.687143],[-6.052727,54.687143],[-6.052727,54.674286]]]}},{"type":"Feature","id":"belfast_12_03_2017","properties":{"cell_id":"belfast_12_03","year":2017,"row":12,"col":3,"population_pressure":0.216,"mobility_strain":0.468,"economic_opportunity":0.068,"environmental_exposure":0.314,"fairness_score":0.38,"development_pressure":0.162,"green_cover":0.301,"bike_access":0.05,"transit_access":0.18,"planning_intensity":0.089,"deprivation_weight":0.0,"population_pressure_delta_2016":0.014,"mobility_strain_delta_2016":0.003,"economic_opportunity_delta_2016":0.0,"environmental_exposure_delta_2016":0.006,"fairness_score_delta_2016":-0.001,"population_pressure_delta_previous":0.014,"mobility_strain_delta_previous":0.003,"economic_opportunity_delta_previous":0.0,"environmental_exposure_delta_previous":0.006,"fairness_score_delta_previous":-0.001,"dominant_metric":"population_pressure","dominant_change":"stable","confidence":"low-medium","evidence":["NISRA population/census totals","OSM building density and development-zone proxy","Planning/local development source inventory","Interpolated between available raster/statistical evidence years"]},"geometry":{"type":"Polygon","coordinates":[[[-6.039091,54.674286],[-6.025455,54.674286],[-6.025455,54.687143],[-6.039091,54.687143],[-6.039091,54.674286]]]}},{"type":"Feature","id":"belfast_12_04_2017","properties":{"cell_id":"belfast_12_04","year":2017,"row":12,"col":4,"population_pressure":0.203,"mobility_strain":0.464,"economic_opportunity":0.068,"environmental_exposure":0.309,"fairness_score":0.381,"development_pressure":0.139,"green_cover":0.318,"bike_access":0.05,"transit_access":0.18,"planning_intensity":0.077,"deprivation_weight":0.0,"population_pressure_delta_2016":0.011,"mobility_strain_delta_2016":0.001,"economic_opportunity_delta_2016":0.0,"environmental_exposure_delta_2016":-0.003,"fairness_score_delta_2016":0.0,"population_pressure_delta_previous":0.011,"mobility_strain_delta_previous":0.001,"economic_opportunity_delta_previous":0.0,"environmental_exposure_delta_previous":-0.003,"fairness_score_delta_previous":0.0,"dominant_metric":"population_pressure","dominant_change":"stable","confidence":"low-medium","evidence":["NISRA population/census totals","OSM building density and development-zone proxy","Planning/local development source inventory","Interpolated between available raster/statistical evidence years"]},"geometry":{"type":"Polygon","coordinates":[[[-6.025455,54.674286],[-6.011819,54.674286],[-6.011819,54.687143],[-6.025455,54.687143],[-6.025455,54.674286]]]}},{"type":"Feature","id":"belfast_12_05_2017","properties":{"cell_id":"belfast_12_05","year":2017,"row":12,"col":5,"population_pressure":0.192,"mobility_strain":0.459,"economic_opportunity":0.068,"environmental_exposure":0.298,"fairness_score":0.382,"development_pressure":0.118,"green_cover":0.35,"bike_access":0.05,"transit_access":0.18,"planning_intensity":0.067,"deprivation_weight":0.0,"population_pressure_delta_2016":0.013,"mobility_strain_delta_2016":0.0,"economic_opportunity_delta_2016":0.0,"environmental_exposure_delta_2016":-0.008,"fairness_score_delta_2016":-0.001,"population_pressure_delta_previous":0.013,"mobility_strain_delta_previous":0.0,"economic_opportunity_delta_previous":0.0,"environmental_exposure_delta_previous":-0.008,"fairness_score_delta_previous":-0.001,"dominant_metric":"population_pressure","dominant_change":"stable","confidence":"low-medium","evidence":["NISRA population/census totals","OSM building density and development-zone proxy","Planning/local development source inventory","Interpolated between available raster/statistical evidence years"]},"geometry":{"type":"Polygon","coordinates":[[[-6.011818,54.674286],[-5.998182,54.674286],[-5.998182,54.687143],[-6.011818,54.687143],[-6.011818,54.674286]]]}},{"type":"Feature","id":"belfast_12_06_2017","properties":{"cell_id":"belfast_12_06","year":2017,"row":12,"col":6,"population_pressure":0.188,"mobility_strain":0.457,"economic_opportunity":0.068,"environmental_exposure":0.291,"fairness_score":0.383,"development_pressure":0.109,"green_cover":0.37,"bike_access":0.05,"transit_access":0.18,"planning_intensity":0.063,"deprivation_weight":0.0,"population_pressure_delta_2016":0.018,"mobility_strain_delta_2016":0.002,"economic_opportunity_delta_2016":0.0,"environmental_exposure_delta_2016":-0.005,"fairness_score_delta_2016":-0.001,"population_pressure_delta_previous":0.018,"mobility_strain_delta_previous":0.002,"economic_opportunity_delta_previous":0.0,"environmental_exposure_delta_previous":-0.005,"fairness_score_delta_previous":-0.001,"dominant_metric":"population_pressure","dominant_change":"stable","confidence":"low-medium","evidence":["NISRA population/census totals","OSM building density and development-zone proxy","Planning/local development source inventory","Interpolated between available raster/statistical evidence years"]},"geometry":{"type":"Polygon","coordinates":[[[-5.998182,54.674286],[-5.984546,54.674286],[-5.984546,54.687143],[-5.998182,54.687143],[-5.998182,54.674286]]]}},{"type":"Feature","id":"belfast_12_07_2017","properties":{"cell_id":"belfast_12_07","year":2017,"row":12,"col":7,"population_pressure":0.192,"mobility_strain":0.459,"economic_opportunity":0.068,"environmental_exposure":0.295,"fairness_score":0.383,"development_pressure":0.117,"green_cover":0.36,"bike_access":0.05,"transit_access":0.18,"planning_intensity":0.067,"deprivation_weight":0.0,"population_pressure_delta_2016":0.023,"mobility_strain_delta_2016":0.005,"economic_opportunity_delta_2016":0.0,"environmental_exposure_delta_2016":0.005,"fairness_score_delta_2016":-0.001,"population_pressure_delta_previous":0.023,"mobility_strain_delta_previous":0.005,"economic_opportunity_delta_previous":0.0,"environmental_exposure_delta_previous":0.005,"fairness_score_delta_previous":-0.001,"dominant_metric":"population_pressure","dominant_change":"stable","confidence":"low-medium","evidence":["NISRA population/census totals","OSM building density and development-zone proxy","Planning/local development source inventory","Interpolated between available raster/statistical evidence years"]},"geometry":{"type":"Polygon","coordinates":[[[-5.984545,54.674286],[-5.970909,54.674286],[-5.970909,54.687143],[-5.984545,54.687143],[-5.984545,54.674286]]]}},{"type":"Feature","id":"belfast_12_08_2017","properties":{"cell_id":"belfast_12_08","year":2017,"row":12,"col":8,"population_pressure":0.203,"mobility_strain":0.463,"economic_opportunity":0.068,"environmental_exposure":0.305,"fairness_score":0.381,"development_pressure":0.138,"green_cover":0.328,"bike_access":0.05,"transit_access":0.18,"planning_intensity":0.077,"deprivation_weight":0.0,"population_pressure_delta_2016":0.026,"mobility_strain_delta_2016":0.007,"economic_opportunity_delta_2016":0.0,"environmental_exposure_delta_2016":0.011,"fairness_score_delta_2016":-0.002,"population_pressure_delta_previous":0.026,"mobility_strain_delta_previous":0.007,"economic_opportunity_delta_previous":0.0,"environmental_exposure_delta_previous":0.011,"fairness_score_delta_previous":-0.002,"dominant_metric":"population_pressure","dominant_change":"stable","confidence":"low-medium","evidence":["NISRA population/census totals","OSM building density and development-zone proxy","Planning/local development source inventory","Interpolated between available raster/statistical evidence years"]},"geometry":{"type":"Polygon","coordinates":[[[-5.970909,54.674286],[-5.957273,54.674286],[-5.957273,54.687143],[-5.970909,54.687143],[-5.970909,54.674286]]]}},{"type":"Feature","id":"belfast_12_09_2017","properties":{"cell_id":"belfast_12_09","year":2017,"row":12,"col":9,"population_pressure":0.216,"mobility_strain":0.468,"economic_opportunity":0.068,"environmental_exposure":0.314,"fairness_score":0.38,"development_pressure":0.162,"green_cover":0.303,"bike_access":0.05,"transit_access":0.18,"planning_intensity":0.089,"deprivation_weight":0.0,"population_pressure_delta_2016":0.027,"mobility_strain_delta_2016":0.007,"economic_opportunity_delta_2016":0.0,"environmental_exposure_delta_2016":0.01,"fairness_score_delta_2016":-0.002,"population_pressure_delta_previous":0.027,"mobility_strain_delta_previous":0.007,"economic_opportunity_delta_previous":0.0,"environmental_exposure_delta_previous":0.01,"fairness_score_delta_previous":-0.002,"dominant_metric":"population_pressure","dominant_change":"stable","confidence":"low-medium","evidence":["NISRA population/census totals","OSM building density and development-zone proxy","Planning/local development source inventory","Interpolated between available raster/statistical evidence years"]},"geometry":{"type":"Polygon","coordinates":[[[-5.957273,54.674286],[-5.943637,54.674286],[-5.943637,54.687143],[-5.957273,54.687143],[-5.957273,54.674286]]]}},{"type":"Feature","id":"belfast_12_10_2017","properties":{"cell_id":"belfast_12_10","year":2017,"row":12,"col":10,"population_pressure":0.224,"mobility_strain":0.47,"economic_opportunity":0.068,"environmental_exposure":0.313,"fairness_score":0.379,"development_pressure":0.177,"green_cover":0.305,"bike_access":0.05,"transit_access":0.18,"planning_intensity":0.096,"deprivation_weight":0.0,"population_pressure_delta_2016":0.023,"mobility_strain_delta_2016":0.004,"economic_opportunity_delta_2016":0.0,"environmental_exposure_delta_2016":0.001,"fairness_score_delta_2016":-0.002,"population_pressure_delta_previous":0.023,"mobility_strain_delta_previous":0.004,"economic_opportunity_delta_previous":0.0,"environmental_exposure_delta_previous":0.001,"fairness_score_delta_previous":-0.002,"dominant_metric":"population_pressure","dominant_change":"stable","confidence":"low-medium","evidence":["NISRA population/census totals","OSM building density and development-zone proxy","Planning/local development source inventory","Interpolated between available raster/statistical evidence years"]},"geometry":{"type":"Polygon","coordinates":[[[-5.943636,54.674286],[-5.93,54.674286],[-5.93,54.687143],[-5.943636,54.687143],[-5.943636,54.674286]]]}},{"type":"Feature","id":"belfast_12_11_2017","properties":{"cell_id":"belfast_12_11","year":2017,"row":12,"col":11,"population_pressure":0.224,"mobility_strain":0.469,"economic_opportunity":0.068,"environmental_exposure":0.304,"fairness_score":0.38,"development_pressure":0.177,"green_cover":0.332,"bike_access":0.05,"transit_access":0.18,"planning_intensity":0.096,"deprivation_weight":0.0,"population_pressure_delta_2016":0.018,"mobility_strain_delta_2016":0.002,"economic_opportunity_delta_2016":0.0,"environmental_exposure_delta_2016":-0.007,"fairness_score_delta_2016":0.0,"population_pressure_delta_previous":0.018,"mobility_strain_delta_previous":0.002,"economic_opportunity_delta_previous":0.0,"environmental_exposure_delta_previous":-0.007,"fairness_score_delta_previous":0.0,"dominant_metric":"population_pressure","dominant_change":"stable","confidence":"low-medium","evidence":["NISRA population/census totals","OSM building density and development-zone proxy","Planning/local development source inventory","Interpolated between available raster/statistical evidence years"]},"geometry":{"type":"Polygon","coordinates":[[[-5.93,54.674286],[-5.916364,54.674286],[-5.916364,54.687143],[-5.93,54.687143],[-5.93,54.674286]]]}},{"type":"Feature","id":"belfast_12_12_2017","properties":{"cell_id":"belfast_12_12","year":2017,"row":12,"col":12,"population_pressure":0.219,"mobility_strain":0.464,"economic_opportunity":0.068,"environmental_exposure":0.29,"fairness_score":0.381,"development_pressure":0.162,"green_cover":0.373,"bike_access":0.05,"transit_access":0.18,"planning_intensity":0.108,"deprivation_weight":0.0,"population_pressure_delta_2016":0.014,"mobility_strain_delta_2016":0.001,"economic_opportunity_delta_2016":0.0,"environmental_exposure_delta_2016":-0.007,"fairness_score_delta_2016":0.0,"population_pressure_delta_previous":0.014,"mobility_strain_delta_previous":0.001,"economic_opportunity_delta_previous":0.0,"environmental_exposure_delta_previous":-0.007,"fairness_score_delta_previous":0.0,"dominant_metric":"population_pressure","dominant_change":"stable","confidence":"low-medium","evidence":["NISRA population/census totals","OSM building density and development-zone proxy","Planning/local development source inventory","Interpolated between available raster/statistical evidence years"]},"geometry":{"type":"Polygon","coordinates":[[[-5.916364,54.674286],[-5.902728,54.674286],[-5.902728,54.687143],[-5.916364,54.687143],[-5.916364,54.674286]]]}},{"type":"Feature","id":"belfast_12_13_2017","properties":{"cell_id":"belfast_12_13","year":2017,"row":12,"col":13,"population_pressure":0.206,"mobility_strain":0.461,"economic_opportunity":0.068,"environmental_exposure":0.289,"fairness_score":0.382,"development_pressure":0.138,"green_cover":0.378,"bike_access":0.05,"transit_access":0.18,"planning_intensity":0.098,"deprivation_weight":0.0,"population_pressure_delta_2016":0.011,"mobility_strain_delta_2016":0.002,"economic_opportunity_delta_2016":0.0,"environmental_exposure_delta_2016":0.001,"fairness_score_delta_2016":-0.001,"population_pressure_delta_previous":0.011,"mobility_strain_delta_previous":0.002,"economic_opportunity_delta_previous":0.0,"environmental_exposure_delta_previous":0.001,"fairness_score_delta_previous":-0.001,"dominant_metric":"population_pressure","dominant_change":"stable","confidence":"low-medium","evidence":["NISRA population/census totals","OSM building density and development-zone proxy","Planning/local development source inventory","Interpolated between available raster/statistical evidence years"]},"geometry":{"type":"Polygon","coordinates":[[[-5.902727,54.674286],[-5.889091,54.674286],[-5.889091,54.687143],[-5.902727,54.687143],[-5.902727,54.674286]]]}},{"type":"Feature","id":"belfast_12_14_2017","properties":{"cell_id":"belfast_12_14","year":2017,"row":12,"col":14,"population_pressure":0.192,"mobility_strain":0.46,"economic_opportunity":0.068,"environmental_exposure":0.301,"fairness_score":0.382,"development_pressure":0.117,"green_cover":0.34,"bike_access":0.05,"transit_access":0.18,"planning_intensity":0.067,"deprivation_weight":0.0,"population_pressure_delta_2016":0.013,"mobility_strain_delta_2016":0.003,"economic_opportunity_delta_2016":0.0,"environmental_exposure_delta_2016":0.009,"fairness_score_delta_2016":-0.001,"population_pressure_delta_previous":0.013,"mobility_strain_delta_previous":0.003,"economic_opportunity_delta_previous":0.0,"environmental_exposure_delta_previous":0.009,"fairness_score_delta_previous":-0.001,"dominant_metric":"population_pressure","dominant_change":"stable","confidence":"low-medium","evidence":["NISRA population/census totals","OSM building density and development-zone proxy","Planning/local development source inventory","Interpolated between available raster/statistical evidence years"]},"geometry":{"type":"Polygon","coordinates":[[[-5.889091,54.674286],[-5.875455,54.674286],[-5.875455,54.687143],[-5.889091,54.687143],[-5.889091,54.674286]]]}},{"type":"Feature","id":"belfast_12_15_2017","properties":{"cell_id":"belfast_12_15","year":2017,"row":12,"col":15,"population_pressure":0.188,"mobility_strain":0.46,"economic_opportunity":0.068,"environmental_exposure":0.309,"fairness_score":0.382,"development_pressure":0.109,"green_cover":0.316,"bike_access":0.05,"transit_access":0.18,"planning_intensity":0.063,"deprivation_weight":0.0,"population_pressure_delta_2016":0.018,"mobility_strain_delta_2016":0.005,"economic_opportunity_delta_2016":0.0,"environmental_exposure_delta_2016":0.01,"fairness_score_delta_2016":-0.002,"population_pressure_delta_previous":0.018,"mobility_strain_delta_previous":0.005,"economic_opportunity_delta_previous":0.0,"environmental_exposure_delta_previous":0.01,"fairness_score_delta_previous":-0.002,"dominant_metric":"population_pressure","dominant_change":"stable","confidence":"low-medium","evidence":["NISRA population/census totals","OSM building density and development-zone proxy","Planning/local development source inventory","Interpolated between available raster/statistical evidence years"]},"geometry":{"type":"Polygon","coordinates":[[[-5.875455,54.674286],[-5.861819,54.674286],[-5.861819,54.687143],[-5.875455,54.687143],[-5.875455,54.674286]]]}},{"type":"Feature","id":"belfast_12_16_2017","properties":{"cell_id":"belfast_12_16","year":2017,"row":12,"col":16,"population_pressure":0.192,"mobility_strain":0.461,"economic_opportunity":0.068,"environmental_exposure":0.311,"fairness_score":0.382,"development_pressure":0.118,"green_cover":0.311,"bike_access":0.05,"transit_access":0.18,"planning_intensity":0.067,"deprivation_weight":0.0,"population_pressure_delta_2016":0.023,"mobility_strain_delta_2016":0.004,"economic_opportunity_delta_2016":0.0,"environmental_exposure_delta_2016":0.003,"fairness_score_delta_2016":-0.001,"population_pressure_delta_previous":0.023,"mobility_strain_delta_previous":0.004,"economic_opportunity_delta_previous":0.0,"environmental_exposure_delta_previous":0.003,"fairness_score_delta_previous":-0.001,"dominant_metric":"population_pressure","dominant_change":"stable","confidence":"low-medium","evidence":["NISRA population/census totals","OSM building density and development-zone proxy","Planning/local development source inventory","Interpolated between available raster/statistical evidence years"]},"geometry":{"type":"Polygon","coordinates":[[[-5.861818,54.674286],[-5.848182,54.674286],[-5.848182,54.687143],[-5.861818,54.687143],[-5.861818,54.674286]]]}},{"type":"Feature","id":"belfast_12_17_2017","properties":{"cell_id":"belfast_12_17","year":2017,"row":12,"col":17,"population_pressure":0.203,"mobility_strain":0.463,"economic_opportunity":0.068,"environmental_exposure":0.305,"fairness_score":0.381,"development_pressure":0.139,"green_cover":0.33,"bike_access":0.05,"transit_access":0.18,"planning_intensity":0.077,"deprivation_weight":0.0,"population_pressure_delta_2016":0.026,"mobility_strain_delta_2016":0.004,"economic_opportunity_delta_2016":0.0,"environmental_exposure_delta_2016":-0.005,"fairness_score_delta_2016":-0.002,"population_pressure_delta_previous":0.026,"mobility_strain_delta_previous":0.004,"economic_opportunity_delta_previous":0.0,"environmental_exposure_delta_previous":-0.005,"fairness_score_delta_previous":-0.002,"dominant_metric":"population_pressure","dominant_change":"stable","confidence":"low-medium","evidence":["NISRA population/census totals","OSM building density and development-zone proxy","Planning/local development source inventory","Interpolated between available raster/statistical evidence years"]},"geometry":{"type":"Polygon","coordinates":[[[-5.848182,54.674286],[-5.834546,54.674286],[-5.834546,54.687143],[-5.848182,54.687143],[-5.848182,54.674286]]]}},{"type":"Feature","id":"belfast_12_18_2017","properties":{"cell_id":"belfast_12_18","year":2017,"row":12,"col":18,"population_pressure":0.216,"mobility_strain":0.466,"economic_opportunity":0.068,"environmental_exposure":0.297,"fairness_score":0.381,"development_pressure":0.162,"green_cover":0.353,"bike_access":0.05,"transit_access":0.18,"planning_intensity":0.089,"deprivation_weight":0.0,"population_pressure_delta_2016":0.026,"mobility_strain_delta_2016":0.005,"economic_opportunity_delta_2016":0.0,"environmental_exposure_delta_2016":-0.007,"fairness_score_delta_2016":-0.001,"population_pressure_delta_previous":0.026,"mobility_strain_delta_previous":0.005,"economic_opportunity_delta_previous":0.0,"environmental_exposure_delta_previous":-0.007,"fairness_score_delta_previous":-0.001,"dominant_metric":"population_pressure","dominant_change":"stable","confidence":"low-medium","evidence":["NISRA population/census totals","OSM building density and development-zone proxy","Planning/local development source inventory","Interpolated between available raster/statistical evidence years"]},"geometry":{"type":"Polygon","coordinates":[[[-5.834545,54.674286],[-5.820909,54.674286],[-5.820909,54.687143],[-5.834545,54.687143],[-5.834545,54.674286]]]}},{"type":"Feature","id":"belfast_12_19_2017","properties":{"cell_id":"belfast_12_19","year":2017,"row":12,"col":19,"population_pressure":0.224,"mobility_strain":0.467,"economic_opportunity":0.068,"environmental_exposure":0.296,"fairness_score":0.38,"development_pressure":0.177,"green_cover":0.358,"bike_access":0.05,"transit_access":0.18,"planning_intensity":0.097,"deprivation_weight":0.0,"population_pressure_delta_2016":0.023,"mobility_strain_delta_2016":0.004,"economic_opportunity_delta_2016":0.0,"environmental_exposure_delta_2016":0.0,"fairness_score_delta_2016":-0.001,"population_pressure_delta_previous":0.023,"mobility_strain_delta_previous":0.004,"economic_opportunity_delta_previous":0.0,"environmental_exposure_delta_previous":0.0,"fairness_score_delta_previous":-0.001,"dominant_metric":"population_pressure","dominant_change":"stable","confidence":"low-medium","evidence":["NISRA population/census totals","OSM building density and development-zone proxy","Planning/local development source inventory","Interpolated between available raster/statistical evidence years"]},"geometry":{"type":"Polygon","coordinates":[[[-5.820909,54.674286],[-5.807273,54.674286],[-5.807273,54.687143],[-5.820909,54.687143],[-5.820909,54.674286]]]}},{"type":"Feature","id":"belfast_12_20_2017","properties":{"cell_id":"belfast_12_20","year":2017,"row":12,"col":20,"population_pressure":0.224,"mobility_strain":0.468,"economic_opportunity":0.068,"environmental_exposure":0.302,"fairness_score":0.38,"development_pressure":0.177,"green_cover":0.338,"bike_access":0.05,"transit_access":0.18,"planning_intensity":0.096,"deprivation_weight":0.0,"population_pressure_delta_2016":0.018,"mobility_strain_delta_2016":0.004,"economic_opportunity_delta_2016":0.0,"environmental_exposure_delta_2016":0.008,"fairness_score_delta_2016":-0.001,"population_pressure_delta_previous":0.018,"mobility_strain_delta_previous":0.004,"economic_opportunity_delta_previous":0.0,"environmental_exposure_delta_previous":0.008,"fairness_score_delta_previous":-0.001,"dominant_metric":"population_pressure","dominant_change":"stable","confidence":"low-medium","evidence":["NISRA population/census totals","OSM building density and development-zone proxy","Planning/local development source inventory","Interpolated between available raster/statistical evidence years"]},"geometry":{"type":"Polygon","coordinates":[[[-5.807273,54.674286],[-5.793637,54.674286],[-5.793637,54.687143],[-5.807273,54.687143],[-5.807273,54.674286]]]}},{"type":"Feature","id":"belfast_12_21_2017","properties":{"cell_id":"belfast_12_21","year":2017,"row":12,"col":21,"population_pressure":0.215,"mobility_strain":0.467,"economic_opportunity":0.068,"environmental_exposure":0.31,"fairness_score":0.38,"development_pressure":0.161,"green_cover":0.312,"bike_access":0.05,"transit_access":0.18,"planning_intensity":0.088,"deprivation_weight":0.0,"population_pressure_delta_2016":0.013,"mobility_strain_delta_2016":0.003,"economic_opportunity_delta_2016":0.0,"environmental_exposure_delta_2016":0.01,"fairness_score_delta_2016":-0.001,"population_pressure_delta_previous":0.013,"mobility_strain_delta_previous":0.003,"economic_opportunity_delta_previous":0.0,"environmental_exposure_delta_previous":0.01,"fairness_score_delta_previous":-0.001,"dominant_metric":"population_pressure","dominant_change":"stable","confidence":"low-medium","evidence":["NISRA population/census totals","OSM building density and development-zone proxy","Planning/local development source inventory","Interpolated between available raster/statistical evidence years"]},"geometry":{"type":"Polygon","coordinates":[[[-5.793636,54.674286],[-5.78,54.674286],[-5.78,54.687143],[-5.793636,54.687143],[-5.793636,54.674286]]]}},{"type":"Feature","id":"belfast_13_00_2017","properties":{"cell_id":"belfast_13_00","year":2017,"row":13,"col":0,"population_pressure":0.224,"mobility_strain":0.467,"economic_opportunity":0.068,"environmental_exposure":0.295,"fairness_score":0.38,"development_pressure":0.177,"green_cover":0.358,"bike_access":0.05,"transit_access":0.18,"planning_intensity":0.097,"deprivation_weight":0.0,"population_pressure_delta_2016":0.018,"mobility_strain_delta_2016":0.002,"economic_opportunity_delta_2016":0.0,"environmental_exposure_delta_2016":-0.002,"fairness_score_delta_2016":-0.001,"population_pressure_delta_previous":0.018,"mobility_strain_delta_previous":0.002,"economic_opportunity_delta_previous":0.0,"environmental_exposure_delta_previous":-0.002,"fairness_score_delta_previous":-0.001,"dominant_metric":"population_pressure","dominant_change":"stable","confidence":"low-medium","evidence":["NISRA population/census totals","OSM building density and development-zone proxy","Planning/local development source inventory","Interpolated between available raster/statistical evidence years"]},"geometry":{"type":"Polygon","coordinates":[[[-6.08,54.687143],[-6.066364,54.687143],[-6.066364,54.7],[-6.08,54.7],[-6.08,54.687143]]]}},{"type":"Feature","id":"belfast_13_01_2017","properties":{"cell_id":"belfast_13_01","year":2017,"row":13,"col":1,"population_pressure":0.216,"mobility_strain":0.466,"economic_opportunity":0.068,"environmental_exposure":0.3,"fairness_score":0.381,"development_pressure":0.162,"green_cover":0.345,"bike_access":0.05,"transit_access":0.18,"planning_intensity":0.089,"deprivation_weight":0.0,"population_pressure_delta_2016":0.014,"mobility_strain_delta_2016":0.003,"economic_opportunity_delta_2016":0.0,"environmental_exposure_delta_2016":0.007,"fairness_score_delta_2016":0.0,"population_pressure_delta_previous":0.014,"mobility_strain_delta_previous":0.003,"economic_opportunity_delta_previous":0.0,"environmental_exposure_delta_previous":0.007,"fairness_score_delta_previous":0.0,"dominant_metric":"population_pressure","dominant_change":"stable","confidence":"low-medium","evidence":["NISRA population/census totals","OSM building density and development-zone proxy","Planning/local development source inventory","Interpolated between available raster/statistical evidence years"]},"geometry":{"type":"Polygon","coordinates":[[[-6.066364,54.687143],[-6.052728,54.687143],[-6.052728,54.7],[-6.066364,54.7],[-6.066364,54.687143]]]}},{"type":"Feature","id":"belfast_13_02_2017","properties":{"cell_id":"belfast_13_02","year":2017,"row":13,"col":2,"population_pressure":0.203,"mobility_strain":0.464,"economic_opportunity":0.068,"environmental_exposure":0.308,"fairness_score":0.381,"development_pressure":0.139,"green_cover":0.32,"bike_access":0.05,"transit_access":0.18,"planning_intensity":0.077,"deprivation_weight":0.0,"population_pressure_delta_2016":0.011,"mobility_strain_delta_2016":0.003,"economic_opportunity_delta_2016":0.0,"environmental_exposure_delta_2016":0.011,"fairness_score_delta_2016":-0.001,"population_pressure_delta_previous":0.011,"mobility_strain_delta_previous":0.003,"economic_opportunity_delta_previous":0.0,"environmental_exposure_delta_previous":0.011,"fairness_score_delta_previous":-0.001,"dominant_metric":"population_pressure","dominant_change":"stable","confidence":"low-medium","evidence":["NISRA population/census totals","OSM building density and development-zone proxy","Planning/local development source inventory","Interpolated between available raster/statistical evidence years"]},"geometry":{"type":"Polygon","coordinates":[[[-6.052727,54.687143],[-6.039091,54.687143],[-6.039091,54.7],[-6.052727,54.7],[-6.052727,54.687143]]]}},{"type":"Feature","id":"belfast_13_03_2017","properties":{"cell_id":"belfast_13_03","year":2017,"row":13,"col":3,"population_pressure":0.192,"mobility_strain":0.462,"economic_opportunity":0.068,"environmental_exposure":0.312,"fairness_score":0.382,"development_pressure":0.118,"green_cover":0.309,"bike_access":0.05,"transit_access":0.18,"planning_intensity":0.067,"deprivation_weight":0.0,"population_pressure_delta_2016":0.013,"mobility_strain_delta_2016":0.003,"economic_opportunity_delta_2016":0.0,"environmental_exposure_delta_2016":0.006,"fairness_score_delta_2016":-0.001,"population_pressure_delta_previous":0.013,"mobility_strain_delta_previous":0.003,"economic_opportunity_delta_previous":0.0,"environmental_exposure_delta_previous":0.006,"fairness_score_delta_previous":-0.001,"dominant_metric":"population_pressure","dominant_change":"stable","confidence":"low-medium","evidence":["NISRA population/census totals","OSM building density and development-zone proxy","Planning/local development source inventory","Interpolated between available raster/statistical evidence years"]},"geometry":{"type":"Polygon","coordinates":[[[-6.039091,54.687143],[-6.025455,54.687143],[-6.025455,54.7],[-6.039091,54.7],[-6.039091,54.687143]]]}},{"type":"Feature","id":"belfast_13_04_2017","properties":{"cell_id":"belfast_13_04","year":2017,"row":13,"col":4,"population_pressure":0.188,"mobility_strain":0.46,"economic_opportunity":0.068,"environmental_exposure":0.307,"fairness_score":0.382,"development_pressure":0.109,"green_cover":0.323,"bike_access":0.05,"transit_access":0.18,"planning_intensity":0.063,"deprivation_weight":0.0,"population_pressure_delta_2016":0.018,"mobility_strain_delta_2016":0.003,"economic_opportunity_delta_2016":0.0,"environmental_exposure_delta_2016":-0.003,"fairness_score_delta_2016":-0.001,"population_pressure_delta_previous":0.018,"mobility_strain_delta_previous":0.003,"economic_opportunity_delta_previous":0.0,"environmental_exposure_delta_previous":-0.003,"fairness_score_delta_previous":-0.001,"dominant_metric":"population_pressure","dominant_change":"stable","confidence":"low-medium","evidence":["NISRA population/census totals","OSM building density and development-zone proxy","Planning/local development source inventory","Interpolated between available raster/statistical evidence years"]},"geometry":{"type":"Polygon","coordinates":[[[-6.025455,54.687143],[-6.011819,54.687143],[-6.011819,54.7],[-6.025455,54.7],[-6.025455,54.687143]]]}},{"type":"Feature","id":"belfast_13_05_2017","properties":{"cell_id":"belfast_13_05","year":2017,"row":13,"col":5,"population_pressure":0.192,"mobility_strain":0.459,"economic_opportunity":0.068,"environmental_exposure":0.298,"fairness_score":0.383,"development_pressure":0.117,"green_cover":0.35,"bike_access":0.05,"transit_access":0.18,"planning_intensity":0.067,"deprivation_weight":0.0,"population_pressure_delta_2016":0.023,"mobility_strain_delta_2016":0.003,"economic_opportunity_delta_2016":0.0,"environmental_exposure_delta_2016":-0.007,"fairness_score_delta_2016":0.0,"population_pressure_delta_previous":0.023,"mobility_strain_delta_previous":0.003,"economic_opportunity_delta_previous":0.0,"environmental_exposure_delta_previous":-0.007,"fairness_score_delta_previous":0.0,"dominant_metric":"population_pressure","dominant_change":"stable","confidence":"low-medium","evidence":["NISRA population/census totals","OSM building density and development-zone proxy","Planning/local development source inventory","Interpolated between available raster/statistical evidence years"]},"geometry":{"type":"Polygon","coordinates":[[[-6.011818,54.687143],[-5.998182,54.687143],[-5.998182,54.7],[-6.011818,54.7],[-6.011818,54.687143]]]}},{"type":"Feature","id":"belfast_13_06_2017","properties":{"cell_id":"belfast_13_06","year":2017,"row":13,"col":6,"population_pressure":0.203,"mobility_strain":0.462,"economic_opportunity":0.068,"environmental_exposure":0.293,"fairness_score":0.382,"development_pressure":0.138,"green_cover":0.365,"bike_access":0.05,"transit_access":0.18,"planning_intensity":0.077,"deprivation_weight":0.0,"population_pressure_delta_2016":0.026,"mobility_strain_delta_2016":0.005,"economic_opportunity_delta_2016":0.0,"environmental_exposure_delta_2016":-0.004,"fairness_score_delta_2016":-0.001,"population_pressure_delta_previous":0.026,"mobility_strain_delta_previous":0.005,"economic_opportunity_delta_previous":0.0,"environmental_exposure_delta_previous":-0.004,"fairness_score_delta_previous":-0.001,"dominant_metric":"population_pressure","dominant_change":"stable","confidence":"low-medium","evidence":["NISRA population/census totals","OSM building density and development-zone proxy","Planning/local development source inventory","Interpolated between available raster/statistical evidence years"]},"geometry":{"type":"Polygon","coordinates":[[[-5.998182,54.687143],[-5.984546,54.687143],[-5.984546,54.7],[-5.998182,54.7],[-5.998182,54.687143]]]}},{"type":"Feature","id":"belfast_13_07_2017","properties":{"cell_id":"belfast_13_07","year":2017,"row":13,"col":7,"population_pressure":0.216,"mobility_strain":0.466,"economic_opportunity":0.068,"environmental_exposure":0.297,"fairness_score":0.381,"development_pressure":0.162,"green_cover":0.352,"bike_access":0.05,"transit_access":0.18,"planning_intensity":0.089,"deprivation_weight":0.0,"population_pressure_delta_2016":0.027,"mobility_strain_delta_2016":0.007,"economic_opportunity_delta_2016":0.0,"environmental_exposure_delta_2016":0.005,"fairness_score_delta_2016":-0.001,"population_pressure_delta_previous":0.027,"mobility_strain_delta_previous":0.007,"economic_opportunity_delta_previous":0.0,"environmental_exposure_delta_previous":0.005,"fairness_score_delta_previous":-0.001,"dominant_metric":"population_pressure","dominant_change":"stable","confidence":"low-medium","evidence":["NISRA population/census totals","OSM building density and development-zone proxy","Planning/local development source inventory","Interpolated between available raster/statistical evidence years"]},"geometry":{"type":"Polygon","coordinates":[[[-5.984545,54.687143],[-5.970909,54.687143],[-5.970909,54.7],[-5.984545,54.7],[-5.984545,54.687143]]]}},{"type":"Feature","id":"belfast_13_08_2017","properties":{"cell_id":"belfast_13_08","year":2017,"row":13,"col":8,"population_pressure":0.224,"mobility_strain":0.469,"economic_opportunity":0.068,"environmental_exposure":0.308,"fairness_score":0.38,"development_pressure":0.177,"green_cover":0.321,"bike_access":0.05,"transit_access":0.18,"planning_intensity":0.096,"deprivation_weight":0.0,"population_pressure_delta_2016":0.023,"mobility_strain_delta_2016":0.006,"economic_opportunity_delta_2016":0.0,"environmental_exposure_delta_2016":0.012,"fairness_score_delta_2016":-0.001,"population_pressure_delta_previous":0.023,"mobility_strain_delta_previous":0.006,"economic_opportunity_delta_previous":0.0,"environmental_exposure_delta_previous":0.012,"fairness_score_delta_previous":-0.001,"dominant_metric":"population_pressure","dominant_change":"stable","confidence":"low-medium","evidence":["NISRA population/census totals","OSM building density and development-zone proxy","Planning/local development source inventory","Interpolated between available raster/statistical evidence years"]},"geometry":{"type":"Polygon","coordinates":[[[-5.970909,54.687143],[-5.957273,54.687143],[-5.957273,54.7],[-5.970909,54.7],[-5.970909,54.687143]]]}},{"type":"Feature","id":"belfast_13_09_2017","properties":{"cell_id":"belfast_13_09","year":2017,"row":13,"col":9,"population_pressure":0.224,"mobility_strain":0.47,"economic_opportunity":0.068,"environmental_exposure":0.314,"fairness_score":0.379,"development_pressure":0.177,"green_cover":0.3,"bike_access":0.05,"transit_access":0.18,"planning_intensity":0.096,"deprivation_weight":0.0,"population_pressure_delta_2016":0.018,"mobility_strain_delta_2016":0.004,"economic_opportunity_delta_2016":0.0,"environmental_exposure_delta_2016":0.008,"fairness_score_delta_2016":-0.002,"population_pressure_delta_previous":0.018,"mobility_strain_delta_previous":0.004,"economic_opportunity_delta_previous":0.0,"environmental_exposure_delta_previous":0.008,"fairness_score_delta_previous":-0.002,"dominant_metric":"population_pressure","dominant_change":"stable","confidence":"low-medium","evidence":["NISRA population/census totals","OSM building density and development-zone proxy","Planning/local development source inventory","Interpolated between available raster/statistical evidence years"]},"geometry":{"type":"Polygon","coordinates":[[[-5.957273,54.687143],[-5.943637,54.687143],[-5.943637,54.7],[-5.957273,54.7],[-5.957273,54.687143]]]}},{"type":"Feature","id":"belfast_13_10_2017","properties":{"cell_id":"belfast_13_10","year":2017,"row":13,"col":10,"population_pressure":0.216,"mobility_strain":0.468,"economic_opportunity":0.068,"environmental_exposure":0.312,"fairness_score":0.38,"development_pressure":0.162,"green_cover":0.308,"bike_access":0.05,"transit_access":0.18,"planning_intensity":0.089,"deprivation_weight":0.0,"population_pressure_delta_2016":0.014,"mobility_strain_delta_2016":0.002,"economic_opportunity_delta_2016":0.0,"environmental_exposure_delta_2016":0.0,"fairness_score_delta_2016":-0.001,"population_pressure_delta_previous":0.014,"mobility_strain_delta_previous":0.002,"economic_opportunity_delta_previous":0.0,"environmental_exposure_delta_previous":0.0,"fairness_score_delta_previous":-0.001,"dominant_metric":"population_pressure","dominant_change":"stable","confidence":"low-medium","evidence":["NISRA population/census totals","OSM building density and development-zone proxy","Planning/local development source inventory","Interpolated between available raster/statistical evidence years"]},"geometry":{"type":"Polygon","coordinates":[[[-5.943636,54.687143],[-5.93,54.687143],[-5.93,54.7],[-5.943636,54.7],[-5.943636,54.687143]]]}},{"type":"Feature","id":"belfast_13_11_2017","properties":{"cell_id":"belfast_13_11","year":2017,"row":13,"col":11,"population_pressure":0.203,"mobility_strain":0.463,"economic_opportunity":0.068,"environmental_exposure":0.302,"fairness_score":0.381,"development_pressure":0.138,"green_cover":0.338,"bike_access":0.05,"transit_access":0.18,"planning_intensity":0.077,"deprivation_weight":0.0,"population_pressure_delta_2016":0.012,"mobility_strain_delta_2016":0.0,"economic_opportunity_delta_2016":0.0,"environmental_exposure_delta_2016":-0.008,"fairness_score_delta_2016":-0.001,"population_pressure_delta_previous":0.012,"mobility_strain_delta_previous":0.0,"economic_opportunity_delta_previous":0.0,"environmental_exposure_delta_previous":-0.008,"fairness_score_delta_previous":-0.001,"dominant_metric":"population_pressure","dominant_change":"stable","confidence":"low-medium","evidence":["NISRA population/census totals","OSM building density and development-zone proxy","Planning/local development source inventory","Interpolated between available raster/statistical evidence years"]},"geometry":{"type":"Polygon","coordinates":[[[-5.93,54.687143],[-5.916364,54.687143],[-5.916364,54.7],[-5.93,54.7],[-5.93,54.687143]]]}},{"type":"Feature","id":"belfast_13_12_2017","properties":{"cell_id":"belfast_13_12","year":2017,"row":13,"col":12,"population_pressure":0.192,"mobility_strain":0.459,"economic_opportunity":0.068,"environmental_exposure":0.293,"fairness_score":0.383,"development_pressure":0.117,"green_cover":0.366,"bike_access":0.05,"transit_access":0.18,"planning_intensity":0.067,"deprivation_weight":0.0,"population_pressure_delta_2016":0.013,"mobility_strain_delta_2016":0.001,"economic_opportunity_delta_2016":0.0,"environmental_exposure_delta_2016":-0.007,"fairness_score_delta_2016":0.0,"population_pressure_delta_previous":0.013,"mobility_strain_delta_previous":0.001,"economic_opportunity_delta_previous":0.0,"environmental_exposure_delta_previous":-0.007,"fairness_score_delta_previous":0.0,"dominant_metric":"population_pressure","dominant_change":"stable","confidence":"low-medium","evidence":["NISRA population/census totals","OSM building density and development-zone proxy","Planning/local development source inventory","Interpolated between available raster/statistical evidence years"]},"geometry":{"type":"Polygon","coordinates":[[[-5.916364,54.687143],[-5.902728,54.687143],[-5.902728,54.7],[-5.916364,54.7],[-5.916364,54.687143]]]}},{"type":"Feature","id":"belfast_13_13_2017","properties":{"cell_id":"belfast_13_13","year":2017,"row":13,"col":13,"population_pressure":0.188,"mobility_strain":0.457,"economic_opportunity":0.068,"environmental_exposure":0.293,"fairness_score":0.383,"development_pressure":0.109,"green_cover":0.366,"bike_access":0.05,"transit_access":0.18,"planning_intensity":0.063,"deprivation_weight":0.0,"population_pressure_delta_2016":0.018,"mobility_strain_delta_2016":0.003,"economic_opportunity_delta_2016":0.0,"environmental_exposure_delta_2016":0.002,"fairness_score_delta_2016":-0.001,"population_pressure_delta_previous":0.018,"mobility_strain_delta_previous":0.003,"economic_opportunity_delta_previous":0.0,"environmental_exposure_delta_previous":0.002,"fairness_score_delta_previous":-0.001,"dominant_metric":"population_pressure","dominant_change":"stable","confidence":"low-medium","evidence":["NISRA population/census totals","OSM building density and development-zone proxy","Planning/local development source inventory","Interpolated between available raster/statistical evidence years"]},"geometry":{"type":"Polygon","coordinates":[[[-5.902727,54.687143],[-5.889091,54.687143],[-5.889091,54.7],[-5.902727,54.7],[-5.902727,54.687143]]]}},{"type":"Feature","id":"belfast_13_14_2017","properties":{"cell_id":"belfast_13_14","year":2017,"row":13,"col":14,"population_pressure":0.192,"mobility_strain":0.46,"economic_opportunity":0.068,"environmental_exposure":0.301,"fairness_score":0.382,"development_pressure":0.118,"green_cover":0.34,"bike_access":0.05,"transit_access":0.18,"planning_intensity":0.067,"deprivation_weight":0.0,"population_pressure_delta_2016":0.023,"mobility_strain_delta_2016":0.006,"economic_opportunity_delta_2016":0.0,"environmental_exposure_delta_2016":0.01,"fairness_score_delta_2016":-0.002,"population_pressure_delta_previous":0.023,"mobility_strain_delta_previous":0.006,"economic_opportunity_delta_previous":0.0,"environmental_exposure_delta_previous":0.01,"fairness_score_delta_previous":-0.002,"dominant_metric":"population_pressure","dominant_change":"stable","confidence":"low-medium","evidence":["NISRA population/census totals","OSM building density and development-zone proxy","Planning/local development source inventory","Interpolated between available raster/statistical evidence years"]},"geometry":{"type":"Polygon","coordinates":[[[-5.889091,54.687143],[-5.875455,54.687143],[-5.875455,54.7],[-5.889091,54.7],[-5.889091,54.687143]]]}},{"type":"Feature","id":"belfast_13_15_2017","properties":{"cell_id":"belfast_13_15","year":2017,"row":13,"col":15,"population_pressure":0.203,"mobility_strain":0.464,"economic_opportunity":0.068,"environmental_exposure":0.311,"fairness_score":0.381,"development_pressure":0.139,"green_cover":0.311,"bike_access":0.05,"transit_access":0.18,"planning_intensity":0.077,"deprivation_weight":0.0,"population_pressure_delta_2016":0.026,"mobility_strain_delta_2016":0.007,"economic_opportunity_delta_2016":0.0,"environmental_exposure_delta_2016":0.011,"fairness_score_delta_2016":-0.002,"population_pressure_delta_previous":0.026,"mobility_strain_delta_previous":0.007,"economic_opportunity_delta_previous":0.0,"environmental_exposure_delta_previous":0.011,"fairness_score_delta_previous":-0.002,"dominant_metric":"population_pressure","dominant_change":"stable","confidence":"low-medium","evidence":["NISRA population/census totals","OSM building density and development-zone proxy","Planning/local development source inventory","Interpolated between available raster/statistical evidence years"]},"geometry":{"type":"Polygon","coordinates":[[[-5.875455,54.687143],[-5.861819,54.687143],[-5.861819,54.7],[-5.875455,54.7],[-5.875455,54.687143]]]}},{"type":"Feature","id":"belfast_13_16_2017","properties":{"cell_id":"belfast_13_16","year":2017,"row":13,"col":16,"population_pressure":0.216,"mobility_strain":0.468,"economic_opportunity":0.068,"environmental_exposure":0.313,"fairness_score":0.38,"development_pressure":0.162,"green_cover":0.303,"bike_access":0.05,"transit_access":0.18,"planning_intensity":0.089,"deprivation_weight":0.0,"population_pressure_delta_2016":0.026,"mobility_strain_delta_2016":0.006,"economic_opportunity_delta_2016":0.0,"environmental_exposure_delta_2016":0.003,"fairness_score_delta_2016":-0.002,"population_pressure_delta_previous":0.026,"mobility_strain_delta_previous":0.006,"economic_opportunity_delta_previous":0.0,"environmental_exposure_delta_previous":0.003,"fairness_score_delta_previous":-0.002,"dominant_metric":"population_pressure","dominant_change":"stable","confidence":"low-medium","evidence":["NISRA population/census totals","OSM building density and development-zone proxy","Planning/local development source inventory","Interpolated between available raster/statistical evidence years"]},"geometry":{"type":"Polygon","coordinates":[[[-5.861818,54.687143],[-5.848182,54.687143],[-5.848182,54.7],[-5.861818,54.7],[-5.861818,54.687143]]]}},{"type":"Feature","id":"belfast_13_17_2017","properties":{"cell_id":"belfast_13_17","year":2017,"row":13,"col":17,"population_pressure":0.224,"mobility_strain":0.469,"economic_opportunity":0.068,"environmental_exposure":0.307,"fairness_score":0.38,"development_pressure":0.177,"green_cover":0.323,"bike_access":0.05,"transit_access":0.18,"planning_intensity":0.097,"deprivation_weight":0.0,"population_pressure_delta_2016":0.023,"mobility_strain_delta_2016":0.003,"economic_opportunity_delta_2016":0.0,"environmental_exposure_delta_2016":-0.005,"fairness_score_delta_2016":-0.001,"population_pressure_delta_previous":0.023,"mobility_strain_delta_previous":0.003,"economic_opportunity_delta_previous":0.0,"environmental_exposure_delta_previous":-0.005,"fairness_score_delta_previous":-0.001,"dominant_metric":"population_pressure","dominant_change":"stable","confidence":"low-medium","evidence":["NISRA population/census totals","OSM building density and development-zone proxy","Planning/local development source inventory","Interpolated between available raster/statistical evidence years"]},"geometry":{"type":"Polygon","coordinates":[[[-5.848182,54.687143],[-5.834546,54.687143],[-5.834546,54.7],[-5.848182,54.7],[-5.848182,54.687143]]]}},{"type":"Feature","id":"belfast_13_18_2017","properties":{"cell_id":"belfast_13_18","year":2017,"row":13,"col":18,"population_pressure":0.224,"mobility_strain":0.468,"economic_opportunity":0.068,"environmental_exposure":0.298,"fairness_score":0.38,"development_pressure":0.177,"green_cover":0.35,"bike_access":0.05,"transit_access":0.18,"planning_intensity":0.096,"deprivation_weight":0.0,"population_pressure_delta_2016":0.018,"mobility_strain_delta_2016":0.002,"economic_opportunity_delta_2016":0.0,"environmental_exposure_delta_2016":-0.007,"fairness_score_delta_2016":-0.001,"population_pressure_delta_previous":0.018,"mobility_strain_delta_previous":0.002,"economic_opportunity_delta_previous":0.0,"environmental_exposure_delta_previous":-0.007,"fairness_score_delta_previous":-0.001,"dominant_metric":"population_pressure","dominant_change":"stable","confidence":"low-medium","evidence":["NISRA population/census totals","OSM building density and development-zone proxy","Planning/local development source inventory","Interpolated between available raster/statistical evidence years"]},"geometry":{"type":"Polygon","coordinates":[[[-5.834545,54.687143],[-5.820909,54.687143],[-5.820909,54.7],[-5.834545,54.7],[-5.834545,54.687143]]]}},{"type":"Feature","id":"belfast_13_19_2017","properties":{"cell_id":"belfast_13_19","year":2017,"row":13,"col":19,"population_pressure":0.215,"mobility_strain":0.465,"economic_opportunity":0.068,"environmental_exposure":0.295,"fairness_score":0.381,"development_pressure":0.161,"green_cover":0.36,"bike_access":0.05,"transit_access":0.18,"planning_intensity":0.088,"deprivation_weight":0.0,"population_pressure_delta_2016":0.013,"mobility_strain_delta_2016":0.002,"economic_opportunity_delta_2016":0.0,"environmental_exposure_delta_2016":-0.001,"fairness_score_delta_2016":0.0,"population_pressure_delta_previous":0.013,"mobility_strain_delta_previous":0.002,"economic_opportunity_delta_previous":0.0,"environmental_exposure_delta_previous":-0.001,"fairness_score_delta_previous":0.0,"dominant_metric":"population_pressure","dominant_change":"stable","confidence":"low-medium","evidence":["NISRA population/census totals","OSM building density and development-zone proxy","Planning/local development source inventory","Interpolated between available raster/statistical evidence years"]},"geometry":{"type":"Polygon","coordinates":[[[-5.820909,54.687143],[-5.807273,54.687143],[-5.807273,54.7],[-5.820909,54.7],[-5.820909,54.687143]]]}},{"type":"Feature","id":"belfast_13_20_2017","properties":{"cell_id":"belfast_13_20","year":2017,"row":13,"col":20,"population_pressure":0.203,"mobility_strain":0.462,"economic_opportunity":0.068,"environmental_exposure":0.3,"fairness_score":0.382,"development_pressure":0.138,"green_cover":0.345,"bike_access":0.05,"transit_access":0.18,"planning_intensity":0.077,"deprivation_weight":0.0,"population_pressure_delta_2016":0.012,"mobility_strain_delta_2016":0.002,"economic_opportunity_delta_2016":0.0,"environmental_exposure_delta_2016":0.008,"fairness_score_delta_2016":0.0,"population_pressure_delta_previous":0.012,"mobility_strain_delta_previous":0.002,"economic_opportunity_delta_previous":0.0,"environmental_exposure_delta_previous":0.008,"fairness_score_delta_previous":0.0,"dominant_metric":"population_pressure","dominant_change":"stable","confidence":"low-medium","evidence":["NISRA population/census totals","OSM building density and development-zone proxy","Planning/local development source inventory","Interpolated between available raster/statistical evidence years"]},"geometry":{"type":"Polygon","coordinates":[[[-5.807273,54.687143],[-5.793637,54.687143],[-5.793637,54.7],[-5.807273,54.7],[-5.807273,54.687143]]]}},{"type":"Feature","id":"belfast_13_21_2017","properties":{"cell_id":"belfast_13_21","year":2017,"row":13,"col":21,"population_pressure":0.192,"mobility_strain":0.461,"economic_opportunity":0.068,"environmental_exposure":0.308,"fairness_score":0.382,"development_pressure":0.117,"green_cover":0.32,"bike_access":0.05,"transit_access":0.18,"planning_intensity":0.066,"deprivation_weight":0.0,"population_pressure_delta_2016":0.014,"mobility_strain_delta_2016":0.004,"economic_opportunity_delta_2016":0.0,"environmental_exposure_delta_2016":0.011,"fairness_score_delta_2016":-0.001,"population_pressure_delta_previous":0.014,"mobility_strain_delta_previous":0.004,"economic_opportunity_delta_previous":0.0,"environmental_exposure_delta_previous":0.011,"fairness_score_delta_previous":-0.001,"dominant_metric":"population_pressure","dominant_change":"stable","confidence":"low-medium","evidence":["NISRA population/census totals","OSM building density and development-zone proxy","Planning/local development source inventory","Interpolated between available raster/statistical evidence years"]},"geometry":{"type":"Polygon","coordinates":[[[-5.793636,54.687143],[-5.78,54.687143],[-5.78,54.7],[-5.793636,54.7],[-5.793636,54.687143]]]}}]}