{"type":"FeatureCollection","name":"mode_a_grid_2023","metadata":{"year":2023,"generated_at":"2026-04-25T13:55:50.460049+00:00","bbox":[-6.08,54.52,-5.78,54.7],"cell_count":216,"resolution_note":"Regular demo grid approximating 250m-500m cells across Belfast NI."},"features":[{"type":"Feature","id":"belfast_00_00_2023","properties":{"cell_id":"belfast_00_00","year":2023,"row":0,"col":0,"development_pressure":0.168,"planning_intensity":0.094,"green_cover":0.333,"mobility_access":0.2,"bike_activity":0.05,"air_quality":0.826,"opportunity_access":0.331,"fairness_context":0.0,"deprivation_weighted_opportunity":0.245,"development_pressure_delta_2016":0.051,"planning_intensity_delta_2016":0.026,"green_cover_delta_2016":-0.007,"mobility_access_delta_2016":0.0,"bike_activity_delta_2016":0.0,"air_quality_delta_2016":0.187,"opportunity_access_delta_2016":-0.005,"fairness_context_delta_2016":0.0,"deprivation_weighted_opportunity_delta_2016":-0.004,"development_pressure_delta_previous":-0.012,"planning_intensity_delta_previous":-0.006,"green_cover_delta_previous":0.019,"mobility_access_delta_previous":0.0,"bike_activity_delta_previous":0.0,"air_quality_delta_previous":0.354,"opportunity_access_delta_previous":0.005,"fairness_context_delta_previous":0.0,"deprivation_weighted_opportunity_delta_previous":0.004,"dominant_change":"improved","confidence":"low","evidence":["OpenStreetMap building export clipped to Belfast NI core","250m-style grid proxy generated from local spatial anchors","NI Air annual trend proxy included","Opportunity and exposure scores are normalized directional indicators"]},"geometry":{"type":"Polygon","coordinates":[[[-6.08,54.52],[-6.0633333333333335,54.52],[-6.0633333333333335,54.535000000000004],[-6.08,54.535000000000004],[-6.08,54.52]]]}},{"type":"Feature","id":"belfast_00_01_2023","properties":{"cell_id":"belfast_00_01","year":2023,"row":0,"col":1,"development_pressure":0.145,"planning_intensity":0.083,"green_cover":0.329,"mobility_access":0.2,"bike_activity":0.05,"air_quality":0.828,"opportunity_access":0.332,"fairness_context":0.0,"deprivation_weighted_opportunity":0.245,"development_pressure_delta_2016":0.043,"planning_intensity_delta_2016":0.022,"green_cover_delta_2016":-0.025,"mobility_access_delta_2016":0.0,"bike_activity_delta_2016":0.0,"air_quality_delta_2016":0.184,"opportunity_access_delta_2016":-0.007,"fairness_context_delta_2016":0.0,"deprivation_weighted_opportunity_delta_2016":-0.006,"development_pressure_delta_previous":-0.024,"planning_intensity_delta_previous":-0.012,"green_cover_delta_previous":-0.005,"mobility_access_delta_previous":0.0,"bike_activity_delta_previous":0.0,"air_quality_delta_previous":0.351,"opportunity_access_delta_previous":0.001,"fairness_context_delta_previous":0.0,"deprivation_weighted_opportunity_delta_previous":0.0,"dominant_change":"improved","confidence":"low","evidence":["OpenStreetMap building export clipped to Belfast NI core","250m-style grid proxy generated from local spatial anchors","NI Air annual trend proxy included","Opportunity and exposure scores are normalized directional indicators"]},"geometry":{"type":"Polygon","coordinates":[[[-6.0633333333333335,54.52],[-6.046666666666667,54.52],[-6.046666666666667,54.535000000000004],[-6.0633333333333335,54.535000000000004],[-6.0633333333333335,54.52]]]}},{"type":"Feature","id":"belfast_00_02_2023","properties":{"cell_id":"belfast_00_02","year":2023,"row":0,"col":2,"development_pressure":0.121,"planning_intensity":0.07,"green_cover":0.307,"mobility_access":0.2,"bike_activity":0.05,"air_quality":0.828,"opportunity_access":0.33,"fairness_context":0.0,"deprivation_weighted_opportunity":0.244,"development_pressure_delta_2016":0.019,"planning_intensity_delta_2016":0.009,"green_cover_delta_2016":-0.03,"mobility_access_delta_2016":0.0,"bike_activity_delta_2016":0.0,"air_quality_delta_2016":0.187,"opportunity_access_delta_2016":-0.007,"fairness_context_delta_2016":0.0,"deprivation_weighted_opportunity_delta_2016":-0.005,"development_pressure_delta_previous":-0.027,"planning_intensity_delta_previous":-0.014,"green_cover_delta_previous":-0.023,"mobility_access_delta_previous":0.0,"bike_activity_delta_previous":0.0,"air_quality_delta_previous":0.348,"opportunity_access_delta_previous":-0.002,"fairness_context_delta_previous":0.0,"deprivation_weighted_opportunity_delta_previous":-0.001,"dominant_change":"improved","confidence":"low","evidence":["OpenStreetMap building export clipped to Belfast NI core","250m-style grid proxy generated from local spatial anchors","NI Air annual trend proxy included","Opportunity and exposure scores are normalized directional indicators"]},"geometry":{"type":"Polygon","coordinates":[[[-6.046666666666667,54.52],[-6.03,54.52],[-6.03,54.535000000000004],[-6.046666666666667,54.535000000000004],[-6.046666666666667,54.52]]]}},{"type":"Feature","id":"belfast_00_03_2023","properties":{"cell_id":"belfast_00_03","year":2023,"row":0,"col":3,"development_pressure":0.104,"planning_intensity":0.062,"green_cover":0.289,"mobility_access":0.2,"bike_activity":0.05,"air_quality":0.827,"opportunity_access":0.328,"fairness_context":0.0,"deprivation_weighted_opportunity":0.243,"development_pressure_delta_2016":-0.013,"planning_intensity_delta_2016":-0.006,"green_cover_delta_2016":-0.017,"mobility_access_delta_2016":0.0,"bike_activity_delta_2016":0.0,"air_quality_delta_2016":0.195,"opportunity_access_delta_2016":-0.002,"fairness_context_delta_2016":0.0,"deprivation_weighted_opportunity_delta_2016":-0.001,"development_pressure_delta_previous":-0.019,"planning_intensity_delta_previous":-0.01,"green_cover_delta_previous":-0.018,"mobility_access_delta_previous":0.0,"bike_activity_delta_previous":0.0,"air_quality_delta_previous":0.348,"opportunity_access_delta_previous":-0.001,"fairness_context_delta_previous":0.0,"deprivation_weighted_opportunity_delta_previous":-0.001,"dominant_change":"improved","confidence":"low","evidence":["OpenStreetMap building export clipped to Belfast NI core","250m-style grid proxy generated from local spatial anchors","NI Air annual trend proxy included","Opportunity and exposure scores are normalized directional indicators"]},"geometry":{"type":"Polygon","coordinates":[[[-6.03,54.52],[-6.013333333333334,54.52],[-6.013333333333334,54.535000000000004],[-6.03,54.535000000000004],[-6.03,54.52]]]}},{"type":"Feature","id":"belfast_00_04_2023","properties":{"cell_id":"belfast_00_04","year":2023,"row":0,"col":4,"development_pressure":0.101,"planning_intensity":0.06,"green_cover":0.295,"mobility_access":0.2,"bike_activity":0.05,"air_quality":0.829,"opportunity_access":0.329,"fairness_context":0.0,"deprivation_weighted_opportunity":0.243,"development_pressure_delta_2016":-0.039,"planning_intensity_delta_2016":-0.02,"green_cover_delta_2016":0.007,"mobility_access_delta_2016":0.0,"bike_activity_delta_2016":0.0,"air_quality_delta_2016":0.204,"opportunity_access_delta_2016":0.004,"fairness_context_delta_2016":0.0,"deprivation_weighted_opportunity_delta_2016":0.003,"development_pressure_delta_previous":-0.004,"planning_intensity_delta_previous":-0.003,"green_cover_delta_previous":0.005,"mobility_access_delta_previous":0.0,"bike_activity_delta_previous":0.0,"air_quality_delta_previous":0.35,"opportunity_access_delta_previous":0.001,"fairness_context_delta_previous":0.0,"deprivation_weighted_opportunity_delta_previous":0.0,"dominant_change":"improved","confidence":"low","evidence":["OpenStreetMap building export clipped to Belfast NI core","250m-style grid proxy generated from local spatial anchors","NI Air annual trend proxy included","Opportunity and exposure scores are normalized directional indicators"]},"geometry":{"type":"Polygon","coordinates":[[[-6.013333333333334,54.52],[-5.996666666666667,54.52],[-5.996666666666667,54.535000000000004],[-6.013333333333334,54.535000000000004],[-6.013333333333334,54.52]]]}},{"type":"Feature","id":"belfast_00_05_2023","properties":{"cell_id":"belfast_00_05","year":2023,"row":0,"col":5,"development_pressure":0.113,"planning_intensity":0.066,"green_cover":0.319,"mobility_access":0.2,"bike_activity":0.05,"air_quality":0.831,"opportunity_access":0.332,"fairness_context":0.0,"deprivation_weighted_opportunity":0.246,"development_pressure_delta_2016":-0.051,"planning_intensity_delta_2016":-0.026,"green_cover_delta_2016":0.022,"mobility_access_delta_2016":0.0,"bike_activity_delta_2016":0.0,"air_quality_delta_2016":0.208,"opportunity_access_delta_2016":0.008,"fairness_context_delta_2016":0.0,"deprivation_weighted_opportunity_delta_2016":0.006,"development_pressure_delta_previous":0.013,"planning_intensity_delta_previous":0.006,"green_cover_delta_previous":0.023,"mobility_access_delta_previous":0.0,"bike_activity_delta_previous":0.0,"air_quality_delta_previous":0.35,"opportunity_access_delta_previous":0.003,"fairness_context_delta_previous":0.0,"deprivation_weighted_opportunity_delta_previous":0.002,"dominant_change":"improved","confidence":"low","evidence":["OpenStreetMap building export clipped to Belfast NI core","250m-style grid proxy generated from local spatial anchors","NI Air annual trend proxy included","Opportunity and exposure scores are normalized directional indicators"]},"geometry":{"type":"Polygon","coordinates":[[[-5.996666666666667,54.52],[-5.98,54.52],[-5.98,54.535000000000004],[-5.996666666666667,54.535000000000004],[-5.996666666666667,54.52]]]}},{"type":"Feature","id":"belfast_00_06_2023","properties":{"cell_id":"belfast_00_06","year":2023,"row":0,"col":6,"development_pressure":0.135,"planning_intensity":0.078,"green_cover":0.338,"mobility_access":0.2,"bike_activity":0.05,"air_quality":0.832,"opportunity_access":0.334,"fairness_context":0.0,"deprivation_weighted_opportunity":0.247,"development_pressure_delta_2016":-0.043,"planning_intensity_delta_2016":-0.021,"green_cover_delta_2016":0.015,"mobility_access_delta_2016":0.0,"bike_activity_delta_2016":0.0,"air_quality_delta_2016":0.206,"opportunity_access_delta_2016":0.006,"fairness_context_delta_2016":0.0,"deprivation_weighted_opportunity_delta_2016":0.004,"development_pressure_delta_previous":0.024,"planning_intensity_delta_previous":0.013,"green_cover_delta_previous":0.018,"mobility_access_delta_previous":0.0,"bike_activity_delta_previous":0.0,"air_quality_delta_previous":0.348,"opportunity_access_delta_previous":0.001,"fairness_context_delta_previous":0.0,"deprivation_weighted_opportunity_delta_previous":0.001,"dominant_change":"improved","confidence":"low","evidence":["OpenStreetMap building export clipped to Belfast NI core","250m-style grid proxy generated from local spatial anchors","NI Air annual trend proxy included","Opportunity and exposure scores are normalized directional indicators"]},"geometry":{"type":"Polygon","coordinates":[[[-5.98,54.52],[-5.963333333333334,54.52],[-5.963333333333334,54.535000000000004],[-5.98,54.535000000000004],[-5.98,54.52]]]}},{"type":"Feature","id":"belfast_00_07_2023","properties":{"cell_id":"belfast_00_07","year":2023,"row":0,"col":7,"development_pressure":0.16,"planning_intensity":0.09,"green_cover":0.331,"mobility_access":0.2,"bike_activity":0.05,"air_quality":0.826,"opportunity_access":0.331,"fairness_context":0.0,"deprivation_weighted_opportunity":0.245,"development_pressure_delta_2016":-0.018,"planning_intensity_delta_2016":-0.009,"green_cover_delta_2016":-0.01,"mobility_access_delta_2016":0.0,"bike_activity_delta_2016":0.0,"air_quality_delta_2016":0.197,"opportunity_access_delta_2016":0.0,"fairness_context_delta_2016":0.0,"deprivation_weighted_opportunity_delta_2016":0.0,"development_pressure_delta_previous":0.028,"planning_intensity_delta_previous":0.014,"green_cover_delta_previous":-0.008,"mobility_access_delta_previous":0.0,"bike_activity_delta_previous":0.0,"air_quality_delta_previous":0.342,"opportunity_access_delta_previous":-0.003,"fairness_context_delta_previous":0.0,"deprivation_weighted_opportunity_delta_previous":-0.003,"dominant_change":"improved","confidence":"low","evidence":["OpenStreetMap building export clipped to Belfast NI core","250m-style grid proxy generated from local spatial anchors","NI Air annual trend proxy included","Opportunity and exposure scores are normalized directional indicators"]},"geometry":{"type":"Polygon","coordinates":[[[-5.963333333333334,54.52],[-5.946666666666667,54.52],[-5.946666666666667,54.535000000000004],[-5.963333333333334,54.535000000000004],[-5.963333333333334,54.52]]]}},{"type":"Feature","id":"belfast_00_08_2023","properties":{"cell_id":"belfast_00_08","year":2023,"row":0,"col":8,"development_pressure":0.176,"planning_intensity":0.098,"green_cover":0.303,"mobility_access":0.2,"bike_activity":0.05,"air_quality":0.818,"opportunity_access":0.324,"fairness_context":0.0,"deprivation_weighted_opportunity":0.24,"development_pressure_delta_2016":0.013,"planning_intensity_delta_2016":0.006,"green_cover_delta_2016":-0.031,"mobility_access_delta_2016":0.0,"bike_activity_delta_2016":0.0,"air_quality_delta_2016":0.188,"opportunity_access_delta_2016":-0.007,"fairness_context_delta_2016":0.0,"deprivation_weighted_opportunity_delta_2016":-0.005,"development_pressure_delta_previous":0.019,"planning_intensity_delta_previous":0.009,"green_cover_delta_previous":-0.03,"mobility_access_delta_previous":0.0,"bike_activity_delta_previous":0.0,"air_quality_delta_previous":0.339,"opportunity_access_delta_previous":-0.007,"fairness_context_delta_previous":0.0,"deprivation_weighted_opportunity_delta_previous":-0.005,"dominant_change":"improved","confidence":"low","evidence":["OpenStreetMap building export clipped to Belfast NI core","250m-style grid proxy generated from local spatial anchors","NI Air annual trend proxy included","Opportunity and exposure scores are normalized directional indicators"]},"geometry":{"type":"Polygon","coordinates":[[[-5.946666666666667,54.52],[-5.930000000000001,54.52],[-5.930000000000001,54.535000000000004],[-5.946666666666667,54.535000000000004],[-5.946666666666667,54.52]]]}},{"type":"Feature","id":"belfast_00_09_2023","properties":{"cell_id":"belfast_00_09","year":2023,"row":0,"col":9,"development_pressure":0.179,"planning_intensity":0.1,"green_cover":0.277,"mobility_access":0.2,"bike_activity":0.05,"air_quality":0.812,"opportunity_access":0.319,"fairness_context":0.0,"deprivation_weighted_opportunity":0.236,"development_pressure_delta_2016":0.039,"planning_intensity_delta_2016":0.02,"green_cover_delta_2016":-0.033,"mobility_access_delta_2016":0.0,"bike_activity_delta_2016":0.0,"air_quality_delta_2016":0.183,"opportunity_access_delta_2016":-0.01,"fairness_context_delta_2016":0.0,"deprivation_weighted_opportunity_delta_2016":-0.007,"development_pressure_delta_previous":0.004,"planning_intensity_delta_previous":0.002,"green_cover_delta_previous":-0.028,"mobility_access_delta_previous":0.0,"bike_activity_delta_previous":0.0,"air_quality_delta_previous":0.341,"opportunity_access_delta_previous":-0.006,"fairness_context_delta_previous":0.0,"deprivation_weighted_opportunity_delta_previous":-0.004,"dominant_change":"improved","confidence":"low","evidence":["OpenStreetMap building export clipped to Belfast NI core","250m-style grid proxy generated from local spatial anchors","NI Air annual trend proxy included","Opportunity and exposure scores are normalized directional indicators"]},"geometry":{"type":"Polygon","coordinates":[[[-5.93,54.52],[-5.913333333333333,54.52],[-5.913333333333333,54.535000000000004],[-5.93,54.535000000000004],[-5.93,54.52]]]}},{"type":"Feature","id":"belfast_00_10_2023","properties":{"cell_id":"belfast_00_10","year":2023,"row":0,"col":10,"development_pressure":0.167,"planning_intensity":0.094,"green_cover":0.276,"mobility_access":0.2,"bike_activity":0.05,"air_quality":0.814,"opportunity_access":0.32,"fairness_context":0.0,"deprivation_weighted_opportunity":0.237,"development_pressure_delta_2016":0.051,"planning_intensity_delta_2016":0.026,"green_cover_delta_2016":-0.017,"mobility_access_delta_2016":0.0,"bike_activity_delta_2016":0.0,"air_quality_delta_2016":0.184,"opportunity_access_delta_2016":-0.007,"fairness_context_delta_2016":0.0,"deprivation_weighted_opportunity_delta_2016":-0.005,"development_pressure_delta_previous":-0.013,"planning_intensity_delta_previous":-0.006,"green_cover_delta_previous":-0.002,"mobility_access_delta_previous":0.0,"bike_activity_delta_previous":0.0,"air_quality_delta_previous":0.35,"opportunity_access_delta_previous":0.0,"fairness_context_delta_previous":0.0,"deprivation_weighted_opportunity_delta_previous":0.0,"dominant_change":"improved","confidence":"low","evidence":["OpenStreetMap building export clipped to Belfast NI core","250m-style grid proxy generated from local spatial anchors","NI Air annual trend proxy included","Opportunity and exposure scores are normalized directional indicators"]},"geometry":{"type":"Polygon","coordinates":[[[-5.913333333333333,54.52],[-5.8966666666666665,54.52],[-5.8966666666666665,54.535000000000004],[-5.913333333333333,54.535000000000004],[-5.913333333333333,54.52]]]}},{"type":"Feature","id":"belfast_00_11_2023","properties":{"cell_id":"belfast_00_11","year":2023,"row":0,"col":11,"development_pressure":0.144,"planning_intensity":0.082,"green_cover":0.303,"mobility_access":0.2,"bike_activity":0.05,"air_quality":0.823,"opportunity_access":0.327,"fairness_context":0.0,"deprivation_weighted_opportunity":0.242,"development_pressure_delta_2016":0.042,"planning_intensity_delta_2016":0.021,"green_cover_delta_2016":0.003,"mobility_access_delta_2016":0.0,"bike_activity_delta_2016":0.0,"air_quality_delta_2016":0.19,"opportunity_access_delta_2016":-0.003,"fairness_context_delta_2016":0.0,"deprivation_weighted_opportunity_delta_2016":-0.002,"development_pressure_delta_previous":-0.025,"planning_intensity_delta_previous":-0.013,"green_cover_delta_previous":0.026,"mobility_access_delta_previous":0.0,"bike_activity_delta_previous":0.0,"air_quality_delta_previous":0.357,"opportunity_access_delta_previous":0.007,"fairness_context_delta_previous":0.0,"deprivation_weighted_opportunity_delta_previous":0.005,"dominant_change":"improved","confidence":"low","evidence":["OpenStreetMap building export clipped to Belfast NI core","250m-style grid proxy generated from local spatial anchors","NI Air annual trend proxy included","Opportunity and exposure scores are normalized directional indicators"]},"geometry":{"type":"Polygon","coordinates":[[[-5.8966666666666665,54.52],[-5.88,54.52],[-5.88,54.535000000000004],[-5.8966666666666665,54.535000000000004],[-5.8966666666666665,54.52]]]}},{"type":"Feature","id":"belfast_00_12_2023","properties":{"cell_id":"belfast_00_12","year":2023,"row":0,"col":12,"development_pressure":0.12,"planning_intensity":0.07,"green_cover":0.336,"mobility_access":0.2,"bike_activity":0.05,"air_quality":0.834,"opportunity_access":0.335,"fairness_context":0.0,"deprivation_weighted_opportunity":0.248,"development_pressure_delta_2016":0.018,"planning_intensity_delta_2016":0.009,"green_cover_delta_2016":0.009,"mobility_access_delta_2016":0.0,"bike_activity_delta_2016":0.0,"air_quality_delta_2016":0.195,"opportunity_access_delta_2016":0.0,"fairness_context_delta_2016":0.0,"deprivation_weighted_opportunity_delta_2016":0.0,"development_pressure_delta_previous":-0.027,"planning_intensity_delta_previous":-0.014,"green_cover_delta_previous":0.032,"mobility_access_delta_previous":0.0,"bike_activity_delta_previous":0.0,"air_quality_delta_previous":0.359,"opportunity_access_delta_previous":0.008,"fairness_context_delta_previous":0.0,"deprivation_weighted_opportunity_delta_previous":0.006,"dominant_change":"improved","confidence":"low","evidence":["OpenStreetMap building export clipped to Belfast NI core","250m-style grid proxy generated from local spatial anchors","NI Air annual trend proxy included","Opportunity and exposure scores are normalized directional indicators"]},"geometry":{"type":"Polygon","coordinates":[[[-5.88,54.52],[-5.863333333333333,54.52],[-5.863333333333333,54.535000000000004],[-5.88,54.535000000000004],[-5.88,54.52]]]}},{"type":"Feature","id":"belfast_00_13_2023","properties":{"cell_id":"belfast_00_13","year":2023,"row":0,"col":13,"development_pressure":0.104,"planning_intensity":0.062,"green_cover":0.347,"mobility_access":0.2,"bike_activity":0.05,"air_quality":0.838,"opportunity_access":0.338,"fairness_context":0.0,"deprivation_weighted_opportunity":0.25,"development_pressure_delta_2016":-0.013,"planning_intensity_delta_2016":-0.007,"green_cover_delta_2016":-0.001,"mobility_access_delta_2016":0.0,"bike_activity_delta_2016":0.0,"air_quality_delta_2016":0.197,"opportunity_access_delta_2016":0.001,"fairness_context_delta_2016":0.0,"deprivation_weighted_opportunity_delta_2016":0.0,"development_pressure_delta_previous":-0.019,"planning_intensity_delta_previous":-0.009,"green_cover_delta_previous":0.011,"mobility_access_delta_previous":0.0,"bike_activity_delta_previous":0.0,"air_quality_delta_previous":0.353,"opportunity_access_delta_previous":0.003,"fairness_context_delta_previous":0.0,"deprivation_weighted_opportunity_delta_previous":0.002,"dominant_change":"improved","confidence":"low","evidence":["OpenStreetMap building export clipped to Belfast NI core","250m-style grid proxy generated from local spatial anchors","NI Air annual trend proxy included","Opportunity and exposure scores are normalized directional indicators"]},"geometry":{"type":"Polygon","coordinates":[[[-5.863333333333333,54.52],[-5.846666666666667,54.52],[-5.846666666666667,54.535000000000004],[-5.863333333333333,54.535000000000004],[-5.863333333333333,54.52]]]}},{"type":"Feature","id":"belfast_00_14_2023","properties":{"cell_id":"belfast_00_14","year":2023,"row":0,"col":14,"development_pressure":0.101,"planning_intensity":0.06,"green_cover":0.328,"mobility_access":0.2,"bike_activity":0.05,"air_quality":0.835,"opportunity_access":0.335,"fairness_context":0.0,"deprivation_weighted_opportunity":0.248,"development_pressure_delta_2016":-0.04,"planning_intensity_delta_2016":-0.02,"green_cover_delta_2016":-0.015,"mobility_access_delta_2016":0.0,"bike_activity_delta_2016":0.0,"air_quality_delta_2016":0.199,"opportunity_access_delta_2016":0.0,"fairness_context_delta_2016":0.0,"deprivation_weighted_opportunity_delta_2016":0.0,"development_pressure_delta_previous":-0.004,"planning_intensity_delta_previous":-0.002,"green_cover_delta_previous":-0.019,"mobility_access_delta_previous":0.0,"bike_activity_delta_previous":0.0,"air_quality_delta_previous":0.345,"opportunity_access_delta_previous":-0.003,"fairness_context_delta_previous":0.0,"deprivation_weighted_opportunity_delta_previous":-0.002,"dominant_change":"improved","confidence":"low","evidence":["OpenStreetMap building export clipped to Belfast NI core","250m-style grid proxy generated from local spatial anchors","NI Air annual trend proxy included","Opportunity and exposure scores are normalized directional indicators"]},"geometry":{"type":"Polygon","coordinates":[[[-5.846666666666667,54.52],[-5.83,54.52],[-5.83,54.535000000000004],[-5.846666666666667,54.535000000000004],[-5.846666666666667,54.52]]]}},{"type":"Feature","id":"belfast_00_15_2023","properties":{"cell_id":"belfast_00_15","year":2023,"row":0,"col":15,"development_pressure":0.113,"planning_intensity":0.067,"green_cover":0.297,"mobility_access":0.2,"bike_activity":0.05,"air_quality":0.827,"opportunity_access":0.328,"fairness_context":0.0,"deprivation_weighted_opportunity":0.243,"development_pressure_delta_2016":-0.051,"planning_intensity_delta_2016":-0.025,"green_cover_delta_2016":-0.018,"mobility_access_delta_2016":0.0,"bike_activity_delta_2016":0.0,"air_quality_delta_2016":0.201,"opportunity_access_delta_2016":0.0,"fairness_context_delta_2016":0.0,"deprivation_weighted_opportunity_delta_2016":0.001,"development_pressure_delta_previous":0.013,"planning_intensity_delta_previous":0.007,"green_cover_delta_previous":-0.032,"mobility_access_delta_previous":0.0,"bike_activity_delta_previous":0.0,"air_quality_delta_previous":0.34,"opportunity_access_delta_previous":-0.007,"fairness_context_delta_previous":0.0,"deprivation_weighted_opportunity_delta_previous":-0.005,"dominant_change":"improved","confidence":"low","evidence":["OpenStreetMap building export clipped to Belfast NI core","250m-style grid proxy generated from local spatial anchors","NI Air annual trend proxy included","Opportunity and exposure scores are normalized directional indicators"]},"geometry":{"type":"Polygon","coordinates":[[[-5.83,54.52],[-5.8133333333333335,54.52],[-5.8133333333333335,54.535000000000004],[-5.83,54.535000000000004],[-5.83,54.52]]]}},{"type":"Feature","id":"belfast_00_16_2023","properties":{"cell_id":"belfast_00_16","year":2023,"row":0,"col":16,"development_pressure":0.136,"planning_intensity":0.078,"green_cover":0.281,"mobility_access":0.2,"bike_activity":0.05,"air_quality":0.82,"opportunity_access":0.324,"fairness_context":0.0,"deprivation_weighted_opportunity":0.24,"development_pressure_delta_2016":-0.042,"planning_intensity_delta_2016":-0.021,"green_cover_delta_2016":-0.006,"mobility_access_delta_2016":0.0,"bike_activity_delta_2016":0.0,"air_quality_delta_2016":0.201,"opportunity_access_delta_2016":0.003,"fairness_context_delta_2016":0.0,"deprivation_weighted_opportunity_delta_2016":0.002,"development_pressure_delta_previous":0.025,"planning_intensity_delta_previous":0.012,"green_cover_delta_previous":-0.017,"mobility_access_delta_previous":0.0,"bike_activity_delta_previous":0.0,"air_quality_delta_previous":0.341,"opportunity_access_delta_previous":-0.005,"fairness_context_delta_previous":0.0,"deprivation_weighted_opportunity_delta_previous":-0.003,"dominant_change":"improved","confidence":"low","evidence":["OpenStreetMap building export clipped to Belfast NI core","250m-style grid proxy generated from local spatial anchors","NI Air annual trend proxy included","Opportunity and exposure scores are normalized directional indicators"]},"geometry":{"type":"Polygon","coordinates":[[[-5.8133333333333335,54.52],[-5.796666666666667,54.52],[-5.796666666666667,54.535000000000004],[-5.8133333333333335,54.535000000000004],[-5.8133333333333335,54.52]]]}},{"type":"Feature","id":"belfast_00_17_2023","properties":{"cell_id":"belfast_00_17","year":2023,"row":0,"col":17,"development_pressure":0.16,"planning_intensity":0.09,"green_cover":0.292,"mobility_access":0.2,"bike_activity":0.05,"air_quality":0.818,"opportunity_access":0.324,"fairness_context":0.0,"deprivation_weighted_opportunity":0.24,"development_pressure_delta_2016":-0.018,"planning_intensity_delta_2016":-0.009,"green_cover_delta_2016":0.008,"mobility_access_delta_2016":0.0,"bike_activity_delta_2016":0.0,"air_quality_delta_2016":0.2,"opportunity_access_delta_2016":0.003,"fairness_context_delta_2016":0.0,"deprivation_weighted_opportunity_delta_2016":0.003,"development_pressure_delta_previous":0.027,"planning_intensity_delta_previous":0.013,"green_cover_delta_previous":0.01,"mobility_access_delta_previous":0.0,"bike_activity_delta_previous":0.0,"air_quality_delta_previous":0.345,"opportunity_access_delta_previous":0.0,"fairness_context_delta_previous":0.0,"deprivation_weighted_opportunity_delta_previous":0.0,"dominant_change":"improved","confidence":"low","evidence":["OpenStreetMap building export clipped to Belfast NI core","250m-style grid proxy generated from local spatial anchors","NI Air annual trend proxy included","Opportunity and exposure scores are normalized directional indicators"]},"geometry":{"type":"Polygon","coordinates":[[[-5.796666666666667,54.52],[-5.78,54.52],[-5.78,54.535000000000004],[-5.796666666666667,54.535000000000004],[-5.796666666666667,54.52]]]}},{"type":"Feature","id":"belfast_01_00_2023","properties":{"cell_id":"belfast_01_00","year":2023,"row":1,"col":0,"development_pressure":0.123,"planning_intensity":0.072,"green_cover":0.343,"mobility_access":0.2,"bike_activity":0.05,"air_quality":0.835,"opportunity_access":0.336,"fairness_context":0.0,"deprivation_weighted_opportunity":0.249,"development_pressure_delta_2016":0.022,"planning_intensity_delta_2016":0.011,"green_cover_delta_2016":0.001,"mobility_access_delta_2016":0.0,"bike_activity_delta_2016":0.0,"air_quality_delta_2016":0.193,"opportunity_access_delta_2016":-0.002,"fairness_context_delta_2016":0.0,"deprivation_weighted_opportunity_delta_2016":-0.001,"development_pressure_delta_previous":-0.028,"planning_intensity_delta_previous":-0.013,"green_cover_delta_previous":0.023,"mobility_access_delta_previous":0.0,"bike_activity_delta_previous":0.0,"air_quality_delta_previous":0.358,"opportunity_access_delta_previous":0.006,"fairness_context_delta_previous":0.0,"deprivation_weighted_opportunity_delta_previous":0.005,"dominant_change":"improved","confidence":"low","evidence":["OpenStreetMap building export clipped to Belfast NI core","250m-style grid proxy generated from local spatial anchors","NI Air annual trend proxy included","Opportunity and exposure scores are normalized directional indicators"]},"geometry":{"type":"Polygon","coordinates":[[[-6.08,54.535000000000004],[-6.0633333333333335,54.535000000000004],[-6.0633333333333335,54.550000000000004],[-6.08,54.550000000000004],[-6.08,54.535000000000004]]]}},{"type":"Feature","id":"belfast_01_01_2023","properties":{"cell_id":"belfast_01_01","year":2023,"row":1,"col":1,"development_pressure":0.105,"planning_intensity":0.063,"green_cover":0.338,"mobility_access":0.2,"bike_activity":0.05,"air_quality":0.836,"opportunity_access":0.336,"fairness_context":0.0,"deprivation_weighted_opportunity":0.249,"development_pressure_delta_2016":-0.009,"planning_intensity_delta_2016":-0.004,"green_cover_delta_2016":-0.014,"mobility_access_delta_2016":0.0,"bike_activity_delta_2016":0.0,"air_quality_delta_2016":0.194,"opportunity_access_delta_2016":-0.002,"fairness_context_delta_2016":0.0,"deprivation_weighted_opportunity_delta_2016":-0.001,"development_pressure_delta_previous":-0.021,"planning_intensity_delta_previous":-0.01,"green_cover_delta_previous":-0.005,"mobility_access_delta_previous":0.0,"bike_activity_delta_previous":0.0,"air_quality_delta_previous":0.35,"opportunity_access_delta_previous":0.0,"fairness_context_delta_previous":0.0,"deprivation_weighted_opportunity_delta_previous":0.001,"dominant_change":"improved","confidence":"low","evidence":["OpenStreetMap building export clipped to Belfast NI core","250m-style grid proxy generated from local spatial anchors","NI Air annual trend proxy included","Opportunity and exposure scores are normalized directional indicators"]},"geometry":{"type":"Polygon","coordinates":[[[-6.0633333333333335,54.535000000000004],[-6.046666666666667,54.535000000000004],[-6.046666666666667,54.550000000000004],[-6.0633333333333335,54.550000000000004],[-6.0633333333333335,54.535000000000004]]]}},{"type":"Feature","id":"belfast_01_02_2023","properties":{"cell_id":"belfast_01_02","year":2023,"row":1,"col":2,"development_pressure":0.1,"planning_intensity":0.06,"green_cover":0.311,"mobility_access":0.2,"bike_activity":0.05,"air_quality":0.832,"opportunity_access":0.332,"fairness_context":0.0,"deprivation_weighted_opportunity":0.246,"development_pressure_delta_2016":-0.037,"planning_intensity_delta_2016":-0.019,"green_cover_delta_2016":-0.021,"mobility_access_delta_2016":0.0,"bike_activity_delta_2016":0.0,"air_quality_delta_2016":0.198,"opportunity_access_delta_2016":-0.001,"fairness_context_delta_2016":0.0,"deprivation_weighted_opportunity_delta_2016":0.0,"development_pressure_delta_previous":-0.007,"planning_intensity_delta_previous":-0.003,"green_cover_delta_previous":-0.027,"mobility_access_delta_previous":0.0,"bike_activity_delta_previous":0.0,"air_quality_delta_previous":0.344,"opportunity_access_delta_previous":-0.004,"fairness_context_delta_previous":0.0,"deprivation_weighted_opportunity_delta_previous":-0.003,"dominant_change":"improved","confidence":"low","evidence":["OpenStreetMap building export clipped to Belfast NI core","250m-style grid proxy generated from local spatial anchors","NI Air annual trend proxy included","Opportunity and exposure scores are normalized directional indicators"]},"geometry":{"type":"Polygon","coordinates":[[[-6.046666666666667,54.535000000000004],[-6.03,54.535000000000004],[-6.03,54.550000000000004],[-6.046666666666667,54.550000000000004],[-6.046666666666667,54.535000000000004]]]}},{"type":"Feature","id":"belfast_01_03_2023","properties":{"cell_id":"belfast_01_03","year":2023,"row":1,"col":3,"development_pressure":0.111,"planning_intensity":0.065,"green_cover":0.288,"mobility_access":0.2,"bike_activity":0.05,"air_quality":0.825,"opportunity_access":0.327,"fairness_context":0.0,"deprivation_weighted_opportunity":0.242,"development_pressure_delta_2016":-0.05,"planning_intensity_delta_2016":-0.026,"green_cover_delta_2016":-0.011,"mobility_access_delta_2016":0.0,"bike_activity_delta_2016":0.0,"air_quality_delta_2016":0.201,"opportunity_access_delta_2016":0.002,"fairness_context_delta_2016":0.0,"deprivation_weighted_opportunity_delta_2016":0.002,"development_pressure_delta_previous":0.011,"planning_intensity_delta_previous":0.005,"green_cover_delta_previous":-0.024,"mobility_access_delta_previous":0.0,"bike_activity_delta_previous":0.0,"air_quality_delta_previous":0.341,"opportunity_access_delta_previous":-0.005,"fairness_context_delta_previous":0.0,"deprivation_weighted_opportunity_delta_previous":-0.004,"dominant_change":"improved","confidence":"low","evidence":["OpenStreetMap building export clipped to Belfast NI core","250m-style grid proxy generated from local spatial anchors","NI Air annual trend proxy included","Opportunity and exposure scores are normalized directional indicators"]},"geometry":{"type":"Polygon","coordinates":[[[-6.03,54.535000000000004],[-6.013333333333334,54.535000000000004],[-6.013333333333334,54.550000000000004],[-6.03,54.550000000000004],[-6.03,54.535000000000004]]]}},{"type":"Feature","id":"belfast_01_04_2023","properties":{"cell_id":"belfast_01_04","year":2023,"row":1,"col":4,"development_pressure":0.132,"planning_intensity":0.076,"green_cover":0.288,"mobility_access":0.2,"bike_activity":0.05,"air_quality":0.822,"opportunity_access":0.325,"fairness_context":0.0,"deprivation_weighted_opportunity":0.241,"development_pressure_delta_2016":-0.045,"planning_intensity_delta_2016":-0.023,"green_cover_delta_2016":0.006,"mobility_access_delta_2016":0.0,"bike_activity_delta_2016":0.0,"air_quality_delta_2016":0.204,"opportunity_access_delta_2016":0.004,"fairness_context_delta_2016":0.0,"deprivation_weighted_opportunity_delta_2016":0.004,"development_pressure_delta_previous":0.023,"planning_intensity_delta_previous":0.012,"green_cover_delta_previous":-0.001,"mobility_access_delta_previous":0.0,"bike_activity_delta_previous":0.0,"air_quality_delta_previous":0.344,"opportunity_access_delta_previous":-0.002,"fairness_context_delta_previous":0.0,"deprivation_weighted_opportunity_delta_previous":-0.001,"dominant_change":"improved","confidence":"low","evidence":["OpenStreetMap building export clipped to Belfast NI core","250m-style grid proxy generated from local spatial anchors","NI Air annual trend proxy included","Opportunity and exposure scores are normalized directional indicators"]},"geometry":{"type":"Polygon","coordinates":[[[-6.013333333333334,54.535000000000004],[-5.996666666666667,54.535000000000004],[-5.996666666666667,54.550000000000004],[-6.013333333333334,54.550000000000004],[-6.013333333333334,54.535000000000004]]]}},{"type":"Feature","id":"belfast_01_05_2023","properties":{"cell_id":"belfast_01_05","year":2023,"row":1,"col":5,"development_pressure":0.157,"planning_intensity":0.089,"green_cover":0.309,"mobility_access":0.2,"bike_activity":0.05,"air_quality":0.822,"opportunity_access":0.327,"fairness_context":0.009,"deprivation_weighted_opportunity":0.243,"development_pressure_delta_2016":-0.022,"planning_intensity_delta_2016":-0.01,"green_cover_delta_2016":0.015,"mobility_access_delta_2016":0.0,"bike_activity_delta_2016":0.0,"air_quality_delta_2016":0.202,"opportunity_access_delta_2016":0.004,"fairness_context_delta_2016":0.0,"deprivation_weighted_opportunity_delta_2016":0.003,"development_pressure_delta_previous":0.027,"planning_intensity_delta_previous":0.014,"green_cover_delta_previous":0.019,"mobility_access_delta_previous":0.0,"bike_activity_delta_previous":0.0,"air_quality_delta_previous":0.347,"opportunity_access_delta_previous":0.001,"fairness_context_delta_previous":0.0,"deprivation_weighted_opportunity_delta_previous":0.001,"dominant_change":"improved","confidence":"low","evidence":["OpenStreetMap building export clipped to Belfast NI core","250m-style grid proxy generated from local spatial anchors","NI Air annual trend proxy included","Opportunity and exposure scores are normalized directional indicators"]},"geometry":{"type":"Polygon","coordinates":[[[-5.996666666666667,54.535000000000004],[-5.98,54.535000000000004],[-5.98,54.550000000000004],[-5.996666666666667,54.550000000000004],[-5.996666666666667,54.535000000000004]]]}},{"type":"Feature","id":"belfast_01_06_2023","properties":{"cell_id":"belfast_01_06","year":2023,"row":1,"col":6,"development_pressure":0.175,"planning_intensity":0.098,"green_cover":0.329,"mobility_access":0.2,"bike_activity":0.05,"air_quality":0.823,"opportunity_access":0.329,"fairness_context":0.026,"deprivation_weighted_opportunity":0.246,"development_pressure_delta_2016":0.01,"planning_intensity_delta_2016":0.005,"green_cover_delta_2016":0.004,"mobility_access_delta_2016":0.0,"bike_activity_delta_2016":0.0,"air_quality_delta_2016":0.195,"opportunity_access_delta_2016":0.0,"fairness_context_delta_2016":0.0,"deprivation_weighted_opportunity_delta_2016":0.0,"development_pressure_delta_previous":0.021,"planning_intensity_delta_previous":0.011,"green_cover_delta_previous":0.018,"mobility_access_delta_previous":0.0,"bike_activity_delta_previous":0.0,"air_quality_delta_previous":0.348,"opportunity_access_delta_previous":0.001,"fairness_context_delta_previous":0.0,"deprivation_weighted_opportunity_delta_previous":0.001,"dominant_change":"improved","confidence":"low","evidence":["OpenStreetMap building export clipped to Belfast NI core","250m-style grid proxy generated from local spatial anchors","NI Air annual trend proxy included","Opportunity and exposure scores are normalized directional indicators"]},"geometry":{"type":"Polygon","coordinates":[[[-5.98,54.535000000000004],[-5.963333333333334,54.535000000000004],[-5.963333333333334,54.550000000000004],[-5.98,54.550000000000004],[-5.98,54.535000000000004]]]}},{"type":"Feature","id":"belfast_01_07_2023","properties":{"cell_id":"belfast_01_07","year":2023,"row":1,"col":7,"development_pressure":0.184,"planning_intensity":0.104,"green_cover":0.326,"mobility_access":0.2,"bike_activity":0.05,"air_quality":0.822,"opportunity_access":0.328,"fairness_context":0.0,"deprivation_weighted_opportunity":0.243,"development_pressure_delta_2016":0.039,"planning_intensity_delta_2016":0.021,"green_cover_delta_2016":-0.02,"mobility_access_delta_2016":0.0,"bike_activity_delta_2016":0.0,"air_quality_delta_2016":0.186,"opportunity_access_delta_2016":-0.007,"fairness_context_delta_2016":0.0,"deprivation_weighted_opportunity_delta_2016":-0.005,"development_pressure_delta_previous":0.006,"planning_intensity_delta_previous":0.003,"green_cover_delta_previous":-0.004,"mobility_access_delta_previous":0.0,"bike_activity_delta_previous":0.0,"air_quality_delta_previous":0.347,"opportunity_access_delta_previous":-0.001,"fairness_context_delta_previous":0.0,"deprivation_weighted_opportunity_delta_previous":-0.001,"dominant_change":"improved","confidence":"low","evidence":["OpenStreetMap building export clipped to Belfast NI core","250m-style grid proxy generated from local spatial anchors","NI Air annual trend proxy included","Opportunity and exposure scores are normalized directional indicators"]},"geometry":{"type":"Polygon","coordinates":[[[-5.963333333333334,54.535000000000004],[-5.946666666666667,54.535000000000004],[-5.946666666666667,54.550000000000004],[-5.963333333333334,54.550000000000004],[-5.963333333333334,54.535000000000004]]]}},{"type":"Feature","id":"belfast_01_08_2023","properties":{"cell_id":"belfast_01_08","year":2023,"row":1,"col":8,"development_pressure":0.186,"planning_intensity":0.111,"green_cover":0.301,"mobility_access":0.2,"bike_activity":0.05,"air_quality":0.816,"opportunity_access":0.323,"fairness_context":0.0,"deprivation_weighted_opportunity":0.239,"development_pressure_delta_2016":0.057,"planning_intensity_delta_2016":0.033,"green_cover_delta_2016":-0.039,"mobility_access_delta_2016":0.0,"bike_activity_delta_2016":0.0,"air_quality_delta_2016":0.179,"opportunity_access_delta_2016":-0.012,"fairness_context_delta_2016":0.0,"deprivation_weighted_opportunity_delta_2016":-0.009,"development_pressure_delta_previous":-0.01,"planning_intensity_delta_previous":-0.004,"green_cover_delta_previous":-0.024,"mobility_access_delta_previous":0.0,"bike_activity_delta_previous":0.0,"air_quality_delta_previous":0.345,"opportunity_access_delta_previous":-0.004,"fairness_context_delta_previous":0.0,"deprivation_weighted_opportunity_delta_previous":-0.003,"dominant_change":"improved","confidence":"low","evidence":["OpenStreetMap building export clipped to Belfast NI core","250m-style grid proxy generated from local spatial anchors","NI Air annual trend proxy included","Opportunity and exposure scores are normalized directional indicators"]},"geometry":{"type":"Polygon","coordinates":[[[-5.946666666666667,54.535000000000004],[-5.930000000000001,54.535000000000004],[-5.930000000000001,54.550000000000004],[-5.946666666666667,54.550000000000004],[-5.946666666666667,54.535000000000004]]]}},{"type":"Feature","id":"belfast_01_09_2023","properties":{"cell_id":"belfast_01_09","year":2023,"row":1,"col":9,"development_pressure":0.157,"planning_intensity":0.105,"green_cover":0.293,"mobility_access":0.2,"bike_activity":0.05,"air_quality":0.819,"opportunity_access":0.324,"fairness_context":0.0,"deprivation_weighted_opportunity":0.24,"development_pressure_delta_2016":0.048,"planning_intensity_delta_2016":0.027,"green_cover_delta_2016":-0.034,"mobility_access_delta_2016":0.0,"bike_activity_delta_2016":0.0,"air_quality_delta_2016":0.181,"opportunity_access_delta_2016":-0.01,"fairness_context_delta_2016":0.0,"deprivation_weighted_opportunity_delta_2016":-0.007,"development_pressure_delta_previous":-0.023,"planning_intensity_delta_previous":-0.011,"green_cover_delta_previous":-0.023,"mobility_access_delta_previous":0.0,"bike_activity_delta_previous":0.0,"air_quality_delta_previous":0.347,"opportunity_access_delta_previous":-0.002,"fairness_context_delta_previous":0.0,"deprivation_weighted_opportunity_delta_previous":-0.002,"dominant_change":"improved","confidence":"low","evidence":["OpenStreetMap building export clipped to Belfast NI core","250m-style grid proxy generated from local spatial anchors","NI Air annual trend proxy included","Opportunity and exposure scores are normalized directional indicators"]},"geometry":{"type":"Polygon","coordinates":[[[-5.93,54.535000000000004],[-5.913333333333333,54.535000000000004],[-5.913333333333333,54.550000000000004],[-5.93,54.550000000000004],[-5.93,54.535000000000004]]]}},{"type":"Feature","id":"belfast_01_10_2023","properties":{"cell_id":"belfast_01_10","year":2023,"row":1,"col":10,"development_pressure":0.123,"planning_intensity":0.08,"green_cover":0.295,"mobility_access":0.2,"bike_activity":0.05,"air_quality":0.825,"opportunity_access":0.327,"fairness_context":0.0,"deprivation_weighted_opportunity":0.242,"development_pressure_delta_2016":0.022,"planning_intensity_delta_2016":0.011,"green_cover_delta_2016":-0.009,"mobility_access_delta_2016":0.0,"bike_activity_delta_2016":0.0,"air_quality_delta_2016":0.191,"opportunity_access_delta_2016":-0.004,"fairness_context_delta_2016":0.0,"deprivation_weighted_opportunity_delta_2016":-0.003,"development_pressure_delta_previous":-0.027,"planning_intensity_delta_previous":-0.014,"green_cover_delta_previous":0.002,"mobility_access_delta_previous":0.0,"bike_activity_delta_previous":0.0,"air_quality_delta_previous":0.353,"opportunity_access_delta_previous":0.002,"fairness_context_delta_previous":0.0,"deprivation_weighted_opportunity_delta_previous":0.002,"dominant_change":"improved","confidence":"low","evidence":["OpenStreetMap building export clipped to Belfast NI core","250m-style grid proxy generated from local spatial anchors","NI Air annual trend proxy included","Opportunity and exposure scores are normalized directional indicators"]},"geometry":{"type":"Polygon","coordinates":[[[-5.913333333333333,54.535000000000004],[-5.8966666666666665,54.535000000000004],[-5.8966666666666665,54.550000000000004],[-5.913333333333333,54.550000000000004],[-5.913333333333333,54.535000000000004]]]}},{"type":"Feature","id":"belfast_01_11_2023","properties":{"cell_id":"belfast_01_11","year":2023,"row":1,"col":11,"development_pressure":0.105,"planning_intensity":0.062,"green_cover":0.312,"mobility_access":0.2,"bike_activity":0.05,"air_quality":0.831,"opportunity_access":0.332,"fairness_context":0.0,"deprivation_weighted_opportunity":0.246,"development_pressure_delta_2016":-0.01,"planning_intensity_delta_2016":-0.005,"green_cover_delta_2016":0.014,"mobility_access_delta_2016":0.0,"bike_activity_delta_2016":0.0,"air_quality_delta_2016":0.2,"opportunity_access_delta_2016":0.004,"fairness_context_delta_2016":0.0,"deprivation_weighted_opportunity_delta_2016":0.003,"development_pressure_delta_previous":-0.02,"planning_intensity_delta_previous":-0.011,"green_cover_delta_previous":0.026,"mobility_access_delta_previous":0.0,"bike_activity_delta_previous":0.0,"air_quality_delta_previous":0.356,"opportunity_access_delta_previous":0.007,"fairness_context_delta_previous":0.0,"deprivation_weighted_opportunity_delta_previous":0.005,"dominant_change":"improved","confidence":"low","evidence":["OpenStreetMap building export clipped to Belfast NI core","250m-style grid proxy generated from local spatial anchors","NI Air annual trend proxy included","Opportunity and exposure scores are normalized directional indicators"]},"geometry":{"type":"Polygon","coordinates":[[[-5.8966666666666665,54.535000000000004],[-5.88,54.535000000000004],[-5.88,54.550000000000004],[-5.8966666666666665,54.550000000000004],[-5.8966666666666665,54.535000000000004]]]}},{"type":"Feature","id":"belfast_01_12_2023","properties":{"cell_id":"belfast_01_12","year":2023,"row":1,"col":12,"development_pressure":0.1,"planning_intensity":0.06,"green_cover":0.34,"mobility_access":0.2,"bike_activity":0.05,"air_quality":0.838,"opportunity_access":0.337,"fairness_context":0.0,"deprivation_weighted_opportunity":0.25,"development_pressure_delta_2016":-0.038,"planning_intensity_delta_2016":-0.019,"green_cover_delta_2016":0.019,"mobility_access_delta_2016":0.0,"bike_activity_delta_2016":0.0,"air_quality_delta_2016":0.206,"opportunity_access_delta_2016":0.006,"fairness_context_delta_2016":0.0,"deprivation_weighted_opportunity_delta_2016":0.005,"development_pressure_delta_previous":-0.006,"planning_intensity_delta_previous":-0.003,"green_cover_delta_previous":0.027,"mobility_access_delta_previous":0.0,"bike_activity_delta_previous":0.0,"air_quality_delta_previous":0.355,"opportunity_access_delta_previous":0.005,"fairness_context_delta_previous":0.0,"deprivation_weighted_opportunity_delta_previous":0.004,"dominant_change":"improved","confidence":"low","evidence":["OpenStreetMap building export clipped to Belfast NI core","250m-style grid proxy generated from local spatial anchors","NI Air annual trend proxy included","Opportunity and exposure scores are normalized directional indicators"]},"geometry":{"type":"Polygon","coordinates":[[[-5.88,54.535000000000004],[-5.863333333333333,54.535000000000004],[-5.863333333333333,54.550000000000004],[-5.88,54.550000000000004],[-5.88,54.535000000000004]]]}},{"type":"Feature","id":"belfast_01_13_2023","properties":{"cell_id":"belfast_01_13","year":2023,"row":1,"col":13,"development_pressure":0.111,"planning_intensity":0.066,"green_cover":0.345,"mobility_access":0.2,"bike_activity":0.05,"air_quality":0.837,"opportunity_access":0.337,"fairness_context":0.0,"deprivation_weighted_opportunity":0.25,"development_pressure_delta_2016":-0.051,"planning_intensity_delta_2016":-0.025,"green_cover_delta_2016":0.004,"mobility_access_delta_2016":0.0,"bike_activity_delta_2016":0.0,"air_quality_delta_2016":0.205,"opportunity_access_delta_2016":0.005,"fairness_context_delta_2016":0.0,"deprivation_weighted_opportunity_delta_2016":0.004,"development_pressure_delta_previous":0.011,"planning_intensity_delta_previous":0.006,"green_cover_delta_previous":0.004,"mobility_access_delta_previous":0.0,"bike_activity_delta_previous":0.0,"air_quality_delta_previous":0.347,"opportunity_access_delta_previous":0.0,"fairness_context_delta_previous":0.0,"deprivation_weighted_opportunity_delta_previous":0.0,"dominant_change":"improved","confidence":"low","evidence":["OpenStreetMap building export clipped to Belfast NI core","250m-style grid proxy generated from local spatial anchors","NI Air annual trend proxy included","Opportunity and exposure scores are normalized directional indicators"]},"geometry":{"type":"Polygon","coordinates":[[[-5.863333333333333,54.535000000000004],[-5.846666666666667,54.535000000000004],[-5.846666666666667,54.550000000000004],[-5.863333333333333,54.550000000000004],[-5.863333333333333,54.535000000000004]]]}},{"type":"Feature","id":"belfast_01_14_2023","properties":{"cell_id":"belfast_01_14","year":2023,"row":1,"col":14,"development_pressure":0.133,"planning_intensity":0.077,"green_cover":0.321,"mobility_access":0.2,"bike_activity":0.05,"air_quality":0.829,"opportunity_access":0.331,"fairness_context":0.0,"deprivation_weighted_opportunity":0.245,"development_pressure_delta_2016":-0.044,"planning_intensity_delta_2016":-0.022,"green_cover_delta_2016":-0.016,"mobility_access_delta_2016":0.0,"bike_activity_delta_2016":0.0,"air_quality_delta_2016":0.2,"opportunity_access_delta_2016":0.0,"fairness_context_delta_2016":0.0,"deprivation_weighted_opportunity_delta_2016":0.0,"development_pressure_delta_previous":0.024,"planning_intensity_delta_previous":0.012,"green_cover_delta_previous":-0.025,"mobility_access_delta_previous":0.0,"bike_activity_delta_previous":0.0,"air_quality_delta_previous":0.34,"opportunity_access_delta_previous":-0.007,"fairness_context_delta_previous":0.0,"deprivation_weighted_opportunity_delta_previous":-0.005,"dominant_change":"improved","confidence":"low","evidence":["OpenStreetMap building export clipped to Belfast NI core","250m-style grid proxy generated from local spatial anchors","NI Air annual trend proxy included","Opportunity and exposure scores are normalized directional indicators"]},"geometry":{"type":"Polygon","coordinates":[[[-5.846666666666667,54.535000000000004],[-5.83,54.535000000000004],[-5.83,54.550000000000004],[-5.846666666666667,54.550000000000004],[-5.846666666666667,54.535000000000004]]]}},{"type":"Feature","id":"belfast_01_15_2023","properties":{"cell_id":"belfast_01_15","year":2023,"row":1,"col":15,"development_pressure":0.158,"planning_intensity":0.089,"green_cover":0.287,"mobility_access":0.2,"bike_activity":0.05,"air_quality":0.818,"opportunity_access":0.323,"fairness_context":0.0,"deprivation_weighted_opportunity":0.239,"development_pressure_delta_2016":-0.021,"planning_intensity_delta_2016":-0.01,"green_cover_delta_2016":-0.026,"mobility_access_delta_2016":0.0,"bike_activity_delta_2016":0.0,"air_quality_delta_2016":0.194,"opportunity_access_delta_2016":-0.003,"fairness_context_delta_2016":0.0,"deprivation_weighted_opportunity_delta_2016":-0.002,"development_pressure_delta_previous":0.028,"planning_intensity_delta_previous":0.014,"green_cover_delta_previous":-0.035,"mobility_access_delta_previous":0.0,"bike_activity_delta_previous":0.0,"air_quality_delta_previous":0.337,"opportunity_access_delta_previous":-0.009,"fairness_context_delta_previous":0.0,"deprivation_weighted_opportunity_delta_previous":-0.006,"dominant_change":"improved","confidence":"low","evidence":["OpenStreetMap building export clipped to Belfast NI core","250m-style grid proxy generated from local spatial anchors","NI Air annual trend proxy included","Opportunity and exposure scores are normalized directional indicators"]},"geometry":{"type":"Polygon","coordinates":[[[-5.83,54.535000000000004],[-5.8133333333333335,54.535000000000004],[-5.8133333333333335,54.550000000000004],[-5.83,54.550000000000004],[-5.83,54.535000000000004]]]}},{"type":"Feature","id":"belfast_01_16_2023","properties":{"cell_id":"belfast_01_16","year":2023,"row":1,"col":16,"development_pressure":0.175,"planning_intensity":0.098,"green_cover":0.272,"mobility_access":0.2,"bike_activity":0.05,"air_quality":0.812,"opportunity_access":0.319,"fairness_context":0.0,"deprivation_weighted_opportunity":0.236,"development_pressure_delta_2016":0.01,"planning_intensity_delta_2016":0.006,"green_cover_delta_2016":-0.017,"mobility_access_delta_2016":0.0,"bike_activity_delta_2016":0.0,"air_quality_delta_2016":0.191,"opportunity_access_delta_2016":-0.004,"fairness_context_delta_2016":0.0,"deprivation_weighted_opportunity_delta_2016":-0.003,"development_pressure_delta_previous":0.02,"planning_intensity_delta_previous":0.01,"green_cover_delta_previous":-0.017,"mobility_access_delta_previous":0.0,"bike_activity_delta_previous":0.0,"air_quality_delta_previous":0.341,"opportunity_access_delta_previous":-0.005,"fairness_context_delta_previous":0.0,"deprivation_weighted_opportunity_delta_previous":-0.003,"dominant_change":"improved","confidence":"low","evidence":["OpenStreetMap building export clipped to Belfast NI core","250m-style grid proxy generated from local spatial anchors","NI Air annual trend proxy included","Opportunity and exposure scores are normalized directional indicators"]},"geometry":{"type":"Polygon","coordinates":[[[-5.8133333333333335,54.535000000000004],[-5.796666666666667,54.535000000000004],[-5.796666666666667,54.550000000000004],[-5.8133333333333335,54.550000000000004],[-5.8133333333333335,54.535000000000004]]]}},{"type":"Feature","id":"belfast_01_17_2023","properties":{"cell_id":"belfast_01_17","year":2023,"row":1,"col":17,"development_pressure":0.18,"planning_intensity":0.1,"green_cover":0.288,"mobility_access":0.2,"bike_activity":0.05,"air_quality":0.815,"opportunity_access":0.321,"fairness_context":0.0,"deprivation_weighted_opportunity":0.238,"development_pressure_delta_2016":0.038,"planning_intensity_delta_2016":0.019,"green_cover_delta_2016":-0.002,"mobility_access_delta_2016":0.0,"bike_activity_delta_2016":0.0,"air_quality_delta_2016":0.19,"opportunity_access_delta_2016":-0.004,"fairness_context_delta_2016":0.0,"deprivation_weighted_opportunity_delta_2016":-0.002,"development_pressure_delta_previous":0.006,"planning_intensity_delta_previous":0.003,"green_cover_delta_previous":0.014,"mobility_access_delta_previous":0.0,"bike_activity_delta_previous":0.0,"air_quality_delta_previous":0.35,"opportunity_access_delta_previous":0.002,"fairness_context_delta_previous":0.0,"deprivation_weighted_opportunity_delta_previous":0.002,"dominant_change":"improved","confidence":"low","evidence":["OpenStreetMap building export clipped to Belfast NI core","250m-style grid proxy generated from local spatial anchors","NI Air annual trend proxy included","Opportunity and exposure scores are normalized directional indicators"]},"geometry":{"type":"Polygon","coordinates":[[[-5.796666666666667,54.535000000000004],[-5.78,54.535000000000004],[-5.78,54.550000000000004],[-5.796666666666667,54.550000000000004],[-5.796666666666667,54.535000000000004]]]}},{"type":"Feature","id":"belfast_02_00_2023","properties":{"cell_id":"belfast_02_00","year":2023,"row":2,"col":0,"development_pressure":0.1,"planning_intensity":0.06,"green_cover":0.348,"mobility_access":0.2,"bike_activity":0.05,"air_quality":0.839,"opportunity_access":0.339,"fairness_context":0.0,"deprivation_weighted_opportunity":0.251,"development_pressure_delta_2016":-0.035,"planning_intensity_delta_2016":-0.017,"green_cover_delta_2016":0.011,"mobility_access_delta_2016":0.0,"bike_activity_delta_2016":0.0,"air_quality_delta_2016":0.203,"opportunity_access_delta_2016":0.005,"fairness_context_delta_2016":0.0,"deprivation_weighted_opportunity_delta_2016":0.004,"development_pressure_delta_previous":-0.008,"planning_intensity_delta_previous":-0.004,"green_cover_delta_previous":0.019,"mobility_access_delta_previous":0.0,"bike_activity_delta_previous":0.0,"air_quality_delta_previous":0.353,"opportunity_access_delta_previous":0.004,"fairness_context_delta_previous":0.0,"deprivation_weighted_opportunity_delta_previous":0.003,"dominant_change":"improved","confidence":"low","evidence":["OpenStreetMap building export clipped to Belfast NI core","250m-style grid proxy generated from local spatial anchors","NI Air annual trend proxy included","Opportunity and exposure scores are normalized directional indicators"]},"geometry":{"type":"Polygon","coordinates":[[[-6.08,54.550000000000004],[-6.0633333333333335,54.550000000000004],[-6.0633333333333335,54.565000000000005],[-6.08,54.565000000000005],[-6.08,54.550000000000004]]]}},{"type":"Feature","id":"belfast_02_01_2023","properties":{"cell_id":"belfast_02_01","year":2023,"row":2,"col":1,"development_pressure":0.109,"planning_intensity":0.064,"green_cover":0.337,"mobility_access":0.2,"bike_activity":0.05,"air_quality":0.836,"opportunity_access":0.336,"fairness_context":0.0,"deprivation_weighted_opportunity":0.249,"development_pressure_delta_2016":-0.05,"planning_intensity_delta_2016":-0.025,"green_cover_delta_2016":-0.007,"mobility_access_delta_2016":0.0,"bike_activity_delta_2016":0.0,"air_quality_delta_2016":0.203,"opportunity_access_delta_2016":0.003,"fairness_context_delta_2016":0.0,"deprivation_weighted_opportunity_delta_2016":0.002,"development_pressure_delta_previous":0.009,"planning_intensity_delta_previous":0.004,"green_cover_delta_previous":-0.012,"mobility_access_delta_previous":0.0,"bike_activity_delta_previous":0.0,"air_quality_delta_previous":0.345,"opportunity_access_delta_previous":-0.003,"fairness_context_delta_previous":0.0,"deprivation_weighted_opportunity_delta_previous":-0.002,"dominant_change":"improved","confidence":"low","evidence":["OpenStreetMap building export clipped to Belfast NI core","250m-style grid proxy generated from local spatial anchors","NI Air annual trend proxy included","Opportunity and exposure scores are normalized directional indicators"]},"geometry":{"type":"Polygon","coordinates":[[[-6.0633333333333335,54.550000000000004],[-6.046666666666667,54.550000000000004],[-6.046666666666667,54.565000000000005],[-6.0633333333333335,54.565000000000005],[-6.0633333333333335,54.550000000000004]]]}},{"type":"Feature","id":"belfast_02_02_2023","properties":{"cell_id":"belfast_02_02","year":2023,"row":2,"col":2,"development_pressure":0.13,"planning_intensity":0.075,"green_cover":0.305,"mobility_access":0.2,"bike_activity":0.05,"air_quality":0.826,"opportunity_access":0.328,"fairness_context":0.0,"deprivation_weighted_opportunity":0.243,"development_pressure_delta_2016":-0.046,"planning_intensity_delta_2016":-0.023,"green_cover_delta_2016":-0.021,"mobility_access_delta_2016":0.0,"bike_activity_delta_2016":0.0,"air_quality_delta_2016":0.199,"opportunity_access_delta_2016":-0.001,"fairness_context_delta_2016":0.0,"deprivation_weighted_opportunity_delta_2016":0.0,"development_pressure_delta_previous":0.023,"planning_intensity_delta_previous":0.011,"green_cover_delta_previous":-0.033,"mobility_access_delta_previous":0.0,"bike_activity_delta_previous":0.0,"air_quality_delta_previous":0.338,"opportunity_access_delta_previous":-0.008,"fairness_context_delta_previous":0.0,"deprivation_weighted_opportunity_delta_previous":-0.006,"dominant_change":"improved","confidence":"low","evidence":["OpenStreetMap building export clipped to Belfast NI core","250m-style grid proxy generated from local spatial anchors","NI Air annual trend proxy included","Opportunity and exposure scores are normalized directional indicators"]},"geometry":{"type":"Polygon","coordinates":[[[-6.046666666666667,54.550000000000004],[-6.03,54.550000000000004],[-6.03,54.565000000000005],[-6.046666666666667,54.565000000000005],[-6.046666666666667,54.550000000000004]]]}},{"type":"Feature","id":"belfast_02_03_2023","properties":{"cell_id":"belfast_02_03","year":2023,"row":2,"col":3,"development_pressure":0.154,"planning_intensity":0.087,"green_cover":0.278,"mobility_access":0.2,"bike_activity":0.05,"air_quality":0.817,"opportunity_access":0.322,"fairness_context":0.103,"deprivation_weighted_opportunity":0.247,"development_pressure_delta_2016":-0.025,"planning_intensity_delta_2016":-0.013,"green_cover_delta_2016":-0.018,"mobility_access_delta_2016":0.0,"bike_activity_delta_2016":0.0,"air_quality_delta_2016":0.197,"opportunity_access_delta_2016":-0.001,"fairness_context_delta_2016":0.0,"deprivation_weighted_opportunity_delta_2016":-0.001,"development_pressure_delta_previous":0.027,"planning_intensity_delta_previous":0.013,"green_cover_delta_previous":-0.028,"mobility_access_delta_previous":0.0,"bike_activity_delta_previous":0.0,"air_quality_delta_previous":0.338,"opportunity_access_delta_previous":-0.007,"fairness_context_delta_previous":0.0,"deprivation_weighted_opportunity_delta_previous":-0.005,"dominant_change":"improved","confidence":"low","evidence":["OpenStreetMap building export clipped to Belfast NI core","250m-style grid proxy generated from local spatial anchors","NI Air annual trend proxy included","Opportunity and exposure scores are normalized directional indicators"]},"geometry":{"type":"Polygon","coordinates":[[[-6.03,54.550000000000004],[-6.013333333333334,54.550000000000004],[-6.013333333333334,54.565000000000005],[-6.03,54.565000000000005],[-6.03,54.550000000000004]]]}},{"type":"Feature","id":"belfast_02_04_2023","properties":{"cell_id":"belfast_02_04","year":2023,"row":2,"col":4,"development_pressure":0.174,"planning_intensity":0.097,"green_cover":0.279,"mobility_access":0.2,"bike_activity":0.05,"air_quality":0.814,"opportunity_access":0.32,"fairness_context":0.257,"deprivation_weighted_opportunity":0.258,"development_pressure_delta_2016":0.006,"planning_intensity_delta_2016":0.003,"green_cover_delta_2016":-0.004,"mobility_access_delta_2016":0.0,"bike_activity_delta_2016":0.0,"air_quality_delta_2016":0.194,"opportunity_access_delta_2016":-0.002,"fairness_context_delta_2016":0.0,"deprivation_weighted_opportunity_delta_2016":-0.001,"development_pressure_delta_previous":0.022,"planning_intensity_delta_previous":0.011,"green_cover_delta_previous":-0.001,"mobility_access_delta_previous":0.0,"bike_activity_delta_previous":0.0,"air_quality_delta_previous":0.345,"opportunity_access_delta_previous":-0.002,"fairness_context_delta_previous":0.0,"deprivation_weighted_opportunity_delta_previous":-0.002,"dominant_change":"improved","confidence":"low","evidence":["OpenStreetMap building export clipped to Belfast NI core","250m-style grid proxy generated from local spatial anchors","NI Air annual trend proxy included","Opportunity and exposure scores are normalized directional indicators"]},"geometry":{"type":"Polygon","coordinates":[[[-6.013333333333334,54.550000000000004],[-5.996666666666667,54.550000000000004],[-5.996666666666667,54.565000000000005],[-6.013333333333334,54.565000000000005],[-6.013333333333334,54.550000000000004]]]}},{"type":"Feature","id":"belfast_02_05_2023","properties":{"cell_id":"belfast_02_05","year":2023,"row":2,"col":5,"development_pressure":0.206,"planning_intensity":0.125,"green_cover":0.298,"mobility_access":0.2,"bike_activity":0.05,"air_quality":0.812,"opportunity_access":0.321,"fairness_context":0.359,"deprivation_weighted_opportunity":0.268,"development_pressure_delta_2016":0.044,"planning_intensity_delta_2016":0.029,"green_cover_delta_2016":0.001,"mobility_access_delta_2016":0.0,"bike_activity_delta_2016":0.0,"air_quality_delta_2016":0.189,"opportunity_access_delta_2016":-0.003,"fairness_context_delta_2016":0.0,"deprivation_weighted_opportunity_delta_2016":-0.002,"development_pressure_delta_previous":0.009,"planning_intensity_delta_previous":0.005,"green_cover_delta_previous":0.022,"mobility_access_delta_previous":0.0,"bike_activity_delta_previous":0.0,"air_quality_delta_previous":0.351,"opportunity_access_delta_previous":0.003,"fairness_context_delta_previous":0.0,"deprivation_weighted_opportunity_delta_previous":0.003,"dominant_change":"improved","confidence":"low","evidence":["OpenStreetMap building export clipped to Belfast NI core","250m-style grid proxy generated from local spatial anchors","NI Air annual trend proxy included","Opportunity and exposure scores are normalized directional indicators"]},"geometry":{"type":"Polygon","coordinates":[[[-5.996666666666667,54.550000000000004],[-5.98,54.550000000000004],[-5.98,54.565000000000005],[-5.996666666666667,54.565000000000005],[-5.996666666666667,54.550000000000004]]]}},{"type":"Feature","id":"belfast_02_06_2023","properties":{"cell_id":"belfast_02_06","year":2023,"row":2,"col":6,"development_pressure":0.268,"planning_intensity":0.178,"green_cover":0.357,"mobility_access":0.234,"bike_activity":0.091,"air_quality":0.81,"opportunity_access":0.357,"fairness_context":0.385,"deprivation_weighted_opportunity":0.3,"development_pressure_delta_2016":0.082,"planning_intensity_delta_2016":0.063,"green_cover_delta_2016":-0.013,"mobility_access_delta_2016":0.013,"bike_activity_delta_2016":0.022,"air_quality_delta_2016":0.18,"opportunity_access_delta_2016":-0.004,"fairness_context_delta_2016":0.0,"deprivation_weighted_opportunity_delta_2016":-0.003,"development_pressure_delta_previous":-0.005,"planning_intensity_delta_previous":0.001,"green_cover_delta_previous":0.023,"mobility_access_delta_previous":0.002,"bike_activity_delta_previous":0.0,"air_quality_delta_previous":0.353,"opportunity_access_delta_previous":0.005,"fairness_context_delta_previous":0.0,"deprivation_weighted_opportunity_delta_previous":0.004,"dominant_change":"improved","confidence":"low","evidence":["OpenStreetMap building export clipped to Belfast NI core","250m-style grid proxy generated from local spatial anchors","NI Air annual trend proxy included","Opportunity and exposure scores are normalized directional indicators"]},"geometry":{"type":"Polygon","coordinates":[[[-5.98,54.550000000000004],[-5.963333333333334,54.550000000000004],[-5.963333333333334,54.565000000000005],[-5.98,54.565000000000005],[-5.98,54.550000000000004]]]}},{"type":"Feature","id":"belfast_02_07_2023","properties":{"cell_id":"belfast_02_07","year":2023,"row":2,"col":7,"development_pressure":0.303,"planning_intensity":0.209,"green_cover":0.41,"mobility_access":0.26,"bike_activity":0.122,"air_quality":0.811,"opportunity_access":0.392,"fairness_context":0.326,"deprivation_weighted_opportunity":0.323,"development_pressure_delta_2016":0.094,"planning_intensity_delta_2016":0.08,"green_cover_delta_2016":-0.035,"mobility_access_delta_2016":0.02,"bike_activity_delta_2016":0.037,"air_quality_delta_2016":0.174,"opportunity_access_delta_2016":-0.005,"fairness_context_delta_2016":0.0,"deprivation_weighted_opportunity_delta_2016":-0.004,"development_pressure_delta_previous":-0.016,"planning_intensity_delta_previous":-0.003,"green_cover_delta_previous":0.0,"mobility_access_delta_previous":0.003,"bike_activity_delta_previous":0.0,"air_quality_delta_previous":0.351,"opportunity_access_delta_previous":0.003,"fairness_context_delta_previous":0.0,"deprivation_weighted_opportunity_delta_previous":0.002,"dominant_change":"improved","confidence":"low","evidence":["OpenStreetMap building export clipped to Belfast NI core","250m-style grid proxy generated from local spatial anchors","NI Air annual trend proxy included","Opportunity and exposure scores are normalized directional indicators"]},"geometry":{"type":"Polygon","coordinates":[[[-5.963333333333334,54.550000000000004],[-5.946666666666667,54.550000000000004],[-5.946666666666667,54.565000000000005],[-5.963333333333334,54.565000000000005],[-5.963333333333334,54.550000000000004]]]}},{"type":"Feature","id":"belfast_02_08_2023","properties":{"cell_id":"belfast_02_08","year":2023,"row":2,"col":8,"development_pressure":0.304,"planning_intensity":0.252,"green_cover":0.441,"mobility_access":0.255,"bike_activity":0.112,"air_quality":0.815,"opportunity_access":0.404,"fairness_context":0.2,"deprivation_weighted_opportunity":0.32,"development_pressure_delta_2016":0.079,"planning_intensity_delta_2016":0.078,"green_cover_delta_2016":-0.049,"mobility_access_delta_2016":0.014,"bike_activity_delta_2016":0.026,"air_quality_delta_2016":0.174,"opportunity_access_delta_2016":-0.009,"fairness_context_delta_2016":0.0,"deprivation_weighted_opportunity_delta_2016":-0.007,"development_pressure_delta_previous":-0.02,"planning_intensity_delta_previous":-0.004,"green_cover_delta_previous":-0.023,"mobility_access_delta_previous":0.002,"bike_activity_delta_previous":0.0,"air_quality_delta_previous":0.347,"opportunity_access_delta_previous":-0.002,"fairness_context_delta_previous":0.0,"deprivation_weighted_opportunity_delta_previous":-0.001,"dominant_change":"improved","confidence":"low","evidence":["OpenStreetMap building export clipped to Belfast NI core","250m-style grid proxy generated from local spatial anchors","NI Air annual trend proxy included","Opportunity and exposure scores are normalized directional indicators"]},"geometry":{"type":"Polygon","coordinates":[[[-5.946666666666667,54.550000000000004],[-5.930000000000001,54.550000000000004],[-5.930000000000001,54.565000000000005],[-5.946666666666667,54.565000000000005],[-5.946666666666667,54.550000000000004]]]}},{"type":"Feature","id":"belfast_02_09_2023","properties":{"cell_id":"belfast_02_09","year":2023,"row":2,"col":9,"development_pressure":0.274,"planning_intensity":0.288,"green_cover":0.448,"mobility_access":0.237,"bike_activity":0.086,"air_quality":0.821,"opportunity_access":0.4,"fairness_context":0.033,"deprivation_weighted_opportunity":0.3,"development_pressure_delta_2016":0.044,"planning_intensity_delta_2016":0.059,"green_cover_delta_2016":-0.04,"mobility_access_delta_2016":0.004,"bike_activity_delta_2016":0.008,"air_quality_delta_2016":0.181,"opportunity_access_delta_2016":-0.009,"fairness_context_delta_2016":0.0,"deprivation_weighted_opportunity_delta_2016":-0.006,"development_pressure_delta_previous":-0.015,"planning_intensity_delta_previous":-0.002,"green_cover_delta_previous":-0.025,"mobility_access_delta_previous":0.0,"bike_activity_delta_previous":0.0,"air_quality_delta_previous":0.345,"opportunity_access_delta_previous":-0.003,"fairness_context_delta_previous":0.0,"deprivation_weighted_opportunity_delta_previous":-0.002,"dominant_change":"improved","confidence":"low","evidence":["OpenStreetMap building export clipped to Belfast NI core","250m-style grid proxy generated from local spatial anchors","NI Air annual trend proxy included","Opportunity and exposure scores are normalized directional indicators"]},"geometry":{"type":"Polygon","coordinates":[[[-5.93,54.550000000000004],[-5.913333333333333,54.550000000000004],[-5.913333333333333,54.565000000000005],[-5.93,54.565000000000005],[-5.93,54.550000000000004]]]}},{"type":"Feature","id":"belfast_02_10_2023","properties":{"cell_id":"belfast_02_10","year":2023,"row":2,"col":10,"development_pressure":0.224,"planning_intensity":0.238,"green_cover":0.378,"mobility_access":0.223,"bike_activity":0.07,"air_quality":0.817,"opportunity_access":0.376,"fairness_context":0.0,"deprivation_weighted_opportunity":0.278,"development_pressure_delta_2016":0.002,"planning_intensity_delta_2016":0.027,"green_cover_delta_2016":-0.012,"mobility_access_delta_2016":0.0,"bike_activity_delta_2016":0.0,"air_quality_delta_2016":0.193,"opportunity_access_delta_2016":-0.003,"fairness_context_delta_2016":0.0,"deprivation_weighted_opportunity_delta_2016":-0.002,"development_pressure_delta_previous":-0.002,"planning_intensity_delta_previous":0.003,"green_cover_delta_previous":-0.005,"mobility_access_delta_previous":0.0,"bike_activity_delta_previous":0.0,"air_quality_delta_previous":0.347,"opportunity_access_delta_previous":-0.001,"fairness_context_delta_previous":0.0,"deprivation_weighted_opportunity_delta_previous":-0.001,"dominant_change":"improved","confidence":"low","evidence":["OpenStreetMap building export clipped to Belfast NI core","250m-style grid proxy generated from local spatial anchors","NI Air annual trend proxy included","Opportunity and exposure scores are normalized directional indicators"]},"geometry":{"type":"Polygon","coordinates":[[[-5.913333333333333,54.550000000000004],[-5.8966666666666665,54.550000000000004],[-5.8966666666666665,54.565000000000005],[-5.913333333333333,54.565000000000005],[-5.913333333333333,54.550000000000004]]]}},{"type":"Feature","id":"belfast_02_11_2023","properties":{"cell_id":"belfast_02_11","year":2023,"row":2,"col":11,"development_pressure":0.17,"planning_intensity":0.137,"green_cover":0.323,"mobility_access":0.211,"bike_activity":0.059,"air_quality":0.819,"opportunity_access":0.349,"fairness_context":0.0,"deprivation_weighted_opportunity":0.258,"development_pressure_delta_2016":-0.032,"planning_intensity_delta_2016":-0.003,"green_cover_delta_2016":0.014,"mobility_access_delta_2016":0.0,"bike_activity_delta_2016":0.0,"air_quality_delta_2016":0.204,"opportunity_access_delta_2016":0.005,"fairness_context_delta_2016":0.0,"deprivation_weighted_opportunity_delta_2016":0.004,"development_pressure_delta_previous":0.012,"planning_intensity_delta_previous":0.008,"green_cover_delta_previous":0.019,"mobility_access_delta_previous":0.0,"bike_activity_delta_previous":0.0,"air_quality_delta_previous":0.35,"opportunity_access_delta_previous":0.002,"fairness_context_delta_previous":0.0,"deprivation_weighted_opportunity_delta_previous":0.002,"dominant_change":"improved","confidence":"low","evidence":["OpenStreetMap building export clipped to Belfast NI core","250m-style grid proxy generated from local spatial anchors","NI Air annual trend proxy included","Opportunity and exposure scores are normalized directional indicators"]},"geometry":{"type":"Polygon","coordinates":[[[-5.8966666666666665,54.550000000000004],[-5.88,54.550000000000004],[-5.88,54.565000000000005],[-5.8966666666666665,54.565000000000005],[-5.8966666666666665,54.550000000000004]]]}},{"type":"Feature","id":"belfast_02_12_2023","properties":{"cell_id":"belfast_02_12","year":2023,"row":2,"col":12,"development_pressure":0.13,"planning_intensity":0.075,"green_cover":0.334,"mobility_access":0.2,"bike_activity":0.05,"air_quality":0.832,"opportunity_access":0.334,"fairness_context":0.0,"deprivation_weighted_opportunity":0.247,"development_pressure_delta_2016":-0.046,"planning_intensity_delta_2016":-0.023,"green_cover_delta_2016":0.019,"mobility_access_delta_2016":0.0,"bike_activity_delta_2016":0.0,"air_quality_delta_2016":0.208,"opportunity_access_delta_2016":0.007,"fairness_context_delta_2016":0.0,"deprivation_weighted_opportunity_delta_2016":0.005,"development_pressure_delta_previous":0.022,"planning_intensity_delta_previous":0.011,"green_cover_delta_previous":0.022,"mobility_access_delta_previous":0.0,"bike_activity_delta_previous":0.0,"air_quality_delta_previous":0.349,"opportunity_access_delta_previous":0.002,"fairness_context_delta_previous":0.0,"deprivation_weighted_opportunity_delta_previous":0.002,"dominant_change":"improved","confidence":"low","evidence":["OpenStreetMap building export clipped to Belfast NI core","250m-style grid proxy generated from local spatial anchors","NI Air annual trend proxy included","Opportunity and exposure scores are normalized directional indicators"]},"geometry":{"type":"Polygon","coordinates":[[[-5.88,54.550000000000004],[-5.863333333333333,54.550000000000004],[-5.863333333333333,54.565000000000005],[-5.88,54.565000000000005],[-5.88,54.550000000000004]]]}},{"type":"Feature","id":"belfast_02_13_2023","properties":{"cell_id":"belfast_02_13","year":2023,"row":2,"col":13,"development_pressure":0.155,"planning_intensity":0.088,"green_cover":0.336,"mobility_access":0.2,"bike_activity":0.05,"air_quality":0.828,"opportunity_access":0.332,"fairness_context":0.0,"deprivation_weighted_opportunity":0.246,"development_pressure_delta_2016":-0.024,"planning_intensity_delta_2016":-0.012,"green_cover_delta_2016":-0.002,"mobility_access_delta_2016":0.0,"bike_activity_delta_2016":0.0,"air_quality_delta_2016":0.199,"opportunity_access_delta_2016":0.001,"fairness_context_delta_2016":0.0,"deprivation_weighted_opportunity_delta_2016":0.001,"development_pressure_delta_previous":0.027,"planning_intensity_delta_previous":0.014,"green_cover_delta_previous":0.001,"mobility_access_delta_previous":0.0,"bike_activity_delta_previous":0.0,"air_quality_delta_previous":0.344,"opportunity_access_delta_previous":-0.002,"fairness_context_delta_previous":0.0,"deprivation_weighted_opportunity_delta_previous":-0.001,"dominant_change":"improved","confidence":"low","evidence":["OpenStreetMap building export clipped to Belfast NI core","250m-style grid proxy generated from local spatial anchors","NI Air annual trend proxy included","Opportunity and exposure scores are normalized directional indicators"]},"geometry":{"type":"Polygon","coordinates":[[[-5.863333333333333,54.550000000000004],[-5.846666666666667,54.550000000000004],[-5.846666666666667,54.565000000000005],[-5.863333333333333,54.565000000000005],[-5.863333333333333,54.550000000000004]]]}},{"type":"Feature","id":"belfast_02_14_2023","properties":{"cell_id":"belfast_02_14","year":2023,"row":2,"col":14,"development_pressure":0.174,"planning_intensity":0.097,"green_cover":0.312,"mobility_access":0.2,"bike_activity":0.05,"air_quality":0.82,"opportunity_access":0.326,"fairness_context":0.0,"deprivation_weighted_opportunity":0.241,"development_pressure_delta_2016":0.007,"planning_intensity_delta_2016":0.003,"green_cover_delta_2016":-0.027,"mobility_access_delta_2016":0.0,"bike_activity_delta_2016":0.0,"air_quality_delta_2016":0.189,"opportunity_access_delta_2016":-0.006,"fairness_context_delta_2016":0.0,"deprivation_weighted_opportunity_delta_2016":-0.004,"development_pressure_delta_previous":0.022,"planning_intensity_delta_previous":0.011,"green_cover_delta_previous":-0.025,"mobility_access_delta_previous":0.0,"bike_activity_delta_previous":0.0,"air_quality_delta_previous":0.339,"opportunity_access_delta_previous":-0.007,"fairness_context_delta_previous":0.0,"deprivation_weighted_opportunity_delta_previous":-0.005,"dominant_change":"improved","confidence":"low","evidence":["OpenStreetMap building export clipped to Belfast NI core","250m-style grid proxy generated from local spatial anchors","NI Air annual trend proxy included","Opportunity and exposure scores are normalized directional indicators"]},"geometry":{"type":"Polygon","coordinates":[[[-5.846666666666667,54.550000000000004],[-5.83,54.550000000000004],[-5.83,54.565000000000005],[-5.846666666666667,54.565000000000005],[-5.846666666666667,54.550000000000004]]]}},{"type":"Feature","id":"belfast_02_15_2023","properties":{"cell_id":"belfast_02_15","year":2023,"row":2,"col":15,"development_pressure":0.18,"planning_intensity":0.1,"green_cover":0.282,"mobility_access":0.2,"bike_activity":0.05,"air_quality":0.813,"opportunity_access":0.32,"fairness_context":0.0,"deprivation_weighted_opportunity":0.237,"development_pressure_delta_2016":0.036,"planning_intensity_delta_2016":0.018,"green_cover_delta_2016":-0.036,"mobility_access_delta_2016":0.0,"bike_activity_delta_2016":0.0,"air_quality_delta_2016":0.183,"opportunity_access_delta_2016":-0.01,"fairness_context_delta_2016":0.0,"deprivation_weighted_opportunity_delta_2016":-0.007,"development_pressure_delta_previous":0.008,"planning_intensity_delta_previous":0.004,"green_cover_delta_previous":-0.032,"mobility_access_delta_previous":0.0,"bike_activity_delta_previous":0.0,"air_quality_delta_previous":0.34,"opportunity_access_delta_previous":-0.007,"fairness_context_delta_previous":0.0,"deprivation_weighted_opportunity_delta_previous":-0.005,"dominant_change":"improved","confidence":"low","evidence":["OpenStreetMap building export clipped to Belfast NI core","250m-style grid proxy generated from local spatial anchors","NI Air annual trend proxy included","Opportunity and exposure scores are normalized directional indicators"]},"geometry":{"type":"Polygon","coordinates":[[[-5.83,54.550000000000004],[-5.8133333333333335,54.550000000000004],[-5.8133333333333335,54.565000000000005],[-5.83,54.565000000000005],[-5.83,54.550000000000004]]]}},{"type":"Feature","id":"belfast_02_16_2023","properties":{"cell_id":"belfast_02_16","year":2023,"row":2,"col":16,"development_pressure":0.17,"planning_intensity":0.095,"green_cover":0.273,"mobility_access":0.2,"bike_activity":0.05,"air_quality":0.813,"opportunity_access":0.32,"fairness_context":0.0,"deprivation_weighted_opportunity":0.236,"development_pressure_delta_2016":0.05,"planning_intensity_delta_2016":0.025,"green_cover_delta_2016":-0.023,"mobility_access_delta_2016":0.0,"bike_activity_delta_2016":0.0,"air_quality_delta_2016":0.183,"opportunity_access_delta_2016":-0.008,"fairness_context_delta_2016":0.0,"deprivation_weighted_opportunity_delta_2016":-0.006,"development_pressure_delta_previous":-0.01,"planning_intensity_delta_previous":-0.005,"green_cover_delta_previous":-0.011,"mobility_access_delta_previous":0.0,"bike_activity_delta_previous":0.0,"air_quality_delta_previous":0.347,"opportunity_access_delta_previous":-0.001,"fairness_context_delta_previous":0.0,"deprivation_weighted_opportunity_delta_previous":-0.001,"dominant_change":"improved","confidence":"low","evidence":["OpenStreetMap building export clipped to Belfast NI core","250m-style grid proxy generated from local spatial anchors","NI Air annual trend proxy included","Opportunity and exposure scores are normalized directional indicators"]},"geometry":{"type":"Polygon","coordinates":[[[-5.8133333333333335,54.550000000000004],[-5.796666666666667,54.550000000000004],[-5.796666666666667,54.565000000000005],[-5.8133333333333335,54.565000000000005],[-5.8133333333333335,54.550000000000004]]]}},{"type":"Feature","id":"belfast_02_17_2023","properties":{"cell_id":"belfast_02_17","year":2023,"row":2,"col":17,"development_pressure":0.149,"planning_intensity":0.085,"green_cover":0.294,"mobility_access":0.2,"bike_activity":0.05,"air_quality":0.821,"opportunity_access":0.325,"fairness_context":0.0,"deprivation_weighted_opportunity":0.241,"development_pressure_delta_2016":0.045,"planning_intensity_delta_2016":0.023,"green_cover_delta_2016":-0.002,"mobility_access_delta_2016":0.0,"bike_activity_delta_2016":0.0,"air_quality_delta_2016":0.189,"opportunity_access_delta_2016":-0.004,"fairness_context_delta_2016":0.0,"deprivation_weighted_opportunity_delta_2016":-0.002,"development_pressure_delta_previous":-0.023,"planning_intensity_delta_previous":-0.011,"green_cover_delta_previous":0.02,"mobility_access_delta_previous":0.0,"bike_activity_delta_previous":0.0,"air_quality_delta_previous":0.356,"opportunity_access_delta_previous":0.005,"fairness_context_delta_previous":0.0,"deprivation_weighted_opportunity_delta_previous":0.004,"dominant_change":"improved","confidence":"low","evidence":["OpenStreetMap building export clipped to Belfast NI core","250m-style grid proxy generated from local spatial anchors","NI Air annual trend proxy included","Opportunity and exposure scores are normalized directional indicators"]},"geometry":{"type":"Polygon","coordinates":[[[-5.796666666666667,54.550000000000004],[-5.78,54.550000000000004],[-5.78,54.565000000000005],[-5.796666666666667,54.565000000000005],[-5.796666666666667,54.550000000000004]]]}},{"type":"Feature","id":"belfast_03_00_2023","properties":{"cell_id":"belfast_03_00","year":2023,"row":3,"col":0,"development_pressure":0.127,"planning_intensity":0.074,"green_cover":0.342,"mobility_access":0.2,"bike_activity":0.05,"air_quality":0.834,"opportunity_access":0.335,"fairness_context":0.0,"deprivation_weighted_opportunity":0.248,"development_pressure_delta_2016":-0.048,"planning_intensity_delta_2016":-0.023,"green_cover_delta_2016":0.011,"mobility_access_delta_2016":0.0,"bike_activity_delta_2016":0.0,"air_quality_delta_2016":0.206,"opportunity_access_delta_2016":0.005,"fairness_context_delta_2016":0.0,"deprivation_weighted_opportunity_delta_2016":0.004,"development_pressure_delta_previous":0.021,"planning_intensity_delta_previous":0.011,"green_cover_delta_previous":0.013,"mobility_access_delta_previous":0.0,"bike_activity_delta_previous":0.0,"air_quality_delta_previous":0.347,"opportunity_access_delta_previous":0.0,"fairness_context_delta_previous":0.0,"deprivation_weighted_opportunity_delta_previous":0.0,"dominant_change":"improved","confidence":"low","evidence":["OpenStreetMap building export clipped to Belfast NI core","250m-style grid proxy generated from local spatial anchors","NI Air annual trend proxy included","Opportunity and exposure scores are normalized directional indicators"]},"geometry":{"type":"Polygon","coordinates":[[[-6.08,54.565000000000005],[-6.0633333333333335,54.565000000000005],[-6.0633333333333335,54.580000000000005],[-6.08,54.580000000000005],[-6.08,54.565000000000005]]]}},{"type":"Feature","id":"belfast_03_01_2023","properties":{"cell_id":"belfast_03_01","year":2023,"row":3,"col":1,"development_pressure":0.152,"planning_intensity":0.086,"green_cover":0.328,"mobility_access":0.2,"bike_activity":0.05,"air_quality":0.827,"opportunity_access":0.331,"fairness_context":0.0,"deprivation_weighted_opportunity":0.245,"development_pressure_delta_2016":-0.028,"planning_intensity_delta_2016":-0.014,"green_cover_delta_2016":-0.013,"mobility_access_delta_2016":0.0,"bike_activity_delta_2016":0.0,"air_quality_delta_2016":0.198,"opportunity_access_delta_2016":0.0,"fairness_context_delta_2016":0.0,"deprivation_weighted_opportunity_delta_2016":0.0,"development_pressure_delta_previous":0.028,"planning_intensity_delta_previous":0.014,"green_cover_delta_previous":-0.016,"mobility_access_delta_previous":0.0,"bike_activity_delta_previous":0.0,"air_quality_delta_previous":0.341,"opportunity_access_delta_previous":-0.005,"fairness_context_delta_previous":0.0,"deprivation_weighted_opportunity_delta_previous":-0.004,"dominant_change":"improved","confidence":"low","evidence":["OpenStreetMap building export clipped to Belfast NI core","250m-style grid proxy generated from local spatial anchors","NI Air annual trend proxy included","Opportunity and exposure scores are normalized directional indicators"]},"geometry":{"type":"Polygon","coordinates":[[[-6.0633333333333335,54.565000000000005],[-6.046666666666667,54.565000000000005],[-6.046666666666667,54.580000000000005],[-6.0633333333333335,54.580000000000005],[-6.0633333333333335,54.565000000000005]]]}},{"type":"Feature","id":"belfast_03_02_2023","properties":{"cell_id":"belfast_03_02","year":2023,"row":3,"col":2,"development_pressure":0.172,"planning_intensity":0.096,"green_cover":0.296,"mobility_access":0.2,"bike_activity":0.05,"air_quality":0.817,"opportunity_access":0.323,"fairness_context":0.077,"deprivation_weighted_opportunity":0.246,"development_pressure_delta_2016":0.003,"planning_intensity_delta_2016":0.001,"green_cover_delta_2016":-0.031,"mobility_access_delta_2016":0.0,"bike_activity_delta_2016":0.0,"air_quality_delta_2016":0.189,"opportunity_access_delta_2016":-0.006,"fairness_context_delta_2016":0.0,"deprivation_weighted_opportunity_delta_2016":-0.004,"development_pressure_delta_previous":0.023,"planning_intensity_delta_previous":0.011,"green_cover_delta_previous":-0.034,"mobility_access_delta_previous":0.0,"bike_activity_delta_previous":0.0,"air_quality_delta_previous":0.337,"opportunity_access_delta_previous":-0.008,"fairness_context_delta_previous":0.0,"deprivation_weighted_opportunity_delta_previous":-0.006,"dominant_change":"improved","confidence":"low","evidence":["OpenStreetMap building export clipped to Belfast NI core","250m-style grid proxy generated from local spatial anchors","NI Air annual trend proxy included","Opportunity and exposure scores are normalized directional indicators"]},"geometry":{"type":"Polygon","coordinates":[[[-6.046666666666667,54.565000000000005],[-6.03,54.565000000000005],[-6.03,54.580000000000005],[-6.046666666666667,54.580000000000005],[-6.046666666666667,54.565000000000005]]]}},{"type":"Feature","id":"belfast_03_03_2023","properties":{"cell_id":"belfast_03_03","year":2023,"row":3,"col":3,"development_pressure":0.18,"planning_intensity":0.1,"green_cover":0.273,"mobility_access":0.2,"bike_activity":0.05,"air_quality":0.811,"opportunity_access":0.319,"fairness_context":0.298,"deprivation_weighted_opportunity":0.261,"development_pressure_delta_2016":0.032,"planning_intensity_delta_2016":0.016,"green_cover_delta_2016":-0.028,"mobility_access_delta_2016":0.0,"bike_activity_delta_2016":0.0,"air_quality_delta_2016":0.185,"opportunity_access_delta_2016":-0.007,"fairness_context_delta_2016":0.0,"deprivation_weighted_opportunity_delta_2016":-0.006,"development_pressure_delta_previous":0.01,"planning_intensity_delta_previous":0.005,"green_cover_delta_previous":-0.024,"mobility_access_delta_previous":0.0,"bike_activity_delta_previous":0.0,"air_quality_delta_previous":0.341,"opportunity_access_delta_previous":-0.005,"fairness_context_delta_previous":0.0,"deprivation_weighted_opportunity_delta_previous":-0.004,"dominant_change":"improved","confidence":"low","evidence":["OpenStreetMap building export clipped to Belfast NI core","250m-style grid proxy generated from local spatial anchors","NI Air annual trend proxy included","Opportunity and exposure scores are normalized directional indicators"]},"geometry":{"type":"Polygon","coordinates":[[[-6.03,54.565000000000005],[-6.013333333333334,54.565000000000005],[-6.013333333333334,54.580000000000005],[-6.03,54.580000000000005],[-6.03,54.565000000000005]]]}},{"type":"Feature","id":"belfast_03_04_2023","properties":{"cell_id":"belfast_03_04","year":2023,"row":3,"col":4,"development_pressure":0.187,"planning_intensity":0.109,"green_cover":0.28,"mobility_access":0.202,"bike_activity":0.052,"air_quality":0.811,"opportunity_access":0.322,"fairness_context":0.509,"deprivation_weighted_opportunity":0.281,"development_pressure_delta_2016":0.054,"planning_intensity_delta_2016":0.03,"green_cover_delta_2016":-0.013,"mobility_access_delta_2016":0.0,"bike_activity_delta_2016":0.001,"air_quality_delta_2016":0.184,"opportunity_access_delta_2016":-0.006,"fairness_context_delta_2016":0.0,"deprivation_weighted_opportunity_delta_2016":-0.005,"development_pressure_delta_previous":-0.007,"planning_intensity_delta_previous":-0.003,"green_cover_delta_previous":0.005,"mobility_access_delta_previous":0.0,"bike_activity_delta_previous":0.0,"air_quality_delta_previous":0.35,"opportunity_access_delta_previous":0.002,"fairness_context_delta_previous":0.0,"deprivation_weighted_opportunity_delta_previous":0.001,"dominant_change":"improved","confidence":"low","evidence":["OpenStreetMap building export clipped to Belfast NI core","250m-style grid proxy generated from local spatial anchors","NI Air annual trend proxy included","Opportunity and exposure scores are normalized directional indicators"]},"geometry":{"type":"Polygon","coordinates":[[[-6.013333333333334,54.565000000000005],[-5.996666666666667,54.565000000000005],[-5.996666666666667,54.580000000000005],[-6.013333333333334,54.580000000000005],[-6.013333333333334,54.565000000000005]]]}},{"type":"Feature","id":"belfast_03_05_2023","properties":{"cell_id":"belfast_03_05","year":2023,"row":3,"col":5,"development_pressure":0.272,"planning_intensity":0.178,"green_cover":0.388,"mobility_access":0.382,"bike_activity":0.21,"air_quality":0.811,"opportunity_access":0.442,"fairness_context":0.686,"deprivation_weighted_opportunity":0.406,"development_pressure_delta_2016":0.083,"planning_intensity_delta_2016":0.066,"green_cover_delta_2016":-0.008,"mobility_access_delta_2016":0.055,"bike_activity_delta_2016":0.098,"air_quality_delta_2016":0.181,"opportunity_access_delta_2016":0.014,"fairness_context_delta_2016":0.0,"deprivation_weighted_opportunity_delta_2016":0.013,"development_pressure_delta_previous":-0.017,"planning_intensity_delta_previous":-0.004,"green_cover_delta_previous":0.027,"mobility_access_delta_previous":0.008,"bike_activity_delta_previous":0.0,"air_quality_delta_previous":0.356,"opportunity_access_delta_previous":0.009,"fairness_context_delta_previous":0.0,"deprivation_weighted_opportunity_delta_previous":0.008,"dominant_change":"improved","confidence":"low","evidence":["OpenStreetMap building export clipped to Belfast NI core","250m-style grid proxy generated from local spatial anchors","NI Air annual trend proxy included","Opportunity and exposure scores are normalized directional indicators"]},"geometry":{"type":"Polygon","coordinates":[[[-5.996666666666667,54.565000000000005],[-5.98,54.565000000000005],[-5.98,54.580000000000005],[-5.996666666666667,54.580000000000005],[-5.996666666666667,54.565000000000005]]]}},{"type":"Feature","id":"belfast_03_06_2023","properties":{"cell_id":"belfast_03_06","year":2023,"row":3,"col":6,"development_pressure":0.346,"planning_intensity":0.24,"green_cover":0.472,"mobility_access":0.547,"bike_activity":0.341,"air_quality":0.809,"opportunity_access":0.55,"fairness_context":0.743,"deprivation_weighted_opportunity":0.513,"development_pressure_delta_2016":0.091,"planning_intensity_delta_2016":0.091,"green_cover_delta_2016":-0.018,"mobility_access_delta_2016":0.1,"bike_activity_delta_2016":0.177,"air_quality_delta_2016":0.178,"opportunity_access_delta_2016":0.031,"fairness_context_delta_2016":0.0,"deprivation_weighted_opportunity_delta_2016":0.029,"development_pressure_delta_previous":-0.019,"planning_intensity_delta_previous":-0.003,"green_cover_delta_previous":0.025,"mobility_access_delta_previous":0.015,"bike_activity_delta_previous":0.0,"air_quality_delta_previous":0.356,"opportunity_access_delta_previous":0.012,"fairness_context_delta_previous":0.0,"deprivation_weighted_opportunity_delta_previous":0.011,"dominant_change":"improved","confidence":"low","evidence":["OpenStreetMap building export clipped to Belfast NI core","250m-style grid proxy generated from local spatial anchors","NI Air annual trend proxy included","Opportunity and exposure scores are normalized directional indicators"]},"geometry":{"type":"Polygon","coordinates":[[[-5.98,54.565000000000005],[-5.963333333333334,54.565000000000005],[-5.963333333333334,54.580000000000005],[-5.98,54.580000000000005],[-5.98,54.565000000000005]]]}},{"type":"Feature","id":"belfast_03_07_2023","properties":{"cell_id":"belfast_03_07","year":2023,"row":3,"col":7,"development_pressure":0.412,"planning_intensity":0.296,"green_cover":0.558,"mobility_access":0.623,"bike_activity":0.397,"air_quality":0.81,"opportunity_access":0.616,"fairness_context":0.623,"deprivation_weighted_opportunity":0.555,"development_pressure_delta_2016":0.087,"planning_intensity_delta_2016":0.106,"green_cover_delta_2016":-0.04,"mobility_access_delta_2016":0.116,"bike_activity_delta_2016":0.206,"air_quality_delta_2016":0.174,"opportunity_access_delta_2016":0.035,"fairness_context_delta_2016":0.0,"deprivation_weighted_opportunity_delta_2016":0.031,"development_pressure_delta_previous":-0.01,"planning_intensity_delta_previous":0.004,"green_cover_delta_previous":-0.002,"mobility_access_delta_previous":0.017,"bike_activity_delta_previous":0.0,"air_quality_delta_previous":0.35,"opportunity_access_delta_previous":0.008,"fairness_context_delta_previous":0.0,"deprivation_weighted_opportunity_delta_previous":0.006,"dominant_change":"improved","confidence":"medium","evidence":["OpenStreetMap building export clipped to Belfast NI core","250m-style grid proxy generated from local spatial anchors","NI Air annual trend proxy included","Opportunity and exposure scores are normalized directional indicators"]},"geometry":{"type":"Polygon","coordinates":[[[-5.963333333333334,54.565000000000005],[-5.946666666666667,54.565000000000005],[-5.946666666666667,54.580000000000005],[-5.963333333333334,54.580000000000005],[-5.963333333333334,54.565000000000005]]]}},{"type":"Feature","id":"belfast_03_08_2023","properties":{"cell_id":"belfast_03_08","year":2023,"row":3,"col":8,"development_pressure":0.453,"planning_intensity":0.338,"green_cover":0.577,"mobility_access":0.603,"bike_activity":0.39,"air_quality":0.803,"opportunity_access":0.621,"fairness_context":0.427,"deprivation_weighted_opportunity":0.529,"development_pressure_delta_2016":0.072,"planning_intensity_delta_2016":0.109,"green_cover_delta_2016":-0.056,"mobility_access_delta_2016":0.11,"bike_activity_delta_2016":0.196,"air_quality_delta_2016":0.173,"opportunity_access_delta_2016":0.03,"fairness_context_delta_2016":0.0,"deprivation_weighted_opportunity_delta_2016":0.026,"development_pressure_delta_previous":0.005,"planning_intensity_delta_previous":0.013,"green_cover_delta_previous":-0.029,"mobility_access_delta_previous":0.016,"bike_activity_delta_previous":0.0,"air_quality_delta_previous":0.341,"opportunity_access_delta_previous":0.001,"fairness_context_delta_previous":0.0,"deprivation_weighted_opportunity_delta_previous":0.001,"dominant_change":"improved","confidence":"medium","evidence":["OpenStreetMap building export clipped to Belfast NI core","250m-style grid proxy generated from local spatial anchors","NI Air annual trend proxy included","Opportunity and exposure scores are normalized directional indicators"]},"geometry":{"type":"Polygon","coordinates":[[[-5.946666666666667,54.565000000000005],[-5.930000000000001,54.565000000000005],[-5.930000000000001,54.580000000000005],[-5.946666666666667,54.580000000000005],[-5.946666666666667,54.565000000000005]]]}},{"type":"Feature","id":"belfast_03_09_2023","properties":{"cell_id":"belfast_03_09","year":2023,"row":3,"col":9,"development_pressure":0.462,"planning_intensity":0.376,"green_cover":0.519,"mobility_access":0.542,"bike_activity":0.341,"air_quality":0.791,"opportunity_access":0.584,"fairness_context":0.211,"deprivation_weighted_opportunity":0.464,"development_pressure_delta_2016":0.055,"planning_intensity_delta_2016":0.101,"green_cover_delta_2016":-0.052,"mobility_access_delta_2016":0.09,"bike_activity_delta_2016":0.161,"air_quality_delta_2016":0.177,"opportunity_access_delta_2016":0.024,"fairness_context_delta_2016":0.0,"deprivation_weighted_opportunity_delta_2016":0.019,"development_pressure_delta_previous":0.023,"planning_intensity_delta_previous":0.022,"green_cover_delta_previous":-0.035,"mobility_access_delta_previous":0.013,"bike_activity_delta_previous":0.0,"air_quality_delta_previous":0.338,"opportunity_access_delta_previous":-0.003,"fairness_context_delta_previous":0.0,"deprivation_weighted_opportunity_delta_previous":-0.002,"dominant_change":"improved","confidence":"low","evidence":["OpenStreetMap building export clipped to Belfast NI core","250m-style grid proxy generated from local spatial anchors","NI Air annual trend proxy included","Opportunity and exposure scores are normalized directional indicators"]},"geometry":{"type":"Polygon","coordinates":[[[-5.93,54.565000000000005],[-5.913333333333333,54.565000000000005],[-5.913333333333333,54.580000000000005],[-5.93,54.580000000000005],[-5.93,54.565000000000005]]]}},{"type":"Feature","id":"belfast_03_10_2023","properties":{"cell_id":"belfast_03_10","year":2023,"row":3,"col":10,"development_pressure":0.467,"planning_intensity":0.376,"green_cover":0.405,"mobility_access":0.435,"bike_activity":0.219,"air_quality":0.77,"opportunity_access":0.505,"fairness_context":0.0,"deprivation_weighted_opportunity":0.373,"development_pressure_delta_2016":0.056,"planning_intensity_delta_2016":0.099,"green_cover_delta_2016":-0.034,"mobility_access_delta_2016":0.046,"bike_activity_delta_2016":0.082,"air_quality_delta_2016":0.18,"opportunity_access_delta_2016":0.009,"fairness_context_delta_2016":0.0,"deprivation_weighted_opportunity_delta_2016":0.006,"development_pressure_delta_previous":0.037,"planning_intensity_delta_previous":0.028,"green_cover_delta_previous":-0.014,"mobility_access_delta_previous":0.007,"bike_activity_delta_previous":0.0,"air_quality_delta_previous":0.339,"opportunity_access_delta_previous":-0.002,"fairness_context_delta_previous":0.0,"deprivation_weighted_opportunity_delta_previous":-0.002,"dominant_change":"improved","confidence":"low","evidence":["OpenStreetMap building export clipped to Belfast NI core","250m-style grid proxy generated from local spatial anchors","NI Air annual trend proxy included","Opportunity and exposure scores are normalized directional indicators"]},"geometry":{"type":"Polygon","coordinates":[[[-5.913333333333333,54.565000000000005],[-5.8966666666666665,54.565000000000005],[-5.8966666666666665,54.580000000000005],[-5.913333333333333,54.580000000000005],[-5.913333333333333,54.565000000000005]]]}},{"type":"Feature","id":"belfast_03_11_2023","properties":{"cell_id":"belfast_03_11","year":2023,"row":3,"col":11,"development_pressure":0.419,"planning_intensity":0.298,"green_cover":0.409,"mobility_access":0.366,"bike_activity":0.192,"air_quality":0.785,"opportunity_access":0.456,"fairness_context":0.0,"deprivation_weighted_opportunity":0.338,"development_pressure_delta_2016":0.055,"planning_intensity_delta_2016":0.084,"green_cover_delta_2016":-0.015,"mobility_access_delta_2016":0.042,"bike_activity_delta_2016":0.073,"air_quality_delta_2016":0.185,"opportunity_access_delta_2016":0.01,"fairness_context_delta_2016":0.0,"deprivation_weighted_opportunity_delta_2016":0.008,"development_pressure_delta_previous":0.039,"planning_intensity_delta_previous":0.028,"green_cover_delta_previous":0.01,"mobility_access_delta_previous":0.006,"bike_activity_delta_previous":0.0,"air_quality_delta_previous":0.344,"opportunity_access_delta_previous":0.001,"fairness_context_delta_previous":0.0,"deprivation_weighted_opportunity_delta_previous":0.001,"dominant_change":"improved","confidence":"low","evidence":["OpenStreetMap building export clipped to Belfast NI core","250m-style grid proxy generated from local spatial anchors","NI Air annual trend proxy included","Opportunity and exposure scores are normalized directional indicators"]},"geometry":{"type":"Polygon","coordinates":[[[-5.8966666666666665,54.565000000000005],[-5.88,54.565000000000005],[-5.88,54.580000000000005],[-5.8966666666666665,54.580000000000005],[-5.8966666666666665,54.565000000000005]]]}},{"type":"Feature","id":"belfast_03_12_2023","properties":{"cell_id":"belfast_03_12","year":2023,"row":3,"col":12,"development_pressure":0.331,"planning_intensity":0.225,"green_cover":0.411,"mobility_access":0.251,"bike_activity":0.108,"air_quality":0.807,"opportunity_access":0.386,"fairness_context":0.0,"deprivation_weighted_opportunity":0.286,"development_pressure_delta_2016":0.053,"planning_intensity_delta_2016":0.062,"green_cover_delta_2016":-0.009,"mobility_access_delta_2016":0.015,"bike_activity_delta_2016":0.026,"air_quality_delta_2016":0.186,"opportunity_access_delta_2016":0.0,"fairness_context_delta_2016":0.0,"deprivation_weighted_opportunity_delta_2016":0.0,"development_pressure_delta_previous":0.03,"planning_intensity_delta_previous":0.02,"green_cover_delta_previous":0.018,"mobility_access_delta_previous":0.002,"bike_activity_delta_previous":0.0,"air_quality_delta_previous":0.347,"opportunity_access_delta_previous":0.001,"fairness_context_delta_previous":0.0,"deprivation_weighted_opportunity_delta_previous":0.001,"dominant_change":"improved","confidence":"low","evidence":["OpenStreetMap building export clipped to Belfast NI core","250m-style grid proxy generated from local spatial anchors","NI Air annual trend proxy included","Opportunity and exposure scores are normalized directional indicators"]},"geometry":{"type":"Polygon","coordinates":[[[-5.88,54.565000000000005],[-5.863333333333333,54.565000000000005],[-5.863333333333333,54.580000000000005],[-5.88,54.580000000000005],[-5.88,54.565000000000005]]]}},{"type":"Feature","id":"belfast_03_13_2023","properties":{"cell_id":"belfast_03_13","year":2023,"row":3,"col":13,"development_pressure":0.212,"planning_intensity":0.129,"green_cover":0.364,"mobility_access":0.201,"bike_activity":0.051,"air_quality":0.824,"opportunity_access":0.334,"fairness_context":0.0,"deprivation_weighted_opportunity":0.247,"development_pressure_delta_2016":0.045,"planning_intensity_delta_2016":0.03,"green_cover_delta_2016":-0.016,"mobility_access_delta_2016":0.0,"bike_activity_delta_2016":0.0,"air_quality_delta_2016":0.185,"opportunity_access_delta_2016":-0.007,"fairness_context_delta_2016":0.0,"deprivation_weighted_opportunity_delta_2016":-0.005,"development_pressure_delta_previous":0.011,"planning_intensity_delta_previous":0.006,"green_cover_delta_previous":0.004,"mobility_access_delta_previous":0.0,"bike_activity_delta_previous":0.0,"air_quality_delta_previous":0.347,"opportunity_access_delta_previous":0.0,"fairness_context_delta_previous":0.0,"deprivation_weighted_opportunity_delta_previous":0.0,"dominant_change":"improved","confidence":"low","evidence":["OpenStreetMap building export clipped to Belfast NI core","250m-style grid proxy generated from local spatial anchors","NI Air annual trend proxy included","Opportunity and exposure scores are normalized directional indicators"]},"geometry":{"type":"Polygon","coordinates":[[[-5.863333333333333,54.565000000000005],[-5.846666666666667,54.565000000000005],[-5.846666666666667,54.580000000000005],[-5.863333333333333,54.580000000000005],[-5.863333333333333,54.565000000000005]]]}},{"type":"Feature","id":"belfast_03_14_2023","properties":{"cell_id":"belfast_03_14","year":2023,"row":3,"col":14,"development_pressure":0.172,"planning_intensity":0.096,"green_cover":0.312,"mobility_access":0.2,"bike_activity":0.05,"air_quality":0.821,"opportunity_access":0.326,"fairness_context":0.0,"deprivation_weighted_opportunity":0.242,"development_pressure_delta_2016":0.049,"planning_intensity_delta_2016":0.025,"green_cover_delta_2016":-0.034,"mobility_access_delta_2016":0.0,"bike_activity_delta_2016":0.0,"air_quality_delta_2016":0.182,"opportunity_access_delta_2016":-0.011,"fairness_context_delta_2016":0.0,"deprivation_weighted_opportunity_delta_2016":-0.007,"development_pressure_delta_previous":-0.008,"planning_intensity_delta_previous":-0.004,"green_cover_delta_previous":-0.02,"mobility_access_delta_previous":0.0,"bike_activity_delta_previous":0.0,"air_quality_delta_previous":0.346,"opportunity_access_delta_previous":-0.003,"fairness_context_delta_previous":0.0,"deprivation_weighted_opportunity_delta_previous":-0.002,"dominant_change":"improved","confidence":"low","evidence":["OpenStreetMap building export clipped to Belfast NI core","250m-style grid proxy generated from local spatial anchors","NI Air annual trend proxy included","Opportunity and exposure scores are normalized directional indicators"]},"geometry":{"type":"Polygon","coordinates":[[[-5.846666666666667,54.565000000000005],[-5.83,54.565000000000005],[-5.83,54.580000000000005],[-5.846666666666667,54.580000000000005],[-5.846666666666667,54.565000000000005]]]}},{"type":"Feature","id":"belfast_03_15_2023","properties":{"cell_id":"belfast_03_15","year":2023,"row":3,"col":15,"development_pressure":0.152,"planning_intensity":0.086,"green_cover":0.288,"mobility_access":0.2,"bike_activity":0.05,"air_quality":0.819,"opportunity_access":0.324,"fairness_context":0.0,"deprivation_weighted_opportunity":0.24,"development_pressure_delta_2016":0.047,"planning_intensity_delta_2016":0.024,"green_cover_delta_2016":-0.036,"mobility_access_delta_2016":0.0,"bike_activity_delta_2016":0.0,"air_quality_delta_2016":0.181,"opportunity_access_delta_2016":-0.01,"fairness_context_delta_2016":0.0,"deprivation_weighted_opportunity_delta_2016":-0.007,"development_pressure_delta_previous":-0.022,"planning_intensity_delta_previous":-0.011,"green_cover_delta_previous":-0.025,"mobility_access_delta_previous":0.0,"bike_activity_delta_previous":0.0,"air_quality_delta_previous":0.347,"opportunity_access_delta_previous":-0.003,"fairness_context_delta_previous":0.0,"deprivation_weighted_opportunity_delta_previous":-0.002,"dominant_change":"improved","confidence":"low","evidence":["OpenStreetMap building export clipped to Belfast NI core","250m-style grid proxy generated from local spatial anchors","NI Air annual trend proxy included","Opportunity and exposure scores are normalized directional indicators"]},"geometry":{"type":"Polygon","coordinates":[[[-5.83,54.565000000000005],[-5.8133333333333335,54.565000000000005],[-5.8133333333333335,54.580000000000005],[-5.83,54.580000000000005],[-5.83,54.565000000000005]]]}},{"type":"Feature","id":"belfast_03_16_2023","properties":{"cell_id":"belfast_03_16","year":2023,"row":3,"col":16,"development_pressure":0.127,"planning_intensity":0.074,"green_cover":0.283,"mobility_access":0.2,"bike_activity":0.05,"air_quality":0.822,"opportunity_access":0.325,"fairness_context":0.0,"deprivation_weighted_opportunity":0.24,"development_pressure_delta_2016":0.027,"planning_intensity_delta_2016":0.014,"green_cover_delta_2016":-0.016,"mobility_access_delta_2016":0.0,"bike_activity_delta_2016":0.0,"air_quality_delta_2016":0.189,"opportunity_access_delta_2016":-0.005,"fairness_context_delta_2016":0.0,"deprivation_weighted_opportunity_delta_2016":-0.004,"development_pressure_delta_previous":-0.028,"planning_intensity_delta_previous":-0.013,"green_cover_delta_previous":-0.006,"mobility_access_delta_previous":0.0,"bike_activity_delta_previous":0.0,"air_quality_delta_previous":0.351,"opportunity_access_delta_previous":0.001,"fairness_context_delta_previous":0.0,"deprivation_weighted_opportunity_delta_previous":0.0,"dominant_change":"improved","confidence":"low","evidence":["OpenStreetMap building export clipped to Belfast NI core","250m-style grid proxy generated from local spatial anchors","NI Air annual trend proxy included","Opportunity and exposure scores are normalized directional indicators"]},"geometry":{"type":"Polygon","coordinates":[[[-5.8133333333333335,54.565000000000005],[-5.796666666666667,54.565000000000005],[-5.796666666666667,54.580000000000005],[-5.8133333333333335,54.580000000000005],[-5.8133333333333335,54.565000000000005]]]}},{"type":"Feature","id":"belfast_03_17_2023","properties":{"cell_id":"belfast_03_17","year":2023,"row":3,"col":17,"development_pressure":0.107,"planning_intensity":0.064,"green_cover":0.303,"mobility_access":0.2,"bike_activity":0.05,"air_quality":0.829,"opportunity_access":0.33,"fairness_context":0.0,"deprivation_weighted_opportunity":0.244,"development_pressure_delta_2016":-0.004,"planning_intensity_delta_2016":-0.002,"green_cover_delta_2016":0.009,"mobility_access_delta_2016":0.0,"bike_activity_delta_2016":0.0,"air_quality_delta_2016":0.198,"opportunity_access_delta_2016":0.002,"fairness_context_delta_2016":0.0,"deprivation_weighted_opportunity_delta_2016":0.001,"development_pressure_delta_previous":-0.023,"planning_intensity_delta_previous":-0.011,"green_cover_delta_previous":0.02,"mobility_access_delta_previous":0.0,"bike_activity_delta_previous":0.0,"air_quality_delta_previous":0.356,"opportunity_access_delta_previous":0.005,"fairness_context_delta_previous":0.0,"deprivation_weighted_opportunity_delta_previous":0.004,"dominant_change":"improved","confidence":"low","evidence":["OpenStreetMap building export clipped to Belfast NI core","250m-style grid proxy generated from local spatial anchors","NI Air annual trend proxy included","Opportunity and exposure scores are normalized directional indicators"]},"geometry":{"type":"Polygon","coordinates":[[[-5.796666666666667,54.565000000000005],[-5.78,54.565000000000005],[-5.78,54.580000000000005],[-5.796666666666667,54.580000000000005],[-5.796666666666667,54.565000000000005]]]}},{"type":"Feature","id":"belfast_04_00_2023","properties":{"cell_id":"belfast_04_00","year":2023,"row":4,"col":0,"development_pressure":0.17,"planning_intensity":0.095,"green_cover":0.333,"mobility_access":0.2,"bike_activity":0.05,"air_quality":0.825,"opportunity_access":0.33,"fairness_context":0.0,"deprivation_weighted_opportunity":0.244,"development_pressure_delta_2016":-0.001,"planning_intensity_delta_2016":-0.001,"green_cover_delta_2016":0.002,"mobility_access_delta_2016":0.0,"bike_activity_delta_2016":0.0,"air_quality_delta_2016":0.196,"opportunity_access_delta_2016":0.0,"fairness_context_delta_2016":0.0,"deprivation_weighted_opportunity_delta_2016":0.0,"development_pressure_delta_previous":0.024,"planning_intensity_delta_previous":0.012,"green_cover_delta_previous":0.012,"mobility_access_delta_previous":0.0,"bike_activity_delta_previous":0.0,"air_quality_delta_previous":0.347,"opportunity_access_delta_previous":0.0,"fairness_context_delta_previous":0.0,"deprivation_weighted_opportunity_delta_previous":0.0,"dominant_change":"improved","confidence":"low","evidence":["OpenStreetMap building export clipped to Belfast NI core","250m-style grid proxy generated from local spatial anchors","NI Air annual trend proxy included","Opportunity and exposure scores are normalized directional indicators"]},"geometry":{"type":"Polygon","coordinates":[[[-6.08,54.580000000000005],[-6.0633333333333335,54.580000000000005],[-6.0633333333333335,54.595000000000006],[-6.08,54.595000000000006],[-6.08,54.580000000000005]]]}},{"type":"Feature","id":"belfast_04_01_2023","properties":{"cell_id":"belfast_04_01","year":2023,"row":4,"col":1,"development_pressure":0.18,"planning_intensity":0.1,"green_cover":0.322,"mobility_access":0.2,"bike_activity":0.05,"air_quality":0.821,"opportunity_access":0.328,"fairness_context":0.0,"deprivation_weighted_opportunity":0.242,"development_pressure_delta_2016":0.029,"planning_intensity_delta_2016":0.015,"green_cover_delta_2016":-0.024,"mobility_access_delta_2016":0.0,"bike_activity_delta_2016":0.0,"air_quality_delta_2016":0.186,"opportunity_access_delta_2016":-0.006,"fairness_context_delta_2016":0.0,"deprivation_weighted_opportunity_delta_2016":-0.005,"development_pressure_delta_previous":0.012,"planning_intensity_delta_previous":0.006,"green_cover_delta_previous":-0.012,"mobility_access_delta_previous":0.0,"bike_activity_delta_previous":0.0,"air_quality_delta_previous":0.343,"opportunity_access_delta_previous":-0.003,"fairness_context_delta_previous":0.0,"deprivation_weighted_opportunity_delta_previous":-0.003,"dominant_change":"improved","confidence":"low","evidence":["OpenStreetMap building export clipped to Belfast NI core","250m-style grid proxy generated from local spatial anchors","NI Air annual trend proxy included","Opportunity and exposure scores are normalized directional indicators"]},"geometry":{"type":"Polygon","coordinates":[[[-6.0633333333333335,54.580000000000005],[-6.046666666666667,54.580000000000005],[-6.046666666666667,54.595000000000006],[-6.0633333333333335,54.595000000000006],[-6.0633333333333335,54.580000000000005]]]}},{"type":"Feature","id":"belfast_04_02_2023","properties":{"cell_id":"belfast_04_02","year":2023,"row":4,"col":2,"development_pressure":0.174,"planning_intensity":0.097,"green_cover":0.295,"mobility_access":0.2,"bike_activity":0.05,"air_quality":0.817,"opportunity_access":0.323,"fairness_context":0.105,"deprivation_weighted_opportunity":0.248,"development_pressure_delta_2016":0.048,"planning_intensity_delta_2016":0.024,"green_cover_delta_2016":-0.039,"mobility_access_delta_2016":0.0,"bike_activity_delta_2016":0.0,"air_quality_delta_2016":0.181,"opportunity_access_delta_2016":-0.011,"fairness_context_delta_2016":0.0,"deprivation_weighted_opportunity_delta_2016":-0.008,"development_pressure_delta_previous":-0.006,"planning_intensity_delta_previous":-0.003,"green_cover_delta_previous":-0.028,"mobility_access_delta_previous":0.0,"bike_activity_delta_previous":0.0,"air_quality_delta_previous":0.343,"opportunity_access_delta_previous":-0.005,"fairness_context_delta_previous":0.0,"deprivation_weighted_opportunity_delta_previous":-0.004,"dominant_change":"improved","confidence":"low","evidence":["OpenStreetMap building export clipped to Belfast NI core","250m-style grid proxy generated from local spatial anchors","NI Air annual trend proxy included","Opportunity and exposure scores are normalized directional indicators"]},"geometry":{"type":"Polygon","coordinates":[[[-6.046666666666667,54.580000000000005],[-6.03,54.580000000000005],[-6.03,54.595000000000006],[-6.046666666666667,54.595000000000006],[-6.046666666666667,54.580000000000005]]]}},{"type":"Feature","id":"belfast_04_03_2023","properties":{"cell_id":"belfast_04_03","year":2023,"row":4,"col":3,"development_pressure":0.155,"planning_intensity":0.088,"green_cover":0.342,"mobility_access":0.2,"bike_activity":0.05,"air_quality":0.829,"opportunity_access":0.333,"fairness_context":0.337,"deprivation_weighted_opportunity":0.276,"development_pressure_delta_2016":0.048,"planning_intensity_delta_2016":0.025,"green_cover_delta_2016":-0.03,"mobility_access_delta_2016":0.0,"bike_activity_delta_2016":0.0,"air_quality_delta_2016":0.182,"opportunity_access_delta_2016":-0.009,"fairness_context_delta_2016":0.0,"deprivation_weighted_opportunity_delta_2016":-0.007,"development_pressure_delta_previous":-0.02,"planning_intensity_delta_previous":-0.01,"green_cover_delta_previous":-0.018,"mobility_access_delta_previous":0.0,"bike_activity_delta_previous":0.0,"air_quality_delta_previous":0.347,"opportunity_access_delta_previous":-0.002,"fairness_context_delta_previous":0.0,"deprivation_weighted_opportunity_delta_previous":-0.001,"dominant_change":"improved","confidence":"low","evidence":["OpenStreetMap building export clipped to Belfast NI core","250m-style grid proxy generated from local spatial anchors","NI Air annual trend proxy included","Opportunity and exposure scores are normalized directional indicators"]},"geometry":{"type":"Polygon","coordinates":[[[-6.03,54.580000000000005],[-6.013333333333334,54.580000000000005],[-6.013333333333334,54.595000000000006],[-6.03,54.595000000000006],[-6.03,54.580000000000005]]]}},{"type":"Feature","id":"belfast_04_04_2023","properties":{"cell_id":"belfast_04_04","year":2023,"row":4,"col":4,"development_pressure":0.173,"planning_intensity":0.101,"green_cover":0.436,"mobility_access":0.276,"bike_activity":0.107,"air_quality":0.839,"opportunity_access":0.404,"fairness_context":0.566,"deprivation_weighted_opportunity":0.358,"development_pressure_delta_2016":0.04,"planning_intensity_delta_2016":0.027,"green_cover_delta_2016":-0.009,"mobility_access_delta_2016":0.016,"bike_activity_delta_2016":0.03,"air_quality_delta_2016":0.187,"opportunity_access_delta_2016":0.002,"fairness_context_delta_2016":0.0,"deprivation_weighted_opportunity_delta_2016":0.002,"development_pressure_delta_previous":-0.026,"planning_intensity_delta_previous":-0.012,"green_cover_delta_previous":0.009,"mobility_access_delta_previous":0.002,"bike_activity_delta_previous":0.0,"air_quality_delta_previous":0.354,"opportunity_access_delta_previous":0.005,"fairness_context_delta_previous":0.0,"deprivation_weighted_opportunity_delta_previous":0.004,"dominant_change":"improved","confidence":"low","evidence":["OpenStreetMap building export clipped to Belfast NI core","250m-style grid proxy generated from local spatial anchors","NI Air annual trend proxy included","Opportunity and exposure scores are normalized directional indicators"]},"geometry":{"type":"Polygon","coordinates":[[[-6.013333333333334,54.580000000000005],[-5.996666666666667,54.580000000000005],[-5.996666666666667,54.595000000000006],[-6.013333333333334,54.595000000000006],[-6.013333333333334,54.580000000000005]]]}},{"type":"Feature","id":"belfast_04_05_2023","properties":{"cell_id":"belfast_04_05","year":2023,"row":4,"col":5,"development_pressure":0.264,"planning_intensity":0.172,"green_cover":0.5,"mobility_access":0.512,"bike_activity":0.285,"air_quality":0.828,"opportunity_access":0.544,"fairness_context":0.784,"deprivation_weighted_opportunity":0.514,"development_pressure_delta_2016":0.042,"planning_intensity_delta_2016":0.05,"green_cover_delta_2016":-0.001,"mobility_access_delta_2016":0.078,"bike_activity_delta_2016":0.139,"air_quality_delta_2016":0.189,"opportunity_access_delta_2016":0.029,"fairness_context_delta_2016":0.0,"deprivation_weighted_opportunity_delta_2016":0.028,"development_pressure_delta_previous":-0.018,"planning_intensity_delta_previous":-0.005,"green_cover_delta_previous":0.028,"mobility_access_delta_previous":0.011,"bike_activity_delta_previous":0.0,"air_quality_delta_previous":0.356,"opportunity_access_delta_previous":0.011,"fairness_context_delta_previous":0.0,"deprivation_weighted_opportunity_delta_previous":0.011,"dominant_change":"improved","confidence":"low","evidence":["OpenStreetMap building export clipped to Belfast NI core","250m-style grid proxy generated from local spatial anchors","NI Air annual trend proxy included","Opportunity and exposure scores are normalized directional indicators"]},"geometry":{"type":"Polygon","coordinates":[[[-5.996666666666667,54.580000000000005],[-5.98,54.580000000000005],[-5.98,54.595000000000006],[-5.996666666666667,54.595000000000006],[-5.996666666666667,54.580000000000005]]]}},{"type":"Feature","id":"belfast_04_06_2023","properties":{"cell_id":"belfast_04_06","year":2023,"row":4,"col":6,"development_pressure":0.406,"planning_intensity":0.288,"green_cover":0.601,"mobility_access":0.744,"bike_activity":0.462,"air_quality":0.817,"opportunity_access":0.685,"fairness_context":0.882,"deprivation_weighted_opportunity":0.664,"development_pressure_delta_2016":0.058,"planning_intensity_delta_2016":0.091,"green_cover_delta_2016":-0.016,"mobility_access_delta_2016":0.139,"bike_activity_delta_2016":0.247,"air_quality_delta_2016":0.184,"opportunity_access_delta_2016":0.051,"fairness_context_delta_2016":0.0,"deprivation_weighted_opportunity_delta_2016":0.049,"development_pressure_delta_previous":0.001,"planning_intensity_delta_previous":0.01,"green_cover_delta_previous":0.02,"mobility_access_delta_previous":0.02,"bike_activity_delta_previous":0.0,"air_quality_delta_previous":0.352,"opportunity_access_delta_previous":0.012,"fairness_context_delta_previous":0.0,"deprivation_weighted_opportunity_delta_previous":0.012,"dominant_change":"improved","confidence":"medium","evidence":["OpenStreetMap building export clipped to Belfast NI core","250m-style grid proxy generated from local spatial anchors","NI Air annual trend proxy included","Opportunity and exposure scores are normalized directional indicators"]},"geometry":{"type":"Polygon","coordinates":[[[-5.98,54.580000000000005],[-5.963333333333334,54.580000000000005],[-5.963333333333334,54.595000000000006],[-5.98,54.595000000000006],[-5.98,54.580000000000005]]]}},{"type":"Feature","id":"belfast_04_07_2023","properties":{"cell_id":"belfast_04_07","year":2023,"row":4,"col":7,"development_pressure":0.561,"planning_intensity":0.433,"green_cover":0.672,"mobility_access":0.918,"bike_activity":0.582,"air_quality":0.798,"opportunity_access":0.793,"fairness_context":0.699,"deprivation_weighted_opportunity":0.731,"development_pressure_delta_2016":0.085,"planning_intensity_delta_2016":0.136,"green_cover_delta_2016":-0.049,"mobility_access_delta_2016":0.178,"bike_activity_delta_2016":0.317,"air_quality_delta_2016":0.173,"opportunity_access_delta_2016":0.06,"fairness_context_delta_2016":0.0,"deprivation_weighted_opportunity_delta_2016":0.055,"development_pressure_delta_previous":0.025,"planning_intensity_delta_previous":0.026,"green_cover_delta_previous":-0.011,"mobility_access_delta_previous":0.025,"bike_activity_delta_previous":0.0,"air_quality_delta_previous":0.342,"opportunity_access_delta_previous":0.007,"fairness_context_delta_previous":0.0,"deprivation_weighted_opportunity_delta_previous":0.007,"dominant_change":"improved","confidence":"medium","evidence":["OpenStreetMap building export clipped to Belfast NI core","250m-style grid proxy generated from local spatial anchors","NI Air annual trend proxy included","Opportunity and exposure scores are normalized directional indicators"]},"geometry":{"type":"Polygon","coordinates":[[[-5.963333333333334,54.580000000000005],[-5.946666666666667,54.580000000000005],[-5.946666666666667,54.595000000000006],[-5.963333333333334,54.595000000000006],[-5.963333333333334,54.580000000000005]]]}},{"type":"Feature","id":"belfast_04_08_2023","properties":{"cell_id":"belfast_04_08","year":2023,"row":4,"col":8,"development_pressure":0.695,"planning_intensity":0.591,"green_cover":0.649,"mobility_access":0.894,"bike_activity":0.618,"air_quality":0.765,"opportunity_access":0.794,"fairness_context":0.476,"deprivation_weighted_opportunity":0.686,"development_pressure_delta_2016":0.121,"planning_intensity_delta_2016":0.179,"green_cover_delta_2016":-0.077,"mobility_access_delta_2016":0.186,"bike_activity_delta_2016":0.331,"air_quality_delta_2016":0.161,"opportunity_access_delta_2016":0.055,"fairness_context_delta_2016":0.0,"deprivation_weighted_opportunity_delta_2016":0.048,"development_pressure_delta_previous":0.045,"planning_intensity_delta_previous":0.039,"green_cover_delta_previous":-0.039,"mobility_access_delta_previous":0.026,"bike_activity_delta_previous":0.0,"air_quality_delta_previous":0.333,"opportunity_access_delta_previous":0.001,"fairness_context_delta_previous":0.0,"deprivation_weighted_opportunity_delta_previous":0.001,"dominant_change":"improved","confidence":"medium","evidence":["OpenStreetMap building export clipped to Belfast NI core","250m-style grid proxy generated from local spatial anchors","NI Air annual trend proxy included","Opportunity and exposure scores are normalized directional indicators"]},"geometry":{"type":"Polygon","coordinates":[[[-5.946666666666667,54.580000000000005],[-5.930000000000001,54.580000000000005],[-5.930000000000001,54.595000000000006],[-5.946666666666667,54.595000000000006],[-5.946666666666667,54.580000000000005]]]}},{"type":"Feature","id":"belfast_04_09_2023","properties":{"cell_id":"belfast_04_09","year":2023,"row":4,"col":9,"development_pressure":0.732,"planning_intensity":0.628,"green_cover":0.543,"mobility_access":0.806,"bike_activity":0.486,"air_quality":0.738,"opportunity_access":0.735,"fairness_context":0.338,"deprivation_weighted_opportunity":0.608,"development_pressure_delta_2016":0.144,"planning_intensity_delta_2016":0.194,"green_cover_delta_2016":-0.081,"mobility_access_delta_2016":0.134,"bike_activity_delta_2016":0.239,"air_quality_delta_2016":0.157,"opportunity_access_delta_2016":0.031,"fairness_context_delta_2016":0.0,"deprivation_weighted_opportunity_delta_2016":0.025,"development_pressure_delta_previous":0.053,"planning_intensity_delta_previous":0.043,"green_cover_delta_previous":-0.042,"mobility_access_delta_previous":0.019,"bike_activity_delta_previous":0.0,"air_quality_delta_previous":0.331,"opportunity_access_delta_previous":-0.003,"fairness_context_delta_previous":0.0,"deprivation_weighted_opportunity_delta_previous":-0.003,"dominant_change":"improved","confidence":"medium","evidence":["OpenStreetMap building export clipped to Belfast NI core","250m-style grid proxy generated from local spatial anchors","NI Air annual trend proxy included","Opportunity and exposure scores are normalized directional indicators"]},"geometry":{"type":"Polygon","coordinates":[[[-5.93,54.580000000000005],[-5.913333333333333,54.580000000000005],[-5.913333333333333,54.595000000000006],[-5.93,54.595000000000006],[-5.93,54.580000000000005]]]}},{"type":"Feature","id":"belfast_04_10_2023","properties":{"cell_id":"belfast_04_10","year":2023,"row":4,"col":10,"development_pressure":0.719,"planning_intensity":0.569,"green_cover":0.525,"mobility_access":0.769,"bike_activity":0.477,"air_quality":0.743,"opportunity_access":0.69,"fairness_context":0.216,"deprivation_weighted_opportunity":0.55,"development_pressure_delta_2016":0.168,"planning_intensity_delta_2016":0.202,"green_cover_delta_2016":-0.067,"mobility_access_delta_2016":0.137,"bike_activity_delta_2016":0.244,"air_quality_delta_2016":0.156,"opportunity_access_delta_2016":0.032,"fairness_context_delta_2016":0.0,"deprivation_weighted_opportunity_delta_2016":0.026,"development_pressure_delta_previous":0.048,"planning_intensity_delta_previous":0.041,"green_cover_delta_previous":-0.019,"mobility_access_delta_previous":0.02,"bike_activity_delta_previous":0.0,"air_quality_delta_previous":0.337,"opportunity_access_delta_previous":0.001,"fairness_context_delta_previous":0.0,"deprivation_weighted_opportunity_delta_previous":0.001,"dominant_change":"improved","confidence":"medium","evidence":["OpenStreetMap building export clipped to Belfast NI core","250m-style grid proxy generated from local spatial anchors","NI Air annual trend proxy included","Opportunity and exposure scores are normalized directional indicators"]},"geometry":{"type":"Polygon","coordinates":[[[-5.913333333333333,54.580000000000005],[-5.8966666666666665,54.580000000000005],[-5.8966666666666665,54.595000000000006],[-5.913333333333333,54.595000000000006],[-5.913333333333333,54.580000000000005]]]}},{"type":"Feature","id":"belfast_04_11_2023","properties":{"cell_id":"belfast_04_11","year":2023,"row":4,"col":11,"development_pressure":0.597,"planning_intensity":0.433,"green_cover":0.56,"mobility_access":0.651,"bike_activity":0.435,"air_quality":0.778,"opportunity_access":0.623,"fairness_context":0.202,"deprivation_weighted_opportunity":0.494,"development_pressure_delta_2016":0.159,"planning_intensity_delta_2016":0.169,"green_cover_delta_2016":-0.041,"mobility_access_delta_2016":0.129,"bike_activity_delta_2016":0.229,"air_quality_delta_2016":0.162,"opportunity_access_delta_2016":0.034,"fairness_context_delta_2016":0.0,"deprivation_weighted_opportunity_delta_2016":0.027,"development_pressure_delta_previous":0.029,"planning_intensity_delta_previous":0.027,"green_cover_delta_previous":0.011,"mobility_access_delta_previous":0.019,"bike_activity_delta_previous":0.0,"air_quality_delta_previous":0.346,"opportunity_access_delta_previous":0.008,"fairness_context_delta_previous":0.0,"deprivation_weighted_opportunity_delta_previous":0.006,"dominant_change":"improved","confidence":"medium","evidence":["OpenStreetMap building export clipped to Belfast NI core","250m-style grid proxy generated from local spatial anchors","NI Air annual trend proxy included","Opportunity and exposure scores are normalized directional indicators"]},"geometry":{"type":"Polygon","coordinates":[[[-5.8966666666666665,54.580000000000005],[-5.88,54.580000000000005],[-5.88,54.595000000000006],[-5.8966666666666665,54.595000000000006],[-5.8966666666666665,54.580000000000005]]]}},{"type":"Feature","id":"belfast_04_12_2023","properties":{"cell_id":"belfast_04_12","year":2023,"row":4,"col":12,"development_pressure":0.466,"planning_intensity":0.335,"green_cover":0.521,"mobility_access":0.462,"bike_activity":0.291,"air_quality":0.8,"opportunity_access":0.51,"fairness_context":0.124,"deprivation_weighted_opportunity":0.394,"development_pressure_delta_2016":0.141,"planning_intensity_delta_2016":0.134,"green_cover_delta_2016":-0.029,"mobility_access_delta_2016":0.081,"bike_activity_delta_2016":0.143,"air_quality_delta_2016":0.167,"opportunity_access_delta_2016":0.017,"fairness_context_delta_2016":0.0,"deprivation_weighted_opportunity_delta_2016":0.013,"development_pressure_delta_previous":0.007,"planning_intensity_delta_previous":0.012,"green_cover_delta_previous":0.022,"mobility_access_delta_previous":0.012,"bike_activity_delta_previous":0.0,"air_quality_delta_previous":0.351,"opportunity_access_delta_previous":0.008,"fairness_context_delta_previous":0.0,"deprivation_weighted_opportunity_delta_previous":0.006,"dominant_change":"improved","confidence":"low","evidence":["OpenStreetMap building export clipped to Belfast NI core","250m-style grid proxy generated from local spatial anchors","NI Air annual trend proxy included","Opportunity and exposure scores are normalized directional indicators"]},"geometry":{"type":"Polygon","coordinates":[[[-5.88,54.580000000000005],[-5.863333333333333,54.580000000000005],[-5.863333333333333,54.595000000000006],[-5.88,54.595000000000006],[-5.88,54.580000000000005]]]}},{"type":"Feature","id":"belfast_04_13_2023","properties":{"cell_id":"belfast_04_13","year":2023,"row":4,"col":13,"development_pressure":0.311,"planning_intensity":0.221,"green_cover":0.442,"mobility_access":0.259,"bike_activity":0.124,"air_quality":0.819,"opportunity_access":0.386,"fairness_context":0.0,"deprivation_weighted_opportunity":0.286,"development_pressure_delta_2016":0.1,"planning_intensity_delta_2016":0.086,"green_cover_delta_2016":-0.031,"mobility_access_delta_2016":0.024,"bike_activity_delta_2016":0.042,"air_quality_delta_2016":0.174,"opportunity_access_delta_2016":-0.004,"fairness_context_delta_2016":0.0,"deprivation_weighted_opportunity_delta_2016":-0.002,"development_pressure_delta_previous":-0.013,"planning_intensity_delta_previous":-0.002,"green_cover_delta_previous":0.007,"mobility_access_delta_previous":0.003,"bike_activity_delta_previous":0.0,"air_quality_delta_previous":0.352,"opportunity_access_delta_previous":0.004,"fairness_context_delta_previous":0.0,"deprivation_weighted_opportunity_delta_previous":0.003,"dominant_change":"improved","confidence":"low","evidence":["OpenStreetMap building export clipped to Belfast NI core","250m-style grid proxy generated from local spatial anchors","NI Air annual trend proxy included","Opportunity and exposure scores are normalized directional indicators"]},"geometry":{"type":"Polygon","coordinates":[[[-5.863333333333333,54.580000000000005],[-5.846666666666667,54.580000000000005],[-5.846666666666667,54.595000000000006],[-5.863333333333333,54.595000000000006],[-5.863333333333333,54.580000000000005]]]}},{"type":"Feature","id":"belfast_04_14_2023","properties":{"cell_id":"belfast_04_14","year":2023,"row":4,"col":14,"development_pressure":0.145,"planning_intensity":0.09,"green_cover":0.335,"mobility_access":0.2,"bike_activity":0.05,"air_quality":0.829,"opportunity_access":0.333,"fairness_context":0.0,"deprivation_weighted_opportunity":0.246,"development_pressure_delta_2016":0.035,"planning_intensity_delta_2016":0.022,"green_cover_delta_2016":-0.03,"mobility_access_delta_2016":0.0,"bike_activity_delta_2016":0.0,"air_quality_delta_2016":0.184,"opportunity_access_delta_2016":-0.008,"fairness_context_delta_2016":0.0,"deprivation_weighted_opportunity_delta_2016":-0.006,"development_pressure_delta_previous":-0.027,"planning_intensity_delta_previous":-0.012,"green_cover_delta_previous":-0.015,"mobility_access_delta_previous":0.0,"bike_activity_delta_previous":0.0,"air_quality_delta_previous":0.349,"opportunity_access_delta_previous":0.0,"fairness_context_delta_previous":0.0,"deprivation_weighted_opportunity_delta_previous":-0.001,"dominant_change":"improved","confidence":"low","evidence":["OpenStreetMap building export clipped to Belfast NI core","250m-style grid proxy generated from local spatial anchors","NI Air annual trend proxy included","Opportunity and exposure scores are normalized directional indicators"]},"geometry":{"type":"Polygon","coordinates":[[[-5.846666666666667,54.580000000000005],[-5.83,54.580000000000005],[-5.83,54.595000000000006],[-5.846666666666667,54.595000000000006],[-5.846666666666667,54.580000000000005]]]}},{"type":"Feature","id":"belfast_04_15_2023","properties":{"cell_id":"belfast_04_15","year":2023,"row":4,"col":15,"development_pressure":0.109,"planning_intensity":0.065,"green_cover":0.298,"mobility_access":0.2,"bike_activity":0.05,"air_quality":0.828,"opportunity_access":0.329,"fairness_context":0.0,"deprivation_weighted_opportunity":0.243,"development_pressure_delta_2016":0.0,"planning_intensity_delta_2016":0.0,"green_cover_delta_2016":-0.026,"mobility_access_delta_2016":0.0,"bike_activity_delta_2016":0.0,"air_quality_delta_2016":0.191,"opportunity_access_delta_2016":-0.005,"fairness_context_delta_2016":0.0,"deprivation_weighted_opportunity_delta_2016":-0.004,"development_pressure_delta_previous":-0.024,"planning_intensity_delta_previous":-0.011,"green_cover_delta_previous":-0.024,"mobility_access_delta_previous":0.0,"bike_activity_delta_previous":0.0,"air_quality_delta_previous":0.347,"opportunity_access_delta_previous":-0.002,"fairness_context_delta_previous":0.0,"deprivation_weighted_opportunity_delta_previous":-0.002,"dominant_change":"improved","confidence":"low","evidence":["OpenStreetMap building export clipped to Belfast NI core","250m-style grid proxy generated from local spatial anchors","NI Air annual trend proxy included","Opportunity and exposure scores are normalized directional indicators"]},"geometry":{"type":"Polygon","coordinates":[[[-5.83,54.580000000000005],[-5.8133333333333335,54.580000000000005],[-5.8133333333333335,54.595000000000006],[-5.83,54.595000000000006],[-5.83,54.580000000000005]]]}},{"type":"Feature","id":"belfast_04_16_2023","properties":{"cell_id":"belfast_04_16","year":2023,"row":4,"col":16,"development_pressure":0.1,"planning_intensity":0.06,"green_cover":0.289,"mobility_access":0.2,"bike_activity":0.05,"air_quality":0.827,"opportunity_access":0.328,"fairness_context":0.0,"deprivation_weighted_opportunity":0.243,"development_pressure_delta_2016":-0.03,"planning_intensity_delta_2016":-0.015,"green_cover_delta_2016":-0.006,"mobility_access_delta_2016":0.0,"bike_activity_delta_2016":0.0,"air_quality_delta_2016":0.199,"opportunity_access_delta_2016":0.001,"fairness_context_delta_2016":0.0,"deprivation_weighted_opportunity_delta_2016":0.001,"development_pressure_delta_previous":-0.011,"planning_intensity_delta_previous":-0.005,"green_cover_delta_previous":-0.009,"mobility_access_delta_previous":0.0,"bike_activity_delta_previous":0.0,"air_quality_delta_previous":0.348,"opportunity_access_delta_previous":-0.001,"fairness_context_delta_previous":0.0,"deprivation_weighted_opportunity_delta_previous":0.0,"dominant_change":"improved","confidence":"low","evidence":["OpenStreetMap building export clipped to Belfast NI core","250m-style grid proxy generated from local spatial anchors","NI Air annual trend proxy included","Opportunity and exposure scores are normalized directional indicators"]},"geometry":{"type":"Polygon","coordinates":[[[-5.8133333333333335,54.580000000000005],[-5.796666666666667,54.580000000000005],[-5.796666666666667,54.595000000000006],[-5.8133333333333335,54.595000000000006],[-5.8133333333333335,54.580000000000005]]]}},{"type":"Feature","id":"belfast_04_17_2023","properties":{"cell_id":"belfast_04_17","year":2023,"row":4,"col":17,"development_pressure":0.106,"planning_intensity":0.063,"green_cover":0.304,"mobility_access":0.2,"bike_activity":0.05,"air_quality":0.829,"opportunity_access":0.33,"fairness_context":0.0,"deprivation_weighted_opportunity":0.244,"development_pressure_delta_2016":-0.049,"planning_intensity_delta_2016":-0.025,"green_cover_delta_2016":0.017,"mobility_access_delta_2016":0.0,"bike_activity_delta_2016":0.0,"air_quality_delta_2016":0.207,"opportunity_access_delta_2016":0.007,"fairness_context_delta_2016":0.0,"deprivation_weighted_opportunity_delta_2016":0.005,"development_pressure_delta_previous":0.006,"planning_intensity_delta_previous":0.003,"green_cover_delta_previous":0.015,"mobility_access_delta_previous":0.0,"bike_activity_delta_previous":0.0,"air_quality_delta_previous":0.35,"opportunity_access_delta_previous":0.002,"fairness_context_delta_previous":0.0,"deprivation_weighted_opportunity_delta_previous":0.001,"dominant_change":"improved","confidence":"low","evidence":["OpenStreetMap building export clipped to Belfast NI core","250m-style grid proxy generated from local spatial anchors","NI Air annual trend proxy included","Opportunity and exposure scores are normalized directional indicators"]},"geometry":{"type":"Polygon","coordinates":[[[-5.796666666666667,54.580000000000005],[-5.78,54.580000000000005],[-5.78,54.595000000000006],[-5.796666666666667,54.595000000000006],[-5.796666666666667,54.580000000000005]]]}},{"type":"Feature","id":"belfast_05_00_2023","properties":{"cell_id":"belfast_05_00","year":2023,"row":5,"col":0,"development_pressure":0.175,"planning_intensity":0.098,"green_cover":0.332,"mobility_access":0.2,"bike_activity":0.05,"air_quality":0.824,"opportunity_access":0.33,"fairness_context":0.0,"deprivation_weighted_opportunity":0.244,"development_pressure_delta_2016":0.047,"planning_intensity_delta_2016":0.024,"green_cover_delta_2016":-0.006,"mobility_access_delta_2016":0.0,"bike_activity_delta_2016":0.0,"air_quality_delta_2016":0.187,"opportunity_access_delta_2016":-0.005,"fairness_context_delta_2016":0.0,"deprivation_weighted_opportunity_delta_2016":-0.004,"development_pressure_delta_previous":-0.004,"planning_intensity_delta_previous":-0.002,"green_cover_delta_previous":0.018,"mobility_access_delta_previous":0.0,"bike_activity_delta_previous":0.0,"air_quality_delta_previous":0.352,"opportunity_access_delta_previous":0.004,"fairness_context_delta_previous":0.0,"deprivation_weighted_opportunity_delta_previous":0.003,"dominant_change":"improved","confidence":"low","evidence":["OpenStreetMap building export clipped to Belfast NI core","250m-style grid proxy generated from local spatial anchors","NI Air annual trend proxy included","Opportunity and exposure scores are normalized directional indicators"]},"geometry":{"type":"Polygon","coordinates":[[[-6.08,54.595000000000006],[-6.0633333333333335,54.595000000000006],[-6.0633333333333335,54.61000000000001],[-6.08,54.61000000000001],[-6.08,54.595000000000006]]]}},{"type":"Feature","id":"belfast_05_01_2023","properties":{"cell_id":"belfast_05_01","year":2023,"row":5,"col":1,"development_pressure":0.158,"planning_intensity":0.089,"green_cover":0.327,"mobility_access":0.2,"bike_activity":0.05,"air_quality":0.826,"opportunity_access":0.33,"fairness_context":0.0,"deprivation_weighted_opportunity":0.244,"development_pressure_delta_2016":0.05,"planning_intensity_delta_2016":0.025,"green_cover_delta_2016":-0.026,"mobility_access_delta_2016":0.0,"bike_activity_delta_2016":0.0,"air_quality_delta_2016":0.183,"opportunity_access_delta_2016":-0.009,"fairness_context_delta_2016":0.0,"deprivation_weighted_opportunity_delta_2016":-0.007,"development_pressure_delta_previous":-0.019,"planning_intensity_delta_previous":-0.009,"green_cover_delta_previous":-0.006,"mobility_access_delta_previous":0.0,"bike_activity_delta_previous":0.0,"air_quality_delta_previous":0.35,"opportunity_access_delta_previous":0.0,"fairness_context_delta_previous":0.0,"deprivation_weighted_opportunity_delta_previous":0.0,"dominant_change":"improved","confidence":"low","evidence":["OpenStreetMap building export clipped to Belfast NI core","250m-style grid proxy generated from local spatial anchors","NI Air annual trend proxy included","Opportunity and exposure scores are normalized directional indicators"]},"geometry":{"type":"Polygon","coordinates":[[[-6.0633333333333335,54.595000000000006],[-6.046666666666667,54.595000000000006],[-6.046666666666667,54.61000000000001],[-6.0633333333333335,54.61000000000001],[-6.0633333333333335,54.595000000000006]]]}},{"type":"Feature","id":"belfast_05_02_2023","properties":{"cell_id":"belfast_05_02","year":2023,"row":5,"col":2,"development_pressure":0.133,"planning_intensity":0.077,"green_cover":0.315,"mobility_access":0.2,"bike_activity":0.05,"air_quality":0.827,"opportunity_access":0.33,"fairness_context":0.0,"deprivation_weighted_opportunity":0.244,"development_pressure_delta_2016":0.033,"planning_intensity_delta_2016":0.017,"green_cover_delta_2016":-0.034,"mobility_access_delta_2016":0.0,"bike_activity_delta_2016":0.0,"air_quality_delta_2016":0.184,"opportunity_access_delta_2016":-0.009,"fairness_context_delta_2016":0.0,"deprivation_weighted_opportunity_delta_2016":-0.007,"development_pressure_delta_previous":-0.027,"planning_intensity_delta_previous":-0.013,"green_cover_delta_previous":-0.023,"mobility_access_delta_previous":0.0,"bike_activity_delta_previous":0.0,"air_quality_delta_previous":0.347,"opportunity_access_delta_previous":-0.002,"fairness_context_delta_previous":0.0,"deprivation_weighted_opportunity_delta_previous":-0.002,"dominant_change":"improved","confidence":"low","evidence":["OpenStreetMap building export clipped to Belfast NI core","250m-style grid proxy generated from local spatial anchors","NI Air annual trend proxy included","Opportunity and exposure scores are normalized directional indicators"]},"geometry":{"type":"Polygon","coordinates":[[[-6.046666666666667,54.595000000000006],[-6.03,54.595000000000006],[-6.03,54.61000000000001],[-6.046666666666667,54.61000000000001],[-6.046666666666667,54.595000000000006]]]}},{"type":"Feature","id":"belfast_05_03_2023","properties":{"cell_id":"belfast_05_03","year":2023,"row":5,"col":3,"development_pressure":0.111,"planning_intensity":0.066,"green_cover":0.425,"mobility_access":0.2,"bike_activity":0.05,"air_quality":0.853,"opportunity_access":0.352,"fairness_context":0.195,"deprivation_weighted_opportunity":0.278,"development_pressure_delta_2016":0.004,"planning_intensity_delta_2016":0.002,"green_cover_delta_2016":-0.021,"mobility_access_delta_2016":0.0,"bike_activity_delta_2016":0.0,"air_quality_delta_2016":0.191,"opportunity_access_delta_2016":-0.004,"fairness_context_delta_2016":0.0,"deprivation_weighted_opportunity_delta_2016":-0.003,"development_pressure_delta_previous":-0.025,"planning_intensity_delta_previous":-0.012,"green_cover_delta_previous":-0.017,"mobility_access_delta_previous":0.0,"bike_activity_delta_previous":0.0,"air_quality_delta_previous":0.349,"opportunity_access_delta_previous":-0.001,"fairness_context_delta_previous":0.0,"deprivation_weighted_opportunity_delta_previous":-0.001,"dominant_change":"improved","confidence":"low","evidence":["OpenStreetMap building export clipped to Belfast NI core","250m-style grid proxy generated from local spatial anchors","NI Air annual trend proxy included","Opportunity and exposure scores are normalized directional indicators"]},"geometry":{"type":"Polygon","coordinates":[[[-6.03,54.595000000000006],[-6.013333333333334,54.595000000000006],[-6.013333333333334,54.61000000000001],[-6.03,54.61000000000001],[-6.03,54.595000000000006]]]}},{"type":"Feature","id":"belfast_05_04_2023","properties":{"cell_id":"belfast_05_04","year":2023,"row":5,"col":4,"development_pressure":0.119,"planning_intensity":0.06,"green_cover":0.555,"mobility_access":0.229,"bike_activity":0.066,"air_quality":0.871,"opportunity_access":0.413,"fairness_context":0.37,"deprivation_weighted_opportunity":0.345,"development_pressure_delta_2016":-0.026,"planning_intensity_delta_2016":-0.014,"green_cover_delta_2016":0.004,"mobility_access_delta_2016":0.0,"bike_activity_delta_2016":0.0,"air_quality_delta_2016":0.201,"opportunity_access_delta_2016":0.003,"fairness_context_delta_2016":0.0,"deprivation_weighted_opportunity_delta_2016":0.002,"development_pressure_delta_previous":-0.013,"planning_intensity_delta_previous":-0.007,"green_cover_delta_previous":0.007,"mobility_access_delta_previous":0.0,"bike_activity_delta_previous":0.0,"air_quality_delta_previous":0.351,"opportunity_access_delta_previous":0.003,"fairness_context_delta_previous":0.0,"deprivation_weighted_opportunity_delta_previous":0.002,"dominant_change":"improved","confidence":"low","evidence":["OpenStreetMap building export clipped to Belfast NI core","250m-style grid proxy generated from local spatial anchors","NI Air annual trend proxy included","Opportunity and exposure scores are normalized directional indicators"]},"geometry":{"type":"Polygon","coordinates":[[[-6.013333333333334,54.595000000000006],[-5.996666666666667,54.595000000000006],[-5.996666666666667,54.61000000000001],[-6.013333333333334,54.61000000000001],[-6.013333333333334,54.595000000000006]]]}},{"type":"Feature","id":"belfast_05_05_2023","properties":{"cell_id":"belfast_05_05","year":2023,"row":5,"col":5,"development_pressure":0.274,"planning_intensity":0.18,"green_cover":0.669,"mobility_access":0.408,"bike_activity":0.177,"air_quality":0.86,"opportunity_access":0.534,"fairness_context":0.52,"deprivation_weighted_opportunity":0.468,"development_pressure_delta_2016":-0.001,"planning_intensity_delta_2016":0.031,"green_cover_delta_2016":0.005,"mobility_access_delta_2016":0.034,"bike_activity_delta_2016":0.062,"air_quality_delta_2016":0.198,"opportunity_access_delta_2016":0.015,"fairness_context_delta_2016":0.0,"deprivation_weighted_opportunity_delta_2016":0.014,"development_pressure_delta_previous":0.011,"planning_intensity_delta_previous":0.009,"green_cover_delta_previous":0.022,"mobility_access_delta_previous":0.005,"bike_activity_delta_previous":0.0,"air_quality_delta_previous":0.351,"opportunity_access_delta_previous":0.005,"fairness_context_delta_previous":0.0,"deprivation_weighted_opportunity_delta_previous":0.005,"dominant_change":"improved","confidence":"low","evidence":["OpenStreetMap building export clipped to Belfast NI core","250m-style grid proxy generated from local spatial anchors","NI Air annual trend proxy included","Opportunity and exposure scores are normalized directional indicators"]},"geometry":{"type":"Polygon","coordinates":[[[-5.996666666666667,54.595000000000006],[-5.98,54.595000000000006],[-5.98,54.61000000000001],[-5.996666666666667,54.61000000000001],[-5.996666666666667,54.595000000000006]]]}},{"type":"Feature","id":"belfast_05_06_2023","properties":{"cell_id":"belfast_05_06","year":2023,"row":5,"col":6,"development_pressure":0.458,"planning_intensity":0.323,"green_cover":0.639,"mobility_access":0.581,"bike_activity":0.294,"air_quality":0.815,"opportunity_access":0.625,"fairness_context":0.743,"deprivation_weighted_opportunity":0.583,"development_pressure_delta_2016":0.048,"planning_intensity_delta_2016":0.092,"green_cover_delta_2016":-0.018,"mobility_access_delta_2016":0.072,"bike_activity_delta_2016":0.128,"air_quality_delta_2016":0.185,"opportunity_access_delta_2016":0.024,"fairness_context_delta_2016":0.0,"deprivation_weighted_opportunity_delta_2016":0.022,"development_pressure_delta_previous":0.033,"planning_intensity_delta_previous":0.026,"green_cover_delta_previous":0.013,"mobility_access_delta_previous":0.01,"bike_activity_delta_previous":0.0,"air_quality_delta_previous":0.346,"opportunity_access_delta_previous":0.004,"fairness_context_delta_previous":0.0,"deprivation_weighted_opportunity_delta_previous":0.004,"dominant_change":"improved","confidence":"medium","evidence":["OpenStreetMap building export clipped to Belfast NI core","250m-style grid proxy generated from local spatial anchors","NI Air annual trend proxy included","Opportunity and exposure scores are normalized directional indicators"]},"geometry":{"type":"Polygon","coordinates":[[[-5.98,54.595000000000006],[-5.963333333333334,54.595000000000006],[-5.963333333333334,54.61000000000001],[-5.98,54.61000000000001],[-5.98,54.595000000000006]]]}},{"type":"Feature","id":"belfast_05_07_2023","properties":{"cell_id":"belfast_05_07","year":2023,"row":5,"col":7,"development_pressure":0.646,"planning_intensity":0.475,"green_cover":0.535,"mobility_access":0.696,"bike_activity":0.379,"air_quality":0.754,"opportunity_access":0.676,"fairness_context":0.892,"deprivation_weighted_opportunity":0.657,"development_pressure_delta_2016":0.115,"planning_intensity_delta_2016":0.161,"green_cover_delta_2016":-0.058,"mobility_access_delta_2016":0.097,"bike_activity_delta_2016":0.172,"air_quality_delta_2016":0.166,"opportunity_access_delta_2016":0.021,"fairness_context_delta_2016":0.0,"deprivation_weighted_opportunity_delta_2016":0.021,"development_pressure_delta_previous":0.048,"planning_intensity_delta_previous":0.039,"green_cover_delta_previous":-0.016,"mobility_access_delta_previous":0.014,"bike_activity_delta_previous":0.0,"air_quality_delta_previous":0.337,"opportunity_access_delta_previous":-0.001,"fairness_context_delta_previous":0.0,"deprivation_weighted_opportunity_delta_previous":-0.001,"dominant_change":"improved","confidence":"medium","evidence":["OpenStreetMap building export clipped to Belfast NI core","250m-style grid proxy generated from local spatial anchors","NI Air annual trend proxy included","Opportunity and exposure scores are normalized directional indicators"]},"geometry":{"type":"Polygon","coordinates":[[[-5.963333333333334,54.595000000000006],[-5.946666666666667,54.595000000000006],[-5.946666666666667,54.61000000000001],[-5.963333333333334,54.61000000000001],[-5.963333333333334,54.595000000000006]]]}},{"type":"Feature","id":"belfast_05_08_2023","properties":{"cell_id":"belfast_05_08","year":2023,"row":5,"col":8,"development_pressure":0.818,"planning_intensity":0.664,"green_cover":0.478,"mobility_access":0.902,"bike_activity":0.532,"air_quality":0.707,"opportunity_access":0.771,"fairness_context":0.743,"deprivation_weighted_opportunity":0.72,"development_pressure_delta_2016":0.191,"planning_intensity_delta_2016":0.232,"green_cover_delta_2016":-0.095,"mobility_access_delta_2016":0.15,"bike_activity_delta_2016":0.265,"air_quality_delta_2016":0.146,"opportunity_access_delta_2016":0.03,"fairness_context_delta_2016":0.0,"deprivation_weighted_opportunity_delta_2016":0.028,"development_pressure_delta_previous":0.052,"planning_intensity_delta_previous":0.046,"green_cover_delta_previous":-0.042,"mobility_access_delta_previous":0.022,"bike_activity_delta_previous":0.0,"air_quality_delta_previous":0.331,"opportunity_access_delta_previous":-0.003,"fairness_context_delta_previous":0.0,"deprivation_weighted_opportunity_delta_previous":-0.002,"dominant_change":"improved","confidence":"medium","evidence":["OpenStreetMap building export clipped to Belfast NI core","250m-style grid proxy generated from local spatial anchors","NI Air annual trend proxy included","Opportunity and exposure scores are normalized directional indicators"]},"geometry":{"type":"Polygon","coordinates":[[[-5.946666666666667,54.595000000000006],[-5.930000000000001,54.595000000000006],[-5.930000000000001,54.61000000000001],[-5.946666666666667,54.61000000000001],[-5.946666666666667,54.595000000000006]]]}},{"type":"Feature","id":"belfast_05_09_2023","properties":{"cell_id":"belfast_05_09","year":2023,"row":5,"col":9,"development_pressure":0.841,"planning_intensity":0.713,"green_cover":0.446,"mobility_access":0.938,"bike_activity":0.642,"air_quality":0.697,"opportunity_access":0.779,"fairness_context":0.548,"deprivation_weighted_opportunity":0.687,"development_pressure_delta_2016":0.226,"planning_intensity_delta_2016":0.253,"green_cover_delta_2016":-0.101,"mobility_access_delta_2016":0.192,"bike_activity_delta_2016":0.342,"air_quality_delta_2016":0.139,"opportunity_access_delta_2016":0.045,"fairness_context_delta_2016":0.0,"deprivation_weighted_opportunity_delta_2016":0.039,"development_pressure_delta_previous":0.041,"planning_intensity_delta_previous":0.04,"green_cover_delta_previous":-0.041,"mobility_access_delta_previous":0.027,"bike_activity_delta_previous":0.0,"air_quality_delta_previous":0.333,"opportunity_access_delta_previous":0.001,"fairness_context_delta_previous":0.0,"deprivation_weighted_opportunity_delta_previous":0.0,"dominant_change":"improved","confidence":"medium","evidence":["OpenStreetMap building export clipped to Belfast NI core","250m-style grid proxy generated from local spatial anchors","NI Air annual trend proxy included","Opportunity and exposure scores are normalized directional indicators"]},"geometry":{"type":"Polygon","coordinates":[[[-5.93,54.595000000000006],[-5.913333333333333,54.595000000000006],[-5.913333333333333,54.61000000000001],[-5.93,54.61000000000001],[-5.93,54.595000000000006]]]}},{"type":"Feature","id":"belfast_05_10_2023","properties":{"cell_id":"belfast_05_10","year":2023,"row":5,"col":10,"development_pressure":0.849,"planning_intensity":0.697,"green_cover":0.489,"mobility_access":0.895,"bike_activity":0.519,"air_quality":0.713,"opportunity_access":0.735,"fairness_context":0.574,"deprivation_weighted_opportunity":0.653,"development_pressure_delta_2016":0.26,"planning_intensity_delta_2016":0.278,"green_cover_delta_2016":-0.089,"mobility_access_delta_2016":0.152,"bike_activity_delta_2016":0.27,"air_quality_delta_2016":0.137,"opportunity_access_delta_2016":0.028,"fairness_context_delta_2016":0.0,"deprivation_weighted_opportunity_delta_2016":0.024,"development_pressure_delta_previous":0.027,"planning_intensity_delta_previous":0.034,"green_cover_delta_previous":-0.016,"mobility_access_delta_previous":0.022,"bike_activity_delta_previous":0.0,"air_quality_delta_previous":0.341,"opportunity_access_delta_previous":0.005,"fairness_context_delta_previous":0.0,"deprivation_weighted_opportunity_delta_previous":0.004,"dominant_change":"increased","confidence":"medium","evidence":["OpenStreetMap building export clipped to Belfast NI core","250m-style grid proxy generated from local spatial anchors","NI Air annual trend proxy included","Development pressure proxy uses waterfront and city-centre intensity"]},"geometry":{"type":"Polygon","coordinates":[[[-5.913333333333333,54.595000000000006],[-5.8966666666666665,54.595000000000006],[-5.8966666666666665,54.61000000000001],[-5.913333333333333,54.61000000000001],[-5.913333333333333,54.595000000000006]]]}},{"type":"Feature","id":"belfast_05_11_2023","properties":{"cell_id":"belfast_05_11","year":2023,"row":5,"col":11,"development_pressure":0.745,"planning_intensity":0.581,"green_cover":0.504,"mobility_access":0.746,"bike_activity":0.463,"air_quality":0.742,"opportunity_access":0.646,"fairness_context":0.549,"deprivation_weighted_opportunity":0.57,"development_pressure_delta_2016":0.24,"planning_intensity_delta_2016":0.253,"green_cover_delta_2016":-0.062,"mobility_access_delta_2016":0.138,"bike_activity_delta_2016":0.246,"air_quality_delta_2016":0.145,"opportunity_access_delta_2016":0.028,"fairness_context_delta_2016":0.0,"deprivation_weighted_opportunity_delta_2016":0.024,"development_pressure_delta_previous":0.008,"planning_intensity_delta_previous":0.023,"green_cover_delta_previous":0.014,"mobility_access_delta_previous":0.019,"bike_activity_delta_previous":0.0,"air_quality_delta_previous":0.35,"opportunity_access_delta_previous":0.01,"fairness_context_delta_previous":0.0,"deprivation_weighted_opportunity_delta_previous":0.009,"dominant_change":"increased","confidence":"medium","evidence":["OpenStreetMap building export clipped to Belfast NI core","250m-style grid proxy generated from local spatial anchors","NI Air annual trend proxy included","Development pressure proxy uses waterfront and city-centre intensity"]},"geometry":{"type":"Polygon","coordinates":[[[-5.8966666666666665,54.595000000000006],[-5.88,54.595000000000006],[-5.88,54.61000000000001],[-5.8966666666666665,54.61000000000001],[-5.8966666666666665,54.595000000000006]]]}},{"type":"Feature","id":"belfast_05_12_2023","properties":{"cell_id":"belfast_05_12","year":2023,"row":5,"col":12,"development_pressure":0.559,"planning_intensity":0.44,"green_cover":0.488,"mobility_access":0.526,"bike_activity":0.308,"air_quality":0.778,"opportunity_access":0.528,"fairness_context":0.422,"deprivation_weighted_opportunity":0.449,"development_pressure_delta_2016":0.174,"planning_intensity_delta_2016":0.185,"green_cover_delta_2016":-0.04,"mobility_access_delta_2016":0.086,"bike_activity_delta_2016":0.154,"air_quality_delta_2016":0.16,"opportunity_access_delta_2016":0.015,"fairness_context_delta_2016":0.0,"deprivation_weighted_opportunity_delta_2016":0.013,"development_pressure_delta_previous":-0.007,"planning_intensity_delta_previous":0.011,"green_cover_delta_previous":0.025,"mobility_access_delta_previous":0.012,"bike_activity_delta_previous":0.0,"air_quality_delta_previous":0.354,"opportunity_access_delta_previous":0.01,"fairness_context_delta_previous":0.0,"deprivation_weighted_opportunity_delta_previous":0.009,"dominant_change":"increased","confidence":"medium","evidence":["OpenStreetMap building export clipped to Belfast NI core","250m-style grid proxy generated from local spatial anchors","NI Air annual trend proxy included","Development pressure proxy uses waterfront and city-centre intensity"]},"geometry":{"type":"Polygon","coordinates":[[[-5.88,54.595000000000006],[-5.863333333333333,54.595000000000006],[-5.863333333333333,54.61000000000001],[-5.88,54.61000000000001],[-5.88,54.595000000000006]]]}},{"type":"Feature","id":"belfast_05_13_2023","properties":{"cell_id":"belfast_05_13","year":2023,"row":5,"col":13,"development_pressure":0.366,"planning_intensity":0.291,"green_cover":0.422,"mobility_access":0.294,"bike_activity":0.135,"air_quality":0.805,"opportunity_access":0.396,"fairness_context":0.242,"deprivation_weighted_opportunity":0.318,"development_pressure_delta_2016":0.091,"planning_intensity_delta_2016":0.106,"green_cover_delta_2016":-0.033,"mobility_access_delta_2016":0.028,"bike_activity_delta_2016":0.049,"air_quality_delta_2016":0.175,"opportunity_access_delta_2016":-0.001,"fairness_context_delta_2016":0.0,"deprivation_weighted_opportunity_delta_2016":-0.001,"development_pressure_delta_previous":-0.012,"planning_intensity_delta_previous":0.003,"green_cover_delta_previous":0.007,"mobility_access_delta_previous":0.004,"bike_activity_delta_previous":0.0,"air_quality_delta_previous":0.351,"opportunity_access_delta_previous":0.004,"fairness_context_delta_previous":0.0,"deprivation_weighted_opportunity_delta_previous":0.003,"dominant_change":"improved","confidence":"low","evidence":["OpenStreetMap building export clipped to Belfast NI core","250m-style grid proxy generated from local spatial anchors","NI Air annual trend proxy included","Opportunity and exposure scores are normalized directional indicators"]},"geometry":{"type":"Polygon","coordinates":[[[-5.863333333333333,54.595000000000006],[-5.846666666666667,54.595000000000006],[-5.846666666666667,54.61000000000001],[-5.863333333333333,54.61000000000001],[-5.863333333333333,54.595000000000006]]]}},{"type":"Feature","id":"belfast_05_14_2023","properties":{"cell_id":"belfast_05_14","year":2023,"row":5,"col":14,"development_pressure":0.19,"planning_intensity":0.146,"green_cover":0.319,"mobility_access":0.2,"bike_activity":0.05,"air_quality":0.819,"opportunity_access":0.326,"fairness_context":0.039,"deprivation_weighted_opportunity":0.245,"development_pressure_delta_2016":0.005,"planning_intensity_delta_2016":0.026,"green_cover_delta_2016":-0.028,"mobility_access_delta_2016":0.0,"bike_activity_delta_2016":0.0,"air_quality_delta_2016":0.189,"opportunity_access_delta_2016":-0.006,"fairness_context_delta_2016":0.0,"deprivation_weighted_opportunity_delta_2016":-0.004,"development_pressure_delta_previous":-0.008,"planning_intensity_delta_previous":-0.001,"green_cover_delta_previous":-0.019,"mobility_access_delta_previous":0.0,"bike_activity_delta_previous":0.0,"air_quality_delta_previous":0.345,"opportunity_access_delta_previous":-0.003,"fairness_context_delta_previous":0.0,"deprivation_weighted_opportunity_delta_previous":-0.002,"dominant_change":"improved","confidence":"low","evidence":["OpenStreetMap building export clipped to Belfast NI core","250m-style grid proxy generated from local spatial anchors","NI Air annual trend proxy included","Opportunity and exposure scores are normalized directional indicators"]},"geometry":{"type":"Polygon","coordinates":[[[-5.846666666666667,54.595000000000006],[-5.83,54.595000000000006],[-5.83,54.61000000000001],[-5.846666666666667,54.61000000000001],[-5.846666666666667,54.595000000000006]]]}},{"type":"Feature","id":"belfast_05_15_2023","properties":{"cell_id":"belfast_05_15","year":2023,"row":5,"col":15,"development_pressure":0.105,"planning_intensity":0.062,"green_cover":0.299,"mobility_access":0.2,"bike_activity":0.05,"air_quality":0.829,"opportunity_access":0.329,"fairness_context":0.0,"deprivation_weighted_opportunity":0.244,"development_pressure_delta_2016":-0.047,"planning_intensity_delta_2016":-0.024,"green_cover_delta_2016":-0.018,"mobility_access_delta_2016":0.0,"bike_activity_delta_2016":0.0,"air_quality_delta_2016":0.2,"opportunity_access_delta_2016":0.0,"fairness_context_delta_2016":0.0,"deprivation_weighted_opportunity_delta_2016":0.001,"development_pressure_delta_previous":0.004,"planning_intensity_delta_previous":0.002,"green_cover_delta_previous":-0.03,"mobility_access_delta_previous":0.0,"bike_activity_delta_previous":0.0,"air_quality_delta_previous":0.342,"opportunity_access_delta_previous":-0.006,"fairness_context_delta_previous":0.0,"deprivation_weighted_opportunity_delta_previous":-0.004,"dominant_change":"improved","confidence":"low","evidence":["OpenStreetMap building export clipped to Belfast NI core","250m-style grid proxy generated from local spatial anchors","NI Air annual trend proxy included","Opportunity and exposure scores are normalized directional indicators"]},"geometry":{"type":"Polygon","coordinates":[[[-5.83,54.595000000000006],[-5.8133333333333335,54.595000000000006],[-5.8133333333333335,54.61000000000001],[-5.83,54.61000000000001],[-5.83,54.595000000000006]]]}},{"type":"Feature","id":"belfast_05_16_2023","properties":{"cell_id":"belfast_05_16","year":2023,"row":5,"col":16,"development_pressure":0.123,"planning_intensity":0.072,"green_cover":0.284,"mobility_access":0.2,"bike_activity":0.05,"air_quality":0.823,"opportunity_access":0.325,"fairness_context":0.0,"deprivation_weighted_opportunity":0.241,"development_pressure_delta_2016":-0.049,"planning_intensity_delta_2016":-0.024,"green_cover_delta_2016":-0.004,"mobility_access_delta_2016":0.0,"bike_activity_delta_2016":0.0,"air_quality_delta_2016":0.203,"opportunity_access_delta_2016":0.003,"fairness_context_delta_2016":0.0,"deprivation_weighted_opportunity_delta_2016":0.003,"development_pressure_delta_previous":0.019,"planning_intensity_delta_previous":0.01,"green_cover_delta_previous":-0.016,"mobility_access_delta_previous":0.0,"bike_activity_delta_previous":0.0,"air_quality_delta_previous":0.342,"opportunity_access_delta_previous":-0.005,"fairness_context_delta_previous":0.0,"deprivation_weighted_opportunity_delta_previous":-0.003,"dominant_change":"improved","confidence":"low","evidence":["OpenStreetMap building export clipped to Belfast NI core","250m-style grid proxy generated from local spatial anchors","NI Air annual trend proxy included","Opportunity and exposure scores are normalized directional indicators"]},"geometry":{"type":"Polygon","coordinates":[[[-5.8133333333333335,54.595000000000006],[-5.796666666666667,54.595000000000006],[-5.796666666666667,54.61000000000001],[-5.8133333333333335,54.61000000000001],[-5.8133333333333335,54.595000000000006]]]}},{"type":"Feature","id":"belfast_05_17_2023","properties":{"cell_id":"belfast_05_17","year":2023,"row":5,"col":17,"development_pressure":0.148,"planning_intensity":0.084,"green_cover":0.295,"mobility_access":0.2,"bike_activity":0.05,"air_quality":0.821,"opportunity_access":0.325,"fairness_context":0.0,"deprivation_weighted_opportunity":0.241,"development_pressure_delta_2016":-0.032,"planning_intensity_delta_2016":-0.016,"green_cover_delta_2016":0.012,"mobility_access_delta_2016":0.0,"bike_activity_delta_2016":0.0,"air_quality_delta_2016":0.203,"opportunity_access_delta_2016":0.004,"fairness_context_delta_2016":0.0,"deprivation_weighted_opportunity_delta_2016":0.004,"development_pressure_delta_previous":0.027,"planning_intensity_delta_previous":0.014,"green_cover_delta_previous":0.01,"mobility_access_delta_previous":0.0,"bike_activity_delta_previous":0.0,"air_quality_delta_previous":0.346,"opportunity_access_delta_previous":-0.001,"fairness_context_delta_previous":0.0,"deprivation_weighted_opportunity_delta_previous":0.0,"dominant_change":"improved","confidence":"low","evidence":["OpenStreetMap building export clipped to Belfast NI core","250m-style grid proxy generated from local spatial anchors","NI Air annual trend proxy included","Opportunity and exposure scores are normalized directional indicators"]},"geometry":{"type":"Polygon","coordinates":[[[-5.796666666666667,54.595000000000006],[-5.78,54.595000000000006],[-5.78,54.61000000000001],[-5.796666666666667,54.61000000000001],[-5.796666666666667,54.595000000000006]]]}},{"type":"Feature","id":"belfast_06_00_2023","properties":{"cell_id":"belfast_06_00","year":2023,"row":6,"col":0,"development_pressure":0.136,"planning_intensity":0.078,"green_cover":0.34,"mobility_access":0.2,"bike_activity":0.05,"air_quality":0.832,"opportunity_access":0.334,"fairness_context":0.0,"deprivation_weighted_opportunity":0.247,"development_pressure_delta_2016":0.036,"planning_intensity_delta_2016":0.018,"green_cover_delta_2016":-0.003,"mobility_access_delta_2016":0.0,"bike_activity_delta_2016":0.0,"air_quality_delta_2016":0.19,"opportunity_access_delta_2016":-0.004,"fairness_context_delta_2016":0.0,"deprivation_weighted_opportunity_delta_2016":-0.003,"development_pressure_delta_previous":-0.027,"planning_intensity_delta_previous":-0.013,"green_cover_delta_previous":0.023,"mobility_access_delta_previous":0.0,"bike_activity_delta_previous":0.0,"air_quality_delta_previous":0.357,"opportunity_access_delta_previous":0.006,"fairness_context_delta_previous":0.0,"deprivation_weighted_opportunity_delta_previous":0.004,"dominant_change":"improved","confidence":"low","evidence":["OpenStreetMap building export clipped to Belfast NI core","250m-style grid proxy generated from local spatial anchors","NI Air annual trend proxy included","Opportunity and exposure scores are normalized directional indicators"]},"geometry":{"type":"Polygon","coordinates":[[[-6.08,54.61],[-6.0633333333333335,54.61],[-6.0633333333333335,54.625],[-6.08,54.625],[-6.08,54.61]]]}},{"type":"Feature","id":"belfast_06_01_2023","properties":{"cell_id":"belfast_06_01","year":2023,"row":6,"col":1,"development_pressure":0.113,"planning_intensity":0.067,"green_cover":0.336,"mobility_access":0.2,"bike_activity":0.05,"air_quality":0.835,"opportunity_access":0.335,"fairness_context":0.0,"deprivation_weighted_opportunity":0.248,"development_pressure_delta_2016":0.007,"planning_intensity_delta_2016":0.004,"green_cover_delta_2016":-0.017,"mobility_access_delta_2016":0.0,"bike_activity_delta_2016":0.0,"air_quality_delta_2016":0.192,"opportunity_access_delta_2016":-0.004,"fairness_context_delta_2016":0.0,"deprivation_weighted_opportunity_delta_2016":-0.003,"development_pressure_delta_previous":-0.026,"planning_intensity_delta_previous":-0.012,"green_cover_delta_previous":-0.005,"mobility_access_delta_previous":0.0,"bike_activity_delta_previous":0.0,"air_quality_delta_previous":0.352,"opportunity_access_delta_previous":0.001,"fairness_context_delta_previous":0.0,"deprivation_weighted_opportunity_delta_previous":0.001,"dominant_change":"improved","confidence":"low","evidence":["OpenStreetMap building export clipped to Belfast NI core","250m-style grid proxy generated from local spatial anchors","NI Air annual trend proxy included","Opportunity and exposure scores are normalized directional indicators"]},"geometry":{"type":"Polygon","coordinates":[[[-6.0633333333333335,54.61],[-6.046666666666667,54.61],[-6.046666666666667,54.625],[-6.0633333333333335,54.625],[-6.0633333333333335,54.61]]]}},{"type":"Feature","id":"belfast_06_02_2023","properties":{"cell_id":"belfast_06_02","year":2023,"row":6,"col":2,"development_pressure":0.101,"planning_intensity":0.06,"green_cover":0.311,"mobility_access":0.2,"bike_activity":0.05,"air_quality":0.832,"opportunity_access":0.332,"fairness_context":0.0,"deprivation_weighted_opportunity":0.246,"development_pressure_delta_2016":-0.023,"planning_intensity_delta_2016":-0.012,"green_cover_delta_2016":-0.023,"mobility_access_delta_2016":0.0,"bike_activity_delta_2016":0.0,"air_quality_delta_2016":0.195,"opportunity_access_delta_2016":-0.002,"fairness_context_delta_2016":0.0,"deprivation_weighted_opportunity_delta_2016":-0.001,"development_pressure_delta_previous":-0.015,"planning_intensity_delta_previous":-0.008,"green_cover_delta_previous":-0.026,"mobility_access_delta_previous":0.0,"bike_activity_delta_previous":0.0,"air_quality_delta_previous":0.346,"opportunity_access_delta_previous":-0.003,"fairness_context_delta_previous":0.0,"deprivation_weighted_opportunity_delta_previous":-0.002,"dominant_change":"improved","confidence":"low","evidence":["OpenStreetMap building export clipped to Belfast NI core","250m-style grid proxy generated from local spatial anchors","NI Air annual trend proxy included","Opportunity and exposure scores are normalized directional indicators"]},"geometry":{"type":"Polygon","coordinates":[[[-6.046666666666667,54.61],[-6.03,54.61],[-6.03,54.625],[-6.046666666666667,54.625],[-6.046666666666667,54.61]]]}},{"type":"Feature","id":"belfast_06_03_2023","properties":{"cell_id":"belfast_06_03","year":2023,"row":6,"col":3,"development_pressure":0.103,"planning_intensity":0.062,"green_cover":0.388,"mobility_access":0.2,"bike_activity":0.05,"air_quality":0.847,"opportunity_access":0.346,"fairness_context":0.032,"deprivation_weighted_opportunity":0.259,"development_pressure_delta_2016":-0.046,"planning_intensity_delta_2016":-0.023,"green_cover_delta_2016":-0.012,"mobility_access_delta_2016":0.0,"bike_activity_delta_2016":0.0,"air_quality_delta_2016":0.201,"opportunity_access_delta_2016":0.002,"fairness_context_delta_2016":0.0,"deprivation_weighted_opportunity_delta_2016":0.001,"development_pressure_delta_previous":0.001,"planning_intensity_delta_previous":0.001,"green_cover_delta_previous":-0.023,"mobility_access_delta_previous":0.0,"bike_activity_delta_previous":0.0,"air_quality_delta_previous":0.344,"opportunity_access_delta_previous":-0.004,"fairness_context_delta_previous":0.0,"deprivation_weighted_opportunity_delta_previous":-0.003,"dominant_change":"improved","confidence":"low","evidence":["OpenStreetMap building export clipped to Belfast NI core","250m-style grid proxy generated from local spatial anchors","NI Air annual trend proxy included","Opportunity and exposure scores are normalized directional indicators"]},"geometry":{"type":"Polygon","coordinates":[[[-6.03,54.61],[-6.013333333333334,54.61],[-6.013333333333334,54.625],[-6.03,54.625],[-6.03,54.61]]]}},{"type":"Feature","id":"belfast_06_04_2023","properties":{"cell_id":"belfast_06_04","year":2023,"row":6,"col":4,"development_pressure":0.127,"planning_intensity":0.07,"green_cover":0.493,"mobility_access":0.207,"bike_activity":0.056,"air_quality":0.862,"opportunity_access":0.376,"fairness_context":0.255,"deprivation_weighted_opportunity":0.303,"development_pressure_delta_2016":-0.05,"planning_intensity_delta_2016":-0.025,"green_cover_delta_2016":0.007,"mobility_access_delta_2016":0.0,"bike_activity_delta_2016":0.0,"air_quality_delta_2016":0.206,"opportunity_access_delta_2016":0.006,"fairness_context_delta_2016":0.0,"deprivation_weighted_opportunity_delta_2016":0.004,"development_pressure_delta_previous":0.018,"planning_intensity_delta_previous":0.009,"green_cover_delta_previous":0.0,"mobility_access_delta_previous":0.0,"bike_activity_delta_previous":0.0,"air_quality_delta_previous":0.346,"opportunity_access_delta_previous":-0.001,"fairness_context_delta_previous":0.0,"deprivation_weighted_opportunity_delta_previous":-0.001,"dominant_change":"improved","confidence":"low","evidence":["OpenStreetMap building export clipped to Belfast NI core","250m-style grid proxy generated from local spatial anchors","NI Air annual trend proxy included","Opportunity and exposure scores are normalized directional indicators"]},"geometry":{"type":"Polygon","coordinates":[[[-6.013333333333334,54.61],[-5.996666666666667,54.61],[-5.996666666666667,54.625],[-6.013333333333334,54.625],[-6.013333333333334,54.61]]]}},{"type":"Feature","id":"belfast_06_05_2023","properties":{"cell_id":"belfast_06_05","year":2023,"row":6,"col":5,"development_pressure":0.234,"planning_intensity":0.138,"green_cover":0.57,"mobility_access":0.231,"bike_activity":0.076,"air_quality":0.851,"opportunity_access":0.425,"fairness_context":0.469,"deprivation_weighted_opportunity":0.366,"development_pressure_delta_2016":-0.014,"planning_intensity_delta_2016":0.008,"green_cover_delta_2016":0.01,"mobility_access_delta_2016":0.0,"bike_activity_delta_2016":0.0,"air_quality_delta_2016":0.2,"opportunity_access_delta_2016":0.003,"fairness_context_delta_2016":0.0,"deprivation_weighted_opportunity_delta_2016":0.002,"development_pressure_delta_previous":0.03,"planning_intensity_delta_previous":0.017,"green_cover_delta_previous":0.019,"mobility_access_delta_previous":0.0,"bike_activity_delta_previous":0.0,"air_quality_delta_previous":0.347,"opportunity_access_delta_previous":0.001,"fairness_context_delta_previous":0.0,"deprivation_weighted_opportunity_delta_previous":0.001,"dominant_change":"improved","confidence":"low","evidence":["OpenStreetMap building export clipped to Belfast NI core","250m-style grid proxy generated from local spatial anchors","NI Air annual trend proxy included","Opportunity and exposure scores are normalized directional indicators"]},"geometry":{"type":"Polygon","coordinates":[[[-5.996666666666667,54.61],[-5.98,54.61],[-5.98,54.625],[-5.996666666666667,54.625],[-5.996666666666667,54.61]]]}},{"type":"Feature","id":"belfast_06_06_2023","properties":{"cell_id":"belfast_06_06","year":2023,"row":6,"col":6,"development_pressure":0.391,"planning_intensity":0.257,"green_cover":0.554,"mobility_access":0.314,"bike_activity":0.095,"air_quality":0.815,"opportunity_access":0.476,"fairness_context":0.656,"deprivation_weighted_opportunity":0.433,"development_pressure_delta_2016":0.056,"planning_intensity_delta_2016":0.072,"green_cover_delta_2016":-0.015,"mobility_access_delta_2016":0.0,"bike_activity_delta_2016":0.0,"air_quality_delta_2016":0.184,"opportunity_access_delta_2016":-0.007,"fairness_context_delta_2016":0.0,"deprivation_weighted_opportunity_delta_2016":-0.007,"development_pressure_delta_previous":0.034,"planning_intensity_delta_previous":0.023,"green_cover_delta_previous":0.014,"mobility_access_delta_previous":0.0,"bike_activity_delta_previous":0.0,"air_quality_delta_previous":0.345,"opportunity_access_delta_previous":0.0,"fairness_context_delta_previous":0.0,"deprivation_weighted_opportunity_delta_previous":0.0,"dominant_change":"improved","confidence":"low","evidence":["OpenStreetMap building export clipped to Belfast NI core","250m-style grid proxy generated from local spatial anchors","NI Air annual trend proxy included","Opportunity and exposure scores are normalized directional indicators"]},"geometry":{"type":"Polygon","coordinates":[[[-5.98,54.61],[-5.963333333333334,54.61],[-5.963333333333334,54.625],[-5.98,54.625],[-5.98,54.61]]]}},{"type":"Feature","id":"belfast_06_07_2023","properties":{"cell_id":"belfast_06_07","year":2023,"row":6,"col":7,"development_pressure":0.523,"planning_intensity":0.359,"green_cover":0.446,"mobility_access":0.472,"bike_activity":0.209,"air_quality":0.766,"opportunity_access":0.539,"fairness_context":0.789,"deprivation_weighted_opportunity":0.509,"development_pressure_delta_2016":0.124,"planning_intensity_delta_2016":0.132,"green_cover_delta_2016":-0.052,"mobility_access_delta_2016":0.038,"bike_activity_delta_2016":0.068,"air_quality_delta_2016":0.166,"opportunity_access_delta_2016":-0.003,"fairness_context_delta_2016":0.0,"deprivation_weighted_opportunity_delta_2016":-0.003,"development_pressure_delta_previous":0.029,"planning_intensity_delta_previous":0.024,"green_cover_delta_previous":-0.011,"mobility_access_delta_previous":0.005,"bike_activity_delta_previous":0.0,"air_quality_delta_previous":0.342,"opportunity_access_delta_previous":-0.002,"fairness_context_delta_previous":0.0,"deprivation_weighted_opportunity_delta_previous":-0.002,"dominant_change":"improved","confidence":"low","evidence":["OpenStreetMap building export clipped to Belfast NI core","250m-style grid proxy generated from local spatial anchors","NI Air annual trend proxy included","Opportunity and exposure scores are normalized directional indicators"]},"geometry":{"type":"Polygon","coordinates":[[[-5.963333333333334,54.61],[-5.946666666666667,54.61],[-5.946666666666667,54.625],[-5.963333333333334,54.625],[-5.963333333333334,54.61]]]}},{"type":"Feature","id":"belfast_06_08_2023","properties":{"cell_id":"belfast_06_08","year":2023,"row":6,"col":8,"development_pressure":0.596,"planning_intensity":0.454,"green_cover":0.516,"mobility_access":0.605,"bike_activity":0.333,"air_quality":0.764,"opportunity_access":0.617,"fairness_context":0.974,"deprivation_weighted_opportunity":0.613,"development_pressure_delta_2016":0.17,"planning_intensity_delta_2016":0.172,"green_cover_delta_2016":-0.08,"mobility_access_delta_2016":0.084,"bike_activity_delta_2016":0.148,"air_quality_delta_2016":0.153,"opportunity_access_delta_2016":0.007,"fairness_context_delta_2016":0.0,"deprivation_weighted_opportunity_delta_2016":0.007,"development_pressure_delta_previous":0.015,"planning_intensity_delta_previous":0.02,"green_cover_delta_previous":-0.032,"mobility_access_delta_previous":0.012,"bike_activity_delta_previous":0.0,"air_quality_delta_previous":0.339,"opportunity_access_delta_previous":-0.002,"fairness_context_delta_previous":0.0,"deprivation_weighted_opportunity_delta_previous":-0.002,"dominant_change":"increased","confidence":"medium","evidence":["OpenStreetMap building export clipped to Belfast NI core","250m-style grid proxy generated from local spatial anchors","NI Air annual trend proxy included","Development pressure proxy uses waterfront and city-centre intensity"]},"geometry":{"type":"Polygon","coordinates":[[[-5.946666666666667,54.61],[-5.930000000000001,54.61],[-5.930000000000001,54.625],[-5.946666666666667,54.625],[-5.946666666666667,54.61]]]}},{"type":"Feature","id":"belfast_06_09_2023","properties":{"cell_id":"belfast_06_09","year":2023,"row":6,"col":9,"development_pressure":0.679,"planning_intensity":0.557,"green_cover":0.608,"mobility_access":0.678,"bike_activity":0.434,"air_quality":0.769,"opportunity_access":0.658,"fairness_context":0.743,"deprivation_weighted_opportunity":0.614,"development_pressure_delta_2016":0.211,"planning_intensity_delta_2016":0.219,"green_cover_delta_2016":-0.09,"mobility_access_delta_2016":0.123,"bike_activity_delta_2016":0.219,"air_quality_delta_2016":0.144,"opportunity_access_delta_2016":0.019,"fairness_context_delta_2016":0.0,"deprivation_weighted_opportunity_delta_2016":0.018,"development_pressure_delta_previous":0.005,"planning_intensity_delta_previous":0.019,"green_cover_delta_previous":-0.033,"mobility_access_delta_previous":0.017,"bike_activity_delta_previous":0.0,"air_quality_delta_previous":0.341,"opportunity_access_delta_previous":0.001,"fairness_context_delta_previous":0.0,"deprivation_weighted_opportunity_delta_previous":0.001,"dominant_change":"increased","confidence":"medium","evidence":["OpenStreetMap building export clipped to Belfast NI core","250m-style grid proxy generated from local spatial anchors","NI Air annual trend proxy included","Development pressure proxy uses waterfront and city-centre intensity"]},"geometry":{"type":"Polygon","coordinates":[[[-5.93,54.61],[-5.913333333333333,54.61],[-5.913333333333333,54.625],[-5.93,54.625],[-5.93,54.61]]]}},{"type":"Feature","id":"belfast_06_10_2023","properties":{"cell_id":"belfast_06_10","year":2023,"row":6,"col":10,"development_pressure":0.724,"planning_intensity":0.594,"green_cover":0.547,"mobility_access":0.683,"bike_activity":0.419,"air_quality":0.754,"opportunity_access":0.629,"fairness_context":0.908,"deprivation_weighted_opportunity":0.614,"development_pressure_delta_2016":0.226,"planning_intensity_delta_2016":0.246,"green_cover_delta_2016":-0.076,"mobility_access_delta_2016":0.121,"bike_activity_delta_2016":0.215,"air_quality_delta_2016":0.145,"opportunity_access_delta_2016":0.019,"fairness_context_delta_2016":0.0,"deprivation_weighted_opportunity_delta_2016":0.019,"development_pressure_delta_previous":0.001,"planning_intensity_delta_previous":0.019,"green_cover_delta_previous":-0.009,"mobility_access_delta_previous":0.017,"bike_activity_delta_previous":0.0,"air_quality_delta_previous":0.346,"opportunity_access_delta_previous":0.006,"fairness_context_delta_previous":0.0,"deprivation_weighted_opportunity_delta_previous":0.006,"dominant_change":"increased","confidence":"medium","evidence":["OpenStreetMap building export clipped to Belfast NI core","250m-style grid proxy generated from local spatial anchors","NI Air annual trend proxy included","Development pressure proxy uses waterfront and city-centre intensity"]},"geometry":{"type":"Polygon","coordinates":[[[-5.913333333333333,54.61],[-5.8966666666666665,54.61],[-5.8966666666666665,54.625],[-5.913333333333333,54.625],[-5.913333333333333,54.61]]]}},{"type":"Feature","id":"belfast_06_11_2023","properties":{"cell_id":"belfast_06_11","year":2023,"row":6,"col":11,"development_pressure":0.641,"planning_intensity":0.519,"green_cover":0.44,"mobility_access":0.549,"bike_activity":0.297,"air_quality":0.752,"opportunity_access":0.534,"fairness_context":0.826,"deprivation_weighted_opportunity":0.51,"development_pressure_delta_2016":0.182,"planning_intensity_delta_2016":0.213,"green_cover_delta_2016":-0.047,"mobility_access_delta_2016":0.079,"bike_activity_delta_2016":0.141,"air_quality_delta_2016":0.157,"opportunity_access_delta_2016":0.011,"fairness_context_delta_2016":0.0,"deprivation_weighted_opportunity_delta_2016":0.01,"development_pressure_delta_previous":0.0,"planning_intensity_delta_previous":0.017,"green_cover_delta_previous":0.017,"mobility_access_delta_previous":0.011,"bike_activity_delta_previous":0.0,"air_quality_delta_previous":0.351,"opportunity_access_delta_previous":0.008,"fairness_context_delta_previous":0.0,"deprivation_weighted_opportunity_delta_previous":0.008,"dominant_change":"increased","confidence":"medium","evidence":["OpenStreetMap building export clipped to Belfast NI core","250m-style grid proxy generated from local spatial anchors","NI Air annual trend proxy included","Development pressure proxy uses waterfront and city-centre intensity"]},"geometry":{"type":"Polygon","coordinates":[[[-5.8966666666666665,54.61],[-5.88,54.61],[-5.88,54.625],[-5.8966666666666665,54.625],[-5.8966666666666665,54.61]]]}},{"type":"Feature","id":"belfast_06_12_2023","properties":{"cell_id":"belfast_06_12","year":2023,"row":6,"col":12,"development_pressure":0.489,"planning_intensity":0.401,"green_cover":0.374,"mobility_access":0.356,"bike_activity":0.141,"air_quality":0.771,"opportunity_access":0.421,"fairness_context":0.598,"deprivation_weighted_opportunity":0.377,"development_pressure_delta_2016":0.108,"planning_intensity_delta_2016":0.146,"green_cover_delta_2016":-0.026,"mobility_access_delta_2016":0.026,"bike_activity_delta_2016":0.045,"air_quality_delta_2016":0.173,"opportunity_access_delta_2016":-0.003,"fairness_context_delta_2016":0.0,"deprivation_weighted_opportunity_delta_2016":-0.003,"development_pressure_delta_previous":0.005,"planning_intensity_delta_previous":0.015,"green_cover_delta_previous":0.022,"mobility_access_delta_previous":0.004,"bike_activity_delta_previous":0.0,"air_quality_delta_previous":0.351,"opportunity_access_delta_previous":0.005,"fairness_context_delta_previous":0.0,"deprivation_weighted_opportunity_delta_previous":0.004,"dominant_change":"improved","confidence":"low","evidence":["OpenStreetMap building export clipped to Belfast NI core","250m-style grid proxy generated from local spatial anchors","NI Air annual trend proxy included","Opportunity and exposure scores are normalized directional indicators"]},"geometry":{"type":"Polygon","coordinates":[[[-5.88,54.61],[-5.863333333333333,54.61],[-5.863333333333333,54.625],[-5.88,54.625],[-5.88,54.61]]]}},{"type":"Feature","id":"belfast_06_13_2023","properties":{"cell_id":"belfast_06_13","year":2023,"row":6,"col":13,"development_pressure":0.331,"planning_intensity":0.272,"green_cover":0.319,"mobility_access":0.207,"bike_activity":0.056,"air_quality":0.794,"opportunity_access":0.327,"fairness_context":0.367,"deprivation_weighted_opportunity":0.273,"development_pressure_delta_2016":0.035,"planning_intensity_delta_2016":0.074,"green_cover_delta_2016":-0.022,"mobility_access_delta_2016":0.0,"bike_activity_delta_2016":0.0,"air_quality_delta_2016":0.186,"opportunity_access_delta_2016":-0.007,"fairness_context_delta_2016":0.0,"deprivation_weighted_opportunity_delta_2016":-0.006,"development_pressure_delta_previous":0.014,"planning_intensity_delta_previous":0.015,"green_cover_delta_previous":0.001,"mobility_access_delta_previous":0.0,"bike_activity_delta_previous":0.0,"air_quality_delta_previous":0.346,"opportunity_access_delta_previous":-0.001,"fairness_context_delta_previous":0.0,"deprivation_weighted_opportunity_delta_previous":-0.001,"dominant_change":"improved","confidence":"low","evidence":["OpenStreetMap building export clipped to Belfast NI core","250m-style grid proxy generated from local spatial anchors","NI Air annual trend proxy included","Opportunity and exposure scores are normalized directional indicators"]},"geometry":{"type":"Polygon","coordinates":[[[-5.863333333333333,54.61],[-5.846666666666667,54.61],[-5.846666666666667,54.625],[-5.863333333333333,54.625],[-5.863333333333333,54.61]]]}},{"type":"Feature","id":"belfast_06_14_2023","properties":{"cell_id":"belfast_06_14","year":2023,"row":6,"col":14,"development_pressure":0.199,"planning_intensity":0.145,"green_cover":0.307,"mobility_access":0.2,"bike_activity":0.05,"air_quality":0.815,"opportunity_access":0.323,"fairness_context":0.134,"deprivation_weighted_opportunity":0.25,"development_pressure_delta_2016":-0.021,"planning_intensity_delta_2016":0.01,"green_cover_delta_2016":-0.024,"mobility_access_delta_2016":0.0,"bike_activity_delta_2016":0.0,"air_quality_delta_2016":0.194,"opportunity_access_delta_2016":-0.003,"fairness_context_delta_2016":0.0,"deprivation_weighted_opportunity_delta_2016":-0.003,"development_pressure_delta_previous":0.022,"planning_intensity_delta_previous":0.014,"green_cover_delta_previous":-0.025,"mobility_access_delta_previous":0.0,"bike_activity_delta_previous":0.0,"air_quality_delta_previous":0.339,"opportunity_access_delta_previous":-0.007,"fairness_context_delta_previous":0.0,"deprivation_weighted_opportunity_delta_previous":-0.005,"dominant_change":"improved","confidence":"low","evidence":["OpenStreetMap building export clipped to Belfast NI core","250m-style grid proxy generated from local spatial anchors","NI Air annual trend proxy included","Opportunity and exposure scores are normalized directional indicators"]},"geometry":{"type":"Polygon","coordinates":[[[-5.846666666666667,54.61],[-5.83,54.61],[-5.83,54.625],[-5.846666666666667,54.625],[-5.846666666666667,54.61]]]}},{"type":"Feature","id":"belfast_06_15_2023","properties":{"cell_id":"belfast_06_15","year":2023,"row":6,"col":15,"development_pressure":0.145,"planning_intensity":0.082,"green_cover":0.29,"mobility_access":0.2,"bike_activity":0.05,"air_quality":0.82,"opportunity_access":0.325,"fairness_context":0.0,"deprivation_weighted_opportunity":0.24,"development_pressure_delta_2016":-0.035,"planning_intensity_delta_2016":-0.018,"green_cover_delta_2016":-0.022,"mobility_access_delta_2016":0.0,"bike_activity_delta_2016":0.0,"air_quality_delta_2016":0.197,"opportunity_access_delta_2016":-0.001,"fairness_context_delta_2016":0.0,"deprivation_weighted_opportunity_delta_2016":-0.001,"development_pressure_delta_previous":0.027,"planning_intensity_delta_previous":0.013,"green_cover_delta_previous":-0.035,"mobility_access_delta_previous":0.0,"bike_activity_delta_previous":0.0,"air_quality_delta_previous":0.336,"opportunity_access_delta_previous":-0.008,"fairness_context_delta_previous":0.0,"deprivation_weighted_opportunity_delta_previous":-0.006,"dominant_change":"improved","confidence":"low","evidence":["OpenStreetMap building export clipped to Belfast NI core","250m-style grid proxy generated from local spatial anchors","NI Air annual trend proxy included","Opportunity and exposure scores are normalized directional indicators"]},"geometry":{"type":"Polygon","coordinates":[[[-5.83,54.61],[-5.8133333333333335,54.61],[-5.8133333333333335,54.625],[-5.83,54.625],[-5.83,54.61]]]}},{"type":"Feature","id":"belfast_06_16_2023","properties":{"cell_id":"belfast_06_16","year":2023,"row":6,"col":16,"development_pressure":0.167,"planning_intensity":0.094,"green_cover":0.274,"mobility_access":0.2,"bike_activity":0.05,"air_quality":0.814,"opportunity_access":0.32,"fairness_context":0.0,"deprivation_weighted_opportunity":0.237,"development_pressure_delta_2016":-0.007,"planning_intensity_delta_2016":-0.003,"green_cover_delta_2016":-0.014,"mobility_access_delta_2016":0.0,"bike_activity_delta_2016":0.0,"air_quality_delta_2016":0.195,"opportunity_access_delta_2016":-0.002,"fairness_context_delta_2016":0.0,"deprivation_weighted_opportunity_delta_2016":-0.001,"development_pressure_delta_previous":0.025,"planning_intensity_delta_previous":0.013,"green_cover_delta_previous":-0.018,"mobility_access_delta_previous":0.0,"bike_activity_delta_previous":0.0,"air_quality_delta_previous":0.341,"opportunity_access_delta_previous":-0.005,"fairness_context_delta_previous":0.0,"deprivation_weighted_opportunity_delta_previous":-0.004,"dominant_change":"improved","confidence":"low","evidence":["OpenStreetMap building export clipped to Belfast NI core","250m-style grid proxy generated from local spatial anchors","NI Air annual trend proxy included","Opportunity and exposure scores are normalized directional indicators"]},"geometry":{"type":"Polygon","coordinates":[[[-5.8133333333333335,54.61],[-5.796666666666667,54.61],[-5.796666666666667,54.625],[-5.8133333333333335,54.625],[-5.8133333333333335,54.61]]]}},{"type":"Feature","id":"belfast_06_17_2023","properties":{"cell_id":"belfast_06_17","year":2023,"row":6,"col":17,"development_pressure":0.179,"planning_intensity":0.1,"green_cover":0.288,"mobility_access":0.2,"bike_activity":0.05,"air_quality":0.815,"opportunity_access":0.321,"fairness_context":0.0,"deprivation_weighted_opportunity":0.238,"development_pressure_delta_2016":0.024,"planning_intensity_delta_2016":0.013,"green_cover_delta_2016":0.0,"mobility_access_delta_2016":0.0,"bike_activity_delta_2016":0.0,"air_quality_delta_2016":0.193,"opportunity_access_delta_2016":-0.002,"fairness_context_delta_2016":0.0,"deprivation_weighted_opportunity_delta_2016":-0.001,"development_pressure_delta_previous":0.014,"planning_intensity_delta_previous":0.007,"green_cover_delta_previous":0.012,"mobility_access_delta_previous":0.0,"bike_activity_delta_previous":0.0,"air_quality_delta_previous":0.349,"opportunity_access_delta_previous":0.001,"fairness_context_delta_previous":0.0,"deprivation_weighted_opportunity_delta_previous":0.001,"dominant_change":"improved","confidence":"low","evidence":["OpenStreetMap building export clipped to Belfast NI core","250m-style grid proxy generated from local spatial anchors","NI Air annual trend proxy included","Opportunity and exposure scores are normalized directional indicators"]},"geometry":{"type":"Polygon","coordinates":[[[-5.796666666666667,54.61],[-5.78,54.61],[-5.78,54.625],[-5.796666666666667,54.625],[-5.796666666666667,54.61]]]}},{"type":"Feature","id":"belfast_07_00_2023","properties":{"cell_id":"belfast_07_00","year":2023,"row":7,"col":0,"development_pressure":0.102,"planning_intensity":0.061,"green_cover":0.348,"mobility_access":0.2,"bike_activity":0.05,"air_quality":0.839,"opportunity_access":0.338,"fairness_context":0.0,"deprivation_weighted_opportunity":0.25,"development_pressure_delta_2016":-0.02,"planning_intensity_delta_2016":-0.01,"green_cover_delta_2016":0.009,"mobility_access_delta_2016":0.0,"bike_activity_delta_2016":0.0,"air_quality_delta_2016":0.201,"opportunity_access_delta_2016":0.003,"fairness_context_delta_2016":0.0,"deprivation_weighted_opportunity_delta_2016":0.002,"development_pressure_delta_previous":-0.016,"planning_intensity_delta_previous":-0.008,"green_cover_delta_previous":0.021,"mobility_access_delta_previous":0.0,"bike_activity_delta_previous":0.0,"air_quality_delta_previous":0.355,"opportunity_access_delta_previous":0.005,"fairness_context_delta_previous":0.0,"deprivation_weighted_opportunity_delta_previous":0.003,"dominant_change":"improved","confidence":"low","evidence":["OpenStreetMap building export clipped to Belfast NI core","250m-style grid proxy generated from local spatial anchors","NI Air annual trend proxy included","Opportunity and exposure scores are normalized directional indicators"]},"geometry":{"type":"Polygon","coordinates":[[[-6.08,54.625],[-6.0633333333333335,54.625],[-6.0633333333333335,54.64],[-6.08,54.64],[-6.08,54.625]]]}},{"type":"Feature","id":"belfast_07_01_2023","properties":{"cell_id":"belfast_07_01","year":2023,"row":7,"col":1,"development_pressure":0.102,"planning_intensity":0.061,"green_cover":0.338,"mobility_access":0.2,"bike_activity":0.05,"air_quality":0.837,"opportunity_access":0.337,"fairness_context":0.0,"deprivation_weighted_opportunity":0.249,"development_pressure_delta_2016":-0.044,"planning_intensity_delta_2016":-0.022,"green_cover_delta_2016":-0.008,"mobility_access_delta_2016":0.0,"bike_activity_delta_2016":0.0,"air_quality_delta_2016":0.201,"opportunity_access_delta_2016":0.002,"fairness_context_delta_2016":0.0,"deprivation_weighted_opportunity_delta_2016":0.001,"development_pressure_delta_previous":0.0,"planning_intensity_delta_previous":0.0,"green_cover_delta_previous":-0.01,"mobility_access_delta_previous":0.0,"bike_activity_delta_previous":0.0,"air_quality_delta_previous":0.346,"opportunity_access_delta_previous":-0.001,"fairness_context_delta_previous":0.0,"deprivation_weighted_opportunity_delta_previous":-0.001,"dominant_change":"improved","confidence":"low","evidence":["OpenStreetMap building export clipped to Belfast NI core","250m-style grid proxy generated from local spatial anchors","NI Air annual trend proxy included","Opportunity and exposure scores are normalized directional indicators"]},"geometry":{"type":"Polygon","coordinates":[[[-6.0633333333333335,54.625],[-6.046666666666667,54.625],[-6.046666666666667,54.64],[-6.0633333333333335,54.64],[-6.0633333333333335,54.625]]]}},{"type":"Feature","id":"belfast_07_02_2023","properties":{"cell_id":"belfast_07_02","year":2023,"row":7,"col":2,"development_pressure":0.118,"planning_intensity":0.069,"green_cover":0.307,"mobility_access":0.2,"bike_activity":0.05,"air_quality":0.828,"opportunity_access":0.33,"fairness_context":0.0,"deprivation_weighted_opportunity":0.244,"development_pressure_delta_2016":-0.05,"planning_intensity_delta_2016":-0.025,"green_cover_delta_2016":-0.02,"mobility_access_delta_2016":0.0,"bike_activity_delta_2016":0.0,"air_quality_delta_2016":0.2,"opportunity_access_delta_2016":0.001,"fairness_context_delta_2016":0.0,"deprivation_weighted_opportunity_delta_2016":0.0,"development_pressure_delta_previous":0.016,"planning_intensity_delta_previous":0.008,"green_cover_delta_previous":-0.032,"mobility_access_delta_previous":0.0,"bike_activity_delta_previous":0.0,"air_quality_delta_previous":0.339,"opportunity_access_delta_previous":-0.007,"fairness_context_delta_previous":0.0,"deprivation_weighted_opportunity_delta_previous":-0.005,"dominant_change":"improved","confidence":"low","evidence":["OpenStreetMap building export clipped to Belfast NI core","250m-style grid proxy generated from local spatial anchors","NI Air annual trend proxy included","Opportunity and exposure scores are normalized directional indicators"]},"geometry":{"type":"Polygon","coordinates":[[[-6.046666666666667,54.625],[-6.03,54.625],[-6.03,54.64],[-6.046666666666667,54.64],[-6.046666666666667,54.625]]]}},{"type":"Feature","id":"belfast_07_03_2023","properties":{"cell_id":"belfast_07_03","year":2023,"row":7,"col":3,"development_pressure":0.141,"planning_intensity":0.081,"green_cover":0.281,"mobility_access":0.2,"bike_activity":0.05,"air_quality":0.819,"opportunity_access":0.323,"fairness_context":0.0,"deprivation_weighted_opportunity":0.239,"development_pressure_delta_2016":-0.039,"planning_intensity_delta_2016":-0.019,"green_cover_delta_2016":-0.015,"mobility_access_delta_2016":0.0,"bike_activity_delta_2016":0.0,"air_quality_delta_2016":0.199,"opportunity_access_delta_2016":0.0,"fairness_context_delta_2016":0.0,"deprivation_weighted_opportunity_delta_2016":0.0,"development_pressure_delta_previous":0.026,"planning_intensity_delta_previous":0.013,"green_cover_delta_previous":-0.028,"mobility_access_delta_previous":0.0,"bike_activity_delta_previous":0.0,"air_quality_delta_previous":0.338,"opportunity_access_delta_previous":-0.007,"fairness_context_delta_previous":0.0,"deprivation_weighted_opportunity_delta_previous":-0.005,"dominant_change":"improved","confidence":"low","evidence":["OpenStreetMap building export clipped to Belfast NI core","250m-style grid proxy generated from local spatial anchors","NI Air annual trend proxy included","Opportunity and exposure scores are normalized directional indicators"]},"geometry":{"type":"Polygon","coordinates":[[[-6.03,54.625],[-6.013333333333334,54.625],[-6.013333333333334,54.64],[-6.03,54.64],[-6.03,54.625]]]}},{"type":"Feature","id":"belfast_07_04_2023","properties":{"cell_id":"belfast_07_04","year":2023,"row":7,"col":4,"development_pressure":0.165,"planning_intensity":0.092,"green_cover":0.327,"mobility_access":0.2,"bike_activity":0.05,"air_quality":0.825,"opportunity_access":0.33,"fairness_context":0.069,"deprivation_weighted_opportunity":0.25,"development_pressure_delta_2016":-0.01,"planning_intensity_delta_2016":-0.006,"green_cover_delta_2016":-0.001,"mobility_access_delta_2016":0.0,"bike_activity_delta_2016":0.0,"air_quality_delta_2016":0.198,"opportunity_access_delta_2016":0.001,"fairness_context_delta_2016":0.0,"deprivation_weighted_opportunity_delta_2016":0.001,"development_pressure_delta_previous":0.026,"planning_intensity_delta_previous":0.013,"green_cover_delta_previous":-0.002,"mobility_access_delta_previous":0.0,"bike_activity_delta_previous":0.0,"air_quality_delta_previous":0.344,"opportunity_access_delta_previous":-0.002,"fairness_context_delta_previous":0.0,"deprivation_weighted_opportunity_delta_previous":-0.002,"dominant_change":"improved","confidence":"low","evidence":["OpenStreetMap building export clipped to Belfast NI core","250m-style grid proxy generated from local spatial anchors","NI Air annual trend proxy included","Opportunity and exposure scores are normalized directional indicators"]},"geometry":{"type":"Polygon","coordinates":[[[-6.013333333333334,54.625],[-5.996666666666667,54.625],[-5.996666666666667,54.64],[-6.013333333333334,54.64],[-6.013333333333334,54.625]]]}},{"type":"Feature","id":"belfast_07_05_2023","properties":{"cell_id":"belfast_07_05","year":2023,"row":7,"col":5,"development_pressure":0.183,"planning_intensity":0.099,"green_cover":0.389,"mobility_access":0.205,"bike_activity":0.054,"air_quality":0.832,"opportunity_access":0.348,"fairness_context":0.238,"deprivation_weighted_opportunity":0.279,"development_pressure_delta_2016":0.02,"planning_intensity_delta_2016":0.01,"green_cover_delta_2016":0.007,"mobility_access_delta_2016":0.0,"bike_activity_delta_2016":0.0,"air_quality_delta_2016":0.194,"opportunity_access_delta_2016":-0.001,"fairness_context_delta_2016":0.0,"deprivation_weighted_opportunity_delta_2016":-0.001,"development_pressure_delta_previous":0.016,"planning_intensity_delta_previous":0.008,"green_cover_delta_previous":0.022,"mobility_access_delta_previous":0.0,"bike_activity_delta_previous":0.0,"air_quality_delta_previous":0.349,"opportunity_access_delta_previous":0.002,"fairness_context_delta_previous":0.0,"deprivation_weighted_opportunity_delta_previous":0.002,"dominant_change":"improved","confidence":"low","evidence":["OpenStreetMap building export clipped to Belfast NI core","250m-style grid proxy generated from local spatial anchors","NI Air annual trend proxy included","Opportunity and exposure scores are normalized directional indicators"]},"geometry":{"type":"Polygon","coordinates":[[[-5.996666666666667,54.625],[-5.98,54.625],[-5.98,54.64],[-5.996666666666667,54.64],[-5.996666666666667,54.625]]]}},{"type":"Feature","id":"belfast_07_06_2023","properties":{"cell_id":"belfast_07_06","year":2023,"row":7,"col":6,"development_pressure":0.249,"planning_intensity":0.146,"green_cover":0.396,"mobility_access":0.222,"bike_activity":0.069,"air_quality":0.817,"opportunity_access":0.376,"fairness_context":0.436,"deprivation_weighted_opportunity":0.321,"development_pressure_delta_2016":0.062,"planning_intensity_delta_2016":0.044,"green_cover_delta_2016":-0.008,"mobility_access_delta_2016":0.0,"bike_activity_delta_2016":0.0,"air_quality_delta_2016":0.184,"opportunity_access_delta_2016":-0.006,"fairness_context_delta_2016":0.0,"deprivation_weighted_opportunity_delta_2016":-0.005,"development_pressure_delta_previous":0.002,"planning_intensity_delta_previous":0.003,"green_cover_delta_previous":0.021,"mobility_access_delta_previous":0.0,"bike_activity_delta_previous":0.0,"air_quality_delta_previous":0.352,"opportunity_access_delta_previous":0.004,"fairness_context_delta_previous":0.0,"deprivation_weighted_opportunity_delta_previous":0.003,"dominant_change":"improved","confidence":"low","evidence":["OpenStreetMap building export clipped to Belfast NI core","250m-style grid proxy generated from local spatial anchors","NI Air annual trend proxy included","Opportunity and exposure scores are normalized directional indicators"]},"geometry":{"type":"Polygon","coordinates":[[[-5.98,54.625],[-5.963333333333334,54.625],[-5.963333333333334,54.64],[-5.98,54.64],[-5.98,54.625]]]}},{"type":"Feature","id":"belfast_07_07_2023","properties":{"cell_id":"belfast_07_07","year":2023,"row":7,"col":7,"development_pressure":0.316,"planning_intensity":0.204,"green_cover":0.401,"mobility_access":0.235,"bike_activity":0.08,"air_quality":0.803,"opportunity_access":0.395,"fairness_context":0.593,"deprivation_weighted_opportunity":0.353,"development_pressure_delta_2016":0.095,"planning_intensity_delta_2016":0.078,"green_cover_delta_2016":-0.037,"mobility_access_delta_2016":0.0,"bike_activity_delta_2016":0.0,"air_quality_delta_2016":0.174,"opportunity_access_delta_2016":-0.014,"fairness_context_delta_2016":0.0,"deprivation_weighted_opportunity_delta_2016":-0.013,"development_pressure_delta_previous":-0.01,"planning_intensity_delta_previous":-0.001,"green_cover_delta_previous":-0.002,"mobility_access_delta_previous":0.0,"bike_activity_delta_previous":0.0,"air_quality_delta_previous":0.349,"opportunity_access_delta_previous":0.0,"fairness_context_delta_previous":0.0,"deprivation_weighted_opportunity_delta_previous":0.0,"dominant_change":"improved","confidence":"low","evidence":["OpenStreetMap building export clipped to Belfast NI core","250m-style grid proxy generated from local spatial anchors","NI Air annual trend proxy included","Opportunity and exposure scores are normalized directional indicators"]},"geometry":{"type":"Polygon","coordinates":[[[-5.963333333333334,54.625],[-5.946666666666667,54.625],[-5.946666666666667,54.64],[-5.963333333333334,54.64],[-5.963333333333334,54.625]]]}},{"type":"Feature","id":"belfast_07_08_2023","properties":{"cell_id":"belfast_07_08","year":2023,"row":7,"col":8,"development_pressure":0.349,"planning_intensity":0.273,"green_cover":0.507,"mobility_access":0.279,"bike_activity":0.111,"air_quality":0.816,"opportunity_access":0.44,"fairness_context":0.651,"deprivation_weighted_opportunity":0.4,"development_pressure_delta_2016":0.1,"planning_intensity_delta_2016":0.093,"green_cover_delta_2016":-0.055,"mobility_access_delta_2016":0.01,"bike_activity_delta_2016":0.017,"air_quality_delta_2016":0.169,"opportunity_access_delta_2016":-0.014,"fairness_context_delta_2016":0.0,"deprivation_weighted_opportunity_delta_2016":-0.013,"development_pressure_delta_previous":-0.017,"planning_intensity_delta_previous":-0.003,"green_cover_delta_previous":-0.024,"mobility_access_delta_previous":0.001,"bike_activity_delta_previous":0.0,"air_quality_delta_previous":0.346,"opportunity_access_delta_previous":-0.003,"fairness_context_delta_previous":0.0,"deprivation_weighted_opportunity_delta_previous":-0.002,"dominant_change":"improved","confidence":"low","evidence":["OpenStreetMap building export clipped to Belfast NI core","250m-style grid proxy generated from local spatial anchors","NI Air annual trend proxy included","Opportunity and exposure scores are normalized directional indicators"]},"geometry":{"type":"Polygon","coordinates":[[[-5.946666666666667,54.625],[-5.930000000000001,54.625],[-5.930000000000001,54.64],[-5.946666666666667,54.64],[-5.946666666666667,54.625]]]}},{"type":"Feature","id":"belfast_07_09_2023","properties":{"cell_id":"belfast_07_09","year":2023,"row":7,"col":9,"development_pressure":0.408,"planning_intensity":0.396,"green_cover":0.595,"mobility_access":0.328,"bike_activity":0.165,"air_quality":0.825,"opportunity_access":0.472,"fairness_context":0.573,"deprivation_weighted_opportunity":0.419,"development_pressure_delta_2016":0.103,"planning_intensity_delta_2016":0.116,"green_cover_delta_2016":-0.057,"mobility_access_delta_2016":0.031,"bike_activity_delta_2016":0.055,"air_quality_delta_2016":0.169,"opportunity_access_delta_2016":-0.005,"fairness_context_delta_2016":0.0,"deprivation_weighted_opportunity_delta_2016":-0.005,"development_pressure_delta_previous":-0.012,"planning_intensity_delta_previous":0.003,"green_cover_delta_previous":-0.027,"mobility_access_delta_previous":0.005,"bike_activity_delta_previous":0.0,"air_quality_delta_previous":0.345,"opportunity_access_delta_previous":-0.002,"fairness_context_delta_previous":0.0,"deprivation_weighted_opportunity_delta_previous":-0.002,"dominant_change":"improved","confidence":"low","evidence":["OpenStreetMap building export clipped to Belfast NI core","250m-style grid proxy generated from local spatial anchors","NI Air annual trend proxy included","Opportunity and exposure scores are normalized directional indicators"]},"geometry":{"type":"Polygon","coordinates":[[[-5.93,54.625],[-5.913333333333333,54.625],[-5.913333333333333,54.64],[-5.93,54.64],[-5.93,54.625]]]}},{"type":"Feature","id":"belfast_07_10_2023","properties":{"cell_id":"belfast_07_10","year":2023,"row":7,"col":10,"development_pressure":0.425,"planning_intensity":0.421,"green_cover":0.575,"mobility_access":0.329,"bike_activity":0.156,"air_quality":0.82,"opportunity_access":0.457,"fairness_context":0.692,"deprivation_weighted_opportunity":0.421,"development_pressure_delta_2016":0.085,"planning_intensity_delta_2016":0.117,"green_cover_delta_2016":-0.037,"mobility_access_delta_2016":0.03,"bike_activity_delta_2016":0.053,"air_quality_delta_2016":0.175,"opportunity_access_delta_2016":-0.001,"fairness_context_delta_2016":0.0,"deprivation_weighted_opportunity_delta_2016":0.0,"development_pressure_delta_previous":-0.001,"planning_intensity_delta_previous":0.01,"green_cover_delta_previous":-0.006,"mobility_access_delta_previous":0.004,"bike_activity_delta_previous":0.0,"air_quality_delta_previous":0.347,"opportunity_access_delta_previous":0.0,"fairness_context_delta_previous":0.0,"deprivation_weighted_opportunity_delta_previous":0.001,"dominant_change":"improved","confidence":"low","evidence":["OpenStreetMap building export clipped to Belfast NI core","250m-style grid proxy generated from local spatial anchors","NI Air annual trend proxy included","Opportunity and exposure scores are normalized directional indicators"]},"geometry":{"type":"Polygon","coordinates":[[[-5.913333333333333,54.625],[-5.8966666666666665,54.625],[-5.8966666666666665,54.64],[-5.913333333333333,54.64],[-5.913333333333333,54.625]]]}},{"type":"Feature","id":"belfast_07_11_2023","properties":{"cell_id":"belfast_07_11","year":2023,"row":7,"col":11,"development_pressure":0.395,"planning_intensity":0.348,"green_cover":0.467,"mobility_access":0.254,"bike_activity":0.088,"air_quality":0.808,"opportunity_access":0.39,"fairness_context":0.658,"deprivation_weighted_opportunity":0.355,"development_pressure_delta_2016":0.055,"planning_intensity_delta_2016":0.098,"green_cover_delta_2016":-0.013,"mobility_access_delta_2016":0.008,"bike_activity_delta_2016":0.014,"air_quality_delta_2016":0.184,"opportunity_access_delta_2016":-0.004,"fairness_context_delta_2016":0.0,"deprivation_weighted_opportunity_delta_2016":-0.004,"development_pressure_delta_previous":0.015,"planning_intensity_delta_previous":0.018,"green_cover_delta_previous":0.016,"mobility_access_delta_previous":0.001,"bike_activity_delta_previous":0.0,"air_quality_delta_previous":0.349,"opportunity_access_delta_previous":0.002,"fairness_context_delta_previous":0.0,"deprivation_weighted_opportunity_delta_previous":0.002,"dominant_change":"improved","confidence":"low","evidence":["OpenStreetMap building export clipped to Belfast NI core","250m-style grid proxy generated from local spatial anchors","NI Air annual trend proxy included","Opportunity and exposure scores are normalized directional indicators"]},"geometry":{"type":"Polygon","coordinates":[[[-5.8966666666666665,54.625],[-5.88,54.625],[-5.88,54.64],[-5.8966666666666665,54.64],[-5.8966666666666665,54.625]]]}},{"type":"Feature","id":"belfast_07_12_2023","properties":{"cell_id":"belfast_07_12","year":2023,"row":7,"col":12,"development_pressure":0.325,"planning_intensity":0.262,"green_cover":0.373,"mobility_access":0.205,"bike_activity":0.054,"air_quality":0.807,"opportunity_access":0.334,"fairness_context":0.502,"deprivation_weighted_opportunity":0.29,"development_pressure_delta_2016":0.024,"planning_intensity_delta_2016":0.064,"green_cover_delta_2016":-0.003,"mobility_access_delta_2016":0.0,"bike_activity_delta_2016":0.0,"air_quality_delta_2016":0.192,"opportunity_access_delta_2016":-0.002,"fairness_context_delta_2016":0.0,"deprivation_weighted_opportunity_delta_2016":-0.003,"development_pressure_delta_previous":0.027,"planning_intensity_delta_previous":0.021,"green_cover_delta_previous":0.019,"mobility_access_delta_previous":0.0,"bike_activity_delta_previous":0.0,"air_quality_delta_previous":0.348,"opportunity_access_delta_previous":0.002,"fairness_context_delta_previous":0.0,"deprivation_weighted_opportunity_delta_previous":0.001,"dominant_change":"improved","confidence":"low","evidence":["OpenStreetMap building export clipped to Belfast NI core","250m-style grid proxy generated from local spatial anchors","NI Air annual trend proxy included","Opportunity and exposure scores are normalized directional indicators"]},"geometry":{"type":"Polygon","coordinates":[[[-5.88,54.625],[-5.863333333333333,54.625],[-5.863333333333333,54.64],[-5.88,54.64],[-5.88,54.625]]]}},{"type":"Feature","id":"belfast_07_13_2023","properties":{"cell_id":"belfast_07_13","year":2023,"row":7,"col":13,"development_pressure":0.244,"planning_intensity":0.178,"green_cover":0.316,"mobility_access":0.2,"bike_activity":0.05,"air_quality":0.81,"opportunity_access":0.321,"fairness_context":0.302,"deprivation_weighted_opportunity":0.263,"development_pressure_delta_2016":0.0,"planning_intensity_delta_2016":0.026,"green_cover_delta_2016":-0.012,"mobility_access_delta_2016":0.0,"bike_activity_delta_2016":0.0,"air_quality_delta_2016":0.194,"opportunity_access_delta_2016":-0.002,"fairness_context_delta_2016":0.0,"deprivation_weighted_opportunity_delta_2016":-0.002,"development_pressure_delta_previous":0.031,"planning_intensity_delta_previous":0.019,"green_cover_delta_previous":-0.002,"mobility_access_delta_previous":0.0,"bike_activity_delta_previous":0.0,"air_quality_delta_previous":0.343,"opportunity_access_delta_previous":-0.003,"fairness_context_delta_previous":0.0,"deprivation_weighted_opportunity_delta_previous":-0.002,"dominant_change":"improved","confidence":"low","evidence":["OpenStreetMap building export clipped to Belfast NI core","250m-style grid proxy generated from local spatial anchors","NI Air annual trend proxy included","Opportunity and exposure scores are normalized directional indicators"]},"geometry":{"type":"Polygon","coordinates":[[[-5.863333333333333,54.625],[-5.846666666666667,54.625],[-5.846666666666667,54.64],[-5.863333333333333,54.64],[-5.863333333333333,54.625]]]}},{"type":"Feature","id":"belfast_07_14_2023","properties":{"cell_id":"belfast_07_14","year":2023,"row":7,"col":14,"development_pressure":0.165,"planning_intensity":0.093,"green_cover":0.314,"mobility_access":0.2,"bike_activity":0.05,"air_quality":0.822,"opportunity_access":0.327,"fairness_context":0.085,"deprivation_weighted_opportunity":0.249,"development_pressure_delta_2016":-0.01,"planning_intensity_delta_2016":-0.005,"green_cover_delta_2016":-0.024,"mobility_access_delta_2016":0.0,"bike_activity_delta_2016":0.0,"air_quality_delta_2016":0.193,"opportunity_access_delta_2016":-0.004,"fairness_context_delta_2016":0.0,"deprivation_weighted_opportunity_delta_2016":-0.003,"development_pressure_delta_previous":0.026,"planning_intensity_delta_previous":0.013,"green_cover_delta_previous":-0.026,"mobility_access_delta_previous":0.0,"bike_activity_delta_previous":0.0,"air_quality_delta_previous":0.339,"opportunity_access_delta_previous":-0.007,"fairness_context_delta_previous":0.0,"deprivation_weighted_opportunity_delta_previous":-0.006,"dominant_change":"improved","confidence":"low","evidence":["OpenStreetMap building export clipped to Belfast NI core","250m-style grid proxy generated from local spatial anchors","NI Air annual trend proxy included","Opportunity and exposure scores are normalized directional indicators"]},"geometry":{"type":"Polygon","coordinates":[[[-5.846666666666667,54.625],[-5.83,54.625],[-5.83,54.64],[-5.846666666666667,54.64],[-5.846666666666667,54.625]]]}},{"type":"Feature","id":"belfast_07_15_2023","properties":{"cell_id":"belfast_07_15","year":2023,"row":7,"col":15,"development_pressure":0.179,"planning_intensity":0.099,"green_cover":0.283,"mobility_access":0.2,"bike_activity":0.05,"air_quality":0.814,"opportunity_access":0.321,"fairness_context":0.0,"deprivation_weighted_opportunity":0.237,"development_pressure_delta_2016":0.022,"planning_intensity_delta_2016":0.01,"green_cover_delta_2016":-0.033,"mobility_access_delta_2016":0.0,"bike_activity_delta_2016":0.0,"air_quality_delta_2016":0.186,"opportunity_access_delta_2016":-0.007,"fairness_context_delta_2016":0.0,"deprivation_weighted_opportunity_delta_2016":-0.006,"development_pressure_delta_previous":0.016,"planning_intensity_delta_previous":0.007,"green_cover_delta_previous":-0.033,"mobility_access_delta_previous":0.0,"bike_activity_delta_previous":0.0,"air_quality_delta_previous":0.339,"opportunity_access_delta_previous":-0.007,"fairness_context_delta_previous":0.0,"deprivation_weighted_opportunity_delta_previous":-0.006,"dominant_change":"improved","confidence":"low","evidence":["OpenStreetMap building export clipped to Belfast NI core","250m-style grid proxy generated from local spatial anchors","NI Air annual trend proxy included","Opportunity and exposure scores are normalized directional indicators"]},"geometry":{"type":"Polygon","coordinates":[[[-5.83,54.625],[-5.8133333333333335,54.625],[-5.8133333333333335,54.64],[-5.83,54.64],[-5.83,54.625]]]}},{"type":"Feature","id":"belfast_07_16_2023","properties":{"cell_id":"belfast_07_16","year":2023,"row":7,"col":16,"development_pressure":0.177,"planning_intensity":0.099,"green_cover":0.272,"mobility_access":0.2,"bike_activity":0.05,"air_quality":0.812,"opportunity_access":0.319,"fairness_context":0.0,"deprivation_weighted_opportunity":0.236,"development_pressure_delta_2016":0.044,"planning_intensity_delta_2016":0.023,"green_cover_delta_2016":-0.022,"mobility_access_delta_2016":0.0,"bike_activity_delta_2016":0.0,"air_quality_delta_2016":0.185,"opportunity_access_delta_2016":-0.007,"fairness_context_delta_2016":0.0,"deprivation_weighted_opportunity_delta_2016":-0.005,"development_pressure_delta_previous":-0.001,"planning_intensity_delta_previous":0.0,"green_cover_delta_previous":-0.012,"mobility_access_delta_previous":0.0,"bike_activity_delta_previous":0.0,"air_quality_delta_previous":0.346,"opportunity_access_delta_previous":-0.002,"fairness_context_delta_previous":0.0,"deprivation_weighted_opportunity_delta_previous":-0.001,"dominant_change":"improved","confidence":"low","evidence":["OpenStreetMap building export clipped to Belfast NI core","250m-style grid proxy generated from local spatial anchors","NI Air annual trend proxy included","Opportunity and exposure scores are normalized directional indicators"]},"geometry":{"type":"Polygon","coordinates":[[[-5.8133333333333335,54.625],[-5.796666666666667,54.625],[-5.796666666666667,54.64],[-5.8133333333333335,54.64],[-5.8133333333333335,54.625]]]}},{"type":"Feature","id":"belfast_07_17_2023","properties":{"cell_id":"belfast_07_17","year":2023,"row":7,"col":17,"development_pressure":0.162,"planning_intensity":0.091,"green_cover":0.292,"mobility_access":0.2,"bike_activity":0.05,"air_quality":0.818,"opportunity_access":0.324,"fairness_context":0.0,"deprivation_weighted_opportunity":0.239,"development_pressure_delta_2016":0.051,"planning_intensity_delta_2016":0.026,"green_cover_delta_2016":-0.003,"mobility_access_delta_2016":0.0,"bike_activity_delta_2016":0.0,"air_quality_delta_2016":0.187,"opportunity_access_delta_2016":-0.004,"fairness_context_delta_2016":0.0,"deprivation_weighted_opportunity_delta_2016":-0.004,"development_pressure_delta_previous":-0.016,"planning_intensity_delta_previous":-0.008,"green_cover_delta_previous":0.019,"mobility_access_delta_previous":0.0,"bike_activity_delta_previous":0.0,"air_quality_delta_previous":0.354,"opportunity_access_delta_previous":0.005,"fairness_context_delta_previous":0.0,"deprivation_weighted_opportunity_delta_previous":0.003,"dominant_change":"improved","confidence":"low","evidence":["OpenStreetMap building export clipped to Belfast NI core","250m-style grid proxy generated from local spatial anchors","NI Air annual trend proxy included","Opportunity and exposure scores are normalized directional indicators"]},"geometry":{"type":"Polygon","coordinates":[[[-5.796666666666667,54.625],[-5.78,54.625],[-5.78,54.64],[-5.796666666666667,54.64],[-5.796666666666667,54.625]]]}},{"type":"Feature","id":"belfast_08_00_2023","properties":{"cell_id":"belfast_08_00","year":2023,"row":8,"col":0,"development_pressure":0.115,"planning_intensity":0.068,"green_cover":0.345,"mobility_access":0.2,"bike_activity":0.05,"air_quality":0.836,"opportunity_access":0.337,"fairness_context":0.0,"deprivation_weighted_opportunity":0.249,"development_pressure_delta_2016":-0.051,"planning_intensity_delta_2016":-0.025,"green_cover_delta_2016":0.013,"mobility_access_delta_2016":0.0,"bike_activity_delta_2016":0.0,"air_quality_delta_2016":0.207,"opportunity_access_delta_2016":0.007,"fairness_context_delta_2016":0.0,"deprivation_weighted_opportunity_delta_2016":0.004,"development_pressure_delta_previous":0.014,"planning_intensity_delta_previous":0.008,"green_cover_delta_previous":0.015,"mobility_access_delta_previous":0.0,"bike_activity_delta_previous":0.0,"air_quality_delta_previous":0.348,"opportunity_access_delta_previous":0.002,"fairness_context_delta_previous":0.0,"deprivation_weighted_opportunity_delta_previous":0.001,"dominant_change":"improved","confidence":"low","evidence":["OpenStreetMap building export clipped to Belfast NI core","250m-style grid proxy generated from local spatial anchors","NI Air annual trend proxy included","Opportunity and exposure scores are normalized directional indicators"]},"geometry":{"type":"Polygon","coordinates":[[[-6.08,54.64],[-6.0633333333333335,54.64],[-6.0633333333333335,54.655],[-6.08,54.655],[-6.08,54.64]]]}},{"type":"Feature","id":"belfast_08_01_2023","properties":{"cell_id":"belfast_08_01","year":2023,"row":8,"col":1,"development_pressure":0.139,"planning_intensity":0.079,"green_cover":0.331,"mobility_access":0.2,"bike_activity":0.05,"air_quality":0.83,"opportunity_access":0.332,"fairness_context":0.0,"deprivation_weighted_opportunity":0.246,"development_pressure_delta_2016":-0.04,"planning_intensity_delta_2016":-0.021,"green_cover_delta_2016":-0.01,"mobility_access_delta_2016":0.0,"bike_activity_delta_2016":0.0,"air_quality_delta_2016":0.201,"opportunity_access_delta_2016":0.001,"fairness_context_delta_2016":0.0,"deprivation_weighted_opportunity_delta_2016":0.001,"development_pressure_delta_previous":0.026,"planning_intensity_delta_previous":0.012,"green_cover_delta_previous":-0.015,"mobility_access_delta_previous":0.0,"bike_activity_delta_previous":0.0,"air_quality_delta_previous":0.341,"opportunity_access_delta_previous":-0.005,"fairness_context_delta_previous":0.0,"deprivation_weighted_opportunity_delta_previous":-0.004,"dominant_change":"improved","confidence":"low","evidence":["OpenStreetMap building export clipped to Belfast NI core","250m-style grid proxy generated from local spatial anchors","NI Air annual trend proxy included","Opportunity and exposure scores are normalized directional indicators"]},"geometry":{"type":"Polygon","coordinates":[[[-6.0633333333333335,54.64],[-6.046666666666667,54.64],[-6.046666666666667,54.655],[-6.0633333333333335,54.655],[-6.0633333333333335,54.64]]]}},{"type":"Feature","id":"belfast_08_02_2023","properties":{"cell_id":"belfast_08_02","year":2023,"row":8,"col":2,"development_pressure":0.162,"planning_intensity":0.091,"green_cover":0.298,"mobility_access":0.2,"bike_activity":0.05,"air_quality":0.819,"opportunity_access":0.325,"fairness_context":0.0,"deprivation_weighted_opportunity":0.24,"development_pressure_delta_2016":-0.015,"planning_intensity_delta_2016":-0.007,"green_cover_delta_2016":-0.027,"mobility_access_delta_2016":0.0,"bike_activity_delta_2016":0.0,"air_quality_delta_2016":0.193,"opportunity_access_delta_2016":-0.003,"fairness_context_delta_2016":0.0,"deprivation_weighted_opportunity_delta_2016":-0.003,"development_pressure_delta_previous":0.026,"planning_intensity_delta_previous":0.013,"green_cover_delta_previous":-0.034,"mobility_access_delta_previous":0.0,"bike_activity_delta_previous":0.0,"air_quality_delta_previous":0.337,"opportunity_access_delta_previous":-0.008,"fairness_context_delta_previous":0.0,"deprivation_weighted_opportunity_delta_previous":-0.006,"dominant_change":"improved","confidence":"low","evidence":["OpenStreetMap building export clipped to Belfast NI core","250m-style grid proxy generated from local spatial anchors","NI Air annual trend proxy included","Opportunity and exposure scores are normalized directional indicators"]},"geometry":{"type":"Polygon","coordinates":[[[-6.046666666666667,54.64],[-6.03,54.64],[-6.03,54.655],[-6.046666666666667,54.655],[-6.046666666666667,54.64]]]}},{"type":"Feature","id":"belfast_08_03_2023","properties":{"cell_id":"belfast_08_03","year":2023,"row":8,"col":3,"development_pressure":0.178,"planning_intensity":0.099,"green_cover":0.273,"mobility_access":0.2,"bike_activity":0.05,"air_quality":0.812,"opportunity_access":0.319,"fairness_context":0.0,"deprivation_weighted_opportunity":0.236,"development_pressure_delta_2016":0.018,"planning_intensity_delta_2016":0.009,"green_cover_delta_2016":-0.026,"mobility_access_delta_2016":0.0,"bike_activity_delta_2016":0.0,"air_quality_delta_2016":0.188,"opportunity_access_delta_2016":-0.006,"fairness_context_delta_2016":0.0,"deprivation_weighted_opportunity_delta_2016":-0.005,"development_pressure_delta_previous":0.018,"planning_intensity_delta_previous":0.009,"green_cover_delta_previous":-0.026,"mobility_access_delta_previous":0.0,"bike_activity_delta_previous":0.0,"air_quality_delta_previous":0.34,"opportunity_access_delta_previous":-0.006,"fairness_context_delta_previous":0.0,"deprivation_weighted_opportunity_delta_previous":-0.005,"dominant_change":"improved","confidence":"low","evidence":["OpenStreetMap building export clipped to Belfast NI core","250m-style grid proxy generated from local spatial anchors","NI Air annual trend proxy included","Opportunity and exposure scores are normalized directional indicators"]},"geometry":{"type":"Polygon","coordinates":[[[-6.03,54.64],[-6.013333333333334,54.64],[-6.013333333333334,54.655],[-6.03,54.655],[-6.03,54.64]]]}},{"type":"Feature","id":"belfast_08_04_2023","properties":{"cell_id":"belfast_08_04","year":2023,"row":8,"col":4,"development_pressure":0.178,"planning_intensity":0.099,"green_cover":0.278,"mobility_access":0.2,"bike_activity":0.05,"air_quality":0.813,"opportunity_access":0.32,"fairness_context":0.0,"deprivation_weighted_opportunity":0.237,"development_pressure_delta_2016":0.042,"planning_intensity_delta_2016":0.021,"green_cover_delta_2016":-0.01,"mobility_access_delta_2016":0.0,"bike_activity_delta_2016":0.0,"air_quality_delta_2016":0.187,"opportunity_access_delta_2016":-0.005,"fairness_context_delta_2016":0.0,"deprivation_weighted_opportunity_delta_2016":-0.004,"development_pressure_delta_previous":0.001,"planning_intensity_delta_previous":0.001,"green_cover_delta_previous":0.003,"mobility_access_delta_previous":0.0,"bike_activity_delta_previous":0.0,"air_quality_delta_previous":0.349,"opportunity_access_delta_previous":0.001,"fairness_context_delta_previous":0.0,"deprivation_weighted_opportunity_delta_previous":0.001,"dominant_change":"improved","confidence":"low","evidence":["OpenStreetMap building export clipped to Belfast NI core","250m-style grid proxy generated from local spatial anchors","NI Air annual trend proxy included","Opportunity and exposure scores are normalized directional indicators"]},"geometry":{"type":"Polygon","coordinates":[[[-6.013333333333334,54.64],[-5.996666666666667,54.64],[-5.996666666666667,54.655],[-6.013333333333334,54.655],[-6.013333333333334,54.64]]]}},{"type":"Feature","id":"belfast_08_05_2023","properties":{"cell_id":"belfast_08_05","year":2023,"row":8,"col":5,"development_pressure":0.164,"planning_intensity":0.092,"green_cover":0.308,"mobility_access":0.2,"bike_activity":0.05,"air_quality":0.821,"opportunity_access":0.326,"fairness_context":0.02,"deprivation_weighted_opportunity":0.243,"development_pressure_delta_2016":0.051,"planning_intensity_delta_2016":0.025,"green_cover_delta_2016":0.003,"mobility_access_delta_2016":0.0,"bike_activity_delta_2016":0.0,"air_quality_delta_2016":0.189,"opportunity_access_delta_2016":-0.004,"fairness_context_delta_2016":0.0,"deprivation_weighted_opportunity_delta_2016":-0.003,"development_pressure_delta_previous":-0.015,"planning_intensity_delta_previous":-0.008,"green_cover_delta_previous":0.029,"mobility_access_delta_previous":0.0,"bike_activity_delta_previous":0.0,"air_quality_delta_previous":0.356,"opportunity_access_delta_previous":0.006,"fairness_context_delta_previous":0.0,"deprivation_weighted_opportunity_delta_previous":0.005,"dominant_change":"improved","confidence":"low","evidence":["OpenStreetMap building export clipped to Belfast NI core","250m-style grid proxy generated from local spatial anchors","NI Air annual trend proxy included","Opportunity and exposure scores are normalized directional indicators"]},"geometry":{"type":"Polygon","coordinates":[[[-5.996666666666667,54.64],[-5.98,54.64],[-5.98,54.655],[-5.996666666666667,54.655],[-5.996666666666667,54.64]]]}},{"type":"Feature","id":"belfast_08_06_2023","properties":{"cell_id":"belfast_08_06","year":2023,"row":8,"col":6,"development_pressure":0.141,"planning_intensity":0.08,"green_cover":0.336,"mobility_access":0.2,"bike_activity":0.05,"air_quality":0.83,"opportunity_access":0.333,"fairness_context":0.164,"deprivation_weighted_opportunity":0.261,"development_pressure_delta_2016":0.04,"planning_intensity_delta_2016":0.02,"green_cover_delta_2016":0.001,"mobility_access_delta_2016":0.0,"bike_activity_delta_2016":0.0,"air_quality_delta_2016":0.189,"opportunity_access_delta_2016":-0.003,"fairness_context_delta_2016":0.0,"deprivation_weighted_opportunity_delta_2016":-0.002,"development_pressure_delta_previous":-0.026,"planning_intensity_delta_previous":-0.013,"green_cover_delta_previous":0.028,"mobility_access_delta_previous":0.0,"bike_activity_delta_previous":0.0,"air_quality_delta_previous":0.357,"opportunity_access_delta_previous":0.007,"fairness_context_delta_previous":0.0,"deprivation_weighted_opportunity_delta_previous":0.006,"dominant_change":"improved","confidence":"low","evidence":["OpenStreetMap building export clipped to Belfast NI core","250m-style grid proxy generated from local spatial anchors","NI Air annual trend proxy included","Opportunity and exposure scores are normalized directional indicators"]},"geometry":{"type":"Polygon","coordinates":[[[-5.98,54.64],[-5.963333333333334,54.64],[-5.963333333333334,54.655],[-5.98,54.655],[-5.98,54.64]]]}},{"type":"Feature","id":"belfast_08_07_2023","properties":{"cell_id":"belfast_08_07","year":2023,"row":8,"col":7,"development_pressure":0.117,"planning_intensity":0.069,"green_cover":0.341,"mobility_access":0.2,"bike_activity":0.05,"air_quality":0.835,"opportunity_access":0.336,"fairness_context":0.261,"deprivation_weighted_opportunity":0.271,"development_pressure_delta_2016":0.014,"planning_intensity_delta_2016":0.007,"green_cover_delta_2016":-0.012,"mobility_access_delta_2016":0.0,"bike_activity_delta_2016":0.0,"air_quality_delta_2016":0.191,"opportunity_access_delta_2016":-0.003,"fairness_context_delta_2016":0.0,"deprivation_weighted_opportunity_delta_2016":-0.003,"development_pressure_delta_previous":-0.027,"planning_intensity_delta_previous":-0.013,"green_cover_delta_previous":0.004,"mobility_access_delta_previous":0.0,"bike_activity_delta_previous":0.0,"air_quality_delta_previous":0.353,"opportunity_access_delta_previous":0.003,"fairness_context_delta_previous":0.0,"deprivation_weighted_opportunity_delta_previous":0.002,"dominant_change":"improved","confidence":"low","evidence":["OpenStreetMap building export clipped to Belfast NI core","250m-style grid proxy generated from local spatial anchors","NI Air annual trend proxy included","Opportunity and exposure scores are normalized directional indicators"]},"geometry":{"type":"Polygon","coordinates":[[[-5.963333333333334,54.64],[-5.946666666666667,54.64],[-5.946666666666667,54.655],[-5.963333333333334,54.655],[-5.963333333333334,54.64]]]}},{"type":"Feature","id":"belfast_08_08_2023","properties":{"cell_id":"belfast_08_08","year":2023,"row":8,"col":8,"development_pressure":0.103,"planning_intensity":0.067,"green_cover":0.373,"mobility_access":0.201,"bike_activity":0.051,"air_quality":0.844,"opportunity_access":0.344,"fairness_context":0.291,"deprivation_weighted_opportunity":0.281,"development_pressure_delta_2016":-0.018,"planning_intensity_delta_2016":-0.009,"green_cover_delta_2016":-0.023,"mobility_access_delta_2016":0.0,"bike_activity_delta_2016":0.0,"air_quality_delta_2016":0.195,"opportunity_access_delta_2016":-0.003,"fairness_context_delta_2016":0.0,"deprivation_weighted_opportunity_delta_2016":-0.002,"development_pressure_delta_previous":-0.017,"planning_intensity_delta_previous":-0.009,"green_cover_delta_previous":-0.022,"mobility_access_delta_previous":0.0,"bike_activity_delta_previous":0.0,"air_quality_delta_previous":0.347,"opportunity_access_delta_previous":-0.003,"fairness_context_delta_previous":0.0,"deprivation_weighted_opportunity_delta_previous":-0.002,"dominant_change":"improved","confidence":"low","evidence":["OpenStreetMap building export clipped to Belfast NI core","250m-style grid proxy generated from local spatial anchors","NI Air annual trend proxy included","Opportunity and exposure scores are normalized directional indicators"]},"geometry":{"type":"Polygon","coordinates":[[[-5.946666666666667,54.64],[-5.930000000000001,54.64],[-5.930000000000001,54.655],[-5.946666666666667,54.655],[-5.946666666666667,54.64]]]}},{"type":"Feature","id":"belfast_08_09_2023","properties":{"cell_id":"belfast_08_09","year":2023,"row":8,"col":9,"development_pressure":0.137,"planning_intensity":0.134,"green_cover":0.412,"mobility_access":0.201,"bike_activity":0.051,"air_quality":0.846,"opportunity_access":0.348,"fairness_context":0.273,"deprivation_weighted_opportunity":0.282,"development_pressure_delta_2016":-0.03,"planning_intensity_delta_2016":-0.006,"green_cover_delta_2016":-0.02,"mobility_access_delta_2016":0.0,"bike_activity_delta_2016":0.0,"air_quality_delta_2016":0.197,"opportunity_access_delta_2016":-0.002,"fairness_context_delta_2016":0.0,"deprivation_weighted_opportunity_delta_2016":-0.002,"development_pressure_delta_previous":0.0,"planning_intensity_delta_previous":0.001,"green_cover_delta_previous":-0.027,"mobility_access_delta_previous":0.0,"bike_activity_delta_previous":0.0,"air_quality_delta_previous":0.343,"opportunity_access_delta_previous":-0.005,"fairness_context_delta_previous":0.0,"deprivation_weighted_opportunity_delta_previous":-0.004,"dominant_change":"improved","confidence":"low","evidence":["OpenStreetMap building export clipped to Belfast NI core","250m-style grid proxy generated from local spatial anchors","NI Air annual trend proxy included","Opportunity and exposure scores are normalized directional indicators"]},"geometry":{"type":"Polygon","coordinates":[[[-5.93,54.64],[-5.913333333333333,54.64],[-5.913333333333333,54.655],[-5.93,54.655],[-5.93,54.64]]]}},{"type":"Feature","id":"belfast_08_10_2023","properties":{"cell_id":"belfast_08_10","year":2023,"row":8,"col":10,"development_pressure":0.175,"planning_intensity":0.163,"green_cover":0.395,"mobility_access":0.2,"bike_activity":0.05,"air_quality":0.837,"opportunity_access":0.341,"fairness_context":0.335,"deprivation_weighted_opportunity":0.282,"development_pressure_delta_2016":-0.029,"planning_intensity_delta_2016":0.001,"green_cover_delta_2016":-0.004,"mobility_access_delta_2016":0.0,"bike_activity_delta_2016":0.0,"air_quality_delta_2016":0.2,"opportunity_access_delta_2016":0.002,"fairness_context_delta_2016":0.0,"deprivation_weighted_opportunity_delta_2016":0.001,"development_pressure_delta_previous":0.018,"planning_intensity_delta_previous":0.011,"green_cover_delta_previous":-0.008,"mobility_access_delta_previous":0.0,"bike_activity_delta_previous":0.0,"air_quality_delta_previous":0.344,"opportunity_access_delta_previous":-0.003,"fairness_context_delta_previous":0.0,"deprivation_weighted_opportunity_delta_previous":-0.003,"dominant_change":"improved","confidence":"low","evidence":["OpenStreetMap building export clipped to Belfast NI core","250m-style grid proxy generated from local spatial anchors","NI Air annual trend proxy included","Opportunity and exposure scores are normalized directional indicators"]},"geometry":{"type":"Polygon","coordinates":[[[-5.913333333333333,54.64],[-5.8966666666666665,54.64],[-5.8966666666666665,54.655],[-5.913333333333333,54.655],[-5.913333333333333,54.64]]]}},{"type":"Feature","id":"belfast_08_11_2023","properties":{"cell_id":"belfast_08_11","year":2023,"row":8,"col":11,"development_pressure":0.187,"planning_intensity":0.129,"green_cover":0.335,"mobility_access":0.2,"bike_activity":0.05,"air_quality":0.823,"opportunity_access":0.329,"fairness_context":0.319,"deprivation_weighted_opportunity":0.271,"development_pressure_delta_2016":-0.022,"planning_intensity_delta_2016":0.001,"green_cover_delta_2016":0.011,"mobility_access_delta_2016":0.0,"bike_activity_delta_2016":0.0,"air_quality_delta_2016":0.202,"opportunity_access_delta_2016":0.004,"fairness_context_delta_2016":0.0,"deprivation_weighted_opportunity_delta_2016":0.003,"development_pressure_delta_previous":0.028,"planning_intensity_delta_previous":0.015,"green_cover_delta_previous":0.015,"mobility_access_delta_previous":0.0,"bike_activity_delta_previous":0.0,"air_quality_delta_previous":0.347,"opportunity_access_delta_previous":0.0,"fairness_context_delta_previous":0.0,"deprivation_weighted_opportunity_delta_previous":0.0,"dominant_change":"improved","confidence":"low","evidence":["OpenStreetMap building export clipped to Belfast NI core","250m-style grid proxy generated from local spatial anchors","NI Air annual trend proxy included","Opportunity and exposure scores are normalized directional indicators"]},"geometry":{"type":"Polygon","coordinates":[[[-5.8966666666666665,54.64],[-5.88,54.64],[-5.88,54.655],[-5.8966666666666665,54.655],[-5.8966666666666665,54.64]]]}},{"type":"Feature","id":"belfast_08_12_2023","properties":{"cell_id":"belfast_08_12","year":2023,"row":8,"col":12,"development_pressure":0.165,"planning_intensity":0.094,"green_cover":0.326,"mobility_access":0.2,"bike_activity":0.05,"air_quality":0.824,"opportunity_access":0.329,"fairness_context":0.229,"deprivation_weighted_opportunity":0.263,"development_pressure_delta_2016":-0.013,"planning_intensity_delta_2016":-0.005,"green_cover_delta_2016":0.011,"mobility_access_delta_2016":0.0,"bike_activity_delta_2016":0.0,"air_quality_delta_2016":0.2,"opportunity_access_delta_2016":0.003,"fairness_context_delta_2016":0.0,"deprivation_weighted_opportunity_delta_2016":0.002,"development_pressure_delta_previous":0.026,"planning_intensity_delta_previous":0.014,"green_cover_delta_previous":0.02,"mobility_access_delta_previous":0.0,"bike_activity_delta_previous":0.0,"air_quality_delta_previous":0.347,"opportunity_access_delta_previous":0.001,"fairness_context_delta_previous":0.0,"deprivation_weighted_opportunity_delta_previous":0.001,"dominant_change":"improved","confidence":"low","evidence":["OpenStreetMap building export clipped to Belfast NI core","250m-style grid proxy generated from local spatial anchors","NI Air annual trend proxy included","Opportunity and exposure scores are normalized directional indicators"]},"geometry":{"type":"Polygon","coordinates":[[[-5.88,54.64],[-5.863333333333333,54.64],[-5.863333333333333,54.655],[-5.88,54.655],[-5.88,54.64]]]}},{"type":"Feature","id":"belfast_08_13_2023","properties":{"cell_id":"belfast_08_13","year":2023,"row":8,"col":13,"development_pressure":0.178,"planning_intensity":0.099,"green_cover":0.331,"mobility_access":0.2,"bike_activity":0.05,"air_quality":0.823,"opportunity_access":0.329,"fairness_context":0.087,"deprivation_weighted_opportunity":0.251,"development_pressure_delta_2016":0.018,"planning_intensity_delta_2016":0.009,"green_cover_delta_2016":-0.01,"mobility_access_delta_2016":0.0,"bike_activity_delta_2016":0.0,"air_quality_delta_2016":0.191,"opportunity_access_delta_2016":-0.004,"fairness_context_delta_2016":0.0,"deprivation_weighted_opportunity_delta_2016":-0.003,"development_pressure_delta_previous":0.017,"planning_intensity_delta_previous":0.009,"green_cover_delta_previous":0.003,"mobility_access_delta_previous":0.0,"bike_activity_delta_previous":0.0,"air_quality_delta_previous":0.345,"opportunity_access_delta_previous":-0.001,"fairness_context_delta_previous":0.0,"deprivation_weighted_opportunity_delta_previous":-0.001,"dominant_change":"improved","confidence":"low","evidence":["OpenStreetMap building export clipped to Belfast NI core","250m-style grid proxy generated from local spatial anchors","NI Air annual trend proxy included","Opportunity and exposure scores are normalized directional indicators"]},"geometry":{"type":"Polygon","coordinates":[[[-5.863333333333333,54.64],[-5.846666666666667,54.64],[-5.846666666666667,54.655],[-5.863333333333333,54.655],[-5.863333333333333,54.64]]]}},{"type":"Feature","id":"belfast_08_14_2023","properties":{"cell_id":"belfast_08_14","year":2023,"row":8,"col":14,"development_pressure":0.178,"planning_intensity":0.099,"green_cover":0.311,"mobility_access":0.2,"bike_activity":0.05,"air_quality":0.819,"opportunity_access":0.326,"fairness_context":0.0,"deprivation_weighted_opportunity":0.241,"development_pressure_delta_2016":0.043,"planning_intensity_delta_2016":0.021,"green_cover_delta_2016":-0.033,"mobility_access_delta_2016":0.0,"bike_activity_delta_2016":0.0,"air_quality_delta_2016":0.182,"opportunity_access_delta_2016":-0.009,"fairness_context_delta_2016":0.0,"deprivation_weighted_opportunity_delta_2016":-0.007,"development_pressure_delta_previous":0.001,"planning_intensity_delta_previous":0.001,"green_cover_delta_previous":-0.021,"mobility_access_delta_previous":0.0,"bike_activity_delta_previous":0.0,"air_quality_delta_previous":0.343,"opportunity_access_delta_previous":-0.004,"fairness_context_delta_previous":0.0,"deprivation_weighted_opportunity_delta_previous":-0.003,"dominant_change":"improved","confidence":"low","evidence":["OpenStreetMap building export clipped to Belfast NI core","250m-style grid proxy generated from local spatial anchors","NI Air annual trend proxy included","Opportunity and exposure scores are normalized directional indicators"]},"geometry":{"type":"Polygon","coordinates":[[[-5.846666666666667,54.64],[-5.83,54.64],[-5.83,54.655],[-5.846666666666667,54.655],[-5.846666666666667,54.64]]]}},{"type":"Feature","id":"belfast_08_15_2023","properties":{"cell_id":"belfast_08_15","year":2023,"row":8,"col":15,"development_pressure":0.164,"planning_intensity":0.092,"green_cover":0.286,"mobility_access":0.2,"bike_activity":0.05,"air_quality":0.817,"opportunity_access":0.322,"fairness_context":0.0,"deprivation_weighted_opportunity":0.239,"development_pressure_delta_2016":0.051,"planning_intensity_delta_2016":0.026,"green_cover_delta_2016":-0.037,"mobility_access_delta_2016":0.0,"bike_activity_delta_2016":0.0,"air_quality_delta_2016":0.181,"opportunity_access_delta_2016":-0.011,"fairness_context_delta_2016":0.0,"deprivation_weighted_opportunity_delta_2016":-0.008,"development_pressure_delta_previous":-0.015,"planning_intensity_delta_previous":-0.007,"green_cover_delta_previous":-0.026,"mobility_access_delta_previous":0.0,"bike_activity_delta_previous":0.0,"air_quality_delta_previous":0.346,"opportunity_access_delta_previous":-0.004,"fairness_context_delta_previous":0.0,"deprivation_weighted_opportunity_delta_previous":-0.002,"dominant_change":"improved","confidence":"low","evidence":["OpenStreetMap building export clipped to Belfast NI core","250m-style grid proxy generated from local spatial anchors","NI Air annual trend proxy included","Opportunity and exposure scores are normalized directional indicators"]},"geometry":{"type":"Polygon","coordinates":[[[-5.83,54.64],[-5.8133333333333335,54.64],[-5.8133333333333335,54.655],[-5.83,54.655],[-5.83,54.64]]]}},{"type":"Feature","id":"belfast_08_16_2023","properties":{"cell_id":"belfast_08_16","year":2023,"row":8,"col":16,"development_pressure":0.14,"planning_intensity":0.08,"green_cover":0.28,"mobility_access":0.2,"bike_activity":0.05,"air_quality":0.819,"opportunity_access":0.323,"fairness_context":0.0,"deprivation_weighted_opportunity":0.239,"development_pressure_delta_2016":0.039,"planning_intensity_delta_2016":0.02,"green_cover_delta_2016":-0.019,"mobility_access_delta_2016":0.0,"bike_activity_delta_2016":0.0,"air_quality_delta_2016":0.186,"opportunity_access_delta_2016":-0.007,"fairness_context_delta_2016":0.0,"deprivation_weighted_opportunity_delta_2016":-0.005,"development_pressure_delta_previous":-0.026,"planning_intensity_delta_previous":-0.013,"green_cover_delta_previous":-0.007,"mobility_access_delta_previous":0.0,"bike_activity_delta_previous":0.0,"air_quality_delta_previous":0.351,"opportunity_access_delta_previous":0.001,"fairness_context_delta_previous":0.0,"deprivation_weighted_opportunity_delta_previous":0.0,"dominant_change":"improved","confidence":"low","evidence":["OpenStreetMap building export clipped to Belfast NI core","250m-style grid proxy generated from local spatial anchors","NI Air annual trend proxy included","Opportunity and exposure scores are normalized directional indicators"]},"geometry":{"type":"Polygon","coordinates":[[[-5.8133333333333335,54.64],[-5.796666666666667,54.64],[-5.796666666666667,54.655],[-5.8133333333333335,54.655],[-5.8133333333333335,54.64]]]}},{"type":"Feature","id":"belfast_08_17_2023","properties":{"cell_id":"belfast_08_17","year":2023,"row":8,"col":17,"development_pressure":0.117,"planning_intensity":0.068,"green_cover":0.301,"mobility_access":0.2,"bike_activity":0.05,"air_quality":0.827,"opportunity_access":0.329,"fairness_context":0.0,"deprivation_weighted_opportunity":0.243,"development_pressure_delta_2016":0.013,"planning_intensity_delta_2016":0.006,"green_cover_delta_2016":0.005,"mobility_access_delta_2016":0.0,"bike_activity_delta_2016":0.0,"air_quality_delta_2016":0.195,"opportunity_access_delta_2016":0.0,"fairness_context_delta_2016":0.0,"deprivation_weighted_opportunity_delta_2016":0.0,"development_pressure_delta_previous":-0.026,"planning_intensity_delta_previous":-0.014,"green_cover_delta_previous":0.021,"mobility_access_delta_previous":0.0,"bike_activity_delta_previous":0.0,"air_quality_delta_previous":0.356,"opportunity_access_delta_previous":0.006,"fairness_context_delta_previous":0.0,"deprivation_weighted_opportunity_delta_previous":0.004,"dominant_change":"improved","confidence":"low","evidence":["OpenStreetMap building export clipped to Belfast NI core","250m-style grid proxy generated from local spatial anchors","NI Air annual trend proxy included","Opportunity and exposure scores are normalized directional indicators"]},"geometry":{"type":"Polygon","coordinates":[[[-5.796666666666667,54.64],[-5.78,54.64],[-5.78,54.655],[-5.796666666666667,54.655],[-5.796666666666667,54.64]]]}},{"type":"Feature","id":"belfast_09_00_2023","properties":{"cell_id":"belfast_09_00","year":2023,"row":9,"col":0,"development_pressure":0.16,"planning_intensity":0.09,"green_cover":0.335,"mobility_access":0.2,"bike_activity":0.05,"air_quality":0.827,"opportunity_access":0.331,"fairness_context":0.0,"deprivation_weighted_opportunity":0.245,"development_pressure_delta_2016":-0.018,"planning_intensity_delta_2016":-0.009,"green_cover_delta_2016":0.005,"mobility_access_delta_2016":0.0,"bike_activity_delta_2016":0.0,"air_quality_delta_2016":0.2,"opportunity_access_delta_2016":0.002,"fairness_context_delta_2016":0.0,"deprivation_weighted_opportunity_delta_2016":0.001,"development_pressure_delta_previous":0.027,"planning_intensity_delta_previous":0.013,"green_cover_delta_previous":0.011,"mobility_access_delta_previous":0.0,"bike_activity_delta_previous":0.0,"air_quality_delta_previous":0.346,"opportunity_access_delta_previous":-0.001,"fairness_context_delta_previous":0.0,"deprivation_weighted_opportunity_delta_previous":0.0,"dominant_change":"improved","confidence":"low","evidence":["OpenStreetMap building export clipped to Belfast NI core","250m-style grid proxy generated from local spatial anchors","NI Air annual trend proxy included","Opportunity and exposure scores are normalized directional indicators"]},"geometry":{"type":"Polygon","coordinates":[[[-6.08,54.655],[-6.0633333333333335,54.655],[-6.0633333333333335,54.67],[-6.08,54.67],[-6.08,54.655]]]}},{"type":"Feature","id":"belfast_09_01_2023","properties":{"cell_id":"belfast_09_01","year":2023,"row":9,"col":1,"development_pressure":0.177,"planning_intensity":0.098,"green_cover":0.322,"mobility_access":0.2,"bike_activity":0.05,"air_quality":0.822,"opportunity_access":0.328,"fairness_context":0.0,"deprivation_weighted_opportunity":0.243,"development_pressure_delta_2016":0.014,"planning_intensity_delta_2016":0.007,"green_cover_delta_2016":-0.022,"mobility_access_delta_2016":0.0,"bike_activity_delta_2016":0.0,"air_quality_delta_2016":0.19,"opportunity_access_delta_2016":-0.005,"fairness_context_delta_2016":0.0,"deprivation_weighted_opportunity_delta_2016":-0.003,"development_pressure_delta_previous":0.019,"planning_intensity_delta_previous":0.009,"green_cover_delta_previous":-0.015,"mobility_access_delta_previous":0.0,"bike_activity_delta_previous":0.0,"air_quality_delta_previous":0.342,"opportunity_access_delta_previous":-0.004,"fairness_context_delta_previous":0.0,"deprivation_weighted_opportunity_delta_previous":-0.003,"dominant_change":"improved","confidence":"low","evidence":["OpenStreetMap building export clipped to Belfast NI core","250m-style grid proxy generated from local spatial anchors","NI Air annual trend proxy included","Opportunity and exposure scores are normalized directional indicators"]},"geometry":{"type":"Polygon","coordinates":[[[-6.0633333333333335,54.655],[-6.046666666666667,54.655],[-6.046666666666667,54.67],[-6.0633333333333335,54.67],[-6.0633333333333335,54.655]]]}},{"type":"Feature","id":"belfast_09_02_2023","properties":{"cell_id":"belfast_09_02","year":2023,"row":9,"col":2,"development_pressure":0.179,"planning_intensity":0.1,"green_cover":0.294,"mobility_access":0.2,"bike_activity":0.05,"air_quality":0.816,"opportunity_access":0.323,"fairness_context":0.0,"deprivation_weighted_opportunity":0.239,"development_pressure_delta_2016":0.04,"planning_intensity_delta_2016":0.021,"green_cover_delta_2016":-0.037,"mobility_access_delta_2016":0.0,"bike_activity_delta_2016":0.0,"air_quality_delta_2016":0.182,"opportunity_access_delta_2016":-0.01,"fairness_context_delta_2016":0.0,"deprivation_weighted_opportunity_delta_2016":-0.007,"development_pressure_delta_previous":0.004,"planning_intensity_delta_previous":0.002,"green_cover_delta_previous":-0.03,"mobility_access_delta_previous":0.0,"bike_activity_delta_previous":0.0,"air_quality_delta_previous":0.342,"opportunity_access_delta_previous":-0.005,"fairness_context_delta_previous":0.0,"deprivation_weighted_opportunity_delta_previous":-0.004,"dominant_change":"improved","confidence":"low","evidence":["OpenStreetMap building export clipped to Belfast NI core","250m-style grid proxy generated from local spatial anchors","NI Air annual trend proxy included","Opportunity and exposure scores are normalized directional indicators"]},"geometry":{"type":"Polygon","coordinates":[[[-6.046666666666667,54.655],[-6.03,54.655],[-6.03,54.67],[-6.046666666666667,54.67],[-6.046666666666667,54.655]]]}},{"type":"Feature","id":"belfast_09_03_2023","properties":{"cell_id":"belfast_09_03","year":2023,"row":9,"col":3,"development_pressure":0.167,"planning_intensity":0.093,"green_cover":0.276,"mobility_access":0.2,"bike_activity":0.05,"air_quality":0.814,"opportunity_access":0.32,"fairness_context":0.0,"deprivation_weighted_opportunity":0.237,"development_pressure_delta_2016":0.051,"planning_intensity_delta_2016":0.025,"green_cover_delta_2016":-0.03,"mobility_access_delta_2016":0.0,"bike_activity_delta_2016":0.0,"air_quality_delta_2016":0.182,"opportunity_access_delta_2016":-0.01,"fairness_context_delta_2016":0.0,"deprivation_weighted_opportunity_delta_2016":-0.007,"development_pressure_delta_previous":-0.013,"planning_intensity_delta_previous":-0.007,"green_cover_delta_previous":-0.019,"mobility_access_delta_previous":0.0,"bike_activity_delta_previous":0.0,"air_quality_delta_previous":0.346,"opportunity_access_delta_previous":-0.003,"fairness_context_delta_previous":0.0,"deprivation_weighted_opportunity_delta_previous":-0.002,"dominant_change":"improved","confidence":"low","evidence":["OpenStreetMap building export clipped to Belfast NI core","250m-style grid proxy generated from local spatial anchors","NI Air annual trend proxy included","Opportunity and exposure scores are normalized directional indicators"]},"geometry":{"type":"Polygon","coordinates":[[[-6.03,54.655],[-6.013333333333334,54.655],[-6.013333333333334,54.67],[-6.03,54.67],[-6.03,54.655]]]}},{"type":"Feature","id":"belfast_09_04_2023","properties":{"cell_id":"belfast_09_04","year":2023,"row":9,"col":4,"development_pressure":0.144,"planning_intensity":0.082,"green_cover":0.285,"mobility_access":0.2,"bike_activity":0.05,"air_quality":0.82,"opportunity_access":0.324,"fairness_context":0.0,"deprivation_weighted_opportunity":0.24,"development_pressure_delta_2016":0.042,"planning_intensity_delta_2016":0.021,"green_cover_delta_2016":-0.009,"mobility_access_delta_2016":0.0,"bike_activity_delta_2016":0.0,"air_quality_delta_2016":0.188,"opportunity_access_delta_2016":-0.005,"fairness_context_delta_2016":0.0,"deprivation_weighted_opportunity_delta_2016":-0.003,"development_pressure_delta_previous":-0.025,"planning_intensity_delta_previous":-0.012,"green_cover_delta_previous":0.008,"mobility_access_delta_previous":0.0,"bike_activity_delta_previous":0.0,"air_quality_delta_previous":0.354,"opportunity_access_delta_previous":0.004,"fairness_context_delta_previous":0.0,"deprivation_weighted_opportunity_delta_previous":0.003,"dominant_change":"improved","confidence":"low","evidence":["OpenStreetMap building export clipped to Belfast NI core","250m-style grid proxy generated from local spatial anchors","NI Air annual trend proxy included","Opportunity and exposure scores are normalized directional indicators"]},"geometry":{"type":"Polygon","coordinates":[[[-6.013333333333334,54.655],[-5.996666666666667,54.655],[-5.996666666666667,54.67],[-6.013333333333334,54.67],[-6.013333333333334,54.655]]]}},{"type":"Feature","id":"belfast_09_05_2023","properties":{"cell_id":"belfast_09_05","year":2023,"row":9,"col":5,"development_pressure":0.12,"planning_intensity":0.07,"green_cover":0.317,"mobility_access":0.2,"bike_activity":0.05,"air_quality":0.83,"opportunity_access":0.332,"fairness_context":0.0,"deprivation_weighted_opportunity":0.245,"development_pressure_delta_2016":0.018,"planning_intensity_delta_2016":0.009,"green_cover_delta_2016":0.011,"mobility_access_delta_2016":0.0,"bike_activity_delta_2016":0.0,"air_quality_delta_2016":0.195,"opportunity_access_delta_2016":0.001,"fairness_context_delta_2016":0.0,"deprivation_weighted_opportunity_delta_2016":0.0,"development_pressure_delta_previous":-0.027,"planning_intensity_delta_previous":-0.013,"green_cover_delta_previous":0.031,"mobility_access_delta_previous":0.0,"bike_activity_delta_previous":0.0,"air_quality_delta_previous":0.359,"opportunity_access_delta_previous":0.008,"fairness_context_delta_previous":0.0,"deprivation_weighted_opportunity_delta_previous":0.005,"dominant_change":"improved","confidence":"low","evidence":["OpenStreetMap building export clipped to Belfast NI core","250m-style grid proxy generated from local spatial anchors","NI Air annual trend proxy included","Opportunity and exposure scores are normalized directional indicators"]},"geometry":{"type":"Polygon","coordinates":[[[-5.996666666666667,54.655],[-5.98,54.655],[-5.98,54.67],[-5.996666666666667,54.67],[-5.996666666666667,54.655]]]}},{"type":"Feature","id":"belfast_09_06_2023","properties":{"cell_id":"belfast_09_06","year":2023,"row":9,"col":6,"development_pressure":0.103,"planning_intensity":0.062,"green_cover":0.344,"mobility_access":0.2,"bike_activity":0.05,"air_quality":0.838,"opportunity_access":0.338,"fairness_context":0.0,"deprivation_weighted_opportunity":0.25,"development_pressure_delta_2016":-0.015,"planning_intensity_delta_2016":-0.007,"green_cover_delta_2016":0.012,"mobility_access_delta_2016":0.0,"bike_activity_delta_2016":0.0,"air_quality_delta_2016":0.201,"opportunity_access_delta_2016":0.004,"fairness_context_delta_2016":0.0,"deprivation_weighted_opportunity_delta_2016":0.003,"development_pressure_delta_previous":-0.019,"planning_intensity_delta_previous":-0.009,"green_cover_delta_previous":0.026,"mobility_access_delta_previous":0.0,"bike_activity_delta_previous":0.0,"air_quality_delta_previous":0.356,"opportunity_access_delta_previous":0.007,"fairness_context_delta_previous":0.0,"deprivation_weighted_opportunity_delta_previous":0.005,"dominant_change":"improved","confidence":"low","evidence":["OpenStreetMap building export clipped to Belfast NI core","250m-style grid proxy generated from local spatial anchors","NI Air annual trend proxy included","Opportunity and exposure scores are normalized directional indicators"]},"geometry":{"type":"Polygon","coordinates":[[[-5.98,54.655],[-5.963333333333334,54.655],[-5.963333333333334,54.67],[-5.98,54.67],[-5.98,54.655]]]}},{"type":"Feature","id":"belfast_09_07_2023","properties":{"cell_id":"belfast_09_07","year":2023,"row":9,"col":7,"development_pressure":0.101,"planning_intensity":0.061,"green_cover":0.344,"mobility_access":0.2,"bike_activity":0.05,"air_quality":0.838,"opportunity_access":0.338,"fairness_context":0.0,"deprivation_weighted_opportunity":0.25,"development_pressure_delta_2016":-0.04,"planning_intensity_delta_2016":-0.02,"green_cover_delta_2016":-0.003,"mobility_access_delta_2016":0.0,"bike_activity_delta_2016":0.0,"air_quality_delta_2016":0.202,"opportunity_access_delta_2016":0.003,"fairness_context_delta_2016":0.0,"deprivation_weighted_opportunity_delta_2016":0.002,"development_pressure_delta_previous":-0.003,"planning_intensity_delta_previous":-0.001,"green_cover_delta_previous":-0.001,"mobility_access_delta_previous":0.0,"bike_activity_delta_previous":0.0,"air_quality_delta_previous":0.348,"opportunity_access_delta_previous":0.0,"fairness_context_delta_previous":0.0,"deprivation_weighted_opportunity_delta_previous":0.0,"dominant_change":"improved","confidence":"low","evidence":["OpenStreetMap building export clipped to Belfast NI core","250m-style grid proxy generated from local spatial anchors","NI Air annual trend proxy included","Opportunity and exposure scores are normalized directional indicators"]},"geometry":{"type":"Polygon","coordinates":[[[-5.963333333333334,54.655],[-5.946666666666667,54.655],[-5.946666666666667,54.67],[-5.963333333333334,54.67],[-5.963333333333334,54.655]]]}},{"type":"Feature","id":"belfast_09_08_2023","properties":{"cell_id":"belfast_09_08","year":2023,"row":9,"col":8,"development_pressure":0.114,"planning_intensity":0.067,"green_cover":0.317,"mobility_access":0.2,"bike_activity":0.05,"air_quality":0.831,"opportunity_access":0.332,"fairness_context":0.0,"deprivation_weighted_opportunity":0.246,"development_pressure_delta_2016":-0.051,"planning_intensity_delta_2016":-0.025,"green_cover_delta_2016":-0.017,"mobility_access_delta_2016":0.0,"bike_activity_delta_2016":0.0,"air_quality_delta_2016":0.201,"opportunity_access_delta_2016":0.001,"fairness_context_delta_2016":0.0,"deprivation_weighted_opportunity_delta_2016":0.001,"development_pressure_delta_previous":0.014,"planning_intensity_delta_previous":0.007,"green_cover_delta_previous":-0.028,"mobility_access_delta_previous":0.0,"bike_activity_delta_previous":0.0,"air_quality_delta_previous":0.341,"opportunity_access_delta_previous":-0.006,"fairness_context_delta_previous":0.0,"deprivation_weighted_opportunity_delta_previous":-0.004,"dominant_change":"improved","confidence":"low","evidence":["OpenStreetMap building export clipped to Belfast NI core","250m-style grid proxy generated from local spatial anchors","NI Air annual trend proxy included","Opportunity and exposure scores are normalized directional indicators"]},"geometry":{"type":"Polygon","coordinates":[[[-5.946666666666667,54.655],[-5.930000000000001,54.655],[-5.930000000000001,54.67],[-5.946666666666667,54.67],[-5.946666666666667,54.655]]]}},{"type":"Feature","id":"belfast_09_09_2023","properties":{"cell_id":"belfast_09_09","year":2023,"row":9,"col":9,"development_pressure":0.137,"planning_intensity":0.128,"green_cover":0.335,"mobility_access":0.2,"bike_activity":0.05,"air_quality":0.831,"opportunity_access":0.333,"fairness_context":0.0,"deprivation_weighted_opportunity":0.247,"development_pressure_delta_2016":-0.042,"planning_intensity_delta_2016":-0.021,"green_cover_delta_2016":-0.019,"mobility_access_delta_2016":0.0,"bike_activity_delta_2016":0.0,"air_quality_delta_2016":0.199,"opportunity_access_delta_2016":0.0,"fairness_context_delta_2016":0.0,"deprivation_weighted_opportunity_delta_2016":0.0,"development_pressure_delta_previous":0.025,"planning_intensity_delta_previous":0.013,"green_cover_delta_previous":-0.032,"mobility_access_delta_previous":0.0,"bike_activity_delta_previous":0.0,"air_quality_delta_previous":0.338,"opportunity_access_delta_previous":-0.008,"fairness_context_delta_previous":0.0,"deprivation_weighted_opportunity_delta_previous":-0.005,"dominant_change":"improved","confidence":"low","evidence":["OpenStreetMap building export clipped to Belfast NI core","250m-style grid proxy generated from local spatial anchors","NI Air annual trend proxy included","Opportunity and exposure scores are normalized directional indicators"]},"geometry":{"type":"Polygon","coordinates":[[[-5.93,54.655],[-5.913333333333333,54.655],[-5.913333333333333,54.67],[-5.93,54.67],[-5.93,54.655]]]}},{"type":"Feature","id":"belfast_09_10_2023","properties":{"cell_id":"belfast_09_10","year":2023,"row":9,"col":10,"development_pressure":0.161,"planning_intensity":0.192,"green_cover":0.379,"mobility_access":0.2,"bike_activity":0.05,"air_quality":0.836,"opportunity_access":0.339,"fairness_context":0.0,"deprivation_weighted_opportunity":0.251,"development_pressure_delta_2016":-0.016,"planning_intensity_delta_2016":-0.008,"green_cover_delta_2016":-0.006,"mobility_access_delta_2016":0.0,"bike_activity_delta_2016":0.0,"air_quality_delta_2016":0.198,"opportunity_access_delta_2016":0.0,"fairness_context_delta_2016":0.0,"deprivation_weighted_opportunity_delta_2016":0.0,"development_pressure_delta_previous":0.027,"planning_intensity_delta_previous":0.014,"green_cover_delta_previous":-0.01,"mobility_access_delta_previous":0.0,"bike_activity_delta_previous":0.0,"air_quality_delta_previous":0.342,"opportunity_access_delta_previous":-0.004,"fairness_context_delta_previous":0.0,"deprivation_weighted_opportunity_delta_previous":-0.003,"dominant_change":"improved","confidence":"low","evidence":["OpenStreetMap building export clipped to Belfast NI core","250m-style grid proxy generated from local spatial anchors","NI Air annual trend proxy included","Opportunity and exposure scores are normalized directional indicators"]},"geometry":{"type":"Polygon","coordinates":[[[-5.913333333333333,54.655],[-5.8966666666666665,54.655],[-5.8966666666666665,54.67],[-5.913333333333333,54.67],[-5.913333333333333,54.655]]]}},{"type":"Feature","id":"belfast_09_11_2023","properties":{"cell_id":"belfast_09_11","year":2023,"row":9,"col":11,"development_pressure":0.177,"planning_intensity":0.168,"green_cover":0.366,"mobility_access":0.2,"bike_activity":0.05,"air_quality":0.831,"opportunity_access":0.336,"fairness_context":0.0,"deprivation_weighted_opportunity":0.248,"development_pressure_delta_2016":0.015,"planning_intensity_delta_2016":0.007,"green_cover_delta_2016":0.006,"mobility_access_delta_2016":0.0,"bike_activity_delta_2016":0.0,"air_quality_delta_2016":0.195,"opportunity_access_delta_2016":0.0,"fairness_context_delta_2016":0.0,"deprivation_weighted_opportunity_delta_2016":-0.001,"development_pressure_delta_previous":0.019,"planning_intensity_delta_previous":0.009,"green_cover_delta_previous":0.017,"mobility_access_delta_previous":0.0,"bike_activity_delta_previous":0.0,"air_quality_delta_previous":0.349,"opportunity_access_delta_previous":0.002,"fairness_context_delta_previous":0.0,"deprivation_weighted_opportunity_delta_previous":0.001,"dominant_change":"improved","confidence":"low","evidence":["OpenStreetMap building export clipped to Belfast NI core","250m-style grid proxy generated from local spatial anchors","NI Air annual trend proxy included","Opportunity and exposure scores are normalized directional indicators"]},"geometry":{"type":"Polygon","coordinates":[[[-5.8966666666666665,54.655],[-5.88,54.655],[-5.88,54.67],[-5.8966666666666665,54.67],[-5.8966666666666665,54.655]]]}},{"type":"Feature","id":"belfast_09_12_2023","properties":{"cell_id":"belfast_09_12","year":2023,"row":9,"col":12,"development_pressure":0.179,"planning_intensity":0.112,"green_cover":0.336,"mobility_access":0.2,"bike_activity":0.05,"air_quality":0.824,"opportunity_access":0.33,"fairness_context":0.0,"deprivation_weighted_opportunity":0.244,"development_pressure_delta_2016":0.041,"planning_intensity_delta_2016":0.02,"green_cover_delta_2016":0.003,"mobility_access_delta_2016":0.0,"bike_activity_delta_2016":0.0,"air_quality_delta_2016":0.19,"opportunity_access_delta_2016":-0.003,"fairness_context_delta_2016":0.0,"deprivation_weighted_opportunity_delta_2016":-0.002,"development_pressure_delta_previous":0.003,"planning_intensity_delta_previous":0.002,"green_cover_delta_previous":0.026,"mobility_access_delta_previous":0.0,"bike_activity_delta_previous":0.0,"air_quality_delta_previous":0.352,"opportunity_access_delta_previous":0.004,"fairness_context_delta_previous":0.0,"deprivation_weighted_opportunity_delta_previous":0.003,"dominant_change":"improved","confidence":"low","evidence":["OpenStreetMap building export clipped to Belfast NI core","250m-style grid proxy generated from local spatial anchors","NI Air annual trend proxy included","Opportunity and exposure scores are normalized directional indicators"]},"geometry":{"type":"Polygon","coordinates":[[[-5.88,54.655],[-5.863333333333333,54.655],[-5.863333333333333,54.67],[-5.88,54.67],[-5.88,54.655]]]}},{"type":"Feature","id":"belfast_09_13_2023","properties":{"cell_id":"belfast_09_13","year":2023,"row":9,"col":13,"development_pressure":0.166,"planning_intensity":0.093,"green_cover":0.333,"mobility_access":0.2,"bike_activity":0.05,"air_quality":0.826,"opportunity_access":0.331,"fairness_context":0.0,"deprivation_weighted_opportunity":0.245,"development_pressure_delta_2016":0.051,"planning_intensity_delta_2016":0.026,"green_cover_delta_2016":-0.015,"mobility_access_delta_2016":0.0,"bike_activity_delta_2016":0.0,"air_quality_delta_2016":0.185,"opportunity_access_delta_2016":-0.007,"fairness_context_delta_2016":0.0,"deprivation_weighted_opportunity_delta_2016":-0.005,"development_pressure_delta_previous":-0.013,"planning_intensity_delta_previous":-0.007,"green_cover_delta_previous":0.008,"mobility_access_delta_previous":0.0,"bike_activity_delta_previous":0.0,"air_quality_delta_previous":0.352,"opportunity_access_delta_previous":0.003,"fairness_context_delta_previous":0.0,"deprivation_weighted_opportunity_delta_previous":0.002,"dominant_change":"improved","confidence":"low","evidence":["OpenStreetMap building export clipped to Belfast NI core","250m-style grid proxy generated from local spatial anchors","NI Air annual trend proxy included","Opportunity and exposure scores are normalized directional indicators"]},"geometry":{"type":"Polygon","coordinates":[[[-5.863333333333333,54.655],[-5.846666666666667,54.655],[-5.846666666666667,54.67],[-5.863333333333333,54.67],[-5.863333333333333,54.655]]]}},{"type":"Feature","id":"belfast_09_14_2023","properties":{"cell_id":"belfast_09_14","year":2023,"row":9,"col":14,"development_pressure":0.143,"planning_intensity":0.082,"green_cover":0.319,"mobility_access":0.2,"bike_activity":0.05,"air_quality":0.827,"opportunity_access":0.33,"fairness_context":0.0,"deprivation_weighted_opportunity":0.244,"development_pressure_delta_2016":0.042,"planning_intensity_delta_2016":0.021,"green_cover_delta_2016":-0.031,"mobility_access_delta_2016":0.0,"bike_activity_delta_2016":0.0,"air_quality_delta_2016":0.184,"opportunity_access_delta_2016":-0.009,"fairness_context_delta_2016":0.0,"deprivation_weighted_opportunity_delta_2016":-0.007,"development_pressure_delta_previous":-0.025,"planning_intensity_delta_previous":-0.012,"green_cover_delta_previous":-0.015,"mobility_access_delta_previous":0.0,"bike_activity_delta_previous":0.0,"air_quality_delta_previous":0.349,"opportunity_access_delta_previous":-0.001,"fairness_context_delta_previous":0.0,"deprivation_weighted_opportunity_delta_previous":-0.001,"dominant_change":"improved","confidence":"low","evidence":["OpenStreetMap building export clipped to Belfast NI core","250m-style grid proxy generated from local spatial anchors","NI Air annual trend proxy included","Opportunity and exposure scores are normalized directional indicators"]},"geometry":{"type":"Polygon","coordinates":[[[-5.846666666666667,54.655],[-5.83,54.655],[-5.83,54.67],[-5.846666666666667,54.67],[-5.846666666666667,54.655]]]}},{"type":"Feature","id":"belfast_09_15_2023","properties":{"cell_id":"belfast_09_15","year":2023,"row":9,"col":15,"development_pressure":0.119,"planning_intensity":0.07,"green_cover":0.295,"mobility_access":0.2,"bike_activity":0.05,"air_quality":0.826,"opportunity_access":0.328,"fairness_context":0.0,"deprivation_weighted_opportunity":0.242,"development_pressure_delta_2016":0.016,"planning_intensity_delta_2016":0.009,"green_cover_delta_2016":-0.03,"mobility_access_delta_2016":0.0,"bike_activity_delta_2016":0.0,"air_quality_delta_2016":0.188,"opportunity_access_delta_2016":-0.006,"fairness_context_delta_2016":0.0,"deprivation_weighted_opportunity_delta_2016":-0.005,"development_pressure_delta_previous":-0.027,"planning_intensity_delta_previous":-0.013,"green_cover_delta_previous":-0.024,"mobility_access_delta_previous":0.0,"bike_activity_delta_previous":0.0,"air_quality_delta_previous":0.348,"opportunity_access_delta_previous":-0.002,"fairness_context_delta_previous":0.0,"deprivation_weighted_opportunity_delta_previous":-0.002,"dominant_change":"improved","confidence":"low","evidence":["OpenStreetMap building export clipped to Belfast NI core","250m-style grid proxy generated from local spatial anchors","NI Air annual trend proxy included","Opportunity and exposure scores are normalized directional indicators"]},"geometry":{"type":"Polygon","coordinates":[[[-5.83,54.655],[-5.8133333333333335,54.655],[-5.8133333333333335,54.67],[-5.83,54.67],[-5.83,54.655]]]}},{"type":"Feature","id":"belfast_09_16_2023","properties":{"cell_id":"belfast_09_16","year":2023,"row":9,"col":16,"development_pressure":0.103,"planning_intensity":0.061,"green_cover":0.288,"mobility_access":0.2,"bike_activity":0.05,"air_quality":0.827,"opportunity_access":0.328,"fairness_context":0.0,"deprivation_weighted_opportunity":0.242,"development_pressure_delta_2016":-0.015,"planning_intensity_delta_2016":-0.008,"green_cover_delta_2016":-0.009,"mobility_access_delta_2016":0.0,"bike_activity_delta_2016":0.0,"air_quality_delta_2016":0.197,"opportunity_access_delta_2016":0.0,"fairness_context_delta_2016":0.0,"deprivation_weighted_opportunity_delta_2016":-0.001,"development_pressure_delta_previous":-0.018,"planning_intensity_delta_previous":-0.01,"green_cover_delta_previous":-0.008,"mobility_access_delta_previous":0.0,"bike_activity_delta_previous":0.0,"air_quality_delta_previous":0.35,"opportunity_access_delta_previous":0.0,"fairness_context_delta_previous":0.0,"deprivation_weighted_opportunity_delta_previous":0.0,"dominant_change":"improved","confidence":"low","evidence":["OpenStreetMap building export clipped to Belfast NI core","250m-style grid proxy generated from local spatial anchors","NI Air annual trend proxy included","Opportunity and exposure scores are normalized directional indicators"]},"geometry":{"type":"Polygon","coordinates":[[[-5.8133333333333335,54.655],[-5.796666666666667,54.655],[-5.796666666666667,54.67],[-5.8133333333333335,54.67],[-5.8133333333333335,54.655]]]}},{"type":"Feature","id":"belfast_09_17_2023","properties":{"cell_id":"belfast_09_17","year":2023,"row":9,"col":17,"development_pressure":0.101,"planning_intensity":0.061,"green_cover":0.305,"mobility_access":0.2,"bike_activity":0.05,"air_quality":0.83,"opportunity_access":0.331,"fairness_context":0.0,"deprivation_weighted_opportunity":0.245,"development_pressure_delta_2016":-0.041,"planning_intensity_delta_2016":-0.02,"green_cover_delta_2016":0.015,"mobility_access_delta_2016":0.0,"bike_activity_delta_2016":0.0,"air_quality_delta_2016":0.205,"opportunity_access_delta_2016":0.006,"fairness_context_delta_2016":0.0,"deprivation_weighted_opportunity_delta_2016":0.005,"development_pressure_delta_previous":-0.003,"planning_intensity_delta_previous":-0.001,"green_cover_delta_previous":0.016,"mobility_access_delta_previous":0.0,"bike_activity_delta_previous":0.0,"air_quality_delta_previous":0.351,"opportunity_access_delta_previous":0.003,"fairness_context_delta_previous":0.0,"deprivation_weighted_opportunity_delta_previous":0.003,"dominant_change":"improved","confidence":"low","evidence":["OpenStreetMap building export clipped to Belfast NI core","250m-style grid proxy generated from local spatial anchors","NI Air annual trend proxy included","Opportunity and exposure scores are normalized directional indicators"]},"geometry":{"type":"Polygon","coordinates":[[[-5.796666666666667,54.655],[-5.78,54.655],[-5.78,54.67],[-5.796666666666667,54.67],[-5.796666666666667,54.655]]]}},{"type":"Feature","id":"belfast_10_00_2023","properties":{"cell_id":"belfast_10_00","year":2023,"row":10,"col":0,"development_pressure":0.18,"planning_intensity":0.1,"green_cover":0.331,"mobility_access":0.2,"bike_activity":0.05,"air_quality":0.823,"opportunity_access":0.329,"fairness_context":0.0,"deprivation_weighted_opportunity":0.244,"development_pressure_delta_2016":0.038,"planning_intensity_delta_2016":0.019,"green_cover_delta_2016":-0.005,"mobility_access_delta_2016":0.0,"bike_activity_delta_2016":0.0,"air_quality_delta_2016":0.189,"opportunity_access_delta_2016":-0.004,"fairness_context_delta_2016":0.0,"deprivation_weighted_opportunity_delta_2016":-0.003,"development_pressure_delta_previous":0.006,"planning_intensity_delta_previous":0.003,"green_cover_delta_previous":0.016,"mobility_access_delta_previous":0.0,"bike_activity_delta_previous":0.0,"air_quality_delta_previous":0.35,"opportunity_access_delta_previous":0.002,"fairness_context_delta_previous":0.0,"deprivation_weighted_opportunity_delta_previous":0.002,"dominant_change":"improved","confidence":"low","evidence":["OpenStreetMap building export clipped to Belfast NI core","250m-style grid proxy generated from local spatial anchors","NI Air annual trend proxy included","Opportunity and exposure scores are normalized directional indicators"]},"geometry":{"type":"Polygon","coordinates":[[[-6.08,54.67],[-6.0633333333333335,54.67],[-6.0633333333333335,54.685],[-6.08,54.685],[-6.08,54.67]]]}},{"type":"Feature","id":"belfast_10_01_2023","properties":{"cell_id":"belfast_10_01","year":2023,"row":10,"col":1,"development_pressure":0.169,"planning_intensity":0.094,"green_cover":0.324,"mobility_access":0.2,"bike_activity":0.05,"air_quality":0.824,"opportunity_access":0.329,"fairness_context":0.0,"deprivation_weighted_opportunity":0.243,"development_pressure_delta_2016":0.051,"planning_intensity_delta_2016":0.025,"green_cover_delta_2016":-0.027,"mobility_access_delta_2016":0.0,"bike_activity_delta_2016":0.0,"air_quality_delta_2016":0.183,"opportunity_access_delta_2016":-0.009,"fairness_context_delta_2016":0.0,"deprivation_weighted_opportunity_delta_2016":-0.007,"development_pressure_delta_previous":-0.011,"planning_intensity_delta_previous":-0.006,"green_cover_delta_previous":-0.008,"mobility_access_delta_previous":0.0,"bike_activity_delta_previous":0.0,"air_quality_delta_previous":0.349,"opportunity_access_delta_previous":0.0,"fairness_context_delta_previous":0.0,"deprivation_weighted_opportunity_delta_previous":-0.001,"dominant_change":"improved","confidence":"low","evidence":["OpenStreetMap building export clipped to Belfast NI core","250m-style grid proxy generated from local spatial anchors","NI Air annual trend proxy included","Opportunity and exposure scores are normalized directional indicators"]},"geometry":{"type":"Polygon","coordinates":[[[-6.0633333333333335,54.67],[-6.046666666666667,54.67],[-6.046666666666667,54.685],[-6.0633333333333335,54.685],[-6.0633333333333335,54.67]]]}},{"type":"Feature","id":"belfast_10_02_2023","properties":{"cell_id":"belfast_10_02","year":2023,"row":10,"col":2,"development_pressure":0.147,"planning_intensity":0.083,"green_cover":0.301,"mobility_access":0.2,"bike_activity":0.05,"air_quality":0.822,"opportunity_access":0.326,"fairness_context":0.0,"deprivation_weighted_opportunity":0.242,"development_pressure_delta_2016":0.045,"planning_intensity_delta_2016":0.022,"green_cover_delta_2016":-0.036,"mobility_access_delta_2016":0.0,"bike_activity_delta_2016":0.0,"air_quality_delta_2016":0.181,"opportunity_access_delta_2016":-0.011,"fairness_context_delta_2016":0.0,"deprivation_weighted_opportunity_delta_2016":-0.007,"development_pressure_delta_previous":-0.023,"planning_intensity_delta_previous":-0.012,"green_cover_delta_previous":-0.024,"mobility_access_delta_previous":0.0,"bike_activity_delta_previous":0.0,"air_quality_delta_previous":0.347,"opportunity_access_delta_previous":-0.003,"fairness_context_delta_previous":0.0,"deprivation_weighted_opportunity_delta_previous":-0.001,"dominant_change":"improved","confidence":"low","evidence":["OpenStreetMap building export clipped to Belfast NI core","250m-style grid proxy generated from local spatial anchors","NI Air annual trend proxy included","Opportunity and exposure scores are normalized directional indicators"]},"geometry":{"type":"Polygon","coordinates":[[[-6.046666666666667,54.67],[-6.03,54.67],[-6.03,54.685],[-6.046666666666667,54.685],[-6.046666666666667,54.67]]]}},{"type":"Feature","id":"belfast_10_03_2023","properties":{"cell_id":"belfast_10_03","year":2023,"row":10,"col":3,"development_pressure":0.122,"planning_intensity":0.071,"green_cover":0.285,"mobility_access":0.2,"bike_activity":0.05,"air_quality":0.823,"opportunity_access":0.326,"fairness_context":0.0,"deprivation_weighted_opportunity":0.241,"development_pressure_delta_2016":0.02,"planning_intensity_delta_2016":0.01,"green_cover_delta_2016":-0.024,"mobility_access_delta_2016":0.0,"bike_activity_delta_2016":0.0,"air_quality_delta_2016":0.188,"opportunity_access_delta_2016":-0.005,"fairness_context_delta_2016":0.0,"deprivation_weighted_opportunity_delta_2016":-0.004,"development_pressure_delta_previous":-0.027,"planning_intensity_delta_previous":-0.014,"green_cover_delta_previous":-0.017,"mobility_access_delta_previous":0.0,"bike_activity_delta_previous":0.0,"air_quality_delta_previous":0.349,"opportunity_access_delta_previous":0.0,"fairness_context_delta_previous":0.0,"deprivation_weighted_opportunity_delta_previous":-0.001,"dominant_change":"improved","confidence":"low","evidence":["OpenStreetMap building export clipped to Belfast NI core","250m-style grid proxy generated from local spatial anchors","NI Air annual trend proxy included","Opportunity and exposure scores are normalized directional indicators"]},"geometry":{"type":"Polygon","coordinates":[[[-6.03,54.67],[-6.013333333333334,54.67],[-6.013333333333334,54.685],[-6.03,54.685],[-6.03,54.67]]]}},{"type":"Feature","id":"belfast_10_04_2023","properties":{"cell_id":"belfast_10_04","year":2023,"row":10,"col":4,"development_pressure":0.104,"planning_intensity":0.062,"green_cover":0.294,"mobility_access":0.2,"bike_activity":0.05,"air_quality":0.828,"opportunity_access":0.329,"fairness_context":0.0,"deprivation_weighted_opportunity":0.243,"development_pressure_delta_2016":-0.011,"planning_intensity_delta_2016":-0.006,"green_cover_delta_2016":0.002,"mobility_access_delta_2016":0.0,"bike_activity_delta_2016":0.0,"air_quality_delta_2016":0.198,"opportunity_access_delta_2016":0.002,"fairness_context_delta_2016":0.0,"deprivation_weighted_opportunity_delta_2016":0.001,"development_pressure_delta_previous":-0.021,"planning_intensity_delta_previous":-0.01,"green_cover_delta_previous":0.008,"mobility_access_delta_previous":0.0,"bike_activity_delta_previous":0.0,"air_quality_delta_previous":0.353,"opportunity_access_delta_previous":0.004,"fairness_context_delta_previous":0.0,"deprivation_weighted_opportunity_delta_previous":0.002,"dominant_change":"improved","confidence":"low","evidence":["OpenStreetMap building export clipped to Belfast NI core","250m-style grid proxy generated from local spatial anchors","NI Air annual trend proxy included","Opportunity and exposure scores are normalized directional indicators"]},"geometry":{"type":"Polygon","coordinates":[[[-6.013333333333334,54.67],[-5.996666666666667,54.67],[-5.996666666666667,54.685],[-6.013333333333334,54.685],[-6.013333333333334,54.67]]]}},{"type":"Feature","id":"belfast_10_05_2023","properties":{"cell_id":"belfast_10_05","year":2023,"row":10,"col":5,"development_pressure":0.1,"planning_intensity":0.06,"green_cover":0.321,"mobility_access":0.2,"bike_activity":0.05,"air_quality":0.834,"opportunity_access":0.334,"fairness_context":0.0,"deprivation_weighted_opportunity":0.247,"development_pressure_delta_2016":-0.039,"planning_intensity_delta_2016":-0.019,"green_cover_delta_2016":0.02,"mobility_access_delta_2016":0.0,"bike_activity_delta_2016":0.0,"air_quality_delta_2016":0.206,"opportunity_access_delta_2016":0.007,"fairness_context_delta_2016":0.0,"deprivation_weighted_opportunity_delta_2016":0.005,"development_pressure_delta_previous":-0.006,"planning_intensity_delta_previous":-0.003,"green_cover_delta_previous":0.026,"mobility_access_delta_previous":0.0,"bike_activity_delta_previous":0.0,"air_quality_delta_previous":0.354,"opportunity_access_delta_previous":0.005,"fairness_context_delta_previous":0.0,"deprivation_weighted_opportunity_delta_previous":0.004,"dominant_change":"improved","confidence":"low","evidence":["OpenStreetMap building export clipped to Belfast NI core","250m-style grid proxy generated from local spatial anchors","NI Air annual trend proxy included","Opportunity and exposure scores are normalized directional indicators"]},"geometry":{"type":"Polygon","coordinates":[[[-5.996666666666667,54.67],[-5.98,54.67],[-5.98,54.685],[-5.996666666666667,54.685],[-5.996666666666667,54.67]]]}},{"type":"Feature","id":"belfast_10_06_2023","properties":{"cell_id":"belfast_10_06","year":2023,"row":10,"col":6,"development_pressure":0.112,"planning_intensity":0.066,"green_cover":0.343,"mobility_access":0.2,"bike_activity":0.05,"air_quality":0.836,"opportunity_access":0.337,"fairness_context":0.0,"deprivation_weighted_opportunity":0.249,"development_pressure_delta_2016":-0.05,"planning_intensity_delta_2016":-0.025,"green_cover_delta_2016":0.018,"mobility_access_delta_2016":0.0,"bike_activity_delta_2016":0.0,"air_quality_delta_2016":0.207,"opportunity_access_delta_2016":0.007,"fairness_context_delta_2016":0.0,"deprivation_weighted_opportunity_delta_2016":0.005,"development_pressure_delta_previous":0.012,"planning_intensity_delta_previous":0.006,"green_cover_delta_previous":0.021,"mobility_access_delta_previous":0.0,"bike_activity_delta_previous":0.0,"air_quality_delta_previous":0.35,"opportunity_access_delta_previous":0.003,"fairness_context_delta_previous":0.0,"deprivation_weighted_opportunity_delta_previous":0.002,"dominant_change":"improved","confidence":"low","evidence":["OpenStreetMap building export clipped to Belfast NI core","250m-style grid proxy generated from local spatial anchors","NI Air annual trend proxy included","Opportunity and exposure scores are normalized directional indicators"]},"geometry":{"type":"Polygon","coordinates":[[[-5.98,54.67],[-5.963333333333334,54.67],[-5.963333333333334,54.685],[-5.98,54.685],[-5.98,54.67]]]}},{"type":"Feature","id":"belfast_10_07_2023","properties":{"cell_id":"belfast_10_07","year":2023,"row":10,"col":7,"development_pressure":0.134,"planning_intensity":0.077,"green_cover":0.337,"mobility_access":0.2,"bike_activity":0.05,"air_quality":0.832,"opportunity_access":0.334,"fairness_context":0.0,"deprivation_weighted_opportunity":0.247,"development_pressure_delta_2016":-0.044,"planning_intensity_delta_2016":-0.022,"green_cover_delta_2016":-0.004,"mobility_access_delta_2016":0.0,"bike_activity_delta_2016":0.0,"air_quality_delta_2016":0.203,"opportunity_access_delta_2016":0.003,"fairness_context_delta_2016":0.0,"deprivation_weighted_opportunity_delta_2016":0.002,"development_pressure_delta_previous":0.024,"planning_intensity_delta_previous":0.012,"green_cover_delta_previous":-0.007,"mobility_access_delta_previous":0.0,"bike_activity_delta_previous":0.0,"air_quality_delta_previous":0.343,"opportunity_access_delta_previous":-0.003,"fairness_context_delta_previous":0.0,"deprivation_weighted_opportunity_delta_previous":-0.002,"dominant_change":"improved","confidence":"low","evidence":["OpenStreetMap building export clipped to Belfast NI core","250m-style grid proxy generated from local spatial anchors","NI Air annual trend proxy included","Opportunity and exposure scores are normalized directional indicators"]},"geometry":{"type":"Polygon","coordinates":[[[-5.963333333333334,54.67],[-5.946666666666667,54.67],[-5.946666666666667,54.685],[-5.963333333333334,54.685],[-5.963333333333334,54.67]]]}},{"type":"Feature","id":"belfast_10_08_2023","properties":{"cell_id":"belfast_10_08","year":2023,"row":10,"col":8,"development_pressure":0.158,"planning_intensity":0.089,"green_cover":0.307,"mobility_access":0.2,"bike_activity":0.05,"air_quality":0.822,"opportunity_access":0.327,"fairness_context":0.0,"deprivation_weighted_opportunity":0.242,"development_pressure_delta_2016":-0.02,"planning_intensity_delta_2016":-0.01,"green_cover_delta_2016":-0.025,"mobility_access_delta_2016":0.0,"bike_activity_delta_2016":0.0,"air_quality_delta_2016":0.194,"opportunity_access_delta_2016":-0.002,"fairness_context_delta_2016":0.0,"deprivation_weighted_opportunity_delta_2016":-0.002,"development_pressure_delta_previous":0.027,"planning_intensity_delta_previous":0.013,"green_cover_delta_previous":-0.032,"mobility_access_delta_previous":0.0,"bike_activity_delta_previous":0.0,"air_quality_delta_previous":0.338,"opportunity_access_delta_previous":-0.007,"fairness_context_delta_previous":0.0,"deprivation_weighted_opportunity_delta_previous":-0.006,"dominant_change":"improved","confidence":"low","evidence":["OpenStreetMap building export clipped to Belfast NI core","250m-style grid proxy generated from local spatial anchors","NI Air annual trend proxy included","Opportunity and exposure scores are normalized directional indicators"]},"geometry":{"type":"Polygon","coordinates":[[[-5.946666666666667,54.67],[-5.930000000000001,54.67],[-5.930000000000001,54.685],[-5.946666666666667,54.685],[-5.946666666666667,54.67]]]}},{"type":"Feature","id":"belfast_10_09_2023","properties":{"cell_id":"belfast_10_09","year":2023,"row":10,"col":9,"development_pressure":0.176,"planning_intensity":0.116,"green_cover":0.295,"mobility_access":0.2,"bike_activity":0.05,"air_quality":0.817,"opportunity_access":0.323,"fairness_context":0.0,"deprivation_weighted_opportunity":0.239,"development_pressure_delta_2016":0.012,"planning_intensity_delta_2016":0.006,"green_cover_delta_2016":-0.029,"mobility_access_delta_2016":0.0,"bike_activity_delta_2016":0.0,"air_quality_delta_2016":0.189,"opportunity_access_delta_2016":-0.006,"fairness_context_delta_2016":0.0,"deprivation_weighted_opportunity_delta_2016":-0.005,"development_pressure_delta_previous":0.02,"planning_intensity_delta_previous":0.01,"green_cover_delta_previous":-0.032,"mobility_access_delta_previous":0.0,"bike_activity_delta_previous":0.0,"air_quality_delta_previous":0.339,"opportunity_access_delta_previous":-0.007,"fairness_context_delta_previous":0.0,"deprivation_weighted_opportunity_delta_previous":-0.005,"dominant_change":"improved","confidence":"low","evidence":["OpenStreetMap building export clipped to Belfast NI core","250m-style grid proxy generated from local spatial anchors","NI Air annual trend proxy included","Opportunity and exposure scores are normalized directional indicators"]},"geometry":{"type":"Polygon","coordinates":[[[-5.93,54.67],[-5.913333333333333,54.67],[-5.913333333333333,54.685],[-5.93,54.685],[-5.93,54.67]]]}},{"type":"Feature","id":"belfast_10_10_2023","properties":{"cell_id":"belfast_10_10","year":2023,"row":10,"col":10,"development_pressure":0.179,"planning_intensity":0.144,"green_cover":0.317,"mobility_access":0.2,"bike_activity":0.05,"air_quality":0.82,"opportunity_access":0.327,"fairness_context":0.0,"deprivation_weighted_opportunity":0.242,"development_pressure_delta_2016":0.038,"planning_intensity_delta_2016":0.02,"green_cover_delta_2016":-0.016,"mobility_access_delta_2016":0.0,"bike_activity_delta_2016":0.0,"air_quality_delta_2016":0.186,"opportunity_access_delta_2016":-0.006,"fairness_context_delta_2016":0.0,"deprivation_weighted_opportunity_delta_2016":-0.004,"development_pressure_delta_previous":0.005,"planning_intensity_delta_previous":0.003,"green_cover_delta_previous":-0.006,"mobility_access_delta_previous":0.0,"bike_activity_delta_previous":0.0,"air_quality_delta_previous":0.346,"opportunity_access_delta_previous":-0.001,"fairness_context_delta_previous":0.0,"deprivation_weighted_opportunity_delta_previous":-0.001,"dominant_change":"improved","confidence":"low","evidence":["OpenStreetMap building export clipped to Belfast NI core","250m-style grid proxy generated from local spatial anchors","NI Air annual trend proxy included","Opportunity and exposure scores are normalized directional indicators"]},"geometry":{"type":"Polygon","coordinates":[[[-5.913333333333333,54.67],[-5.8966666666666665,54.67],[-5.8966666666666665,54.685],[-5.913333333333333,54.685],[-5.913333333333333,54.67]]]}},{"type":"Feature","id":"belfast_10_11_2023","properties":{"cell_id":"belfast_10_11","year":2023,"row":10,"col":11,"development_pressure":0.168,"planning_intensity":0.125,"green_cover":0.329,"mobility_access":0.2,"bike_activity":0.05,"air_quality":0.825,"opportunity_access":0.33,"fairness_context":0.0,"deprivation_weighted_opportunity":0.244,"development_pressure_delta_2016":0.051,"planning_intensity_delta_2016":0.026,"green_cover_delta_2016":0.001,"mobility_access_delta_2016":0.0,"bike_activity_delta_2016":0.0,"air_quality_delta_2016":0.188,"opportunity_access_delta_2016":-0.004,"fairness_context_delta_2016":0.0,"deprivation_weighted_opportunity_delta_2016":-0.003,"development_pressure_delta_previous":-0.012,"planning_intensity_delta_previous":-0.006,"green_cover_delta_previous":0.024,"mobility_access_delta_previous":0.0,"bike_activity_delta_previous":0.0,"air_quality_delta_previous":0.355,"opportunity_access_delta_previous":0.005,"fairness_context_delta_previous":0.0,"deprivation_weighted_opportunity_delta_previous":0.004,"dominant_change":"improved","confidence":"low","evidence":["OpenStreetMap building export clipped to Belfast NI core","250m-style grid proxy generated from local spatial anchors","NI Air annual trend proxy included","Opportunity and exposure scores are normalized directional indicators"]},"geometry":{"type":"Polygon","coordinates":[[[-5.8966666666666665,54.67],[-5.88,54.67],[-5.88,54.685],[-5.8966666666666665,54.685],[-5.8966666666666665,54.67]]]}},{"type":"Feature","id":"belfast_10_12_2023","properties":{"cell_id":"belfast_10_12","year":2023,"row":10,"col":12,"development_pressure":0.146,"planning_intensity":0.083,"green_cover":0.33,"mobility_access":0.2,"bike_activity":0.05,"air_quality":0.828,"opportunity_access":0.332,"fairness_context":0.0,"deprivation_weighted_opportunity":0.246,"development_pressure_delta_2016":0.044,"planning_intensity_delta_2016":0.022,"green_cover_delta_2016":0.003,"mobility_access_delta_2016":0.0,"bike_activity_delta_2016":0.0,"air_quality_delta_2016":0.189,"opportunity_access_delta_2016":-0.003,"fairness_context_delta_2016":0.0,"deprivation_weighted_opportunity_delta_2016":-0.002,"development_pressure_delta_previous":-0.024,"planning_intensity_delta_previous":-0.012,"green_cover_delta_previous":0.031,"mobility_access_delta_previous":0.0,"bike_activity_delta_previous":0.0,"air_quality_delta_previous":0.358,"opportunity_access_delta_previous":0.008,"fairness_context_delta_previous":0.0,"deprivation_weighted_opportunity_delta_previous":0.006,"dominant_change":"improved","confidence":"low","evidence":["OpenStreetMap building export clipped to Belfast NI core","250m-style grid proxy generated from local spatial anchors","NI Air annual trend proxy included","Opportunity and exposure scores are normalized directional indicators"]},"geometry":{"type":"Polygon","coordinates":[[[-5.88,54.67],[-5.863333333333333,54.67],[-5.863333333333333,54.685],[-5.88,54.685],[-5.88,54.67]]]}},{"type":"Feature","id":"belfast_10_13_2023","properties":{"cell_id":"belfast_10_13","year":2023,"row":10,"col":13,"development_pressure":0.121,"planning_intensity":0.071,"green_cover":0.343,"mobility_access":0.2,"bike_activity":0.05,"air_quality":0.835,"opportunity_access":0.336,"fairness_context":0.0,"deprivation_weighted_opportunity":0.249,"development_pressure_delta_2016":0.019,"planning_intensity_delta_2016":0.01,"green_cover_delta_2016":-0.007,"mobility_access_delta_2016":0.0,"bike_activity_delta_2016":0.0,"air_quality_delta_2016":0.191,"opportunity_access_delta_2016":-0.003,"fairness_context_delta_2016":0.0,"deprivation_weighted_opportunity_delta_2016":-0.002,"development_pressure_delta_previous":-0.028,"planning_intensity_delta_previous":-0.013,"green_cover_delta_previous":0.012,"mobility_access_delta_previous":0.0,"bike_activity_delta_previous":0.0,"air_quality_delta_previous":0.355,"opportunity_access_delta_previous":0.004,"fairness_context_delta_previous":0.0,"deprivation_weighted_opportunity_delta_previous":0.004,"dominant_change":"improved","confidence":"low","evidence":["OpenStreetMap building export clipped to Belfast NI core","250m-style grid proxy generated from local spatial anchors","NI Air annual trend proxy included","Opportunity and exposure scores are normalized directional indicators"]},"geometry":{"type":"Polygon","coordinates":[[[-5.863333333333333,54.67],[-5.846666666666667,54.67],[-5.846666666666667,54.685],[-5.863333333333333,54.685],[-5.863333333333333,54.67]]]}},{"type":"Feature","id":"belfast_10_14_2023","properties":{"cell_id":"belfast_10_14","year":2023,"row":10,"col":14,"development_pressure":0.104,"planning_intensity":0.062,"green_cover":0.327,"mobility_access":0.2,"bike_activity":0.05,"air_quality":0.834,"opportunity_access":0.335,"fairness_context":0.0,"deprivation_weighted_opportunity":0.248,"development_pressure_delta_2016":-0.012,"planning_intensity_delta_2016":-0.006,"green_cover_delta_2016":-0.02,"mobility_access_delta_2016":0.0,"bike_activity_delta_2016":0.0,"air_quality_delta_2016":0.193,"opportunity_access_delta_2016":-0.002,"fairness_context_delta_2016":0.0,"deprivation_weighted_opportunity_delta_2016":-0.002,"development_pressure_delta_previous":-0.02,"planning_intensity_delta_previous":-0.01,"green_cover_delta_previous":-0.016,"mobility_access_delta_previous":0.0,"bike_activity_delta_previous":0.0,"air_quality_delta_previous":0.348,"opportunity_access_delta_previous":-0.001,"fairness_context_delta_previous":0.0,"deprivation_weighted_opportunity_delta_previous":-0.001,"dominant_change":"improved","confidence":"low","evidence":["OpenStreetMap building export clipped to Belfast NI core","250m-style grid proxy generated from local spatial anchors","NI Air annual trend proxy included","Opportunity and exposure scores are normalized directional indicators"]},"geometry":{"type":"Polygon","coordinates":[[[-5.846666666666667,54.67],[-5.83,54.67],[-5.83,54.685],[-5.846666666666667,54.685],[-5.846666666666667,54.67]]]}},{"type":"Feature","id":"belfast_10_15_2023","properties":{"cell_id":"belfast_10_15","year":2023,"row":10,"col":15,"development_pressure":0.101,"planning_intensity":0.06,"green_cover":0.299,"mobility_access":0.2,"bike_activity":0.05,"air_quality":0.829,"opportunity_access":0.33,"fairness_context":0.0,"deprivation_weighted_opportunity":0.244,"development_pressure_delta_2016":-0.038,"planning_intensity_delta_2016":-0.02,"green_cover_delta_2016":-0.02,"mobility_access_delta_2016":0.0,"bike_activity_delta_2016":0.0,"air_quality_delta_2016":0.198,"opportunity_access_delta_2016":0.0,"fairness_context_delta_2016":0.0,"deprivation_weighted_opportunity_delta_2016":0.0,"development_pressure_delta_previous":-0.004,"planning_intensity_delta_previous":-0.003,"green_cover_delta_previous":-0.029,"mobility_access_delta_previous":0.0,"bike_activity_delta_previous":0.0,"air_quality_delta_previous":0.343,"opportunity_access_delta_previous":-0.005,"fairness_context_delta_previous":0.0,"deprivation_weighted_opportunity_delta_previous":-0.004,"dominant_change":"improved","confidence":"low","evidence":["OpenStreetMap building export clipped to Belfast NI core","250m-style grid proxy generated from local spatial anchors","NI Air annual trend proxy included","Opportunity and exposure scores are normalized directional indicators"]},"geometry":{"type":"Polygon","coordinates":[[[-5.83,54.67],[-5.8133333333333335,54.67],[-5.8133333333333335,54.685],[-5.83,54.685],[-5.83,54.67]]]}},{"type":"Feature","id":"belfast_10_16_2023","properties":{"cell_id":"belfast_10_16","year":2023,"row":10,"col":16,"development_pressure":0.112,"planning_intensity":0.066,"green_cover":0.286,"mobility_access":0.2,"bike_activity":0.05,"air_quality":0.825,"opportunity_access":0.326,"fairness_context":0.0,"deprivation_weighted_opportunity":0.242,"development_pressure_delta_2016":-0.051,"planning_intensity_delta_2016":-0.026,"green_cover_delta_2016":-0.003,"mobility_access_delta_2016":0.0,"bike_activity_delta_2016":0.0,"air_quality_delta_2016":0.204,"opportunity_access_delta_2016":0.003,"fairness_context_delta_2016":0.0,"deprivation_weighted_opportunity_delta_2016":0.003,"development_pressure_delta_previous":0.012,"planning_intensity_delta_previous":0.006,"green_cover_delta_previous":-0.014,"mobility_access_delta_previous":0.0,"bike_activity_delta_previous":0.0,"air_quality_delta_previous":0.343,"opportunity_access_delta_previous":-0.004,"fairness_context_delta_previous":0.0,"deprivation_weighted_opportunity_delta_previous":-0.002,"dominant_change":"improved","confidence":"low","evidence":["OpenStreetMap building export clipped to Belfast NI core","250m-style grid proxy generated from local spatial anchors","NI Air annual trend proxy included","Opportunity and exposure scores are normalized directional indicators"]},"geometry":{"type":"Polygon","coordinates":[[[-5.8133333333333335,54.67],[-5.796666666666667,54.67],[-5.796666666666667,54.685],[-5.8133333333333335,54.685],[-5.8133333333333335,54.67]]]}},{"type":"Feature","id":"belfast_10_17_2023","properties":{"cell_id":"belfast_10_17","year":2023,"row":10,"col":17,"development_pressure":0.134,"planning_intensity":0.077,"green_cover":0.298,"mobility_access":0.2,"bike_activity":0.05,"air_quality":0.824,"opportunity_access":0.327,"fairness_context":0.0,"deprivation_weighted_opportunity":0.242,"development_pressure_delta_2016":-0.044,"planning_intensity_delta_2016":-0.022,"green_cover_delta_2016":0.014,"mobility_access_delta_2016":0.0,"bike_activity_delta_2016":0.0,"air_quality_delta_2016":0.206,"opportunity_access_delta_2016":0.006,"fairness_context_delta_2016":0.0,"deprivation_weighted_opportunity_delta_2016":0.005,"development_pressure_delta_previous":0.024,"planning_intensity_delta_previous":0.012,"green_cover_delta_previous":0.011,"mobility_access_delta_previous":0.0,"bike_activity_delta_previous":0.0,"air_quality_delta_previous":0.347,"opportunity_access_delta_previous":0.0,"fairness_context_delta_previous":0.0,"deprivation_weighted_opportunity_delta_previous":0.0,"dominant_change":"improved","confidence":"low","evidence":["OpenStreetMap building export clipped to Belfast NI core","250m-style grid proxy generated from local spatial anchors","NI Air annual trend proxy included","Opportunity and exposure scores are normalized directional indicators"]},"geometry":{"type":"Polygon","coordinates":[[[-5.796666666666667,54.67],[-5.78,54.67],[-5.78,54.685],[-5.796666666666667,54.685],[-5.796666666666667,54.67]]]}},{"type":"Feature","id":"belfast_11_00_2023","properties":{"cell_id":"belfast_11_00","year":2023,"row":11,"col":0,"development_pressure":0.149,"planning_intensity":0.085,"green_cover":0.337,"mobility_access":0.2,"bike_activity":0.05,"air_quality":0.829,"opportunity_access":0.333,"fairness_context":0.0,"deprivation_weighted_opportunity":0.246,"development_pressure_delta_2016":0.045,"planning_intensity_delta_2016":0.023,"green_cover_delta_2016":-0.005,"mobility_access_delta_2016":0.0,"bike_activity_delta_2016":0.0,"air_quality_delta_2016":0.187,"opportunity_access_delta_2016":-0.004,"fairness_context_delta_2016":0.0,"deprivation_weighted_opportunity_delta_2016":-0.004,"development_pressure_delta_previous":-0.023,"planning_intensity_delta_previous":-0.011,"green_cover_delta_previous":0.022,"mobility_access_delta_previous":0.0,"bike_activity_delta_previous":0.0,"air_quality_delta_previous":0.356,"opportunity_access_delta_previous":0.006,"fairness_context_delta_previous":0.0,"deprivation_weighted_opportunity_delta_previous":0.004,"dominant_change":"improved","confidence":"low","evidence":["OpenStreetMap building export clipped to Belfast NI core","250m-style grid proxy generated from local spatial anchors","NI Air annual trend proxy included","Opportunity and exposure scores are normalized directional indicators"]},"geometry":{"type":"Polygon","coordinates":[[[-6.08,54.685],[-6.0633333333333335,54.685],[-6.0633333333333335,54.7],[-6.08,54.7],[-6.08,54.685]]]}},{"type":"Feature","id":"belfast_11_01_2023","properties":{"cell_id":"belfast_11_01","year":2023,"row":11,"col":1,"development_pressure":0.125,"planning_intensity":0.072,"green_cover":0.334,"mobility_access":0.2,"bike_activity":0.05,"air_quality":0.832,"opportunity_access":0.334,"fairness_context":0.0,"deprivation_weighted_opportunity":0.247,"development_pressure_delta_2016":0.024,"planning_intensity_delta_2016":0.012,"green_cover_delta_2016":-0.02,"mobility_access_delta_2016":0.0,"bike_activity_delta_2016":0.0,"air_quality_delta_2016":0.188,"opportunity_access_delta_2016":-0.006,"fairness_context_delta_2016":0.0,"deprivation_weighted_opportunity_delta_2016":-0.004,"development_pressure_delta_previous":-0.027,"planning_intensity_delta_previous":-0.014,"green_cover_delta_previous":-0.004,"mobility_access_delta_previous":0.0,"bike_activity_delta_previous":0.0,"air_quality_delta_previous":0.351,"opportunity_access_delta_previous":0.001,"fairness_context_delta_previous":0.0,"deprivation_weighted_opportunity_delta_previous":0.001,"dominant_change":"improved","confidence":"low","evidence":["OpenStreetMap building export clipped to Belfast NI core","250m-style grid proxy generated from local spatial anchors","NI Air annual trend proxy included","Opportunity and exposure scores are normalized directional indicators"]},"geometry":{"type":"Polygon","coordinates":[[[-6.0633333333333335,54.685],[-6.046666666666667,54.685],[-6.046666666666667,54.7],[-6.0633333333333335,54.7],[-6.0633333333333335,54.685]]]}},{"type":"Feature","id":"belfast_11_02_2023","properties":{"cell_id":"belfast_11_02","year":2023,"row":11,"col":2,"development_pressure":0.106,"planning_intensity":0.063,"green_cover":0.31,"mobility_access":0.2,"bike_activity":0.05,"air_quality":0.831,"opportunity_access":0.331,"fairness_context":0.0,"deprivation_weighted_opportunity":0.245,"development_pressure_delta_2016":-0.007,"planning_intensity_delta_2016":-0.004,"green_cover_delta_2016":-0.026,"mobility_access_delta_2016":0.0,"bike_activity_delta_2016":0.0,"air_quality_delta_2016":0.192,"opportunity_access_delta_2016":-0.004,"fairness_context_delta_2016":0.0,"deprivation_weighted_opportunity_delta_2016":-0.003,"development_pressure_delta_previous":-0.021,"planning_intensity_delta_previous":-0.011,"green_cover_delta_previous":-0.024,"mobility_access_delta_previous":0.0,"bike_activity_delta_previous":0.0,"air_quality_delta_previous":0.347,"opportunity_access_delta_previous":-0.003,"fairness_context_delta_previous":0.0,"deprivation_weighted_opportunity_delta_previous":-0.002,"dominant_change":"improved","confidence":"low","evidence":["OpenStreetMap building export clipped to Belfast NI core","250m-style grid proxy generated from local spatial anchors","NI Air annual trend proxy included","Opportunity and exposure scores are normalized directional indicators"]},"geometry":{"type":"Polygon","coordinates":[[[-6.046666666666667,54.685],[-6.03,54.685],[-6.03,54.7],[-6.046666666666667,54.7],[-6.046666666666667,54.685]]]}},{"type":"Feature","id":"belfast_11_03_2023","properties":{"cell_id":"belfast_11_03","year":2023,"row":11,"col":3,"development_pressure":0.1,"planning_intensity":0.06,"green_cover":0.29,"mobility_access":0.2,"bike_activity":0.05,"air_quality":0.828,"opportunity_access":0.328,"fairness_context":0.0,"deprivation_weighted_opportunity":0.243,"development_pressure_delta_2016":-0.036,"planning_intensity_delta_2016":-0.018,"green_cover_delta_2016":-0.013,"mobility_access_delta_2016":0.0,"bike_activity_delta_2016":0.0,"air_quality_delta_2016":0.199,"opportunity_access_delta_2016":0.0,"fairness_context_delta_2016":0.0,"deprivation_weighted_opportunity_delta_2016":0.001,"development_pressure_delta_previous":-0.007,"planning_intensity_delta_previous":-0.004,"green_cover_delta_previous":-0.02,"mobility_access_delta_previous":0.0,"bike_activity_delta_previous":0.0,"air_quality_delta_previous":0.346,"opportunity_access_delta_previous":-0.003,"fairness_context_delta_previous":0.0,"deprivation_weighted_opportunity_delta_previous":-0.002,"dominant_change":"improved","confidence":"low","evidence":["OpenStreetMap building export clipped to Belfast NI core","250m-style grid proxy generated from local spatial anchors","NI Air annual trend proxy included","Opportunity and exposure scores are normalized directional indicators"]},"geometry":{"type":"Polygon","coordinates":[[[-6.03,54.685],[-6.013333333333334,54.685],[-6.013333333333334,54.7],[-6.03,54.7],[-6.03,54.685]]]}},{"type":"Feature","id":"belfast_11_04_2023","properties":{"cell_id":"belfast_11_04","year":2023,"row":11,"col":4,"development_pressure":0.11,"planning_intensity":0.065,"green_cover":0.293,"mobility_access":0.2,"bike_activity":0.05,"air_quality":0.827,"opportunity_access":0.328,"fairness_context":0.0,"deprivation_weighted_opportunity":0.243,"development_pressure_delta_2016":-0.05,"planning_intensity_delta_2016":-0.025,"green_cover_delta_2016":0.009,"mobility_access_delta_2016":0.0,"bike_activity_delta_2016":0.0,"air_quality_delta_2016":0.206,"opportunity_access_delta_2016":0.006,"fairness_context_delta_2016":0.0,"deprivation_weighted_opportunity_delta_2016":0.004,"development_pressure_delta_previous":0.01,"planning_intensity_delta_previous":0.005,"green_cover_delta_previous":0.002,"mobility_access_delta_previous":0.0,"bike_activity_delta_previous":0.0,"air_quality_delta_previous":0.347,"opportunity_access_delta_previous":0.0,"fairness_context_delta_previous":0.0,"deprivation_weighted_opportunity_delta_previous":0.0,"dominant_change":"improved","confidence":"low","evidence":["OpenStreetMap building export clipped to Belfast NI core","250m-style grid proxy generated from local spatial anchors","NI Air annual trend proxy included","Opportunity and exposure scores are normalized directional indicators"]},"geometry":{"type":"Polygon","coordinates":[[[-6.013333333333334,54.685],[-5.996666666666667,54.685],[-5.996666666666667,54.7],[-6.013333333333334,54.7],[-6.013333333333334,54.685]]]}},{"type":"Feature","id":"belfast_11_05_2023","properties":{"cell_id":"belfast_11_05","year":2023,"row":11,"col":5,"development_pressure":0.131,"planning_intensity":0.076,"green_cover":0.315,"mobility_access":0.2,"bike_activity":0.05,"air_quality":0.828,"opportunity_access":0.33,"fairness_context":0.0,"deprivation_weighted_opportunity":0.244,"development_pressure_delta_2016":-0.046,"planning_intensity_delta_2016":-0.022,"green_cover_delta_2016":0.021,"mobility_access_delta_2016":0.0,"bike_activity_delta_2016":0.0,"air_quality_delta_2016":0.208,"opportunity_access_delta_2016":0.007,"fairness_context_delta_2016":0.0,"deprivation_weighted_opportunity_delta_2016":0.005,"development_pressure_delta_previous":0.023,"planning_intensity_delta_previous":0.012,"green_cover_delta_previous":0.021,"mobility_access_delta_previous":0.0,"bike_activity_delta_previous":0.0,"air_quality_delta_previous":0.349,"opportunity_access_delta_previous":0.002,"fairness_context_delta_previous":0.0,"deprivation_weighted_opportunity_delta_previous":0.001,"dominant_change":"improved","confidence":"low","evidence":["OpenStreetMap building export clipped to Belfast NI core","250m-style grid proxy generated from local spatial anchors","NI Air annual trend proxy included","Opportunity and exposure scores are normalized directional indicators"]},"geometry":{"type":"Polygon","coordinates":[[[-5.996666666666667,54.685],[-5.98,54.685],[-5.98,54.7],[-5.996666666666667,54.7],[-5.996666666666667,54.685]]]}},{"type":"Feature","id":"belfast_11_06_2023","properties":{"cell_id":"belfast_11_06","year":2023,"row":11,"col":6,"development_pressure":0.156,"planning_intensity":0.088,"green_cover":0.333,"mobility_access":0.2,"bike_activity":0.05,"air_quality":0.827,"opportunity_access":0.332,"fairness_context":0.0,"deprivation_weighted_opportunity":0.245,"development_pressure_delta_2016":-0.023,"planning_intensity_delta_2016":-0.012,"green_cover_delta_2016":0.01,"mobility_access_delta_2016":0.0,"bike_activity_delta_2016":0.0,"air_quality_delta_2016":0.201,"opportunity_access_delta_2016":0.004,"fairness_context_delta_2016":0.0,"deprivation_weighted_opportunity_delta_2016":0.002,"development_pressure_delta_previous":0.028,"planning_intensity_delta_previous":0.014,"green_cover_delta_previous":0.017,"mobility_access_delta_previous":0.0,"bike_activity_delta_previous":0.0,"air_quality_delta_previous":0.347,"opportunity_access_delta_previous":0.001,"fairness_context_delta_previous":0.0,"deprivation_weighted_opportunity_delta_previous":0.0,"dominant_change":"improved","confidence":"low","evidence":["OpenStreetMap building export clipped to Belfast NI core","250m-style grid proxy generated from local spatial anchors","NI Air annual trend proxy included","Opportunity and exposure scores are normalized directional indicators"]},"geometry":{"type":"Polygon","coordinates":[[[-5.98,54.685],[-5.963333333333334,54.685],[-5.963333333333334,54.7],[-5.98,54.7],[-5.98,54.685]]]}},{"type":"Feature","id":"belfast_11_07_2023","properties":{"cell_id":"belfast_11_07","year":2023,"row":11,"col":7,"development_pressure":0.174,"planning_intensity":0.097,"green_cover":0.328,"mobility_access":0.2,"bike_activity":0.05,"air_quality":0.823,"opportunity_access":0.329,"fairness_context":0.0,"deprivation_weighted_opportunity":0.244,"development_pressure_delta_2016":0.007,"planning_intensity_delta_2016":0.004,"green_cover_delta_2016":-0.015,"mobility_access_delta_2016":0.0,"bike_activity_delta_2016":0.0,"air_quality_delta_2016":0.191,"opportunity_access_delta_2016":-0.003,"fairness_context_delta_2016":0.0,"deprivation_weighted_opportunity_delta_2016":-0.002,"development_pressure_delta_previous":0.021,"planning_intensity_delta_previous":0.01,"green_cover_delta_previous":-0.007,"mobility_access_delta_previous":0.0,"bike_activity_delta_previous":0.0,"air_quality_delta_previous":0.343,"opportunity_access_delta_previous":-0.003,"fairness_context_delta_previous":0.0,"deprivation_weighted_opportunity_delta_previous":-0.002,"dominant_change":"improved","confidence":"low","evidence":["OpenStreetMap building export clipped to Belfast NI core","250m-style grid proxy generated from local spatial anchors","NI Air annual trend proxy included","Opportunity and exposure scores are normalized directional indicators"]},"geometry":{"type":"Polygon","coordinates":[[[-5.963333333333334,54.685],[-5.946666666666667,54.685],[-5.946666666666667,54.7],[-5.963333333333334,54.7],[-5.963333333333334,54.685]]]}},{"type":"Feature","id":"belfast_11_08_2023","properties":{"cell_id":"belfast_11_08","year":2023,"row":11,"col":8,"development_pressure":0.18,"planning_intensity":0.1,"green_cover":0.302,"mobility_access":0.2,"bike_activity":0.05,"air_quality":0.817,"opportunity_access":0.324,"fairness_context":0.0,"deprivation_weighted_opportunity":0.24,"development_pressure_delta_2016":0.036,"planning_intensity_delta_2016":0.018,"green_cover_delta_2016":-0.036,"mobility_access_delta_2016":0.0,"bike_activity_delta_2016":0.0,"air_quality_delta_2016":0.183,"opportunity_access_delta_2016":-0.009,"fairness_context_delta_2016":0.0,"deprivation_weighted_opportunity_delta_2016":-0.007,"development_pressure_delta_previous":0.007,"planning_intensity_delta_previous":0.004,"green_cover_delta_previous":-0.028,"mobility_access_delta_previous":0.0,"bike_activity_delta_previous":0.0,"air_quality_delta_previous":0.341,"opportunity_access_delta_previous":-0.006,"fairness_context_delta_previous":0.0,"deprivation_weighted_opportunity_delta_previous":-0.004,"dominant_change":"improved","confidence":"low","evidence":["OpenStreetMap building export clipped to Belfast NI core","250m-style grid proxy generated from local spatial anchors","NI Air annual trend proxy included","Opportunity and exposure scores are normalized directional indicators"]},"geometry":{"type":"Polygon","coordinates":[[[-5.946666666666667,54.685],[-5.930000000000001,54.685],[-5.930000000000001,54.7],[-5.946666666666667,54.7],[-5.946666666666667,54.685]]]}},{"type":"Feature","id":"belfast_11_09_2023","properties":{"cell_id":"belfast_11_09","year":2023,"row":11,"col":9,"development_pressure":0.17,"planning_intensity":0.095,"green_cover":0.279,"mobility_access":0.2,"bike_activity":0.05,"air_quality":0.814,"opportunity_access":0.321,"fairness_context":0.0,"deprivation_weighted_opportunity":0.237,"development_pressure_delta_2016":0.05,"planning_intensity_delta_2016":0.025,"green_cover_delta_2016":-0.035,"mobility_access_delta_2016":0.0,"bike_activity_delta_2016":0.0,"air_quality_delta_2016":0.181,"opportunity_access_delta_2016":-0.01,"fairness_context_delta_2016":0.0,"deprivation_weighted_opportunity_delta_2016":-0.008,"development_pressure_delta_previous":-0.01,"planning_intensity_delta_previous":-0.005,"green_cover_delta_previous":-0.025,"mobility_access_delta_previous":0.0,"bike_activity_delta_previous":0.0,"air_quality_delta_previous":0.344,"opportunity_access_delta_previous":-0.003,"fairness_context_delta_previous":0.0,"deprivation_weighted_opportunity_delta_previous":-0.003,"dominant_change":"improved","confidence":"low","evidence":["OpenStreetMap building export clipped to Belfast NI core","250m-style grid proxy generated from local spatial anchors","NI Air annual trend proxy included","Opportunity and exposure scores are normalized directional indicators"]},"geometry":{"type":"Polygon","coordinates":[[[-5.93,54.685],[-5.913333333333333,54.685],[-5.913333333333333,54.7],[-5.93,54.7],[-5.93,54.685]]]}},{"type":"Feature","id":"belfast_11_10_2023","properties":{"cell_id":"belfast_11_10","year":2023,"row":11,"col":10,"development_pressure":0.149,"planning_intensity":0.084,"green_cover":0.28,"mobility_access":0.2,"bike_activity":0.05,"air_quality":0.818,"opportunity_access":0.323,"fairness_context":0.0,"deprivation_weighted_opportunity":0.239,"development_pressure_delta_2016":0.046,"planning_intensity_delta_2016":0.022,"green_cover_delta_2016":-0.015,"mobility_access_delta_2016":0.0,"bike_activity_delta_2016":0.0,"air_quality_delta_2016":0.186,"opportunity_access_delta_2016":-0.006,"fairness_context_delta_2016":0.0,"deprivation_weighted_opportunity_delta_2016":-0.004,"development_pressure_delta_previous":-0.023,"planning_intensity_delta_previous":-0.012,"green_cover_delta_previous":0.0,"mobility_access_delta_previous":0.0,"bike_activity_delta_previous":0.0,"air_quality_delta_previous":0.352,"opportunity_access_delta_previous":0.002,"fairness_context_delta_previous":0.0,"deprivation_weighted_opportunity_delta_previous":0.002,"dominant_change":"improved","confidence":"low","evidence":["OpenStreetMap building export clipped to Belfast NI core","250m-style grid proxy generated from local spatial anchors","NI Air annual trend proxy included","Opportunity and exposure scores are normalized directional indicators"]},"geometry":{"type":"Polygon","coordinates":[[[-5.913333333333333,54.685],[-5.8966666666666665,54.685],[-5.8966666666666665,54.7],[-5.913333333333333,54.7],[-5.913333333333333,54.685]]]}},{"type":"Feature","id":"belfast_11_11_2023","properties":{"cell_id":"belfast_11_11","year":2023,"row":11,"col":11,"development_pressure":0.124,"planning_intensity":0.072,"green_cover":0.308,"mobility_access":0.2,"bike_activity":0.05,"air_quality":0.827,"opportunity_access":0.329,"fairness_context":0.0,"deprivation_weighted_opportunity":0.244,"development_pressure_delta_2016":0.023,"planning_intensity_delta_2016":0.011,"green_cover_delta_2016":0.008,"mobility_access_delta_2016":0.0,"bike_activity_delta_2016":0.0,"air_quality_delta_2016":0.193,"opportunity_access_delta_2016":-0.001,"fairness_context_delta_2016":0.0,"deprivation_weighted_opportunity_delta_2016":0.0,"development_pressure_delta_previous":-0.027,"planning_intensity_delta_previous":-0.014,"green_cover_delta_previous":0.027,"mobility_access_delta_previous":0.0,"bike_activity_delta_previous":0.0,"air_quality_delta_previous":0.357,"opportunity_access_delta_previous":0.007,"fairness_context_delta_previous":0.0,"deprivation_weighted_opportunity_delta_previous":0.005,"dominant_change":"improved","confidence":"low","evidence":["OpenStreetMap building export clipped to Belfast NI core","250m-style grid proxy generated from local spatial anchors","NI Air annual trend proxy included","Opportunity and exposure scores are normalized directional indicators"]},"geometry":{"type":"Polygon","coordinates":[[[-5.8966666666666665,54.685],[-5.88,54.685],[-5.88,54.7],[-5.8966666666666665,54.7],[-5.8966666666666665,54.685]]]}},{"type":"Feature","id":"belfast_11_12_2023","properties":{"cell_id":"belfast_11_12","year":2023,"row":11,"col":12,"development_pressure":0.105,"planning_intensity":0.063,"green_cover":0.339,"mobility_access":0.2,"bike_activity":0.05,"air_quality":0.837,"opportunity_access":0.337,"fairness_context":0.0,"deprivation_weighted_opportunity":0.249,"development_pressure_delta_2016":-0.009,"planning_intensity_delta_2016":-0.004,"green_cover_delta_2016":0.014,"mobility_access_delta_2016":0.0,"bike_activity_delta_2016":0.0,"air_quality_delta_2016":0.201,"opportunity_access_delta_2016":0.004,"fairness_context_delta_2016":0.0,"deprivation_weighted_opportunity_delta_2016":0.002,"development_pressure_delta_previous":-0.022,"planning_intensity_delta_previous":-0.01,"green_cover_delta_previous":0.031,"mobility_access_delta_previous":0.0,"bike_activity_delta_previous":0.0,"air_quality_delta_previous":0.358,"opportunity_access_delta_previous":0.008,"fairness_context_delta_previous":0.0,"deprivation_weighted_opportunity_delta_previous":0.005,"dominant_change":"improved","confidence":"low","evidence":["OpenStreetMap building export clipped to Belfast NI core","250m-style grid proxy generated from local spatial anchors","NI Air annual trend proxy included","Opportunity and exposure scores are normalized directional indicators"]},"geometry":{"type":"Polygon","coordinates":[[[-5.88,54.685],[-5.863333333333333,54.685],[-5.863333333333333,54.7],[-5.88,54.7],[-5.88,54.685]]]}},{"type":"Feature","id":"belfast_11_13_2023","properties":{"cell_id":"belfast_11_13","year":2023,"row":11,"col":13,"development_pressure":0.1,"planning_intensity":0.06,"green_cover":0.347,"mobility_access":0.2,"bike_activity":0.05,"air_quality":0.839,"opportunity_access":0.339,"fairness_context":0.0,"deprivation_weighted_opportunity":0.251,"development_pressure_delta_2016":-0.037,"planning_intensity_delta_2016":-0.018,"green_cover_delta_2016":0.002,"mobility_access_delta_2016":0.0,"bike_activity_delta_2016":0.0,"air_quality_delta_2016":0.202,"opportunity_access_delta_2016":0.004,"fairness_context_delta_2016":0.0,"deprivation_weighted_opportunity_delta_2016":0.003,"development_pressure_delta_previous":-0.007,"planning_intensity_delta_previous":-0.003,"green_cover_delta_previous":0.007,"mobility_access_delta_previous":0.0,"bike_activity_delta_previous":0.0,"air_quality_delta_previous":0.351,"opportunity_access_delta_previous":0.002,"fairness_context_delta_previous":0.0,"deprivation_weighted_opportunity_delta_previous":0.002,"dominant_change":"improved","confidence":"low","evidence":["OpenStreetMap building export clipped to Belfast NI core","250m-style grid proxy generated from local spatial anchors","NI Air annual trend proxy included","Opportunity and exposure scores are normalized directional indicators"]},"geometry":{"type":"Polygon","coordinates":[[[-5.863333333333333,54.685],[-5.846666666666667,54.685],[-5.846666666666667,54.7],[-5.863333333333333,54.7],[-5.863333333333333,54.685]]]}},{"type":"Feature","id":"belfast_11_14_2023","properties":{"cell_id":"belfast_11_14","year":2023,"row":11,"col":14,"development_pressure":0.11,"planning_intensity":0.065,"green_cover":0.326,"mobility_access":0.2,"bike_activity":0.05,"air_quality":0.833,"opportunity_access":0.334,"fairness_context":0.0,"deprivation_weighted_opportunity":0.247,"development_pressure_delta_2016":-0.051,"planning_intensity_delta_2016":-0.025,"green_cover_delta_2016":-0.014,"mobility_access_delta_2016":0.0,"bike_activity_delta_2016":0.0,"air_quality_delta_2016":0.201,"opportunity_access_delta_2016":0.002,"fairness_context_delta_2016":0.0,"deprivation_weighted_opportunity_delta_2016":0.001,"development_pressure_delta_previous":0.01,"planning_intensity_delta_previous":0.005,"green_cover_delta_previous":-0.022,"mobility_access_delta_previous":0.0,"bike_activity_delta_previous":0.0,"air_quality_delta_previous":0.342,"opportunity_access_delta_previous":-0.005,"fairness_context_delta_previous":0.0,"deprivation_weighted_opportunity_delta_previous":-0.004,"dominant_change":"improved","confidence":"low","evidence":["OpenStreetMap building export clipped to Belfast NI core","250m-style grid proxy generated from local spatial anchors","NI Air annual trend proxy included","Opportunity and exposure scores are normalized directional indicators"]},"geometry":{"type":"Polygon","coordinates":[[[-5.846666666666667,54.685],[-5.83,54.685],[-5.83,54.7],[-5.846666666666667,54.7],[-5.846666666666667,54.685]]]}},{"type":"Feature","id":"belfast_11_15_2023","properties":{"cell_id":"belfast_11_15","year":2023,"row":11,"col":15,"development_pressure":0.132,"planning_intensity":0.076,"green_cover":0.293,"mobility_access":0.2,"bike_activity":0.05,"air_quality":0.823,"opportunity_access":0.326,"fairness_context":0.0,"deprivation_weighted_opportunity":0.241,"development_pressure_delta_2016":-0.045,"planning_intensity_delta_2016":-0.022,"green_cover_delta_2016":-0.02,"mobility_access_delta_2016":0.0,"bike_activity_delta_2016":0.0,"air_quality_delta_2016":0.199,"opportunity_access_delta_2016":0.0,"fairness_context_delta_2016":0.0,"deprivation_weighted_opportunity_delta_2016":0.0,"development_pressure_delta_previous":0.024,"planning_intensity_delta_previous":0.012,"green_cover_delta_previous":-0.034,"mobility_access_delta_previous":0.0,"bike_activity_delta_previous":0.0,"air_quality_delta_previous":0.337,"opportunity_access_delta_previous":-0.008,"fairness_context_delta_previous":0.0,"deprivation_weighted_opportunity_delta_previous":-0.006,"dominant_change":"improved","confidence":"low","evidence":["OpenStreetMap building export clipped to Belfast NI core","250m-style grid proxy generated from local spatial anchors","NI Air annual trend proxy included","Opportunity and exposure scores are normalized directional indicators"]},"geometry":{"type":"Polygon","coordinates":[[[-5.83,54.685],[-5.8133333333333335,54.685],[-5.8133333333333335,54.7],[-5.83,54.7],[-5.83,54.685]]]}},{"type":"Feature","id":"belfast_11_16_2023","properties":{"cell_id":"belfast_11_16","year":2023,"row":11,"col":16,"development_pressure":0.156,"planning_intensity":0.088,"green_cover":0.276,"mobility_access":0.2,"bike_activity":0.05,"air_quality":0.816,"opportunity_access":0.321,"fairness_context":0.0,"deprivation_weighted_opportunity":0.238,"development_pressure_delta_2016":-0.023,"planning_intensity_delta_2016":-0.011,"green_cover_delta_2016":-0.011,"mobility_access_delta_2016":0.0,"bike_activity_delta_2016":0.0,"air_quality_delta_2016":0.198,"opportunity_access_delta_2016":0.0,"fairness_context_delta_2016":0.0,"deprivation_weighted_opportunity_delta_2016":0.0,"development_pressure_delta_previous":0.027,"planning_intensity_delta_previous":0.014,"green_cover_delta_previous":-0.018,"mobility_access_delta_previous":0.0,"bike_activity_delta_previous":0.0,"air_quality_delta_previous":0.34,"opportunity_access_delta_previous":-0.006,"fairness_context_delta_previous":0.0,"deprivation_weighted_opportunity_delta_previous":-0.004,"dominant_change":"improved","confidence":"low","evidence":["OpenStreetMap building export clipped to Belfast NI core","250m-style grid proxy generated from local spatial anchors","NI Air annual trend proxy included","Opportunity and exposure scores are normalized directional indicators"]},"geometry":{"type":"Polygon","coordinates":[[[-5.8133333333333335,54.685],[-5.796666666666667,54.685],[-5.796666666666667,54.7],[-5.8133333333333335,54.7],[-5.8133333333333335,54.685]]]}},{"type":"Feature","id":"belfast_11_17_2023","properties":{"cell_id":"belfast_11_17","year":2023,"row":11,"col":17,"development_pressure":0.175,"planning_intensity":0.097,"green_cover":0.289,"mobility_access":0.2,"bike_activity":0.05,"air_quality":0.815,"opportunity_access":0.322,"fairness_context":0.0,"deprivation_weighted_opportunity":0.238,"development_pressure_delta_2016":0.009,"planning_intensity_delta_2016":0.004,"green_cover_delta_2016":0.003,"mobility_access_delta_2016":0.0,"bike_activity_delta_2016":0.0,"air_quality_delta_2016":0.195,"opportunity_access_delta_2016":0.0,"fairness_context_delta_2016":0.0,"deprivation_weighted_opportunity_delta_2016":0.0,"development_pressure_delta_previous":0.021,"planning_intensity_delta_previous":0.01,"green_cover_delta_previous":0.011,"mobility_access_delta_previous":0.0,"bike_activity_delta_previous":0.0,"air_quality_delta_previous":0.346,"opportunity_access_delta_previous":0.0,"fairness_context_delta_previous":0.0,"deprivation_weighted_opportunity_delta_previous":0.0,"dominant_change":"improved","confidence":"low","evidence":["OpenStreetMap building export clipped to Belfast NI core","250m-style grid proxy generated from local spatial anchors","NI Air annual trend proxy included","Opportunity and exposure scores are normalized directional indicators"]},"geometry":{"type":"Polygon","coordinates":[[[-5.796666666666667,54.685],[-5.78,54.685],[-5.78,54.7],[-5.796666666666667,54.7],[-5.796666666666667,54.685]]]}}]}