{"type":"FeatureCollection","name":"mode_a_grid_2026","metadata":{"year":2026,"generated_at":"2026-04-25T14:46:21.933995+00:00","bbox":[-6.08,54.52,-5.78,54.7],"cell_count":308,"resolution_note":"Regular replay grid across Belfast NI; values are normalized 0-1 lens scores."},"features":[{"type":"Feature","id":"belfast_00_00_2026","properties":{"cell_id":"belfast_00_00","year":2026,"row":0,"col":0,"population_pressure":0.265,"mobility_strain":0.418,"economic_opportunity":0.06,"environmental_exposure":0.424,"fairness_score":0.393,"development_pressure":0.115,"green_cover":0.42,"bike_access":0.05,"transit_access":0.18,"traffic_pressure":0.158,"planning_intensity":0.078,"deprivation_weight":0.0,"bike_trip_index":0.235,"tree_canopy_context":0.388,"civic_service_context":0.0,"population_pressure_delta_2016":0.062,"mobility_strain_delta_2016":-0.005,"economic_opportunity_delta_2016":0.0,"environmental_exposure_delta_2016":0.166,"fairness_score_delta_2016":0.002,"population_pressure_delta_previous":-0.119,"mobility_strain_delta_previous":-0.055,"economic_opportunity_delta_previous":0.0,"environmental_exposure_delta_previous":-0.015,"fairness_score_delta_previous":0.017,"dominant_metric":"environmental_exposure","dominant_change":"worsened","confidence":"high","evidence":["NI Air Belfast Centre hourly archive","BCCAQ monitoring-site inventory","NDVI/NDBI raster source availability","Tree inventory, road-pressure and River Lagan exposure proxy"]},"geometry":{"type":"Polygon","coordinates":[[[-6.08,54.52],[-6.066364,54.52],[-6.066364,54.532857],[-6.08,54.532857],[-6.08,54.52]]]}},{"type":"Feature","id":"belfast_00_01_2026","properties":{"cell_id":"belfast_00_01","year":2026,"row":0,"col":1,"population_pressure":0.277,"mobility_strain":0.425,"economic_opportunity":0.06,"environmental_exposure":0.444,"fairness_score":0.391,"development_pressure":0.139,"green_cover":0.359,"bike_access":0.05,"transit_access":0.18,"traffic_pressure":0.167,"planning_intensity":0.089,"deprivation_weight":0.0,"bike_trip_index":0.235,"tree_canopy_context":0.188,"civic_service_context":0.0,"population_pressure_delta_2016":0.084,"mobility_strain_delta_2016":0.004,"economic_opportunity_delta_2016":0.0,"environmental_exposure_delta_2016":0.17,"fairness_score_delta_2016":-0.001,"population_pressure_delta_previous":-0.12,"mobility_strain_delta_previous":-0.056,"economic_opportunity_delta_previous":0.0,"environmental_exposure_delta_previous":-0.024,"fairness_score_delta_previous":0.017,"dominant_metric":"environmental_exposure","dominant_change":"worsened","confidence":"high","evidence":["NI Air Belfast Centre hourly archive","BCCAQ monitoring-site inventory","NDVI/NDBI raster source availability","Tree inventory, road-pressure and River Lagan exposure proxy"]},"geometry":{"type":"Polygon","coordinates":[[[-6.066364,54.52],[-6.052728,54.52],[-6.052728,54.532857],[-6.066364,54.532857],[-6.066364,54.52]]]}},{"type":"Feature","id":"belfast_00_02_2026","properties":{"cell_id":"belfast_00_02","year":2026,"row":0,"col":2,"population_pressure":0.285,"mobility_strain":0.429,"economic_opportunity":0.06,"environmental_exposure":0.456,"fairness_score":0.389,"development_pressure":0.153,"green_cover":0.325,"bike_access":0.05,"transit_access":0.18,"traffic_pressure":0.172,"planning_intensity":0.097,"deprivation_weight":0.0,"bike_trip_index":0.235,"tree_canopy_context":0.0,"civic_service_context":0.0,"population_pressure_delta_2016":0.105,"mobility_strain_delta_2016":0.01,"economic_opportunity_delta_2016":0.0,"environmental_exposure_delta_2016":0.16,"fairness_score_delta_2016":-0.003,"population_pressure_delta_previous":-0.123,"mobility_strain_delta_previous":-0.058,"economic_opportunity_delta_previous":0.0,"environmental_exposure_delta_previous":-0.031,"fairness_score_delta_previous":0.017,"dominant_metric":"environmental_exposure","dominant_change":"worsened","confidence":"high","evidence":["NI Air Belfast Centre hourly archive","BCCAQ monitoring-site inventory","NDVI/NDBI raster source availability","Tree inventory, road-pressure and River Lagan exposure proxy"]},"geometry":{"type":"Polygon","coordinates":[[[-6.052727,54.52],[-6.039091,54.52],[-6.039091,54.532857],[-6.052727,54.532857],[-6.052727,54.52]]]}},{"type":"Feature","id":"belfast_00_03_2026","properties":{"cell_id":"belfast_00_03","year":2026,"row":0,"col":3,"population_pressure":0.284,"mobility_strain":0.428,"economic_opportunity":0.06,"environmental_exposure":0.448,"fairness_score":0.39,"development_pressure":0.152,"green_cover":0.349,"bike_access":0.05,"transit_access":0.18,"traffic_pressure":0.17,"planning_intensity":0.096,"deprivation_weight":0.0,"bike_trip_index":0.235,"tree_canopy_context":0.0,"civic_service_context":0.0,"population_pressure_delta_2016":0.114,"mobility_strain_delta_2016":0.011,"economic_opportunity_delta_2016":0.0,"environmental_exposure_delta_2016":0.143,"fairness_score_delta_2016":-0.003,"population_pressure_delta_previous":-0.128,"mobility_strain_delta_previous":-0.06,"economic_opportunity_delta_previous":0.0,"environmental_exposure_delta_previous":-0.031,"fairness_score_delta_previous":0.018,"dominant_metric":"environmental_exposure","dominant_change":"worsened","confidence":"high","evidence":["NI Air Belfast Centre hourly archive","BCCAQ monitoring-site inventory","NDVI/NDBI raster source availability","Tree inventory, road-pressure and River Lagan exposure proxy"]},"geometry":{"type":"Polygon","coordinates":[[[-6.039091,54.52],[-6.025455,54.52],[-6.025455,54.532857],[-6.039091,54.532857],[-6.039091,54.52]]]}},{"type":"Feature","id":"belfast_00_04_2026","properties":{"cell_id":"belfast_00_04","year":2026,"row":0,"col":4,"population_pressure":0.276,"mobility_strain":0.425,"economic_opportunity":0.06,"environmental_exposure":0.447,"fairness_score":0.391,"development_pressure":0.136,"green_cover":0.352,"bike_access":0.05,"transit_access":0.18,"traffic_pressure":0.167,"planning_intensity":0.088,"deprivation_weight":0.0,"bike_trip_index":0.235,"tree_canopy_context":0.0,"civic_service_context":0.0,"population_pressure_delta_2016":0.107,"mobility_strain_delta_2016":0.008,"economic_opportunity_delta_2016":0.0,"environmental_exposure_delta_2016":0.138,"fairness_score_delta_2016":-0.002,"population_pressure_delta_previous":-0.132,"mobility_strain_delta_previous":-0.06,"economic_opportunity_delta_previous":0.0,"environmental_exposure_delta_previous":-0.023,"fairness_score_delta_previous":0.018,"dominant_metric":"environmental_exposure","dominant_change":"worsened","confidence":"high","evidence":["NI Air Belfast Centre hourly archive","BCCAQ monitoring-site inventory","NDVI/NDBI raster source availability","Tree inventory, road-pressure and River Lagan exposure proxy"]},"geometry":{"type":"Polygon","coordinates":[[[-6.025455,54.52],[-6.011819,54.52],[-6.011819,54.532857],[-6.025455,54.532857],[-6.025455,54.52]]]}},{"type":"Feature","id":"belfast_00_05_2026","properties":{"cell_id":"belfast_00_05","year":2026,"row":0,"col":5,"population_pressure":0.263,"mobility_strain":0.421,"economic_opportunity":0.06,"environmental_exposure":0.453,"fairness_score":0.392,"development_pressure":0.112,"green_cover":0.333,"bike_access":0.05,"transit_access":0.18,"traffic_pressure":0.165,"planning_intensity":0.076,"deprivation_weight":0.0,"bike_trip_index":0.235,"tree_canopy_context":0.0,"civic_service_context":0.0,"population_pressure_delta_2016":0.087,"mobility_strain_delta_2016":0.002,"economic_opportunity_delta_2016":0.0,"environmental_exposure_delta_2016":0.147,"fairness_score_delta_2016":0.0,"population_pressure_delta_previous":-0.134,"mobility_strain_delta_previous":-0.06,"economic_opportunity_delta_previous":0.0,"environmental_exposure_delta_previous":-0.016,"fairness_score_delta_previous":0.018,"dominant_metric":"environmental_exposure","dominant_change":"worsened","confidence":"high","evidence":["NI Air Belfast Centre hourly archive","BCCAQ monitoring-site inventory","NDVI/NDBI raster source availability","Tree inventory, road-pressure and River Lagan exposure proxy"]},"geometry":{"type":"Polygon","coordinates":[[[-6.011818,54.52],[-5.998182,54.52],[-5.998182,54.532857],[-6.011818,54.532857],[-6.011818,54.52]]]}},{"type":"Feature","id":"belfast_00_06_2026","properties":{"cell_id":"belfast_00_06","year":2026,"row":0,"col":6,"population_pressure":0.252,"mobility_strain":0.418,"economic_opportunity":0.06,"environmental_exposure":0.46,"fairness_score":0.393,"development_pressure":0.092,"green_cover":0.312,"bike_access":0.05,"transit_access":0.18,"traffic_pressure":0.164,"planning_intensity":0.066,"deprivation_weight":0.0,"bike_trip_index":0.235,"tree_canopy_context":0.0,"civic_service_context":0.0,"population_pressure_delta_2016":0.064,"mobility_strain_delta_2016":-0.004,"economic_opportunity_delta_2016":0.0,"environmental_exposure_delta_2016":0.162,"fairness_score_delta_2016":0.002,"population_pressure_delta_previous":-0.132,"mobility_strain_delta_previous":-0.059,"economic_opportunity_delta_previous":0.0,"environmental_exposure_delta_previous":-0.015,"fairness_score_delta_previous":0.018,"dominant_metric":"environmental_exposure","dominant_change":"worsened","confidence":"high","evidence":["NI Air Belfast Centre hourly archive","BCCAQ monitoring-site inventory","NDVI/NDBI raster source availability","Tree inventory, road-pressure and River Lagan exposure proxy"]},"geometry":{"type":"Polygon","coordinates":[[[-5.998182,54.52],[-5.984546,54.52],[-5.984546,54.532857],[-5.998182,54.532857],[-5.998182,54.52]]]}},{"type":"Feature","id":"belfast_00_07_2026","properties":{"cell_id":"belfast_00_07","year":2026,"row":0,"col":7,"population_pressure":0.249,"mobility_strain":0.417,"economic_opportunity":0.06,"environmental_exposure":0.46,"fairness_score":0.393,"development_pressure":0.085,"green_cover":0.311,"bike_access":0.05,"transit_access":0.18,"traffic_pressure":0.163,"planning_intensity":0.063,"deprivation_weight":0.0,"bike_trip_index":0.235,"tree_canopy_context":0.0,"civic_service_context":0.0,"population_pressure_delta_2016":0.049,"mobility_strain_delta_2016":-0.009,"economic_opportunity_delta_2016":0.0,"environmental_exposure_delta_2016":0.167,"fairness_score_delta_2016":0.003,"population_pressure_delta_previous":-0.127,"mobility_strain_delta_previous":-0.058,"economic_opportunity_delta_previous":0.0,"environmental_exposure_delta_previous":-0.022,"fairness_score_delta_previous":0.017,"dominant_metric":"environmental_exposure","dominant_change":"worsened","confidence":"high","evidence":["NI Air Belfast Centre hourly archive","BCCAQ monitoring-site inventory","NDVI/NDBI raster source availability","Tree inventory, road-pressure and River Lagan exposure proxy"]},"geometry":{"type":"Polygon","coordinates":[[[-5.984545,54.52],[-5.970909,54.52],[-5.970909,54.532857],[-5.984545,54.532857],[-5.984545,54.52]]]}},{"type":"Feature","id":"belfast_00_08_2026","properties":{"cell_id":"belfast_00_08","year":2026,"row":0,"col":8,"population_pressure":0.254,"mobility_strain":0.418,"economic_opportunity":0.06,"environmental_exposure":0.454,"fairness_score":0.393,"development_pressure":0.095,"green_cover":0.331,"bike_access":0.05,"transit_access":0.18,"traffic_pressure":0.162,"planning_intensity":0.067,"deprivation_weight":0.0,"bike_trip_index":0.235,"tree_canopy_context":0.0,"civic_service_context":0.0,"population_pressure_delta_2016":0.048,"mobility_strain_delta_2016":-0.01,"economic_opportunity_delta_2016":0.0,"environmental_exposure_delta_2016":0.157,"fairness_score_delta_2016":0.003,"population_pressure_delta_previous":-0.122,"mobility_strain_delta_previous":-0.058,"economic_opportunity_delta_previous":0.0,"environmental_exposure_delta_previous":-0.029,"fairness_score_delta_previous":0.018,"dominant_metric":"environmental_exposure","dominant_change":"worsened","confidence":"high","evidence":["NI Air Belfast Centre hourly archive","BCCAQ monitoring-site inventory","NDVI/NDBI raster source availability","Tree inventory, road-pressure and River Lagan exposure proxy"]},"geometry":{"type":"Polygon","coordinates":[[[-5.970909,54.52],[-5.957273,54.52],[-5.957273,54.532857],[-5.970909,54.532857],[-5.970909,54.52]]]}},{"type":"Feature","id":"belfast_00_09_2026","properties":{"cell_id":"belfast_00_09","year":2026,"row":0,"col":9,"population_pressure":0.265,"mobility_strain":0.421,"economic_opportunity":0.06,"environmental_exposure":0.446,"fairness_score":0.392,"development_pressure":0.116,"green_cover":0.353,"bike_access":0.05,"transit_access":0.18,"traffic_pressure":0.164,"planning_intensity":0.078,"deprivation_weight":0.0,"bike_trip_index":0.235,"tree_canopy_context":0.0,"civic_service_context":0.0,"population_pressure_delta_2016":0.062,"mobility_strain_delta_2016":-0.007,"economic_opportunity_delta_2016":0.0,"environmental_exposure_delta_2016":0.141,"fairness_score_delta_2016":0.002,"population_pressure_delta_previous":-0.119,"mobility_strain_delta_previous":-0.057,"economic_opportunity_delta_previous":0.0,"environmental_exposure_delta_previous":-0.031,"fairness_score_delta_previous":0.017,"dominant_metric":"environmental_exposure","dominant_change":"worsened","confidence":"high","evidence":["NI Air Belfast Centre hourly archive","BCCAQ monitoring-site inventory","NDVI/NDBI raster source availability","Tree inventory, road-pressure and River Lagan exposure proxy"]},"geometry":{"type":"Polygon","coordinates":[[[-5.957273,54.52],[-5.943637,54.52],[-5.943637,54.532857],[-5.957273,54.532857],[-5.957273,54.52]]]}},{"type":"Feature","id":"belfast_00_10_2026","properties":{"cell_id":"belfast_00_10","year":2026,"row":0,"col":10,"population_pressure":0.278,"mobility_strain":0.425,"economic_opportunity":0.06,"environmental_exposure":0.446,"fairness_score":0.391,"development_pressure":0.139,"green_cover":0.354,"bike_access":0.05,"transit_access":0.18,"traffic_pressure":0.167,"planning_intensity":0.09,"deprivation_weight":0.0,"bike_trip_index":0.235,"tree_canopy_context":0.0,"civic_service_context":0.0,"population_pressure_delta_2016":0.086,"mobility_strain_delta_2016":0.0,"economic_opportunity_delta_2016":0.0,"environmental_exposure_delta_2016":0.135,"fairness_score_delta_2016":0.0,"population_pressure_delta_previous":-0.119,"mobility_strain_delta_previous":-0.056,"economic_opportunity_delta_previous":0.0,"environmental_exposure_delta_previous":-0.024,"fairness_score_delta_previous":0.017,"dominant_metric":"environmental_exposure","dominant_change":"worsened","confidence":"high","evidence":["NI Air Belfast Centre hourly archive","BCCAQ monitoring-site inventory","NDVI/NDBI raster source availability","Tree inventory, road-pressure and River Lagan exposure proxy"]},"geometry":{"type":"Polygon","coordinates":[[[-5.943636,54.52],[-5.93,54.52],[-5.93,54.532857],[-5.943636,54.532857],[-5.943636,54.52]]]}},{"type":"Feature","id":"belfast_00_11_2026","properties":{"cell_id":"belfast_00_11","year":2026,"row":0,"col":11,"population_pressure":0.285,"mobility_strain":0.429,"economic_opportunity":0.06,"environmental_exposure":0.453,"fairness_score":0.389,"development_pressure":0.154,"green_cover":0.331,"bike_access":0.05,"transit_access":0.18,"traffic_pressure":0.172,"planning_intensity":0.097,"deprivation_weight":0.0,"bike_trip_index":0.235,"tree_canopy_context":0.0,"civic_service_context":0.0,"population_pressure_delta_2016":0.106,"mobility_strain_delta_2016":0.009,"economic_opportunity_delta_2016":0.0,"environmental_exposure_delta_2016":0.145,"fairness_score_delta_2016":-0.003,"population_pressure_delta_previous":-0.123,"mobility_strain_delta_previous":-0.056,"economic_opportunity_delta_previous":0.0,"environmental_exposure_delta_previous":-0.016,"fairness_score_delta_previous":0.016,"dominant_metric":"environmental_exposure","dominant_change":"worsened","confidence":"high","evidence":["NI Air Belfast Centre hourly archive","BCCAQ monitoring-site inventory","NDVI/NDBI raster source availability","Tree inventory, road-pressure and River Lagan exposure proxy"]},"geometry":{"type":"Polygon","coordinates":[[[-5.93,54.52],[-5.916364,54.52],[-5.916364,54.532857],[-5.93,54.532857],[-5.93,54.52]]]}},{"type":"Feature","id":"belfast_00_12_2026","properties":{"cell_id":"belfast_00_12","year":2026,"row":0,"col":12,"population_pressure":0.284,"mobility_strain":0.43,"economic_opportunity":0.06,"environmental_exposure":0.463,"fairness_score":0.389,"development_pressure":0.152,"green_cover":0.303,"bike_access":0.05,"transit_access":0.18,"traffic_pressure":0.174,"planning_intensity":0.096,"deprivation_weight":0.0,"bike_trip_index":0.235,"tree_canopy_context":0.0,"civic_service_context":0.0,"population_pressure_delta_2016":0.114,"mobility_strain_delta_2016":0.014,"economic_opportunity_delta_2016":0.0,"environmental_exposure_delta_2016":0.164,"fairness_score_delta_2016":-0.004,"population_pressure_delta_previous":-0.128,"mobility_strain_delta_previous":-0.058,"economic_opportunity_delta_previous":0.0,"environmental_exposure_delta_previous":-0.013,"fairness_score_delta_previous":0.017,"dominant_metric":"environmental_exposure","dominant_change":"worsened","confidence":"high","evidence":["NI Air Belfast Centre hourly archive","BCCAQ monitoring-site inventory","NDVI/NDBI raster source availability","Tree inventory, road-pressure and River Lagan exposure proxy"]},"geometry":{"type":"Polygon","coordinates":[[[-5.916364,54.52],[-5.902728,54.52],[-5.902728,54.532857],[-5.916364,54.532857],[-5.916364,54.52]]]}},{"type":"Feature","id":"belfast_00_13_2026","properties":{"cell_id":"belfast_00_13","year":2026,"row":0,"col":13,"population_pressure":0.275,"mobility_strain":0.423,"economic_opportunity":0.06,"environmental_exposure":0.432,"fairness_score":0.391,"development_pressure":0.135,"green_cover":0.396,"bike_access":0.05,"transit_access":0.18,"traffic_pressure":0.163,"planning_intensity":0.088,"deprivation_weight":0.0,"bike_trip_index":0.235,"tree_canopy_context":0.329,"civic_service_context":0.0,"population_pressure_delta_2016":0.106,"mobility_strain_delta_2016":0.012,"economic_opportunity_delta_2016":0.0,"environmental_exposure_delta_2016":0.174,"fairness_score_delta_2016":-0.004,"population_pressure_delta_previous":-0.133,"mobility_strain_delta_previous":-0.06,"economic_opportunity_delta_previous":0.0,"environmental_exposure_delta_previous":-0.02,"fairness_score_delta_previous":0.018,"dominant_metric":"environmental_exposure","dominant_change":"worsened","confidence":"high","evidence":["NI Air Belfast Centre hourly archive","BCCAQ monitoring-site inventory","NDVI/NDBI raster source availability","Tree inventory, road-pressure and River Lagan exposure proxy"]},"geometry":{"type":"Polygon","coordinates":[[[-5.902727,54.52],[-5.889091,54.52],[-5.889091,54.532857],[-5.902727,54.532857],[-5.902727,54.52]]]}},{"type":"Feature","id":"belfast_00_14_2026","properties":{"cell_id":"belfast_00_14","year":2026,"row":0,"col":14,"population_pressure":0.263,"mobility_strain":0.419,"economic_opportunity":0.06,"environmental_exposure":0.437,"fairness_score":0.392,"development_pressure":0.112,"green_cover":0.383,"bike_access":0.05,"transit_access":0.18,"traffic_pressure":0.16,"planning_intensity":0.076,"deprivation_weight":0.0,"bike_trip_index":0.235,"tree_canopy_context":0.212,"civic_service_context":0.0,"population_pressure_delta_2016":0.087,"mobility_strain_delta_2016":0.004,"economic_opportunity_delta_2016":0.0,"environmental_exposure_delta_2016":0.166,"fairness_score_delta_2016":-0.002,"population_pressure_delta_previous":-0.134,"mobility_strain_delta_previous":-0.062,"economic_opportunity_delta_previous":0.0,"environmental_exposure_delta_previous":-0.029,"fairness_score_delta_previous":0.018,"dominant_metric":"environmental_exposure","dominant_change":"worsened","confidence":"high","evidence":["NI Air Belfast Centre hourly archive","BCCAQ monitoring-site inventory","NDVI/NDBI raster source availability","Tree inventory, road-pressure and River Lagan exposure proxy"]},"geometry":{"type":"Polygon","coordinates":[[[-5.889091,54.52],[-5.875455,54.52],[-5.875455,54.532857],[-5.889091,54.532857],[-5.889091,54.52]]]}},{"type":"Feature","id":"belfast_00_15_2026","properties":{"cell_id":"belfast_00_15","year":2026,"row":0,"col":15,"population_pressure":0.252,"mobility_strain":0.416,"economic_opportunity":0.06,"environmental_exposure":0.446,"fairness_score":0.393,"development_pressure":0.092,"green_cover":0.352,"bike_access":0.05,"transit_access":0.18,"traffic_pressure":0.16,"planning_intensity":0.066,"deprivation_weight":0.0,"bike_trip_index":0.235,"tree_canopy_context":0.0,"civic_service_context":0.0,"population_pressure_delta_2016":0.063,"mobility_strain_delta_2016":-0.007,"economic_opportunity_delta_2016":0.0,"environmental_exposure_delta_2016":0.145,"fairness_score_delta_2016":0.002,"population_pressure_delta_previous":-0.132,"mobility_strain_delta_previous":-0.062,"economic_opportunity_delta_previous":0.0,"environmental_exposure_delta_previous":-0.034,"fairness_score_delta_previous":0.018,"dominant_metric":"environmental_exposure","dominant_change":"worsened","confidence":"high","evidence":["NI Air Belfast Centre hourly archive","BCCAQ monitoring-site inventory","NDVI/NDBI raster source availability","Tree inventory, road-pressure and River Lagan exposure proxy"]},"geometry":{"type":"Polygon","coordinates":[[[-5.875455,54.52],[-5.861819,54.52],[-5.861819,54.532857],[-5.875455,54.532857],[-5.875455,54.52]]]}},{"type":"Feature","id":"belfast_00_16_2026","properties":{"cell_id":"belfast_00_16","year":2026,"row":0,"col":16,"population_pressure":0.249,"mobility_strain":0.414,"economic_opportunity":0.06,"environmental_exposure":0.441,"fairness_score":0.394,"development_pressure":0.085,"green_cover":0.369,"bike_access":0.05,"transit_access":0.18,"traffic_pressure":0.157,"planning_intensity":0.063,"deprivation_weight":0.0,"bike_trip_index":0.235,"tree_canopy_context":0.0,"civic_service_context":0.0,"population_pressure_delta_2016":0.049,"mobility_strain_delta_2016":-0.014,"economic_opportunity_delta_2016":0.0,"environmental_exposure_delta_2016":0.13,"fairness_score_delta_2016":0.004,"population_pressure_delta_previous":-0.127,"mobility_strain_delta_previous":-0.06,"economic_opportunity_delta_previous":0.0,"environmental_exposure_delta_previous":-0.028,"fairness_score_delta_previous":0.018,"dominant_metric":"environmental_exposure","dominant_change":"worsened","confidence":"high","evidence":["NI Air Belfast Centre hourly archive","BCCAQ monitoring-site inventory","NDVI/NDBI raster source availability","Tree inventory, road-pressure and River Lagan exposure proxy"]},"geometry":{"type":"Polygon","coordinates":[[[-5.861818,54.52],[-5.848182,54.52],[-5.848182,54.532857],[-5.861818,54.532857],[-5.861818,54.52]]]}},{"type":"Feature","id":"belfast_00_17_2026","properties":{"cell_id":"belfast_00_17","year":2026,"row":0,"col":17,"population_pressure":0.254,"mobility_strain":0.417,"economic_opportunity":0.06,"environmental_exposure":0.446,"fairness_score":0.393,"development_pressure":0.095,"green_cover":0.353,"bike_access":0.05,"transit_access":0.18,"traffic_pressure":0.16,"planning_intensity":0.067,"deprivation_weight":0.0,"bike_trip_index":0.235,"tree_canopy_context":0.0,"civic_service_context":0.0,"population_pressure_delta_2016":0.048,"mobility_strain_delta_2016":-0.013,"economic_opportunity_delta_2016":0.0,"environmental_exposure_delta_2016":0.133,"fairness_score_delta_2016":0.004,"population_pressure_delta_previous":-0.122,"mobility_strain_delta_previous":-0.056,"economic_opportunity_delta_previous":0.0,"environmental_exposure_delta_previous":-0.018,"fairness_score_delta_previous":0.017,"dominant_metric":"environmental_exposure","dominant_change":"worsened","confidence":"high","evidence":["NI Air Belfast Centre hourly archive","BCCAQ monitoring-site inventory","NDVI/NDBI raster source availability","Tree inventory, road-pressure and River Lagan exposure proxy"]},"geometry":{"type":"Polygon","coordinates":[[[-5.848182,54.52],[-5.834546,54.52],[-5.834546,54.532857],[-5.848182,54.532857],[-5.848182,54.52]]]}},{"type":"Feature","id":"belfast_00_18_2026","properties":{"cell_id":"belfast_00_18","year":2026,"row":0,"col":18,"population_pressure":0.265,"mobility_strain":0.422,"economic_opportunity":0.06,"environmental_exposure":0.457,"fairness_score":0.391,"development_pressure":0.117,"green_cover":0.319,"bike_access":0.05,"transit_access":0.18,"traffic_pressure":0.167,"planning_intensity":0.078,"deprivation_weight":0.0,"bike_trip_index":0.235,"tree_canopy_context":0.0,"civic_service_context":0.0,"population_pressure_delta_2016":0.063,"mobility_strain_delta_2016":-0.006,"economic_opportunity_delta_2016":0.0,"environmental_exposure_delta_2016":0.152,"fairness_score_delta_2016":0.001,"population_pressure_delta_previous":-0.12,"mobility_strain_delta_previous":-0.055,"economic_opportunity_delta_previous":0.0,"environmental_exposure_delta_previous":-0.013,"fairness_score_delta_previous":0.016,"dominant_metric":"environmental_exposure","dominant_change":"worsened","confidence":"high","evidence":["NI Air Belfast Centre hourly archive","BCCAQ monitoring-site inventory","NDVI/NDBI raster source availability","Tree inventory, road-pressure and River Lagan exposure proxy"]},"geometry":{"type":"Polygon","coordinates":[[[-5.834545,54.52],[-5.820909,54.52],[-5.820909,54.532857],[-5.834545,54.532857],[-5.834545,54.52]]]}},{"type":"Feature","id":"belfast_00_19_2026","properties":{"cell_id":"belfast_00_19","year":2026,"row":0,"col":19,"population_pressure":0.278,"mobility_strain":0.428,"economic_opportunity":0.06,"environmental_exposure":0.465,"fairness_score":0.39,"development_pressure":0.14,"green_cover":0.296,"bike_access":0.05,"transit_access":0.18,"traffic_pressure":0.173,"planning_intensity":0.09,"deprivation_weight":0.0,"bike_trip_index":0.235,"tree_canopy_context":0.0,"civic_service_context":0.0,"population_pressure_delta_2016":0.086,"mobility_strain_delta_2016":0.005,"economic_opportunity_delta_2016":0.0,"environmental_exposure_delta_2016":0.17,"fairness_score_delta_2016":-0.001,"population_pressure_delta_previous":-0.119,"mobility_strain_delta_previous":-0.055,"economic_opportunity_delta_previous":0.0,"environmental_exposure_delta_previous":-0.016,"fairness_score_delta_previous":0.017,"dominant_metric":"environmental_exposure","dominant_change":"worsened","confidence":"high","evidence":["NI Air Belfast Centre hourly archive","BCCAQ monitoring-site inventory","NDVI/NDBI raster source availability","Tree inventory, road-pressure and River Lagan exposure proxy"]},"geometry":{"type":"Polygon","coordinates":[[[-5.820909,54.52],[-5.807273,54.52],[-5.807273,54.532857],[-5.820909,54.532857],[-5.820909,54.52]]]}},{"type":"Feature","id":"belfast_00_20_2026","properties":{"cell_id":"belfast_00_20","year":2026,"row":0,"col":20,"population_pressure":0.285,"mobility_strain":0.43,"economic_opportunity":0.06,"environmental_exposure":0.463,"fairness_score":0.389,"development_pressure":0.154,"green_cover":0.301,"bike_access":0.05,"transit_access":0.18,"traffic_pressure":0.174,"planning_intensity":0.097,"deprivation_weight":0.0,"bike_trip_index":0.235,"tree_canopy_context":0.0,"civic_service_context":0.0,"population_pressure_delta_2016":0.106,"mobility_strain_delta_2016":0.012,"economic_opportunity_delta_2016":0.0,"environmental_exposure_delta_2016":0.172,"fairness_score_delta_2016":-0.004,"population_pressure_delta_previous":-0.123,"mobility_strain_delta_previous":-0.058,"economic_opportunity_delta_previous":0.0,"environmental_exposure_delta_previous":-0.026,"fairness_score_delta_previous":0.017,"dominant_metric":"environmental_exposure","dominant_change":"worsened","confidence":"high","evidence":["NI Air Belfast Centre hourly archive","BCCAQ monitoring-site inventory","NDVI/NDBI raster source availability","Tree inventory, road-pressure and River Lagan exposure proxy"]},"geometry":{"type":"Polygon","coordinates":[[[-5.807273,54.52],[-5.793637,54.52],[-5.793637,54.532857],[-5.807273,54.532857],[-5.807273,54.52]]]}},{"type":"Feature","id":"belfast_00_21_2026","properties":{"cell_id":"belfast_00_21","year":2026,"row":0,"col":21,"population_pressure":0.284,"mobility_strain":0.429,"economic_opportunity":0.06,"environmental_exposure":0.454,"fairness_score":0.39,"development_pressure":0.152,"green_cover":0.33,"bike_access":0.05,"transit_access":0.18,"traffic_pressure":0.172,"planning_intensity":0.096,"deprivation_weight":0.0,"bike_trip_index":0.235,"tree_canopy_context":0.0,"civic_service_context":0.0,"population_pressure_delta_2016":0.114,"mobility_strain_delta_2016":0.013,"economic_opportunity_delta_2016":0.0,"environmental_exposure_delta_2016":0.157,"fairness_score_delta_2016":-0.003,"population_pressure_delta_previous":-0.128,"mobility_strain_delta_previous":-0.06,"economic_opportunity_delta_previous":0.0,"environmental_exposure_delta_previous":-0.032,"fairness_score_delta_previous":0.019,"dominant_metric":"environmental_exposure","dominant_change":"worsened","confidence":"high","evidence":["NI Air Belfast Centre hourly archive","BCCAQ monitoring-site inventory","NDVI/NDBI raster source availability","Tree inventory, road-pressure and River Lagan exposure proxy"]},"geometry":{"type":"Polygon","coordinates":[[[-5.793636,54.52],[-5.78,54.52],[-5.78,54.532857],[-5.793636,54.532857],[-5.793636,54.52]]]}},{"type":"Feature","id":"belfast_01_00_2026","properties":{"cell_id":"belfast_01_00","year":2026,"row":1,"col":0,"population_pressure":0.285,"mobility_strain":0.43,"economic_opportunity":0.06,"environmental_exposure":0.466,"fairness_score":0.389,"development_pressure":0.153,"green_cover":0.293,"bike_access":0.05,"transit_access":0.18,"traffic_pressure":0.175,"planning_intensity":0.097,"deprivation_weight":0.0,"bike_trip_index":0.235,"tree_canopy_context":0.0,"civic_service_context":0.0,"population_pressure_delta_2016":0.105,"mobility_strain_delta_2016":0.011,"economic_opportunity_delta_2016":0.0,"environmental_exposure_delta_2016":0.171,"fairness_score_delta_2016":-0.003,"population_pressure_delta_previous":-0.123,"mobility_strain_delta_previous":-0.057,"economic_opportunity_delta_previous":0.0,"environmental_exposure_delta_previous":-0.015,"fairness_score_delta_previous":0.017,"dominant_metric":"environmental_exposure","dominant_change":"worsened","confidence":"high","evidence":["NI Air Belfast Centre hourly archive","BCCAQ monitoring-site inventory","NDVI/NDBI raster source availability","Tree inventory, road-pressure and River Lagan exposure proxy"]},"geometry":{"type":"Polygon","coordinates":[[[-6.08,54.532857],[-6.066364,54.532857],[-6.066364,54.545714],[-6.08,54.545714],[-6.08,54.532857]]]}},{"type":"Feature","id":"belfast_01_01_2026","properties":{"cell_id":"belfast_01_01","year":2026,"row":1,"col":1,"population_pressure":0.284,"mobility_strain":0.43,"economic_opportunity":0.06,"environmental_exposure":0.464,"fairness_score":0.389,"development_pressure":0.152,"green_cover":0.298,"bike_access":0.05,"transit_access":0.18,"traffic_pressure":0.174,"planning_intensity":0.096,"deprivation_weight":0.0,"bike_trip_index":0.235,"tree_canopy_context":0.0,"civic_service_context":0.0,"population_pressure_delta_2016":0.114,"mobility_strain_delta_2016":0.015,"economic_opportunity_delta_2016":0.0,"environmental_exposure_delta_2016":0.174,"fairness_score_delta_2016":-0.005,"population_pressure_delta_previous":-0.128,"mobility_strain_delta_previous":-0.059,"economic_opportunity_delta_previous":0.0,"environmental_exposure_delta_previous":-0.025,"fairness_score_delta_previous":0.018,"dominant_metric":"environmental_exposure","dominant_change":"worsened","confidence":"high","evidence":["NI Air Belfast Centre hourly archive","BCCAQ monitoring-site inventory","NDVI/NDBI raster source availability","Tree inventory, road-pressure and River Lagan exposure proxy"]},"geometry":{"type":"Polygon","coordinates":[[[-6.066364,54.532857],[-6.052728,54.532857],[-6.052728,54.545714],[-6.066364,54.545714],[-6.066364,54.532857]]]}},{"type":"Feature","id":"belfast_01_02_2026","properties":{"cell_id":"belfast_01_02","year":2026,"row":1,"col":2,"population_pressure":0.276,"mobility_strain":0.424,"economic_opportunity":0.06,"environmental_exposure":0.442,"fairness_score":0.391,"development_pressure":0.136,"green_cover":0.365,"bike_access":0.05,"transit_access":0.18,"traffic_pressure":0.166,"planning_intensity":0.088,"deprivation_weight":0.0,"bike_trip_index":0.235,"tree_canopy_context":0.118,"civic_service_context":0.0,"population_pressure_delta_2016":0.107,"mobility_strain_delta_2016":0.01,"economic_opportunity_delta_2016":0.0,"environmental_exposure_delta_2016":0.159,"fairness_score_delta_2016":-0.003,"population_pressure_delta_previous":-0.132,"mobility_strain_delta_previous":-0.062,"economic_opportunity_delta_previous":0.0,"environmental_exposure_delta_previous":-0.033,"fairness_score_delta_previous":0.019,"dominant_metric":"environmental_exposure","dominant_change":"worsened","confidence":"high","evidence":["NI Air Belfast Centre hourly archive","BCCAQ monitoring-site inventory","NDVI/NDBI raster source availability","Tree inventory, road-pressure and River Lagan exposure proxy"]},"geometry":{"type":"Polygon","coordinates":[[[-6.052727,54.532857],[-6.039091,54.532857],[-6.039091,54.545714],[-6.052727,54.545714],[-6.052727,54.532857]]]}},{"type":"Feature","id":"belfast_01_03_2026","properties":{"cell_id":"belfast_01_03","year":2026,"row":1,"col":3,"population_pressure":0.263,"mobility_strain":0.419,"economic_opportunity":0.06,"environmental_exposure":0.435,"fairness_score":0.392,"development_pressure":0.112,"green_cover":0.387,"bike_access":0.05,"transit_access":0.18,"traffic_pressure":0.16,"planning_intensity":0.076,"deprivation_weight":0.0,"bike_trip_index":0.235,"tree_canopy_context":0.094,"civic_service_context":0.0,"population_pressure_delta_2016":0.087,"mobility_strain_delta_2016":0.001,"economic_opportunity_delta_2016":0.0,"environmental_exposure_delta_2016":0.139,"fairness_score_delta_2016":-0.001,"population_pressure_delta_previous":-0.134,"mobility_strain_delta_previous":-0.062,"economic_opportunity_delta_previous":0.0,"environmental_exposure_delta_previous":-0.032,"fairness_score_delta_previous":0.018,"dominant_metric":"environmental_exposure","dominant_change":"worsened","confidence":"high","evidence":["NI Air Belfast Centre hourly archive","BCCAQ monitoring-site inventory","NDVI/NDBI raster source availability","Tree inventory, road-pressure and River Lagan exposure proxy"]},"geometry":{"type":"Polygon","coordinates":[[[-6.039091,54.532857],[-6.025455,54.532857],[-6.025455,54.545714],[-6.039091,54.545714],[-6.039091,54.532857]]]}},{"type":"Feature","id":"belfast_01_04_2026","properties":{"cell_id":"belfast_01_04","year":2026,"row":1,"col":4,"population_pressure":0.252,"mobility_strain":0.414,"economic_opportunity":0.06,"environmental_exposure":0.429,"fairness_score":0.394,"development_pressure":0.092,"green_cover":0.406,"bike_access":0.05,"transit_access":0.18,"traffic_pressure":0.155,"planning_intensity":0.066,"deprivation_weight":0.0,"bike_trip_index":0.235,"tree_canopy_context":0.141,"civic_service_context":0.0,"population_pressure_delta_2016":0.064,"mobility_strain_delta_2016":-0.008,"economic_opportunity_delta_2016":0.0,"environmental_exposure_delta_2016":0.132,"fairness_score_delta_2016":0.003,"population_pressure_delta_previous":-0.132,"mobility_strain_delta_previous":-0.061,"economic_opportunity_delta_previous":0.0,"environmental_exposure_delta_previous":-0.024,"fairness_score_delta_previous":0.018,"dominant_metric":"environmental_exposure","dominant_change":"worsened","confidence":"high","evidence":["NI Air Belfast Centre hourly archive","BCCAQ monitoring-site inventory","NDVI/NDBI raster source availability","Tree inventory, road-pressure and River Lagan exposure proxy"]},"geometry":{"type":"Polygon","coordinates":[[[-6.025455,54.532857],[-6.011819,54.532857],[-6.011819,54.545714],[-6.025455,54.545714],[-6.025455,54.532857]]]}},{"type":"Feature","id":"belfast_01_05_2026","properties":{"cell_id":"belfast_01_05","year":2026,"row":1,"col":5,"population_pressure":0.249,"mobility_strain":0.416,"economic_opportunity":0.06,"environmental_exposure":0.451,"fairness_score":0.393,"development_pressure":0.085,"green_cover":0.34,"bike_access":0.05,"transit_access":0.18,"traffic_pressure":0.16,"planning_intensity":0.063,"deprivation_weight":0.0,"bike_trip_index":0.235,"tree_canopy_context":0.0,"civic_service_context":0.0,"population_pressure_delta_2016":0.049,"mobility_strain_delta_2016":-0.012,"economic_opportunity_delta_2016":0.0,"environmental_exposure_delta_2016":0.142,"fairness_score_delta_2016":0.003,"population_pressure_delta_previous":-0.127,"mobility_strain_delta_previous":-0.057,"economic_opportunity_delta_previous":0.0,"environmental_exposure_delta_previous":-0.015,"fairness_score_delta_previous":0.017,"dominant_metric":"environmental_exposure","dominant_change":"worsened","confidence":"high","evidence":["NI Air Belfast Centre hourly archive","BCCAQ monitoring-site inventory","NDVI/NDBI raster source availability","Tree inventory, road-pressure and River Lagan exposure proxy"]},"geometry":{"type":"Polygon","coordinates":[[[-6.011818,54.532857],[-5.998182,54.532857],[-5.998182,54.545714],[-6.011818,54.545714],[-6.011818,54.532857]]]}},{"type":"Feature","id":"belfast_01_06_2026","properties":{"cell_id":"belfast_01_06","year":2026,"row":1,"col":6,"population_pressure":0.254,"mobility_strain":0.407,"economic_opportunity":0.06,"environmental_exposure":0.36,"fairness_score":0.396,"development_pressure":0.095,"green_cover":0.614,"bike_access":0.05,"transit_access":0.18,"traffic_pressure":0.137,"planning_intensity":0.067,"deprivation_weight":0.0,"bike_trip_index":0.235,"tree_canopy_context":1.0,"civic_service_context":0.0,"population_pressure_delta_2016":0.048,"mobility_strain_delta_2016":-0.01,"economic_opportunity_delta_2016":0.0,"environmental_exposure_delta_2016":0.16,"fairness_score_delta_2016":0.003,"population_pressure_delta_previous":-0.122,"mobility_strain_delta_previous":-0.056,"economic_opportunity_delta_previous":0.0,"environmental_exposure_delta_previous":-0.014,"fairness_score_delta_previous":0.017,"dominant_metric":"environmental_exposure","dominant_change":"worsened","confidence":"high","evidence":["NI Air Belfast Centre hourly archive","BCCAQ monitoring-site inventory","NDVI/NDBI raster source availability","Tree inventory, road-pressure and River Lagan exposure proxy"]},"geometry":{"type":"Polygon","coordinates":[[[-5.998182,54.532857],[-5.984546,54.532857],[-5.984546,54.545714],[-5.998182,54.545714],[-5.998182,54.532857]]]}},{"type":"Feature","id":"belfast_01_07_2026","properties":{"cell_id":"belfast_01_07","year":2026,"row":1,"col":7,"population_pressure":0.265,"mobility_strain":0.41,"economic_opportunity":0.079,"environmental_exposure":0.356,"fairness_score":0.401,"development_pressure":0.116,"green_cover":0.629,"bike_access":0.05,"transit_access":0.18,"traffic_pressure":0.139,"planning_intensity":0.078,"deprivation_weight":0.0,"bike_trip_index":0.235,"tree_canopy_context":1.0,"civic_service_context":0.2,"population_pressure_delta_2016":0.062,"mobility_strain_delta_2016":-0.004,"economic_opportunity_delta_2016":0.0,"environmental_exposure_delta_2016":0.17,"fairness_score_delta_2016":0.002,"population_pressure_delta_previous":-0.119,"mobility_strain_delta_previous":-0.056,"economic_opportunity_delta_previous":0.0,"environmental_exposure_delta_previous":-0.02,"fairness_score_delta_previous":0.017,"dominant_metric":"environmental_exposure","dominant_change":"worsened","confidence":"high","evidence":["NI Air Belfast Centre hourly archive","BCCAQ monitoring-site inventory","NDVI/NDBI raster source availability","Tree inventory, road-pressure and River Lagan exposure proxy"]},"geometry":{"type":"Polygon","coordinates":[[[-5.984545,54.532857],[-5.970909,54.532857],[-5.970909,54.545714],[-5.984545,54.545714],[-5.984545,54.532857]]]}},{"type":"Feature","id":"belfast_01_08_2026","properties":{"cell_id":"belfast_01_08","year":2026,"row":1,"col":8,"population_pressure":0.278,"mobility_strain":0.423,"economic_opportunity":0.079,"environmental_exposure":0.428,"fairness_score":0.397,"development_pressure":0.139,"green_cover":0.407,"bike_access":0.05,"transit_access":0.18,"traffic_pressure":0.163,"planning_intensity":0.09,"deprivation_weight":0.0,"bike_trip_index":0.235,"tree_canopy_context":0.212,"civic_service_context":0.2,"population_pressure_delta_2016":0.086,"mobility_strain_delta_2016":0.003,"economic_opportunity_delta_2016":0.0,"environmental_exposure_delta_2016":0.162,"fairness_score_delta_2016":-0.001,"population_pressure_delta_previous":-0.119,"mobility_strain_delta_previous":-0.057,"economic_opportunity_delta_previous":0.0,"environmental_exposure_delta_previous":-0.03,"fairness_score_delta_previous":0.017,"dominant_metric":"environmental_exposure","dominant_change":"worsened","confidence":"high","evidence":["NI Air Belfast Centre hourly archive","BCCAQ monitoring-site inventory","NDVI/NDBI raster source availability","Tree inventory, road-pressure and River Lagan exposure proxy"]},"geometry":{"type":"Polygon","coordinates":[[[-5.970909,54.532857],[-5.957273,54.532857],[-5.957273,54.545714],[-5.970909,54.545714],[-5.970909,54.532857]]]}},{"type":"Feature","id":"belfast_01_09_2026","properties":{"cell_id":"belfast_01_09","year":2026,"row":1,"col":9,"population_pressure":0.285,"mobility_strain":0.428,"economic_opportunity":0.06,"environmental_exposure":0.442,"fairness_score":0.39,"development_pressure":0.154,"green_cover":0.367,"bike_access":0.05,"transit_access":0.18,"traffic_pressure":0.169,"planning_intensity":0.097,"deprivation_weight":0.0,"bike_trip_index":0.235,"tree_canopy_context":0.0,"civic_service_context":0.0,"population_pressure_delta_2016":0.106,"mobility_strain_delta_2016":0.009,"economic_opportunity_delta_2016":0.0,"environmental_exposure_delta_2016":0.147,"fairness_score_delta_2016":-0.002,"population_pressure_delta_previous":-0.123,"mobility_strain_delta_previous":-0.058,"economic_opportunity_delta_previous":0.0,"environmental_exposure_delta_previous":-0.031,"fairness_score_delta_previous":0.018,"dominant_metric":"environmental_exposure","dominant_change":"worsened","confidence":"high","evidence":["NI Air Belfast Centre hourly archive","BCCAQ monitoring-site inventory","NDVI/NDBI raster source availability","Tree inventory, road-pressure and River Lagan exposure proxy"]},"geometry":{"type":"Polygon","coordinates":[[[-5.957273,54.532857],[-5.943637,54.532857],[-5.943637,54.545714],[-5.957273,54.545714],[-5.957273,54.532857]]]}},{"type":"Feature","id":"belfast_01_10_2026","properties":{"cell_id":"belfast_01_10","year":2026,"row":1,"col":10,"population_pressure":0.284,"mobility_strain":0.428,"economic_opportunity":0.06,"environmental_exposure":0.447,"fairness_score":0.39,"development_pressure":0.152,"green_cover":0.351,"bike_access":0.05,"transit_access":0.18,"traffic_pressure":0.17,"planning_intensity":0.096,"deprivation_weight":0.0,"bike_trip_index":0.235,"tree_canopy_context":0.0,"civic_service_context":0.0,"population_pressure_delta_2016":0.114,"mobility_strain_delta_2016":0.011,"economic_opportunity_delta_2016":0.0,"environmental_exposure_delta_2016":0.138,"fairness_score_delta_2016":-0.003,"population_pressure_delta_previous":-0.128,"mobility_strain_delta_previous":-0.059,"economic_opportunity_delta_previous":0.0,"environmental_exposure_delta_previous":-0.025,"fairness_score_delta_previous":0.018,"dominant_metric":"environmental_exposure","dominant_change":"worsened","confidence":"high","evidence":["NI Air Belfast Centre hourly archive","BCCAQ monitoring-site inventory","NDVI/NDBI raster source availability","Tree inventory, road-pressure and River Lagan exposure proxy"]},"geometry":{"type":"Polygon","coordinates":[[[-5.943636,54.532857],[-5.93,54.532857],[-5.93,54.545714],[-5.943636,54.545714],[-5.943636,54.532857]]]}},{"type":"Feature","id":"belfast_01_11_2026","properties":{"cell_id":"belfast_01_11","year":2026,"row":1,"col":11,"population_pressure":0.275,"mobility_strain":0.425,"economic_opportunity":0.06,"environmental_exposure":0.452,"fairness_score":0.391,"development_pressure":0.135,"green_cover":0.336,"bike_access":0.05,"transit_access":0.18,"traffic_pressure":0.168,"planning_intensity":0.088,"deprivation_weight":0.0,"bike_trip_index":0.235,"tree_canopy_context":0.0,"civic_service_context":0.0,"population_pressure_delta_2016":0.106,"mobility_strain_delta_2016":0.008,"economic_opportunity_delta_2016":0.0,"environmental_exposure_delta_2016":0.145,"fairness_score_delta_2016":-0.002,"population_pressure_delta_previous":-0.133,"mobility_strain_delta_previous":-0.06,"economic_opportunity_delta_previous":0.0,"environmental_exposure_delta_previous":-0.017,"fairness_score_delta_previous":0.018,"dominant_metric":"environmental_exposure","dominant_change":"worsened","confidence":"high","evidence":["NI Air Belfast Centre hourly archive","BCCAQ monitoring-site inventory","NDVI/NDBI raster source availability","Tree inventory, road-pressure and River Lagan exposure proxy"]},"geometry":{"type":"Polygon","coordinates":[[[-5.93,54.532857],[-5.916364,54.532857],[-5.916364,54.545714],[-5.93,54.545714],[-5.93,54.532857]]]}},{"type":"Feature","id":"belfast_01_12_2026","properties":{"cell_id":"belfast_01_12","year":2026,"row":1,"col":12,"population_pressure":0.263,"mobility_strain":0.422,"economic_opportunity":0.06,"environmental_exposure":0.459,"fairness_score":0.392,"development_pressure":0.112,"green_cover":0.313,"bike_access":0.05,"transit_access":0.18,"traffic_pressure":0.167,"planning_intensity":0.076,"deprivation_weight":0.0,"bike_trip_index":0.235,"tree_canopy_context":0.0,"civic_service_context":0.0,"population_pressure_delta_2016":0.087,"mobility_strain_delta_2016":0.004,"economic_opportunity_delta_2016":0.0,"environmental_exposure_delta_2016":0.16,"fairness_score_delta_2016":-0.001,"population_pressure_delta_previous":-0.134,"mobility_strain_delta_previous":-0.06,"economic_opportunity_delta_previous":0.0,"environmental_exposure_delta_previous":-0.015,"fairness_score_delta_previous":0.018,"dominant_metric":"environmental_exposure","dominant_change":"worsened","confidence":"high","evidence":["NI Air Belfast Centre hourly archive","BCCAQ monitoring-site inventory","NDVI/NDBI raster source availability","Tree inventory, road-pressure and River Lagan exposure proxy"]},"geometry":{"type":"Polygon","coordinates":[[[-5.916364,54.532857],[-5.902728,54.532857],[-5.902728,54.545714],[-5.916364,54.545714],[-5.916364,54.532857]]]}},{"type":"Feature","id":"belfast_01_13_2026","properties":{"cell_id":"belfast_01_13","year":2026,"row":1,"col":13,"population_pressure":0.252,"mobility_strain":0.418,"economic_opportunity":0.06,"environmental_exposure":0.461,"fairness_score":0.393,"development_pressure":0.092,"green_cover":0.307,"bike_access":0.05,"transit_access":0.18,"traffic_pressure":0.164,"planning_intensity":0.066,"deprivation_weight":0.0,"bike_trip_index":0.235,"tree_canopy_context":0.0,"civic_service_context":0.0,"population_pressure_delta_2016":0.063,"mobility_strain_delta_2016":-0.004,"economic_opportunity_delta_2016":0.0,"environmental_exposure_delta_2016":0.168,"fairness_score_delta_2016":0.001,"population_pressure_delta_previous":-0.132,"mobility_strain_delta_previous":-0.06,"economic_opportunity_delta_previous":0.0,"environmental_exposure_delta_previous":-0.02,"fairness_score_delta_previous":0.018,"dominant_metric":"environmental_exposure","dominant_change":"worsened","confidence":"high","evidence":["NI Air Belfast Centre hourly archive","BCCAQ monitoring-site inventory","NDVI/NDBI raster source availability","Tree inventory, road-pressure and River Lagan exposure proxy"]},"geometry":{"type":"Polygon","coordinates":[[[-5.902727,54.532857],[-5.889091,54.532857],[-5.889091,54.545714],[-5.902727,54.545714],[-5.902727,54.532857]]]}},{"type":"Feature","id":"belfast_01_14_2026","properties":{"cell_id":"belfast_01_14","year":2026,"row":1,"col":14,"population_pressure":0.249,"mobility_strain":0.416,"economic_opportunity":0.06,"environmental_exposure":0.455,"fairness_score":0.393,"development_pressure":0.085,"green_cover":0.325,"bike_access":0.05,"transit_access":0.18,"traffic_pressure":0.161,"planning_intensity":0.063,"deprivation_weight":0.0,"bike_trip_index":0.235,"tree_canopy_context":0.0,"civic_service_context":0.0,"population_pressure_delta_2016":0.049,"mobility_strain_delta_2016":-0.01,"economic_opportunity_delta_2016":0.0,"environmental_exposure_delta_2016":0.161,"fairness_score_delta_2016":0.003,"population_pressure_delta_previous":-0.127,"mobility_strain_delta_previous":-0.06,"economic_opportunity_delta_previous":0.0,"environmental_exposure_delta_previous":-0.029,"fairness_score_delta_previous":0.018,"dominant_metric":"environmental_exposure","dominant_change":"worsened","confidence":"high","evidence":["NI Air Belfast Centre hourly archive","BCCAQ monitoring-site inventory","NDVI/NDBI raster source availability","Tree inventory, road-pressure and River Lagan exposure proxy"]},"geometry":{"type":"Polygon","coordinates":[[[-5.889091,54.532857],[-5.875455,54.532857],[-5.875455,54.545714],[-5.889091,54.545714],[-5.889091,54.532857]]]}},{"type":"Feature","id":"belfast_01_15_2026","properties":{"cell_id":"belfast_01_15","year":2026,"row":1,"col":15,"population_pressure":0.254,"mobility_strain":0.417,"economic_opportunity":0.06,"environmental_exposure":0.447,"fairness_score":0.393,"development_pressure":0.095,"green_cover":0.352,"bike_access":0.05,"transit_access":0.18,"traffic_pressure":0.161,"planning_intensity":0.067,"deprivation_weight":0.0,"bike_trip_index":0.235,"tree_canopy_context":0.0,"civic_service_context":0.0,"population_pressure_delta_2016":0.048,"mobility_strain_delta_2016":-0.012,"economic_opportunity_delta_2016":0.0,"environmental_exposure_delta_2016":0.144,"fairness_score_delta_2016":0.004,"population_pressure_delta_previous":-0.122,"mobility_strain_delta_previous":-0.058,"economic_opportunity_delta_previous":0.0,"environmental_exposure_delta_previous":-0.032,"fairness_score_delta_previous":0.017,"dominant_metric":"environmental_exposure","dominant_change":"worsened","confidence":"high","evidence":["NI Air Belfast Centre hourly archive","BCCAQ monitoring-site inventory","NDVI/NDBI raster source availability","Tree inventory, road-pressure and River Lagan exposure proxy"]},"geometry":{"type":"Polygon","coordinates":[[[-5.875455,54.532857],[-5.861819,54.532857],[-5.861819,54.545714],[-5.875455,54.545714],[-5.875455,54.532857]]]}},{"type":"Feature","id":"belfast_01_16_2026","properties":{"cell_id":"belfast_01_16","year":2026,"row":1,"col":16,"population_pressure":0.265,"mobility_strain":0.421,"economic_opportunity":0.06,"environmental_exposure":0.444,"fairness_score":0.392,"development_pressure":0.117,"green_cover":0.361,"bike_access":0.05,"transit_access":0.18,"traffic_pressure":0.163,"planning_intensity":0.078,"deprivation_weight":0.0,"bike_trip_index":0.235,"tree_canopy_context":0.0,"civic_service_context":0.0,"population_pressure_delta_2016":0.063,"mobility_strain_delta_2016":-0.008,"economic_opportunity_delta_2016":0.0,"environmental_exposure_delta_2016":0.133,"fairness_score_delta_2016":0.003,"population_pressure_delta_previous":-0.12,"mobility_strain_delta_previous":-0.056,"economic_opportunity_delta_previous":0.0,"environmental_exposure_delta_previous":-0.026,"fairness_score_delta_previous":0.017,"dominant_metric":"environmental_exposure","dominant_change":"worsened","confidence":"high","evidence":["NI Air Belfast Centre hourly archive","BCCAQ monitoring-site inventory","NDVI/NDBI raster source availability","Tree inventory, road-pressure and River Lagan exposure proxy"]},"geometry":{"type":"Polygon","coordinates":[[[-5.861818,54.532857],[-5.848182,54.532857],[-5.848182,54.545714],[-5.861818,54.545714],[-5.861818,54.532857]]]}},{"type":"Feature","id":"belfast_01_17_2026","properties":{"cell_id":"belfast_01_17","year":2026,"row":1,"col":17,"population_pressure":0.278,"mobility_strain":0.426,"economic_opportunity":0.06,"environmental_exposure":0.45,"fairness_score":0.39,"development_pressure":0.14,"green_cover":0.342,"bike_access":0.05,"transit_access":0.18,"traffic_pressure":0.169,"planning_intensity":0.09,"deprivation_weight":0.0,"bike_trip_index":0.235,"tree_canopy_context":0.0,"civic_service_context":0.0,"population_pressure_delta_2016":0.086,"mobility_strain_delta_2016":0.001,"economic_opportunity_delta_2016":0.0,"environmental_exposure_delta_2016":0.139,"fairness_score_delta_2016":-0.001,"population_pressure_delta_previous":-0.119,"mobility_strain_delta_previous":-0.055,"economic_opportunity_delta_previous":0.0,"environmental_exposure_delta_previous":-0.017,"fairness_score_delta_previous":0.016,"dominant_metric":"environmental_exposure","dominant_change":"worsened","confidence":"high","evidence":["NI Air Belfast Centre hourly archive","BCCAQ monitoring-site inventory","NDVI/NDBI raster source availability","Tree inventory, road-pressure and River Lagan exposure proxy"]},"geometry":{"type":"Polygon","coordinates":[[[-5.848182,54.532857],[-5.834546,54.532857],[-5.834546,54.545714],[-5.848182,54.545714],[-5.848182,54.532857]]]}},{"type":"Feature","id":"belfast_01_18_2026","properties":{"cell_id":"belfast_01_18","year":2026,"row":1,"col":18,"population_pressure":0.285,"mobility_strain":0.43,"economic_opportunity":0.06,"environmental_exposure":0.46,"fairness_score":0.389,"development_pressure":0.154,"green_cover":0.31,"bike_access":0.05,"transit_access":0.18,"traffic_pressure":0.174,"planning_intensity":0.097,"deprivation_weight":0.0,"bike_trip_index":0.235,"tree_canopy_context":0.0,"civic_service_context":0.0,"population_pressure_delta_2016":0.106,"mobility_strain_delta_2016":0.01,"economic_opportunity_delta_2016":0.0,"environmental_exposure_delta_2016":0.158,"fairness_score_delta_2016":-0.003,"population_pressure_delta_previous":-0.123,"mobility_strain_delta_previous":-0.056,"economic_opportunity_delta_previous":0.0,"environmental_exposure_delta_previous":-0.013,"fairness_score_delta_previous":0.017,"dominant_metric":"environmental_exposure","dominant_change":"worsened","confidence":"high","evidence":["NI Air Belfast Centre hourly archive","BCCAQ monitoring-site inventory","NDVI/NDBI raster source availability","Tree inventory, road-pressure and River Lagan exposure proxy"]},"geometry":{"type":"Polygon","coordinates":[[[-5.834545,54.532857],[-5.820909,54.532857],[-5.820909,54.545714],[-5.834545,54.545714],[-5.834545,54.532857]]]}},{"type":"Feature","id":"belfast_01_19_2026","properties":{"cell_id":"belfast_01_19","year":2026,"row":1,"col":19,"population_pressure":0.284,"mobility_strain":0.43,"economic_opportunity":0.06,"environmental_exposure":0.466,"fairness_score":0.389,"development_pressure":0.152,"green_cover":0.293,"bike_access":0.05,"transit_access":0.18,"traffic_pressure":0.175,"planning_intensity":0.096,"deprivation_weight":0.0,"bike_trip_index":0.235,"tree_canopy_context":0.0,"civic_service_context":0.0,"population_pressure_delta_2016":0.114,"mobility_strain_delta_2016":0.015,"economic_opportunity_delta_2016":0.0,"environmental_exposure_delta_2016":0.174,"fairness_score_delta_2016":-0.005,"population_pressure_delta_previous":-0.128,"mobility_strain_delta_previous":-0.058,"economic_opportunity_delta_previous":0.0,"environmental_exposure_delta_previous":-0.017,"fairness_score_delta_previous":0.017,"dominant_metric":"environmental_exposure","dominant_change":"worsened","confidence":"high","evidence":["NI Air Belfast Centre hourly archive","BCCAQ monitoring-site inventory","NDVI/NDBI raster source availability","Tree inventory, road-pressure and River Lagan exposure proxy"]},"geometry":{"type":"Polygon","coordinates":[[[-5.820909,54.532857],[-5.807273,54.532857],[-5.807273,54.545714],[-5.820909,54.545714],[-5.820909,54.532857]]]}},{"type":"Feature","id":"belfast_01_20_2026","properties":{"cell_id":"belfast_01_20","year":2026,"row":1,"col":20,"population_pressure":0.275,"mobility_strain":0.426,"economic_opportunity":0.06,"environmental_exposure":0.462,"fairness_score":0.39,"development_pressure":0.135,"green_cover":0.306,"bike_access":0.05,"transit_access":0.18,"traffic_pressure":0.171,"planning_intensity":0.087,"deprivation_weight":0.0,"bike_trip_index":0.235,"tree_canopy_context":0.0,"civic_service_context":0.0,"population_pressure_delta_2016":0.106,"mobility_strain_delta_2016":0.011,"economic_opportunity_delta_2016":0.0,"environmental_exposure_delta_2016":0.172,"fairness_score_delta_2016":-0.004,"population_pressure_delta_previous":-0.133,"mobility_strain_delta_previous":-0.061,"economic_opportunity_delta_previous":0.0,"environmental_exposure_delta_previous":-0.027,"fairness_score_delta_previous":0.018,"dominant_metric":"environmental_exposure","dominant_change":"worsened","confidence":"high","evidence":["NI Air Belfast Centre hourly archive","BCCAQ monitoring-site inventory","NDVI/NDBI raster source availability","Tree inventory, road-pressure and River Lagan exposure proxy"]},"geometry":{"type":"Polygon","coordinates":[[[-5.807273,54.532857],[-5.793637,54.532857],[-5.793637,54.545714],[-5.807273,54.545714],[-5.807273,54.532857]]]}},{"type":"Feature","id":"belfast_01_21_2026","properties":{"cell_id":"belfast_01_21","year":2026,"row":1,"col":21,"population_pressure":0.262,"mobility_strain":0.421,"economic_opportunity":0.06,"environmental_exposure":0.451,"fairness_score":0.392,"development_pressure":0.111,"green_cover":0.34,"bike_access":0.05,"transit_access":0.18,"traffic_pressure":0.164,"planning_intensity":0.075,"deprivation_weight":0.0,"bike_trip_index":0.235,"tree_canopy_context":0.0,"civic_service_context":0.0,"population_pressure_delta_2016":0.085,"mobility_strain_delta_2016":0.003,"economic_opportunity_delta_2016":0.0,"environmental_exposure_delta_2016":0.154,"fairness_score_delta_2016":-0.001,"population_pressure_delta_previous":-0.134,"mobility_strain_delta_previous":-0.062,"economic_opportunity_delta_previous":0.0,"environmental_exposure_delta_previous":-0.033,"fairness_score_delta_previous":0.019,"dominant_metric":"environmental_exposure","dominant_change":"worsened","confidence":"high","evidence":["NI Air Belfast Centre hourly archive","BCCAQ monitoring-site inventory","NDVI/NDBI raster source availability","Tree inventory, road-pressure and River Lagan exposure proxy"]},"geometry":{"type":"Polygon","coordinates":[[[-5.793636,54.532857],[-5.78,54.532857],[-5.78,54.545714],[-5.793636,54.545714],[-5.793636,54.532857]]]}},{"type":"Feature","id":"belfast_02_00_2026","properties":{"cell_id":"belfast_02_00","year":2026,"row":2,"col":0,"population_pressure":0.276,"mobility_strain":0.427,"economic_opportunity":0.06,"environmental_exposure":0.464,"fairness_score":0.39,"development_pressure":0.136,"green_cover":0.298,"bike_access":0.05,"transit_access":0.18,"traffic_pressure":0.172,"planning_intensity":0.088,"deprivation_weight":0.0,"bike_trip_index":0.235,"tree_canopy_context":0.0,"civic_service_context":0.0,"population_pressure_delta_2016":0.107,"mobility_strain_delta_2016":0.012,"economic_opportunity_delta_2016":0.0,"environmental_exposure_delta_2016":0.171,"fairness_score_delta_2016":-0.004,"population_pressure_delta_previous":-0.132,"mobility_strain_delta_previous":-0.06,"economic_opportunity_delta_previous":0.0,"environmental_exposure_delta_previous":-0.017,"fairness_score_delta_previous":0.018,"dominant_metric":"environmental_exposure","dominant_change":"worsened","confidence":"high","evidence":["NI Air Belfast Centre hourly archive","BCCAQ monitoring-site inventory","NDVI/NDBI raster source availability","Tree inventory, road-pressure and River Lagan exposure proxy"]},"geometry":{"type":"Polygon","coordinates":[[[-6.08,54.545714],[-6.066364,54.545714],[-6.066364,54.558571],[-6.08,54.558571],[-6.08,54.545714]]]}},{"type":"Feature","id":"belfast_02_01_2026","properties":{"cell_id":"belfast_02_01","year":2026,"row":2,"col":1,"population_pressure":0.263,"mobility_strain":0.41,"economic_opportunity":0.06,"environmental_exposure":0.362,"fairness_score":0.395,"development_pressure":0.112,"green_cover":0.611,"bike_access":0.05,"transit_access":0.18,"traffic_pressure":0.14,"planning_intensity":0.076,"deprivation_weight":0.0,"bike_trip_index":0.235,"tree_canopy_context":1.0,"civic_service_context":0.0,"population_pressure_delta_2016":0.087,"mobility_strain_delta_2016":0.005,"economic_opportunity_delta_2016":0.0,"environmental_exposure_delta_2016":0.171,"fairness_score_delta_2016":-0.002,"population_pressure_delta_previous":-0.134,"mobility_strain_delta_previous":-0.062,"economic_opportunity_delta_previous":0.0,"environmental_exposure_delta_previous":-0.025,"fairness_score_delta_previous":0.018,"dominant_metric":"environmental_exposure","dominant_change":"worsened","confidence":"high","evidence":["NI Air Belfast Centre hourly archive","BCCAQ monitoring-site inventory","NDVI/NDBI raster source availability","Tree inventory, road-pressure and River Lagan exposure proxy"]},"geometry":{"type":"Polygon","coordinates":[[[-6.066364,54.545714],[-6.052728,54.545714],[-6.052728,54.558571],[-6.066364,54.558571],[-6.066364,54.545714]]]}},{"type":"Feature","id":"belfast_02_02_2026","properties":{"cell_id":"belfast_02_02","year":2026,"row":2,"col":2,"population_pressure":0.252,"mobility_strain":0.405,"economic_opportunity":0.06,"environmental_exposure":0.351,"fairness_score":0.397,"development_pressure":0.092,"green_cover":0.642,"bike_access":0.05,"transit_access":0.18,"traffic_pressure":0.134,"planning_intensity":0.066,"deprivation_weight":0.0,"bike_trip_index":0.235,"tree_canopy_context":1.0,"civic_service_context":0.0,"population_pressure_delta_2016":0.064,"mobility_strain_delta_2016":-0.005,"economic_opportunity_delta_2016":0.0,"environmental_exposure_delta_2016":0.153,"fairness_score_delta_2016":0.002,"population_pressure_delta_previous":-0.132,"mobility_strain_delta_previous":-0.062,"economic_opportunity_delta_previous":0.0,"environmental_exposure_delta_previous":-0.033,"fairness_score_delta_previous":0.019,"dominant_metric":"environmental_exposure","dominant_change":"worsened","confidence":"high","evidence":["NI Air Belfast Centre hourly archive","BCCAQ monitoring-site inventory","NDVI/NDBI raster source availability","Tree inventory, road-pressure and River Lagan exposure proxy"]},"geometry":{"type":"Polygon","coordinates":[[[-6.052727,54.545714],[-6.039091,54.545714],[-6.039091,54.558571],[-6.052727,54.558571],[-6.052727,54.545714]]]}},{"type":"Feature","id":"belfast_02_03_2026","properties":{"cell_id":"belfast_02_03","year":2026,"row":2,"col":3,"population_pressure":0.249,"mobility_strain":0.414,"economic_opportunity":0.06,"environmental_exposure":0.436,"fairness_score":0.394,"development_pressure":0.085,"green_cover":0.383,"bike_access":0.05,"transit_access":0.18,"traffic_pressure":0.156,"planning_intensity":0.063,"deprivation_weight":0.0,"bike_trip_index":0.235,"tree_canopy_context":0.059,"civic_service_context":0.0,"population_pressure_delta_2016":0.049,"mobility_strain_delta_2016":-0.013,"economic_opportunity_delta_2016":0.0,"environmental_exposure_delta_2016":0.134,"fairness_score_delta_2016":0.004,"population_pressure_delta_previous":-0.127,"mobility_strain_delta_previous":-0.06,"economic_opportunity_delta_previous":0.0,"environmental_exposure_delta_previous":-0.031,"fairness_score_delta_previous":0.018,"dominant_metric":"environmental_exposure","dominant_change":"worsened","confidence":"high","evidence":["NI Air Belfast Centre hourly archive","BCCAQ monitoring-site inventory","NDVI/NDBI raster source availability","Tree inventory, road-pressure and River Lagan exposure proxy"]},"geometry":{"type":"Polygon","coordinates":[[[-6.039091,54.545714],[-6.025455,54.545714],[-6.025455,54.558571],[-6.039091,54.558571],[-6.039091,54.545714]]]}},{"type":"Feature","id":"belfast_02_04_2026","properties":{"cell_id":"belfast_02_04","year":2026,"row":2,"col":4,"population_pressure":0.254,"mobility_strain":0.413,"economic_opportunity":0.079,"environmental_exposure":0.417,"fairness_score":0.397,"development_pressure":0.095,"green_cover":0.443,"bike_access":0.05,"transit_access":0.18,"traffic_pressure":0.152,"planning_intensity":0.067,"deprivation_weight":0.017,"bike_trip_index":0.235,"tree_canopy_context":0.188,"civic_service_context":0.2,"population_pressure_delta_2016":0.048,"mobility_strain_delta_2016":-0.014,"economic_opportunity_delta_2016":0.0,"environmental_exposure_delta_2016":0.13,"fairness_score_delta_2016":0.004,"population_pressure_delta_previous":-0.122,"mobility_strain_delta_previous":-0.057,"economic_opportunity_delta_previous":0.0,"environmental_exposure_delta_previous":-0.022,"fairness_score_delta_previous":0.017,"dominant_metric":"environmental_exposure","dominant_change":"worsened","confidence":"high","evidence":["NI Air Belfast Centre hourly archive","BCCAQ monitoring-site inventory","NDVI/NDBI raster source availability","Tree inventory, road-pressure and River Lagan exposure proxy"]},"geometry":{"type":"Polygon","coordinates":[[[-6.025455,54.545714],[-6.011819,54.545714],[-6.011819,54.558571],[-6.025455,54.558571],[-6.025455,54.545714]]]}},{"type":"Feature","id":"belfast_02_05_2026","properties":{"cell_id":"belfast_02_05","year":2026,"row":2,"col":5,"population_pressure":0.265,"mobility_strain":0.408,"economic_opportunity":0.097,"environmental_exposure":0.338,"fairness_score":0.387,"development_pressure":0.116,"green_cover":0.682,"bike_access":0.05,"transit_access":0.18,"traffic_pressure":0.135,"planning_intensity":0.078,"deprivation_weight":0.128,"bike_trip_index":0.235,"tree_canopy_context":1.0,"civic_service_context":0.4,"population_pressure_delta_2016":0.062,"mobility_strain_delta_2016":-0.007,"economic_opportunity_delta_2016":0.0,"environmental_exposure_delta_2016":0.144,"fairness_score_delta_2016":0.002,"population_pressure_delta_previous":-0.119,"mobility_strain_delta_previous":-0.055,"economic_opportunity_delta_previous":0.0,"environmental_exposure_delta_previous":-0.014,"fairness_score_delta_previous":0.016,"dominant_metric":"environmental_exposure","dominant_change":"worsened","confidence":"high","evidence":["NI Air Belfast Centre hourly archive","BCCAQ monitoring-site inventory","NDVI/NDBI raster source availability","Tree inventory, road-pressure and River Lagan exposure proxy"]},"geometry":{"type":"Polygon","coordinates":[[[-6.011818,54.545714],[-5.998182,54.545714],[-5.998182,54.558571],[-6.011818,54.558571],[-6.011818,54.545714]]]}},{"type":"Feature","id":"belfast_02_06_2026","properties":{"cell_id":"belfast_02_06","year":2026,"row":2,"col":6,"population_pressure":0.278,"mobility_strain":0.413,"economic_opportunity":0.079,"environmental_exposure":0.341,"fairness_score":0.369,"development_pressure":0.139,"green_cover":0.674,"bike_access":0.05,"transit_access":0.18,"traffic_pressure":0.139,"planning_intensity":0.09,"deprivation_weight":0.207,"bike_trip_index":0.235,"tree_canopy_context":1.0,"civic_service_context":0.2,"population_pressure_delta_2016":0.086,"mobility_strain_delta_2016":0.004,"economic_opportunity_delta_2016":0.0,"environmental_exposure_delta_2016":0.165,"fairness_score_delta_2016":-0.001,"population_pressure_delta_previous":-0.119,"mobility_strain_delta_previous":-0.055,"economic_opportunity_delta_previous":0.0,"environmental_exposure_delta_previous":-0.013,"fairness_score_delta_previous":0.017,"dominant_metric":"environmental_exposure","dominant_change":"worsened","confidence":"high","evidence":["NI Air Belfast Centre hourly archive","BCCAQ monitoring-site inventory","NDVI/NDBI raster source availability","Tree inventory, road-pressure and River Lagan exposure proxy"]},"geometry":{"type":"Polygon","coordinates":[[[-5.998182,54.545714],[-5.984546,54.545714],[-5.984546,54.558571],[-5.998182,54.558571],[-5.998182,54.545714]]]}},{"type":"Feature","id":"belfast_02_07_2026","properties":{"cell_id":"belfast_02_07","year":2026,"row":2,"col":7,"population_pressure":0.289,"mobility_strain":0.418,"economic_opportunity":0.097,"environmental_exposure":0.345,"fairness_score":0.367,"development_pressure":0.16,"green_cover":0.665,"bike_access":0.05,"transit_access":0.18,"traffic_pressure":0.145,"planning_intensity":0.103,"deprivation_weight":0.241,"bike_trip_index":0.235,"tree_canopy_context":1.0,"civic_service_context":0.4,"population_pressure_delta_2016":0.108,"mobility_strain_delta_2016":0.013,"economic_opportunity_delta_2016":0.0,"environmental_exposure_delta_2016":0.176,"fairness_score_delta_2016":-0.004,"population_pressure_delta_previous":-0.123,"mobility_strain_delta_previous":-0.057,"economic_opportunity_delta_previous":0.0,"environmental_exposure_delta_previous":-0.021,"fairness_score_delta_previous":0.017,"dominant_metric":"environmental_exposure","dominant_change":"worsened","confidence":"high","evidence":["NI Air Belfast Centre hourly archive","BCCAQ monitoring-site inventory","NDVI/NDBI raster source availability","Tree inventory, road-pressure and River Lagan exposure proxy"]},"geometry":{"type":"Polygon","coordinates":[[[-5.984545,54.545714],[-5.970909,54.545714],[-5.970909,54.558571],[-5.984545,54.558571],[-5.984545,54.545714]]]}},{"type":"Feature","id":"belfast_02_08_2026","properties":{"cell_id":"belfast_02_08","year":2026,"row":2,"col":8,"population_pressure":0.326,"mobility_strain":0.438,"economic_opportunity":0.106,"environmental_exposure":0.352,"fairness_score":0.367,"development_pressure":0.209,"green_cover":0.675,"bike_access":0.053,"transit_access":0.188,"traffic_pressure":0.181,"planning_intensity":0.149,"deprivation_weight":0.226,"bike_trip_index":0.235,"tree_canopy_context":1.0,"civic_service_context":0.4,"population_pressure_delta_2016":0.13,"mobility_strain_delta_2016":0.019,"economic_opportunity_delta_2016":0.0,"environmental_exposure_delta_2016":0.169,"fairness_score_delta_2016":-0.005,"population_pressure_delta_previous":-0.127,"mobility_strain_delta_previous":-0.059,"economic_opportunity_delta_previous":0.0,"environmental_exposure_delta_previous":-0.03,"fairness_score_delta_previous":0.018,"dominant_metric":"environmental_exposure","dominant_change":"worsened","confidence":"high","evidence":["NI Air Belfast Centre hourly archive","BCCAQ monitoring-site inventory","NDVI/NDBI raster source availability","Tree inventory, road-pressure and River Lagan exposure proxy"]},"geometry":{"type":"Polygon","coordinates":[[[-5.970909,54.545714],[-5.957273,54.545714],[-5.957273,54.558571],[-5.970909,54.558571],[-5.970909,54.545714]]]}},{"type":"Feature","id":"belfast_02_09_2026","properties":{"cell_id":"belfast_02_09","year":2026,"row":2,"col":9,"population_pressure":0.348,"mobility_strain":0.451,"economic_opportunity":0.145,"environmental_exposure":0.361,"fairness_score":0.384,"development_pressure":0.229,"green_cover":0.674,"bike_access":0.058,"transit_access":0.197,"traffic_pressure":0.212,"planning_intensity":0.172,"deprivation_weight":0.164,"bike_trip_index":0.235,"tree_canopy_context":1.0,"civic_service_context":0.4,"population_pressure_delta_2016":0.132,"mobility_strain_delta_2016":0.017,"economic_opportunity_delta_2016":0.0,"environmental_exposure_delta_2016":0.15,"fairness_score_delta_2016":-0.005,"population_pressure_delta_previous":-0.13,"mobility_strain_delta_previous":-0.061,"economic_opportunity_delta_previous":0.0,"environmental_exposure_delta_previous":-0.032,"fairness_score_delta_previous":0.018,"dominant_metric":"environmental_exposure","dominant_change":"worsened","confidence":"high","evidence":["NI Air Belfast Centre hourly archive","BCCAQ monitoring-site inventory","NDVI/NDBI raster source availability","Tree inventory, road-pressure and River Lagan exposure proxy"]},"geometry":{"type":"Polygon","coordinates":[[[-5.957273,54.545714],[-5.943637,54.545714],[-5.943637,54.558571],[-5.957273,54.558571],[-5.957273,54.545714]]]}},{"type":"Feature","id":"belfast_02_10_2026","properties":{"cell_id":"belfast_02_10","year":2026,"row":2,"col":10,"population_pressure":0.353,"mobility_strain":0.454,"economic_opportunity":0.124,"environmental_exposure":0.376,"fairness_score":0.391,"development_pressure":0.221,"green_cover":0.66,"bike_access":0.06,"transit_access":0.202,"traffic_pressure":0.225,"planning_intensity":0.201,"deprivation_weight":0.065,"bike_trip_index":0.235,"tree_canopy_context":1.0,"civic_service_context":0.0,"population_pressure_delta_2016":0.116,"mobility_strain_delta_2016":0.01,"economic_opportunity_delta_2016":0.0,"environmental_exposure_delta_2016":0.139,"fairness_score_delta_2016":-0.003,"population_pressure_delta_previous":-0.131,"mobility_strain_delta_previous":-0.061,"economic_opportunity_delta_previous":0.0,"environmental_exposure_delta_previous":-0.026,"fairness_score_delta_previous":0.018,"dominant_metric":"environmental_exposure","dominant_change":"worsened","confidence":"high","evidence":["NI Air Belfast Centre hourly archive","BCCAQ monitoring-site inventory","NDVI/NDBI raster source availability","Tree inventory, road-pressure and River Lagan exposure proxy"]},"geometry":{"type":"Polygon","coordinates":[[[-5.943636,54.545714],[-5.93,54.545714],[-5.93,54.558571],[-5.943636,54.558571],[-5.943636,54.545714]]]}},{"type":"Feature","id":"belfast_02_11_2026","properties":{"cell_id":"belfast_02_11","year":2026,"row":2,"col":11,"population_pressure":0.344,"mobility_strain":0.447,"economic_opportunity":0.114,"environmental_exposure":0.449,"fairness_score":0.4,"development_pressure":0.192,"green_cover":0.681,"bike_access":0.06,"transit_access":0.202,"traffic_pressure":0.215,"planning_intensity":0.225,"deprivation_weight":0.0,"bike_trip_index":0.235,"tree_canopy_context":1.0,"civic_service_context":0.0,"population_pressure_delta_2016":0.091,"mobility_strain_delta_2016":0.002,"economic_opportunity_delta_2016":0.0,"environmental_exposure_delta_2016":0.144,"fairness_score_delta_2016":-0.001,"population_pressure_delta_previous":-0.129,"mobility_strain_delta_previous":-0.058,"economic_opportunity_delta_previous":0.0,"environmental_exposure_delta_previous":-0.017,"fairness_score_delta_previous":0.017,"dominant_metric":"environmental_exposure","dominant_change":"worsened","confidence":"high","evidence":["NI Air Belfast Centre hourly archive","BCCAQ monitoring-site inventory","NDVI/NDBI raster source availability","Tree inventory, road-pressure and River Lagan exposure proxy"]},"geometry":{"type":"Polygon","coordinates":[[[-5.93,54.545714],[-5.916364,54.545714],[-5.916364,54.558571],[-5.93,54.558571],[-5.93,54.545714]]]}},{"type":"Feature","id":"belfast_02_12_2026","properties":{"cell_id":"belfast_02_12","year":2026,"row":2,"col":12,"population_pressure":0.317,"mobility_strain":0.433,"economic_opportunity":0.08,"environmental_exposure":0.458,"fairness_score":0.394,"development_pressure":0.153,"green_cover":0.666,"bike_access":0.058,"transit_access":0.197,"traffic_pressure":0.192,"planning_intensity":0.198,"deprivation_weight":0.0,"bike_trip_index":0.235,"tree_canopy_context":1.0,"civic_service_context":0.0,"population_pressure_delta_2016":0.066,"mobility_strain_delta_2016":-0.005,"economic_opportunity_delta_2016":0.0,"environmental_exposure_delta_2016":0.159,"fairness_score_delta_2016":0.001,"population_pressure_delta_previous":-0.126,"mobility_strain_delta_previous":-0.057,"economic_opportunity_delta_previous":0.0,"environmental_exposure_delta_previous":-0.013,"fairness_score_delta_previous":0.017,"dominant_metric":"environmental_exposure","dominant_change":"worsened","confidence":"high","evidence":["NI Air Belfast Centre hourly archive","BCCAQ monitoring-site inventory","NDVI/NDBI raster source availability","Tree inventory, road-pressure and River Lagan exposure proxy"]},"geometry":{"type":"Polygon","coordinates":[[[-5.916364,54.545714],[-5.902728,54.545714],[-5.902728,54.558571],[-5.916364,54.558571],[-5.916364,54.545714]]]}},{"type":"Feature","id":"belfast_02_13_2026","properties":{"cell_id":"belfast_02_13","year":2026,"row":2,"col":13,"population_pressure":0.278,"mobility_strain":0.415,"economic_opportunity":0.065,"environmental_exposure":0.384,"fairness_score":0.395,"development_pressure":0.113,"green_cover":0.635,"bike_access":0.053,"transit_access":0.188,"traffic_pressure":0.157,"planning_intensity":0.12,"deprivation_weight":0.0,"bike_trip_index":0.235,"tree_canopy_context":1.0,"civic_service_context":0.0,"population_pressure_delta_2016":0.052,"mobility_strain_delta_2016":-0.008,"economic_opportunity_delta_2016":0.0,"environmental_exposure_delta_2016":0.168,"fairness_score_delta_2016":0.002,"population_pressure_delta_previous":-0.122,"mobility_strain_delta_previous":-0.057,"economic_opportunity_delta_previous":0.0,"environmental_exposure_delta_previous":-0.019,"fairness_score_delta_previous":0.017,"dominant_metric":"environmental_exposure","dominant_change":"worsened","confidence":"high","evidence":["NI Air Belfast Centre hourly archive","BCCAQ monitoring-site inventory","NDVI/NDBI raster source availability","Tree inventory, road-pressure and River Lagan exposure proxy"]},"geometry":{"type":"Polygon","coordinates":[[[-5.902727,54.545714],[-5.889091,54.545714],[-5.889091,54.558571],[-5.902727,54.558571],[-5.902727,54.545714]]]}},{"type":"Feature","id":"belfast_02_14_2026","properties":{"cell_id":"belfast_02_14","year":2026,"row":2,"col":14,"population_pressure":0.265,"mobility_strain":0.421,"economic_opportunity":0.06,"environmental_exposure":0.447,"fairness_score":0.392,"development_pressure":0.117,"green_cover":0.349,"bike_access":0.05,"transit_access":0.18,"traffic_pressure":0.164,"planning_intensity":0.078,"deprivation_weight":0.0,"bike_trip_index":0.235,"tree_canopy_context":0.106,"civic_service_context":0.0,"population_pressure_delta_2016":0.063,"mobility_strain_delta_2016":-0.005,"economic_opportunity_delta_2016":0.0,"environmental_exposure_delta_2016":0.163,"fairness_score_delta_2016":0.002,"population_pressure_delta_previous":-0.12,"mobility_strain_delta_previous":-0.057,"economic_opportunity_delta_previous":0.0,"environmental_exposure_delta_previous":-0.028,"fairness_score_delta_previous":0.017,"dominant_metric":"environmental_exposure","dominant_change":"worsened","confidence":"high","evidence":["NI Air Belfast Centre hourly archive","BCCAQ monitoring-site inventory","NDVI/NDBI raster source availability","Tree inventory, road-pressure and River Lagan exposure proxy"]},"geometry":{"type":"Polygon","coordinates":[[[-5.889091,54.545714],[-5.875455,54.545714],[-5.875455,54.558571],[-5.889091,54.558571],[-5.889091,54.545714]]]}},{"type":"Feature","id":"belfast_02_15_2026","properties":{"cell_id":"belfast_02_15","year":2026,"row":2,"col":15,"population_pressure":0.278,"mobility_strain":0.426,"economic_opportunity":0.06,"environmental_exposure":0.45,"fairness_score":0.39,"development_pressure":0.14,"green_cover":0.34,"bike_access":0.05,"transit_access":0.18,"traffic_pressure":0.169,"planning_intensity":0.09,"deprivation_weight":0.0,"bike_trip_index":0.235,"tree_canopy_context":0.0,"civic_service_context":0.0,"population_pressure_delta_2016":0.086,"mobility_strain_delta_2016":0.002,"economic_opportunity_delta_2016":0.0,"environmental_exposure_delta_2016":0.148,"fairness_score_delta_2016":-0.001,"population_pressure_delta_previous":-0.119,"mobility_strain_delta_previous":-0.057,"economic_opportunity_delta_previous":0.0,"environmental_exposure_delta_previous":-0.032,"fairness_score_delta_previous":0.017,"dominant_metric":"environmental_exposure","dominant_change":"worsened","confidence":"high","evidence":["NI Air Belfast Centre hourly archive","BCCAQ monitoring-site inventory","NDVI/NDBI raster source availability","Tree inventory, road-pressure and River Lagan exposure proxy"]},"geometry":{"type":"Polygon","coordinates":[[[-5.875455,54.545714],[-5.861819,54.545714],[-5.861819,54.558571],[-5.875455,54.558571],[-5.875455,54.545714]]]}},{"type":"Feature","id":"belfast_02_16_2026","properties":{"cell_id":"belfast_02_16","year":2026,"row":2,"col":16,"population_pressure":0.285,"mobility_strain":0.416,"economic_opportunity":0.06,"environmental_exposure":0.347,"fairness_score":0.393,"development_pressure":0.154,"green_cover":0.654,"bike_access":0.05,"transit_access":0.18,"traffic_pressure":0.143,"planning_intensity":0.097,"deprivation_weight":0.0,"bike_trip_index":0.235,"tree_canopy_context":1.0,"civic_service_context":0.0,"population_pressure_delta_2016":0.106,"mobility_strain_delta_2016":0.008,"economic_opportunity_delta_2016":0.0,"environmental_exposure_delta_2016":0.138,"fairness_score_delta_2016":-0.003,"population_pressure_delta_previous":-0.123,"mobility_strain_delta_previous":-0.058,"economic_opportunity_delta_previous":0.0,"environmental_exposure_delta_previous":-0.028,"fairness_score_delta_previous":0.017,"dominant_metric":"environmental_exposure","dominant_change":"worsened","confidence":"high","evidence":["NI Air Belfast Centre hourly archive","BCCAQ monitoring-site inventory","NDVI/NDBI raster source availability","Tree inventory, road-pressure and River Lagan exposure proxy"]},"geometry":{"type":"Polygon","coordinates":[[[-5.861818,54.545714],[-5.848182,54.545714],[-5.848182,54.558571],[-5.861818,54.558571],[-5.861818,54.545714]]]}},{"type":"Feature","id":"belfast_02_17_2026","properties":{"cell_id":"belfast_02_17","year":2026,"row":2,"col":17,"population_pressure":0.284,"mobility_strain":0.428,"economic_opportunity":0.06,"environmental_exposure":0.446,"fairness_score":0.39,"development_pressure":0.152,"green_cover":0.353,"bike_access":0.05,"transit_access":0.18,"traffic_pressure":0.17,"planning_intensity":0.096,"deprivation_weight":0.0,"bike_trip_index":0.235,"tree_canopy_context":0.047,"civic_service_context":0.0,"population_pressure_delta_2016":0.114,"mobility_strain_delta_2016":0.011,"economic_opportunity_delta_2016":0.0,"environmental_exposure_delta_2016":0.142,"fairness_score_delta_2016":-0.003,"population_pressure_delta_previous":-0.128,"mobility_strain_delta_previous":-0.058,"economic_opportunity_delta_previous":0.0,"environmental_exposure_delta_previous":-0.019,"fairness_score_delta_previous":0.018,"dominant_metric":"environmental_exposure","dominant_change":"worsened","confidence":"high","evidence":["NI Air Belfast Centre hourly archive","BCCAQ monitoring-site inventory","NDVI/NDBI raster source availability","Tree inventory, road-pressure and River Lagan exposure proxy"]},"geometry":{"type":"Polygon","coordinates":[[[-5.848182,54.545714],[-5.834546,54.545714],[-5.834546,54.558571],[-5.848182,54.558571],[-5.848182,54.545714]]]}},{"type":"Feature","id":"belfast_02_18_2026","properties":{"cell_id":"belfast_02_18","year":2026,"row":2,"col":18,"population_pressure":0.275,"mobility_strain":0.426,"economic_opportunity":0.06,"environmental_exposure":0.459,"fairness_score":0.39,"development_pressure":0.135,"green_cover":0.315,"bike_access":0.05,"transit_access":0.18,"traffic_pressure":0.17,"planning_intensity":0.087,"deprivation_weight":0.0,"bike_trip_index":0.235,"tree_canopy_context":0.0,"civic_service_context":0.0,"population_pressure_delta_2016":0.106,"mobility_strain_delta_2016":0.01,"economic_opportunity_delta_2016":0.0,"environmental_exposure_delta_2016":0.158,"fairness_score_delta_2016":-0.003,"population_pressure_delta_previous":-0.133,"mobility_strain_delta_previous":-0.06,"economic_opportunity_delta_previous":0.0,"environmental_exposure_delta_previous":-0.014,"fairness_score_delta_previous":0.018,"dominant_metric":"environmental_exposure","dominant_change":"worsened","confidence":"high","evidence":["NI Air Belfast Centre hourly archive","BCCAQ monitoring-site inventory","NDVI/NDBI raster source availability","Tree inventory, road-pressure and River Lagan exposure proxy"]},"geometry":{"type":"Polygon","coordinates":[[[-5.834545,54.545714],[-5.820909,54.545714],[-5.820909,54.558571],[-5.834545,54.558571],[-5.834545,54.545714]]]}},{"type":"Feature","id":"belfast_02_19_2026","properties":{"cell_id":"belfast_02_19","year":2026,"row":2,"col":19,"population_pressure":0.262,"mobility_strain":0.422,"economic_opportunity":0.06,"environmental_exposure":0.463,"fairness_score":0.392,"development_pressure":0.111,"green_cover":0.303,"bike_access":0.05,"transit_access":0.18,"traffic_pressure":0.167,"planning_intensity":0.075,"deprivation_weight":0.0,"bike_trip_index":0.235,"tree_canopy_context":0.0,"civic_service_context":0.0,"population_pressure_delta_2016":0.085,"mobility_strain_delta_2016":0.004,"economic_opportunity_delta_2016":0.0,"environmental_exposure_delta_2016":0.17,"fairness_score_delta_2016":-0.001,"population_pressure_delta_previous":-0.134,"mobility_strain_delta_previous":-0.06,"economic_opportunity_delta_previous":0.0,"environmental_exposure_delta_previous":-0.018,"fairness_score_delta_previous":0.019,"dominant_metric":"environmental_exposure","dominant_change":"worsened","confidence":"high","evidence":["NI Air Belfast Centre hourly archive","BCCAQ monitoring-site inventory","NDVI/NDBI raster source availability","Tree inventory, road-pressure and River Lagan exposure proxy"]},"geometry":{"type":"Polygon","coordinates":[[[-5.820909,54.545714],[-5.807273,54.545714],[-5.807273,54.558571],[-5.820909,54.558571],[-5.820909,54.545714]]]}},{"type":"Feature","id":"belfast_02_20_2026","properties":{"cell_id":"belfast_02_20","year":2026,"row":2,"col":20,"population_pressure":0.252,"mobility_strain":0.418,"economic_opportunity":0.06,"environmental_exposure":0.458,"fairness_score":0.393,"development_pressure":0.091,"green_cover":0.317,"bike_access":0.05,"transit_access":0.18,"traffic_pressure":0.163,"planning_intensity":0.066,"deprivation_weight":0.0,"bike_trip_index":0.235,"tree_canopy_context":0.0,"civic_service_context":0.0,"population_pressure_delta_2016":0.063,"mobility_strain_delta_2016":-0.004,"economic_opportunity_delta_2016":0.0,"environmental_exposure_delta_2016":0.166,"fairness_score_delta_2016":0.001,"population_pressure_delta_previous":-0.132,"mobility_strain_delta_previous":-0.06,"economic_opportunity_delta_previous":0.0,"environmental_exposure_delta_previous":-0.027,"fairness_score_delta_previous":0.018,"dominant_metric":"environmental_exposure","dominant_change":"worsened","confidence":"high","evidence":["NI Air Belfast Centre hourly archive","BCCAQ monitoring-site inventory","NDVI/NDBI raster source availability","Tree inventory, road-pressure and River Lagan exposure proxy"]},"geometry":{"type":"Polygon","coordinates":[[[-5.807273,54.545714],[-5.793637,54.545714],[-5.793637,54.558571],[-5.807273,54.558571],[-5.807273,54.545714]]]}},{"type":"Feature","id":"belfast_02_21_2026","properties":{"cell_id":"belfast_02_21","year":2026,"row":2,"col":21,"population_pressure":0.249,"mobility_strain":0.415,"economic_opportunity":0.06,"environmental_exposure":0.449,"fairness_score":0.394,"development_pressure":0.085,"green_cover":0.346,"bike_access":0.05,"transit_access":0.18,"traffic_pressure":0.159,"planning_intensity":0.063,"deprivation_weight":0.0,"bike_trip_index":0.235,"tree_canopy_context":0.0,"civic_service_context":0.0,"population_pressure_delta_2016":0.048,"mobility_strain_delta_2016":-0.012,"economic_opportunity_delta_2016":0.0,"environmental_exposure_delta_2016":0.149,"fairness_score_delta_2016":0.004,"population_pressure_delta_previous":-0.127,"mobility_strain_delta_previous":-0.06,"economic_opportunity_delta_previous":0.0,"environmental_exposure_delta_previous":-0.032,"fairness_score_delta_previous":0.018,"dominant_metric":"environmental_exposure","dominant_change":"worsened","confidence":"high","evidence":["NI Air Belfast Centre hourly archive","BCCAQ monitoring-site inventory","NDVI/NDBI raster source availability","Tree inventory, road-pressure and River Lagan exposure proxy"]},"geometry":{"type":"Polygon","coordinates":[[[-5.793636,54.545714],[-5.78,54.545714],[-5.78,54.558571],[-5.793636,54.558571],[-5.793636,54.545714]]]}},{"type":"Feature","id":"belfast_03_00_2026","properties":{"cell_id":"belfast_03_00","year":2026,"row":3,"col":0,"population_pressure":0.252,"mobility_strain":0.418,"economic_opportunity":0.06,"environmental_exposure":0.461,"fairness_score":0.393,"development_pressure":0.092,"green_cover":0.309,"bike_access":0.05,"transit_access":0.18,"traffic_pressure":0.164,"planning_intensity":0.066,"deprivation_weight":0.0,"bike_trip_index":0.235,"tree_canopy_context":0.0,"civic_service_context":0.0,"population_pressure_delta_2016":0.064,"mobility_strain_delta_2016":-0.004,"economic_opportunity_delta_2016":0.0,"environmental_exposure_delta_2016":0.165,"fairness_score_delta_2016":0.001,"population_pressure_delta_previous":-0.132,"mobility_strain_delta_previous":-0.06,"economic_opportunity_delta_previous":0.0,"environmental_exposure_delta_previous":-0.017,"fairness_score_delta_previous":0.018,"dominant_metric":"environmental_exposure","dominant_change":"worsened","confidence":"high","evidence":["NI Air Belfast Centre hourly archive","BCCAQ monitoring-site inventory","NDVI/NDBI raster source availability","Tree inventory, road-pressure and River Lagan exposure proxy"]},"geometry":{"type":"Polygon","coordinates":[[[-6.08,54.558571],[-6.066364,54.558571],[-6.066364,54.571428],[-6.08,54.571428],[-6.08,54.558571]]]}},{"type":"Feature","id":"belfast_03_01_2026","properties":{"cell_id":"belfast_03_01","year":2026,"row":3,"col":1,"population_pressure":0.249,"mobility_strain":0.417,"economic_opportunity":0.06,"environmental_exposure":0.459,"fairness_score":0.393,"development_pressure":0.085,"green_cover":0.315,"bike_access":0.05,"transit_access":0.18,"traffic_pressure":0.162,"planning_intensity":0.063,"deprivation_weight":0.0,"bike_trip_index":0.235,"tree_canopy_context":0.0,"civic_service_context":0.0,"population_pressure_delta_2016":0.049,"mobility_strain_delta_2016":-0.009,"economic_opportunity_delta_2016":0.0,"environmental_exposure_delta_2016":0.166,"fairness_score_delta_2016":0.003,"population_pressure_delta_previous":-0.127,"mobility_strain_delta_previous":-0.059,"economic_opportunity_delta_previous":0.0,"environmental_exposure_delta_previous":-0.024,"fairness_score_delta_previous":0.018,"dominant_metric":"environmental_exposure","dominant_change":"worsened","confidence":"high","evidence":["NI Air Belfast Centre hourly archive","BCCAQ monitoring-site inventory","NDVI/NDBI raster source availability","Tree inventory, road-pressure and River Lagan exposure proxy"]},"geometry":{"type":"Polygon","coordinates":[[[-6.066364,54.558571],[-6.052728,54.558571],[-6.052728,54.571428],[-6.066364,54.571428],[-6.066364,54.558571]]]}},{"type":"Feature","id":"belfast_03_02_2026","properties":{"cell_id":"belfast_03_02","year":2026,"row":3,"col":2,"population_pressure":0.254,"mobility_strain":0.417,"economic_opportunity":0.06,"environmental_exposure":0.451,"fairness_score":0.393,"development_pressure":0.095,"green_cover":0.339,"bike_access":0.05,"transit_access":0.18,"traffic_pressure":0.162,"planning_intensity":0.067,"deprivation_weight":0.0,"bike_trip_index":0.235,"tree_canopy_context":0.0,"civic_service_context":0.0,"population_pressure_delta_2016":0.048,"mobility_strain_delta_2016":-0.012,"economic_opportunity_delta_2016":0.0,"environmental_exposure_delta_2016":0.152,"fairness_score_delta_2016":0.003,"population_pressure_delta_previous":-0.122,"mobility_strain_delta_previous":-0.058,"economic_opportunity_delta_previous":0.0,"environmental_exposure_delta_previous":-0.031,"fairness_score_delta_previous":0.017,"dominant_metric":"environmental_exposure","dominant_change":"worsened","confidence":"high","evidence":["NI Air Belfast Centre hourly archive","BCCAQ monitoring-site inventory","NDVI/NDBI raster source availability","Tree inventory, road-pressure and River Lagan exposure proxy"]},"geometry":{"type":"Polygon","coordinates":[[[-6.052727,54.558571],[-6.039091,54.558571],[-6.039091,54.571428],[-6.052727,54.571428],[-6.052727,54.558571]]]}},{"type":"Feature","id":"belfast_03_03_2026","properties":{"cell_id":"belfast_03_03","year":2026,"row":3,"col":3,"population_pressure":0.265,"mobility_strain":0.419,"economic_opportunity":0.06,"environmental_exposure":0.429,"fairness_score":0.382,"development_pressure":0.116,"green_cover":0.405,"bike_access":0.05,"transit_access":0.18,"traffic_pressure":0.159,"planning_intensity":0.078,"deprivation_weight":0.067,"bike_trip_index":0.235,"tree_canopy_context":0.0,"civic_service_context":0.0,"population_pressure_delta_2016":0.062,"mobility_strain_delta_2016":-0.008,"economic_opportunity_delta_2016":0.0,"environmental_exposure_delta_2016":0.136,"fairness_score_delta_2016":0.002,"population_pressure_delta_previous":-0.119,"mobility_strain_delta_previous":-0.057,"economic_opportunity_delta_previous":0.0,"environmental_exposure_delta_previous":-0.03,"fairness_score_delta_previous":0.017,"dominant_metric":"environmental_exposure","dominant_change":"worsened","confidence":"high","evidence":["NI Air Belfast Centre hourly archive","BCCAQ monitoring-site inventory","NDVI/NDBI raster source availability","Tree inventory, road-pressure and River Lagan exposure proxy"]},"geometry":{"type":"Polygon","coordinates":[[[-6.039091,54.558571],[-6.025455,54.558571],[-6.025455,54.571428],[-6.039091,54.571428],[-6.039091,54.558571]]]}},{"type":"Feature","id":"belfast_03_04_2026","properties":{"cell_id":"belfast_03_04","year":2026,"row":3,"col":4,"population_pressure":0.278,"mobility_strain":0.412,"economic_opportunity":0.097,"environmental_exposure":0.332,"fairness_score":0.37,"development_pressure":0.139,"green_cover":0.7,"bike_access":0.05,"transit_access":0.18,"traffic_pressure":0.137,"planning_intensity":0.09,"deprivation_weight":0.234,"bike_trip_index":0.235,"tree_canopy_context":1.0,"civic_service_context":0.4,"population_pressure_delta_2016":0.086,"mobility_strain_delta_2016":0.0,"economic_opportunity_delta_2016":0.0,"environmental_exposure_delta_2016":0.135,"fairness_score_delta_2016":0.0,"population_pressure_delta_previous":-0.119,"mobility_strain_delta_previous":-0.056,"economic_opportunity_delta_previous":0.0,"environmental_exposure_delta_previous":-0.022,"fairness_score_delta_previous":0.016,"dominant_metric":"environmental_exposure","dominant_change":"worsened","confidence":"high","evidence":["NI Air Belfast Centre hourly archive","BCCAQ monitoring-site inventory","NDVI/NDBI raster source availability","Tree inventory, road-pressure and River Lagan exposure proxy"]},"geometry":{"type":"Polygon","coordinates":[[[-6.025455,54.558571],[-6.011819,54.558571],[-6.011819,54.571428],[-6.025455,54.571428],[-6.025455,54.558571]]]}},{"type":"Feature","id":"belfast_03_05_2026","properties":{"cell_id":"belfast_03_05","year":2026,"row":3,"col":5,"population_pressure":0.285,"mobility_strain":0.414,"economic_opportunity":0.116,"environmental_exposure":0.326,"fairness_score":0.353,"development_pressure":0.154,"green_cover":0.719,"bike_access":0.05,"transit_access":0.18,"traffic_pressure":0.137,"planning_intensity":0.097,"deprivation_weight":0.383,"bike_trip_index":0.235,"tree_canopy_context":1.0,"civic_service_context":0.6,"population_pressure_delta_2016":0.106,"mobility_strain_delta_2016":0.009,"economic_opportunity_delta_2016":0.0,"environmental_exposure_delta_2016":0.15,"fairness_score_delta_2016":-0.002,"population_pressure_delta_previous":-0.123,"mobility_strain_delta_previous":-0.056,"economic_opportunity_delta_previous":0.0,"environmental_exposure_delta_previous":-0.014,"fairness_score_delta_previous":0.017,"dominant_metric":"environmental_exposure","dominant_change":"worsened","confidence":"high","evidence":["NI Air Belfast Centre hourly archive","BCCAQ monitoring-site inventory","NDVI/NDBI raster source availability","Tree inventory, road-pressure and River Lagan exposure proxy"]},"geometry":{"type":"Polygon","coordinates":[[[-6.011818,54.558571],[-5.998182,54.558571],[-5.998182,54.571428],[-6.011818,54.571428],[-6.011818,54.558571]]]}},{"type":"Feature","id":"belfast_03_06_2026","properties":{"cell_id":"belfast_03_06","year":2026,"row":3,"col":6,"population_pressure":0.321,"mobility_strain":0.432,"economic_opportunity":0.161,"environmental_exposure":0.341,"fairness_score":0.344,"development_pressure":0.194,"green_cover":0.707,"bike_access":0.062,"transit_access":0.193,"traffic_pressure":0.178,"planning_intensity":0.131,"deprivation_weight":0.499,"bike_trip_index":0.235,"tree_canopy_context":1.0,"civic_service_context":1.0,"population_pressure_delta_2016":0.125,"mobility_strain_delta_2016":0.018,"economic_opportunity_delta_2016":0.0,"environmental_exposure_delta_2016":0.17,"fairness_score_delta_2016":-0.006,"population_pressure_delta_previous":-0.127,"mobility_strain_delta_previous":-0.057,"economic_opportunity_delta_previous":0.0,"environmental_exposure_delta_previous":-0.015,"fairness_score_delta_previous":0.017,"dominant_metric":"environmental_exposure","dominant_change":"worsened","confidence":"high","evidence":["NI Air Belfast Centre hourly archive","BCCAQ monitoring-site inventory","NDVI/NDBI raster source availability","Tree inventory, road-pressure and River Lagan exposure proxy"]},"geometry":{"type":"Polygon","coordinates":[[[-5.998182,54.558571],[-5.984546,54.558571],[-5.984546,54.571428],[-5.998182,54.571428],[-5.998182,54.558571]]]}},{"type":"Feature","id":"belfast_03_07_2026","properties":{"cell_id":"belfast_03_07","year":2026,"row":3,"col":7,"population_pressure":0.381,"mobility_strain":0.44,"economic_opportunity":0.261,"environmental_exposure":0.368,"fairness_score":0.371,"development_pressure":0.261,"green_cover":0.687,"bike_access":0.121,"transit_access":0.276,"traffic_pressure":0.24,"planning_intensity":0.194,"deprivation_weight":0.556,"bike_trip_index":0.235,"tree_canopy_context":1.0,"civic_service_context":1.0,"population_pressure_delta_2016":0.14,"mobility_strain_delta_2016":0.024,"economic_opportunity_delta_2016":-0.001,"environmental_exposure_delta_2016":0.18,"fairness_score_delta_2016":-0.007,"population_pressure_delta_previous":-0.129,"mobility_strain_delta_previous":-0.06,"economic_opportunity_delta_previous":0.0,"environmental_exposure_delta_previous":-0.022,"fairness_score_delta_previous":0.018,"dominant_metric":"environmental_exposure","dominant_change":"worsened","confidence":"high","evidence":["NI Air Belfast Centre hourly archive","BCCAQ monitoring-site inventory","NDVI/NDBI raster source availability","Tree inventory, road-pressure and River Lagan exposure proxy"]},"geometry":{"type":"Polygon","coordinates":[[[-5.984545,54.558571],[-5.970909,54.558571],[-5.970909,54.571428],[-5.984545,54.571428],[-5.984545,54.558571]]]}},{"type":"Feature","id":"belfast_03_08_2026","properties":{"cell_id":"belfast_03_08","year":2026,"row":3,"col":8,"population_pressure":0.427,"mobility_strain":0.452,"economic_opportunity":0.337,"environmental_exposure":0.39,"fairness_score":0.398,"development_pressure":0.311,"green_cover":0.673,"bike_access":0.158,"transit_access":0.334,"traffic_pressure":0.295,"planning_intensity":0.245,"deprivation_weight":0.531,"bike_trip_index":0.235,"tree_canopy_context":1.0,"civic_service_context":0.8,"population_pressure_delta_2016":0.139,"mobility_strain_delta_2016":0.023,"economic_opportunity_delta_2016":-0.001,"environmental_exposure_delta_2016":0.171,"fairness_score_delta_2016":-0.008,"population_pressure_delta_previous":-0.129,"mobility_strain_delta_previous":-0.06,"economic_opportunity_delta_previous":0.0,"environmental_exposure_delta_previous":-0.031,"fairness_score_delta_previous":0.018,"dominant_metric":"environmental_exposure","dominant_change":"worsened","confidence":"high","evidence":["NI Air Belfast Centre hourly archive","BCCAQ monitoring-site inventory","NDVI/NDBI raster source availability","Tree inventory, road-pressure and River Lagan exposure proxy"]},"geometry":{"type":"Polygon","coordinates":[[[-5.970909,54.558571],[-5.957273,54.558571],[-5.957273,54.571428],[-5.970909,54.571428],[-5.970909,54.558571]]]}},{"type":"Feature","id":"belfast_03_09_2026","properties":{"cell_id":"belfast_03_09","year":2026,"row":3,"col":9,"population_pressure":0.461,"mobility_strain":0.469,"economic_opportunity":0.361,"environmental_exposure":0.405,"fairness_score":0.414,"development_pressure":0.345,"green_cover":0.669,"bike_access":0.164,"transit_access":0.356,"traffic_pressure":0.338,"planning_intensity":0.282,"deprivation_weight":0.435,"bike_trip_index":0.235,"tree_canopy_context":1.0,"civic_service_context":0.4,"population_pressure_delta_2016":0.131,"mobility_strain_delta_2016":0.016,"economic_opportunity_delta_2016":-0.001,"environmental_exposure_delta_2016":0.153,"fairness_score_delta_2016":-0.005,"population_pressure_delta_previous":-0.125,"mobility_strain_delta_previous":-0.059,"economic_opportunity_delta_previous":0.0,"environmental_exposure_delta_previous":-0.031,"fairness_score_delta_previous":0.018,"dominant_metric":"environmental_exposure","dominant_change":"worsened","confidence":"high","evidence":["NI Air Belfast Centre hourly archive","BCCAQ monitoring-site inventory","NDVI/NDBI raster source availability","Tree inventory, road-pressure and River Lagan exposure proxy"]},"geometry":{"type":"Polygon","coordinates":[[[-5.957273,54.558571],[-5.943637,54.558571],[-5.943637,54.571428],[-5.957273,54.571428],[-5.957273,54.558571]]]}},{"type":"Feature","id":"belfast_03_10_2026","properties":{"cell_id":"belfast_03_10","year":2026,"row":3,"col":10,"population_pressure":0.483,"mobility_strain":0.486,"economic_opportunity":0.341,"environmental_exposure":0.44,"fairness_score":0.419,"development_pressure":0.362,"green_cover":0.655,"bike_access":0.161,"transit_access":0.34,"traffic_pressure":0.362,"planning_intensity":0.337,"deprivation_weight":0.296,"bike_trip_index":0.235,"tree_canopy_context":1.0,"civic_service_context":0.0,"population_pressure_delta_2016":0.121,"mobility_strain_delta_2016":0.012,"economic_opportunity_delta_2016":-0.002,"environmental_exposure_delta_2016":0.143,"fairness_score_delta_2016":-0.004,"population_pressure_delta_previous":-0.12,"mobility_strain_delta_previous":-0.056,"economic_opportunity_delta_previous":0.0,"environmental_exposure_delta_previous":-0.023,"fairness_score_delta_previous":0.017,"dominant_metric":"environmental_exposure","dominant_change":"worsened","confidence":"high","evidence":["NI Air Belfast Centre hourly archive","BCCAQ monitoring-site inventory","NDVI/NDBI raster source availability","Tree inventory, road-pressure and River Lagan exposure proxy"]},"geometry":{"type":"Polygon","coordinates":[[[-5.943636,54.558571],[-5.93,54.558571],[-5.93,54.571428],[-5.943636,54.571428],[-5.943636,54.558571]]]}},{"type":"Feature","id":"belfast_03_11_2026","properties":{"cell_id":"belfast_03_11","year":2026,"row":3,"col":11,"population_pressure":0.487,"mobility_strain":0.493,"economic_opportunity":0.33,"environmental_exposure":0.518,"fairness_score":0.433,"development_pressure":0.357,"green_cover":0.7,"bike_access":0.143,"transit_access":0.305,"traffic_pressure":0.356,"planning_intensity":0.376,"deprivation_weight":0.135,"bike_trip_index":0.235,"tree_canopy_context":1.0,"civic_service_context":0.2,"population_pressure_delta_2016":0.117,"mobility_strain_delta_2016":0.011,"economic_opportunity_delta_2016":-0.001,"environmental_exposure_delta_2016":0.15,"fairness_score_delta_2016":-0.004,"population_pressure_delta_previous":-0.115,"mobility_strain_delta_previous":-0.054,"economic_opportunity_delta_previous":0.0,"environmental_exposure_delta_previous":-0.015,"fairness_score_delta_previous":0.016,"dominant_metric":"environmental_exposure","dominant_change":"worsened","confidence":"high","evidence":["NI Air Belfast Centre hourly archive","BCCAQ monitoring-site inventory","NDVI/NDBI raster source availability","Tree inventory, road-pressure and River Lagan exposure proxy"]},"geometry":{"type":"Polygon","coordinates":[[[-5.93,54.558571],[-5.916364,54.558571],[-5.916364,54.571428],[-5.93,54.571428],[-5.93,54.558571]]]}},{"type":"Feature","id":"belfast_03_12_2026","properties":{"cell_id":"belfast_03_12","year":2026,"row":3,"col":12,"population_pressure":0.47,"mobility_strain":0.486,"economic_opportunity":0.274,"environmental_exposure":0.522,"fairness_score":0.436,"development_pressure":0.34,"green_cover":0.705,"bike_access":0.136,"transit_access":0.283,"traffic_pressure":0.331,"planning_intensity":0.36,"deprivation_weight":0.0,"bike_trip_index":0.235,"tree_canopy_context":1.0,"civic_service_context":0.2,"population_pressure_delta_2016":0.121,"mobility_strain_delta_2016":0.015,"economic_opportunity_delta_2016":-0.001,"environmental_exposure_delta_2016":0.168,"fairness_score_delta_2016":-0.005,"population_pressure_delta_previous":-0.114,"mobility_strain_delta_previous":-0.052,"economic_opportunity_delta_previous":0.0,"environmental_exposure_delta_previous":-0.011,"fairness_score_delta_previous":0.015,"dominant_metric":"environmental_exposure","dominant_change":"worsened","confidence":"high","evidence":["NI Air Belfast Centre hourly archive","BCCAQ monitoring-site inventory","NDVI/NDBI raster source availability","Tree inventory, road-pressure and River Lagan exposure proxy"]},"geometry":{"type":"Polygon","coordinates":[[[-5.916364,54.558571],[-5.902728,54.558571],[-5.902728,54.571428],[-5.916364,54.571428],[-5.916364,54.558571]]]}},{"type":"Feature","id":"belfast_03_13_2026","properties":{"cell_id":"belfast_03_13","year":2026,"row":3,"col":13,"population_pressure":0.441,"mobility_strain":0.495,"economic_opportunity":0.184,"environmental_exposure":0.452,"fairness_score":0.407,"development_pressure":0.325,"green_cover":0.614,"bike_access":0.071,"transit_access":0.242,"traffic_pressure":0.312,"planning_intensity":0.295,"deprivation_weight":0.0,"bike_trip_index":0.235,"tree_canopy_context":1.0,"civic_service_context":0.2,"population_pressure_delta_2016":0.134,"mobility_strain_delta_2016":0.02,"economic_opportunity_delta_2016":0.0,"environmental_exposure_delta_2016":0.181,"fairness_score_delta_2016":-0.006,"population_pressure_delta_previous":-0.115,"mobility_strain_delta_previous":-0.054,"economic_opportunity_delta_previous":0.0,"environmental_exposure_delta_previous":-0.018,"fairness_score_delta_previous":0.017,"dominant_metric":"environmental_exposure","dominant_change":"worsened","confidence":"high","evidence":["NI Air Belfast Centre hourly archive","BCCAQ monitoring-site inventory","NDVI/NDBI raster source availability","Tree inventory, road-pressure and River Lagan exposure proxy"]},"geometry":{"type":"Polygon","coordinates":[[[-5.902727,54.558571],[-5.889091,54.558571],[-5.889091,54.571428],[-5.902727,54.571428],[-5.902727,54.558571]]]}},{"type":"Feature","id":"belfast_03_14_2026","properties":{"cell_id":"belfast_03_14","year":2026,"row":3,"col":14,"population_pressure":0.384,"mobility_strain":0.472,"economic_opportunity":0.08,"environmental_exposure":0.402,"fairness_score":0.383,"development_pressure":0.27,"green_cover":0.582,"bike_access":0.064,"transit_access":0.211,"traffic_pressure":0.257,"planning_intensity":0.193,"deprivation_weight":0.0,"bike_trip_index":0.235,"tree_canopy_context":1.0,"civic_service_context":0.0,"population_pressure_delta_2016":0.136,"mobility_strain_delta_2016":0.021,"economic_opportunity_delta_2016":0.0,"environmental_exposure_delta_2016":0.175,"fairness_score_delta_2016":-0.006,"population_pressure_delta_previous":-0.12,"mobility_strain_delta_previous":-0.057,"economic_opportunity_delta_previous":0.0,"environmental_exposure_delta_previous":-0.027,"fairness_score_delta_previous":0.017,"dominant_metric":"environmental_exposure","dominant_change":"worsened","confidence":"high","evidence":["NI Air Belfast Centre hourly archive","BCCAQ monitoring-site inventory","NDVI/NDBI raster source availability","Tree inventory, road-pressure and River Lagan exposure proxy"]},"geometry":{"type":"Polygon","coordinates":[[[-5.889091,54.558571],[-5.875455,54.558571],[-5.875455,54.571428],[-5.889091,54.571428],[-5.889091,54.558571]]]}},{"type":"Feature","id":"belfast_03_15_2026","properties":{"cell_id":"belfast_03_15","year":2026,"row":3,"col":15,"population_pressure":0.31,"mobility_strain":0.43,"economic_opportunity":0.068,"environmental_exposure":0.363,"fairness_score":0.391,"development_pressure":0.176,"green_cover":0.634,"bike_access":0.055,"transit_access":0.191,"traffic_pressure":0.176,"planning_intensity":0.113,"deprivation_weight":0.0,"bike_trip_index":0.235,"tree_canopy_context":1.0,"civic_service_context":0.0,"population_pressure_delta_2016":0.12,"mobility_strain_delta_2016":0.014,"economic_opportunity_delta_2016":0.0,"environmental_exposure_delta_2016":0.153,"fairness_score_delta_2016":-0.005,"population_pressure_delta_previous":-0.127,"mobility_strain_delta_previous":-0.06,"economic_opportunity_delta_previous":0.0,"environmental_exposure_delta_previous":-0.033,"fairness_score_delta_previous":0.018,"dominant_metric":"environmental_exposure","dominant_change":"worsened","confidence":"high","evidence":["NI Air Belfast Centre hourly archive","BCCAQ monitoring-site inventory","NDVI/NDBI raster source availability","Tree inventory, road-pressure and River Lagan exposure proxy"]},"geometry":{"type":"Polygon","coordinates":[[[-5.875455,54.558571],[-5.861819,54.558571],[-5.861819,54.571428],[-5.875455,54.571428],[-5.875455,54.558571]]]}},{"type":"Feature","id":"belfast_03_16_2026","properties":{"cell_id":"belfast_03_16","year":2026,"row":3,"col":16,"population_pressure":0.275,"mobility_strain":0.413,"economic_opportunity":0.06,"environmental_exposure":0.346,"fairness_score":0.394,"development_pressure":0.135,"green_cover":0.659,"bike_access":0.05,"transit_access":0.18,"traffic_pressure":0.14,"planning_intensity":0.087,"deprivation_weight":0.0,"bike_trip_index":0.235,"tree_canopy_context":1.0,"civic_service_context":0.0,"population_pressure_delta_2016":0.106,"mobility_strain_delta_2016":0.008,"economic_opportunity_delta_2016":0.0,"environmental_exposure_delta_2016":0.138,"fairness_score_delta_2016":-0.003,"population_pressure_delta_previous":-0.133,"mobility_strain_delta_previous":-0.061,"economic_opportunity_delta_previous":0.0,"environmental_exposure_delta_previous":-0.028,"fairness_score_delta_previous":0.018,"dominant_metric":"environmental_exposure","dominant_change":"worsened","confidence":"high","evidence":["NI Air Belfast Centre hourly archive","BCCAQ monitoring-site inventory","NDVI/NDBI raster source availability","Tree inventory, road-pressure and River Lagan exposure proxy"]},"geometry":{"type":"Polygon","coordinates":[[[-5.861818,54.558571],[-5.848182,54.558571],[-5.848182,54.571428],[-5.861818,54.571428],[-5.861818,54.558571]]]}},{"type":"Feature","id":"belfast_03_17_2026","properties":{"cell_id":"belfast_03_17","year":2026,"row":3,"col":17,"population_pressure":0.262,"mobility_strain":0.42,"economic_opportunity":0.06,"environmental_exposure":0.447,"fairness_score":0.392,"development_pressure":0.111,"green_cover":0.349,"bike_access":0.05,"transit_access":0.18,"traffic_pressure":0.163,"planning_intensity":0.075,"deprivation_weight":0.0,"bike_trip_index":0.235,"tree_canopy_context":0.0,"civic_service_context":0.0,"population_pressure_delta_2016":0.085,"mobility_strain_delta_2016":0.001,"economic_opportunity_delta_2016":0.0,"environmental_exposure_delta_2016":0.138,"fairness_score_delta_2016":0.0,"population_pressure_delta_previous":-0.134,"mobility_strain_delta_previous":-0.061,"economic_opportunity_delta_previous":0.0,"environmental_exposure_delta_previous":-0.02,"fairness_score_delta_previous":0.018,"dominant_metric":"environmental_exposure","dominant_change":"worsened","confidence":"high","evidence":["NI Air Belfast Centre hourly archive","BCCAQ monitoring-site inventory","NDVI/NDBI raster source availability","Tree inventory, road-pressure and River Lagan exposure proxy"]},"geometry":{"type":"Polygon","coordinates":[[[-5.848182,54.558571],[-5.834546,54.558571],[-5.834546,54.571428],[-5.848182,54.571428],[-5.848182,54.558571]]]}},{"type":"Feature","id":"belfast_03_18_2026","properties":{"cell_id":"belfast_03_18","year":2026,"row":3,"col":18,"population_pressure":0.252,"mobility_strain":0.417,"economic_opportunity":0.06,"environmental_exposure":0.455,"fairness_score":0.393,"development_pressure":0.091,"green_cover":0.326,"bike_access":0.05,"transit_access":0.18,"traffic_pressure":0.162,"planning_intensity":0.066,"deprivation_weight":0.0,"bike_trip_index":0.235,"tree_canopy_context":0.0,"civic_service_context":0.0,"population_pressure_delta_2016":0.063,"mobility_strain_delta_2016":-0.006,"economic_opportunity_delta_2016":0.0,"environmental_exposure_delta_2016":0.152,"fairness_score_delta_2016":0.002,"population_pressure_delta_previous":-0.132,"mobility_strain_delta_previous":-0.06,"economic_opportunity_delta_previous":0.0,"environmental_exposure_delta_previous":-0.015,"fairness_score_delta_previous":0.018,"dominant_metric":"environmental_exposure","dominant_change":"worsened","confidence":"high","evidence":["NI Air Belfast Centre hourly archive","BCCAQ monitoring-site inventory","NDVI/NDBI raster source availability","Tree inventory, road-pressure and River Lagan exposure proxy"]},"geometry":{"type":"Polygon","coordinates":[[[-5.834545,54.558571],[-5.820909,54.558571],[-5.820909,54.571428],[-5.834545,54.571428],[-5.834545,54.558571]]]}},{"type":"Feature","id":"belfast_03_19_2026","properties":{"cell_id":"belfast_03_19","year":2026,"row":3,"col":19,"population_pressure":0.249,"mobility_strain":0.417,"economic_opportunity":0.06,"environmental_exposure":0.461,"fairness_score":0.393,"development_pressure":0.085,"green_cover":0.309,"bike_access":0.05,"transit_access":0.18,"traffic_pressure":0.163,"planning_intensity":0.063,"deprivation_weight":0.0,"bike_trip_index":0.235,"tree_canopy_context":0.0,"civic_service_context":0.0,"population_pressure_delta_2016":0.048,"mobility_strain_delta_2016":-0.009,"economic_opportunity_delta_2016":0.0,"environmental_exposure_delta_2016":0.165,"fairness_score_delta_2016":0.003,"population_pressure_delta_previous":-0.127,"mobility_strain_delta_previous":-0.058,"economic_opportunity_delta_previous":0.0,"environmental_exposure_delta_previous":-0.017,"fairness_score_delta_previous":0.017,"dominant_metric":"environmental_exposure","dominant_change":"worsened","confidence":"high","evidence":["NI Air Belfast Centre hourly archive","BCCAQ monitoring-site inventory","NDVI/NDBI raster source availability","Tree inventory, road-pressure and River Lagan exposure proxy"]},"geometry":{"type":"Polygon","coordinates":[[[-5.820909,54.558571],[-5.807273,54.558571],[-5.807273,54.571428],[-5.820909,54.571428],[-5.820909,54.558571]]]}},{"type":"Feature","id":"belfast_03_20_2026","properties":{"cell_id":"belfast_03_20","year":2026,"row":3,"col":20,"population_pressure":0.254,"mobility_strain":0.419,"economic_opportunity":0.06,"environmental_exposure":0.459,"fairness_score":0.393,"development_pressure":0.095,"green_cover":0.316,"bike_access":0.05,"transit_access":0.18,"traffic_pressure":0.164,"planning_intensity":0.068,"deprivation_weight":0.0,"bike_trip_index":0.235,"tree_canopy_context":0.0,"civic_service_context":0.0,"population_pressure_delta_2016":0.048,"mobility_strain_delta_2016":-0.009,"economic_opportunity_delta_2016":0.0,"environmental_exposure_delta_2016":0.165,"fairness_score_delta_2016":0.003,"population_pressure_delta_previous":-0.122,"mobility_strain_delta_previous":-0.057,"economic_opportunity_delta_previous":0.0,"environmental_exposure_delta_previous":-0.025,"fairness_score_delta_previous":0.018,"dominant_metric":"environmental_exposure","dominant_change":"worsened","confidence":"high","evidence":["NI Air Belfast Centre hourly archive","BCCAQ monitoring-site inventory","NDVI/NDBI raster source availability","Tree inventory, road-pressure and River Lagan exposure proxy"]},"geometry":{"type":"Polygon","coordinates":[[[-5.807273,54.558571],[-5.793637,54.558571],[-5.793637,54.571428],[-5.807273,54.571428],[-5.807273,54.558571]]]}},{"type":"Feature","id":"belfast_03_21_2026","properties":{"cell_id":"belfast_03_21","year":2026,"row":3,"col":21,"population_pressure":0.266,"mobility_strain":0.422,"economic_opportunity":0.06,"environmental_exposure":0.451,"fairness_score":0.392,"development_pressure":0.117,"green_cover":0.338,"bike_access":0.05,"transit_access":0.18,"traffic_pressure":0.165,"planning_intensity":0.079,"deprivation_weight":0.0,"bike_trip_index":0.235,"tree_canopy_context":0.0,"civic_service_context":0.0,"population_pressure_delta_2016":0.064,"mobility_strain_delta_2016":-0.005,"economic_opportunity_delta_2016":0.0,"environmental_exposure_delta_2016":0.151,"fairness_score_delta_2016":0.002,"population_pressure_delta_previous":-0.119,"mobility_strain_delta_previous":-0.057,"economic_opportunity_delta_previous":0.0,"environmental_exposure_delta_previous":-0.031,"fairness_score_delta_previous":0.017,"dominant_metric":"environmental_exposure","dominant_change":"worsened","confidence":"high","evidence":["NI Air Belfast Centre hourly archive","BCCAQ monitoring-site inventory","NDVI/NDBI raster source availability","Tree inventory, road-pressure and River Lagan exposure proxy"]},"geometry":{"type":"Polygon","coordinates":[[[-5.793636,54.558571],[-5.78,54.558571],[-5.78,54.571428],[-5.793636,54.571428],[-5.793636,54.558571]]]}},{"type":"Feature","id":"belfast_04_00_2026","properties":{"cell_id":"belfast_04_00","year":2026,"row":4,"col":0,"population_pressure":0.254,"mobility_strain":0.419,"economic_opportunity":0.06,"environmental_exposure":0.461,"fairness_score":0.393,"development_pressure":0.095,"green_cover":0.308,"bike_access":0.05,"transit_access":0.18,"traffic_pressure":0.164,"planning_intensity":0.067,"deprivation_weight":0.0,"bike_trip_index":0.235,"tree_canopy_context":0.0,"civic_service_context":0.0,"population_pressure_delta_2016":0.048,"mobility_strain_delta_2016":-0.009,"economic_opportunity_delta_2016":0.0,"environmental_exposure_delta_2016":0.164,"fairness_score_delta_2016":0.003,"population_pressure_delta_previous":-0.122,"mobility_strain_delta_previous":-0.056,"economic_opportunity_delta_previous":0.0,"environmental_exposure_delta_previous":-0.016,"fairness_score_delta_previous":0.017,"dominant_metric":"environmental_exposure","dominant_change":"worsened","confidence":"high","evidence":["NI Air Belfast Centre hourly archive","BCCAQ monitoring-site inventory","NDVI/NDBI raster source availability","Tree inventory, road-pressure and River Lagan exposure proxy"]},"geometry":{"type":"Polygon","coordinates":[[[-6.08,54.571429],[-6.066364,54.571429],[-6.066364,54.584286],[-6.08,54.584286],[-6.08,54.571429]]]}},{"type":"Feature","id":"belfast_04_01_2026","properties":{"cell_id":"belfast_04_01","year":2026,"row":4,"col":1,"population_pressure":0.265,"mobility_strain":0.423,"economic_opportunity":0.06,"environmental_exposure":0.461,"fairness_score":0.391,"development_pressure":0.116,"green_cover":0.308,"bike_access":0.05,"transit_access":0.18,"traffic_pressure":0.168,"planning_intensity":0.078,"deprivation_weight":0.0,"bike_trip_index":0.235,"tree_canopy_context":0.0,"civic_service_context":0.0,"population_pressure_delta_2016":0.062,"mobility_strain_delta_2016":-0.004,"economic_opportunity_delta_2016":0.0,"environmental_exposure_delta_2016":0.168,"fairness_score_delta_2016":0.001,"population_pressure_delta_previous":-0.119,"mobility_strain_delta_previous":-0.056,"economic_opportunity_delta_previous":0.0,"environmental_exposure_delta_previous":-0.024,"fairness_score_delta_previous":0.016,"dominant_metric":"environmental_exposure","dominant_change":"worsened","confidence":"high","evidence":["NI Air Belfast Centre hourly archive","BCCAQ monitoring-site inventory","NDVI/NDBI raster source availability","Tree inventory, road-pressure and River Lagan exposure proxy"]},"geometry":{"type":"Polygon","coordinates":[[[-6.066364,54.571429],[-6.052728,54.571429],[-6.052728,54.584286],[-6.066364,54.584286],[-6.066364,54.571429]]]}},{"type":"Feature","id":"belfast_04_02_2026","properties":{"cell_id":"belfast_04_02","year":2026,"row":4,"col":2,"population_pressure":0.278,"mobility_strain":0.426,"economic_opportunity":0.06,"environmental_exposure":0.454,"fairness_score":0.39,"development_pressure":0.139,"green_cover":0.328,"bike_access":0.05,"transit_access":0.18,"traffic_pressure":0.17,"planning_intensity":0.09,"deprivation_weight":0.0,"bike_trip_index":0.235,"tree_canopy_context":0.0,"civic_service_context":0.0,"population_pressure_delta_2016":0.086,"mobility_strain_delta_2016":0.002,"economic_opportunity_delta_2016":0.0,"environmental_exposure_delta_2016":0.156,"fairness_score_delta_2016":-0.001,"population_pressure_delta_previous":-0.119,"mobility_strain_delta_previous":-0.057,"economic_opportunity_delta_previous":0.0,"environmental_exposure_delta_previous":-0.031,"fairness_score_delta_previous":0.017,"dominant_metric":"environmental_exposure","dominant_change":"worsened","confidence":"high","evidence":["NI Air Belfast Centre hourly archive","BCCAQ monitoring-site inventory","NDVI/NDBI raster source availability","Tree inventory, road-pressure and River Lagan exposure proxy"]},"geometry":{"type":"Polygon","coordinates":[[[-6.052727,54.571429],[-6.039091,54.571429],[-6.039091,54.584286],[-6.052727,54.584286],[-6.052727,54.571429]]]}},{"type":"Feature","id":"belfast_04_03_2026","properties":{"cell_id":"belfast_04_03","year":2026,"row":4,"col":3,"population_pressure":0.285,"mobility_strain":0.427,"economic_opportunity":0.06,"environmental_exposure":0.44,"fairness_score":0.364,"development_pressure":0.154,"green_cover":0.372,"bike_access":0.05,"transit_access":0.18,"traffic_pressure":0.168,"planning_intensity":0.097,"deprivation_weight":0.169,"bike_trip_index":0.235,"tree_canopy_context":0.0,"civic_service_context":0.0,"population_pressure_delta_2016":0.106,"mobility_strain_delta_2016":0.008,"economic_opportunity_delta_2016":0.0,"environmental_exposure_delta_2016":0.142,"fairness_score_delta_2016":-0.003,"population_pressure_delta_previous":-0.123,"mobility_strain_delta_previous":-0.058,"economic_opportunity_delta_previous":0.0,"environmental_exposure_delta_previous":-0.03,"fairness_score_delta_previous":0.017,"dominant_metric":"environmental_exposure","dominant_change":"worsened","confidence":"high","evidence":["NI Air Belfast Centre hourly archive","BCCAQ monitoring-site inventory","NDVI/NDBI raster source availability","Tree inventory, road-pressure and River Lagan exposure proxy"]},"geometry":{"type":"Polygon","coordinates":[[[-6.039091,54.571429],[-6.025455,54.571429],[-6.025455,54.584286],[-6.039091,54.584286],[-6.039091,54.571429]]]}},{"type":"Feature","id":"belfast_04_04_2026","properties":{"cell_id":"belfast_04_04","year":2026,"row":4,"col":4,"population_pressure":0.284,"mobility_strain":0.416,"economic_opportunity":0.079,"environmental_exposure":0.35,"fairness_score":0.344,"development_pressure":0.152,"green_cover":0.645,"bike_access":0.05,"transit_access":0.18,"traffic_pressure":0.144,"planning_intensity":0.096,"deprivation_weight":0.362,"bike_trip_index":0.235,"tree_canopy_context":0.906,"civic_service_context":0.2,"population_pressure_delta_2016":0.114,"mobility_strain_delta_2016":0.01,"economic_opportunity_delta_2016":0.0,"environmental_exposure_delta_2016":0.138,"fairness_score_delta_2016":-0.003,"population_pressure_delta_previous":-0.128,"mobility_strain_delta_previous":-0.059,"economic_opportunity_delta_previous":0.0,"environmental_exposure_delta_previous":-0.023,"fairness_score_delta_previous":0.018,"dominant_metric":"environmental_exposure","dominant_change":"worsened","confidence":"high","evidence":["NI Air Belfast Centre hourly archive","BCCAQ monitoring-site inventory","NDVI/NDBI raster source availability","Tree inventory, road-pressure and River Lagan exposure proxy"]},"geometry":{"type":"Polygon","coordinates":[[[-6.025455,54.571429],[-6.011819,54.571429],[-6.011819,54.584286],[-6.025455,54.584286],[-6.025455,54.571429]]]}},{"type":"Feature","id":"belfast_04_05_2026","properties":{"cell_id":"belfast_04_05","year":2026,"row":4,"col":5,"population_pressure":0.293,"mobility_strain":0.426,"economic_opportunity":0.111,"environmental_exposure":0.422,"fairness_score":0.325,"development_pressure":0.145,"green_cover":0.451,"bike_access":0.056,"transit_access":0.211,"traffic_pressure":0.183,"planning_intensity":0.088,"deprivation_weight":0.552,"bike_trip_index":0.235,"tree_canopy_context":0.106,"civic_service_context":0.4,"population_pressure_delta_2016":0.107,"mobility_strain_delta_2016":0.01,"economic_opportunity_delta_2016":0.0,"environmental_exposure_delta_2016":0.15,"fairness_score_delta_2016":-0.003,"population_pressure_delta_previous":-0.132,"mobility_strain_delta_previous":-0.059,"economic_opportunity_delta_previous":0.0,"environmental_exposure_delta_previous":-0.016,"fairness_score_delta_previous":0.018,"dominant_metric":"environmental_exposure","dominant_change":"worsened","confidence":"high","evidence":["NI Air Belfast Centre hourly archive","BCCAQ monitoring-site inventory","NDVI/NDBI raster source availability","Tree inventory, road-pressure and River Lagan exposure proxy"]},"geometry":{"type":"Polygon","coordinates":[[[-6.011818,54.571429],[-5.998182,54.571429],[-5.998182,54.584286],[-6.011818,54.584286],[-6.011818,54.571429]]]}},{"type":"Feature","id":"belfast_04_06_2026","properties":{"cell_id":"belfast_04_06","year":2026,"row":4,"col":6,"population_pressure":0.364,"mobility_strain":0.416,"economic_opportunity":0.224,"environmental_exposure":0.366,"fairness_score":0.35,"development_pressure":0.221,"green_cover":0.7,"bike_access":0.145,"transit_access":0.335,"traffic_pressure":0.234,"planning_intensity":0.16,"deprivation_weight":0.734,"bike_trip_index":0.235,"tree_canopy_context":1.0,"civic_service_context":0.6,"population_pressure_delta_2016":0.113,"mobility_strain_delta_2016":0.015,"economic_opportunity_delta_2016":-0.002,"environmental_exposure_delta_2016":0.17,"fairness_score_delta_2016":-0.005,"population_pressure_delta_previous":-0.131,"mobility_strain_delta_previous":-0.059,"economic_opportunity_delta_previous":0.0,"environmental_exposure_delta_previous":-0.015,"fairness_score_delta_previous":0.018,"dominant_metric":"environmental_exposure","dominant_change":"worsened","confidence":"high","evidence":["NI Air Belfast Centre hourly archive","BCCAQ monitoring-site inventory","NDVI/NDBI raster source availability","Tree inventory, road-pressure and River Lagan exposure proxy"]},"geometry":{"type":"Polygon","coordinates":[[[-5.998182,54.571429],[-5.984546,54.571429],[-5.984546,54.584286],[-5.998182,54.584286],[-5.998182,54.571429]]]}},{"type":"Feature","id":"belfast_04_07_2026","properties":{"cell_id":"belfast_04_07","year":2026,"row":4,"col":7,"population_pressure":0.435,"mobility_strain":0.42,"economic_opportunity":0.403,"environmental_exposure":0.398,"fairness_score":0.401,"development_pressure":0.301,"green_cover":0.677,"bike_access":0.23,"transit_access":0.449,"traffic_pressure":0.307,"planning_intensity":0.235,"deprivation_weight":0.868,"bike_trip_index":0.235,"tree_canopy_context":1.0,"civic_service_context":1.0,"population_pressure_delta_2016":0.116,"mobility_strain_delta_2016":0.018,"economic_opportunity_delta_2016":-0.003,"environmental_exposure_delta_2016":0.179,"fairness_score_delta_2016":-0.006,"population_pressure_delta_previous":-0.127,"mobility_strain_delta_previous":-0.058,"economic_opportunity_delta_previous":0.0,"environmental_exposure_delta_previous":-0.021,"fairness_score_delta_previous":0.017,"dominant_metric":"environmental_exposure","dominant_change":"worsened","confidence":"high","evidence":["NI Air Belfast Centre hourly archive","BCCAQ monitoring-site inventory","NDVI/NDBI raster source availability","Tree inventory, road-pressure and River Lagan exposure proxy"]},"geometry":{"type":"Polygon","coordinates":[[[-5.984545,54.571429],[-5.970909,54.571429],[-5.970909,54.584286],[-5.984545,54.584286],[-5.984545,54.571429]]]}},{"type":"Feature","id":"belfast_04_08_2026","properties":{"cell_id":"belfast_04_08","year":2026,"row":4,"col":8,"population_pressure":0.509,"mobility_strain":0.432,"economic_opportunity":0.497,"environmental_exposure":0.428,"fairness_score":0.444,"development_pressure":0.39,"green_cover":0.654,"bike_access":0.299,"transit_access":0.538,"traffic_pressure":0.379,"planning_intensity":0.314,"deprivation_weight":0.799,"bike_trip_index":0.235,"tree_canopy_context":1.0,"civic_service_context":0.6,"population_pressure_delta_2016":0.126,"mobility_strain_delta_2016":0.02,"economic_opportunity_delta_2016":-0.004,"environmental_exposure_delta_2016":0.171,"fairness_score_delta_2016":-0.008,"population_pressure_delta_previous":-0.12,"mobility_strain_delta_previous":-0.057,"economic_opportunity_delta_previous":0.0,"environmental_exposure_delta_previous":-0.029,"fairness_score_delta_previous":0.017,"dominant_metric":"environmental_exposure","dominant_change":"worsened","confidence":"high","evidence":["NI Air Belfast Centre hourly archive","BCCAQ monitoring-site inventory","NDVI/NDBI raster source availability","Tree inventory, road-pressure and River Lagan exposure proxy"]},"geometry":{"type":"Polygon","coordinates":[[[-5.970909,54.571429],[-5.957273,54.571429],[-5.957273,54.584286],[-5.970909,54.584286],[-5.970909,54.571429]]]}},{"type":"Feature","id":"belfast_04_09_2026","properties":{"cell_id":"belfast_04_09","year":2026,"row":4,"col":9,"population_pressure":0.585,"mobility_strain":0.467,"economic_opportunity":0.596,"environmental_exposure":0.453,"fairness_score":0.484,"development_pressure":0.487,"green_cover":0.64,"bike_access":0.308,"transit_access":0.576,"traffic_pressure":0.452,"planning_intensity":0.404,"deprivation_weight":0.626,"bike_trip_index":0.235,"tree_canopy_context":1.0,"civic_service_context":0.6,"population_pressure_delta_2016":0.151,"mobility_strain_delta_2016":0.026,"economic_opportunity_delta_2016":-0.004,"environmental_exposure_delta_2016":0.158,"fairness_score_delta_2016":-0.009,"population_pressure_delta_previous":-0.112,"mobility_strain_delta_previous":-0.054,"economic_opportunity_delta_previous":0.0,"environmental_exposure_delta_previous":-0.029,"fairness_score_delta_previous":0.017,"dominant_metric":"environmental_exposure","dominant_change":"worsened","confidence":"high","evidence":["NI Air Belfast Centre hourly archive","BCCAQ monitoring-site inventory","NDVI/NDBI raster source availability","Tree inventory, road-pressure and River Lagan exposure proxy"]},"geometry":{"type":"Polygon","coordinates":[[[-5.957273,54.571429],[-5.943637,54.571429],[-5.943637,54.584286],[-5.957273,54.584286],[-5.957273,54.571429]]]}},{"type":"Feature","id":"belfast_04_10_2026","properties":{"cell_id":"belfast_04_10","year":2026,"row":4,"col":10,"population_pressure":0.643,"mobility_strain":0.482,"economic_opportunity":0.688,"environmental_exposure":0.482,"fairness_score":0.521,"development_pressure":0.561,"green_cover":0.679,"bike_access":0.396,"transit_access":0.545,"traffic_pressure":0.488,"planning_intensity":0.495,"deprivation_weight":0.438,"bike_trip_index":0.235,"tree_canopy_context":1.0,"civic_service_context":1.0,"population_pressure_delta_2016":0.18,"mobility_strain_delta_2016":0.037,"economic_opportunity_delta_2016":-0.006,"environmental_exposure_delta_2016":0.153,"fairness_score_delta_2016":-0.013,"population_pressure_delta_previous":-0.108,"mobility_strain_delta_previous":-0.052,"economic_opportunity_delta_previous":0.0,"environmental_exposure_delta_previous":-0.022,"fairness_score_delta_previous":0.016,"dominant_metric":"population_pressure","dominant_change":"worsened","confidence":"high","evidence":["NISRA population/census totals","OSM building density and development-zone proxy","Planning/local development source inventory"]},"geometry":{"type":"Polygon","coordinates":[[[-5.943636,54.571429],[-5.93,54.571429],[-5.93,54.584286],[-5.943636,54.584286],[-5.943636,54.571429]]]}},{"type":"Feature","id":"belfast_04_11_2026","properties":{"cell_id":"belfast_04_11","year":2026,"row":4,"col":11,"population_pressure":0.662,"mobility_strain":0.493,"economic_opportunity":0.642,"environmental_exposure":0.494,"fairness_score":0.521,"development_pressure":0.593,"green_cover":0.679,"bike_access":0.396,"transit_access":0.527,"traffic_pressure":0.497,"planning_intensity":0.521,"deprivation_weight":0.246,"bike_trip_index":0.235,"tree_canopy_context":1.0,"civic_service_context":1.0,"population_pressure_delta_2016":0.206,"mobility_strain_delta_2016":0.047,"economic_opportunity_delta_2016":-0.006,"environmental_exposure_delta_2016":0.165,"fairness_score_delta_2016":-0.016,"population_pressure_delta_previous":-0.107,"mobility_strain_delta_previous":-0.052,"economic_opportunity_delta_previous":0.0,"environmental_exposure_delta_previous":-0.012,"fairness_score_delta_previous":0.015,"dominant_metric":"population_pressure","dominant_change":"worsened","confidence":"high","evidence":["NISRA population/census totals","OSM building density and development-zone proxy","Planning/local development source inventory"]},"geometry":{"type":"Polygon","coordinates":[[[-5.93,54.571429],[-5.916364,54.571429],[-5.916364,54.584286],[-5.93,54.584286],[-5.93,54.571429]]]}},{"type":"Feature","id":"belfast_04_12_2026","properties":{"cell_id":"belfast_04_12","year":2026,"row":4,"col":12,"population_pressure":0.655,"mobility_strain":0.523,"economic_opportunity":0.515,"environmental_exposure":0.465,"fairness_score":0.492,"development_pressure":0.605,"green_cover":0.626,"bike_access":0.272,"transit_access":0.5,"traffic_pressure":0.499,"planning_intensity":0.507,"deprivation_weight":0.053,"bike_trip_index":0.235,"tree_canopy_context":1.0,"civic_service_context":0.8,"population_pressure_delta_2016":0.228,"mobility_strain_delta_2016":0.054,"economic_opportunity_delta_2016":-0.004,"environmental_exposure_delta_2016":0.186,"fairness_score_delta_2016":-0.018,"population_pressure_delta_previous":-0.111,"mobility_strain_delta_previous":-0.052,"economic_opportunity_delta_previous":0.0,"environmental_exposure_delta_previous":-0.01,"fairness_score_delta_previous":0.015,"dominant_metric":"population_pressure","dominant_change":"worsened","confidence":"high","evidence":["NISRA population/census totals","OSM building density and development-zone proxy","Planning/local development source inventory"]},"geometry":{"type":"Polygon","coordinates":[[[-5.916364,54.571429],[-5.902728,54.571429],[-5.902728,54.584286],[-5.916364,54.584286],[-5.916364,54.571429]]]}},{"type":"Feature","id":"belfast_04_13_2026","properties":{"cell_id":"belfast_04_13","year":2026,"row":4,"col":13,"population_pressure":0.597,"mobility_strain":0.52,"economic_opportunity":0.419,"environmental_exposure":0.452,"fairness_score":0.47,"development_pressure":0.541,"green_cover":0.615,"bike_access":0.196,"transit_access":0.437,"traffic_pressure":0.45,"planning_intensity":0.435,"deprivation_weight":0.0,"bike_trip_index":0.235,"tree_canopy_context":1.0,"civic_service_context":0.8,"population_pressure_delta_2016":0.22,"mobility_strain_delta_2016":0.051,"economic_opportunity_delta_2016":-0.002,"environmental_exposure_delta_2016":0.195,"fairness_score_delta_2016":-0.016,"population_pressure_delta_previous":-0.117,"mobility_strain_delta_previous":-0.056,"economic_opportunity_delta_previous":0.0,"environmental_exposure_delta_previous":-0.017,"fairness_score_delta_previous":0.017,"dominant_metric":"population_pressure","dominant_change":"worsened","confidence":"high","evidence":["NISRA population/census totals","OSM building density and development-zone proxy","Planning/local development source inventory"]},"geometry":{"type":"Polygon","coordinates":[[[-5.902727,54.571429],[-5.889091,54.571429],[-5.889091,54.584286],[-5.902727,54.584286],[-5.902727,54.571429]]]}},{"type":"Feature","id":"belfast_04_14_2026","properties":{"cell_id":"belfast_04_14","year":2026,"row":4,"col":14,"population_pressure":0.508,"mobility_strain":0.497,"economic_opportunity":0.282,"environmental_exposure":0.436,"fairness_score":0.436,"development_pressure":0.425,"green_cover":0.59,"bike_access":0.163,"transit_access":0.341,"traffic_pressure":0.373,"planning_intensity":0.34,"deprivation_weight":0.0,"bike_trip_index":0.235,"tree_canopy_context":1.0,"civic_service_context":0.4,"population_pressure_delta_2016":0.185,"mobility_strain_delta_2016":0.038,"economic_opportunity_delta_2016":-0.002,"environmental_exposure_delta_2016":0.182,"fairness_score_delta_2016":-0.012,"population_pressure_delta_previous":-0.124,"mobility_strain_delta_previous":-0.059,"economic_opportunity_delta_previous":0.0,"environmental_exposure_delta_previous":-0.028,"fairness_score_delta_previous":0.018,"dominant_metric":"population_pressure","dominant_change":"worsened","confidence":"high","evidence":["NISRA population/census totals","OSM building density and development-zone proxy","Planning/local development source inventory"]},"geometry":{"type":"Polygon","coordinates":[[[-5.889091,54.571429],[-5.875455,54.571429],[-5.875455,54.584286],[-5.889091,54.584286],[-5.889091,54.571429]]]}},{"type":"Feature","id":"belfast_04_15_2026","properties":{"cell_id":"belfast_04_15","year":2026,"row":4,"col":15,"population_pressure":0.401,"mobility_strain":0.472,"economic_opportunity":0.142,"environmental_exposure":0.396,"fairness_score":0.401,"development_pressure":0.282,"green_cover":0.631,"bike_access":0.103,"transit_access":0.229,"traffic_pressure":0.279,"planning_intensity":0.223,"deprivation_weight":0.0,"bike_trip_index":0.235,"tree_canopy_context":1.0,"civic_service_context":0.2,"population_pressure_delta_2016":0.132,"mobility_strain_delta_2016":0.017,"economic_opportunity_delta_2016":-0.001,"environmental_exposure_delta_2016":0.157,"fairness_score_delta_2016":-0.005,"population_pressure_delta_previous":-0.129,"mobility_strain_delta_previous":-0.061,"economic_opportunity_delta_previous":0.0,"environmental_exposure_delta_previous":-0.032,"fairness_score_delta_previous":0.018,"dominant_metric":"environmental_exposure","dominant_change":"worsened","confidence":"high","evidence":["NI Air Belfast Centre hourly archive","BCCAQ monitoring-site inventory","NDVI/NDBI raster source availability","Tree inventory, road-pressure and River Lagan exposure proxy"]},"geometry":{"type":"Polygon","coordinates":[[[-5.875455,54.571429],[-5.861819,54.571429],[-5.861819,54.584286],[-5.875455,54.584286],[-5.875455,54.571429]]]}},{"type":"Feature","id":"belfast_04_16_2026","properties":{"cell_id":"belfast_04_16","year":2026,"row":4,"col":16,"population_pressure":0.289,"mobility_strain":0.428,"economic_opportunity":0.069,"environmental_exposure":0.386,"fairness_score":0.392,"development_pressure":0.134,"green_cover":0.573,"bike_access":0.056,"transit_access":0.193,"traffic_pressure":0.182,"planning_intensity":0.1,"deprivation_weight":0.0,"bike_trip_index":0.235,"tree_canopy_context":0.718,"civic_service_context":0.0,"population_pressure_delta_2016":0.073,"mobility_strain_delta_2016":-0.004,"economic_opportunity_delta_2016":0.0,"environmental_exposure_delta_2016":0.134,"fairness_score_delta_2016":0.001,"population_pressure_delta_previous":-0.131,"mobility_strain_delta_previous":-0.06,"economic_opportunity_delta_previous":0.0,"environmental_exposure_delta_previous":-0.028,"fairness_score_delta_previous":0.018,"dominant_metric":"environmental_exposure","dominant_change":"worsened","confidence":"high","evidence":["NI Air Belfast Centre hourly archive","BCCAQ monitoring-site inventory","NDVI/NDBI raster source availability","Tree inventory, road-pressure and River Lagan exposure proxy"]},"geometry":{"type":"Polygon","coordinates":[[[-5.861818,54.571429],[-5.848182,54.571429],[-5.848182,54.584286],[-5.861818,54.584286],[-5.861818,54.571429]]]}},{"type":"Feature","id":"belfast_04_17_2026","properties":{"cell_id":"belfast_04_17","year":2026,"row":4,"col":17,"population_pressure":0.249,"mobility_strain":0.408,"economic_opportunity":0.06,"environmental_exposure":0.387,"fairness_score":0.396,"development_pressure":0.085,"green_cover":0.534,"bike_access":0.05,"transit_access":0.18,"traffic_pressure":0.143,"planning_intensity":0.063,"deprivation_weight":0.0,"bike_trip_index":0.235,"tree_canopy_context":0.588,"civic_service_context":0.0,"population_pressure_delta_2016":0.048,"mobility_strain_delta_2016":-0.013,"economic_opportunity_delta_2016":0.0,"environmental_exposure_delta_2016":0.133,"fairness_score_delta_2016":0.004,"population_pressure_delta_previous":-0.127,"mobility_strain_delta_previous":-0.058,"economic_opportunity_delta_previous":0.0,"environmental_exposure_delta_previous":-0.019,"fairness_score_delta_previous":0.018,"dominant_metric":"environmental_exposure","dominant_change":"worsened","confidence":"high","evidence":["NI Air Belfast Centre hourly archive","BCCAQ monitoring-site inventory","NDVI/NDBI raster source availability","Tree inventory, road-pressure and River Lagan exposure proxy"]},"geometry":{"type":"Polygon","coordinates":[[[-5.848182,54.571429],[-5.834546,54.571429],[-5.834546,54.584286],[-5.848182,54.584286],[-5.848182,54.571429]]]}},{"type":"Feature","id":"belfast_04_18_2026","properties":{"cell_id":"belfast_04_18","year":2026,"row":4,"col":18,"population_pressure":0.254,"mobility_strain":0.418,"economic_opportunity":0.06,"environmental_exposure":0.456,"fairness_score":0.393,"development_pressure":0.095,"green_cover":0.325,"bike_access":0.05,"transit_access":0.18,"traffic_pressure":0.163,"planning_intensity":0.068,"deprivation_weight":0.0,"bike_trip_index":0.235,"tree_canopy_context":0.0,"civic_service_context":0.0,"population_pressure_delta_2016":0.048,"mobility_strain_delta_2016":-0.011,"economic_opportunity_delta_2016":0.0,"environmental_exposure_delta_2016":0.151,"fairness_score_delta_2016":0.004,"population_pressure_delta_previous":-0.122,"mobility_strain_delta_previous":-0.056,"economic_opportunity_delta_previous":0.0,"environmental_exposure_delta_previous":-0.013,"fairness_score_delta_previous":0.017,"dominant_metric":"environmental_exposure","dominant_change":"worsened","confidence":"high","evidence":["NI Air Belfast Centre hourly archive","BCCAQ monitoring-site inventory","NDVI/NDBI raster source availability","Tree inventory, road-pressure and River Lagan exposure proxy"]},"geometry":{"type":"Polygon","coordinates":[[[-5.834545,54.571429],[-5.820909,54.571429],[-5.820909,54.584286],[-5.834545,54.584286],[-5.834545,54.571429]]]}},{"type":"Feature","id":"belfast_04_19_2026","properties":{"cell_id":"belfast_04_19","year":2026,"row":4,"col":19,"population_pressure":0.266,"mobility_strain":0.423,"economic_opportunity":0.06,"environmental_exposure":0.463,"fairness_score":0.391,"development_pressure":0.117,"green_cover":0.301,"bike_access":0.05,"transit_access":0.18,"traffic_pressure":0.169,"planning_intensity":0.079,"deprivation_weight":0.0,"bike_trip_index":0.235,"tree_canopy_context":0.0,"civic_service_context":0.0,"population_pressure_delta_2016":0.064,"mobility_strain_delta_2016":-0.004,"economic_opportunity_delta_2016":0.0,"environmental_exposure_delta_2016":0.167,"fairness_score_delta_2016":0.001,"population_pressure_delta_previous":-0.119,"mobility_strain_delta_previous":-0.055,"economic_opportunity_delta_previous":0.0,"environmental_exposure_delta_previous":-0.016,"fairness_score_delta_previous":0.016,"dominant_metric":"environmental_exposure","dominant_change":"worsened","confidence":"high","evidence":["NI Air Belfast Centre hourly archive","BCCAQ monitoring-site inventory","NDVI/NDBI raster source availability","Tree inventory, road-pressure and River Lagan exposure proxy"]},"geometry":{"type":"Polygon","coordinates":[[[-5.820909,54.571429],[-5.807273,54.571429],[-5.807273,54.584286],[-5.820909,54.584286],[-5.820909,54.571429]]]}},{"type":"Feature","id":"belfast_04_20_2026","properties":{"cell_id":"belfast_04_20","year":2026,"row":4,"col":20,"population_pressure":0.278,"mobility_strain":0.428,"economic_opportunity":0.06,"environmental_exposure":0.462,"fairness_score":0.39,"development_pressure":0.14,"green_cover":0.305,"bike_access":0.05,"transit_access":0.18,"traffic_pressure":0.172,"planning_intensity":0.09,"deprivation_weight":0.0,"bike_trip_index":0.235,"tree_canopy_context":0.0,"civic_service_context":0.0,"population_pressure_delta_2016":0.086,"mobility_strain_delta_2016":0.005,"economic_opportunity_delta_2016":0.0,"environmental_exposure_delta_2016":0.17,"fairness_score_delta_2016":-0.001,"population_pressure_delta_previous":-0.12,"mobility_strain_delta_previous":-0.056,"economic_opportunity_delta_previous":0.0,"environmental_exposure_delta_previous":-0.025,"fairness_score_delta_previous":0.017,"dominant_metric":"environmental_exposure","dominant_change":"worsened","confidence":"high","evidence":["NI Air Belfast Centre hourly archive","BCCAQ monitoring-site inventory","NDVI/NDBI raster source availability","Tree inventory, road-pressure and River Lagan exposure proxy"]},"geometry":{"type":"Polygon","coordinates":[[[-5.807273,54.571429],[-5.793637,54.571429],[-5.793637,54.584286],[-5.807273,54.584286],[-5.807273,54.571429]]]}},{"type":"Feature","id":"belfast_04_21_2026","properties":{"cell_id":"belfast_04_21","year":2026,"row":4,"col":21,"population_pressure":0.285,"mobility_strain":0.429,"economic_opportunity":0.06,"environmental_exposure":0.454,"fairness_score":0.389,"development_pressure":0.154,"green_cover":0.329,"bike_access":0.05,"transit_access":0.18,"traffic_pressure":0.172,"planning_intensity":0.097,"deprivation_weight":0.0,"bike_trip_index":0.235,"tree_canopy_context":0.0,"civic_service_context":0.0,"population_pressure_delta_2016":0.106,"mobility_strain_delta_2016":0.01,"economic_opportunity_delta_2016":0.0,"environmental_exposure_delta_2016":0.157,"fairness_score_delta_2016":-0.003,"population_pressure_delta_previous":-0.124,"mobility_strain_delta_previous":-0.058,"economic_opportunity_delta_previous":0.0,"environmental_exposure_delta_previous":-0.032,"fairness_score_delta_previous":0.017,"dominant_metric":"environmental_exposure","dominant_change":"worsened","confidence":"high","evidence":["NI Air Belfast Centre hourly archive","BCCAQ monitoring-site inventory","NDVI/NDBI raster source availability","Tree inventory, road-pressure and River Lagan exposure proxy"]},"geometry":{"type":"Polygon","coordinates":[[[-5.793636,54.571429],[-5.78,54.571429],[-5.78,54.584286],[-5.793636,54.584286],[-5.793636,54.571429]]]}},{"type":"Feature","id":"belfast_05_00_2026","properties":{"cell_id":"belfast_05_00","year":2026,"row":5,"col":0,"population_pressure":0.278,"mobility_strain":0.428,"economic_opportunity":0.06,"environmental_exposure":0.465,"fairness_score":0.39,"development_pressure":0.139,"green_cover":0.297,"bike_access":0.05,"transit_access":0.18,"traffic_pressure":0.173,"planning_intensity":0.09,"deprivation_weight":0.0,"bike_trip_index":0.235,"tree_canopy_context":0.0,"civic_service_context":0.0,"population_pressure_delta_2016":0.086,"mobility_strain_delta_2016":0.005,"economic_opportunity_delta_2016":0.0,"environmental_exposure_delta_2016":0.169,"fairness_score_delta_2016":-0.001,"population_pressure_delta_previous":-0.119,"mobility_strain_delta_previous":-0.055,"economic_opportunity_delta_previous":0.0,"environmental_exposure_delta_previous":-0.015,"fairness_score_delta_previous":0.017,"dominant_metric":"environmental_exposure","dominant_change":"worsened","confidence":"high","evidence":["NI Air Belfast Centre hourly archive","BCCAQ monitoring-site inventory","NDVI/NDBI raster source availability","Tree inventory, road-pressure and River Lagan exposure proxy"]},"geometry":{"type":"Polygon","coordinates":[[[-6.08,54.584286],[-6.066364,54.584286],[-6.066364,54.597143],[-6.08,54.597143],[-6.08,54.584286]]]}},{"type":"Feature","id":"belfast_05_01_2026","properties":{"cell_id":"belfast_05_01","year":2026,"row":5,"col":1,"population_pressure":0.285,"mobility_strain":0.43,"economic_opportunity":0.06,"environmental_exposure":0.464,"fairness_score":0.389,"development_pressure":0.154,"green_cover":0.298,"bike_access":0.05,"transit_access":0.18,"traffic_pressure":0.175,"planning_intensity":0.097,"deprivation_weight":0.0,"bike_trip_index":0.235,"tree_canopy_context":0.0,"civic_service_context":0.0,"population_pressure_delta_2016":0.106,"mobility_strain_delta_2016":0.012,"economic_opportunity_delta_2016":0.0,"environmental_exposure_delta_2016":0.173,"fairness_score_delta_2016":-0.004,"population_pressure_delta_previous":-0.123,"mobility_strain_delta_previous":-0.058,"economic_opportunity_delta_previous":0.0,"environmental_exposure_delta_previous":-0.024,"fairness_score_delta_previous":0.017,"dominant_metric":"environmental_exposure","dominant_change":"worsened","confidence":"high","evidence":["NI Air Belfast Centre hourly archive","BCCAQ monitoring-site inventory","NDVI/NDBI raster source availability","Tree inventory, road-pressure and River Lagan exposure proxy"]},"geometry":{"type":"Polygon","coordinates":[[[-6.066364,54.584286],[-6.052728,54.584286],[-6.052728,54.597143],[-6.066364,54.597143],[-6.066364,54.584286]]]}},{"type":"Feature","id":"belfast_05_02_2026","properties":{"cell_id":"belfast_05_02","year":2026,"row":5,"col":2,"population_pressure":0.284,"mobility_strain":0.429,"economic_opportunity":0.06,"environmental_exposure":0.455,"fairness_score":0.389,"development_pressure":0.152,"green_cover":0.325,"bike_access":0.05,"transit_access":0.18,"traffic_pressure":0.172,"planning_intensity":0.096,"deprivation_weight":0.0,"bike_trip_index":0.235,"tree_canopy_context":0.0,"civic_service_context":0.0,"population_pressure_delta_2016":0.114,"mobility_strain_delta_2016":0.013,"economic_opportunity_delta_2016":0.0,"environmental_exposure_delta_2016":0.16,"fairness_score_delta_2016":-0.004,"population_pressure_delta_previous":-0.128,"mobility_strain_delta_previous":-0.06,"economic_opportunity_delta_previous":0.0,"environmental_exposure_delta_previous":-0.032,"fairness_score_delta_previous":0.018,"dominant_metric":"environmental_exposure","dominant_change":"worsened","confidence":"high","evidence":["NI Air Belfast Centre hourly archive","BCCAQ monitoring-site inventory","NDVI/NDBI raster source availability","Tree inventory, road-pressure and River Lagan exposure proxy"]},"geometry":{"type":"Polygon","coordinates":[[[-6.052727,54.584286],[-6.039091,54.584286],[-6.039091,54.597143],[-6.052727,54.597143],[-6.052727,54.584286]]]}},{"type":"Feature","id":"belfast_05_03_2026","properties":{"cell_id":"belfast_05_03","year":2026,"row":5,"col":3,"population_pressure":0.275,"mobility_strain":0.425,"economic_opportunity":0.06,"environmental_exposure":0.446,"fairness_score":0.367,"development_pressure":0.135,"green_cover":0.353,"bike_access":0.05,"transit_access":0.18,"traffic_pressure":0.167,"planning_intensity":0.088,"deprivation_weight":0.157,"bike_trip_index":0.235,"tree_canopy_context":0.0,"civic_service_context":0.0,"population_pressure_delta_2016":0.106,"mobility_strain_delta_2016":0.009,"economic_opportunity_delta_2016":0.0,"environmental_exposure_delta_2016":0.141,"fairness_score_delta_2016":-0.002,"population_pressure_delta_previous":-0.133,"mobility_strain_delta_previous":-0.061,"economic_opportunity_delta_previous":0.0,"environmental_exposure_delta_previous":-0.032,"fairness_score_delta_previous":0.019,"dominant_metric":"environmental_exposure","dominant_change":"worsened","confidence":"high","evidence":["NI Air Belfast Centre hourly archive","BCCAQ monitoring-site inventory","NDVI/NDBI raster source availability","Tree inventory, road-pressure and River Lagan exposure proxy"]},"geometry":{"type":"Polygon","coordinates":[[[-6.039091,54.584286],[-6.025455,54.584286],[-6.025455,54.597143],[-6.039091,54.597143],[-6.039091,54.584286]]]}},{"type":"Feature","id":"belfast_05_04_2026","properties":{"cell_id":"belfast_05_04","year":2026,"row":5,"col":4,"population_pressure":0.263,"mobility_strain":0.417,"economic_opportunity":0.06,"environmental_exposure":0.421,"fairness_score":0.341,"development_pressure":0.112,"green_cover":0.431,"bike_access":0.05,"transit_access":0.18,"traffic_pressure":0.156,"planning_intensity":0.076,"deprivation_weight":0.346,"bike_trip_index":0.235,"tree_canopy_context":0.0,"civic_service_context":0.0,"population_pressure_delta_2016":0.087,"mobility_strain_delta_2016":0.0,"economic_opportunity_delta_2016":0.0,"environmental_exposure_delta_2016":0.135,"fairness_score_delta_2016":0.0,"population_pressure_delta_previous":-0.134,"mobility_strain_delta_previous":-0.061,"economic_opportunity_delta_previous":0.0,"environmental_exposure_delta_previous":-0.024,"fairness_score_delta_previous":0.019,"dominant_metric":"environmental_exposure","dominant_change":"worsened","confidence":"high","evidence":["NI Air Belfast Centre hourly archive","BCCAQ monitoring-site inventory","NDVI/NDBI raster source availability","Tree inventory, road-pressure and River Lagan exposure proxy"]},"geometry":{"type":"Polygon","coordinates":[[[-6.025455,54.584286],[-6.011819,54.584286],[-6.011819,54.597143],[-6.025455,54.597143],[-6.025455,54.584286]]]}},{"type":"Feature","id":"belfast_05_05_2026","properties":{"cell_id":"belfast_05_05","year":2026,"row":5,"col":5,"population_pressure":0.286,"mobility_strain":0.415,"economic_opportunity":0.094,"environmental_exposure":0.417,"fairness_score":0.33,"development_pressure":0.11,"green_cover":0.488,"bike_access":0.065,"transit_access":0.262,"traffic_pressure":0.196,"planning_intensity":0.066,"deprivation_weight":0.53,"bike_trip_index":0.235,"tree_canopy_context":0.0,"civic_service_context":0.0,"population_pressure_delta_2016":0.063,"mobility_strain_delta_2016":-0.007,"economic_opportunity_delta_2016":0.0,"environmental_exposure_delta_2016":0.144,"fairness_score_delta_2016":0.001,"population_pressure_delta_previous":-0.132,"mobility_strain_delta_previous":-0.06,"economic_opportunity_delta_previous":0.0,"environmental_exposure_delta_previous":-0.016,"fairness_score_delta_previous":0.017,"dominant_metric":"environmental_exposure","dominant_change":"worsened","confidence":"high","evidence":["NI Air Belfast Centre hourly archive","BCCAQ monitoring-site inventory","NDVI/NDBI raster source availability","Tree inventory, road-pressure and River Lagan exposure proxy"]},"geometry":{"type":"Polygon","coordinates":[[[-6.011818,54.584286],[-5.998182,54.584286],[-5.998182,54.597143],[-6.011818,54.597143],[-6.011818,54.584286]]]}},{"type":"Feature","id":"belfast_05_06_2026","properties":{"cell_id":"belfast_05_06","year":2026,"row":5,"col":6,"population_pressure":0.369,"mobility_strain":0.412,"economic_opportunity":0.211,"environmental_exposure":0.396,"fairness_score":0.359,"development_pressure":0.205,"green_cover":0.634,"bike_access":0.156,"transit_access":0.401,"traffic_pressure":0.262,"planning_intensity":0.146,"deprivation_weight":0.698,"bike_trip_index":0.235,"tree_canopy_context":1.0,"civic_service_context":0.2,"population_pressure_delta_2016":0.074,"mobility_strain_delta_2016":0.001,"economic_opportunity_delta_2016":-0.002,"environmental_exposure_delta_2016":0.165,"fairness_score_delta_2016":-0.001,"population_pressure_delta_previous":-0.125,"mobility_strain_delta_previous":-0.056,"economic_opportunity_delta_previous":0.0,"environmental_exposure_delta_previous":-0.014,"fairness_score_delta_previous":0.017,"dominant_metric":"environmental_exposure","dominant_change":"worsened","confidence":"high","evidence":["NI Air Belfast Centre hourly archive","BCCAQ monitoring-site inventory","NDVI/NDBI raster source availability","Tree inventory, road-pressure and River Lagan exposure proxy"]},"geometry":{"type":"Polygon","coordinates":[[[-5.998182,54.584286],[-5.984546,54.584286],[-5.984546,54.597143],[-5.998182,54.597143],[-5.998182,54.584286]]]}},{"type":"Feature","id":"belfast_05_07_2026","properties":{"cell_id":"belfast_05_07","year":2026,"row":5,"col":7,"population_pressure":0.481,"mobility_strain":0.43,"economic_opportunity":0.362,"environmental_exposure":0.44,"fairness_score":0.404,"development_pressure":0.349,"green_cover":0.594,"bike_access":0.245,"transit_access":0.539,"traffic_pressure":0.363,"planning_intensity":0.269,"deprivation_weight":0.807,"bike_trip_index":0.235,"tree_canopy_context":1.0,"civic_service_context":0.2,"population_pressure_delta_2016":0.111,"mobility_strain_delta_2016":0.016,"economic_opportunity_delta_2016":-0.003,"environmental_exposure_delta_2016":0.179,"fairness_score_delta_2016":-0.006,"population_pressure_delta_previous":-0.116,"mobility_strain_delta_previous":-0.054,"economic_opportunity_delta_previous":0.0,"environmental_exposure_delta_previous":-0.02,"fairness_score_delta_previous":0.016,"dominant_metric":"environmental_exposure","dominant_change":"worsened","confidence":"high","evidence":["NI Air Belfast Centre hourly archive","BCCAQ monitoring-site inventory","NDVI/NDBI raster source availability","Tree inventory, road-pressure and River Lagan exposure proxy"]},"geometry":{"type":"Polygon","coordinates":[[[-5.984545,54.584286],[-5.970909,54.584286],[-5.970909,54.597143],[-5.984545,54.597143],[-5.984545,54.584286]]]}},{"type":"Feature","id":"belfast_05_08_2026","properties":{"cell_id":"belfast_05_08","year":2026,"row":5,"col":8,"population_pressure":0.609,"mobility_strain":0.457,"economic_opportunity":0.527,"environmental_exposure":0.477,"fairness_score":0.467,"development_pressure":0.522,"green_cover":0.581,"bike_access":0.322,"transit_access":0.677,"traffic_pressure":0.471,"planning_intensity":0.415,"deprivation_weight":0.754,"bike_trip_index":0.235,"tree_canopy_context":1.0,"civic_service_context":0.4,"population_pressure_delta_2016":0.168,"mobility_strain_delta_2016":0.035,"economic_opportunity_delta_2016":-0.004,"environmental_exposure_delta_2016":0.179,"fairness_score_delta_2016":-0.012,"population_pressure_delta_previous":-0.109,"mobility_strain_delta_previous":-0.053,"economic_opportunity_delta_previous":0.0,"environmental_exposure_delta_previous":-0.027,"fairness_score_delta_previous":0.016,"dominant_metric":"environmental_exposure","dominant_change":"worsened","confidence":"high","evidence":["NI Air Belfast Centre hourly archive","BCCAQ monitoring-site inventory","NDVI/NDBI raster source availability","Tree inventory, road-pressure and River Lagan exposure proxy"]},"geometry":{"type":"Polygon","coordinates":[[[-5.970909,54.584286],[-5.957273,54.584286],[-5.957273,54.597143],[-5.970909,54.597143],[-5.970909,54.584286]]]}},{"type":"Feature","id":"belfast_05_09_2026","properties":{"cell_id":"belfast_05_09","year":2026,"row":5,"col":9,"population_pressure":0.739,"mobility_strain":0.487,"economic_opportunity":0.71,"environmental_exposure":0.527,"fairness_score":0.533,"development_pressure":0.688,"green_cover":0.621,"bike_access":0.405,"transit_access":0.771,"traffic_pressure":0.572,"planning_intensity":0.598,"deprivation_weight":0.6,"bike_trip_index":0.235,"tree_canopy_context":1.0,"civic_service_context":1.0,"population_pressure_delta_2016":0.231,"mobility_strain_delta_2016":0.056,"economic_opportunity_delta_2016":-0.005,"environmental_exposure_delta_2016":0.171,"fairness_score_delta_2016":-0.018,"population_pressure_delta_previous":-0.105,"mobility_strain_delta_previous":-0.052,"economic_opportunity_delta_previous":0.0,"environmental_exposure_delta_previous":-0.027,"fairness_score_delta_previous":0.016,"dominant_metric":"population_pressure","dominant_change":"worsened","confidence":"high","evidence":["NISRA population/census totals","OSM building density and development-zone proxy","Planning/local development source inventory"]},"geometry":{"type":"Polygon","coordinates":[[[-5.957273,54.584286],[-5.943637,54.584286],[-5.943637,54.597143],[-5.957273,54.597143],[-5.957273,54.584286]]]}},{"type":"Feature","id":"belfast_05_10_2026","properties":{"cell_id":"belfast_05_10","year":2026,"row":5,"col":10,"population_pressure":0.845,"mobility_strain":0.551,"economic_opportunity":0.75,"environmental_exposure":0.65,"fairness_score":0.526,"development_pressure":0.819,"green_cover":0.661,"bike_access":0.414,"transit_access":0.726,"traffic_pressure":0.665,"planning_intensity":0.768,"deprivation_weight":0.523,"bike_trip_index":0.235,"tree_canopy_context":1.0,"civic_service_context":1.0,"population_pressure_delta_2016":0.284,"mobility_strain_delta_2016":0.072,"economic_opportunity_delta_2016":-0.006,"environmental_exposure_delta_2016":0.169,"fairness_score_delta_2016":-0.024,"population_pressure_delta_previous":-0.07,"mobility_strain_delta_previous":-0.036,"economic_opportunity_delta_previous":0.0,"environmental_exposure_delta_previous":-0.015,"fairness_score_delta_previous":0.011,"dominant_metric":"population_pressure","dominant_change":"worsened","confidence":"high","evidence":["NISRA population/census totals","OSM building density and development-zone proxy","Planning/local development source inventory"]},"geometry":{"type":"Polygon","coordinates":[[[-5.943636,54.584286],[-5.93,54.584286],[-5.93,54.597143],[-5.943636,54.597143],[-5.943636,54.584286]]]}},{"type":"Feature","id":"belfast_05_11_2026","properties":{"cell_id":"belfast_05_11","year":2026,"row":5,"col":11,"population_pressure":0.852,"mobility_strain":0.551,"economic_opportunity":0.757,"environmental_exposure":0.678,"fairness_score":0.537,"development_pressure":0.827,"green_cover":0.676,"bike_access":0.414,"transit_access":0.737,"traffic_pressure":0.667,"planning_intensity":0.794,"deprivation_weight":0.393,"bike_trip_index":0.235,"tree_canopy_context":1.0,"civic_service_context":1.0,"population_pressure_delta_2016":0.295,"mobility_strain_delta_2016":0.078,"economic_opportunity_delta_2016":-0.006,"environmental_exposure_delta_2016":0.179,"fairness_score_delta_2016":-0.025,"population_pressure_delta_previous":-0.067,"mobility_strain_delta_previous":-0.033,"economic_opportunity_delta_previous":0.0,"environmental_exposure_delta_previous":-0.006,"fairness_score_delta_previous":0.01,"dominant_metric":"population_pressure","dominant_change":"worsened","confidence":"high","evidence":["NISRA population/census totals","OSM building density and development-zone proxy","Planning/local development source inventory"]},"geometry":{"type":"Polygon","coordinates":[[[-5.93,54.584286],[-5.916364,54.584286],[-5.916364,54.597143],[-5.93,54.597143],[-5.93,54.584286]]]}},{"type":"Feature","id":"belfast_05_12_2026","properties":{"cell_id":"belfast_05_12","year":2026,"row":5,"col":12,"population_pressure":0.807,"mobility_strain":0.541,"economic_opportunity":0.733,"environmental_exposure":0.585,"fairness_score":0.539,"development_pressure":0.795,"green_cover":0.586,"bike_access":0.405,"transit_access":0.697,"traffic_pressure":0.631,"planning_intensity":0.728,"deprivation_weight":0.268,"bike_trip_index":0.235,"tree_canopy_context":1.0,"civic_service_context":1.0,"population_pressure_delta_2016":0.287,"mobility_strain_delta_2016":0.076,"economic_opportunity_delta_2016":-0.006,"environmental_exposure_delta_2016":0.196,"fairness_score_delta_2016":-0.025,"population_pressure_delta_previous":-0.082,"mobility_strain_delta_previous":-0.04,"economic_opportunity_delta_previous":0.0,"environmental_exposure_delta_previous":-0.004,"fairness_score_delta_previous":0.012,"dominant_metric":"population_pressure","dominant_change":"worsened","confidence":"high","evidence":["NISRA population/census totals","OSM building density and development-zone proxy","Planning/local development source inventory"]},"geometry":{"type":"Polygon","coordinates":[[[-5.916364,54.584286],[-5.902728,54.584286],[-5.902728,54.597143],[-5.916364,54.597143],[-5.916364,54.584286]]]}},{"type":"Feature","id":"belfast_05_13_2026","properties":{"cell_id":"belfast_05_13","year":2026,"row":5,"col":13,"population_pressure":0.684,"mobility_strain":0.516,"economic_opportunity":0.587,"environmental_exposure":0.489,"fairness_score":0.497,"development_pressure":0.643,"green_cover":0.591,"bike_access":0.337,"transit_access":0.58,"traffic_pressure":0.534,"planning_intensity":0.545,"deprivation_weight":0.278,"bike_trip_index":0.235,"tree_canopy_context":1.0,"civic_service_context":0.8,"population_pressure_delta_2016":0.232,"mobility_strain_delta_2016":0.058,"economic_opportunity_delta_2016":-0.005,"environmental_exposure_delta_2016":0.197,"fairness_score_delta_2016":-0.019,"population_pressure_delta_previous":-0.119,"mobility_strain_delta_previous":-0.056,"economic_opportunity_delta_previous":0.0,"environmental_exposure_delta_previous":-0.018,"fairness_score_delta_previous":0.017,"dominant_metric":"population_pressure","dominant_change":"worsened","confidence":"high","evidence":["NISRA population/census totals","OSM building density and development-zone proxy","Planning/local development source inventory"]},"geometry":{"type":"Polygon","coordinates":[[[-5.902727,54.584286],[-5.889091,54.584286],[-5.889091,54.597143],[-5.902727,54.597143],[-5.902727,54.584286]]]}},{"type":"Feature","id":"belfast_05_14_2026","properties":{"cell_id":"belfast_05_14","year":2026,"row":5,"col":14,"population_pressure":0.581,"mobility_strain":0.494,"economic_opportunity":0.433,"environmental_exposure":0.461,"fairness_score":0.457,"development_pressure":0.512,"green_cover":0.592,"bike_access":0.268,"transit_access":0.469,"traffic_pressure":0.443,"planning_intensity":0.438,"deprivation_weight":0.237,"bike_trip_index":0.235,"tree_canopy_context":1.0,"civic_service_context":0.6,"population_pressure_delta_2016":0.179,"mobility_strain_delta_2016":0.037,"economic_opportunity_delta_2016":-0.004,"environmental_exposure_delta_2016":0.183,"fairness_score_delta_2016":-0.012,"population_pressure_delta_previous":-0.12,"mobility_strain_delta_previous":-0.058,"economic_opportunity_delta_previous":0.0,"environmental_exposure_delta_previous":-0.027,"fairness_score_delta_previous":0.017,"dominant_metric":"environmental_exposure","dominant_change":"worsened","confidence":"high","evidence":["NI Air Belfast Centre hourly archive","BCCAQ monitoring-site inventory","NDVI/NDBI raster source availability","Tree inventory, road-pressure and River Lagan exposure proxy"]},"geometry":{"type":"Polygon","coordinates":[[[-5.889091,54.584286],[-5.875455,54.584286],[-5.875455,54.597143],[-5.889091,54.597143],[-5.889091,54.584286]]]}},{"type":"Feature","id":"belfast_05_15_2026","properties":{"cell_id":"belfast_05_15","year":2026,"row":5,"col":15,"population_pressure":0.483,"mobility_strain":0.479,"economic_opportunity":0.298,"environmental_exposure":0.421,"fairness_score":0.427,"development_pressure":0.39,"green_cover":0.627,"bike_access":0.181,"transit_access":0.349,"traffic_pressure":0.351,"planning_intensity":0.337,"deprivation_weight":0.152,"bike_trip_index":0.235,"tree_canopy_context":1.0,"civic_service_context":0.4,"population_pressure_delta_2016":0.134,"mobility_strain_delta_2016":0.018,"economic_opportunity_delta_2016":-0.002,"environmental_exposure_delta_2016":0.158,"fairness_score_delta_2016":-0.006,"population_pressure_delta_previous":-0.118,"mobility_strain_delta_previous":-0.057,"economic_opportunity_delta_previous":0.0,"environmental_exposure_delta_previous":-0.031,"fairness_score_delta_previous":0.017,"dominant_metric":"environmental_exposure","dominant_change":"worsened","confidence":"high","evidence":["NI Air Belfast Centre hourly archive","BCCAQ monitoring-site inventory","NDVI/NDBI raster source availability","Tree inventory, road-pressure and River Lagan exposure proxy"]},"geometry":{"type":"Polygon","coordinates":[[[-5.875455,54.584286],[-5.861819,54.584286],[-5.861819,54.597143],[-5.875455,54.597143],[-5.875455,54.584286]]]}},{"type":"Feature","id":"belfast_05_16_2026","properties":{"cell_id":"belfast_05_16","year":2026,"row":5,"col":16,"population_pressure":0.38,"mobility_strain":0.463,"economic_opportunity":0.129,"environmental_exposure":0.383,"fairness_score":0.395,"development_pressure":0.264,"green_cover":0.65,"bike_access":0.089,"transit_access":0.221,"traffic_pressure":0.254,"planning_intensity":0.223,"deprivation_weight":0.034,"bike_trip_index":0.235,"tree_canopy_context":1.0,"civic_service_context":0.0,"population_pressure_delta_2016":0.096,"mobility_strain_delta_2016":0.002,"economic_opportunity_delta_2016":0.0,"environmental_exposure_delta_2016":0.139,"fairness_score_delta_2016":-0.001,"population_pressure_delta_previous":-0.118,"mobility_strain_delta_previous":-0.056,"economic_opportunity_delta_previous":0.0,"environmental_exposure_delta_previous":-0.026,"fairness_score_delta_previous":0.017,"dominant_metric":"environmental_exposure","dominant_change":"worsened","confidence":"high","evidence":["NI Air Belfast Centre hourly archive","BCCAQ monitoring-site inventory","NDVI/NDBI raster source availability","Tree inventory, road-pressure and River Lagan exposure proxy"]},"geometry":{"type":"Polygon","coordinates":[[[-5.861818,54.584286],[-5.848182,54.584286],[-5.848182,54.597143],[-5.861818,54.597143],[-5.861818,54.584286]]]}},{"type":"Feature","id":"belfast_05_17_2026","properties":{"cell_id":"belfast_05_17","year":2026,"row":5,"col":17,"population_pressure":0.281,"mobility_strain":0.418,"economic_opportunity":0.06,"environmental_exposure":0.354,"fairness_score":0.393,"development_pressure":0.142,"green_cover":0.644,"bike_access":0.05,"transit_access":0.18,"traffic_pressure":0.15,"planning_intensity":0.104,"deprivation_weight":0.0,"bike_trip_index":0.235,"tree_canopy_context":1.0,"civic_service_context":0.0,"population_pressure_delta_2016":0.072,"mobility_strain_delta_2016":-0.005,"economic_opportunity_delta_2016":0.0,"environmental_exposure_delta_2016":0.137,"fairness_score_delta_2016":0.002,"population_pressure_delta_previous":-0.118,"mobility_strain_delta_previous":-0.055,"economic_opportunity_delta_previous":0.0,"environmental_exposure_delta_previous":-0.017,"fairness_score_delta_previous":0.017,"dominant_metric":"environmental_exposure","dominant_change":"worsened","confidence":"high","evidence":["NI Air Belfast Centre hourly archive","BCCAQ monitoring-site inventory","NDVI/NDBI raster source availability","Tree inventory, road-pressure and River Lagan exposure proxy"]},"geometry":{"type":"Polygon","coordinates":[[[-5.848182,54.584286],[-5.834546,54.584286],[-5.834546,54.597143],[-5.848182,54.597143],[-5.848182,54.584286]]]}},{"type":"Feature","id":"belfast_05_18_2026","properties":{"cell_id":"belfast_05_18","year":2026,"row":5,"col":18,"population_pressure":0.278,"mobility_strain":0.415,"economic_opportunity":0.06,"environmental_exposure":0.36,"fairness_score":0.394,"development_pressure":0.14,"green_cover":0.616,"bike_access":0.05,"transit_access":0.18,"traffic_pressure":0.144,"planning_intensity":0.09,"deprivation_weight":0.0,"bike_trip_index":0.235,"tree_canopy_context":1.0,"civic_service_context":0.0,"population_pressure_delta_2016":0.086,"mobility_strain_delta_2016":0.003,"economic_opportunity_delta_2016":0.0,"environmental_exposure_delta_2016":0.156,"fairness_score_delta_2016":0.0,"population_pressure_delta_previous":-0.12,"mobility_strain_delta_previous":-0.055,"economic_opportunity_delta_previous":0.0,"environmental_exposure_delta_previous":-0.012,"fairness_score_delta_previous":0.017,"dominant_metric":"environmental_exposure","dominant_change":"worsened","confidence":"high","evidence":["NI Air Belfast Centre hourly archive","BCCAQ monitoring-site inventory","NDVI/NDBI raster source availability","Tree inventory, road-pressure and River Lagan exposure proxy"]},"geometry":{"type":"Polygon","coordinates":[[[-5.834545,54.584286],[-5.820909,54.584286],[-5.820909,54.597143],[-5.834545,54.597143],[-5.834545,54.584286]]]}},{"type":"Feature","id":"belfast_05_19_2026","properties":{"cell_id":"belfast_05_19","year":2026,"row":5,"col":19,"population_pressure":0.285,"mobility_strain":0.419,"economic_opportunity":0.06,"environmental_exposure":0.367,"fairness_score":0.392,"development_pressure":0.154,"green_cover":0.594,"bike_access":0.05,"transit_access":0.18,"traffic_pressure":0.148,"planning_intensity":0.097,"deprivation_weight":0.0,"bike_trip_index":0.235,"tree_canopy_context":1.0,"civic_service_context":0.0,"population_pressure_delta_2016":0.106,"mobility_strain_delta_2016":0.012,"economic_opportunity_delta_2016":0.0,"environmental_exposure_delta_2016":0.173,"fairness_score_delta_2016":-0.004,"population_pressure_delta_previous":-0.124,"mobility_strain_delta_previous":-0.056,"economic_opportunity_delta_previous":0.0,"environmental_exposure_delta_previous":-0.016,"fairness_score_delta_previous":0.016,"dominant_metric":"environmental_exposure","dominant_change":"worsened","confidence":"high","evidence":["NI Air Belfast Centre hourly archive","BCCAQ monitoring-site inventory","NDVI/NDBI raster source availability","Tree inventory, road-pressure and River Lagan exposure proxy"]},"geometry":{"type":"Polygon","coordinates":[[[-5.820909,54.584286],[-5.807273,54.584286],[-5.807273,54.597143],[-5.820909,54.597143],[-5.820909,54.584286]]]}},{"type":"Feature","id":"belfast_05_20_2026","properties":{"cell_id":"belfast_05_20","year":2026,"row":5,"col":20,"population_pressure":0.284,"mobility_strain":0.428,"economic_opportunity":0.06,"environmental_exposure":0.45,"fairness_score":0.39,"development_pressure":0.152,"green_cover":0.341,"bike_access":0.05,"transit_access":0.18,"traffic_pressure":0.171,"planning_intensity":0.096,"deprivation_weight":0.0,"bike_trip_index":0.235,"tree_canopy_context":0.129,"civic_service_context":0.0,"population_pressure_delta_2016":0.114,"mobility_strain_delta_2016":0.015,"economic_opportunity_delta_2016":0.0,"environmental_exposure_delta_2016":0.173,"fairness_score_delta_2016":-0.004,"population_pressure_delta_previous":-0.128,"mobility_strain_delta_previous":-0.06,"economic_opportunity_delta_previous":0.0,"environmental_exposure_delta_previous":-0.026,"fairness_score_delta_previous":0.018,"dominant_metric":"environmental_exposure","dominant_change":"worsened","confidence":"high","evidence":["NI Air Belfast Centre hourly archive","BCCAQ monitoring-site inventory","NDVI/NDBI raster source availability","Tree inventory, road-pressure and River Lagan exposure proxy"]},"geometry":{"type":"Polygon","coordinates":[[[-5.807273,54.584286],[-5.793637,54.584286],[-5.793637,54.597143],[-5.807273,54.597143],[-5.807273,54.584286]]]}},{"type":"Feature","id":"belfast_05_21_2026","properties":{"cell_id":"belfast_05_21","year":2026,"row":5,"col":21,"population_pressure":0.275,"mobility_strain":0.425,"economic_opportunity":0.06,"environmental_exposure":0.448,"fairness_score":0.391,"development_pressure":0.134,"green_cover":0.348,"bike_access":0.05,"transit_access":0.18,"traffic_pressure":0.167,"planning_intensity":0.087,"deprivation_weight":0.0,"bike_trip_index":0.235,"tree_canopy_context":0.047,"civic_service_context":0.0,"population_pressure_delta_2016":0.106,"mobility_strain_delta_2016":0.01,"economic_opportunity_delta_2016":0.0,"environmental_exposure_delta_2016":0.156,"fairness_score_delta_2016":-0.003,"population_pressure_delta_previous":-0.132,"mobility_strain_delta_previous":-0.061,"economic_opportunity_delta_previous":0.0,"environmental_exposure_delta_previous":-0.033,"fairness_score_delta_previous":0.019,"dominant_metric":"environmental_exposure","dominant_change":"worsened","confidence":"high","evidence":["NI Air Belfast Centre hourly archive","BCCAQ monitoring-site inventory","NDVI/NDBI raster source availability","Tree inventory, road-pressure and River Lagan exposure proxy"]},"geometry":{"type":"Polygon","coordinates":[[[-5.793636,54.584286],[-5.78,54.584286],[-5.78,54.597143],[-5.793636,54.597143],[-5.793636,54.584286]]]}},{"type":"Feature","id":"belfast_06_00_2026","properties":{"cell_id":"belfast_06_00","year":2026,"row":6,"col":0,"population_pressure":0.284,"mobility_strain":0.43,"economic_opportunity":0.06,"environmental_exposure":0.466,"fairness_score":0.389,"development_pressure":0.152,"green_cover":0.294,"bike_access":0.05,"transit_access":0.18,"traffic_pressure":0.175,"planning_intensity":0.096,"deprivation_weight":0.0,"bike_trip_index":0.235,"tree_canopy_context":0.0,"civic_service_context":0.0,"population_pressure_delta_2016":0.114,"mobility_strain_delta_2016":0.015,"economic_opportunity_delta_2016":0.0,"environmental_exposure_delta_2016":0.172,"fairness_score_delta_2016":-0.005,"population_pressure_delta_previous":-0.128,"mobility_strain_delta_previous":-0.058,"economic_opportunity_delta_previous":0.0,"environmental_exposure_delta_previous":-0.016,"fairness_score_delta_previous":0.017,"dominant_metric":"environmental_exposure","dominant_change":"worsened","confidence":"high","evidence":["NI Air Belfast Centre hourly archive","BCCAQ monitoring-site inventory","NDVI/NDBI raster source availability","Tree inventory, road-pressure and River Lagan exposure proxy"]},"geometry":{"type":"Polygon","coordinates":[[[-6.08,54.597143],[-6.066364,54.597143],[-6.066364,54.61],[-6.08,54.61],[-6.08,54.597143]]]}},{"type":"Feature","id":"belfast_06_01_2026","properties":{"cell_id":"belfast_06_01","year":2026,"row":6,"col":1,"population_pressure":0.275,"mobility_strain":0.427,"economic_opportunity":0.06,"environmental_exposure":0.463,"fairness_score":0.39,"development_pressure":0.135,"green_cover":0.303,"bike_access":0.05,"transit_access":0.18,"traffic_pressure":0.171,"planning_intensity":0.088,"deprivation_weight":0.0,"bike_trip_index":0.235,"tree_canopy_context":0.0,"civic_service_context":0.0,"population_pressure_delta_2016":0.106,"mobility_strain_delta_2016":0.013,"economic_opportunity_delta_2016":0.0,"environmental_exposure_delta_2016":0.173,"fairness_score_delta_2016":-0.004,"population_pressure_delta_previous":-0.133,"mobility_strain_delta_previous":-0.06,"economic_opportunity_delta_previous":0.0,"environmental_exposure_delta_previous":-0.025,"fairness_score_delta_previous":0.018,"dominant_metric":"environmental_exposure","dominant_change":"worsened","confidence":"high","evidence":["NI Air Belfast Centre hourly archive","BCCAQ monitoring-site inventory","NDVI/NDBI raster source availability","Tree inventory, road-pressure and River Lagan exposure proxy"]},"geometry":{"type":"Polygon","coordinates":[[[-6.066364,54.597143],[-6.052728,54.597143],[-6.052728,54.61],[-6.066364,54.61],[-6.066364,54.597143]]]}},{"type":"Feature","id":"belfast_06_02_2026","properties":{"cell_id":"belfast_06_02","year":2026,"row":6,"col":2,"population_pressure":0.263,"mobility_strain":0.421,"economic_opportunity":0.06,"environmental_exposure":0.452,"fairness_score":0.392,"development_pressure":0.112,"green_cover":0.335,"bike_access":0.05,"transit_access":0.18,"traffic_pressure":0.165,"planning_intensity":0.076,"deprivation_weight":0.0,"bike_trip_index":0.235,"tree_canopy_context":0.0,"civic_service_context":0.0,"population_pressure_delta_2016":0.087,"mobility_strain_delta_2016":0.003,"economic_opportunity_delta_2016":0.0,"environmental_exposure_delta_2016":0.156,"fairness_score_delta_2016":-0.001,"population_pressure_delta_previous":-0.134,"mobility_strain_delta_previous":-0.062,"economic_opportunity_delta_previous":0.0,"environmental_exposure_delta_previous":-0.033,"fairness_score_delta_previous":0.019,"dominant_metric":"environmental_exposure","dominant_change":"worsened","confidence":"high","evidence":["NI Air Belfast Centre hourly archive","BCCAQ monitoring-site inventory","NDVI/NDBI raster source availability","Tree inventory, road-pressure and River Lagan exposure proxy"]},"geometry":{"type":"Polygon","coordinates":[[[-6.052727,54.597143],[-6.039091,54.597143],[-6.039091,54.61],[-6.052727,54.61],[-6.052727,54.597143]]]}},{"type":"Feature","id":"belfast_06_03_2026","properties":{"cell_id":"belfast_06_03","year":2026,"row":6,"col":3,"population_pressure":0.252,"mobility_strain":0.415,"economic_opportunity":0.06,"environmental_exposure":0.435,"fairness_score":0.388,"development_pressure":0.092,"green_cover":0.387,"bike_access":0.05,"transit_access":0.18,"traffic_pressure":0.157,"planning_intensity":0.066,"deprivation_weight":0.036,"bike_trip_index":0.235,"tree_canopy_context":0.0,"civic_service_context":0.0,"population_pressure_delta_2016":0.063,"mobility_strain_delta_2016":-0.008,"economic_opportunity_delta_2016":0.0,"environmental_exposure_delta_2016":0.136,"fairness_score_delta_2016":0.002,"population_pressure_delta_previous":-0.132,"mobility_strain_delta_previous":-0.061,"economic_opportunity_delta_previous":0.0,"environmental_exposure_delta_previous":-0.032,"fairness_score_delta_previous":0.018,"dominant_metric":"environmental_exposure","dominant_change":"worsened","confidence":"high","evidence":["NI Air Belfast Centre hourly archive","BCCAQ monitoring-site inventory","NDVI/NDBI raster source availability","Tree inventory, road-pressure and River Lagan exposure proxy"]},"geometry":{"type":"Polygon","coordinates":[[[-6.039091,54.597143],[-6.025455,54.597143],[-6.025455,54.61],[-6.039091,54.61],[-6.039091,54.597143]]]}},{"type":"Feature","id":"belfast_06_04_2026","properties":{"cell_id":"belfast_06_04","year":2026,"row":6,"col":4,"population_pressure":0.249,"mobility_strain":0.41,"economic_opportunity":0.06,"environmental_exposure":0.4,"fairness_score":0.366,"development_pressure":0.085,"green_cover":0.493,"bike_access":0.05,"transit_access":0.18,"traffic_pressure":0.146,"planning_intensity":0.063,"deprivation_weight":0.196,"bike_trip_index":0.235,"tree_canopy_context":0.0,"civic_service_context":0.0,"population_pressure_delta_2016":0.049,"mobility_strain_delta_2016":-0.013,"economic_opportunity_delta_2016":0.0,"environmental_exposure_delta_2016":0.129,"fairness_score_delta_2016":0.005,"population_pressure_delta_previous":-0.127,"mobility_strain_delta_previous":-0.058,"economic_opportunity_delta_previous":0.0,"environmental_exposure_delta_previous":-0.023,"fairness_score_delta_previous":0.018,"dominant_metric":"environmental_exposure","dominant_change":"worsened","confidence":"high","evidence":["NI Air Belfast Centre hourly archive","BCCAQ monitoring-site inventory","NDVI/NDBI raster source availability","Tree inventory, road-pressure and River Lagan exposure proxy"]},"geometry":{"type":"Polygon","coordinates":[[[-6.025455,54.597143],[-6.011819,54.597143],[-6.011819,54.61],[-6.025455,54.61],[-6.025455,54.597143]]]}},{"type":"Feature","id":"belfast_06_05_2026","properties":{"cell_id":"belfast_06_05","year":2026,"row":6,"col":5,"population_pressure":0.288,"mobility_strain":0.422,"economic_opportunity":0.084,"environmental_exposure":0.392,"fairness_score":0.35,"development_pressure":0.114,"green_cover":0.566,"bike_access":0.062,"transit_access":0.227,"traffic_pressure":0.193,"planning_intensity":0.067,"deprivation_weight":0.336,"bike_trip_index":0.235,"tree_canopy_context":0.0,"civic_service_context":0.0,"population_pressure_delta_2016":0.048,"mobility_strain_delta_2016":-0.012,"economic_opportunity_delta_2016":0.0,"environmental_exposure_delta_2016":0.143,"fairness_score_delta_2016":0.003,"population_pressure_delta_previous":-0.123,"mobility_strain_delta_previous":-0.056,"economic_opportunity_delta_previous":0.0,"environmental_exposure_delta_previous":-0.014,"fairness_score_delta_previous":0.017,"dominant_metric":"environmental_exposure","dominant_change":"worsened","confidence":"high","evidence":["NI Air Belfast Centre hourly archive","BCCAQ monitoring-site inventory","NDVI/NDBI raster source availability","Tree inventory, road-pressure and River Lagan exposure proxy"]},"geometry":{"type":"Polygon","coordinates":[[[-6.011818,54.597143],[-5.998182,54.597143],[-5.998182,54.61],[-6.011818,54.61],[-6.011818,54.597143]]]}},{"type":"Feature","id":"belfast_06_06_2026","properties":{"cell_id":"belfast_06_06","year":2026,"row":6,"col":6,"population_pressure":0.378,"mobility_strain":0.439,"economic_opportunity":0.133,"environmental_exposure":0.4,"fairness_score":0.35,"development_pressure":0.223,"green_cover":0.617,"bike_access":0.09,"transit_access":0.355,"traffic_pressure":0.271,"planning_intensity":0.148,"deprivation_weight":0.472,"bike_trip_index":0.235,"tree_canopy_context":0.2,"civic_service_context":0.0,"population_pressure_delta_2016":0.085,"mobility_strain_delta_2016":0.003,"economic_opportunity_delta_2016":-0.001,"environmental_exposure_delta_2016":0.167,"fairness_score_delta_2016":-0.001,"population_pressure_delta_previous":-0.117,"mobility_strain_delta_previous":-0.054,"economic_opportunity_delta_previous":0.0,"environmental_exposure_delta_previous":-0.013,"fairness_score_delta_previous":0.016,"dominant_metric":"environmental_exposure","dominant_change":"worsened","confidence":"high","evidence":["NI Air Belfast Centre hourly archive","BCCAQ monitoring-site inventory","NDVI/NDBI raster source availability","Tree inventory, road-pressure and River Lagan exposure proxy"]},"geometry":{"type":"Polygon","coordinates":[[[-5.998182,54.597143],[-5.984546,54.597143],[-5.984546,54.61],[-5.998182,54.61],[-5.998182,54.597143]]]}},{"type":"Feature","id":"belfast_06_07_2026","properties":{"cell_id":"belfast_06_07","year":2026,"row":6,"col":7,"population_pressure":0.51,"mobility_strain":0.474,"economic_opportunity":0.306,"environmental_exposure":0.433,"fairness_score":0.38,"development_pressure":0.401,"green_cover":0.62,"bike_access":0.155,"transit_access":0.473,"traffic_pressure":0.384,"planning_intensity":0.298,"deprivation_weight":0.664,"bike_trip_index":0.235,"tree_canopy_context":1.0,"civic_service_context":0.4,"population_pressure_delta_2016":0.151,"mobility_strain_delta_2016":0.027,"economic_opportunity_delta_2016":-0.001,"environmental_exposure_delta_2016":0.185,"fairness_score_delta_2016":-0.009,"population_pressure_delta_previous":-0.113,"mobility_strain_delta_previous":-0.054,"economic_opportunity_delta_previous":0.0,"environmental_exposure_delta_previous":-0.019,"fairness_score_delta_previous":0.016,"dominant_metric":"environmental_exposure","dominant_change":"worsened","confidence":"high","evidence":["NI Air Belfast Centre hourly archive","BCCAQ monitoring-site inventory","NDVI/NDBI raster source availability","Tree inventory, road-pressure and River Lagan exposure proxy"]},"geometry":{"type":"Polygon","coordinates":[[[-5.984545,54.597143],[-5.970909,54.597143],[-5.970909,54.61],[-5.984545,54.61],[-5.984545,54.597143]]]}},{"type":"Feature","id":"belfast_06_08_2026","properties":{"cell_id":"belfast_06_08","year":2026,"row":6,"col":8,"population_pressure":0.635,"mobility_strain":0.518,"economic_opportunity":0.474,"environmental_exposure":0.469,"fairness_score":0.412,"development_pressure":0.568,"green_cover":0.609,"bike_access":0.199,"transit_access":0.57,"traffic_pressure":0.498,"planning_intensity":0.443,"deprivation_weight":0.845,"bike_trip_index":0.235,"tree_canopy_context":1.0,"civic_service_context":0.8,"population_pressure_delta_2016":0.214,"mobility_strain_delta_2016":0.048,"economic_opportunity_delta_2016":-0.002,"environmental_exposure_delta_2016":0.184,"fairness_score_delta_2016":-0.015,"population_pressure_delta_previous":-0.112,"mobility_strain_delta_previous":-0.054,"economic_opportunity_delta_previous":0.0,"environmental_exposure_delta_previous":-0.027,"fairness_score_delta_previous":0.016,"dominant_metric":"population_pressure","dominant_change":"worsened","confidence":"high","evidence":["NISRA population/census totals","OSM building density and development-zone proxy","Planning/local development source inventory"]},"geometry":{"type":"Polygon","coordinates":[[[-5.970909,54.597143],[-5.957273,54.597143],[-5.957273,54.61],[-5.970909,54.61],[-5.970909,54.597143]]]}},{"type":"Feature","id":"belfast_06_09_2026","properties":{"cell_id":"belfast_06_09","year":2026,"row":6,"col":9,"population_pressure":0.752,"mobility_strain":0.52,"economic_opportunity":0.641,"environmental_exposure":0.49,"fairness_score":0.469,"development_pressure":0.714,"green_cover":0.643,"bike_access":0.405,"transit_access":0.654,"traffic_pressure":0.586,"planning_intensity":0.6,"deprivation_weight":0.894,"bike_trip_index":0.235,"tree_canopy_context":1.0,"civic_service_context":1.0,"population_pressure_delta_2016":0.264,"mobility_strain_delta_2016":0.068,"economic_opportunity_delta_2016":-0.006,"environmental_exposure_delta_2016":0.175,"fairness_score_delta_2016":-0.022,"population_pressure_delta_previous":-0.113,"mobility_strain_delta_previous":-0.055,"economic_opportunity_delta_previous":0.0,"environmental_exposure_delta_previous":-0.029,"fairness_score_delta_previous":0.016,"dominant_metric":"population_pressure","dominant_change":"worsened","confidence":"high","evidence":["NISRA population/census totals","OSM building density and development-zone proxy","Planning/local development source inventory"]},"geometry":{"type":"Polygon","coordinates":[[[-5.957273,54.597143],[-5.943637,54.597143],[-5.943637,54.61],[-5.957273,54.61],[-5.957273,54.597143]]]}},{"type":"Feature","id":"belfast_06_10_2026","properties":{"cell_id":"belfast_06_10","year":2026,"row":6,"col":10,"population_pressure":0.848,"mobility_strain":0.546,"economic_opportunity":0.76,"environmental_exposure":0.614,"fairness_score":0.523,"development_pressure":0.825,"green_cover":0.667,"bike_access":0.415,"transit_access":0.772,"traffic_pressure":0.672,"planning_intensity":0.764,"deprivation_weight":0.726,"bike_trip_index":0.235,"tree_canopy_context":1.0,"civic_service_context":1.0,"population_pressure_delta_2016":0.292,"mobility_strain_delta_2016":0.075,"economic_opportunity_delta_2016":-0.006,"environmental_exposure_delta_2016":0.17,"fairness_score_delta_2016":-0.024,"population_pressure_delta_previous":-0.068,"mobility_strain_delta_previous":-0.035,"economic_opportunity_delta_previous":0.0,"environmental_exposure_delta_previous":-0.014,"fairness_score_delta_previous":0.01,"dominant_metric":"population_pressure","dominant_change":"worsened","confidence":"high","evidence":["NISRA population/census totals","OSM building density and development-zone proxy","Planning/local development source inventory"]},"geometry":{"type":"Polygon","coordinates":[[[-5.943636,54.597143],[-5.93,54.597143],[-5.93,54.61],[-5.943636,54.61],[-5.943636,54.597143]]]}},{"type":"Feature","id":"belfast_06_11_2026","properties":{"cell_id":"belfast_06_11","year":2026,"row":6,"col":11,"population_pressure":0.848,"mobility_strain":0.557,"economic_opportunity":0.804,"environmental_exposure":0.694,"fairness_score":0.537,"development_pressure":0.813,"green_cover":0.659,"bike_access":0.415,"transit_access":0.719,"traffic_pressure":0.677,"planning_intensity":0.804,"deprivation_weight":0.571,"bike_trip_index":0.235,"tree_canopy_context":1.0,"civic_service_context":1.0,"population_pressure_delta_2016":0.275,"mobility_strain_delta_2016":0.069,"economic_opportunity_delta_2016":-0.006,"environmental_exposure_delta_2016":0.176,"fairness_score_delta_2016":-0.022,"population_pressure_delta_previous":-0.074,"mobility_strain_delta_previous":-0.036,"economic_opportunity_delta_previous":0.0,"environmental_exposure_delta_previous":-0.006,"fairness_score_delta_previous":0.011,"dominant_metric":"population_pressure","dominant_change":"worsened","confidence":"high","evidence":["NISRA population/census totals","OSM building density and development-zone proxy","Planning/local development source inventory"]},"geometry":{"type":"Polygon","coordinates":[[[-5.93,54.597143],[-5.916364,54.597143],[-5.916364,54.61],[-5.93,54.61],[-5.93,54.597143]]]}},{"type":"Feature","id":"belfast_06_12_2026","properties":{"cell_id":"belfast_06_12","year":2026,"row":6,"col":12,"population_pressure":0.825,"mobility_strain":0.535,"economic_opportunity":0.764,"environmental_exposure":0.619,"fairness_score":0.537,"development_pressure":0.814,"green_cover":0.593,"bike_access":0.405,"transit_access":0.778,"traffic_pressure":0.65,"planning_intensity":0.784,"deprivation_weight":0.574,"bike_trip_index":0.235,"tree_canopy_context":1.0,"civic_service_context":1.0,"population_pressure_delta_2016":0.264,"mobility_strain_delta_2016":0.066,"economic_opportunity_delta_2016":-0.006,"environmental_exposure_delta_2016":0.193,"fairness_score_delta_2016":-0.021,"population_pressure_delta_previous":-0.072,"mobility_strain_delta_previous":-0.036,"economic_opportunity_delta_previous":0.0,"environmental_exposure_delta_previous":-0.003,"fairness_score_delta_previous":0.011,"dominant_metric":"population_pressure","dominant_change":"worsened","confidence":"high","evidence":["NISRA population/census totals","OSM building density and development-zone proxy","Planning/local development source inventory"]},"geometry":{"type":"Polygon","coordinates":[[[-5.916364,54.597143],[-5.902728,54.597143],[-5.902728,54.61],[-5.916364,54.61],[-5.916364,54.597143]]]}},{"type":"Feature","id":"belfast_06_13_2026","properties":{"cell_id":"belfast_06_13","year":2026,"row":6,"col":13,"population_pressure":0.785,"mobility_strain":0.541,"economic_opportunity":0.692,"environmental_exposure":0.536,"fairness_score":0.502,"development_pressure":0.799,"green_cover":0.517,"bike_access":0.394,"transit_access":0.668,"traffic_pressure":0.613,"planning_intensity":0.735,"deprivation_weight":0.592,"bike_trip_index":0.235,"tree_canopy_context":1.0,"civic_service_context":0.6,"population_pressure_delta_2016":0.253,"mobility_strain_delta_2016":0.063,"economic_opportunity_delta_2016":-0.006,"environmental_exposure_delta_2016":0.202,"fairness_score_delta_2016":-0.021,"population_pressure_delta_previous":-0.078,"mobility_strain_delta_previous":-0.04,"economic_opportunity_delta_previous":0.0,"environmental_exposure_delta_previous":-0.011,"fairness_score_delta_previous":0.012,"dominant_metric":"population_pressure","dominant_change":"worsened","confidence":"high","evidence":["NISRA population/census totals","OSM building density and development-zone proxy","Planning/local development source inventory"]},"geometry":{"type":"Polygon","coordinates":[[[-5.902727,54.597143],[-5.889091,54.597143],[-5.889091,54.61],[-5.902727,54.61],[-5.902727,54.597143]]]}},{"type":"Feature","id":"belfast_06_14_2026","properties":{"cell_id":"belfast_06_14","year":2026,"row":6,"col":14,"population_pressure":0.678,"mobility_strain":0.535,"economic_opportunity":0.565,"environmental_exposure":0.478,"fairness_score":0.459,"development_pressure":0.669,"green_cover":0.599,"bike_access":0.256,"transit_access":0.53,"traffic_pressure":0.515,"planning_intensity":0.598,"deprivation_weight":0.523,"bike_trip_index":0.235,"tree_canopy_context":1.0,"civic_service_context":0.8,"population_pressure_delta_2016":0.214,"mobility_strain_delta_2016":0.047,"economic_opportunity_delta_2016":-0.004,"environmental_exposure_delta_2016":0.19,"fairness_score_delta_2016":-0.015,"population_pressure_delta_previous":-0.105,"mobility_strain_delta_previous":-0.052,"economic_opportunity_delta_previous":0.0,"environmental_exposure_delta_previous":-0.024,"fairness_score_delta_previous":0.015,"dominant_metric":"population_pressure","dominant_change":"worsened","confidence":"high","evidence":["NISRA population/census totals","OSM building density and development-zone proxy","Planning/local development source inventory"]},"geometry":{"type":"Polygon","coordinates":[[[-5.889091,54.597143],[-5.875455,54.597143],[-5.875455,54.61],[-5.889091,54.61],[-5.889091,54.597143]]]}},{"type":"Feature","id":"belfast_06_15_2026","properties":{"cell_id":"belfast_06_15","year":2026,"row":6,"col":15,"population_pressure":0.568,"mobility_strain":0.513,"economic_opportunity":0.417,"environmental_exposure":0.424,"fairness_score":0.425,"development_pressure":0.533,"green_cover":0.662,"bike_access":0.173,"transit_access":0.392,"traffic_pressure":0.405,"planning_intensity":0.466,"deprivation_weight":0.396,"bike_trip_index":0.235,"tree_canopy_context":1.0,"civic_service_context":0.8,"population_pressure_delta_2016":0.185,"mobility_strain_delta_2016":0.035,"economic_opportunity_delta_2016":-0.002,"environmental_exposure_delta_2016":0.167,"fairness_score_delta_2016":-0.011,"population_pressure_delta_previous":-0.107,"mobility_strain_delta_previous":-0.053,"economic_opportunity_delta_previous":0.0,"environmental_exposure_delta_previous":-0.029,"fairness_score_delta_previous":0.016,"dominant_metric":"population_pressure","dominant_change":"worsened","confidence":"high","evidence":["NISRA population/census totals","OSM building density and development-zone proxy","Planning/local development source inventory"]},"geometry":{"type":"Polygon","coordinates":[[[-5.875455,54.597143],[-5.861819,54.597143],[-5.861819,54.61],[-5.875455,54.61],[-5.875455,54.597143]]]}},{"type":"Feature","id":"belfast_06_16_2026","properties":{"cell_id":"belfast_06_16","year":2026,"row":6,"col":16,"population_pressure":0.456,"mobility_strain":0.493,"economic_opportunity":0.228,"environmental_exposure":0.389,"fairness_score":0.387,"development_pressure":0.394,"green_cover":0.664,"bike_access":0.084,"transit_access":0.254,"traffic_pressure":0.299,"planning_intensity":0.332,"deprivation_weight":0.239,"bike_trip_index":0.235,"tree_canopy_context":1.0,"civic_service_context":0.4,"population_pressure_delta_2016":0.161,"mobility_strain_delta_2016":0.025,"economic_opportunity_delta_2016":-0.001,"environmental_exposure_delta_2016":0.149,"fairness_score_delta_2016":-0.008,"population_pressure_delta_previous":-0.113,"mobility_strain_delta_previous":-0.054,"economic_opportunity_delta_previous":0.0,"environmental_exposure_delta_previous":-0.025,"fairness_score_delta_previous":0.016,"dominant_metric":"population_pressure","dominant_change":"worsened","confidence":"high","evidence":["NISRA population/census totals","OSM building density and development-zone proxy","Planning/local development source inventory"]},"geometry":{"type":"Polygon","coordinates":[[[-5.861818,54.597143],[-5.848182,54.597143],[-5.848182,54.61],[-5.861818,54.61],[-5.861818,54.597143]]]}},{"type":"Feature","id":"belfast_06_17_2026","properties":{"cell_id":"belfast_06_17","year":2026,"row":6,"col":17,"population_pressure":0.342,"mobility_strain":0.448,"economic_opportunity":0.067,"environmental_exposure":0.371,"fairness_score":0.375,"development_pressure":0.246,"green_cover":0.618,"bike_access":0.05,"transit_access":0.18,"traffic_pressure":0.191,"planning_intensity":0.192,"deprivation_weight":0.068,"bike_trip_index":0.235,"tree_canopy_context":1.0,"civic_service_context":0.0,"population_pressure_delta_2016":0.136,"mobility_strain_delta_2016":0.017,"economic_opportunity_delta_2016":0.0,"environmental_exposure_delta_2016":0.147,"fairness_score_delta_2016":-0.005,"population_pressure_delta_previous":-0.12,"mobility_strain_delta_previous":-0.056,"economic_opportunity_delta_previous":0.0,"environmental_exposure_delta_previous":-0.017,"fairness_score_delta_previous":0.017,"dominant_metric":"environmental_exposure","dominant_change":"worsened","confidence":"high","evidence":["NI Air Belfast Centre hourly archive","BCCAQ monitoring-site inventory","NDVI/NDBI raster source availability","Tree inventory, road-pressure and River Lagan exposure proxy"]},"geometry":{"type":"Polygon","coordinates":[[[-5.848182,54.597143],[-5.834546,54.597143],[-5.834546,54.61],[-5.848182,54.61],[-5.848182,54.597143]]]}},{"type":"Feature","id":"belfast_06_18_2026","properties":{"cell_id":"belfast_06_18","year":2026,"row":6,"col":18,"population_pressure":0.284,"mobility_strain":0.429,"economic_opportunity":0.06,"environmental_exposure":0.46,"fairness_score":0.389,"development_pressure":0.152,"green_cover":0.311,"bike_access":0.05,"transit_access":0.18,"traffic_pressure":0.173,"planning_intensity":0.096,"deprivation_weight":0.0,"bike_trip_index":0.235,"tree_canopy_context":0.0,"civic_service_context":0.0,"population_pressure_delta_2016":0.114,"mobility_strain_delta_2016":0.013,"economic_opportunity_delta_2016":0.0,"environmental_exposure_delta_2016":0.159,"fairness_score_delta_2016":-0.004,"population_pressure_delta_previous":-0.128,"mobility_strain_delta_previous":-0.058,"economic_opportunity_delta_previous":0.0,"environmental_exposure_delta_previous":-0.014,"fairness_score_delta_previous":0.017,"dominant_metric":"environmental_exposure","dominant_change":"worsened","confidence":"high","evidence":["NI Air Belfast Centre hourly archive","BCCAQ monitoring-site inventory","NDVI/NDBI raster source availability","Tree inventory, road-pressure and River Lagan exposure proxy"]},"geometry":{"type":"Polygon","coordinates":[[[-5.834545,54.597143],[-5.820909,54.597143],[-5.820909,54.61],[-5.834545,54.61],[-5.834545,54.597143]]]}},{"type":"Feature","id":"belfast_06_19_2026","properties":{"cell_id":"belfast_06_19","year":2026,"row":6,"col":19,"population_pressure":0.275,"mobility_strain":0.427,"economic_opportunity":0.06,"environmental_exposure":0.465,"fairness_score":0.39,"development_pressure":0.134,"green_cover":0.297,"bike_access":0.05,"transit_access":0.18,"traffic_pressure":0.172,"planning_intensity":0.087,"deprivation_weight":0.0,"bike_trip_index":0.235,"tree_canopy_context":0.0,"civic_service_context":0.0,"population_pressure_delta_2016":0.106,"mobility_strain_delta_2016":0.012,"economic_opportunity_delta_2016":0.0,"environmental_exposure_delta_2016":0.173,"fairness_score_delta_2016":-0.004,"population_pressure_delta_previous":-0.132,"mobility_strain_delta_previous":-0.06,"economic_opportunity_delta_previous":0.0,"environmental_exposure_delta_previous":-0.018,"fairness_score_delta_previous":0.018,"dominant_metric":"environmental_exposure","dominant_change":"worsened","confidence":"high","evidence":["NI Air Belfast Centre hourly archive","BCCAQ monitoring-site inventory","NDVI/NDBI raster source availability","Tree inventory, road-pressure and River Lagan exposure proxy"]},"geometry":{"type":"Polygon","coordinates":[[[-5.820909,54.597143],[-5.807273,54.597143],[-5.807273,54.61],[-5.820909,54.61],[-5.820909,54.597143]]]}},{"type":"Feature","id":"belfast_06_20_2026","properties":{"cell_id":"belfast_06_20","year":2026,"row":6,"col":20,"population_pressure":0.262,"mobility_strain":0.422,"economic_opportunity":0.06,"environmental_exposure":0.46,"fairness_score":0.392,"development_pressure":0.11,"green_cover":0.312,"bike_access":0.05,"transit_access":0.18,"traffic_pressure":0.167,"planning_intensity":0.075,"deprivation_weight":0.0,"bike_trip_index":0.235,"tree_canopy_context":0.0,"civic_service_context":0.0,"population_pressure_delta_2016":0.085,"mobility_strain_delta_2016":0.005,"economic_opportunity_delta_2016":0.0,"environmental_exposure_delta_2016":0.169,"fairness_score_delta_2016":-0.001,"population_pressure_delta_previous":-0.134,"mobility_strain_delta_previous":-0.061,"economic_opportunity_delta_previous":0.0,"environmental_exposure_delta_previous":-0.027,"fairness_score_delta_previous":0.019,"dominant_metric":"environmental_exposure","dominant_change":"worsened","confidence":"high","evidence":["NI Air Belfast Centre hourly archive","BCCAQ monitoring-site inventory","NDVI/NDBI raster source availability","Tree inventory, road-pressure and River Lagan exposure proxy"]},"geometry":{"type":"Polygon","coordinates":[[[-5.807273,54.597143],[-5.793637,54.597143],[-5.793637,54.61],[-5.807273,54.61],[-5.807273,54.597143]]]}},{"type":"Feature","id":"belfast_06_21_2026","properties":{"cell_id":"belfast_06_21","year":2026,"row":6,"col":21,"population_pressure":0.252,"mobility_strain":0.417,"economic_opportunity":0.06,"environmental_exposure":0.449,"fairness_score":0.393,"development_pressure":0.091,"green_cover":0.345,"bike_access":0.05,"transit_access":0.18,"traffic_pressure":0.161,"planning_intensity":0.065,"deprivation_weight":0.0,"bike_trip_index":0.235,"tree_canopy_context":0.0,"civic_service_context":0.0,"population_pressure_delta_2016":0.063,"mobility_strain_delta_2016":-0.006,"economic_opportunity_delta_2016":0.0,"environmental_exposure_delta_2016":0.15,"fairness_score_delta_2016":0.002,"population_pressure_delta_previous":-0.131,"mobility_strain_delta_previous":-0.061,"economic_opportunity_delta_previous":0.0,"environmental_exposure_delta_previous":-0.033,"fairness_score_delta_previous":0.018,"dominant_metric":"environmental_exposure","dominant_change":"worsened","confidence":"high","evidence":["NI Air Belfast Centre hourly archive","BCCAQ monitoring-site inventory","NDVI/NDBI raster source availability","Tree inventory, road-pressure and River Lagan exposure proxy"]},"geometry":{"type":"Polygon","coordinates":[[[-5.793636,54.597143],[-5.78,54.597143],[-5.78,54.61],[-5.793636,54.61],[-5.793636,54.597143]]]}},{"type":"Feature","id":"belfast_07_00_2026","properties":{"cell_id":"belfast_07_00","year":2026,"row":7,"col":0,"population_pressure":0.263,"mobility_strain":0.422,"economic_opportunity":0.06,"environmental_exposure":0.462,"fairness_score":0.391,"development_pressure":0.112,"green_cover":0.304,"bike_access":0.05,"transit_access":0.18,"traffic_pressure":0.167,"planning_intensity":0.076,"deprivation_weight":0.0,"bike_trip_index":0.235,"tree_canopy_context":0.0,"civic_service_context":0.0,"population_pressure_delta_2016":0.087,"mobility_strain_delta_2016":0.004,"economic_opportunity_delta_2016":0.0,"environmental_exposure_delta_2016":0.168,"fairness_score_delta_2016":-0.002,"population_pressure_delta_previous":-0.134,"mobility_strain_delta_previous":-0.06,"economic_opportunity_delta_previous":0.0,"environmental_exposure_delta_previous":-0.018,"fairness_score_delta_previous":0.018,"dominant_metric":"environmental_exposure","dominant_change":"worsened","confidence":"high","evidence":["NI Air Belfast Centre hourly archive","BCCAQ monitoring-site inventory","NDVI/NDBI raster source availability","Tree inventory, road-pressure and River Lagan exposure proxy"]},"geometry":{"type":"Polygon","coordinates":[[[-6.08,54.61],[-6.066364,54.61],[-6.066364,54.622857],[-6.08,54.622857],[-6.08,54.61]]]}},{"type":"Feature","id":"belfast_07_01_2026","properties":{"cell_id":"belfast_07_01","year":2026,"row":7,"col":1,"population_pressure":0.252,"mobility_strain":0.418,"economic_opportunity":0.06,"environmental_exposure":0.459,"fairness_score":0.393,"development_pressure":0.092,"green_cover":0.314,"bike_access":0.05,"transit_access":0.18,"traffic_pressure":0.163,"planning_intensity":0.066,"deprivation_weight":0.0,"bike_trip_index":0.235,"tree_canopy_context":0.0,"civic_service_context":0.0,"population_pressure_delta_2016":0.063,"mobility_strain_delta_2016":-0.004,"economic_opportunity_delta_2016":0.0,"environmental_exposure_delta_2016":0.167,"fairness_score_delta_2016":0.001,"population_pressure_delta_previous":-0.132,"mobility_strain_delta_previous":-0.061,"economic_opportunity_delta_previous":0.0,"environmental_exposure_delta_previous":-0.026,"fairness_score_delta_previous":0.018,"dominant_metric":"environmental_exposure","dominant_change":"worsened","confidence":"high","evidence":["NI Air Belfast Centre hourly archive","BCCAQ monitoring-site inventory","NDVI/NDBI raster source availability","Tree inventory, road-pressure and River Lagan exposure proxy"]},"geometry":{"type":"Polygon","coordinates":[[[-6.066364,54.61],[-6.052728,54.61],[-6.052728,54.622857],[-6.066364,54.622857],[-6.066364,54.61]]]}},{"type":"Feature","id":"belfast_07_02_2026","properties":{"cell_id":"belfast_07_02","year":2026,"row":7,"col":2,"population_pressure":0.249,"mobility_strain":0.416,"economic_opportunity":0.06,"environmental_exposure":0.45,"fairness_score":0.393,"development_pressure":0.085,"green_cover":0.342,"bike_access":0.05,"transit_access":0.18,"traffic_pressure":0.16,"planning_intensity":0.063,"deprivation_weight":0.0,"bike_trip_index":0.235,"tree_canopy_context":0.0,"civic_service_context":0.0,"population_pressure_delta_2016":0.049,"mobility_strain_delta_2016":-0.011,"economic_opportunity_delta_2016":0.0,"environmental_exposure_delta_2016":0.152,"fairness_score_delta_2016":0.003,"population_pressure_delta_previous":-0.127,"mobility_strain_delta_previous":-0.059,"economic_opportunity_delta_previous":0.0,"environmental_exposure_delta_previous":-0.032,"fairness_score_delta_previous":0.017,"dominant_metric":"environmental_exposure","dominant_change":"worsened","confidence":"high","evidence":["NI Air Belfast Centre hourly archive","BCCAQ monitoring-site inventory","NDVI/NDBI raster source availability","Tree inventory, road-pressure and River Lagan exposure proxy"]},"geometry":{"type":"Polygon","coordinates":[[[-6.052727,54.61],[-6.039091,54.61],[-6.039091,54.622857],[-6.052727,54.622857],[-6.052727,54.61]]]}},{"type":"Feature","id":"belfast_07_03_2026","properties":{"cell_id":"belfast_07_03","year":2026,"row":7,"col":3,"population_pressure":0.254,"mobility_strain":0.417,"economic_opportunity":0.06,"environmental_exposure":0.443,"fairness_score":0.393,"development_pressure":0.095,"green_cover":0.363,"bike_access":0.05,"transit_access":0.18,"traffic_pressure":0.16,"planning_intensity":0.067,"deprivation_weight":0.0,"bike_trip_index":0.235,"tree_canopy_context":0.0,"civic_service_context":0.0,"population_pressure_delta_2016":0.048,"mobility_strain_delta_2016":-0.013,"economic_opportunity_delta_2016":0.0,"environmental_exposure_delta_2016":0.135,"fairness_score_delta_2016":0.004,"population_pressure_delta_previous":-0.122,"mobility_strain_delta_previous":-0.057,"economic_opportunity_delta_previous":0.0,"environmental_exposure_delta_previous":-0.03,"fairness_score_delta_previous":0.017,"dominant_metric":"environmental_exposure","dominant_change":"worsened","confidence":"high","evidence":["NI Air Belfast Centre hourly archive","BCCAQ monitoring-site inventory","NDVI/NDBI raster source availability","Tree inventory, road-pressure and River Lagan exposure proxy"]},"geometry":{"type":"Polygon","coordinates":[[[-6.039091,54.61],[-6.025455,54.61],[-6.025455,54.622857],[-6.039091,54.622857],[-6.039091,54.61]]]}},{"type":"Feature","id":"belfast_07_04_2026","properties":{"cell_id":"belfast_07_04","year":2026,"row":7,"col":4,"population_pressure":0.265,"mobility_strain":0.417,"economic_opportunity":0.06,"environmental_exposure":0.415,"fairness_score":0.384,"development_pressure":0.117,"green_cover":0.448,"bike_access":0.05,"transit_access":0.18,"traffic_pressure":0.155,"planning_intensity":0.078,"deprivation_weight":0.059,"bike_trip_index":0.235,"tree_canopy_context":0.0,"civic_service_context":0.0,"population_pressure_delta_2016":0.063,"mobility_strain_delta_2016":-0.009,"economic_opportunity_delta_2016":0.0,"environmental_exposure_delta_2016":0.132,"fairness_score_delta_2016":0.003,"population_pressure_delta_previous":-0.12,"mobility_strain_delta_previous":-0.056,"economic_opportunity_delta_previous":0.0,"environmental_exposure_delta_previous":-0.022,"fairness_score_delta_previous":0.017,"dominant_metric":"environmental_exposure","dominant_change":"worsened","confidence":"high","evidence":["NI Air Belfast Centre hourly archive","BCCAQ monitoring-site inventory","NDVI/NDBI raster source availability","Tree inventory, road-pressure and River Lagan exposure proxy"]},"geometry":{"type":"Polygon","coordinates":[[[-6.025455,54.61],[-6.011819,54.61],[-6.011819,54.622857],[-6.025455,54.622857],[-6.025455,54.61]]]}},{"type":"Feature","id":"belfast_07_05_2026","properties":{"cell_id":"belfast_07_05","year":2026,"row":7,"col":5,"population_pressure":0.296,"mobility_strain":0.429,"economic_opportunity":0.069,"environmental_exposure":0.405,"fairness_score":0.355,"development_pressure":0.15,"green_cover":0.504,"bike_access":0.056,"transit_access":0.194,"traffic_pressure":0.181,"planning_intensity":0.09,"deprivation_weight":0.247,"bike_trip_index":0.235,"tree_canopy_context":0.0,"civic_service_context":0.0,"population_pressure_delta_2016":0.086,"mobility_strain_delta_2016":0.002,"economic_opportunity_delta_2016":0.0,"environmental_exposure_delta_2016":0.148,"fairness_score_delta_2016":-0.001,"population_pressure_delta_previous":-0.119,"mobility_strain_delta_previous":-0.055,"economic_opportunity_delta_previous":0.0,"environmental_exposure_delta_previous":-0.014,"fairness_score_delta_previous":0.016,"dominant_metric":"environmental_exposure","dominant_change":"worsened","confidence":"high","evidence":["NI Air Belfast Centre hourly archive","BCCAQ monitoring-site inventory","NDVI/NDBI raster source availability","Tree inventory, road-pressure and River Lagan exposure proxy"]},"geometry":{"type":"Polygon","coordinates":[[[-6.011818,54.61],[-5.998182,54.61],[-5.998182,54.622857],[-6.011818,54.622857],[-6.011818,54.61]]]}},{"type":"Feature","id":"belfast_07_06_2026","properties":{"cell_id":"belfast_07_06","year":2026,"row":7,"col":6,"population_pressure":0.344,"mobility_strain":0.447,"economic_opportunity":0.106,"environmental_exposure":0.386,"fairness_score":0.336,"development_pressure":0.194,"green_cover":0.613,"bike_access":0.067,"transit_access":0.226,"traffic_pressure":0.23,"planning_intensity":0.11,"deprivation_weight":0.43,"bike_trip_index":0.235,"tree_canopy_context":1.0,"civic_service_context":0.2,"population_pressure_delta_2016":0.11,"mobility_strain_delta_2016":0.012,"economic_opportunity_delta_2016":0.0,"environmental_exposure_delta_2016":0.169,"fairness_score_delta_2016":-0.004,"population_pressure_delta_previous":-0.123,"mobility_strain_delta_previous":-0.056,"economic_opportunity_delta_previous":0.0,"environmental_exposure_delta_previous":-0.014,"fairness_score_delta_previous":0.017,"dominant_metric":"environmental_exposure","dominant_change":"worsened","confidence":"high","evidence":["NI Air Belfast Centre hourly archive","BCCAQ monitoring-site inventory","NDVI/NDBI raster source availability","Tree inventory, road-pressure and River Lagan exposure proxy"]},"geometry":{"type":"Polygon","coordinates":[[[-5.998182,54.61],[-5.984546,54.61],[-5.984546,54.622857],[-5.998182,54.622857],[-5.998182,54.61]]]}},{"type":"Feature","id":"belfast_07_07_2026","properties":{"cell_id":"belfast_07_07","year":2026,"row":7,"col":7,"population_pressure":0.442,"mobility_strain":0.485,"economic_opportunity":0.204,"environmental_exposure":0.41,"fairness_score":0.338,"development_pressure":0.319,"green_cover":0.625,"bike_access":0.078,"transit_access":0.314,"traffic_pressure":0.325,"planning_intensity":0.222,"deprivation_weight":0.6,"bike_trip_index":0.235,"tree_canopy_context":1.0,"civic_service_context":0.6,"population_pressure_delta_2016":0.153,"mobility_strain_delta_2016":0.028,"economic_opportunity_delta_2016":0.0,"environmental_exposure_delta_2016":0.183,"fairness_score_delta_2016":-0.008,"population_pressure_delta_previous":-0.125,"mobility_strain_delta_previous":-0.057,"economic_opportunity_delta_previous":0.0,"environmental_exposure_delta_previous":-0.021,"fairness_score_delta_previous":0.017,"dominant_metric":"environmental_exposure","dominant_change":"worsened","confidence":"high","evidence":["NI Air Belfast Centre hourly archive","BCCAQ monitoring-site inventory","NDVI/NDBI raster source availability","Tree inventory, road-pressure and River Lagan exposure proxy"]},"geometry":{"type":"Polygon","coordinates":[[[-5.984545,54.61],[-5.970909,54.61],[-5.970909,54.622857],[-5.984545,54.622857],[-5.984545,54.61]]]}},{"type":"Feature","id":"belfast_07_08_2026","properties":{"cell_id":"belfast_07_08","year":2026,"row":7,"col":8,"population_pressure":0.526,"mobility_strain":0.508,"economic_opportunity":0.36,"environmental_exposure":0.422,"fairness_score":0.372,"development_pressure":0.423,"green_cover":0.669,"bike_access":0.099,"transit_access":0.418,"traffic_pressure":0.407,"planning_intensity":0.321,"deprivation_weight":0.734,"bike_trip_index":0.235,"tree_canopy_context":1.0,"civic_service_context":1.0,"population_pressure_delta_2016":0.179,"mobility_strain_delta_2016":0.034,"economic_opportunity_delta_2016":0.0,"environmental_exposure_delta_2016":0.178,"fairness_score_delta_2016":-0.011,"population_pressure_delta_previous":-0.126,"mobility_strain_delta_previous":-0.06,"economic_opportunity_delta_previous":0.0,"environmental_exposure_delta_previous":-0.029,"fairness_score_delta_previous":0.017,"dominant_metric":"population_pressure","dominant_change":"worsened","confidence":"high","evidence":["NISRA population/census totals","OSM building density and development-zone proxy","Planning/local development source inventory"]},"geometry":{"type":"Polygon","coordinates":[[[-5.970909,54.61],[-5.957273,54.61],[-5.957273,54.622857],[-5.970909,54.622857],[-5.970909,54.61]]]}},{"type":"Feature","id":"belfast_07_09_2026","properties":{"cell_id":"belfast_07_09","year":2026,"row":7,"col":9,"population_pressure":0.595,"mobility_strain":0.506,"economic_opportunity":0.481,"environmental_exposure":0.441,"fairness_score":0.409,"development_pressure":0.505,"green_cover":0.678,"bike_access":0.214,"transit_access":0.508,"traffic_pressure":0.467,"planning_intensity":0.408,"deprivation_weight":0.845,"bike_trip_index":0.235,"tree_canopy_context":1.0,"civic_service_context":1.0,"population_pressure_delta_2016":0.189,"mobility_strain_delta_2016":0.037,"economic_opportunity_delta_2016":-0.002,"environmental_exposure_delta_2016":0.162,"fairness_score_delta_2016":-0.012,"population_pressure_delta_previous":-0.124,"mobility_strain_delta_previous":-0.059,"economic_opportunity_delta_previous":0.0,"environmental_exposure_delta_previous":-0.031,"fairness_score_delta_previous":0.018,"dominant_metric":"population_pressure","dominant_change":"worsened","confidence":"high","evidence":["NISRA population/census totals","OSM building density and development-zone proxy","Planning/local development source inventory"]},"geometry":{"type":"Polygon","coordinates":[[[-5.957273,54.61],[-5.943637,54.61],[-5.943637,54.622857],[-5.957273,54.622857],[-5.957273,54.61]]]}},{"type":"Feature","id":"belfast_07_10_2026","properties":{"cell_id":"belfast_07_10","year":2026,"row":7,"col":10,"population_pressure":0.647,"mobility_strain":0.496,"economic_opportunity":0.57,"environmental_exposure":0.483,"fairness_score":0.436,"development_pressure":0.561,"green_cover":0.704,"bike_access":0.337,"transit_access":0.555,"traffic_pressure":0.502,"planning_intensity":0.511,"deprivation_weight":0.94,"bike_trip_index":0.235,"tree_canopy_context":1.0,"civic_service_context":1.0,"population_pressure_delta_2016":0.188,"mobility_strain_delta_2016":0.037,"economic_opportunity_delta_2016":-0.004,"environmental_exposure_delta_2016":0.154,"fairness_score_delta_2016":-0.013,"population_pressure_delta_previous":-0.119,"mobility_strain_delta_previous":-0.057,"economic_opportunity_delta_previous":0.0,"environmental_exposure_delta_previous":-0.023,"fairness_score_delta_previous":0.017,"dominant_metric":"population_pressure","dominant_change":"worsened","confidence":"high","evidence":["NISRA population/census totals","OSM building density and development-zone proxy","Planning/local development source inventory"]},"geometry":{"type":"Polygon","coordinates":[[[-5.943636,54.61],[-5.93,54.61],[-5.93,54.622857],[-5.943636,54.622857],[-5.943636,54.61]]]}},{"type":"Feature","id":"belfast_07_11_2026","properties":{"cell_id":"belfast_07_11","year":2026,"row":7,"col":11,"population_pressure":0.694,"mobility_strain":0.537,"economic_opportunity":0.522,"environmental_exposure":0.542,"fairness_score":0.426,"development_pressure":0.634,"green_cover":0.657,"bike_access":0.285,"transit_access":0.547,"traffic_pressure":0.548,"planning_intensity":0.606,"deprivation_weight":0.756,"bike_trip_index":0.235,"tree_canopy_context":1.0,"civic_service_context":0.4,"population_pressure_delta_2016":0.198,"mobility_strain_delta_2016":0.04,"economic_opportunity_delta_2016":-0.004,"environmental_exposure_delta_2016":0.165,"fairness_score_delta_2016":-0.013,"population_pressure_delta_previous":-0.113,"mobility_strain_delta_previous":-0.053,"economic_opportunity_delta_previous":0.0,"environmental_exposure_delta_previous":-0.013,"fairness_score_delta_previous":0.016,"dominant_metric":"population_pressure","dominant_change":"worsened","confidence":"high","evidence":["NISRA population/census totals","OSM building density and development-zone proxy","Planning/local development source inventory"]},"geometry":{"type":"Polygon","coordinates":[[[-5.93,54.61],[-5.916364,54.61],[-5.916364,54.622857],[-5.93,54.622857],[-5.93,54.61]]]}},{"type":"Feature","id":"belfast_07_12_2026","properties":{"cell_id":"belfast_07_12","year":2026,"row":7,"col":12,"population_pressure":0.743,"mobility_strain":0.558,"economic_opportunity":0.567,"environmental_exposure":0.542,"fairness_score":0.429,"development_pressure":0.736,"green_cover":0.546,"bike_access":0.291,"transit_access":0.573,"traffic_pressure":0.583,"planning_intensity":0.691,"deprivation_weight":0.838,"bike_trip_index":0.235,"tree_canopy_context":1.0,"civic_service_context":0.2,"population_pressure_delta_2016":0.23,"mobility_strain_delta_2016":0.052,"economic_opportunity_delta_2016":-0.004,"environmental_exposure_delta_2016":0.187,"fairness_score_delta_2016":-0.017,"population_pressure_delta_previous":-0.104,"mobility_strain_delta_previous":-0.05,"economic_opportunity_delta_previous":0.0,"environmental_exposure_delta_previous":-0.01,"fairness_score_delta_previous":0.015,"dominant_metric":"population_pressure","dominant_change":"worsened","confidence":"high","evidence":["NISRA population/census totals","OSM building density and development-zone proxy","Planning/local development source inventory"]},"geometry":{"type":"Polygon","coordinates":[[[-5.916364,54.61],[-5.902728,54.61],[-5.902728,54.622857],[-5.916364,54.622857],[-5.916364,54.61]]]}},{"type":"Feature","id":"belfast_07_13_2026","properties":{"cell_id":"belfast_07_13","year":2026,"row":7,"col":13,"population_pressure":0.729,"mobility_strain":0.572,"economic_opportunity":0.546,"environmental_exposure":0.55,"fairness_score":0.407,"development_pressure":0.751,"green_cover":0.407,"bike_access":0.239,"transit_access":0.532,"traffic_pressure":0.572,"planning_intensity":0.668,"deprivation_weight":0.894,"bike_trip_index":0.235,"tree_canopy_context":0.012,"civic_service_context":0.2,"population_pressure_delta_2016":0.247,"mobility_strain_delta_2016":0.058,"economic_opportunity_delta_2016":-0.003,"environmental_exposure_delta_2016":0.201,"fairness_score_delta_2016":-0.018,"population_pressure_delta_previous":-0.1,"mobility_strain_delta_previous":-0.05,"economic_opportunity_delta_previous":0.0,"environmental_exposure_delta_previous":-0.015,"fairness_score_delta_previous":0.015,"dominant_metric":"population_pressure","dominant_change":"worsened","confidence":"high","evidence":["NISRA population/census totals","OSM building density and development-zone proxy","Planning/local development source inventory"]},"geometry":{"type":"Polygon","coordinates":[[[-5.902727,54.61],[-5.889091,54.61],[-5.889091,54.622857],[-5.902727,54.622857],[-5.902727,54.61]]]}},{"type":"Feature","id":"belfast_07_14_2026","properties":{"cell_id":"belfast_07_14","year":2026,"row":7,"col":14,"population_pressure":0.656,"mobility_strain":0.564,"economic_opportunity":0.48,"environmental_exposure":0.547,"fairness_score":0.394,"development_pressure":0.666,"green_cover":0.343,"bike_access":0.161,"transit_access":0.441,"traffic_pressure":0.504,"planning_intensity":0.584,"deprivation_weight":0.731,"bike_trip_index":0.235,"tree_canopy_context":0.0,"civic_service_context":0.6,"population_pressure_delta_2016":0.241,"mobility_strain_delta_2016":0.054,"economic_opportunity_delta_2016":-0.001,"environmental_exposure_delta_2016":0.193,"fairness_score_delta_2016":-0.017,"population_pressure_delta_previous":-0.104,"mobility_strain_delta_previous":-0.052,"economic_opportunity_delta_previous":0.0,"environmental_exposure_delta_previous":-0.024,"fairness_score_delta_previous":0.015,"dominant_metric":"population_pressure","dominant_change":"worsened","confidence":"high","evidence":["NISRA population/census totals","OSM building density and development-zone proxy","Planning/local development source inventory"]},"geometry":{"type":"Polygon","coordinates":[[[-5.889091,54.61],[-5.875455,54.61],[-5.875455,54.622857],[-5.889091,54.622857],[-5.889091,54.61]]]}},{"type":"Feature","id":"belfast_07_15_2026","properties":{"cell_id":"belfast_07_15","year":2026,"row":7,"col":15,"population_pressure":0.554,"mobility_strain":0.532,"economic_opportunity":0.348,"environmental_exposure":0.42,"fairness_score":0.376,"development_pressure":0.536,"green_cover":0.638,"bike_access":0.087,"transit_access":0.327,"traffic_pressure":0.383,"planning_intensity":0.461,"deprivation_weight":0.542,"bike_trip_index":0.235,"tree_canopy_context":1.0,"civic_service_context":0.6,"population_pressure_delta_2016":0.22,"mobility_strain_delta_2016":0.045,"economic_opportunity_delta_2016":-0.001,"environmental_exposure_delta_2016":0.171,"fairness_score_delta_2016":-0.013,"population_pressure_delta_previous":-0.112,"mobility_strain_delta_previous":-0.055,"economic_opportunity_delta_previous":0.0,"environmental_exposure_delta_previous":-0.029,"fairness_score_delta_previous":0.017,"dominant_metric":"population_pressure","dominant_change":"worsened","confidence":"high","evidence":["NISRA population/census totals","OSM building density and development-zone proxy","Planning/local development source inventory"]},"geometry":{"type":"Polygon","coordinates":[[[-5.875455,54.61],[-5.861819,54.61],[-5.861819,54.622857],[-5.875455,54.622857],[-5.875455,54.61]]]}},{"type":"Feature","id":"belfast_07_16_2026","properties":{"cell_id":"belfast_07_16","year":2026,"row":7,"col":16,"population_pressure":0.436,"mobility_strain":0.495,"economic_opportunity":0.214,"environmental_exposure":0.378,"fairness_score":0.364,"development_pressure":0.38,"green_cover":0.668,"bike_access":0.056,"transit_access":0.203,"traffic_pressure":0.272,"planning_intensity":0.32,"deprivation_weight":0.349,"bike_trip_index":0.235,"tree_canopy_context":1.0,"civic_service_context":0.6,"population_pressure_delta_2016":0.184,"mobility_strain_delta_2016":0.033,"economic_opportunity_delta_2016":0.0,"environmental_exposure_delta_2016":0.151,"fairness_score_delta_2016":-0.01,"population_pressure_delta_previous":-0.121,"mobility_strain_delta_previous":-0.057,"economic_opportunity_delta_previous":0.0,"environmental_exposure_delta_previous":-0.026,"fairness_score_delta_previous":0.017,"dominant_metric":"population_pressure","dominant_change":"worsened","confidence":"high","evidence":["NISRA population/census totals","OSM building density and development-zone proxy","Planning/local development source inventory"]},"geometry":{"type":"Polygon","coordinates":[[[-5.861818,54.61],[-5.848182,54.61],[-5.848182,54.622857],[-5.861818,54.622857],[-5.861818,54.61]]]}},{"type":"Feature","id":"belfast_07_17_2026","properties":{"cell_id":"belfast_07_17","year":2026,"row":7,"col":17,"population_pressure":0.323,"mobility_strain":0.45,"economic_opportunity":0.079,"environmental_exposure":0.449,"fairness_score":0.365,"development_pressure":0.214,"green_cover":0.374,"bike_access":0.05,"transit_access":0.18,"traffic_pressure":0.203,"planning_intensity":0.168,"deprivation_weight":0.156,"bike_trip_index":0.235,"tree_canopy_context":0.012,"civic_service_context":0.2,"population_pressure_delta_2016":0.131,"mobility_strain_delta_2016":0.016,"economic_opportunity_delta_2016":0.0,"environmental_exposure_delta_2016":0.145,"fairness_score_delta_2016":-0.005,"population_pressure_delta_previous":-0.13,"mobility_strain_delta_previous":-0.059,"economic_opportunity_delta_previous":0.0,"environmental_exposure_delta_previous":-0.019,"fairness_score_delta_previous":0.018,"dominant_metric":"environmental_exposure","dominant_change":"worsened","confidence":"high","evidence":["NI Air Belfast Centre hourly archive","BCCAQ monitoring-site inventory","NDVI/NDBI raster source availability","Tree inventory, road-pressure and River Lagan exposure proxy"]},"geometry":{"type":"Polygon","coordinates":[[[-5.848182,54.61],[-5.834546,54.61],[-5.834546,54.622857],[-5.848182,54.622857],[-5.848182,54.61]]]}},{"type":"Feature","id":"belfast_07_18_2026","properties":{"cell_id":"belfast_07_18","year":2026,"row":7,"col":18,"population_pressure":0.262,"mobility_strain":0.421,"economic_opportunity":0.06,"environmental_exposure":0.457,"fairness_score":0.392,"development_pressure":0.11,"green_cover":0.321,"bike_access":0.05,"transit_access":0.18,"traffic_pressure":0.166,"planning_intensity":0.075,"deprivation_weight":0.0,"bike_trip_index":0.235,"tree_canopy_context":0.0,"civic_service_context":0.0,"population_pressure_delta_2016":0.085,"mobility_strain_delta_2016":0.002,"economic_opportunity_delta_2016":0.0,"environmental_exposure_delta_2016":0.155,"fairness_score_delta_2016":-0.001,"population_pressure_delta_previous":-0.134,"mobility_strain_delta_previous":-0.06,"economic_opportunity_delta_previous":0.0,"environmental_exposure_delta_previous":-0.014,"fairness_score_delta_previous":0.018,"dominant_metric":"environmental_exposure","dominant_change":"worsened","confidence":"high","evidence":["NI Air Belfast Centre hourly archive","BCCAQ monitoring-site inventory","NDVI/NDBI raster source availability","Tree inventory, road-pressure and River Lagan exposure proxy"]},"geometry":{"type":"Polygon","coordinates":[[[-5.834545,54.61],[-5.820909,54.61],[-5.820909,54.622857],[-5.834545,54.622857],[-5.834545,54.61]]]}},{"type":"Feature","id":"belfast_07_19_2026","properties":{"cell_id":"belfast_07_19","year":2026,"row":7,"col":19,"population_pressure":0.252,"mobility_strain":0.418,"economic_opportunity":0.06,"environmental_exposure":0.461,"fairness_score":0.393,"development_pressure":0.091,"green_cover":0.308,"bike_access":0.05,"transit_access":0.18,"traffic_pressure":0.164,"planning_intensity":0.065,"deprivation_weight":0.0,"bike_trip_index":0.235,"tree_canopy_context":0.0,"civic_service_context":0.0,"population_pressure_delta_2016":0.063,"mobility_strain_delta_2016":-0.004,"economic_opportunity_delta_2016":0.0,"environmental_exposure_delta_2016":0.166,"fairness_score_delta_2016":0.002,"population_pressure_delta_previous":-0.131,"mobility_strain_delta_previous":-0.06,"economic_opportunity_delta_previous":0.0,"environmental_exposure_delta_previous":-0.018,"fairness_score_delta_previous":0.018,"dominant_metric":"environmental_exposure","dominant_change":"worsened","confidence":"high","evidence":["NI Air Belfast Centre hourly archive","BCCAQ monitoring-site inventory","NDVI/NDBI raster source availability","Tree inventory, road-pressure and River Lagan exposure proxy"]},"geometry":{"type":"Polygon","coordinates":[[[-5.820909,54.61],[-5.807273,54.61],[-5.807273,54.622857],[-5.820909,54.622857],[-5.820909,54.61]]]}},{"type":"Feature","id":"belfast_07_20_2026","properties":{"cell_id":"belfast_07_20","year":2026,"row":7,"col":20,"population_pressure":0.249,"mobility_strain":0.416,"economic_opportunity":0.06,"environmental_exposure":0.458,"fairness_score":0.393,"development_pressure":0.085,"green_cover":0.318,"bike_access":0.05,"transit_access":0.18,"traffic_pressure":0.162,"planning_intensity":0.063,"deprivation_weight":0.0,"bike_trip_index":0.235,"tree_canopy_context":0.0,"civic_service_context":0.0,"population_pressure_delta_2016":0.048,"mobility_strain_delta_2016":-0.01,"economic_opportunity_delta_2016":0.0,"environmental_exposure_delta_2016":0.165,"fairness_score_delta_2016":0.003,"population_pressure_delta_previous":-0.127,"mobility_strain_delta_previous":-0.059,"economic_opportunity_delta_previous":0.0,"environmental_exposure_delta_previous":-0.026,"fairness_score_delta_previous":0.018,"dominant_metric":"environmental_exposure","dominant_change":"worsened","confidence":"high","evidence":["NI Air Belfast Centre hourly archive","BCCAQ monitoring-site inventory","NDVI/NDBI raster source availability","Tree inventory, road-pressure and River Lagan exposure proxy"]},"geometry":{"type":"Polygon","coordinates":[[[-5.807273,54.61],[-5.793637,54.61],[-5.793637,54.622857],[-5.807273,54.622857],[-5.807273,54.61]]]}},{"type":"Feature","id":"belfast_07_21_2026","properties":{"cell_id":"belfast_07_21","year":2026,"row":7,"col":21,"population_pressure":0.254,"mobility_strain":0.418,"economic_opportunity":0.06,"environmental_exposure":0.449,"fairness_score":0.393,"development_pressure":0.096,"green_cover":0.344,"bike_access":0.05,"transit_access":0.18,"traffic_pressure":0.161,"planning_intensity":0.068,"deprivation_weight":0.0,"bike_trip_index":0.235,"tree_canopy_context":0.0,"civic_service_context":0.0,"population_pressure_delta_2016":0.048,"mobility_strain_delta_2016":-0.011,"economic_opportunity_delta_2016":0.0,"environmental_exposure_delta_2016":0.149,"fairness_score_delta_2016":0.004,"population_pressure_delta_previous":-0.122,"mobility_strain_delta_previous":-0.057,"economic_opportunity_delta_previous":0.0,"environmental_exposure_delta_previous":-0.032,"fairness_score_delta_previous":0.017,"dominant_metric":"environmental_exposure","dominant_change":"worsened","confidence":"high","evidence":["NI Air Belfast Centre hourly archive","BCCAQ monitoring-site inventory","NDVI/NDBI raster source availability","Tree inventory, road-pressure and River Lagan exposure proxy"]},"geometry":{"type":"Polygon","coordinates":[[[-5.793636,54.61],[-5.78,54.61],[-5.78,54.622857],[-5.793636,54.622857],[-5.793636,54.61]]]}},{"type":"Feature","id":"belfast_08_00_2026","properties":{"cell_id":"belfast_08_00","year":2026,"row":8,"col":0,"population_pressure":0.249,"mobility_strain":0.417,"economic_opportunity":0.06,"environmental_exposure":0.46,"fairness_score":0.393,"development_pressure":0.085,"green_cover":0.31,"bike_access":0.05,"transit_access":0.18,"traffic_pressure":0.163,"planning_intensity":0.063,"deprivation_weight":0.0,"bike_trip_index":0.235,"tree_canopy_context":0.0,"civic_service_context":0.0,"population_pressure_delta_2016":0.049,"mobility_strain_delta_2016":-0.009,"economic_opportunity_delta_2016":0.0,"environmental_exposure_delta_2016":0.163,"fairness_score_delta_2016":0.003,"population_pressure_delta_previous":-0.127,"mobility_strain_delta_previous":-0.058,"economic_opportunity_delta_previous":0.0,"environmental_exposure_delta_previous":-0.017,"fairness_score_delta_previous":0.017,"dominant_metric":"environmental_exposure","dominant_change":"worsened","confidence":"high","evidence":["NI Air Belfast Centre hourly archive","BCCAQ monitoring-site inventory","NDVI/NDBI raster source availability","Tree inventory, road-pressure and River Lagan exposure proxy"]},"geometry":{"type":"Polygon","coordinates":[[[-6.08,54.622857],[-6.066364,54.622857],[-6.066364,54.635714],[-6.08,54.635714],[-6.08,54.622857]]]}},{"type":"Feature","id":"belfast_08_01_2026","properties":{"cell_id":"belfast_08_01","year":2026,"row":8,"col":1,"population_pressure":0.254,"mobility_strain":0.419,"economic_opportunity":0.06,"environmental_exposure":0.459,"fairness_score":0.393,"development_pressure":0.095,"green_cover":0.313,"bike_access":0.05,"transit_access":0.18,"traffic_pressure":0.164,"planning_intensity":0.067,"deprivation_weight":0.0,"bike_trip_index":0.235,"tree_canopy_context":0.0,"civic_service_context":0.0,"population_pressure_delta_2016":0.048,"mobility_strain_delta_2016":-0.009,"economic_opportunity_delta_2016":0.0,"environmental_exposure_delta_2016":0.165,"fairness_score_delta_2016":0.003,"population_pressure_delta_previous":-0.122,"mobility_strain_delta_previous":-0.057,"economic_opportunity_delta_previous":0.0,"environmental_exposure_delta_previous":-0.025,"fairness_score_delta_previous":0.018,"dominant_metric":"environmental_exposure","dominant_change":"worsened","confidence":"high","evidence":["NI Air Belfast Centre hourly archive","BCCAQ monitoring-site inventory","NDVI/NDBI raster source availability","Tree inventory, road-pressure and River Lagan exposure proxy"]},"geometry":{"type":"Polygon","coordinates":[[[-6.066364,54.622857],[-6.052728,54.622857],[-6.052728,54.635714],[-6.066364,54.635714],[-6.066364,54.622857]]]}},{"type":"Feature","id":"belfast_08_02_2026","properties":{"cell_id":"belfast_08_02","year":2026,"row":8,"col":2,"population_pressure":0.265,"mobility_strain":0.422,"economic_opportunity":0.06,"environmental_exposure":0.453,"fairness_score":0.392,"development_pressure":0.117,"green_cover":0.334,"bike_access":0.05,"transit_access":0.18,"traffic_pressure":0.166,"planning_intensity":0.078,"deprivation_weight":0.0,"bike_trip_index":0.235,"tree_canopy_context":0.0,"civic_service_context":0.0,"population_pressure_delta_2016":0.063,"mobility_strain_delta_2016":-0.005,"economic_opportunity_delta_2016":0.0,"environmental_exposure_delta_2016":0.154,"fairness_score_delta_2016":0.002,"population_pressure_delta_previous":-0.12,"mobility_strain_delta_previous":-0.057,"economic_opportunity_delta_previous":0.0,"environmental_exposure_delta_previous":-0.03,"fairness_score_delta_previous":0.017,"dominant_metric":"environmental_exposure","dominant_change":"worsened","confidence":"high","evidence":["NI Air Belfast Centre hourly archive","BCCAQ monitoring-site inventory","NDVI/NDBI raster source availability","Tree inventory, road-pressure and River Lagan exposure proxy"]},"geometry":{"type":"Polygon","coordinates":[[[-6.052727,54.622857],[-6.039091,54.622857],[-6.039091,54.635714],[-6.052727,54.635714],[-6.052727,54.622857]]]}},{"type":"Feature","id":"belfast_08_03_2026","properties":{"cell_id":"belfast_08_03","year":2026,"row":8,"col":3,"population_pressure":0.278,"mobility_strain":0.426,"economic_opportunity":0.06,"environmental_exposure":0.447,"fairness_score":0.39,"development_pressure":0.14,"green_cover":0.352,"bike_access":0.05,"transit_access":0.18,"traffic_pressure":0.168,"planning_intensity":0.09,"deprivation_weight":0.0,"bike_trip_index":0.235,"tree_canopy_context":0.0,"civic_service_context":0.0,"population_pressure_delta_2016":0.086,"mobility_strain_delta_2016":0.001,"economic_opportunity_delta_2016":0.0,"environmental_exposure_delta_2016":0.14,"fairness_score_delta_2016":-0.001,"population_pressure_delta_previous":-0.119,"mobility_strain_delta_previous":-0.056,"economic_opportunity_delta_previous":0.0,"environmental_exposure_delta_previous":-0.029,"fairness_score_delta_previous":0.017,"dominant_metric":"environmental_exposure","dominant_change":"worsened","confidence":"high","evidence":["NI Air Belfast Centre hourly archive","BCCAQ monitoring-site inventory","NDVI/NDBI raster source availability","Tree inventory, road-pressure and River Lagan exposure proxy"]},"geometry":{"type":"Polygon","coordinates":[[[-6.039091,54.622857],[-6.025455,54.622857],[-6.025455,54.635714],[-6.039091,54.635714],[-6.039091,54.622857]]]}},{"type":"Feature","id":"belfast_08_04_2026","properties":{"cell_id":"belfast_08_04","year":2026,"row":8,"col":4,"population_pressure":0.285,"mobility_strain":0.428,"economic_opportunity":0.06,"environmental_exposure":0.448,"fairness_score":0.39,"development_pressure":0.154,"green_cover":0.347,"bike_access":0.05,"transit_access":0.18,"traffic_pressure":0.17,"planning_intensity":0.097,"deprivation_weight":0.0,"bike_trip_index":0.235,"tree_canopy_context":0.0,"civic_service_context":0.0,"population_pressure_delta_2016":0.106,"mobility_strain_delta_2016":0.008,"economic_opportunity_delta_2016":0.0,"environmental_exposure_delta_2016":0.138,"fairness_score_delta_2016":-0.002,"population_pressure_delta_previous":-0.123,"mobility_strain_delta_previous":-0.057,"economic_opportunity_delta_previous":0.0,"environmental_exposure_delta_previous":-0.022,"fairness_score_delta_previous":0.018,"dominant_metric":"environmental_exposure","dominant_change":"worsened","confidence":"high","evidence":["NI Air Belfast Centre hourly archive","BCCAQ monitoring-site inventory","NDVI/NDBI raster source availability","Tree inventory, road-pressure and River Lagan exposure proxy"]},"geometry":{"type":"Polygon","coordinates":[[[-6.025455,54.622857],[-6.011819,54.622857],[-6.011819,54.635714],[-6.025455,54.635714],[-6.025455,54.622857]]]}},{"type":"Feature","id":"belfast_08_05_2026","properties":{"cell_id":"belfast_08_05","year":2026,"row":8,"col":5,"population_pressure":0.284,"mobility_strain":0.427,"economic_opportunity":0.06,"environmental_exposure":0.44,"fairness_score":0.375,"development_pressure":0.152,"green_cover":0.371,"bike_access":0.05,"transit_access":0.18,"traffic_pressure":0.168,"planning_intensity":0.096,"deprivation_weight":0.099,"bike_trip_index":0.235,"tree_canopy_context":0.0,"civic_service_context":0.0,"population_pressure_delta_2016":0.114,"mobility_strain_delta_2016":0.012,"economic_opportunity_delta_2016":0.0,"environmental_exposure_delta_2016":0.15,"fairness_score_delta_2016":-0.004,"population_pressure_delta_previous":-0.128,"mobility_strain_delta_previous":-0.058,"economic_opportunity_delta_previous":0.0,"environmental_exposure_delta_previous":-0.015,"fairness_score_delta_previous":0.017,"dominant_metric":"environmental_exposure","dominant_change":"worsened","confidence":"high","evidence":["NI Air Belfast Centre hourly archive","BCCAQ monitoring-site inventory","NDVI/NDBI raster source availability","Tree inventory, road-pressure and River Lagan exposure proxy"]},"geometry":{"type":"Polygon","coordinates":[[[-6.011818,54.622857],[-5.998182,54.622857],[-5.998182,54.635714],[-6.011818,54.635714],[-6.011818,54.622857]]]}},{"type":"Feature","id":"belfast_08_06_2026","properties":{"cell_id":"belfast_08_06","year":2026,"row":8,"col":6,"population_pressure":0.292,"mobility_strain":0.424,"economic_opportunity":0.069,"environmental_exposure":0.372,"fairness_score":0.357,"development_pressure":0.144,"green_cover":0.602,"bike_access":0.056,"transit_access":0.193,"traffic_pressure":0.17,"planning_intensity":0.087,"deprivation_weight":0.244,"bike_trip_index":0.235,"tree_canopy_context":1.0,"civic_service_context":0.0,"population_pressure_delta_2016":0.106,"mobility_strain_delta_2016":0.012,"economic_opportunity_delta_2016":0.0,"environmental_exposure_delta_2016":0.167,"fairness_score_delta_2016":-0.003,"population_pressure_delta_previous":-0.132,"mobility_strain_delta_previous":-0.059,"economic_opportunity_delta_previous":0.0,"environmental_exposure_delta_previous":-0.015,"fairness_score_delta_previous":0.018,"dominant_metric":"environmental_exposure","dominant_change":"worsened","confidence":"high","evidence":["NI Air Belfast Centre hourly archive","BCCAQ monitoring-site inventory","NDVI/NDBI raster source availability","Tree inventory, road-pressure and River Lagan exposure proxy"]},"geometry":{"type":"Polygon","coordinates":[[[-5.998182,54.622857],[-5.984546,54.622857],[-5.984546,54.635714],[-5.998182,54.635714],[-5.998182,54.622857]]]}},{"type":"Feature","id":"belfast_08_07_2026","properties":{"cell_id":"belfast_08_07","year":2026,"row":8,"col":7,"population_pressure":0.316,"mobility_strain":0.437,"economic_opportunity":0.1,"environmental_exposure":0.372,"fairness_score":0.342,"development_pressure":0.151,"green_cover":0.644,"bike_access":0.064,"transit_access":0.212,"traffic_pressure":0.21,"planning_intensity":0.093,"deprivation_weight":0.393,"bike_trip_index":0.235,"tree_canopy_context":1.0,"civic_service_context":0.2,"population_pressure_delta_2016":0.092,"mobility_strain_delta_2016":0.007,"economic_opportunity_delta_2016":0.0,"environmental_exposure_delta_2016":0.173,"fairness_score_delta_2016":-0.001,"population_pressure_delta_previous":-0.133,"mobility_strain_delta_previous":-0.06,"economic_opportunity_delta_previous":0.0,"environmental_exposure_delta_previous":-0.023,"fairness_score_delta_previous":0.019,"dominant_metric":"environmental_exposure","dominant_change":"worsened","confidence":"high","evidence":["NI Air Belfast Centre hourly archive","BCCAQ monitoring-site inventory","NDVI/NDBI raster source availability","Tree inventory, road-pressure and River Lagan exposure proxy"]},"geometry":{"type":"Polygon","coordinates":[[[-5.984545,54.622857],[-5.970909,54.622857],[-5.970909,54.635714],[-5.984545,54.635714],[-5.984545,54.622857]]]}},{"type":"Feature","id":"belfast_08_08_2026","properties":{"cell_id":"belfast_08_08","year":2026,"row":8,"col":8,"population_pressure":0.378,"mobility_strain":0.467,"economic_opportunity":0.159,"environmental_exposure":0.384,"fairness_score":0.329,"development_pressure":0.226,"green_cover":0.671,"bike_access":0.072,"transit_access":0.244,"traffic_pressure":0.277,"planning_intensity":0.168,"deprivation_weight":0.557,"bike_trip_index":0.235,"tree_canopy_context":1.0,"civic_service_context":0.6,"population_pressure_delta_2016":0.095,"mobility_strain_delta_2016":0.005,"economic_opportunity_delta_2016":0.0,"environmental_exposure_delta_2016":0.165,"fairness_score_delta_2016":-0.001,"population_pressure_delta_previous":-0.128,"mobility_strain_delta_previous":-0.06,"economic_opportunity_delta_previous":0.0,"environmental_exposure_delta_previous":-0.03,"fairness_score_delta_previous":0.018,"dominant_metric":"environmental_exposure","dominant_change":"worsened","confidence":"high","evidence":["NI Air Belfast Centre hourly archive","BCCAQ monitoring-site inventory","NDVI/NDBI raster source availability","Tree inventory, road-pressure and River Lagan exposure proxy"]},"geometry":{"type":"Polygon","coordinates":[[[-5.970909,54.622857],[-5.957273,54.622857],[-5.957273,54.635714],[-5.970909,54.635714],[-5.970909,54.622857]]]}},{"type":"Feature","id":"belfast_08_09_2026","properties":{"cell_id":"belfast_08_09","year":2026,"row":8,"col":9,"population_pressure":0.431,"mobility_strain":0.485,"economic_opportunity":0.251,"environmental_exposure":0.396,"fairness_score":0.34,"development_pressure":0.294,"green_cover":0.681,"bike_access":0.077,"transit_access":0.304,"traffic_pressure":0.328,"planning_intensity":0.232,"deprivation_weight":0.685,"bike_trip_index":0.235,"tree_canopy_context":1.0,"civic_service_context":0.8,"population_pressure_delta_2016":0.101,"mobility_strain_delta_2016":0.004,"economic_opportunity_delta_2016":0.0,"environmental_exposure_delta_2016":0.149,"fairness_score_delta_2016":-0.001,"population_pressure_delta_previous":-0.122,"mobility_strain_delta_previous":-0.058,"economic_opportunity_delta_previous":0.0,"environmental_exposure_delta_previous":-0.031,"fairness_score_delta_previous":0.018,"dominant_metric":"environmental_exposure","dominant_change":"worsened","confidence":"high","evidence":["NI Air Belfast Centre hourly archive","BCCAQ monitoring-site inventory","NDVI/NDBI raster source availability","Tree inventory, road-pressure and River Lagan exposure proxy"]},"geometry":{"type":"Polygon","coordinates":[[[-5.957273,54.622857],[-5.943637,54.622857],[-5.943637,54.635714],[-5.957273,54.635714],[-5.957273,54.622857]]]}},{"type":"Feature","id":"belfast_08_10_2026","properties":{"cell_id":"belfast_08_10","year":2026,"row":8,"col":10,"population_pressure":0.475,"mobility_strain":0.492,"economic_opportunity":0.3,"environmental_exposure":0.404,"fairness_score":0.351,"development_pressure":0.35,"green_cover":0.724,"bike_access":0.111,"transit_access":0.332,"traffic_pressure":0.354,"planning_intensity":0.312,"deprivation_weight":0.719,"bike_trip_index":0.235,"tree_canopy_context":1.0,"civic_service_context":0.8,"population_pressure_delta_2016":0.114,"mobility_strain_delta_2016":0.008,"economic_opportunity_delta_2016":-0.001,"environmental_exposure_delta_2016":0.142,"fairness_score_delta_2016":-0.003,"population_pressure_delta_previous":-0.116,"mobility_strain_delta_previous":-0.055,"economic_opportunity_delta_previous":0.0,"environmental_exposure_delta_previous":-0.023,"fairness_score_delta_previous":0.016,"dominant_metric":"environmental_exposure","dominant_change":"worsened","confidence":"high","evidence":["NI Air Belfast Centre hourly archive","BCCAQ monitoring-site inventory","NDVI/NDBI raster source availability","Tree inventory, road-pressure and River Lagan exposure proxy"]},"geometry":{"type":"Polygon","coordinates":[[[-5.943636,54.622857],[-5.93,54.622857],[-5.93,54.635714],[-5.943636,54.635714],[-5.943636,54.622857]]]}},{"type":"Feature","id":"belfast_08_11_2026","properties":{"cell_id":"belfast_08_11","year":2026,"row":8,"col":11,"population_pressure":0.548,"mobility_strain":0.516,"economic_opportunity":0.311,"environmental_exposure":0.51,"fairness_score":0.359,"development_pressure":0.459,"green_cover":0.716,"bike_access":0.142,"transit_access":0.34,"traffic_pressure":0.397,"planning_intensity":0.461,"deprivation_weight":0.633,"bike_trip_index":0.235,"tree_canopy_context":1.0,"civic_service_context":0.4,"population_pressure_delta_2016":0.158,"mobility_strain_delta_2016":0.024,"economic_opportunity_delta_2016":-0.001,"environmental_exposure_delta_2016":0.156,"fairness_score_delta_2016":-0.008,"population_pressure_delta_previous":-0.109,"mobility_strain_delta_previous":-0.052,"economic_opportunity_delta_previous":0.0,"environmental_exposure_delta_previous":-0.014,"fairness_score_delta_previous":0.016,"dominant_metric":"population_pressure","dominant_change":"worsened","confidence":"high","evidence":["NISRA population/census totals","OSM building density and development-zone proxy","Planning/local development source inventory"]},"geometry":{"type":"Polygon","coordinates":[[[-5.93,54.622857],[-5.916364,54.622857],[-5.916364,54.635714],[-5.93,54.635714],[-5.93,54.622857]]]}},{"type":"Feature","id":"belfast_08_12_2026","properties":{"cell_id":"belfast_08_12","year":2026,"row":8,"col":12,"population_pressure":0.585,"mobility_strain":0.531,"economic_opportunity":0.328,"environmental_exposure":0.562,"fairness_score":0.349,"development_pressure":0.529,"green_cover":0.632,"bike_access":0.144,"transit_access":0.354,"traffic_pressure":0.418,"planning_intensity":0.538,"deprivation_weight":0.734,"bike_trip_index":0.235,"tree_canopy_context":1.0,"civic_service_context":0.2,"population_pressure_delta_2016":0.197,"mobility_strain_delta_2016":0.04,"economic_opportunity_delta_2016":-0.001,"environmental_exposure_delta_2016":0.18,"fairness_score_delta_2016":-0.012,"population_pressure_delta_previous":-0.108,"mobility_strain_delta_previous":-0.051,"economic_opportunity_delta_previous":0.0,"environmental_exposure_delta_previous":-0.01,"fairness_score_delta_previous":0.016,"dominant_metric":"population_pressure","dominant_change":"worsened","confidence":"high","evidence":["NISRA population/census totals","OSM building density and development-zone proxy","Planning/local development source inventory"]},"geometry":{"type":"Polygon","coordinates":[[[-5.916364,54.622857],[-5.902728,54.622857],[-5.902728,54.635714],[-5.916364,54.635714],[-5.916364,54.622857]]]}},{"type":"Feature","id":"belfast_08_13_2026","properties":{"cell_id":"belfast_08_13","year":2026,"row":8,"col":13,"population_pressure":0.571,"mobility_strain":0.54,"economic_opportunity":0.296,"environmental_exposure":0.53,"fairness_score":0.329,"development_pressure":0.537,"green_cover":0.464,"bike_access":0.115,"transit_access":0.328,"traffic_pressure":0.414,"planning_intensity":0.506,"deprivation_weight":0.765,"bike_trip_index":0.235,"tree_canopy_context":0.0,"civic_service_context":0.0,"population_pressure_delta_2016":0.218,"mobility_strain_delta_2016":0.048,"economic_opportunity_delta_2016":-0.001,"environmental_exposure_delta_2016":0.194,"fairness_score_delta_2016":-0.015,"population_pressure_delta_previous":-0.112,"mobility_strain_delta_previous":-0.053,"economic_opportunity_delta_previous":0.0,"environmental_exposure_delta_previous":-0.016,"fairness_score_delta_previous":0.016,"dominant_metric":"population_pressure","dominant_change":"worsened","confidence":"high","evidence":["NISRA population/census totals","OSM building density and development-zone proxy","Planning/local development source inventory"]},"geometry":{"type":"Polygon","coordinates":[[[-5.902727,54.622857],[-5.889091,54.622857],[-5.889091,54.635714],[-5.902727,54.635714],[-5.902727,54.622857]]]}},{"type":"Feature","id":"belfast_08_14_2026","properties":{"cell_id":"belfast_08_14","year":2026,"row":8,"col":14,"population_pressure":0.511,"mobility_strain":0.536,"economic_opportunity":0.236,"environmental_exposure":0.499,"fairness_score":0.32,"development_pressure":0.475,"green_cover":0.366,"bike_access":0.064,"transit_access":0.269,"traffic_pressure":0.373,"planning_intensity":0.404,"deprivation_weight":0.659,"bike_trip_index":0.235,"tree_canopy_context":0.0,"civic_service_context":0.0,"population_pressure_delta_2016":0.211,"mobility_strain_delta_2016":0.045,"economic_opportunity_delta_2016":0.0,"environmental_exposure_delta_2016":0.187,"fairness_score_delta_2016":-0.013,"population_pressure_delta_previous":-0.118,"mobility_strain_delta_previous":-0.056,"economic_opportunity_delta_previous":0.0,"environmental_exposure_delta_previous":-0.026,"fairness_score_delta_previous":0.017,"dominant_metric":"population_pressure","dominant_change":"worsened","confidence":"high","evidence":["NISRA population/census totals","OSM building density and development-zone proxy","Planning/local development source inventory"]},"geometry":{"type":"Polygon","coordinates":[[[-5.889091,54.622857],[-5.875455,54.622857],[-5.875455,54.635714],[-5.889091,54.635714],[-5.889091,54.622857]]]}},{"type":"Feature","id":"belfast_08_15_2026","properties":{"cell_id":"belfast_08_15","year":2026,"row":8,"col":15,"population_pressure":0.424,"mobility_strain":0.505,"economic_opportunity":0.153,"environmental_exposure":0.487,"fairness_score":0.32,"development_pressure":0.359,"green_cover":0.333,"bike_access":0.055,"transit_access":0.192,"traffic_pressure":0.297,"planning_intensity":0.309,"deprivation_weight":0.496,"bike_trip_index":0.235,"tree_canopy_context":0.0,"civic_service_context":0.0,"population_pressure_delta_2016":0.175,"mobility_strain_delta_2016":0.03,"economic_opportunity_delta_2016":0.0,"environmental_exposure_delta_2016":0.162,"fairness_score_delta_2016":-0.01,"population_pressure_delta_previous":-0.125,"mobility_strain_delta_previous":-0.06,"economic_opportunity_delta_previous":0.0,"environmental_exposure_delta_previous":-0.032,"fairness_score_delta_previous":0.018,"dominant_metric":"population_pressure","dominant_change":"worsened","confidence":"high","evidence":["NISRA population/census totals","OSM building density and development-zone proxy","Planning/local development source inventory"]},"geometry":{"type":"Polygon","coordinates":[[[-5.875455,54.622857],[-5.861819,54.622857],[-5.861819,54.635714],[-5.875455,54.635714],[-5.875455,54.622857]]]}},{"type":"Feature","id":"belfast_08_16_2026","properties":{"cell_id":"belfast_08_16","year":2026,"row":8,"col":16,"population_pressure":0.329,"mobility_strain":0.456,"economic_opportunity":0.096,"environmental_exposure":0.458,"fairness_score":0.344,"development_pressure":0.22,"green_cover":0.359,"bike_access":0.05,"transit_access":0.18,"traffic_pressure":0.215,"planning_intensity":0.187,"deprivation_weight":0.316,"bike_trip_index":0.235,"tree_canopy_context":0.0,"civic_service_context":0.2,"population_pressure_delta_2016":0.12,"mobility_strain_delta_2016":0.011,"economic_opportunity_delta_2016":0.0,"environmental_exposure_delta_2016":0.141,"fairness_score_delta_2016":-0.003,"population_pressure_delta_previous":-0.13,"mobility_strain_delta_previous":-0.06,"economic_opportunity_delta_previous":0.0,"environmental_exposure_delta_previous":-0.028,"fairness_score_delta_previous":0.018,"dominant_metric":"environmental_exposure","dominant_change":"worsened","confidence":"high","evidence":["NI Air Belfast Centre hourly archive","BCCAQ monitoring-site inventory","NDVI/NDBI raster source availability","Tree inventory, road-pressure and River Lagan exposure proxy"]},"geometry":{"type":"Polygon","coordinates":[[[-5.861818,54.622857],[-5.848182,54.622857],[-5.848182,54.635714],[-5.861818,54.635714],[-5.861818,54.622857]]]}},{"type":"Feature","id":"belfast_08_17_2026","properties":{"cell_id":"belfast_08_17","year":2026,"row":8,"col":17,"population_pressure":0.252,"mobility_strain":0.415,"economic_opportunity":0.06,"environmental_exposure":0.438,"fairness_score":0.374,"development_pressure":0.091,"green_cover":0.378,"bike_access":0.05,"transit_access":0.18,"traffic_pressure":0.158,"planning_intensity":0.065,"deprivation_weight":0.13,"bike_trip_index":0.235,"tree_canopy_context":0.0,"civic_service_context":0.0,"population_pressure_delta_2016":0.063,"mobility_strain_delta_2016":-0.008,"economic_opportunity_delta_2016":0.0,"environmental_exposure_delta_2016":0.135,"fairness_score_delta_2016":0.002,"population_pressure_delta_previous":-0.131,"mobility_strain_delta_previous":-0.06,"economic_opportunity_delta_previous":0.0,"environmental_exposure_delta_previous":-0.02,"fairness_score_delta_previous":0.018,"dominant_metric":"environmental_exposure","dominant_change":"worsened","confidence":"high","evidence":["NI Air Belfast Centre hourly archive","BCCAQ monitoring-site inventory","NDVI/NDBI raster source availability","Tree inventory, road-pressure and River Lagan exposure proxy"]},"geometry":{"type":"Polygon","coordinates":[[[-5.848182,54.622857],[-5.834546,54.622857],[-5.834546,54.635714],[-5.848182,54.635714],[-5.848182,54.622857]]]}},{"type":"Feature","id":"belfast_08_18_2026","properties":{"cell_id":"belfast_08_18","year":2026,"row":8,"col":18,"population_pressure":0.249,"mobility_strain":0.416,"economic_opportunity":0.06,"environmental_exposure":0.455,"fairness_score":0.393,"development_pressure":0.085,"green_cover":0.327,"bike_access":0.05,"transit_access":0.18,"traffic_pressure":0.161,"planning_intensity":0.063,"deprivation_weight":0.0,"bike_trip_index":0.235,"tree_canopy_context":0.0,"civic_service_context":0.0,"population_pressure_delta_2016":0.048,"mobility_strain_delta_2016":-0.012,"economic_opportunity_delta_2016":0.0,"environmental_exposure_delta_2016":0.15,"fairness_score_delta_2016":0.003,"population_pressure_delta_previous":-0.127,"mobility_strain_delta_previous":-0.058,"economic_opportunity_delta_previous":0.0,"environmental_exposure_delta_previous":-0.013,"fairness_score_delta_previous":0.017,"dominant_metric":"environmental_exposure","dominant_change":"worsened","confidence":"high","evidence":["NI Air Belfast Centre hourly archive","BCCAQ monitoring-site inventory","NDVI/NDBI raster source availability","Tree inventory, road-pressure and River Lagan exposure proxy"]},"geometry":{"type":"Polygon","coordinates":[[[-5.834545,54.622857],[-5.820909,54.622857],[-5.820909,54.635714],[-5.834545,54.635714],[-5.834545,54.622857]]]}},{"type":"Feature","id":"belfast_08_19_2026","properties":{"cell_id":"belfast_08_19","year":2026,"row":8,"col":19,"population_pressure":0.254,"mobility_strain":0.419,"economic_opportunity":0.06,"environmental_exposure":0.462,"fairness_score":0.392,"development_pressure":0.096,"green_cover":0.307,"bike_access":0.05,"transit_access":0.18,"traffic_pressure":0.165,"planning_intensity":0.068,"deprivation_weight":0.0,"bike_trip_index":0.235,"tree_canopy_context":0.0,"civic_service_context":0.0,"population_pressure_delta_2016":0.048,"mobility_strain_delta_2016":-0.009,"economic_opportunity_delta_2016":0.0,"environmental_exposure_delta_2016":0.166,"fairness_score_delta_2016":0.002,"population_pressure_delta_previous":-0.122,"mobility_strain_delta_previous":-0.056,"economic_opportunity_delta_previous":0.0,"environmental_exposure_delta_previous":-0.016,"fairness_score_delta_previous":0.016,"dominant_metric":"environmental_exposure","dominant_change":"worsened","confidence":"high","evidence":["NI Air Belfast Centre hourly archive","BCCAQ monitoring-site inventory","NDVI/NDBI raster source availability","Tree inventory, road-pressure and River Lagan exposure proxy"]},"geometry":{"type":"Polygon","coordinates":[[[-5.820909,54.622857],[-5.807273,54.622857],[-5.807273,54.635714],[-5.820909,54.635714],[-5.820909,54.622857]]]}},{"type":"Feature","id":"belfast_08_20_2026","properties":{"cell_id":"belfast_08_20","year":2026,"row":8,"col":20,"population_pressure":0.266,"mobility_strain":0.423,"economic_opportunity":0.06,"environmental_exposure":0.46,"fairness_score":0.391,"development_pressure":0.118,"green_cover":0.31,"bike_access":0.05,"transit_access":0.18,"traffic_pressure":0.168,"planning_intensity":0.079,"deprivation_weight":0.0,"bike_trip_index":0.235,"tree_canopy_context":0.0,"civic_service_context":0.0,"population_pressure_delta_2016":0.064,"mobility_strain_delta_2016":-0.004,"economic_opportunity_delta_2016":0.0,"environmental_exposure_delta_2016":0.167,"fairness_score_delta_2016":0.001,"population_pressure_delta_previous":-0.119,"mobility_strain_delta_previous":-0.056,"economic_opportunity_delta_previous":0.0,"environmental_exposure_delta_previous":-0.025,"fairness_score_delta_previous":0.017,"dominant_metric":"environmental_exposure","dominant_change":"worsened","confidence":"high","evidence":["NI Air Belfast Centre hourly archive","BCCAQ monitoring-site inventory","NDVI/NDBI raster source availability","Tree inventory, road-pressure and River Lagan exposure proxy"]},"geometry":{"type":"Polygon","coordinates":[[[-5.807273,54.622857],[-5.793637,54.622857],[-5.793637,54.635714],[-5.807273,54.635714],[-5.807273,54.622857]]]}},{"type":"Feature","id":"belfast_08_21_2026","properties":{"cell_id":"belfast_08_21","year":2026,"row":8,"col":21,"population_pressure":0.278,"mobility_strain":0.427,"economic_opportunity":0.06,"environmental_exposure":0.453,"fairness_score":0.39,"development_pressure":0.141,"green_cover":0.332,"bike_access":0.05,"transit_access":0.18,"traffic_pressure":0.17,"planning_intensity":0.09,"deprivation_weight":0.0,"bike_trip_index":0.235,"tree_canopy_context":0.0,"civic_service_context":0.0,"population_pressure_delta_2016":0.087,"mobility_strain_delta_2016":0.004,"economic_opportunity_delta_2016":0.0,"environmental_exposure_delta_2016":0.154,"fairness_score_delta_2016":-0.001,"population_pressure_delta_previous":-0.12,"mobility_strain_delta_previous":-0.056,"economic_opportunity_delta_previous":0.0,"environmental_exposure_delta_previous":-0.031,"fairness_score_delta_previous":0.017,"dominant_metric":"environmental_exposure","dominant_change":"worsened","confidence":"high","evidence":["NI Air Belfast Centre hourly archive","BCCAQ monitoring-site inventory","NDVI/NDBI raster source availability","Tree inventory, road-pressure and River Lagan exposure proxy"]},"geometry":{"type":"Polygon","coordinates":[[[-5.793636,54.622857],[-5.78,54.622857],[-5.78,54.635714],[-5.793636,54.635714],[-5.793636,54.622857]]]}},{"type":"Feature","id":"belfast_09_00_2026","properties":{"cell_id":"belfast_09_00","year":2026,"row":9,"col":0,"population_pressure":0.265,"mobility_strain":0.423,"economic_opportunity":0.06,"environmental_exposure":0.463,"fairness_score":0.391,"development_pressure":0.117,"green_cover":0.302,"bike_access":0.05,"transit_access":0.18,"traffic_pressure":0.168,"planning_intensity":0.078,"deprivation_weight":0.0,"bike_trip_index":0.235,"tree_canopy_context":0.0,"civic_service_context":0.0,"population_pressure_delta_2016":0.063,"mobility_strain_delta_2016":-0.004,"economic_opportunity_delta_2016":0.0,"environmental_exposure_delta_2016":0.166,"fairness_score_delta_2016":0.001,"population_pressure_delta_previous":-0.12,"mobility_strain_delta_previous":-0.055,"economic_opportunity_delta_previous":0.0,"environmental_exposure_delta_previous":-0.015,"fairness_score_delta_previous":0.016,"dominant_metric":"environmental_exposure","dominant_change":"worsened","confidence":"high","evidence":["NI Air Belfast Centre hourly archive","BCCAQ monitoring-site inventory","NDVI/NDBI raster source availability","Tree inventory, road-pressure and River Lagan exposure proxy"]},"geometry":{"type":"Polygon","coordinates":[[[-6.08,54.635714],[-6.066364,54.635714],[-6.066364,54.648571],[-6.08,54.648571],[-6.08,54.635714]]]}},{"type":"Feature","id":"belfast_09_01_2026","properties":{"cell_id":"belfast_09_01","year":2026,"row":9,"col":1,"population_pressure":0.278,"mobility_strain":0.428,"economic_opportunity":0.06,"environmental_exposure":0.463,"fairness_score":0.39,"development_pressure":0.14,"green_cover":0.302,"bike_access":0.05,"transit_access":0.18,"traffic_pressure":0.172,"planning_intensity":0.09,"deprivation_weight":0.0,"bike_trip_index":0.235,"tree_canopy_context":0.0,"civic_service_context":0.0,"population_pressure_delta_2016":0.086,"mobility_strain_delta_2016":0.005,"economic_opportunity_delta_2016":0.0,"environmental_exposure_delta_2016":0.171,"fairness_score_delta_2016":-0.001,"population_pressure_delta_previous":-0.119,"mobility_strain_delta_previous":-0.056,"economic_opportunity_delta_previous":0.0,"environmental_exposure_delta_previous":-0.024,"fairness_score_delta_previous":0.017,"dominant_metric":"environmental_exposure","dominant_change":"worsened","confidence":"high","evidence":["NI Air Belfast Centre hourly archive","BCCAQ monitoring-site inventory","NDVI/NDBI raster source availability","Tree inventory, road-pressure and River Lagan exposure proxy"]},"geometry":{"type":"Polygon","coordinates":[[[-6.066364,54.635714],[-6.052728,54.635714],[-6.052728,54.648571],[-6.066364,54.648571],[-6.066364,54.635714]]]}},{"type":"Feature","id":"belfast_09_02_2026","properties":{"cell_id":"belfast_09_02","year":2026,"row":9,"col":2,"population_pressure":0.285,"mobility_strain":0.429,"economic_opportunity":0.06,"environmental_exposure":0.456,"fairness_score":0.389,"development_pressure":0.154,"green_cover":0.325,"bike_access":0.05,"transit_access":0.18,"traffic_pressure":0.172,"planning_intensity":0.097,"deprivation_weight":0.0,"bike_trip_index":0.235,"tree_canopy_context":0.0,"civic_service_context":0.0,"population_pressure_delta_2016":0.106,"mobility_strain_delta_2016":0.01,"economic_opportunity_delta_2016":0.0,"environmental_exposure_delta_2016":0.16,"fairness_score_delta_2016":-0.003,"population_pressure_delta_previous":-0.123,"mobility_strain_delta_previous":-0.058,"economic_opportunity_delta_previous":0.0,"environmental_exposure_delta_previous":-0.031,"fairness_score_delta_previous":0.017,"dominant_metric":"environmental_exposure","dominant_change":"worsened","confidence":"high","evidence":["NI Air Belfast Centre hourly archive","BCCAQ monitoring-site inventory","NDVI/NDBI raster source availability","Tree inventory, road-pressure and River Lagan exposure proxy"]},"geometry":{"type":"Polygon","coordinates":[[[-6.052727,54.635714],[-6.039091,54.635714],[-6.039091,54.648571],[-6.052727,54.648571],[-6.052727,54.635714]]]}},{"type":"Feature","id":"belfast_09_03_2026","properties":{"cell_id":"belfast_09_03","year":2026,"row":9,"col":3,"population_pressure":0.284,"mobility_strain":0.428,"economic_opportunity":0.06,"environmental_exposure":0.448,"fairness_score":0.39,"development_pressure":0.152,"green_cover":0.349,"bike_access":0.05,"transit_access":0.18,"traffic_pressure":0.17,"planning_intensity":0.096,"deprivation_weight":0.0,"bike_trip_index":0.235,"tree_canopy_context":0.0,"civic_service_context":0.0,"population_pressure_delta_2016":0.114,"mobility_strain_delta_2016":0.011,"economic_opportunity_delta_2016":0.0,"environmental_exposure_delta_2016":0.143,"fairness_score_delta_2016":-0.003,"population_pressure_delta_previous":-0.128,"mobility_strain_delta_previous":-0.06,"economic_opportunity_delta_previous":0.0,"environmental_exposure_delta_previous":-0.031,"fairness_score_delta_previous":0.018,"dominant_metric":"environmental_exposure","dominant_change":"worsened","confidence":"high","evidence":["NI Air Belfast Centre hourly archive","BCCAQ monitoring-site inventory","NDVI/NDBI raster source availability","Tree inventory, road-pressure and River Lagan exposure proxy"]},"geometry":{"type":"Polygon","coordinates":[[[-6.039091,54.635714],[-6.025455,54.635714],[-6.025455,54.648571],[-6.039091,54.648571],[-6.039091,54.635714]]]}},{"type":"Feature","id":"belfast_09_04_2026","properties":{"cell_id":"belfast_09_04","year":2026,"row":9,"col":4,"population_pressure":0.275,"mobility_strain":0.425,"economic_opportunity":0.06,"environmental_exposure":0.447,"fairness_score":0.391,"development_pressure":0.135,"green_cover":0.352,"bike_access":0.05,"transit_access":0.18,"traffic_pressure":0.167,"planning_intensity":0.087,"deprivation_weight":0.0,"bike_trip_index":0.235,"tree_canopy_context":0.0,"civic_service_context":0.0,"population_pressure_delta_2016":0.106,"mobility_strain_delta_2016":0.008,"economic_opportunity_delta_2016":0.0,"environmental_exposure_delta_2016":0.138,"fairness_score_delta_2016":-0.002,"population_pressure_delta_previous":-0.133,"mobility_strain_delta_previous":-0.06,"economic_opportunity_delta_previous":0.0,"environmental_exposure_delta_previous":-0.023,"fairness_score_delta_previous":0.018,"dominant_metric":"environmental_exposure","dominant_change":"worsened","confidence":"high","evidence":["NI Air Belfast Centre hourly archive","BCCAQ monitoring-site inventory","NDVI/NDBI raster source availability","Tree inventory, road-pressure and River Lagan exposure proxy"]},"geometry":{"type":"Polygon","coordinates":[[[-6.025455,54.635714],[-6.011819,54.635714],[-6.011819,54.648571],[-6.025455,54.648571],[-6.025455,54.635714]]]}},{"type":"Feature","id":"belfast_09_05_2026","properties":{"cell_id":"belfast_09_05","year":2026,"row":9,"col":5,"population_pressure":0.262,"mobility_strain":0.421,"economic_opportunity":0.06,"environmental_exposure":0.453,"fairness_score":0.392,"development_pressure":0.111,"green_cover":0.333,"bike_access":0.05,"transit_access":0.18,"traffic_pressure":0.165,"planning_intensity":0.075,"deprivation_weight":0.0,"bike_trip_index":0.235,"tree_canopy_context":0.0,"civic_service_context":0.0,"population_pressure_delta_2016":0.085,"mobility_strain_delta_2016":0.002,"economic_opportunity_delta_2016":0.0,"environmental_exposure_delta_2016":0.147,"fairness_score_delta_2016":0.0,"population_pressure_delta_previous":-0.134,"mobility_strain_delta_previous":-0.06,"economic_opportunity_delta_previous":0.0,"environmental_exposure_delta_previous":-0.016,"fairness_score_delta_previous":0.018,"dominant_metric":"environmental_exposure","dominant_change":"worsened","confidence":"high","evidence":["NI Air Belfast Centre hourly archive","BCCAQ monitoring-site inventory","NDVI/NDBI raster source availability","Tree inventory, road-pressure and River Lagan exposure proxy"]},"geometry":{"type":"Polygon","coordinates":[[[-6.011818,54.635714],[-5.998182,54.635714],[-5.998182,54.648571],[-6.011818,54.648571],[-6.011818,54.635714]]]}},{"type":"Feature","id":"belfast_09_06_2026","properties":{"cell_id":"belfast_09_06","year":2026,"row":9,"col":6,"population_pressure":0.252,"mobility_strain":0.418,"economic_opportunity":0.06,"environmental_exposure":0.46,"fairness_score":0.384,"development_pressure":0.091,"green_cover":0.313,"bike_access":0.05,"transit_access":0.18,"traffic_pressure":0.163,"planning_intensity":0.066,"deprivation_weight":0.055,"bike_trip_index":0.235,"tree_canopy_context":0.0,"civic_service_context":0.0,"population_pressure_delta_2016":0.063,"mobility_strain_delta_2016":-0.005,"economic_opportunity_delta_2016":0.0,"environmental_exposure_delta_2016":0.162,"fairness_score_delta_2016":0.001,"population_pressure_delta_previous":-0.132,"mobility_strain_delta_previous":-0.059,"economic_opportunity_delta_previous":0.0,"environmental_exposure_delta_previous":-0.015,"fairness_score_delta_previous":0.017,"dominant_metric":"environmental_exposure","dominant_change":"worsened","confidence":"high","evidence":["NI Air Belfast Centre hourly archive","BCCAQ monitoring-site inventory","NDVI/NDBI raster source availability","Tree inventory, road-pressure and River Lagan exposure proxy"]},"geometry":{"type":"Polygon","coordinates":[[[-5.998182,54.635714],[-5.984546,54.635714],[-5.984546,54.648571],[-5.998182,54.648571],[-5.998182,54.635714]]]}},{"type":"Feature","id":"belfast_09_07_2026","properties":{"cell_id":"belfast_09_07","year":2026,"row":9,"col":7,"population_pressure":0.249,"mobility_strain":0.417,"economic_opportunity":0.06,"environmental_exposure":0.46,"fairness_score":0.363,"development_pressure":0.085,"green_cover":0.311,"bike_access":0.05,"transit_access":0.18,"traffic_pressure":0.163,"planning_intensity":0.063,"deprivation_weight":0.198,"bike_trip_index":0.235,"tree_canopy_context":0.0,"civic_service_context":0.0,"population_pressure_delta_2016":0.048,"mobility_strain_delta_2016":-0.009,"economic_opportunity_delta_2016":0.0,"environmental_exposure_delta_2016":0.167,"fairness_score_delta_2016":0.003,"population_pressure_delta_previous":-0.127,"mobility_strain_delta_previous":-0.058,"economic_opportunity_delta_previous":0.0,"environmental_exposure_delta_previous":-0.022,"fairness_score_delta_previous":0.017,"dominant_metric":"environmental_exposure","dominant_change":"worsened","confidence":"high","evidence":["NI Air Belfast Centre hourly archive","BCCAQ monitoring-site inventory","NDVI/NDBI raster source availability","Tree inventory, road-pressure and River Lagan exposure proxy"]},"geometry":{"type":"Polygon","coordinates":[[[-5.984545,54.635714],[-5.970909,54.635714],[-5.970909,54.648571],[-5.984545,54.648571],[-5.984545,54.635714]]]}},{"type":"Feature","id":"belfast_09_08_2026","properties":{"cell_id":"belfast_09_08","year":2026,"row":9,"col":8,"population_pressure":0.266,"mobility_strain":0.424,"economic_opportunity":0.066,"environmental_exposure":0.46,"fairness_score":0.346,"development_pressure":0.102,"green_cover":0.329,"bike_access":0.054,"transit_access":0.189,"traffic_pressure":0.181,"planning_intensity":0.068,"deprivation_weight":0.314,"bike_trip_index":0.235,"tree_canopy_context":0.0,"civic_service_context":0.0,"population_pressure_delta_2016":0.048,"mobility_strain_delta_2016":-0.011,"economic_opportunity_delta_2016":0.0,"environmental_exposure_delta_2016":0.158,"fairness_score_delta_2016":0.004,"population_pressure_delta_previous":-0.122,"mobility_strain_delta_previous":-0.058,"economic_opportunity_delta_previous":0.0,"environmental_exposure_delta_previous":-0.029,"fairness_score_delta_previous":0.018,"dominant_metric":"environmental_exposure","dominant_change":"worsened","confidence":"high","evidence":["NI Air Belfast Centre hourly archive","BCCAQ monitoring-site inventory","NDVI/NDBI raster source availability","Tree inventory, road-pressure and River Lagan exposure proxy"]},"geometry":{"type":"Polygon","coordinates":[[[-5.970909,54.635714],[-5.957273,54.635714],[-5.957273,54.648571],[-5.970909,54.648571],[-5.970909,54.635714]]]}},{"type":"Feature","id":"belfast_09_09_2026","properties":{"cell_id":"belfast_09_09","year":2026,"row":9,"col":9,"population_pressure":0.29,"mobility_strain":0.422,"economic_opportunity":0.072,"environmental_exposure":0.359,"fairness_score":0.337,"development_pressure":0.13,"green_cover":0.652,"bike_access":0.058,"transit_access":0.198,"traffic_pressure":0.174,"planning_intensity":0.079,"deprivation_weight":0.388,"bike_trip_index":0.235,"tree_canopy_context":1.0,"civic_service_context":0.0,"population_pressure_delta_2016":0.064,"mobility_strain_delta_2016":-0.007,"economic_opportunity_delta_2016":0.0,"environmental_exposure_delta_2016":0.141,"fairness_score_delta_2016":0.002,"population_pressure_delta_previous":-0.119,"mobility_strain_delta_previous":-0.057,"economic_opportunity_delta_previous":0.0,"environmental_exposure_delta_previous":-0.031,"fairness_score_delta_previous":0.017,"dominant_metric":"environmental_exposure","dominant_change":"worsened","confidence":"high","evidence":["NI Air Belfast Centre hourly archive","BCCAQ monitoring-site inventory","NDVI/NDBI raster source availability","Tree inventory, road-pressure and River Lagan exposure proxy"]},"geometry":{"type":"Polygon","coordinates":[[[-5.957273,54.635714],[-5.943637,54.635714],[-5.943637,54.648571],[-5.957273,54.648571],[-5.957273,54.635714]]]}},{"type":"Feature","id":"belfast_09_10_2026","properties":{"cell_id":"belfast_09_10","year":2026,"row":9,"col":10,"population_pressure":0.324,"mobility_strain":0.432,"economic_opportunity":0.13,"environmental_exposure":0.339,"fairness_score":0.35,"development_pressure":0.175,"green_cover":0.741,"bike_access":0.06,"transit_access":0.203,"traffic_pressure":0.188,"planning_intensity":0.137,"deprivation_weight":0.405,"bike_trip_index":0.235,"tree_canopy_context":1.0,"civic_service_context":0.6,"population_pressure_delta_2016":0.092,"mobility_strain_delta_2016":0.002,"economic_opportunity_delta_2016":0.0,"environmental_exposure_delta_2016":0.136,"fairness_score_delta_2016":0.0,"population_pressure_delta_previous":-0.119,"mobility_strain_delta_previous":-0.056,"economic_opportunity_delta_previous":0.0,"environmental_exposure_delta_previous":-0.024,"fairness_score_delta_previous":0.017,"dominant_metric":"environmental_exposure","dominant_change":"worsened","confidence":"high","evidence":["NI Air Belfast Centre hourly archive","BCCAQ monitoring-site inventory","NDVI/NDBI raster source availability","Tree inventory, road-pressure and River Lagan exposure proxy"]},"geometry":{"type":"Polygon","coordinates":[[[-5.943636,54.635714],[-5.93,54.635714],[-5.93,54.648571],[-5.943636,54.648571],[-5.943636,54.635714]]]}},{"type":"Feature","id":"belfast_09_11_2026","properties":{"cell_id":"belfast_09_11","year":2026,"row":9,"col":11,"population_pressure":0.376,"mobility_strain":0.456,"economic_opportunity":0.13,"environmental_exposure":0.434,"fairness_score":0.349,"development_pressure":0.25,"green_cover":0.738,"bike_access":0.06,"transit_access":0.203,"traffic_pressure":0.22,"planning_intensity":0.253,"deprivation_weight":0.363,"bike_trip_index":0.235,"tree_canopy_context":1.0,"civic_service_context":0.6,"population_pressure_delta_2016":0.132,"mobility_strain_delta_2016":0.017,"economic_opportunity_delta_2016":0.0,"environmental_exposure_delta_2016":0.15,"fairness_score_delta_2016":-0.005,"population_pressure_delta_previous":-0.121,"mobility_strain_delta_previous":-0.055,"economic_opportunity_delta_previous":0.0,"environmental_exposure_delta_previous":-0.016,"fairness_score_delta_previous":0.017,"dominant_metric":"environmental_exposure","dominant_change":"worsened","confidence":"high","evidence":["NI Air Belfast Centre hourly archive","BCCAQ monitoring-site inventory","NDVI/NDBI raster source availability","Tree inventory, road-pressure and River Lagan exposure proxy"]},"geometry":{"type":"Polygon","coordinates":[[[-5.93,54.635714],[-5.916364,54.635714],[-5.916364,54.648571],[-5.93,54.648571],[-5.93,54.635714]]]}},{"type":"Feature","id":"belfast_09_12_2026","properties":{"cell_id":"belfast_09_12","year":2026,"row":9,"col":12,"population_pressure":0.391,"mobility_strain":0.474,"economic_opportunity":0.148,"environmental_exposure":0.545,"fairness_score":0.337,"development_pressure":0.279,"green_cover":0.461,"bike_access":0.058,"transit_access":0.198,"traffic_pressure":0.251,"planning_intensity":0.297,"deprivation_weight":0.439,"bike_trip_index":0.235,"tree_canopy_context":0.0,"civic_service_context":0.6,"population_pressure_delta_2016":0.151,"mobility_strain_delta_2016":0.025,"economic_opportunity_delta_2016":0.0,"environmental_exposure_delta_2016":0.17,"fairness_score_delta_2016":-0.008,"population_pressure_delta_previous":-0.124,"mobility_strain_delta_previous":-0.057,"economic_opportunity_delta_previous":0.0,"environmental_exposure_delta_previous":-0.013,"fairness_score_delta_previous":0.017,"dominant_metric":"environmental_exposure","dominant_change":"worsened","confidence":"high","evidence":["NI Air Belfast Centre hourly archive","BCCAQ monitoring-site inventory","NDVI/NDBI raster source availability","Tree inventory, road-pressure and River Lagan exposure proxy"]},"geometry":{"type":"Polygon","coordinates":[[[-5.916364,54.635714],[-5.902728,54.635714],[-5.902728,54.648571],[-5.916364,54.648571],[-5.916364,54.635714]]]}},{"type":"Feature","id":"belfast_09_13_2026","properties":{"cell_id":"belfast_09_13","year":2026,"row":9,"col":13,"population_pressure":0.365,"mobility_strain":0.467,"economic_opportunity":0.087,"environmental_exposure":0.49,"fairness_score":0.318,"development_pressure":0.257,"green_cover":0.394,"bike_access":0.054,"transit_access":0.189,"traffic_pressure":0.236,"planning_intensity":0.252,"deprivation_weight":0.453,"bike_trip_index":0.235,"tree_canopy_context":0.0,"civic_service_context":0.0,"population_pressure_delta_2016":0.143,"mobility_strain_delta_2016":0.023,"economic_opportunity_delta_2016":0.0,"environmental_exposure_delta_2016":0.181,"fairness_score_delta_2016":-0.007,"population_pressure_delta_previous":-0.128,"mobility_strain_delta_previous":-0.059,"economic_opportunity_delta_previous":0.0,"environmental_exposure_delta_previous":-0.019,"fairness_score_delta_previous":0.018,"dominant_metric":"environmental_exposure","dominant_change":"worsened","confidence":"high","evidence":["NI Air Belfast Centre hourly archive","BCCAQ monitoring-site inventory","NDVI/NDBI raster source availability","Tree inventory, road-pressure and River Lagan exposure proxy"]},"geometry":{"type":"Polygon","coordinates":[[[-5.902727,54.635714],[-5.889091,54.635714],[-5.889091,54.648571],[-5.902727,54.648571],[-5.902727,54.635714]]]}},{"type":"Feature","id":"belfast_09_14_2026","properties":{"cell_id":"belfast_09_14","year":2026,"row":9,"col":14,"population_pressure":0.314,"mobility_strain":0.449,"economic_opportunity":0.062,"environmental_exposure":0.464,"fairness_score":0.324,"development_pressure":0.195,"green_cover":0.33,"bike_access":0.05,"transit_access":0.18,"traffic_pressure":0.206,"planning_intensity":0.163,"deprivation_weight":0.4,"bike_trip_index":0.235,"tree_canopy_context":0.0,"civic_service_context":0.0,"population_pressure_delta_2016":0.112,"mobility_strain_delta_2016":0.012,"economic_opportunity_delta_2016":0.0,"environmental_exposure_delta_2016":0.17,"fairness_score_delta_2016":-0.003,"population_pressure_delta_previous":-0.131,"mobility_strain_delta_previous":-0.061,"economic_opportunity_delta_previous":0.0,"environmental_exposure_delta_previous":-0.029,"fairness_score_delta_previous":0.019,"dominant_metric":"environmental_exposure","dominant_change":"worsened","confidence":"high","evidence":["NI Air Belfast Centre hourly archive","BCCAQ monitoring-site inventory","NDVI/NDBI raster source availability","Tree inventory, road-pressure and River Lagan exposure proxy"]},"geometry":{"type":"Polygon","coordinates":[[[-5.889091,54.635714],[-5.875455,54.635714],[-5.875455,54.648571],[-5.889091,54.648571],[-5.889091,54.635714]]]}},{"type":"Feature","id":"belfast_09_15_2026","properties":{"cell_id":"belfast_09_15","year":2026,"row":9,"col":15,"population_pressure":0.267,"mobility_strain":0.425,"economic_opportunity":0.06,"environmental_exposure":0.452,"fairness_score":0.346,"development_pressure":0.117,"green_cover":0.346,"bike_access":0.05,"transit_access":0.18,"traffic_pressure":0.173,"planning_intensity":0.092,"deprivation_weight":0.295,"bike_trip_index":0.235,"tree_canopy_context":0.0,"civic_service_context":0.0,"population_pressure_delta_2016":0.07,"mobility_strain_delta_2016":-0.004,"economic_opportunity_delta_2016":0.0,"environmental_exposure_delta_2016":0.147,"fairness_score_delta_2016":0.001,"population_pressure_delta_previous":-0.131,"mobility_strain_delta_previous":-0.061,"economic_opportunity_delta_previous":0.0,"environmental_exposure_delta_previous":-0.033,"fairness_score_delta_previous":0.018,"dominant_metric":"environmental_exposure","dominant_change":"worsened","confidence":"high","evidence":["NI Air Belfast Centre hourly archive","BCCAQ monitoring-site inventory","NDVI/NDBI raster source availability","Tree inventory, road-pressure and River Lagan exposure proxy"]},"geometry":{"type":"Polygon","coordinates":[[[-5.875455,54.635714],[-5.861819,54.635714],[-5.861819,54.648571],[-5.875455,54.648571],[-5.875455,54.635714]]]}},{"type":"Feature","id":"belfast_09_16_2026","properties":{"cell_id":"belfast_09_16","year":2026,"row":9,"col":16,"population_pressure":0.249,"mobility_strain":0.415,"economic_opportunity":0.06,"environmental_exposure":0.441,"fairness_score":0.37,"development_pressure":0.085,"green_cover":0.369,"bike_access":0.05,"transit_access":0.18,"traffic_pressure":0.157,"planning_intensity":0.063,"deprivation_weight":0.157,"bike_trip_index":0.235,"tree_canopy_context":0.0,"civic_service_context":0.0,"population_pressure_delta_2016":0.048,"mobility_strain_delta_2016":-0.013,"economic_opportunity_delta_2016":0.0,"environmental_exposure_delta_2016":0.13,"fairness_score_delta_2016":0.004,"population_pressure_delta_previous":-0.127,"mobility_strain_delta_previous":-0.059,"economic_opportunity_delta_previous":0.0,"environmental_exposure_delta_previous":-0.028,"fairness_score_delta_previous":0.018,"dominant_metric":"environmental_exposure","dominant_change":"worsened","confidence":"high","evidence":["NI Air Belfast Centre hourly archive","BCCAQ monitoring-site inventory","NDVI/NDBI raster source availability","Tree inventory, road-pressure and River Lagan exposure proxy"]},"geometry":{"type":"Polygon","coordinates":[[[-5.861818,54.635714],[-5.848182,54.635714],[-5.848182,54.648571],[-5.861818,54.648571],[-5.861818,54.635714]]]}},{"type":"Feature","id":"belfast_09_17_2026","properties":{"cell_id":"belfast_09_17","year":2026,"row":9,"col":17,"population_pressure":0.254,"mobility_strain":0.405,"economic_opportunity":0.06,"environmental_exposure":0.347,"fairness_score":0.397,"development_pressure":0.096,"green_cover":0.656,"bike_access":0.05,"transit_access":0.18,"traffic_pressure":0.134,"planning_intensity":0.068,"deprivation_weight":0.0,"bike_trip_index":0.235,"tree_canopy_context":1.0,"civic_service_context":0.0,"population_pressure_delta_2016":0.048,"mobility_strain_delta_2016":-0.013,"economic_opportunity_delta_2016":0.0,"environmental_exposure_delta_2016":0.134,"fairness_score_delta_2016":0.004,"population_pressure_delta_previous":-0.122,"mobility_strain_delta_previous":-0.057,"economic_opportunity_delta_previous":0.0,"environmental_exposure_delta_previous":-0.018,"fairness_score_delta_previous":0.017,"dominant_metric":"environmental_exposure","dominant_change":"worsened","confidence":"high","evidence":["NI Air Belfast Centre hourly archive","BCCAQ monitoring-site inventory","NDVI/NDBI raster source availability","Tree inventory, road-pressure and River Lagan exposure proxy"]},"geometry":{"type":"Polygon","coordinates":[[[-5.848182,54.635714],[-5.834546,54.635714],[-5.834546,54.648571],[-5.848182,54.648571],[-5.848182,54.635714]]]}},{"type":"Feature","id":"belfast_09_18_2026","properties":{"cell_id":"belfast_09_18","year":2026,"row":9,"col":18,"population_pressure":0.266,"mobility_strain":0.411,"economic_opportunity":0.06,"environmental_exposure":0.358,"fairness_score":0.395,"development_pressure":0.118,"green_cover":0.621,"bike_access":0.05,"transit_access":0.18,"traffic_pressure":0.14,"planning_intensity":0.079,"deprivation_weight":0.0,"bike_trip_index":0.235,"tree_canopy_context":1.0,"civic_service_context":0.0,"population_pressure_delta_2016":0.064,"mobility_strain_delta_2016":-0.005,"economic_opportunity_delta_2016":0.0,"environmental_exposure_delta_2016":0.153,"fairness_score_delta_2016":0.002,"population_pressure_delta_previous":-0.119,"mobility_strain_delta_previous":-0.054,"economic_opportunity_delta_previous":0.0,"environmental_exposure_delta_previous":-0.013,"fairness_score_delta_previous":0.017,"dominant_metric":"environmental_exposure","dominant_change":"worsened","confidence":"high","evidence":["NI Air Belfast Centre hourly archive","BCCAQ monitoring-site inventory","NDVI/NDBI raster source availability","Tree inventory, road-pressure and River Lagan exposure proxy"]},"geometry":{"type":"Polygon","coordinates":[[[-5.834545,54.635714],[-5.820909,54.635714],[-5.820909,54.648571],[-5.834545,54.648571],[-5.834545,54.635714]]]}},{"type":"Feature","id":"belfast_09_19_2026","properties":{"cell_id":"belfast_09_19","year":2026,"row":9,"col":19,"population_pressure":0.278,"mobility_strain":0.423,"economic_opportunity":0.06,"environmental_exposure":0.421,"fairness_score":0.391,"development_pressure":0.141,"green_cover":0.43,"bike_access":0.05,"transit_access":0.18,"traffic_pressure":0.161,"planning_intensity":0.09,"deprivation_weight":0.0,"bike_trip_index":0.235,"tree_canopy_context":0.447,"civic_service_context":0.0,"population_pressure_delta_2016":0.087,"mobility_strain_delta_2016":0.005,"economic_opportunity_delta_2016":0.0,"environmental_exposure_delta_2016":0.171,"fairness_score_delta_2016":-0.002,"population_pressure_delta_previous":-0.12,"mobility_strain_delta_previous":-0.055,"economic_opportunity_delta_previous":0.0,"environmental_exposure_delta_previous":-0.016,"fairness_score_delta_previous":0.016,"dominant_metric":"environmental_exposure","dominant_change":"worsened","confidence":"high","evidence":["NI Air Belfast Centre hourly archive","BCCAQ monitoring-site inventory","NDVI/NDBI raster source availability","Tree inventory, road-pressure and River Lagan exposure proxy"]},"geometry":{"type":"Polygon","coordinates":[[[-5.820909,54.635714],[-5.807273,54.635714],[-5.807273,54.648571],[-5.820909,54.648571],[-5.820909,54.635714]]]}},{"type":"Feature","id":"belfast_09_20_2026","properties":{"cell_id":"belfast_09_20","year":2026,"row":9,"col":20,"population_pressure":0.285,"mobility_strain":0.43,"economic_opportunity":0.06,"environmental_exposure":0.463,"fairness_score":0.389,"development_pressure":0.154,"green_cover":0.301,"bike_access":0.05,"transit_access":0.18,"traffic_pressure":0.175,"planning_intensity":0.097,"deprivation_weight":0.0,"bike_trip_index":0.235,"tree_canopy_context":0.0,"civic_service_context":0.0,"population_pressure_delta_2016":0.106,"mobility_strain_delta_2016":0.012,"economic_opportunity_delta_2016":0.0,"environmental_exposure_delta_2016":0.172,"fairness_score_delta_2016":-0.004,"population_pressure_delta_previous":-0.124,"mobility_strain_delta_previous":-0.058,"economic_opportunity_delta_previous":0.0,"environmental_exposure_delta_previous":-0.026,"fairness_score_delta_previous":0.017,"dominant_metric":"environmental_exposure","dominant_change":"worsened","confidence":"high","evidence":["NI Air Belfast Centre hourly archive","BCCAQ monitoring-site inventory","NDVI/NDBI raster source availability","Tree inventory, road-pressure and River Lagan exposure proxy"]},"geometry":{"type":"Polygon","coordinates":[[[-5.807273,54.635714],[-5.793637,54.635714],[-5.793637,54.648571],[-5.807273,54.648571],[-5.807273,54.635714]]]}},{"type":"Feature","id":"belfast_09_21_2026","properties":{"cell_id":"belfast_09_21","year":2026,"row":9,"col":21,"population_pressure":0.284,"mobility_strain":0.429,"economic_opportunity":0.06,"environmental_exposure":0.454,"fairness_score":0.39,"development_pressure":0.151,"green_cover":0.33,"bike_access":0.05,"transit_access":0.18,"traffic_pressure":0.172,"planning_intensity":0.096,"deprivation_weight":0.0,"bike_trip_index":0.235,"tree_canopy_context":0.0,"civic_service_context":0.0,"population_pressure_delta_2016":0.114,"mobility_strain_delta_2016":0.013,"economic_opportunity_delta_2016":0.0,"environmental_exposure_delta_2016":0.157,"fairness_score_delta_2016":-0.003,"population_pressure_delta_previous":-0.128,"mobility_strain_delta_previous":-0.06,"economic_opportunity_delta_previous":0.0,"environmental_exposure_delta_previous":-0.032,"fairness_score_delta_previous":0.019,"dominant_metric":"environmental_exposure","dominant_change":"worsened","confidence":"high","evidence":["NI Air Belfast Centre hourly archive","BCCAQ monitoring-site inventory","NDVI/NDBI raster source availability","Tree inventory, road-pressure and River Lagan exposure proxy"]},"geometry":{"type":"Polygon","coordinates":[[[-5.793636,54.635714],[-5.78,54.635714],[-5.78,54.648571],[-5.793636,54.648571],[-5.793636,54.635714]]]}},{"type":"Feature","id":"belfast_10_00_2026","properties":{"cell_id":"belfast_10_00","year":2026,"row":10,"col":0,"population_pressure":0.285,"mobility_strain":0.431,"economic_opportunity":0.06,"environmental_exposure":0.466,"fairness_score":0.389,"development_pressure":0.154,"green_cover":0.293,"bike_access":0.05,"transit_access":0.18,"traffic_pressure":0.175,"planning_intensity":0.097,"deprivation_weight":0.0,"bike_trip_index":0.235,"tree_canopy_context":0.0,"civic_service_context":0.0,"population_pressure_delta_2016":0.106,"mobility_strain_delta_2016":0.012,"economic_opportunity_delta_2016":0.0,"environmental_exposure_delta_2016":0.171,"fairness_score_delta_2016":-0.004,"population_pressure_delta_previous":-0.123,"mobility_strain_delta_previous":-0.056,"economic_opportunity_delta_previous":0.0,"environmental_exposure_delta_previous":-0.015,"fairness_score_delta_previous":0.017,"dominant_metric":"environmental_exposure","dominant_change":"worsened","confidence":"high","evidence":["NI Air Belfast Centre hourly archive","BCCAQ monitoring-site inventory","NDVI/NDBI raster source availability","Tree inventory, road-pressure and River Lagan exposure proxy"]},"geometry":{"type":"Polygon","coordinates":[[[-6.08,54.648571],[-6.066364,54.648571],[-6.066364,54.661428],[-6.08,54.661428],[-6.08,54.648571]]]}},{"type":"Feature","id":"belfast_10_01_2026","properties":{"cell_id":"belfast_10_01","year":2026,"row":10,"col":1,"population_pressure":0.284,"mobility_strain":0.43,"economic_opportunity":0.06,"environmental_exposure":0.464,"fairness_score":0.389,"development_pressure":0.152,"green_cover":0.299,"bike_access":0.05,"transit_access":0.18,"traffic_pressure":0.174,"planning_intensity":0.096,"deprivation_weight":0.0,"bike_trip_index":0.235,"tree_canopy_context":0.0,"civic_service_context":0.0,"population_pressure_delta_2016":0.114,"mobility_strain_delta_2016":0.015,"economic_opportunity_delta_2016":0.0,"environmental_exposure_delta_2016":0.174,"fairness_score_delta_2016":-0.005,"population_pressure_delta_previous":-0.128,"mobility_strain_delta_previous":-0.059,"economic_opportunity_delta_previous":0.0,"environmental_exposure_delta_previous":-0.025,"fairness_score_delta_previous":0.018,"dominant_metric":"environmental_exposure","dominant_change":"worsened","confidence":"high","evidence":["NI Air Belfast Centre hourly archive","BCCAQ monitoring-site inventory","NDVI/NDBI raster source availability","Tree inventory, road-pressure and River Lagan exposure proxy"]},"geometry":{"type":"Polygon","coordinates":[[[-6.066364,54.648571],[-6.052728,54.648571],[-6.052728,54.661428],[-6.066364,54.661428],[-6.066364,54.648571]]]}},{"type":"Feature","id":"belfast_10_02_2026","properties":{"cell_id":"belfast_10_02","year":2026,"row":10,"col":2,"population_pressure":0.275,"mobility_strain":0.426,"economic_opportunity":0.06,"environmental_exposure":0.454,"fairness_score":0.39,"development_pressure":0.135,"green_cover":0.329,"bike_access":0.05,"transit_access":0.18,"traffic_pressure":0.169,"planning_intensity":0.087,"deprivation_weight":0.0,"bike_trip_index":0.235,"tree_canopy_context":0.0,"civic_service_context":0.0,"population_pressure_delta_2016":0.106,"mobility_strain_delta_2016":0.011,"economic_opportunity_delta_2016":0.0,"environmental_exposure_delta_2016":0.159,"fairness_score_delta_2016":-0.004,"population_pressure_delta_previous":-0.133,"mobility_strain_delta_previous":-0.061,"economic_opportunity_delta_previous":0.0,"environmental_exposure_delta_previous":-0.033,"fairness_score_delta_previous":0.018,"dominant_metric":"environmental_exposure","dominant_change":"worsened","confidence":"high","evidence":["NI Air Belfast Centre hourly archive","BCCAQ monitoring-site inventory","NDVI/NDBI raster source availability","Tree inventory, road-pressure and River Lagan exposure proxy"]},"geometry":{"type":"Polygon","coordinates":[[[-6.052727,54.648571],[-6.039091,54.648571],[-6.039091,54.661428],[-6.052727,54.661428],[-6.052727,54.648571]]]}},{"type":"Feature","id":"belfast_10_03_2026","properties":{"cell_id":"belfast_10_03","year":2026,"row":10,"col":3,"population_pressure":0.262,"mobility_strain":0.42,"economic_opportunity":0.06,"environmental_exposure":0.444,"fairness_score":0.392,"development_pressure":0.111,"green_cover":0.359,"bike_access":0.05,"transit_access":0.18,"traffic_pressure":0.162,"planning_intensity":0.075,"deprivation_weight":0.0,"bike_trip_index":0.235,"tree_canopy_context":0.0,"civic_service_context":0.0,"population_pressure_delta_2016":0.085,"mobility_strain_delta_2016":0.001,"economic_opportunity_delta_2016":0.0,"environmental_exposure_delta_2016":0.139,"fairness_score_delta_2016":0.0,"population_pressure_delta_previous":-0.134,"mobility_strain_delta_previous":-0.062,"economic_opportunity_delta_previous":0.0,"environmental_exposure_delta_previous":-0.032,"fairness_score_delta_previous":0.018,"dominant_metric":"environmental_exposure","dominant_change":"worsened","confidence":"high","evidence":["NI Air Belfast Centre hourly archive","BCCAQ monitoring-site inventory","NDVI/NDBI raster source availability","Tree inventory, road-pressure and River Lagan exposure proxy"]},"geometry":{"type":"Polygon","coordinates":[[[-6.039091,54.648571],[-6.025455,54.648571],[-6.025455,54.661428],[-6.039091,54.661428],[-6.039091,54.648571]]]}},{"type":"Feature","id":"belfast_10_04_2026","properties":{"cell_id":"belfast_10_04","year":2026,"row":10,"col":4,"population_pressure":0.252,"mobility_strain":0.416,"economic_opportunity":0.06,"environmental_exposure":0.443,"fairness_score":0.393,"development_pressure":0.091,"green_cover":0.363,"bike_access":0.05,"transit_access":0.18,"traffic_pressure":0.159,"planning_intensity":0.066,"deprivation_weight":0.0,"bike_trip_index":0.235,"tree_canopy_context":0.0,"civic_service_context":0.0,"population_pressure_delta_2016":0.063,"mobility_strain_delta_2016":-0.008,"economic_opportunity_delta_2016":0.0,"environmental_exposure_delta_2016":0.131,"fairness_score_delta_2016":0.002,"population_pressure_delta_previous":-0.132,"mobility_strain_delta_previous":-0.06,"economic_opportunity_delta_previous":0.0,"environmental_exposure_delta_previous":-0.023,"fairness_score_delta_previous":0.018,"dominant_metric":"environmental_exposure","dominant_change":"worsened","confidence":"high","evidence":["NI Air Belfast Centre hourly archive","BCCAQ monitoring-site inventory","NDVI/NDBI raster source availability","Tree inventory, road-pressure and River Lagan exposure proxy"]},"geometry":{"type":"Polygon","coordinates":[[[-6.025455,54.648571],[-6.011819,54.648571],[-6.011819,54.661428],[-6.025455,54.661428],[-6.025455,54.648571]]]}},{"type":"Feature","id":"belfast_10_05_2026","properties":{"cell_id":"belfast_10_05","year":2026,"row":10,"col":5,"population_pressure":0.249,"mobility_strain":0.416,"economic_opportunity":0.06,"environmental_exposure":0.451,"fairness_score":0.393,"development_pressure":0.085,"green_cover":0.34,"bike_access":0.05,"transit_access":0.18,"traffic_pressure":0.16,"planning_intensity":0.063,"deprivation_weight":0.0,"bike_trip_index":0.235,"tree_canopy_context":0.0,"civic_service_context":0.0,"population_pressure_delta_2016":0.048,"mobility_strain_delta_2016":-0.012,"economic_opportunity_delta_2016":0.0,"environmental_exposure_delta_2016":0.142,"fairness_score_delta_2016":0.003,"population_pressure_delta_previous":-0.127,"mobility_strain_delta_previous":-0.057,"economic_opportunity_delta_previous":0.0,"environmental_exposure_delta_previous":-0.015,"fairness_score_delta_previous":0.017,"dominant_metric":"environmental_exposure","dominant_change":"worsened","confidence":"high","evidence":["NI Air Belfast Centre hourly archive","BCCAQ monitoring-site inventory","NDVI/NDBI raster source availability","Tree inventory, road-pressure and River Lagan exposure proxy"]},"geometry":{"type":"Polygon","coordinates":[[[-6.011818,54.648571],[-5.998182,54.648571],[-5.998182,54.661428],[-6.011818,54.661428],[-6.011818,54.648571]]]}},{"type":"Feature","id":"belfast_10_06_2026","properties":{"cell_id":"belfast_10_06","year":2026,"row":10,"col":6,"population_pressure":0.254,"mobility_strain":0.419,"economic_opportunity":0.06,"environmental_exposure":0.46,"fairness_score":0.393,"development_pressure":0.095,"green_cover":0.312,"bike_access":0.05,"transit_access":0.18,"traffic_pressure":0.164,"planning_intensity":0.068,"deprivation_weight":0.0,"bike_trip_index":0.235,"tree_canopy_context":0.0,"civic_service_context":0.0,"population_pressure_delta_2016":0.048,"mobility_strain_delta_2016":-0.01,"economic_opportunity_delta_2016":0.0,"environmental_exposure_delta_2016":0.16,"fairness_score_delta_2016":0.003,"population_pressure_delta_previous":-0.122,"mobility_strain_delta_previous":-0.056,"economic_opportunity_delta_previous":0.0,"environmental_exposure_delta_previous":-0.014,"fairness_score_delta_previous":0.017,"dominant_metric":"environmental_exposure","dominant_change":"worsened","confidence":"high","evidence":["NI Air Belfast Centre hourly archive","BCCAQ monitoring-site inventory","NDVI/NDBI raster source availability","Tree inventory, road-pressure and River Lagan exposure proxy"]},"geometry":{"type":"Polygon","coordinates":[[[-5.998182,54.648571],[-5.984546,54.648571],[-5.984546,54.661428],[-5.998182,54.661428],[-5.998182,54.648571]]]}},{"type":"Feature","id":"belfast_10_07_2026","properties":{"cell_id":"belfast_10_07","year":2026,"row":10,"col":7,"population_pressure":0.266,"mobility_strain":0.423,"economic_opportunity":0.06,"environmental_exposure":0.463,"fairness_score":0.391,"development_pressure":0.117,"green_cover":0.303,"bike_access":0.05,"transit_access":0.18,"traffic_pressure":0.168,"planning_intensity":0.079,"deprivation_weight":0.0,"bike_trip_index":0.235,"tree_canopy_context":0.0,"civic_service_context":0.0,"population_pressure_delta_2016":0.064,"mobility_strain_delta_2016":-0.004,"economic_opportunity_delta_2016":0.0,"environmental_exposure_delta_2016":0.17,"fairness_score_delta_2016":0.001,"population_pressure_delta_previous":-0.119,"mobility_strain_delta_previous":-0.056,"economic_opportunity_delta_previous":0.0,"environmental_exposure_delta_previous":-0.021,"fairness_score_delta_previous":0.017,"dominant_metric":"environmental_exposure","dominant_change":"worsened","confidence":"high","evidence":["NI Air Belfast Centre hourly archive","BCCAQ monitoring-site inventory","NDVI/NDBI raster source availability","Tree inventory, road-pressure and River Lagan exposure proxy"]},"geometry":{"type":"Polygon","coordinates":[[[-5.984545,54.648571],[-5.970909,54.648571],[-5.970909,54.661428],[-5.984545,54.661428],[-5.984545,54.648571]]]}},{"type":"Feature","id":"belfast_10_08_2026","properties":{"cell_id":"belfast_10_08","year":2026,"row":10,"col":8,"population_pressure":0.278,"mobility_strain":0.427,"economic_opportunity":0.06,"environmental_exposure":0.457,"fairness_score":0.386,"development_pressure":0.14,"green_cover":0.32,"bike_access":0.05,"transit_access":0.18,"traffic_pressure":0.171,"planning_intensity":0.09,"deprivation_weight":0.028,"bike_trip_index":0.235,"tree_canopy_context":0.0,"civic_service_context":0.0,"population_pressure_delta_2016":0.086,"mobility_strain_delta_2016":0.004,"economic_opportunity_delta_2016":0.0,"environmental_exposure_delta_2016":0.162,"fairness_score_delta_2016":-0.001,"population_pressure_delta_previous":-0.12,"mobility_strain_delta_previous":-0.057,"economic_opportunity_delta_previous":0.0,"environmental_exposure_delta_previous":-0.029,"fairness_score_delta_previous":0.017,"dominant_metric":"environmental_exposure","dominant_change":"worsened","confidence":"high","evidence":["NI Air Belfast Centre hourly archive","BCCAQ monitoring-site inventory","NDVI/NDBI raster source availability","Tree inventory, road-pressure and River Lagan exposure proxy"]},"geometry":{"type":"Polygon","coordinates":[[[-5.970909,54.648571],[-5.957273,54.648571],[-5.957273,54.661428],[-5.970909,54.661428],[-5.970909,54.648571]]]}},{"type":"Feature","id":"belfast_10_09_2026","properties":{"cell_id":"belfast_10_09","year":2026,"row":10,"col":9,"population_pressure":0.285,"mobility_strain":0.417,"economic_opportunity":0.06,"environmental_exposure":0.35,"fairness_score":0.381,"development_pressure":0.154,"green_cover":0.646,"bike_access":0.05,"transit_access":0.18,"traffic_pressure":0.144,"planning_intensity":0.097,"deprivation_weight":0.079,"bike_trip_index":0.235,"tree_canopy_context":1.0,"civic_service_context":0.0,"population_pressure_delta_2016":0.106,"mobility_strain_delta_2016":0.009,"economic_opportunity_delta_2016":0.0,"environmental_exposure_delta_2016":0.146,"fairness_score_delta_2016":-0.003,"population_pressure_delta_previous":-0.124,"mobility_strain_delta_previous":-0.058,"economic_opportunity_delta_previous":0.0,"environmental_exposure_delta_previous":-0.031,"fairness_score_delta_previous":0.017,"dominant_metric":"environmental_exposure","dominant_change":"worsened","confidence":"high","evidence":["NI Air Belfast Centre hourly archive","BCCAQ monitoring-site inventory","NDVI/NDBI raster source availability","Tree inventory, road-pressure and River Lagan exposure proxy"]},"geometry":{"type":"Polygon","coordinates":[[[-5.957273,54.648571],[-5.943637,54.648571],[-5.943637,54.661428],[-5.957273,54.661428],[-5.957273,54.648571]]]}},{"type":"Feature","id":"belfast_10_10_2026","properties":{"cell_id":"belfast_10_10","year":2026,"row":10,"col":10,"population_pressure":0.284,"mobility_strain":0.414,"economic_opportunity":0.079,"environmental_exposure":0.332,"fairness_score":0.386,"development_pressure":0.152,"green_cover":0.701,"bike_access":0.05,"transit_access":0.18,"traffic_pressure":0.139,"planning_intensity":0.096,"deprivation_weight":0.09,"bike_trip_index":0.235,"tree_canopy_context":1.0,"civic_service_context":0.2,"population_pressure_delta_2016":0.114,"mobility_strain_delta_2016":0.011,"economic_opportunity_delta_2016":0.0,"environmental_exposure_delta_2016":0.138,"fairness_score_delta_2016":-0.003,"population_pressure_delta_previous":-0.128,"mobility_strain_delta_previous":-0.059,"economic_opportunity_delta_previous":0.0,"environmental_exposure_delta_previous":-0.026,"fairness_score_delta_previous":0.018,"dominant_metric":"environmental_exposure","dominant_change":"worsened","confidence":"high","evidence":["NI Air Belfast Centre hourly archive","BCCAQ monitoring-site inventory","NDVI/NDBI raster source availability","Tree inventory, road-pressure and River Lagan exposure proxy"]},"geometry":{"type":"Polygon","coordinates":[[[-5.943636,54.648571],[-5.93,54.648571],[-5.93,54.661428],[-5.943636,54.661428],[-5.943636,54.648571]]]}},{"type":"Feature","id":"belfast_10_11_2026","properties":{"cell_id":"belfast_10_11","year":2026,"row":10,"col":11,"population_pressure":0.278,"mobility_strain":0.421,"economic_opportunity":0.097,"environmental_exposure":0.415,"fairness_score":0.391,"development_pressure":0.134,"green_cover":0.447,"bike_access":0.05,"transit_access":0.18,"traffic_pressure":0.158,"planning_intensity":0.11,"deprivation_weight":0.078,"bike_trip_index":0.235,"tree_canopy_context":0.153,"civic_service_context":0.4,"population_pressure_delta_2016":0.105,"mobility_strain_delta_2016":0.009,"economic_opportunity_delta_2016":0.0,"environmental_exposure_delta_2016":0.144,"fairness_score_delta_2016":-0.003,"population_pressure_delta_previous":-0.133,"mobility_strain_delta_previous":-0.06,"economic_opportunity_delta_previous":0.0,"environmental_exposure_delta_previous":-0.018,"fairness_score_delta_previous":0.018,"dominant_metric":"environmental_exposure","dominant_change":"worsened","confidence":"high","evidence":["NI Air Belfast Centre hourly archive","BCCAQ monitoring-site inventory","NDVI/NDBI raster source availability","Tree inventory, road-pressure and River Lagan exposure proxy"]},"geometry":{"type":"Polygon","coordinates":[[[-5.93,54.648571],[-5.916364,54.648571],[-5.916364,54.661428],[-5.93,54.661428],[-5.93,54.648571]]]}},{"type":"Feature","id":"belfast_10_12_2026","properties":{"cell_id":"belfast_10_12","year":2026,"row":10,"col":12,"population_pressure":0.271,"mobility_strain":0.418,"economic_opportunity":0.079,"environmental_exposure":0.491,"fairness_score":0.379,"development_pressure":0.11,"green_cover":0.407,"bike_access":0.05,"transit_access":0.18,"traffic_pressure":0.158,"planning_intensity":0.135,"deprivation_weight":0.129,"bike_trip_index":0.235,"tree_canopy_context":0.0,"civic_service_context":0.2,"population_pressure_delta_2016":0.085,"mobility_strain_delta_2016":0.003,"economic_opportunity_delta_2016":0.0,"environmental_exposure_delta_2016":0.16,"fairness_score_delta_2016":-0.001,"population_pressure_delta_previous":-0.134,"mobility_strain_delta_previous":-0.06,"economic_opportunity_delta_previous":0.0,"environmental_exposure_delta_previous":-0.015,"fairness_score_delta_previous":0.018,"dominant_metric":"environmental_exposure","dominant_change":"worsened","confidence":"high","evidence":["NI Air Belfast Centre hourly archive","BCCAQ monitoring-site inventory","NDVI/NDBI raster source availability","Tree inventory, road-pressure and River Lagan exposure proxy"]},"geometry":{"type":"Polygon","coordinates":[[[-5.916364,54.648571],[-5.902728,54.648571],[-5.902728,54.661428],[-5.916364,54.661428],[-5.916364,54.648571]]]}},{"type":"Feature","id":"belfast_10_13_2026","properties":{"cell_id":"belfast_10_13","year":2026,"row":10,"col":13,"population_pressure":0.261,"mobility_strain":0.416,"economic_opportunity":0.06,"environmental_exposure":0.512,"fairness_score":0.372,"development_pressure":0.091,"green_cover":0.356,"bike_access":0.05,"transit_access":0.18,"traffic_pressure":0.16,"planning_intensity":0.127,"deprivation_weight":0.138,"bike_trip_index":0.235,"tree_canopy_context":0.0,"civic_service_context":0.0,"population_pressure_delta_2016":0.062,"mobility_strain_delta_2016":-0.004,"economic_opportunity_delta_2016":0.0,"environmental_exposure_delta_2016":0.168,"fairness_score_delta_2016":0.001,"population_pressure_delta_previous":-0.132,"mobility_strain_delta_previous":-0.06,"economic_opportunity_delta_previous":0.0,"environmental_exposure_delta_previous":-0.02,"fairness_score_delta_previous":0.018,"dominant_metric":"environmental_exposure","dominant_change":"worsened","confidence":"high","evidence":["NI Air Belfast Centre hourly archive","BCCAQ monitoring-site inventory","NDVI/NDBI raster source availability","Tree inventory, road-pressure and River Lagan exposure proxy"]},"geometry":{"type":"Polygon","coordinates":[[[-5.902727,54.648571],[-5.889091,54.648571],[-5.889091,54.661428],[-5.902727,54.661428],[-5.902727,54.648571]]]}},{"type":"Feature","id":"belfast_10_14_2026","properties":{"cell_id":"belfast_10_14","year":2026,"row":10,"col":14,"population_pressure":0.253,"mobility_strain":0.415,"economic_opportunity":0.06,"environmental_exposure":0.45,"fairness_score":0.378,"development_pressure":0.085,"green_cover":0.347,"bike_access":0.05,"transit_access":0.18,"traffic_pressure":0.159,"planning_intensity":0.09,"deprivation_weight":0.104,"bike_trip_index":0.235,"tree_canopy_context":0.0,"civic_service_context":0.0,"population_pressure_delta_2016":0.048,"mobility_strain_delta_2016":-0.01,"economic_opportunity_delta_2016":0.0,"environmental_exposure_delta_2016":0.161,"fairness_score_delta_2016":0.003,"population_pressure_delta_previous":-0.127,"mobility_strain_delta_previous":-0.06,"economic_opportunity_delta_previous":0.0,"environmental_exposure_delta_previous":-0.029,"fairness_score_delta_previous":0.018,"dominant_metric":"environmental_exposure","dominant_change":"worsened","confidence":"high","evidence":["NI Air Belfast Centre hourly archive","BCCAQ monitoring-site inventory","NDVI/NDBI raster source availability","Tree inventory, road-pressure and River Lagan exposure proxy"]},"geometry":{"type":"Polygon","coordinates":[[[-5.889091,54.648571],[-5.875455,54.648571],[-5.875455,54.661428],[-5.889091,54.661428],[-5.889091,54.648571]]]}},{"type":"Feature","id":"belfast_10_15_2026","properties":{"cell_id":"belfast_10_15","year":2026,"row":10,"col":15,"population_pressure":0.254,"mobility_strain":0.417,"economic_opportunity":0.06,"environmental_exposure":0.447,"fairness_score":0.388,"development_pressure":0.096,"green_cover":0.351,"bike_access":0.05,"transit_access":0.18,"traffic_pressure":0.161,"planning_intensity":0.068,"deprivation_weight":0.03,"bike_trip_index":0.235,"tree_canopy_context":0.0,"civic_service_context":0.0,"population_pressure_delta_2016":0.048,"mobility_strain_delta_2016":-0.012,"economic_opportunity_delta_2016":0.0,"environmental_exposure_delta_2016":0.144,"fairness_score_delta_2016":0.003,"population_pressure_delta_previous":-0.122,"mobility_strain_delta_previous":-0.058,"economic_opportunity_delta_previous":0.0,"environmental_exposure_delta_previous":-0.032,"fairness_score_delta_previous":0.017,"dominant_metric":"environmental_exposure","dominant_change":"worsened","confidence":"high","evidence":["NI Air Belfast Centre hourly archive","BCCAQ monitoring-site inventory","NDVI/NDBI raster source availability","Tree inventory, road-pressure and River Lagan exposure proxy"]},"geometry":{"type":"Polygon","coordinates":[[[-5.875455,54.648571],[-5.861819,54.648571],[-5.861819,54.661428],[-5.875455,54.661428],[-5.875455,54.648571]]]}},{"type":"Feature","id":"belfast_10_16_2026","properties":{"cell_id":"belfast_10_16","year":2026,"row":10,"col":16,"population_pressure":0.266,"mobility_strain":0.421,"economic_opportunity":0.06,"environmental_exposure":0.444,"fairness_score":0.392,"development_pressure":0.118,"green_cover":0.361,"bike_access":0.05,"transit_access":0.18,"traffic_pressure":0.163,"planning_intensity":0.079,"deprivation_weight":0.0,"bike_trip_index":0.235,"tree_canopy_context":0.0,"civic_service_context":0.0,"population_pressure_delta_2016":0.064,"mobility_strain_delta_2016":-0.008,"economic_opportunity_delta_2016":0.0,"environmental_exposure_delta_2016":0.133,"fairness_score_delta_2016":0.003,"population_pressure_delta_previous":-0.119,"mobility_strain_delta_previous":-0.056,"economic_opportunity_delta_previous":0.0,"environmental_exposure_delta_previous":-0.026,"fairness_score_delta_previous":0.017,"dominant_metric":"environmental_exposure","dominant_change":"worsened","confidence":"high","evidence":["NI Air Belfast Centre hourly archive","BCCAQ monitoring-site inventory","NDVI/NDBI raster source availability","Tree inventory, road-pressure and River Lagan exposure proxy"]},"geometry":{"type":"Polygon","coordinates":[[[-5.861818,54.648571],[-5.848182,54.648571],[-5.848182,54.661428],[-5.861818,54.661428],[-5.861818,54.648571]]]}},{"type":"Feature","id":"belfast_10_17_2026","properties":{"cell_id":"belfast_10_17","year":2026,"row":10,"col":17,"population_pressure":0.278,"mobility_strain":0.426,"economic_opportunity":0.06,"environmental_exposure":0.45,"fairness_score":0.39,"development_pressure":0.141,"green_cover":0.342,"bike_access":0.05,"transit_access":0.18,"traffic_pressure":0.169,"planning_intensity":0.09,"deprivation_weight":0.0,"bike_trip_index":0.235,"tree_canopy_context":0.0,"civic_service_context":0.0,"population_pressure_delta_2016":0.087,"mobility_strain_delta_2016":0.001,"economic_opportunity_delta_2016":0.0,"environmental_exposure_delta_2016":0.139,"fairness_score_delta_2016":-0.001,"population_pressure_delta_previous":-0.12,"mobility_strain_delta_previous":-0.055,"economic_opportunity_delta_previous":0.0,"environmental_exposure_delta_previous":-0.018,"fairness_score_delta_previous":0.016,"dominant_metric":"environmental_exposure","dominant_change":"worsened","confidence":"high","evidence":["NI Air Belfast Centre hourly archive","BCCAQ monitoring-site inventory","NDVI/NDBI raster source availability","Tree inventory, road-pressure and River Lagan exposure proxy"]},"geometry":{"type":"Polygon","coordinates":[[[-5.848182,54.648571],[-5.834546,54.648571],[-5.834546,54.661428],[-5.848182,54.661428],[-5.848182,54.648571]]]}},{"type":"Feature","id":"belfast_10_18_2026","properties":{"cell_id":"belfast_10_18","year":2026,"row":10,"col":18,"population_pressure":0.285,"mobility_strain":0.43,"economic_opportunity":0.06,"environmental_exposure":0.46,"fairness_score":0.389,"development_pressure":0.154,"green_cover":0.31,"bike_access":0.05,"transit_access":0.18,"traffic_pressure":0.174,"planning_intensity":0.097,"deprivation_weight":0.0,"bike_trip_index":0.235,"tree_canopy_context":0.0,"civic_service_context":0.0,"population_pressure_delta_2016":0.106,"mobility_strain_delta_2016":0.011,"economic_opportunity_delta_2016":0.0,"environmental_exposure_delta_2016":0.158,"fairness_score_delta_2016":-0.003,"population_pressure_delta_previous":-0.124,"mobility_strain_delta_previous":-0.056,"economic_opportunity_delta_previous":0.0,"environmental_exposure_delta_previous":-0.013,"fairness_score_delta_previous":0.017,"dominant_metric":"environmental_exposure","dominant_change":"worsened","confidence":"high","evidence":["NI Air Belfast Centre hourly archive","BCCAQ monitoring-site inventory","NDVI/NDBI raster source availability","Tree inventory, road-pressure and River Lagan exposure proxy"]},"geometry":{"type":"Polygon","coordinates":[[[-5.834545,54.648571],[-5.820909,54.648571],[-5.820909,54.661428],[-5.834545,54.661428],[-5.834545,54.648571]]]}},{"type":"Feature","id":"belfast_10_19_2026","properties":{"cell_id":"belfast_10_19","year":2026,"row":10,"col":19,"population_pressure":0.284,"mobility_strain":0.43,"economic_opportunity":0.06,"environmental_exposure":0.466,"fairness_score":0.389,"development_pressure":0.151,"green_cover":0.293,"bike_access":0.05,"transit_access":0.18,"traffic_pressure":0.175,"planning_intensity":0.096,"deprivation_weight":0.0,"bike_trip_index":0.235,"tree_canopy_context":0.0,"civic_service_context":0.0,"population_pressure_delta_2016":0.114,"mobility_strain_delta_2016":0.015,"economic_opportunity_delta_2016":0.0,"environmental_exposure_delta_2016":0.174,"fairness_score_delta_2016":-0.005,"population_pressure_delta_previous":-0.128,"mobility_strain_delta_previous":-0.058,"economic_opportunity_delta_previous":0.0,"environmental_exposure_delta_previous":-0.017,"fairness_score_delta_previous":0.017,"dominant_metric":"environmental_exposure","dominant_change":"worsened","confidence":"high","evidence":["NI Air Belfast Centre hourly archive","BCCAQ monitoring-site inventory","NDVI/NDBI raster source availability","Tree inventory, road-pressure and River Lagan exposure proxy"]},"geometry":{"type":"Polygon","coordinates":[[[-5.820909,54.648571],[-5.807273,54.648571],[-5.807273,54.661428],[-5.820909,54.661428],[-5.820909,54.648571]]]}},{"type":"Feature","id":"belfast_10_20_2026","properties":{"cell_id":"belfast_10_20","year":2026,"row":10,"col":20,"population_pressure":0.275,"mobility_strain":0.426,"economic_opportunity":0.06,"environmental_exposure":0.462,"fairness_score":0.39,"development_pressure":0.134,"green_cover":0.306,"bike_access":0.05,"transit_access":0.18,"traffic_pressure":0.171,"planning_intensity":0.087,"deprivation_weight":0.0,"bike_trip_index":0.235,"tree_canopy_context":0.0,"civic_service_context":0.0,"population_pressure_delta_2016":0.106,"mobility_strain_delta_2016":0.011,"economic_opportunity_delta_2016":0.0,"environmental_exposure_delta_2016":0.172,"fairness_score_delta_2016":-0.004,"population_pressure_delta_previous":-0.132,"mobility_strain_delta_previous":-0.061,"economic_opportunity_delta_previous":0.0,"environmental_exposure_delta_previous":-0.026,"fairness_score_delta_previous":0.018,"dominant_metric":"environmental_exposure","dominant_change":"worsened","confidence":"high","evidence":["NI Air Belfast Centre hourly archive","BCCAQ monitoring-site inventory","NDVI/NDBI raster source availability","Tree inventory, road-pressure and River Lagan exposure proxy"]},"geometry":{"type":"Polygon","coordinates":[[[-5.807273,54.648571],[-5.793637,54.648571],[-5.793637,54.661428],[-5.807273,54.661428],[-5.807273,54.648571]]]}},{"type":"Feature","id":"belfast_10_21_2026","properties":{"cell_id":"belfast_10_21","year":2026,"row":10,"col":21,"population_pressure":0.262,"mobility_strain":0.42,"economic_opportunity":0.06,"environmental_exposure":0.451,"fairness_score":0.392,"development_pressure":0.11,"green_cover":0.34,"bike_access":0.05,"transit_access":0.18,"traffic_pressure":0.164,"planning_intensity":0.075,"deprivation_weight":0.0,"bike_trip_index":0.235,"tree_canopy_context":0.0,"civic_service_context":0.0,"population_pressure_delta_2016":0.085,"mobility_strain_delta_2016":0.002,"economic_opportunity_delta_2016":0.0,"environmental_exposure_delta_2016":0.154,"fairness_score_delta_2016":-0.001,"population_pressure_delta_previous":-0.134,"mobility_strain_delta_previous":-0.063,"economic_opportunity_delta_previous":0.0,"environmental_exposure_delta_previous":-0.033,"fairness_score_delta_previous":0.019,"dominant_metric":"environmental_exposure","dominant_change":"worsened","confidence":"high","evidence":["NI Air Belfast Centre hourly archive","BCCAQ monitoring-site inventory","NDVI/NDBI raster source availability","Tree inventory, road-pressure and River Lagan exposure proxy"]},"geometry":{"type":"Polygon","coordinates":[[[-5.793636,54.648571],[-5.78,54.648571],[-5.78,54.661428],[-5.793636,54.661428],[-5.793636,54.648571]]]}},{"type":"Feature","id":"belfast_11_00_2026","properties":{"cell_id":"belfast_11_00","year":2026,"row":11,"col":0,"population_pressure":0.275,"mobility_strain":0.427,"economic_opportunity":0.06,"environmental_exposure":0.464,"fairness_score":0.39,"development_pressure":0.135,"green_cover":0.298,"bike_access":0.05,"transit_access":0.18,"traffic_pressure":0.172,"planning_intensity":0.087,"deprivation_weight":0.0,"bike_trip_index":0.235,"tree_canopy_context":0.0,"civic_service_context":0.0,"population_pressure_delta_2016":0.106,"mobility_strain_delta_2016":0.012,"economic_opportunity_delta_2016":0.0,"environmental_exposure_delta_2016":0.171,"fairness_score_delta_2016":-0.004,"population_pressure_delta_previous":-0.133,"mobility_strain_delta_previous":-0.06,"economic_opportunity_delta_previous":0.0,"environmental_exposure_delta_previous":-0.017,"fairness_score_delta_previous":0.018,"dominant_metric":"environmental_exposure","dominant_change":"worsened","confidence":"high","evidence":["NI Air Belfast Centre hourly archive","BCCAQ monitoring-site inventory","NDVI/NDBI raster source availability","Tree inventory, road-pressure and River Lagan exposure proxy"]},"geometry":{"type":"Polygon","coordinates":[[[-6.08,54.661429],[-6.066364,54.661429],[-6.066364,54.674286],[-6.08,54.674286],[-6.08,54.661429]]]}},{"type":"Feature","id":"belfast_11_01_2026","properties":{"cell_id":"belfast_11_01","year":2026,"row":11,"col":1,"population_pressure":0.262,"mobility_strain":0.422,"economic_opportunity":0.06,"environmental_exposure":0.461,"fairness_score":0.392,"development_pressure":0.111,"green_cover":0.309,"bike_access":0.05,"transit_access":0.18,"traffic_pressure":0.167,"planning_intensity":0.075,"deprivation_weight":0.0,"bike_trip_index":0.235,"tree_canopy_context":0.0,"civic_service_context":0.0,"population_pressure_delta_2016":0.085,"mobility_strain_delta_2016":0.005,"economic_opportunity_delta_2016":0.0,"environmental_exposure_delta_2016":0.17,"fairness_score_delta_2016":-0.001,"population_pressure_delta_previous":-0.134,"mobility_strain_delta_previous":-0.061,"economic_opportunity_delta_previous":0.0,"environmental_exposure_delta_previous":-0.025,"fairness_score_delta_previous":0.019,"dominant_metric":"environmental_exposure","dominant_change":"worsened","confidence":"high","evidence":["NI Air Belfast Centre hourly archive","BCCAQ monitoring-site inventory","NDVI/NDBI raster source availability","Tree inventory, road-pressure and River Lagan exposure proxy"]},"geometry":{"type":"Polygon","coordinates":[[[-6.066364,54.661429],[-6.052728,54.661429],[-6.052728,54.674286],[-6.066364,54.674286],[-6.066364,54.661429]]]}},{"type":"Feature","id":"belfast_11_02_2026","properties":{"cell_id":"belfast_11_02","year":2026,"row":11,"col":2,"population_pressure":0.252,"mobility_strain":0.417,"economic_opportunity":0.06,"environmental_exposure":0.45,"fairness_score":0.393,"development_pressure":0.091,"green_cover":0.34,"bike_access":0.05,"transit_access":0.18,"traffic_pressure":0.161,"planning_intensity":0.066,"deprivation_weight":0.0,"bike_trip_index":0.235,"tree_canopy_context":0.0,"civic_service_context":0.0,"population_pressure_delta_2016":0.063,"mobility_strain_delta_2016":-0.005,"economic_opportunity_delta_2016":0.0,"environmental_exposure_delta_2016":0.153,"fairness_score_delta_2016":0.002,"population_pressure_delta_previous":-0.132,"mobility_strain_delta_previous":-0.061,"economic_opportunity_delta_previous":0.0,"environmental_exposure_delta_previous":-0.033,"fairness_score_delta_previous":0.018,"dominant_metric":"environmental_exposure","dominant_change":"worsened","confidence":"high","evidence":["NI Air Belfast Centre hourly archive","BCCAQ monitoring-site inventory","NDVI/NDBI raster source availability","Tree inventory, road-pressure and River Lagan exposure proxy"]},"geometry":{"type":"Polygon","coordinates":[[[-6.052727,54.661429],[-6.039091,54.661429],[-6.039091,54.674286],[-6.052727,54.674286],[-6.052727,54.661429]]]}},{"type":"Feature","id":"belfast_11_03_2026","properties":{"cell_id":"belfast_11_03","year":2026,"row":11,"col":3,"population_pressure":0.249,"mobility_strain":0.415,"economic_opportunity":0.06,"environmental_exposure":0.442,"fairness_score":0.394,"development_pressure":0.085,"green_cover":0.365,"bike_access":0.05,"transit_access":0.18,"traffic_pressure":0.158,"planning_intensity":0.063,"deprivation_weight":0.0,"bike_trip_index":0.235,"tree_canopy_context":0.0,"civic_service_context":0.0,"population_pressure_delta_2016":0.048,"mobility_strain_delta_2016":-0.013,"economic_opportunity_delta_2016":0.0,"environmental_exposure_delta_2016":0.134,"fairness_score_delta_2016":0.004,"population_pressure_delta_previous":-0.127,"mobility_strain_delta_previous":-0.059,"economic_opportunity_delta_previous":0.0,"environmental_exposure_delta_previous":-0.031,"fairness_score_delta_previous":0.018,"dominant_metric":"environmental_exposure","dominant_change":"worsened","confidence":"high","evidence":["NI Air Belfast Centre hourly archive","BCCAQ monitoring-site inventory","NDVI/NDBI raster source availability","Tree inventory, road-pressure and River Lagan exposure proxy"]},"geometry":{"type":"Polygon","coordinates":[[[-6.039091,54.661429],[-6.025455,54.661429],[-6.025455,54.674286],[-6.039091,54.674286],[-6.039091,54.661429]]]}},{"type":"Feature","id":"belfast_11_04_2026","properties":{"cell_id":"belfast_11_04","year":2026,"row":11,"col":4,"population_pressure":0.254,"mobility_strain":0.417,"economic_opportunity":0.06,"environmental_exposure":0.443,"fairness_score":0.393,"development_pressure":0.095,"green_cover":0.362,"bike_access":0.05,"transit_access":0.18,"traffic_pressure":0.16,"planning_intensity":0.068,"deprivation_weight":0.0,"bike_trip_index":0.235,"tree_canopy_context":0.0,"civic_service_context":0.0,"population_pressure_delta_2016":0.048,"mobility_strain_delta_2016":-0.013,"economic_opportunity_delta_2016":0.0,"environmental_exposure_delta_2016":0.13,"fairness_score_delta_2016":0.004,"population_pressure_delta_previous":-0.122,"mobility_strain_delta_previous":-0.057,"economic_opportunity_delta_previous":0.0,"environmental_exposure_delta_previous":-0.022,"fairness_score_delta_previous":0.017,"dominant_metric":"environmental_exposure","dominant_change":"worsened","confidence":"high","evidence":["NI Air Belfast Centre hourly archive","BCCAQ monitoring-site inventory","NDVI/NDBI raster source availability","Tree inventory, road-pressure and River Lagan exposure proxy"]},"geometry":{"type":"Polygon","coordinates":[[[-6.025455,54.661429],[-6.011819,54.661429],[-6.011819,54.674286],[-6.025455,54.674286],[-6.025455,54.661429]]]}},{"type":"Feature","id":"belfast_11_05_2026","properties":{"cell_id":"belfast_11_05","year":2026,"row":11,"col":5,"population_pressure":0.266,"mobility_strain":0.422,"economic_opportunity":0.06,"environmental_exposure":0.453,"fairness_score":0.392,"development_pressure":0.117,"green_cover":0.332,"bike_access":0.05,"transit_access":0.18,"traffic_pressure":0.166,"planning_intensity":0.079,"deprivation_weight":0.0,"bike_trip_index":0.235,"tree_canopy_context":0.0,"civic_service_context":0.0,"population_pressure_delta_2016":0.064,"mobility_strain_delta_2016":-0.007,"economic_opportunity_delta_2016":0.0,"environmental_exposure_delta_2016":0.144,"fairness_score_delta_2016":0.002,"population_pressure_delta_previous":-0.119,"mobility_strain_delta_previous":-0.055,"economic_opportunity_delta_previous":0.0,"environmental_exposure_delta_previous":-0.014,"fairness_score_delta_previous":0.017,"dominant_metric":"environmental_exposure","dominant_change":"worsened","confidence":"high","evidence":["NI Air Belfast Centre hourly archive","BCCAQ monitoring-site inventory","NDVI/NDBI raster source availability","Tree inventory, road-pressure and River Lagan exposure proxy"]},"geometry":{"type":"Polygon","coordinates":[[[-6.011818,54.661429],[-5.998182,54.661429],[-5.998182,54.674286],[-6.011818,54.674286],[-6.011818,54.661429]]]}},{"type":"Feature","id":"belfast_11_06_2026","properties":{"cell_id":"belfast_11_06","year":2026,"row":11,"col":6,"population_pressure":0.278,"mobility_strain":0.417,"economic_opportunity":0.06,"environmental_exposure":0.371,"fairness_score":0.393,"development_pressure":0.14,"green_cover":0.584,"bike_access":0.05,"transit_access":0.18,"traffic_pressure":0.147,"planning_intensity":0.09,"deprivation_weight":0.0,"bike_trip_index":0.235,"tree_canopy_context":0.859,"civic_service_context":0.0,"population_pressure_delta_2016":0.086,"mobility_strain_delta_2016":0.005,"economic_opportunity_delta_2016":0.0,"environmental_exposure_delta_2016":0.166,"fairness_score_delta_2016":-0.001,"population_pressure_delta_previous":-0.12,"mobility_strain_delta_previous":-0.054,"economic_opportunity_delta_previous":0.0,"environmental_exposure_delta_previous":-0.013,"fairness_score_delta_previous":0.016,"dominant_metric":"environmental_exposure","dominant_change":"worsened","confidence":"high","evidence":["NI Air Belfast Centre hourly archive","BCCAQ monitoring-site inventory","NDVI/NDBI raster source availability","Tree inventory, road-pressure and River Lagan exposure proxy"]},"geometry":{"type":"Polygon","coordinates":[[[-5.998182,54.661429],[-5.984546,54.661429],[-5.984546,54.674286],[-5.998182,54.674286],[-5.998182,54.661429]]]}},{"type":"Feature","id":"belfast_11_07_2026","properties":{"cell_id":"belfast_11_07","year":2026,"row":11,"col":7,"population_pressure":0.285,"mobility_strain":0.419,"economic_opportunity":0.06,"environmental_exposure":0.366,"fairness_score":0.393,"development_pressure":0.154,"green_cover":0.596,"bike_access":0.05,"transit_access":0.18,"traffic_pressure":0.148,"planning_intensity":0.097,"deprivation_weight":0.0,"bike_trip_index":0.235,"tree_canopy_context":1.0,"civic_service_context":0.0,"population_pressure_delta_2016":0.106,"mobility_strain_delta_2016":0.013,"economic_opportunity_delta_2016":0.0,"environmental_exposure_delta_2016":0.174,"fairness_score_delta_2016":-0.003,"population_pressure_delta_previous":-0.124,"mobility_strain_delta_previous":-0.057,"economic_opportunity_delta_previous":0.0,"environmental_exposure_delta_previous":-0.022,"fairness_score_delta_previous":0.018,"dominant_metric":"environmental_exposure","dominant_change":"worsened","confidence":"high","evidence":["NI Air Belfast Centre hourly archive","BCCAQ monitoring-site inventory","NDVI/NDBI raster source availability","Tree inventory, road-pressure and River Lagan exposure proxy"]},"geometry":{"type":"Polygon","coordinates":[[[-5.984545,54.661429],[-5.970909,54.661429],[-5.970909,54.674286],[-5.984545,54.674286],[-5.984545,54.661429]]]}},{"type":"Feature","id":"belfast_11_08_2026","properties":{"cell_id":"belfast_11_08","year":2026,"row":11,"col":8,"population_pressure":0.284,"mobility_strain":0.429,"economic_opportunity":0.06,"environmental_exposure":0.458,"fairness_score":0.389,"development_pressure":0.152,"green_cover":0.317,"bike_access":0.05,"transit_access":0.18,"traffic_pressure":0.173,"planning_intensity":0.096,"deprivation_weight":0.0,"bike_trip_index":0.235,"tree_canopy_context":0.0,"civic_service_context":0.0,"population_pressure_delta_2016":0.114,"mobility_strain_delta_2016":0.014,"economic_opportunity_delta_2016":0.0,"environmental_exposure_delta_2016":0.165,"fairness_score_delta_2016":-0.005,"population_pressure_delta_previous":-0.128,"mobility_strain_delta_previous":-0.06,"economic_opportunity_delta_previous":0.0,"environmental_exposure_delta_previous":-0.031,"fairness_score_delta_previous":0.018,"dominant_metric":"environmental_exposure","dominant_change":"worsened","confidence":"high","evidence":["NI Air Belfast Centre hourly archive","BCCAQ monitoring-site inventory","NDVI/NDBI raster source availability","Tree inventory, road-pressure and River Lagan exposure proxy"]},"geometry":{"type":"Polygon","coordinates":[[[-5.970909,54.661429],[-5.957273,54.661429],[-5.957273,54.674286],[-5.970909,54.674286],[-5.970909,54.661429]]]}},{"type":"Feature","id":"belfast_11_09_2026","properties":{"cell_id":"belfast_11_09","year":2026,"row":11,"col":9,"population_pressure":0.275,"mobility_strain":0.419,"economic_opportunity":0.06,"environmental_exposure":0.396,"fairness_score":0.393,"development_pressure":0.134,"green_cover":0.505,"bike_access":0.05,"transit_access":0.18,"traffic_pressure":0.153,"planning_intensity":0.087,"deprivation_weight":0.0,"bike_trip_index":0.235,"tree_canopy_context":0.518,"civic_service_context":0.0,"population_pressure_delta_2016":0.106,"mobility_strain_delta_2016":0.009,"economic_opportunity_delta_2016":0.0,"environmental_exposure_delta_2016":0.145,"fairness_score_delta_2016":-0.002,"population_pressure_delta_previous":-0.132,"mobility_strain_delta_previous":-0.061,"economic_opportunity_delta_previous":0.0,"environmental_exposure_delta_previous":-0.033,"fairness_score_delta_previous":0.019,"dominant_metric":"environmental_exposure","dominant_change":"worsened","confidence":"high","evidence":["NI Air Belfast Centre hourly archive","BCCAQ monitoring-site inventory","NDVI/NDBI raster source availability","Tree inventory, road-pressure and River Lagan exposure proxy"]},"geometry":{"type":"Polygon","coordinates":[[[-5.957273,54.661429],[-5.943637,54.661429],[-5.943637,54.674286],[-5.957273,54.674286],[-5.957273,54.661429]]]}},{"type":"Feature","id":"belfast_11_10_2026","properties":{"cell_id":"belfast_11_10","year":2026,"row":11,"col":10,"population_pressure":0.262,"mobility_strain":0.408,"economic_opportunity":0.06,"environmental_exposure":0.344,"fairness_score":0.396,"development_pressure":0.11,"green_cover":0.664,"bike_access":0.05,"transit_access":0.18,"traffic_pressure":0.135,"planning_intensity":0.075,"deprivation_weight":0.0,"bike_trip_index":0.235,"tree_canopy_context":1.0,"civic_service_context":0.0,"population_pressure_delta_2016":0.085,"mobility_strain_delta_2016":0.0,"economic_opportunity_delta_2016":0.0,"environmental_exposure_delta_2016":0.134,"fairness_score_delta_2016":0.0,"population_pressure_delta_previous":-0.134,"mobility_strain_delta_previous":-0.061,"economic_opportunity_delta_previous":0.0,"environmental_exposure_delta_previous":-0.027,"fairness_score_delta_previous":0.019,"dominant_metric":"environmental_exposure","dominant_change":"worsened","confidence":"high","evidence":["NI Air Belfast Centre hourly archive","BCCAQ monitoring-site inventory","NDVI/NDBI raster source availability","Tree inventory, road-pressure and River Lagan exposure proxy"]},"geometry":{"type":"Polygon","coordinates":[[[-5.943636,54.661429],[-5.93,54.661429],[-5.93,54.674286],[-5.943636,54.674286],[-5.943636,54.661429]]]}},{"type":"Feature","id":"belfast_11_11_2026","properties":{"cell_id":"belfast_11_11","year":2026,"row":11,"col":11,"population_pressure":0.259,"mobility_strain":0.403,"economic_opportunity":0.06,"environmental_exposure":0.375,"fairness_score":0.397,"development_pressure":0.091,"green_cover":0.686,"bike_access":0.05,"transit_access":0.18,"traffic_pressure":0.13,"planning_intensity":0.112,"deprivation_weight":0.0,"bike_trip_index":0.235,"tree_canopy_context":1.0,"civic_service_context":0.0,"population_pressure_delta_2016":0.063,"mobility_strain_delta_2016":-0.008,"economic_opportunity_delta_2016":0.0,"environmental_exposure_delta_2016":0.139,"fairness_score_delta_2016":0.002,"population_pressure_delta_previous":-0.131,"mobility_strain_delta_previous":-0.06,"economic_opportunity_delta_previous":0.0,"environmental_exposure_delta_previous":-0.017,"fairness_score_delta_previous":0.018,"dominant_metric":"environmental_exposure","dominant_change":"worsened","confidence":"high","evidence":["NI Air Belfast Centre hourly archive","BCCAQ monitoring-site inventory","NDVI/NDBI raster source availability","Tree inventory, road-pressure and River Lagan exposure proxy"]},"geometry":{"type":"Polygon","coordinates":[[[-5.93,54.661429],[-5.916364,54.661429],[-5.916364,54.674286],[-5.93,54.674286],[-5.93,54.661429]]]}},{"type":"Feature","id":"belfast_11_12_2026","properties":{"cell_id":"belfast_11_12","year":2026,"row":11,"col":12,"population_pressure":0.264,"mobility_strain":0.407,"economic_opportunity":0.06,"environmental_exposure":0.522,"fairness_score":0.396,"development_pressure":0.085,"green_cover":0.556,"bike_access":0.05,"transit_access":0.18,"traffic_pressure":0.141,"planning_intensity":0.164,"deprivation_weight":0.0,"bike_trip_index":0.235,"tree_canopy_context":0.518,"civic_service_context":0.0,"population_pressure_delta_2016":0.048,"mobility_strain_delta_2016":-0.011,"economic_opportunity_delta_2016":0.0,"environmental_exposure_delta_2016":0.155,"fairness_score_delta_2016":0.003,"population_pressure_delta_previous":-0.127,"mobility_strain_delta_previous":-0.058,"economic_opportunity_delta_previous":0.0,"environmental_exposure_delta_previous":-0.014,"fairness_score_delta_previous":0.017,"dominant_metric":"environmental_exposure","dominant_change":"worsened","confidence":"high","evidence":["NI Air Belfast Centre hourly archive","BCCAQ monitoring-site inventory","NDVI/NDBI raster source availability","Tree inventory, road-pressure and River Lagan exposure proxy"]},"geometry":{"type":"Polygon","coordinates":[[[-5.916364,54.661429],[-5.902728,54.661429],[-5.902728,54.674286],[-5.916364,54.674286],[-5.916364,54.661429]]]}},{"type":"Feature","id":"belfast_11_13_2026","properties":{"cell_id":"belfast_11_13","year":2026,"row":11,"col":13,"population_pressure":0.27,"mobility_strain":0.416,"economic_opportunity":0.06,"environmental_exposure":0.586,"fairness_score":0.393,"development_pressure":0.096,"green_cover":0.39,"bike_access":0.05,"transit_access":0.18,"traffic_pressure":0.157,"planning_intensity":0.174,"deprivation_weight":0.0,"bike_trip_index":0.235,"tree_canopy_context":0.0,"civic_service_context":0.0,"population_pressure_delta_2016":0.048,"mobility_strain_delta_2016":-0.009,"economic_opportunity_delta_2016":0.0,"environmental_exposure_delta_2016":0.167,"fairness_score_delta_2016":0.002,"population_pressure_delta_previous":-0.122,"mobility_strain_delta_previous":-0.056,"economic_opportunity_delta_previous":0.0,"environmental_exposure_delta_previous":-0.019,"fairness_score_delta_previous":0.016,"dominant_metric":"environmental_exposure","dominant_change":"worsened","confidence":"high","evidence":["NI Air Belfast Centre hourly archive","BCCAQ monitoring-site inventory","NDVI/NDBI raster source availability","Tree inventory, road-pressure and River Lagan exposure proxy"]},"geometry":{"type":"Polygon","coordinates":[[[-5.902727,54.661429],[-5.889091,54.661429],[-5.889091,54.674286],[-5.902727,54.674286],[-5.902727,54.661429]]]}},{"type":"Feature","id":"belfast_11_14_2026","properties":{"cell_id":"belfast_11_14","year":2026,"row":11,"col":14,"population_pressure":0.274,"mobility_strain":0.421,"economic_opportunity":0.06,"environmental_exposure":0.494,"fairness_score":0.392,"development_pressure":0.118,"green_cover":0.359,"bike_access":0.05,"transit_access":0.18,"traffic_pressure":0.164,"planning_intensity":0.132,"deprivation_weight":0.0,"bike_trip_index":0.235,"tree_canopy_context":0.0,"civic_service_context":0.0,"population_pressure_delta_2016":0.064,"mobility_strain_delta_2016":-0.004,"economic_opportunity_delta_2016":0.0,"environmental_exposure_delta_2016":0.163,"fairness_score_delta_2016":0.001,"population_pressure_delta_previous":-0.119,"mobility_strain_delta_previous":-0.056,"economic_opportunity_delta_previous":0.0,"environmental_exposure_delta_previous":-0.027,"fairness_score_delta_previous":0.017,"dominant_metric":"environmental_exposure","dominant_change":"worsened","confidence":"high","evidence":["NI Air Belfast Centre hourly archive","BCCAQ monitoring-site inventory","NDVI/NDBI raster source availability","Tree inventory, road-pressure and River Lagan exposure proxy"]},"geometry":{"type":"Polygon","coordinates":[[[-5.889091,54.661429],[-5.875455,54.661429],[-5.875455,54.674286],[-5.889091,54.674286],[-5.889091,54.661429]]]}},{"type":"Feature","id":"belfast_11_15_2026","properties":{"cell_id":"belfast_11_15","year":2026,"row":11,"col":15,"population_pressure":0.278,"mobility_strain":0.426,"economic_opportunity":0.06,"environmental_exposure":0.451,"fairness_score":0.39,"development_pressure":0.141,"green_cover":0.34,"bike_access":0.05,"transit_access":0.18,"traffic_pressure":0.169,"planning_intensity":0.09,"deprivation_weight":0.0,"bike_trip_index":0.235,"tree_canopy_context":0.0,"civic_service_context":0.0,"population_pressure_delta_2016":0.087,"mobility_strain_delta_2016":0.002,"economic_opportunity_delta_2016":0.0,"environmental_exposure_delta_2016":0.149,"fairness_score_delta_2016":-0.001,"population_pressure_delta_previous":-0.12,"mobility_strain_delta_previous":-0.057,"economic_opportunity_delta_previous":0.0,"environmental_exposure_delta_previous":-0.031,"fairness_score_delta_previous":0.017,"dominant_metric":"environmental_exposure","dominant_change":"worsened","confidence":"high","evidence":["NI Air Belfast Centre hourly archive","BCCAQ monitoring-site inventory","NDVI/NDBI raster source availability","Tree inventory, road-pressure and River Lagan exposure proxy"]},"geometry":{"type":"Polygon","coordinates":[[[-5.875455,54.661429],[-5.861819,54.661429],[-5.861819,54.674286],[-5.875455,54.674286],[-5.875455,54.661429]]]}},{"type":"Feature","id":"belfast_11_16_2026","properties":{"cell_id":"belfast_11_16","year":2026,"row":11,"col":16,"population_pressure":0.285,"mobility_strain":0.428,"economic_opportunity":0.06,"environmental_exposure":0.447,"fairness_score":0.39,"development_pressure":0.154,"green_cover":0.351,"bike_access":0.05,"transit_access":0.18,"traffic_pressure":0.17,"planning_intensity":0.097,"deprivation_weight":0.0,"bike_trip_index":0.235,"tree_canopy_context":0.0,"civic_service_context":0.0,"population_pressure_delta_2016":0.106,"mobility_strain_delta_2016":0.008,"economic_opportunity_delta_2016":0.0,"environmental_exposure_delta_2016":0.138,"fairness_score_delta_2016":-0.002,"population_pressure_delta_previous":-0.124,"mobility_strain_delta_previous":-0.058,"economic_opportunity_delta_previous":0.0,"environmental_exposure_delta_previous":-0.027,"fairness_score_delta_previous":0.018,"dominant_metric":"environmental_exposure","dominant_change":"worsened","confidence":"high","evidence":["NI Air Belfast Centre hourly archive","BCCAQ monitoring-site inventory","NDVI/NDBI raster source availability","Tree inventory, road-pressure and River Lagan exposure proxy"]},"geometry":{"type":"Polygon","coordinates":[[[-5.861818,54.661429],[-5.848182,54.661429],[-5.848182,54.674286],[-5.861818,54.674286],[-5.861818,54.661429]]]}},{"type":"Feature","id":"belfast_11_17_2026","properties":{"cell_id":"belfast_11_17","year":2026,"row":11,"col":17,"population_pressure":0.284,"mobility_strain":0.428,"economic_opportunity":0.06,"environmental_exposure":0.451,"fairness_score":0.39,"development_pressure":0.151,"green_cover":0.339,"bike_access":0.05,"transit_access":0.18,"traffic_pressure":0.171,"planning_intensity":0.096,"deprivation_weight":0.0,"bike_trip_index":0.235,"tree_canopy_context":0.0,"civic_service_context":0.0,"population_pressure_delta_2016":0.114,"mobility_strain_delta_2016":0.011,"economic_opportunity_delta_2016":0.0,"environmental_exposure_delta_2016":0.142,"fairness_score_delta_2016":-0.003,"population_pressure_delta_previous":-0.128,"mobility_strain_delta_previous":-0.059,"economic_opportunity_delta_previous":0.0,"environmental_exposure_delta_previous":-0.019,"fairness_score_delta_previous":0.018,"dominant_metric":"environmental_exposure","dominant_change":"worsened","confidence":"high","evidence":["NI Air Belfast Centre hourly archive","BCCAQ monitoring-site inventory","NDVI/NDBI raster source availability","Tree inventory, road-pressure and River Lagan exposure proxy"]},"geometry":{"type":"Polygon","coordinates":[[[-5.848182,54.661429],[-5.834546,54.661429],[-5.834546,54.674286],[-5.848182,54.674286],[-5.848182,54.661429]]]}},{"type":"Feature","id":"belfast_11_18_2026","properties":{"cell_id":"belfast_11_18","year":2026,"row":11,"col":18,"population_pressure":0.275,"mobility_strain":0.426,"economic_opportunity":0.06,"environmental_exposure":0.459,"fairness_score":0.39,"development_pressure":0.134,"green_cover":0.315,"bike_access":0.05,"transit_access":0.18,"traffic_pressure":0.17,"planning_intensity":0.087,"deprivation_weight":0.0,"bike_trip_index":0.235,"tree_canopy_context":0.0,"civic_service_context":0.0,"population_pressure_delta_2016":0.106,"mobility_strain_delta_2016":0.01,"economic_opportunity_delta_2016":0.0,"environmental_exposure_delta_2016":0.158,"fairness_score_delta_2016":-0.003,"population_pressure_delta_previous":-0.132,"mobility_strain_delta_previous":-0.059,"economic_opportunity_delta_previous":0.0,"environmental_exposure_delta_previous":-0.014,"fairness_score_delta_previous":0.017,"dominant_metric":"environmental_exposure","dominant_change":"worsened","confidence":"high","evidence":["NI Air Belfast Centre hourly archive","BCCAQ monitoring-site inventory","NDVI/NDBI raster source availability","Tree inventory, road-pressure and River Lagan exposure proxy"]},"geometry":{"type":"Polygon","coordinates":[[[-5.834545,54.661429],[-5.820909,54.661429],[-5.820909,54.674286],[-5.834545,54.674286],[-5.834545,54.661429]]]}},{"type":"Feature","id":"belfast_11_19_2026","properties":{"cell_id":"belfast_11_19","year":2026,"row":11,"col":19,"population_pressure":0.262,"mobility_strain":0.422,"economic_opportunity":0.06,"environmental_exposure":0.463,"fairness_score":0.392,"development_pressure":0.11,"green_cover":0.303,"bike_access":0.05,"transit_access":0.18,"traffic_pressure":0.167,"planning_intensity":0.075,"deprivation_weight":0.0,"bike_trip_index":0.235,"tree_canopy_context":0.0,"civic_service_context":0.0,"population_pressure_delta_2016":0.085,"mobility_strain_delta_2016":0.004,"economic_opportunity_delta_2016":0.0,"environmental_exposure_delta_2016":0.17,"fairness_score_delta_2016":-0.001,"population_pressure_delta_previous":-0.134,"mobility_strain_delta_previous":-0.06,"economic_opportunity_delta_previous":0.0,"environmental_exposure_delta_previous":-0.018,"fairness_score_delta_previous":0.019,"dominant_metric":"environmental_exposure","dominant_change":"worsened","confidence":"high","evidence":["NI Air Belfast Centre hourly archive","BCCAQ monitoring-site inventory","NDVI/NDBI raster source availability","Tree inventory, road-pressure and River Lagan exposure proxy"]},"geometry":{"type":"Polygon","coordinates":[[[-5.820909,54.661429],[-5.807273,54.661429],[-5.807273,54.674286],[-5.820909,54.674286],[-5.820909,54.661429]]]}},{"type":"Feature","id":"belfast_11_20_2026","properties":{"cell_id":"belfast_11_20","year":2026,"row":11,"col":20,"population_pressure":0.251,"mobility_strain":0.418,"economic_opportunity":0.06,"environmental_exposure":0.458,"fairness_score":0.393,"development_pressure":0.091,"green_cover":0.317,"bike_access":0.05,"transit_access":0.18,"traffic_pressure":0.163,"planning_intensity":0.065,"deprivation_weight":0.0,"bike_trip_index":0.235,"tree_canopy_context":0.0,"civic_service_context":0.0,"population_pressure_delta_2016":0.061,"mobility_strain_delta_2016":-0.004,"economic_opportunity_delta_2016":0.0,"environmental_exposure_delta_2016":0.166,"fairness_score_delta_2016":0.002,"population_pressure_delta_previous":-0.132,"mobility_strain_delta_previous":-0.06,"economic_opportunity_delta_previous":0.0,"environmental_exposure_delta_previous":-0.027,"fairness_score_delta_previous":0.018,"dominant_metric":"environmental_exposure","dominant_change":"worsened","confidence":"high","evidence":["NI Air Belfast Centre hourly archive","BCCAQ monitoring-site inventory","NDVI/NDBI raster source availability","Tree inventory, road-pressure and River Lagan exposure proxy"]},"geometry":{"type":"Polygon","coordinates":[[[-5.807273,54.661429],[-5.793637,54.661429],[-5.793637,54.674286],[-5.807273,54.674286],[-5.807273,54.661429]]]}},{"type":"Feature","id":"belfast_11_21_2026","properties":{"cell_id":"belfast_11_21","year":2026,"row":11,"col":21,"population_pressure":0.249,"mobility_strain":0.415,"economic_opportunity":0.06,"environmental_exposure":0.449,"fairness_score":0.393,"development_pressure":0.085,"green_cover":0.346,"bike_access":0.05,"transit_access":0.18,"traffic_pressure":0.16,"planning_intensity":0.063,"deprivation_weight":0.0,"bike_trip_index":0.235,"tree_canopy_context":0.0,"civic_service_context":0.0,"population_pressure_delta_2016":0.048,"mobility_strain_delta_2016":-0.012,"economic_opportunity_delta_2016":0.0,"environmental_exposure_delta_2016":0.149,"fairness_score_delta_2016":0.003,"population_pressure_delta_previous":-0.127,"mobility_strain_delta_previous":-0.06,"economic_opportunity_delta_previous":0.0,"environmental_exposure_delta_previous":-0.032,"fairness_score_delta_previous":0.017,"dominant_metric":"environmental_exposure","dominant_change":"worsened","confidence":"high","evidence":["NI Air Belfast Centre hourly archive","BCCAQ monitoring-site inventory","NDVI/NDBI raster source availability","Tree inventory, road-pressure and River Lagan exposure proxy"]},"geometry":{"type":"Polygon","coordinates":[[[-5.793636,54.661429],[-5.78,54.661429],[-5.78,54.674286],[-5.793636,54.674286],[-5.793636,54.661429]]]}},{"type":"Feature","id":"belfast_12_00_2026","properties":{"cell_id":"belfast_12_00","year":2026,"row":12,"col":0,"population_pressure":0.252,"mobility_strain":0.418,"economic_opportunity":0.06,"environmental_exposure":0.461,"fairness_score":0.393,"development_pressure":0.091,"green_cover":0.309,"bike_access":0.05,"transit_access":0.18,"traffic_pressure":0.164,"planning_intensity":0.066,"deprivation_weight":0.0,"bike_trip_index":0.235,"tree_canopy_context":0.0,"civic_service_context":0.0,"population_pressure_delta_2016":0.063,"mobility_strain_delta_2016":-0.004,"economic_opportunity_delta_2016":0.0,"environmental_exposure_delta_2016":0.165,"fairness_score_delta_2016":0.002,"population_pressure_delta_previous":-0.132,"mobility_strain_delta_previous":-0.06,"economic_opportunity_delta_previous":0.0,"environmental_exposure_delta_previous":-0.017,"fairness_score_delta_previous":0.018,"dominant_metric":"environmental_exposure","dominant_change":"worsened","confidence":"high","evidence":["NI Air Belfast Centre hourly archive","BCCAQ monitoring-site inventory","NDVI/NDBI raster source availability","Tree inventory, road-pressure and River Lagan exposure proxy"]},"geometry":{"type":"Polygon","coordinates":[[[-6.08,54.674286],[-6.066364,54.674286],[-6.066364,54.687143],[-6.08,54.687143],[-6.08,54.674286]]]}},{"type":"Feature","id":"belfast_12_01_2026","properties":{"cell_id":"belfast_12_01","year":2026,"row":12,"col":1,"population_pressure":0.249,"mobility_strain":0.417,"economic_opportunity":0.06,"environmental_exposure":0.459,"fairness_score":0.393,"development_pressure":0.085,"green_cover":0.315,"bike_access":0.05,"transit_access":0.18,"traffic_pressure":0.162,"planning_intensity":0.063,"deprivation_weight":0.0,"bike_trip_index":0.235,"tree_canopy_context":0.0,"civic_service_context":0.0,"population_pressure_delta_2016":0.048,"mobility_strain_delta_2016":-0.009,"economic_opportunity_delta_2016":0.0,"environmental_exposure_delta_2016":0.166,"fairness_score_delta_2016":0.003,"population_pressure_delta_previous":-0.127,"mobility_strain_delta_previous":-0.058,"economic_opportunity_delta_previous":0.0,"environmental_exposure_delta_previous":-0.024,"fairness_score_delta_previous":0.018,"dominant_metric":"environmental_exposure","dominant_change":"worsened","confidence":"high","evidence":["NI Air Belfast Centre hourly archive","BCCAQ monitoring-site inventory","NDVI/NDBI raster source availability","Tree inventory, road-pressure and River Lagan exposure proxy"]},"geometry":{"type":"Polygon","coordinates":[[[-6.066364,54.674286],[-6.052728,54.674286],[-6.052728,54.687143],[-6.066364,54.687143],[-6.066364,54.674286]]]}},{"type":"Feature","id":"belfast_12_02_2026","properties":{"cell_id":"belfast_12_02","year":2026,"row":12,"col":2,"population_pressure":0.254,"mobility_strain":0.418,"economic_opportunity":0.06,"environmental_exposure":0.451,"fairness_score":0.393,"development_pressure":0.095,"green_cover":0.339,"bike_access":0.05,"transit_access":0.18,"traffic_pressure":0.162,"planning_intensity":0.068,"deprivation_weight":0.0,"bike_trip_index":0.235,"tree_canopy_context":0.0,"civic_service_context":0.0,"population_pressure_delta_2016":0.048,"mobility_strain_delta_2016":-0.011,"economic_opportunity_delta_2016":0.0,"environmental_exposure_delta_2016":0.152,"fairness_score_delta_2016":0.003,"population_pressure_delta_previous":-0.122,"mobility_strain_delta_previous":-0.057,"economic_opportunity_delta_previous":0.0,"environmental_exposure_delta_previous":-0.031,"fairness_score_delta_previous":0.018,"dominant_metric":"environmental_exposure","dominant_change":"worsened","confidence":"high","evidence":["NI Air Belfast Centre hourly archive","BCCAQ monitoring-site inventory","NDVI/NDBI raster source availability","Tree inventory, road-pressure and River Lagan exposure proxy"]},"geometry":{"type":"Polygon","coordinates":[[[-6.052727,54.674286],[-6.039091,54.674286],[-6.039091,54.687143],[-6.052727,54.687143],[-6.052727,54.674286]]]}},{"type":"Feature","id":"belfast_12_03_2026","properties":{"cell_id":"belfast_12_03","year":2026,"row":12,"col":3,"population_pressure":0.266,"mobility_strain":0.421,"economic_opportunity":0.06,"environmental_exposure":0.445,"fairness_score":0.392,"development_pressure":0.117,"green_cover":0.357,"bike_access":0.05,"transit_access":0.18,"traffic_pressure":0.164,"planning_intensity":0.079,"deprivation_weight":0.0,"bike_trip_index":0.235,"tree_canopy_context":0.0,"civic_service_context":0.0,"population_pressure_delta_2016":0.064,"mobility_strain_delta_2016":-0.007,"economic_opportunity_delta_2016":0.0,"environmental_exposure_delta_2016":0.137,"fairness_score_delta_2016":0.002,"population_pressure_delta_previous":-0.119,"mobility_strain_delta_previous":-0.057,"economic_opportunity_delta_previous":0.0,"environmental_exposure_delta_previous":-0.029,"fairness_score_delta_previous":0.017,"dominant_metric":"environmental_exposure","dominant_change":"worsened","confidence":"high","evidence":["NI Air Belfast Centre hourly archive","BCCAQ monitoring-site inventory","NDVI/NDBI raster source availability","Tree inventory, road-pressure and River Lagan exposure proxy"]},"geometry":{"type":"Polygon","coordinates":[[[-6.039091,54.674286],[-6.025455,54.674286],[-6.025455,54.687143],[-6.039091,54.687143],[-6.039091,54.674286]]]}},{"type":"Feature","id":"belfast_12_04_2026","properties":{"cell_id":"belfast_12_04","year":2026,"row":12,"col":4,"population_pressure":0.278,"mobility_strain":0.424,"economic_opportunity":0.079,"environmental_exposure":0.432,"fairness_score":0.396,"development_pressure":0.14,"green_cover":0.398,"bike_access":0.05,"transit_access":0.18,"traffic_pressure":0.164,"planning_intensity":0.09,"deprivation_weight":0.0,"bike_trip_index":0.235,"tree_canopy_context":0.0,"civic_service_context":0.2,"population_pressure_delta_2016":0.086,"mobility_strain_delta_2016":0.001,"economic_opportunity_delta_2016":0.0,"environmental_exposure_delta_2016":0.136,"fairness_score_delta_2016":-0.001,"population_pressure_delta_previous":-0.12,"mobility_strain_delta_previous":-0.056,"economic_opportunity_delta_previous":0.0,"environmental_exposure_delta_previous":-0.021,"fairness_score_delta_previous":0.016,"dominant_metric":"environmental_exposure","dominant_change":"worsened","confidence":"high","evidence":["NI Air Belfast Centre hourly archive","BCCAQ monitoring-site inventory","NDVI/NDBI raster source availability","Tree inventory, road-pressure and River Lagan exposure proxy"]},"geometry":{"type":"Polygon","coordinates":[[[-6.025455,54.674286],[-6.011819,54.674286],[-6.011819,54.687143],[-6.025455,54.687143],[-6.025455,54.674286]]]}},{"type":"Feature","id":"belfast_12_05_2026","properties":{"cell_id":"belfast_12_05","year":2026,"row":12,"col":5,"population_pressure":0.285,"mobility_strain":0.416,"economic_opportunity":0.097,"environmental_exposure":0.341,"fairness_score":0.404,"development_pressure":0.154,"green_cover":0.672,"bike_access":0.05,"transit_access":0.18,"traffic_pressure":0.142,"planning_intensity":0.097,"deprivation_weight":0.0,"bike_trip_index":0.235,"tree_canopy_context":1.0,"civic_service_context":0.4,"population_pressure_delta_2016":0.106,"mobility_strain_delta_2016":0.01,"economic_opportunity_delta_2016":0.0,"environmental_exposure_delta_2016":0.15,"fairness_score_delta_2016":-0.003,"population_pressure_delta_previous":-0.124,"mobility_strain_delta_previous":-0.056,"economic_opportunity_delta_previous":0.0,"environmental_exposure_delta_previous":-0.015,"fairness_score_delta_previous":0.016,"dominant_metric":"environmental_exposure","dominant_change":"worsened","confidence":"high","evidence":["NI Air Belfast Centre hourly archive","BCCAQ monitoring-site inventory","NDVI/NDBI raster source availability","Tree inventory, road-pressure and River Lagan exposure proxy"]},"geometry":{"type":"Polygon","coordinates":[[[-6.011818,54.674286],[-5.998182,54.674286],[-5.998182,54.687143],[-6.011818,54.687143],[-6.011818,54.674286]]]}},{"type":"Feature","id":"belfast_12_06_2026","properties":{"cell_id":"belfast_12_06","year":2026,"row":12,"col":6,"population_pressure":0.284,"mobility_strain":0.416,"economic_opportunity":0.097,"environmental_exposure":0.35,"fairness_score":0.404,"development_pressure":0.152,"green_cover":0.647,"bike_access":0.05,"transit_access":0.18,"traffic_pressure":0.143,"planning_intensity":0.096,"deprivation_weight":0.0,"bike_trip_index":0.235,"tree_canopy_context":1.0,"civic_service_context":0.4,"population_pressure_delta_2016":0.114,"mobility_strain_delta_2016":0.014,"economic_opportunity_delta_2016":0.0,"environmental_exposure_delta_2016":0.169,"fairness_score_delta_2016":-0.005,"population_pressure_delta_previous":-0.128,"mobility_strain_delta_previous":-0.058,"economic_opportunity_delta_previous":0.0,"environmental_exposure_delta_previous":-0.014,"fairness_score_delta_previous":0.017,"dominant_metric":"environmental_exposure","dominant_change":"worsened","confidence":"high","evidence":["NI Air Belfast Centre hourly archive","BCCAQ monitoring-site inventory","NDVI/NDBI raster source availability","Tree inventory, road-pressure and River Lagan exposure proxy"]},"geometry":{"type":"Polygon","coordinates":[[[-5.998182,54.674286],[-5.984546,54.674286],[-5.984546,54.687143],[-5.998182,54.687143],[-5.998182,54.674286]]]}},{"type":"Feature","id":"belfast_12_07_2026","properties":{"cell_id":"belfast_12_07","year":2026,"row":12,"col":7,"population_pressure":0.275,"mobility_strain":0.419,"economic_opportunity":0.097,"environmental_exposure":0.396,"fairness_score":0.404,"development_pressure":0.134,"green_cover":0.506,"bike_access":0.05,"transit_access":0.18,"traffic_pressure":0.153,"planning_intensity":0.087,"deprivation_weight":0.0,"bike_trip_index":0.235,"tree_canopy_context":0.529,"civic_service_context":0.4,"population_pressure_delta_2016":0.106,"mobility_strain_delta_2016":0.013,"economic_opportunity_delta_2016":0.0,"environmental_exposure_delta_2016":0.174,"fairness_score_delta_2016":-0.003,"population_pressure_delta_previous":-0.132,"mobility_strain_delta_previous":-0.06,"economic_opportunity_delta_previous":0.0,"environmental_exposure_delta_previous":-0.023,"fairness_score_delta_previous":0.019,"dominant_metric":"environmental_exposure","dominant_change":"worsened","confidence":"high","evidence":["NI Air Belfast Centre hourly archive","BCCAQ monitoring-site inventory","NDVI/NDBI raster source availability","Tree inventory, road-pressure and River Lagan exposure proxy"]},"geometry":{"type":"Polygon","coordinates":[[[-5.984545,54.674286],[-5.970909,54.674286],[-5.970909,54.687143],[-5.984545,54.687143],[-5.984545,54.674286]]]}},{"type":"Feature","id":"belfast_12_08_2026","properties":{"cell_id":"belfast_12_08","year":2026,"row":12,"col":8,"population_pressure":0.262,"mobility_strain":0.409,"economic_opportunity":0.06,"environmental_exposure":0.355,"fairness_score":0.395,"development_pressure":0.11,"green_cover":0.629,"bike_access":0.05,"transit_access":0.18,"traffic_pressure":0.138,"planning_intensity":0.075,"deprivation_weight":0.0,"bike_trip_index":0.235,"tree_canopy_context":1.0,"civic_service_context":0.0,"population_pressure_delta_2016":0.085,"mobility_strain_delta_2016":0.003,"economic_opportunity_delta_2016":0.0,"environmental_exposure_delta_2016":0.161,"fairness_score_delta_2016":-0.001,"population_pressure_delta_previous":-0.134,"mobility_strain_delta_previous":-0.062,"economic_opportunity_delta_previous":0.0,"environmental_exposure_delta_previous":-0.032,"fairness_score_delta_previous":0.018,"dominant_metric":"environmental_exposure","dominant_change":"worsened","confidence":"high","evidence":["NI Air Belfast Centre hourly archive","BCCAQ monitoring-site inventory","NDVI/NDBI raster source availability","Tree inventory, road-pressure and River Lagan exposure proxy"]},"geometry":{"type":"Polygon","coordinates":[[[-5.970909,54.674286],[-5.957273,54.674286],[-5.957273,54.687143],[-5.970909,54.687143],[-5.970909,54.674286]]]}},{"type":"Feature","id":"belfast_12_09_2026","properties":{"cell_id":"belfast_12_09","year":2026,"row":12,"col":9,"population_pressure":0.252,"mobility_strain":0.416,"economic_opportunity":0.06,"environmental_exposure":0.444,"fairness_score":0.393,"development_pressure":0.091,"green_cover":0.359,"bike_access":0.05,"transit_access":0.18,"traffic_pressure":0.159,"planning_intensity":0.065,"deprivation_weight":0.0,"bike_trip_index":0.235,"tree_canopy_context":0.0,"civic_service_context":0.0,"population_pressure_delta_2016":0.063,"mobility_strain_delta_2016":-0.007,"economic_opportunity_delta_2016":0.0,"environmental_exposure_delta_2016":0.14,"fairness_score_delta_2016":0.002,"population_pressure_delta_previous":-0.131,"mobility_strain_delta_previous":-0.061,"economic_opportunity_delta_previous":0.0,"environmental_exposure_delta_previous":-0.033,"fairness_score_delta_previous":0.018,"dominant_metric":"environmental_exposure","dominant_change":"worsened","confidence":"high","evidence":["NI Air Belfast Centre hourly archive","BCCAQ monitoring-site inventory","NDVI/NDBI raster source availability","Tree inventory, road-pressure and River Lagan exposure proxy"]},"geometry":{"type":"Polygon","coordinates":[[[-5.957273,54.674286],[-5.943637,54.674286],[-5.943637,54.687143],[-5.957273,54.687143],[-5.957273,54.674286]]]}},{"type":"Feature","id":"belfast_12_10_2026","properties":{"cell_id":"belfast_12_10","year":2026,"row":12,"col":10,"population_pressure":0.249,"mobility_strain":0.415,"economic_opportunity":0.06,"environmental_exposure":0.441,"fairness_score":0.394,"development_pressure":0.085,"green_cover":0.368,"bike_access":0.05,"transit_access":0.18,"traffic_pressure":0.158,"planning_intensity":0.063,"deprivation_weight":0.0,"bike_trip_index":0.235,"tree_canopy_context":0.0,"civic_service_context":0.0,"population_pressure_delta_2016":0.048,"mobility_strain_delta_2016":-0.013,"economic_opportunity_delta_2016":0.0,"environmental_exposure_delta_2016":0.129,"fairness_score_delta_2016":0.004,"population_pressure_delta_previous":-0.127,"mobility_strain_delta_previous":-0.058,"economic_opportunity_delta_previous":0.0,"environmental_exposure_delta_previous":-0.026,"fairness_score_delta_previous":0.018,"dominant_metric":"environmental_exposure","dominant_change":"worsened","confidence":"high","evidence":["NI Air Belfast Centre hourly archive","BCCAQ monitoring-site inventory","NDVI/NDBI raster source availability","Tree inventory, road-pressure and River Lagan exposure proxy"]},"geometry":{"type":"Polygon","coordinates":[[[-5.943636,54.674286],[-5.93,54.674286],[-5.93,54.687143],[-5.943636,54.687143],[-5.943636,54.674286]]]}},{"type":"Feature","id":"belfast_12_11_2026","properties":{"cell_id":"belfast_12_11","year":2026,"row":12,"col":11,"population_pressure":0.254,"mobility_strain":0.414,"economic_opportunity":0.06,"environmental_exposure":0.417,"fairness_score":0.394,"development_pressure":0.096,"green_cover":0.442,"bike_access":0.05,"transit_access":0.18,"traffic_pressure":0.153,"planning_intensity":0.068,"deprivation_weight":0.0,"bike_trip_index":0.235,"tree_canopy_context":0.318,"civic_service_context":0.0,"population_pressure_delta_2016":0.048,"mobility_strain_delta_2016":-0.012,"economic_opportunity_delta_2016":0.0,"environmental_exposure_delta_2016":0.137,"fairness_score_delta_2016":0.004,"population_pressure_delta_previous":-0.122,"mobility_strain_delta_previous":-0.056,"economic_opportunity_delta_previous":0.0,"environmental_exposure_delta_previous":-0.016,"fairness_score_delta_previous":0.017,"dominant_metric":"environmental_exposure","dominant_change":"worsened","confidence":"high","evidence":["NI Air Belfast Centre hourly archive","BCCAQ monitoring-site inventory","NDVI/NDBI raster source availability","Tree inventory, road-pressure and River Lagan exposure proxy"]},"geometry":{"type":"Polygon","coordinates":[[[-5.93,54.674286],[-5.916364,54.674286],[-5.916364,54.687143],[-5.93,54.687143],[-5.93,54.674286]]]}},{"type":"Feature","id":"belfast_12_12_2026","properties":{"cell_id":"belfast_12_12","year":2026,"row":12,"col":12,"population_pressure":0.269,"mobility_strain":0.42,"economic_opportunity":0.06,"environmental_exposure":0.431,"fairness_score":0.392,"development_pressure":0.118,"green_cover":0.398,"bike_access":0.05,"transit_access":0.18,"traffic_pressure":0.16,"planning_intensity":0.099,"deprivation_weight":0.0,"bike_trip_index":0.235,"tree_canopy_context":0.235,"civic_service_context":0.0,"population_pressure_delta_2016":0.064,"mobility_strain_delta_2016":-0.004,"economic_opportunity_delta_2016":0.0,"environmental_exposure_delta_2016":0.157,"fairness_score_delta_2016":0.001,"population_pressure_delta_previous":-0.119,"mobility_strain_delta_previous":-0.054,"economic_opportunity_delta_previous":0.0,"environmental_exposure_delta_previous":-0.013,"fairness_score_delta_previous":0.016,"dominant_metric":"environmental_exposure","dominant_change":"worsened","confidence":"high","evidence":["NI Air Belfast Centre hourly archive","BCCAQ monitoring-site inventory","NDVI/NDBI raster source availability","Tree inventory, road-pressure and River Lagan exposure proxy"]},"geometry":{"type":"Polygon","coordinates":[[[-5.916364,54.674286],[-5.902728,54.674286],[-5.902728,54.687143],[-5.916364,54.687143],[-5.916364,54.674286]]]}},{"type":"Feature","id":"belfast_12_13_2026","properties":{"cell_id":"belfast_12_13","year":2026,"row":12,"col":13,"population_pressure":0.282,"mobility_strain":0.426,"economic_opportunity":0.06,"environmental_exposure":0.449,"fairness_score":0.39,"development_pressure":0.141,"green_cover":0.344,"bike_access":0.05,"transit_access":0.18,"traffic_pressure":0.169,"planning_intensity":0.112,"deprivation_weight":0.0,"bike_trip_index":0.235,"tree_canopy_context":0.106,"civic_service_context":0.0,"population_pressure_delta_2016":0.087,"mobility_strain_delta_2016":0.005,"economic_opportunity_delta_2016":0.0,"environmental_exposure_delta_2016":0.172,"fairness_score_delta_2016":-0.002,"population_pressure_delta_previous":-0.119,"mobility_strain_delta_previous":-0.055,"economic_opportunity_delta_previous":0.0,"environmental_exposure_delta_previous":-0.019,"fairness_score_delta_previous":0.016,"dominant_metric":"environmental_exposure","dominant_change":"worsened","confidence":"high","evidence":["NI Air Belfast Centre hourly archive","BCCAQ monitoring-site inventory","NDVI/NDBI raster source availability","Tree inventory, road-pressure and River Lagan exposure proxy"]},"geometry":{"type":"Polygon","coordinates":[[[-5.902727,54.674286],[-5.889091,54.674286],[-5.889091,54.687143],[-5.902727,54.687143],[-5.902727,54.674286]]]}},{"type":"Feature","id":"belfast_12_14_2026","properties":{"cell_id":"belfast_12_14","year":2026,"row":12,"col":14,"population_pressure":0.285,"mobility_strain":0.43,"economic_opportunity":0.06,"environmental_exposure":0.461,"fairness_score":0.389,"development_pressure":0.154,"green_cover":0.308,"bike_access":0.05,"transit_access":0.18,"traffic_pressure":0.174,"planning_intensity":0.097,"deprivation_weight":0.0,"bike_trip_index":0.235,"tree_canopy_context":0.0,"civic_service_context":0.0,"population_pressure_delta_2016":0.106,"mobility_strain_delta_2016":0.012,"economic_opportunity_delta_2016":0.0,"environmental_exposure_delta_2016":0.169,"fairness_score_delta_2016":-0.004,"population_pressure_delta_previous":-0.124,"mobility_strain_delta_previous":-0.058,"economic_opportunity_delta_previous":0.0,"environmental_exposure_delta_previous":-0.028,"fairness_score_delta_previous":0.017,"dominant_metric":"environmental_exposure","dominant_change":"worsened","confidence":"high","evidence":["NI Air Belfast Centre hourly archive","BCCAQ monitoring-site inventory","NDVI/NDBI raster source availability","Tree inventory, road-pressure and River Lagan exposure proxy"]},"geometry":{"type":"Polygon","coordinates":[[[-5.889091,54.674286],[-5.875455,54.674286],[-5.875455,54.687143],[-5.889091,54.687143],[-5.889091,54.674286]]]}},{"type":"Feature","id":"belfast_12_15_2026","properties":{"cell_id":"belfast_12_15","year":2026,"row":12,"col":15,"population_pressure":0.284,"mobility_strain":0.428,"economic_opportunity":0.06,"environmental_exposure":0.451,"fairness_score":0.39,"development_pressure":0.151,"green_cover":0.337,"bike_access":0.05,"transit_access":0.18,"traffic_pressure":0.171,"planning_intensity":0.096,"deprivation_weight":0.0,"bike_trip_index":0.235,"tree_canopy_context":0.0,"civic_service_context":0.0,"population_pressure_delta_2016":0.114,"mobility_strain_delta_2016":0.012,"economic_opportunity_delta_2016":0.0,"environmental_exposure_delta_2016":0.152,"fairness_score_delta_2016":-0.003,"population_pressure_delta_previous":-0.128,"mobility_strain_delta_previous":-0.061,"economic_opportunity_delta_previous":0.0,"environmental_exposure_delta_previous":-0.033,"fairness_score_delta_previous":0.018,"dominant_metric":"environmental_exposure","dominant_change":"worsened","confidence":"high","evidence":["NI Air Belfast Centre hourly archive","BCCAQ monitoring-site inventory","NDVI/NDBI raster source availability","Tree inventory, road-pressure and River Lagan exposure proxy"]},"geometry":{"type":"Polygon","coordinates":[[[-5.875455,54.674286],[-5.861819,54.674286],[-5.861819,54.687143],[-5.875455,54.687143],[-5.875455,54.674286]]]}},{"type":"Feature","id":"belfast_12_16_2026","properties":{"cell_id":"belfast_12_16","year":2026,"row":12,"col":16,"population_pressure":0.275,"mobility_strain":0.424,"economic_opportunity":0.06,"environmental_exposure":0.445,"fairness_score":0.391,"development_pressure":0.134,"green_cover":0.357,"bike_access":0.05,"transit_access":0.18,"traffic_pressure":0.166,"planning_intensity":0.087,"deprivation_weight":0.0,"bike_trip_index":0.235,"tree_canopy_context":0.0,"civic_service_context":0.0,"population_pressure_delta_2016":0.106,"mobility_strain_delta_2016":0.007,"economic_opportunity_delta_2016":0.0,"environmental_exposure_delta_2016":0.137,"fairness_score_delta_2016":-0.002,"population_pressure_delta_previous":-0.132,"mobility_strain_delta_previous":-0.061,"economic_opportunity_delta_previous":0.0,"environmental_exposure_delta_previous":-0.029,"fairness_score_delta_previous":0.019,"dominant_metric":"environmental_exposure","dominant_change":"worsened","confidence":"high","evidence":["NI Air Belfast Centre hourly archive","BCCAQ monitoring-site inventory","NDVI/NDBI raster source availability","Tree inventory, road-pressure and River Lagan exposure proxy"]},"geometry":{"type":"Polygon","coordinates":[[[-5.861818,54.674286],[-5.848182,54.674286],[-5.848182,54.687143],[-5.861818,54.687143],[-5.861818,54.674286]]]}},{"type":"Feature","id":"belfast_12_17_2026","properties":{"cell_id":"belfast_12_17","year":2026,"row":12,"col":17,"population_pressure":0.262,"mobility_strain":0.42,"economic_opportunity":0.06,"environmental_exposure":0.447,"fairness_score":0.392,"development_pressure":0.11,"green_cover":0.35,"bike_access":0.05,"transit_access":0.18,"traffic_pressure":0.163,"planning_intensity":0.075,"deprivation_weight":0.0,"bike_trip_index":0.235,"tree_canopy_context":0.0,"civic_service_context":0.0,"population_pressure_delta_2016":0.085,"mobility_strain_delta_2016":0.0,"economic_opportunity_delta_2016":0.0,"environmental_exposure_delta_2016":0.137,"fairness_score_delta_2016":0.0,"population_pressure_delta_previous":-0.134,"mobility_strain_delta_previous":-0.061,"economic_opportunity_delta_previous":0.0,"environmental_exposure_delta_previous":-0.02,"fairness_score_delta_previous":0.018,"dominant_metric":"environmental_exposure","dominant_change":"worsened","confidence":"high","evidence":["NI Air Belfast Centre hourly archive","BCCAQ monitoring-site inventory","NDVI/NDBI raster source availability","Tree inventory, road-pressure and River Lagan exposure proxy"]},"geometry":{"type":"Polygon","coordinates":[[[-5.848182,54.674286],[-5.834546,54.674286],[-5.834546,54.687143],[-5.848182,54.687143],[-5.848182,54.674286]]]}},{"type":"Feature","id":"belfast_12_18_2026","properties":{"cell_id":"belfast_12_18","year":2026,"row":12,"col":18,"population_pressure":0.251,"mobility_strain":0.417,"economic_opportunity":0.06,"environmental_exposure":0.455,"fairness_score":0.393,"development_pressure":0.091,"green_cover":0.326,"bike_access":0.05,"transit_access":0.18,"traffic_pressure":0.162,"planning_intensity":0.065,"deprivation_weight":0.0,"bike_trip_index":0.235,"tree_canopy_context":0.0,"civic_service_context":0.0,"population_pressure_delta_2016":0.061,"mobility_strain_delta_2016":-0.006,"economic_opportunity_delta_2016":0.0,"environmental_exposure_delta_2016":0.151,"fairness_score_delta_2016":0.002,"population_pressure_delta_previous":-0.132,"mobility_strain_delta_previous":-0.059,"economic_opportunity_delta_previous":0.0,"environmental_exposure_delta_previous":-0.015,"fairness_score_delta_previous":0.018,"dominant_metric":"environmental_exposure","dominant_change":"worsened","confidence":"high","evidence":["NI Air Belfast Centre hourly archive","BCCAQ monitoring-site inventory","NDVI/NDBI raster source availability","Tree inventory, road-pressure and River Lagan exposure proxy"]},"geometry":{"type":"Polygon","coordinates":[[[-5.834545,54.674286],[-5.820909,54.674286],[-5.820909,54.687143],[-5.834545,54.687143],[-5.834545,54.674286]]]}},{"type":"Feature","id":"belfast_12_19_2026","properties":{"cell_id":"belfast_12_19","year":2026,"row":12,"col":19,"population_pressure":0.249,"mobility_strain":0.417,"economic_opportunity":0.06,"environmental_exposure":0.461,"fairness_score":0.393,"development_pressure":0.085,"green_cover":0.309,"bike_access":0.05,"transit_access":0.18,"traffic_pressure":0.163,"planning_intensity":0.063,"deprivation_weight":0.0,"bike_trip_index":0.235,"tree_canopy_context":0.0,"civic_service_context":0.0,"population_pressure_delta_2016":0.048,"mobility_strain_delta_2016":-0.01,"economic_opportunity_delta_2016":0.0,"environmental_exposure_delta_2016":0.165,"fairness_score_delta_2016":0.003,"population_pressure_delta_previous":-0.127,"mobility_strain_delta_previous":-0.058,"economic_opportunity_delta_previous":0.0,"environmental_exposure_delta_previous":-0.017,"fairness_score_delta_previous":0.017,"dominant_metric":"environmental_exposure","dominant_change":"worsened","confidence":"high","evidence":["NI Air Belfast Centre hourly archive","BCCAQ monitoring-site inventory","NDVI/NDBI raster source availability","Tree inventory, road-pressure and River Lagan exposure proxy"]},"geometry":{"type":"Polygon","coordinates":[[[-5.820909,54.674286],[-5.807273,54.674286],[-5.807273,54.687143],[-5.820909,54.687143],[-5.820909,54.674286]]]}},{"type":"Feature","id":"belfast_12_20_2026","properties":{"cell_id":"belfast_12_20","year":2026,"row":12,"col":20,"population_pressure":0.254,"mobility_strain":0.419,"economic_opportunity":0.06,"environmental_exposure":0.459,"fairness_score":0.393,"development_pressure":0.096,"green_cover":0.316,"bike_access":0.05,"transit_access":0.18,"traffic_pressure":0.164,"planning_intensity":0.068,"deprivation_weight":0.0,"bike_trip_index":0.235,"tree_canopy_context":0.0,"civic_service_context":0.0,"population_pressure_delta_2016":0.048,"mobility_strain_delta_2016":-0.009,"economic_opportunity_delta_2016":0.0,"environmental_exposure_delta_2016":0.165,"fairness_score_delta_2016":0.003,"population_pressure_delta_previous":-0.123,"mobility_strain_delta_previous":-0.057,"economic_opportunity_delta_previous":0.0,"environmental_exposure_delta_previous":-0.025,"fairness_score_delta_previous":0.018,"dominant_metric":"environmental_exposure","dominant_change":"worsened","confidence":"high","evidence":["NI Air Belfast Centre hourly archive","BCCAQ monitoring-site inventory","NDVI/NDBI raster source availability","Tree inventory, road-pressure and River Lagan exposure proxy"]},"geometry":{"type":"Polygon","coordinates":[[[-5.807273,54.674286],[-5.793637,54.674286],[-5.793637,54.687143],[-5.807273,54.687143],[-5.807273,54.674286]]]}},{"type":"Feature","id":"belfast_12_21_2026","properties":{"cell_id":"belfast_12_21","year":2026,"row":12,"col":21,"population_pressure":0.266,"mobility_strain":0.422,"economic_opportunity":0.06,"environmental_exposure":0.451,"fairness_score":0.392,"development_pressure":0.118,"green_cover":0.338,"bike_access":0.05,"transit_access":0.18,"traffic_pressure":0.166,"planning_intensity":0.079,"deprivation_weight":0.0,"bike_trip_index":0.235,"tree_canopy_context":0.0,"civic_service_context":0.0,"population_pressure_delta_2016":0.064,"mobility_strain_delta_2016":-0.005,"economic_opportunity_delta_2016":0.0,"environmental_exposure_delta_2016":0.151,"fairness_score_delta_2016":0.002,"population_pressure_delta_previous":-0.12,"mobility_strain_delta_previous":-0.057,"economic_opportunity_delta_previous":0.0,"environmental_exposure_delta_previous":-0.031,"fairness_score_delta_previous":0.018,"dominant_metric":"environmental_exposure","dominant_change":"worsened","confidence":"high","evidence":["NI Air Belfast Centre hourly archive","BCCAQ monitoring-site inventory","NDVI/NDBI raster source availability","Tree inventory, road-pressure and River Lagan exposure proxy"]},"geometry":{"type":"Polygon","coordinates":[[[-5.793636,54.674286],[-5.78,54.674286],[-5.78,54.687143],[-5.793636,54.687143],[-5.793636,54.674286]]]}},{"type":"Feature","id":"belfast_13_00_2026","properties":{"cell_id":"belfast_13_00","year":2026,"row":13,"col":0,"population_pressure":0.254,"mobility_strain":0.419,"economic_opportunity":0.06,"environmental_exposure":0.461,"fairness_score":0.392,"development_pressure":0.095,"green_cover":0.308,"bike_access":0.05,"transit_access":0.18,"traffic_pressure":0.165,"planning_intensity":0.068,"deprivation_weight":0.0,"bike_trip_index":0.235,"tree_canopy_context":0.0,"civic_service_context":0.0,"population_pressure_delta_2016":0.048,"mobility_strain_delta_2016":-0.009,"economic_opportunity_delta_2016":0.0,"environmental_exposure_delta_2016":0.164,"fairness_score_delta_2016":0.002,"population_pressure_delta_previous":-0.122,"mobility_strain_delta_previous":-0.056,"economic_opportunity_delta_previous":0.0,"environmental_exposure_delta_previous":-0.016,"fairness_score_delta_previous":0.016,"dominant_metric":"environmental_exposure","dominant_change":"worsened","confidence":"high","evidence":["NI Air Belfast Centre hourly archive","BCCAQ monitoring-site inventory","NDVI/NDBI raster source availability","Tree inventory, road-pressure and River Lagan exposure proxy"]},"geometry":{"type":"Polygon","coordinates":[[[-6.08,54.687143],[-6.066364,54.687143],[-6.066364,54.7],[-6.08,54.7],[-6.08,54.687143]]]}},{"type":"Feature","id":"belfast_13_01_2026","properties":{"cell_id":"belfast_13_01","year":2026,"row":13,"col":1,"population_pressure":0.266,"mobility_strain":0.423,"economic_opportunity":0.06,"environmental_exposure":0.461,"fairness_score":0.391,"development_pressure":0.117,"green_cover":0.307,"bike_access":0.05,"transit_access":0.18,"traffic_pressure":0.168,"planning_intensity":0.079,"deprivation_weight":0.0,"bike_trip_index":0.235,"tree_canopy_context":0.0,"civic_service_context":0.0,"population_pressure_delta_2016":0.064,"mobility_strain_delta_2016":-0.004,"economic_opportunity_delta_2016":0.0,"environmental_exposure_delta_2016":0.168,"fairness_score_delta_2016":0.001,"population_pressure_delta_previous":-0.119,"mobility_strain_delta_previous":-0.056,"economic_opportunity_delta_previous":0.0,"environmental_exposure_delta_previous":-0.024,"fairness_score_delta_previous":0.017,"dominant_metric":"environmental_exposure","dominant_change":"worsened","confidence":"high","evidence":["NI Air Belfast Centre hourly archive","BCCAQ monitoring-site inventory","NDVI/NDBI raster source availability","Tree inventory, road-pressure and River Lagan exposure proxy"]},"geometry":{"type":"Polygon","coordinates":[[[-6.066364,54.687143],[-6.052728,54.687143],[-6.052728,54.7],[-6.066364,54.7],[-6.066364,54.687143]]]}},{"type":"Feature","id":"belfast_13_02_2026","properties":{"cell_id":"belfast_13_02","year":2026,"row":13,"col":2,"population_pressure":0.278,"mobility_strain":0.427,"economic_opportunity":0.06,"environmental_exposure":0.455,"fairness_score":0.39,"development_pressure":0.14,"green_cover":0.328,"bike_access":0.05,"transit_access":0.18,"traffic_pressure":0.17,"planning_intensity":0.09,"deprivation_weight":0.0,"bike_trip_index":0.235,"tree_canopy_context":0.0,"civic_service_context":0.0,"population_pressure_delta_2016":0.086,"mobility_strain_delta_2016":0.004,"economic_opportunity_delta_2016":0.0,"environmental_exposure_delta_2016":0.158,"fairness_score_delta_2016":-0.001,"population_pressure_delta_previous":-0.12,"mobility_strain_delta_previous":-0.056,"economic_opportunity_delta_previous":0.0,"environmental_exposure_delta_previous":-0.03,"fairness_score_delta_previous":0.017,"dominant_metric":"environmental_exposure","dominant_change":"worsened","confidence":"high","evidence":["NI Air Belfast Centre hourly archive","BCCAQ monitoring-site inventory","NDVI/NDBI raster source availability","Tree inventory, road-pressure and River Lagan exposure proxy"]},"geometry":{"type":"Polygon","coordinates":[[[-6.052727,54.687143],[-6.039091,54.687143],[-6.039091,54.7],[-6.052727,54.7],[-6.052727,54.687143]]]}},{"type":"Feature","id":"belfast_13_03_2026","properties":{"cell_id":"belfast_13_03","year":2026,"row":13,"col":3,"population_pressure":0.285,"mobility_strain":0.428,"economic_opportunity":0.06,"environmental_exposure":0.448,"fairness_score":0.39,"development_pressure":0.154,"green_cover":0.348,"bike_access":0.05,"transit_access":0.18,"traffic_pressure":0.17,"planning_intensity":0.097,"deprivation_weight":0.0,"bike_trip_index":0.235,"tree_canopy_context":0.0,"civic_service_context":0.0,"population_pressure_delta_2016":0.106,"mobility_strain_delta_2016":0.008,"economic_opportunity_delta_2016":0.0,"environmental_exposure_delta_2016":0.142,"fairness_score_delta_2016":-0.002,"population_pressure_delta_previous":-0.124,"mobility_strain_delta_previous":-0.058,"economic_opportunity_delta_previous":0.0,"environmental_exposure_delta_previous":-0.03,"fairness_score_delta_previous":0.018,"dominant_metric":"environmental_exposure","dominant_change":"worsened","confidence":"high","evidence":["NI Air Belfast Centre hourly archive","BCCAQ monitoring-site inventory","NDVI/NDBI raster source availability","Tree inventory, road-pressure and River Lagan exposure proxy"]},"geometry":{"type":"Polygon","coordinates":[[[-6.039091,54.687143],[-6.025455,54.687143],[-6.025455,54.7],[-6.039091,54.7],[-6.039091,54.687143]]]}},{"type":"Feature","id":"belfast_13_04_2026","properties":{"cell_id":"belfast_13_04","year":2026,"row":13,"col":4,"population_pressure":0.284,"mobility_strain":0.427,"economic_opportunity":0.06,"environmental_exposure":0.44,"fairness_score":0.39,"development_pressure":0.152,"green_cover":0.372,"bike_access":0.05,"transit_access":0.18,"traffic_pressure":0.168,"planning_intensity":0.096,"deprivation_weight":0.0,"bike_trip_index":0.235,"tree_canopy_context":0.0,"civic_service_context":0.0,"population_pressure_delta_2016":0.114,"mobility_strain_delta_2016":0.011,"economic_opportunity_delta_2016":0.0,"environmental_exposure_delta_2016":0.138,"fairness_score_delta_2016":-0.003,"population_pressure_delta_previous":-0.128,"mobility_strain_delta_previous":-0.059,"economic_opportunity_delta_previous":0.0,"environmental_exposure_delta_previous":-0.023,"fairness_score_delta_previous":0.018,"dominant_metric":"environmental_exposure","dominant_change":"worsened","confidence":"high","evidence":["NI Air Belfast Centre hourly archive","BCCAQ monitoring-site inventory","NDVI/NDBI raster source availability","Tree inventory, road-pressure and River Lagan exposure proxy"]},"geometry":{"type":"Polygon","coordinates":[[[-6.025455,54.687143],[-6.011819,54.687143],[-6.011819,54.7],[-6.025455,54.7],[-6.025455,54.687143]]]}},{"type":"Feature","id":"belfast_13_05_2026","properties":{"cell_id":"belfast_13_05","year":2026,"row":13,"col":5,"population_pressure":0.275,"mobility_strain":0.424,"economic_opportunity":0.079,"environmental_exposure":0.438,"fairness_score":0.397,"development_pressure":0.134,"green_cover":0.378,"bike_access":0.05,"transit_access":0.18,"traffic_pressure":0.165,"planning_intensity":0.087,"deprivation_weight":0.0,"bike_trip_index":0.235,"tree_canopy_context":0.012,"civic_service_context":0.2,"population_pressure_delta_2016":0.106,"mobility_strain_delta_2016":0.01,"economic_opportunity_delta_2016":0.0,"environmental_exposure_delta_2016":0.149,"fairness_score_delta_2016":-0.002,"population_pressure_delta_previous":-0.132,"mobility_strain_delta_previous":-0.059,"economic_opportunity_delta_previous":0.0,"environmental_exposure_delta_previous":-0.016,"fairness_score_delta_previous":0.018,"dominant_metric":"environmental_exposure","dominant_change":"worsened","confidence":"high","evidence":["NI Air Belfast Centre hourly archive","BCCAQ monitoring-site inventory","NDVI/NDBI raster source availability","Tree inventory, road-pressure and River Lagan exposure proxy"]},"geometry":{"type":"Polygon","coordinates":[[[-6.011818,54.687143],[-5.998182,54.687143],[-5.998182,54.7],[-6.011818,54.7],[-6.011818,54.687143]]]}},{"type":"Feature","id":"belfast_13_06_2026","properties":{"cell_id":"belfast_13_06","year":2026,"row":13,"col":6,"population_pressure":0.262,"mobility_strain":0.42,"economic_opportunity":0.097,"environmental_exposure":0.446,"fairness_score":0.403,"development_pressure":0.11,"green_cover":0.355,"bike_access":0.05,"transit_access":0.18,"traffic_pressure":0.163,"planning_intensity":0.075,"deprivation_weight":0.0,"bike_trip_index":0.235,"tree_canopy_context":0.0,"civic_service_context":0.4,"population_pressure_delta_2016":0.085,"mobility_strain_delta_2016":0.004,"economic_opportunity_delta_2016":0.0,"environmental_exposure_delta_2016":0.165,"fairness_score_delta_2016":-0.001,"population_pressure_delta_previous":-0.134,"mobility_strain_delta_previous":-0.06,"economic_opportunity_delta_previous":0.0,"environmental_exposure_delta_previous":-0.015,"fairness_score_delta_previous":0.018,"dominant_metric":"environmental_exposure","dominant_change":"worsened","confidence":"high","evidence":["NI Air Belfast Centre hourly archive","BCCAQ monitoring-site inventory","NDVI/NDBI raster source availability","Tree inventory, road-pressure and River Lagan exposure proxy"]},"geometry":{"type":"Polygon","coordinates":[[[-5.998182,54.687143],[-5.984546,54.687143],[-5.984546,54.7],[-5.998182,54.7],[-5.998182,54.687143]]]}},{"type":"Feature","id":"belfast_13_07_2026","properties":{"cell_id":"belfast_13_07","year":2026,"row":13,"col":7,"population_pressure":0.252,"mobility_strain":0.416,"economic_opportunity":0.06,"environmental_exposure":0.445,"fairness_score":0.393,"development_pressure":0.091,"green_cover":0.357,"bike_access":0.05,"transit_access":0.18,"traffic_pressure":0.159,"planning_intensity":0.065,"deprivation_weight":0.0,"bike_trip_index":0.235,"tree_canopy_context":0.0,"civic_service_context":0.0,"population_pressure_delta_2016":0.063,"mobility_strain_delta_2016":-0.004,"economic_opportunity_delta_2016":0.0,"environmental_exposure_delta_2016":0.168,"fairness_score_delta_2016":0.001,"population_pressure_delta_previous":-0.131,"mobility_strain_delta_previous":-0.06,"economic_opportunity_delta_previous":0.0,"environmental_exposure_delta_previous":-0.023,"fairness_score_delta_previous":0.018,"dominant_metric":"environmental_exposure","dominant_change":"worsened","confidence":"high","evidence":["NI Air Belfast Centre hourly archive","BCCAQ monitoring-site inventory","NDVI/NDBI raster source availability","Tree inventory, road-pressure and River Lagan exposure proxy"]},"geometry":{"type":"Polygon","coordinates":[[[-5.984545,54.687143],[-5.970909,54.687143],[-5.970909,54.7],[-5.984545,54.7],[-5.984545,54.687143]]]}},{"type":"Feature","id":"belfast_13_08_2026","properties":{"cell_id":"belfast_13_08","year":2026,"row":13,"col":8,"population_pressure":0.249,"mobility_strain":0.416,"economic_opportunity":0.06,"environmental_exposure":0.453,"fairness_score":0.393,"development_pressure":0.085,"green_cover":0.333,"bike_access":0.05,"transit_access":0.18,"traffic_pressure":0.161,"planning_intensity":0.063,"deprivation_weight":0.0,"bike_trip_index":0.235,"tree_canopy_context":0.0,"civic_service_context":0.0,"population_pressure_delta_2016":0.048,"mobility_strain_delta_2016":-0.011,"economic_opportunity_delta_2016":0.0,"environmental_exposure_delta_2016":0.157,"fairness_score_delta_2016":0.003,"population_pressure_delta_previous":-0.127,"mobility_strain_delta_previous":-0.059,"economic_opportunity_delta_previous":0.0,"environmental_exposure_delta_previous":-0.03,"fairness_score_delta_previous":0.018,"dominant_metric":"environmental_exposure","dominant_change":"worsened","confidence":"high","evidence":["NI Air Belfast Centre hourly archive","BCCAQ monitoring-site inventory","NDVI/NDBI raster source availability","Tree inventory, road-pressure and River Lagan exposure proxy"]},"geometry":{"type":"Polygon","coordinates":[[[-5.970909,54.687143],[-5.957273,54.687143],[-5.957273,54.7],[-5.970909,54.7],[-5.970909,54.687143]]]}},{"type":"Feature","id":"belfast_13_09_2026","properties":{"cell_id":"belfast_13_09","year":2026,"row":13,"col":9,"population_pressure":0.254,"mobility_strain":0.412,"economic_opportunity":0.06,"environmental_exposure":0.403,"fairness_score":0.395,"development_pressure":0.096,"green_cover":0.486,"bike_access":0.05,"transit_access":0.18,"traffic_pressure":0.149,"planning_intensity":0.068,"deprivation_weight":0.0,"bike_trip_index":0.235,"tree_canopy_context":0.424,"civic_service_context":0.0,"population_pressure_delta_2016":0.048,"mobility_strain_delta_2016":-0.012,"economic_opportunity_delta_2016":0.0,"environmental_exposure_delta_2016":0.139,"fairness_score_delta_2016":0.004,"population_pressure_delta_previous":-0.122,"mobility_strain_delta_previous":-0.058,"economic_opportunity_delta_previous":0.0,"environmental_exposure_delta_previous":-0.031,"fairness_score_delta_previous":0.018,"dominant_metric":"environmental_exposure","dominant_change":"worsened","confidence":"high","evidence":["NI Air Belfast Centre hourly archive","BCCAQ monitoring-site inventory","NDVI/NDBI raster source availability","Tree inventory, road-pressure and River Lagan exposure proxy"]},"geometry":{"type":"Polygon","coordinates":[[[-5.957273,54.687143],[-5.943637,54.687143],[-5.943637,54.7],[-5.957273,54.7],[-5.957273,54.687143]]]}},{"type":"Feature","id":"belfast_13_10_2026","properties":{"cell_id":"belfast_13_10","year":2026,"row":13,"col":10,"population_pressure":0.266,"mobility_strain":0.415,"economic_opportunity":0.06,"environmental_exposure":0.396,"fairness_score":0.394,"development_pressure":0.118,"green_cover":0.506,"bike_access":0.05,"transit_access":0.18,"traffic_pressure":0.151,"planning_intensity":0.079,"deprivation_weight":0.0,"bike_trip_index":0.235,"tree_canopy_context":0.482,"civic_service_context":0.0,"population_pressure_delta_2016":0.064,"mobility_strain_delta_2016":-0.008,"economic_opportunity_delta_2016":0.0,"environmental_exposure_delta_2016":0.132,"fairness_score_delta_2016":0.003,"population_pressure_delta_previous":-0.119,"mobility_strain_delta_previous":-0.056,"economic_opportunity_delta_previous":0.0,"environmental_exposure_delta_previous":-0.024,"fairness_score_delta_previous":0.017,"dominant_metric":"environmental_exposure","dominant_change":"worsened","confidence":"high","evidence":["NI Air Belfast Centre hourly archive","BCCAQ monitoring-site inventory","NDVI/NDBI raster source availability","Tree inventory, road-pressure and River Lagan exposure proxy"]},"geometry":{"type":"Polygon","coordinates":[[[-5.943636,54.687143],[-5.93,54.687143],[-5.93,54.7],[-5.943636,54.7],[-5.943636,54.687143]]]}},{"type":"Feature","id":"belfast_13_11_2026","properties":{"cell_id":"belfast_13_11","year":2026,"row":13,"col":11,"population_pressure":0.278,"mobility_strain":0.422,"economic_opportunity":0.06,"environmental_exposure":0.413,"fairness_score":0.392,"development_pressure":0.141,"green_cover":0.455,"bike_access":0.05,"transit_access":0.18,"traffic_pressure":0.159,"planning_intensity":0.09,"deprivation_weight":0.0,"bike_trip_index":0.235,"tree_canopy_context":0.4,"civic_service_context":0.0,"population_pressure_delta_2016":0.087,"mobility_strain_delta_2016":0.002,"economic_opportunity_delta_2016":0.0,"environmental_exposure_delta_2016":0.143,"fairness_score_delta_2016":0.0,"population_pressure_delta_previous":-0.12,"mobility_strain_delta_previous":-0.055,"economic_opportunity_delta_previous":0.0,"environmental_exposure_delta_previous":-0.015,"fairness_score_delta_previous":0.017,"dominant_metric":"environmental_exposure","dominant_change":"worsened","confidence":"high","evidence":["NI Air Belfast Centre hourly archive","BCCAQ monitoring-site inventory","NDVI/NDBI raster source availability","Tree inventory, road-pressure and River Lagan exposure proxy"]},"geometry":{"type":"Polygon","coordinates":[[[-5.93,54.687143],[-5.916364,54.687143],[-5.916364,54.7],[-5.93,54.7],[-5.93,54.687143]]]}},{"type":"Feature","id":"belfast_13_12_2026","properties":{"cell_id":"belfast_13_12","year":2026,"row":13,"col":12,"population_pressure":0.285,"mobility_strain":0.43,"economic_opportunity":0.06,"environmental_exposure":0.457,"fairness_score":0.389,"development_pressure":0.154,"green_cover":0.32,"bike_access":0.05,"transit_access":0.18,"traffic_pressure":0.173,"planning_intensity":0.097,"deprivation_weight":0.0,"bike_trip_index":0.235,"tree_canopy_context":0.059,"civic_service_context":0.0,"population_pressure_delta_2016":0.106,"mobility_strain_delta_2016":0.012,"economic_opportunity_delta_2016":0.0,"environmental_exposure_delta_2016":0.163,"fairness_score_delta_2016":-0.004,"population_pressure_delta_previous":-0.124,"mobility_strain_delta_previous":-0.056,"economic_opportunity_delta_previous":0.0,"environmental_exposure_delta_previous":-0.013,"fairness_score_delta_previous":0.017,"dominant_metric":"environmental_exposure","dominant_change":"worsened","confidence":"high","evidence":["NI Air Belfast Centre hourly archive","BCCAQ monitoring-site inventory","NDVI/NDBI raster source availability","Tree inventory, road-pressure and River Lagan exposure proxy"]},"geometry":{"type":"Polygon","coordinates":[[[-5.916364,54.687143],[-5.902728,54.687143],[-5.902728,54.7],[-5.916364,54.7],[-5.916364,54.687143]]]}},{"type":"Feature","id":"belfast_13_13_2026","properties":{"cell_id":"belfast_13_13","year":2026,"row":13,"col":13,"population_pressure":0.284,"mobility_strain":0.43,"economic_opportunity":0.06,"environmental_exposure":0.466,"fairness_score":0.389,"development_pressure":0.151,"green_cover":0.292,"bike_access":0.05,"transit_access":0.18,"traffic_pressure":0.175,"planning_intensity":0.096,"deprivation_weight":0.0,"bike_trip_index":0.235,"tree_canopy_context":0.0,"civic_service_context":0.0,"population_pressure_delta_2016":0.114,"mobility_strain_delta_2016":0.015,"economic_opportunity_delta_2016":0.0,"environmental_exposure_delta_2016":0.175,"fairness_score_delta_2016":-0.005,"population_pressure_delta_previous":-0.128,"mobility_strain_delta_previous":-0.059,"economic_opportunity_delta_previous":0.0,"environmental_exposure_delta_previous":-0.02,"fairness_score_delta_previous":0.018,"dominant_metric":"environmental_exposure","dominant_change":"worsened","confidence":"high","evidence":["NI Air Belfast Centre hourly archive","BCCAQ monitoring-site inventory","NDVI/NDBI raster source availability","Tree inventory, road-pressure and River Lagan exposure proxy"]},"geometry":{"type":"Polygon","coordinates":[[[-5.902727,54.687143],[-5.889091,54.687143],[-5.889091,54.7],[-5.902727,54.7],[-5.902727,54.687143]]]}},{"type":"Feature","id":"belfast_13_14_2026","properties":{"cell_id":"belfast_13_14","year":2026,"row":13,"col":14,"population_pressure":0.275,"mobility_strain":0.426,"economic_opportunity":0.06,"environmental_exposure":0.459,"fairness_score":0.39,"development_pressure":0.134,"green_cover":0.313,"bike_access":0.05,"transit_access":0.18,"traffic_pressure":0.17,"planning_intensity":0.087,"deprivation_weight":0.0,"bike_trip_index":0.235,"tree_canopy_context":0.0,"civic_service_context":0.0,"population_pressure_delta_2016":0.106,"mobility_strain_delta_2016":0.011,"economic_opportunity_delta_2016":0.0,"environmental_exposure_delta_2016":0.168,"fairness_score_delta_2016":-0.004,"population_pressure_delta_previous":-0.132,"mobility_strain_delta_previous":-0.061,"economic_opportunity_delta_previous":0.0,"environmental_exposure_delta_previous":-0.03,"fairness_score_delta_previous":0.018,"dominant_metric":"environmental_exposure","dominant_change":"worsened","confidence":"high","evidence":["NI Air Belfast Centre hourly archive","BCCAQ monitoring-site inventory","NDVI/NDBI raster source availability","Tree inventory, road-pressure and River Lagan exposure proxy"]},"geometry":{"type":"Polygon","coordinates":[[[-5.889091,54.687143],[-5.875455,54.687143],[-5.875455,54.7],[-5.889091,54.7],[-5.889091,54.687143]]]}},{"type":"Feature","id":"belfast_13_15_2026","properties":{"cell_id":"belfast_13_15","year":2026,"row":13,"col":15,"population_pressure":0.262,"mobility_strain":0.42,"economic_opportunity":0.06,"environmental_exposure":0.448,"fairness_score":0.392,"development_pressure":0.11,"green_cover":0.348,"bike_access":0.05,"transit_access":0.18,"traffic_pressure":0.163,"planning_intensity":0.075,"deprivation_weight":0.0,"bike_trip_index":0.235,"tree_canopy_context":0.0,"civic_service_context":0.0,"population_pressure_delta_2016":0.085,"mobility_strain_delta_2016":0.001,"economic_opportunity_delta_2016":0.0,"environmental_exposure_delta_2016":0.148,"fairness_score_delta_2016":-0.001,"population_pressure_delta_previous":-0.134,"mobility_strain_delta_previous":-0.062,"economic_opportunity_delta_previous":0.0,"environmental_exposure_delta_previous":-0.033,"fairness_score_delta_previous":0.019,"dominant_metric":"environmental_exposure","dominant_change":"worsened","confidence":"high","evidence":["NI Air Belfast Centre hourly archive","BCCAQ monitoring-site inventory","NDVI/NDBI raster source availability","Tree inventory, road-pressure and River Lagan exposure proxy"]},"geometry":{"type":"Polygon","coordinates":[[[-5.875455,54.687143],[-5.861819,54.687143],[-5.861819,54.7],[-5.875455,54.7],[-5.875455,54.687143]]]}},{"type":"Feature","id":"belfast_13_16_2026","properties":{"cell_id":"belfast_13_16","year":2026,"row":13,"col":16,"population_pressure":0.251,"mobility_strain":0.416,"economic_opportunity":0.06,"environmental_exposure":0.442,"fairness_score":0.393,"development_pressure":0.091,"green_cover":0.367,"bike_access":0.05,"transit_access":0.18,"traffic_pressure":0.158,"planning_intensity":0.065,"deprivation_weight":0.0,"bike_trip_index":0.235,"tree_canopy_context":0.0,"civic_service_context":0.0,"population_pressure_delta_2016":0.061,"mobility_strain_delta_2016":-0.008,"economic_opportunity_delta_2016":0.0,"environmental_exposure_delta_2016":0.132,"fairness_score_delta_2016":0.002,"population_pressure_delta_previous":-0.132,"mobility_strain_delta_previous":-0.061,"economic_opportunity_delta_previous":0.0,"environmental_exposure_delta_previous":-0.028,"fairness_score_delta_previous":0.018,"dominant_metric":"environmental_exposure","dominant_change":"worsened","confidence":"high","evidence":["NI Air Belfast Centre hourly archive","BCCAQ monitoring-site inventory","NDVI/NDBI raster source availability","Tree inventory, road-pressure and River Lagan exposure proxy"]},"geometry":{"type":"Polygon","coordinates":[[[-5.861818,54.687143],[-5.848182,54.687143],[-5.848182,54.7],[-5.861818,54.7],[-5.861818,54.687143]]]}},{"type":"Feature","id":"belfast_13_17_2026","properties":{"cell_id":"belfast_13_17","year":2026,"row":13,"col":17,"population_pressure":0.249,"mobility_strain":0.415,"economic_opportunity":0.06,"environmental_exposure":0.445,"fairness_score":0.394,"development_pressure":0.085,"green_cover":0.356,"bike_access":0.05,"transit_access":0.18,"traffic_pressure":0.159,"planning_intensity":0.063,"deprivation_weight":0.0,"bike_trip_index":0.235,"tree_canopy_context":0.0,"civic_service_context":0.0,"population_pressure_delta_2016":0.048,"mobility_strain_delta_2016":-0.013,"economic_opportunity_delta_2016":0.0,"environmental_exposure_delta_2016":0.133,"fairness_score_delta_2016":0.004,"population_pressure_delta_previous":-0.127,"mobility_strain_delta_previous":-0.058,"economic_opportunity_delta_previous":0.0,"environmental_exposure_delta_previous":-0.019,"fairness_score_delta_previous":0.018,"dominant_metric":"environmental_exposure","dominant_change":"worsened","confidence":"high","evidence":["NI Air Belfast Centre hourly archive","BCCAQ monitoring-site inventory","NDVI/NDBI raster source availability","Tree inventory, road-pressure and River Lagan exposure proxy"]},"geometry":{"type":"Polygon","coordinates":[[[-5.848182,54.687143],[-5.834546,54.687143],[-5.834546,54.7],[-5.848182,54.7],[-5.848182,54.687143]]]}},{"type":"Feature","id":"belfast_13_18_2026","properties":{"cell_id":"belfast_13_18","year":2026,"row":13,"col":18,"population_pressure":0.254,"mobility_strain":0.418,"economic_opportunity":0.06,"environmental_exposure":0.456,"fairness_score":0.393,"development_pressure":0.096,"green_cover":0.324,"bike_access":0.05,"transit_access":0.18,"traffic_pressure":0.163,"planning_intensity":0.068,"deprivation_weight":0.0,"bike_trip_index":0.235,"tree_canopy_context":0.0,"civic_service_context":0.0,"population_pressure_delta_2016":0.048,"mobility_strain_delta_2016":-0.011,"economic_opportunity_delta_2016":0.0,"environmental_exposure_delta_2016":0.151,"fairness_score_delta_2016":0.004,"population_pressure_delta_previous":-0.123,"mobility_strain_delta_previous":-0.056,"economic_opportunity_delta_previous":0.0,"environmental_exposure_delta_previous":-0.013,"fairness_score_delta_previous":0.017,"dominant_metric":"environmental_exposure","dominant_change":"worsened","confidence":"high","evidence":["NI Air Belfast Centre hourly archive","BCCAQ monitoring-site inventory","NDVI/NDBI raster source availability","Tree inventory, road-pressure and River Lagan exposure proxy"]},"geometry":{"type":"Polygon","coordinates":[[[-5.834545,54.687143],[-5.820909,54.687143],[-5.820909,54.7],[-5.834545,54.7],[-5.834545,54.687143]]]}},{"type":"Feature","id":"belfast_13_19_2026","properties":{"cell_id":"belfast_13_19","year":2026,"row":13,"col":19,"population_pressure":0.266,"mobility_strain":0.423,"economic_opportunity":0.06,"environmental_exposure":0.463,"fairness_score":0.391,"development_pressure":0.118,"green_cover":0.301,"bike_access":0.05,"transit_access":0.18,"traffic_pressure":0.169,"planning_intensity":0.079,"deprivation_weight":0.0,"bike_trip_index":0.235,"tree_canopy_context":0.0,"civic_service_context":0.0,"population_pressure_delta_2016":0.064,"mobility_strain_delta_2016":-0.004,"economic_opportunity_delta_2016":0.0,"environmental_exposure_delta_2016":0.167,"fairness_score_delta_2016":0.001,"population_pressure_delta_previous":-0.12,"mobility_strain_delta_previous":-0.055,"economic_opportunity_delta_previous":0.0,"environmental_exposure_delta_previous":-0.016,"fairness_score_delta_previous":0.016,"dominant_metric":"environmental_exposure","dominant_change":"worsened","confidence":"high","evidence":["NI Air Belfast Centre hourly archive","BCCAQ monitoring-site inventory","NDVI/NDBI raster source availability","Tree inventory, road-pressure and River Lagan exposure proxy"]},"geometry":{"type":"Polygon","coordinates":[[[-5.820909,54.687143],[-5.807273,54.687143],[-5.807273,54.7],[-5.820909,54.7],[-5.820909,54.687143]]]}},{"type":"Feature","id":"belfast_13_20_2026","properties":{"cell_id":"belfast_13_20","year":2026,"row":13,"col":20,"population_pressure":0.279,"mobility_strain":0.428,"economic_opportunity":0.06,"environmental_exposure":0.462,"fairness_score":0.39,"development_pressure":0.141,"green_cover":0.304,"bike_access":0.05,"transit_access":0.18,"traffic_pressure":0.172,"planning_intensity":0.091,"deprivation_weight":0.0,"bike_trip_index":0.235,"tree_canopy_context":0.0,"civic_service_context":0.0,"population_pressure_delta_2016":0.088,"mobility_strain_delta_2016":0.005,"economic_opportunity_delta_2016":0.0,"environmental_exposure_delta_2016":0.17,"fairness_score_delta_2016":-0.001,"population_pressure_delta_previous":-0.119,"mobility_strain_delta_previous":-0.056,"economic_opportunity_delta_previous":0.0,"environmental_exposure_delta_previous":-0.025,"fairness_score_delta_previous":0.017,"dominant_metric":"environmental_exposure","dominant_change":"worsened","confidence":"high","evidence":["NI Air Belfast Centre hourly archive","BCCAQ monitoring-site inventory","NDVI/NDBI raster source availability","Tree inventory, road-pressure and River Lagan exposure proxy"]},"geometry":{"type":"Polygon","coordinates":[[[-5.807273,54.687143],[-5.793637,54.687143],[-5.793637,54.7],[-5.807273,54.7],[-5.807273,54.687143]]]}},{"type":"Feature","id":"belfast_13_21_2026","properties":{"cell_id":"belfast_13_21","year":2026,"row":13,"col":21,"population_pressure":0.285,"mobility_strain":0.429,"economic_opportunity":0.06,"environmental_exposure":0.454,"fairness_score":0.389,"development_pressure":0.154,"green_cover":0.329,"bike_access":0.05,"transit_access":0.18,"traffic_pressure":0.172,"planning_intensity":0.097,"deprivation_weight":0.0,"bike_trip_index":0.235,"tree_canopy_context":0.0,"civic_service_context":0.0,"population_pressure_delta_2016":0.107,"mobility_strain_delta_2016":0.01,"economic_opportunity_delta_2016":0.0,"environmental_exposure_delta_2016":0.157,"fairness_score_delta_2016":-0.004,"population_pressure_delta_previous":-0.124,"mobility_strain_delta_previous":-0.059,"economic_opportunity_delta_previous":0.0,"environmental_exposure_delta_previous":-0.032,"fairness_score_delta_previous":0.017,"dominant_metric":"environmental_exposure","dominant_change":"worsened","confidence":"high","evidence":["NI Air Belfast Centre hourly archive","BCCAQ monitoring-site inventory","NDVI/NDBI raster source availability","Tree inventory, road-pressure and River Lagan exposure proxy"]},"geometry":{"type":"Polygon","coordinates":[[[-5.793636,54.687143],[-5.78,54.687143],[-5.78,54.7],[-5.793636,54.7],[-5.793636,54.687143]]]}}]}