{"type":"FeatureCollection","name":"mode_a_grid_2016","metadata":{"year":2016,"generated_at":"2026-04-25T13:55:50.427103+00:00","bbox":[-6.08,54.52,-5.78,54.7],"cell_count":216,"resolution_note":"Regular demo grid approximating 250m-500m cells across Belfast NI."},"features":[{"type":"Feature","id":"belfast_00_00_2016","properties":{"cell_id":"belfast_00_00","year":2016,"row":0,"col":0,"development_pressure":0.117,"planning_intensity":0.068,"green_cover":0.34,"mobility_access":0.2,"bike_activity":0.05,"air_quality":0.639,"opportunity_access":0.336,"fairness_context":0.0,"deprivation_weighted_opportunity":0.249,"development_pressure_delta_2016":0.0,"planning_intensity_delta_2016":0.0,"green_cover_delta_2016":0.0,"mobility_access_delta_2016":0.0,"bike_activity_delta_2016":0.0,"air_quality_delta_2016":0.0,"opportunity_access_delta_2016":0.0,"fairness_context_delta_2016":0.0,"deprivation_weighted_opportunity_delta_2016":0.0,"development_pressure_delta_previous":0.0,"planning_intensity_delta_previous":0.0,"green_cover_delta_previous":0.0,"mobility_access_delta_previous":0.0,"bike_activity_delta_previous":0.0,"air_quality_delta_previous":0.0,"opportunity_access_delta_previous":0.0,"fairness_context_delta_previous":0.0,"deprivation_weighted_opportunity_delta_previous":0.0,"dominant_change":"stable","confidence":"medium","evidence":["OpenStreetMap building export clipped to Belfast NI core","250m-style grid proxy generated from local spatial anchors","Local raster source available for satellite/NDVI review"]},"geometry":{"type":"Polygon","coordinates":[[[-6.08,54.52],[-6.0633333333333335,54.52],[-6.0633333333333335,54.535000000000004],[-6.08,54.535000000000004],[-6.08,54.52]]]}},{"type":"Feature","id":"belfast_00_01_2016","properties":{"cell_id":"belfast_00_01","year":2016,"row":0,"col":1,"development_pressure":0.102,"planning_intensity":0.061,"green_cover":0.354,"mobility_access":0.2,"bike_activity":0.05,"air_quality":0.644,"opportunity_access":0.339,"fairness_context":0.0,"deprivation_weighted_opportunity":0.251,"development_pressure_delta_2016":0.0,"planning_intensity_delta_2016":0.0,"green_cover_delta_2016":0.0,"mobility_access_delta_2016":0.0,"bike_activity_delta_2016":0.0,"air_quality_delta_2016":0.0,"opportunity_access_delta_2016":0.0,"fairness_context_delta_2016":0.0,"deprivation_weighted_opportunity_delta_2016":0.0,"development_pressure_delta_previous":0.0,"planning_intensity_delta_previous":0.0,"green_cover_delta_previous":0.0,"mobility_access_delta_previous":0.0,"bike_activity_delta_previous":0.0,"air_quality_delta_previous":0.0,"opportunity_access_delta_previous":0.0,"fairness_context_delta_previous":0.0,"deprivation_weighted_opportunity_delta_previous":0.0,"dominant_change":"stable","confidence":"medium","evidence":["OpenStreetMap building export clipped to Belfast NI core","250m-style grid proxy generated from local spatial anchors","Local raster source available for satellite/NDVI review"]},"geometry":{"type":"Polygon","coordinates":[[[-6.0633333333333335,54.52],[-6.046666666666667,54.52],[-6.046666666666667,54.535000000000004],[-6.0633333333333335,54.535000000000004],[-6.0633333333333335,54.52]]]}},{"type":"Feature","id":"belfast_00_02_2016","properties":{"cell_id":"belfast_00_02","year":2016,"row":0,"col":2,"development_pressure":0.102,"planning_intensity":0.061,"green_cover":0.337,"mobility_access":0.2,"bike_activity":0.05,"air_quality":0.641,"opportunity_access":0.337,"fairness_context":0.0,"deprivation_weighted_opportunity":0.249,"development_pressure_delta_2016":0.0,"planning_intensity_delta_2016":0.0,"green_cover_delta_2016":0.0,"mobility_access_delta_2016":0.0,"bike_activity_delta_2016":0.0,"air_quality_delta_2016":0.0,"opportunity_access_delta_2016":0.0,"fairness_context_delta_2016":0.0,"deprivation_weighted_opportunity_delta_2016":0.0,"development_pressure_delta_previous":0.0,"planning_intensity_delta_previous":0.0,"green_cover_delta_previous":0.0,"mobility_access_delta_previous":0.0,"bike_activity_delta_previous":0.0,"air_quality_delta_previous":0.0,"opportunity_access_delta_previous":0.0,"fairness_context_delta_previous":0.0,"deprivation_weighted_opportunity_delta_previous":0.0,"dominant_change":"stable","confidence":"medium","evidence":["OpenStreetMap building export clipped to Belfast NI core","250m-style grid proxy generated from local spatial anchors","Local raster source available for satellite/NDVI review"]},"geometry":{"type":"Polygon","coordinates":[[[-6.046666666666667,54.52],[-6.03,54.52],[-6.03,54.535000000000004],[-6.046666666666667,54.535000000000004],[-6.046666666666667,54.52]]]}},{"type":"Feature","id":"belfast_00_03_2016","properties":{"cell_id":"belfast_00_03","year":2016,"row":0,"col":3,"development_pressure":0.117,"planning_intensity":0.068,"green_cover":0.306,"mobility_access":0.2,"bike_activity":0.05,"air_quality":0.632,"opportunity_access":0.33,"fairness_context":0.0,"deprivation_weighted_opportunity":0.244,"development_pressure_delta_2016":0.0,"planning_intensity_delta_2016":0.0,"green_cover_delta_2016":0.0,"mobility_access_delta_2016":0.0,"bike_activity_delta_2016":0.0,"air_quality_delta_2016":0.0,"opportunity_access_delta_2016":0.0,"fairness_context_delta_2016":0.0,"deprivation_weighted_opportunity_delta_2016":0.0,"development_pressure_delta_previous":0.0,"planning_intensity_delta_previous":0.0,"green_cover_delta_previous":0.0,"mobility_access_delta_previous":0.0,"bike_activity_delta_previous":0.0,"air_quality_delta_previous":0.0,"opportunity_access_delta_previous":0.0,"fairness_context_delta_previous":0.0,"deprivation_weighted_opportunity_delta_previous":0.0,"dominant_change":"stable","confidence":"medium","evidence":["OpenStreetMap building export clipped to Belfast NI core","250m-style grid proxy generated from local spatial anchors","Local raster source available for satellite/NDVI review"]},"geometry":{"type":"Polygon","coordinates":[[[-6.03,54.52],[-6.013333333333334,54.52],[-6.013333333333334,54.535000000000004],[-6.03,54.535000000000004],[-6.03,54.52]]]}},{"type":"Feature","id":"belfast_00_04_2016","properties":{"cell_id":"belfast_00_04","year":2016,"row":0,"col":4,"development_pressure":0.14,"planning_intensity":0.08,"green_cover":0.288,"mobility_access":0.2,"bike_activity":0.05,"air_quality":0.625,"opportunity_access":0.325,"fairness_context":0.0,"deprivation_weighted_opportunity":0.24,"development_pressure_delta_2016":0.0,"planning_intensity_delta_2016":0.0,"green_cover_delta_2016":0.0,"mobility_access_delta_2016":0.0,"bike_activity_delta_2016":0.0,"air_quality_delta_2016":0.0,"opportunity_access_delta_2016":0.0,"fairness_context_delta_2016":0.0,"deprivation_weighted_opportunity_delta_2016":0.0,"development_pressure_delta_previous":0.0,"planning_intensity_delta_previous":0.0,"green_cover_delta_previous":0.0,"mobility_access_delta_previous":0.0,"bike_activity_delta_previous":0.0,"air_quality_delta_previous":0.0,"opportunity_access_delta_previous":0.0,"fairness_context_delta_previous":0.0,"deprivation_weighted_opportunity_delta_previous":0.0,"dominant_change":"stable","confidence":"medium","evidence":["OpenStreetMap building export clipped to Belfast NI core","250m-style grid proxy generated from local spatial anchors","Local raster source available for satellite/NDVI review"]},"geometry":{"type":"Polygon","coordinates":[[[-6.013333333333334,54.52],[-5.996666666666667,54.52],[-5.996666666666667,54.535000000000004],[-6.013333333333334,54.535000000000004],[-6.013333333333334,54.52]]]}},{"type":"Feature","id":"belfast_00_05_2016","properties":{"cell_id":"belfast_00_05","year":2016,"row":0,"col":5,"development_pressure":0.164,"planning_intensity":0.092,"green_cover":0.297,"mobility_access":0.2,"bike_activity":0.05,"air_quality":0.623,"opportunity_access":0.324,"fairness_context":0.0,"deprivation_weighted_opportunity":0.24,"development_pressure_delta_2016":0.0,"planning_intensity_delta_2016":0.0,"green_cover_delta_2016":0.0,"mobility_access_delta_2016":0.0,"bike_activity_delta_2016":0.0,"air_quality_delta_2016":0.0,"opportunity_access_delta_2016":0.0,"fairness_context_delta_2016":0.0,"deprivation_weighted_opportunity_delta_2016":0.0,"development_pressure_delta_previous":0.0,"planning_intensity_delta_previous":0.0,"green_cover_delta_previous":0.0,"mobility_access_delta_previous":0.0,"bike_activity_delta_previous":0.0,"air_quality_delta_previous":0.0,"opportunity_access_delta_previous":0.0,"fairness_context_delta_previous":0.0,"deprivation_weighted_opportunity_delta_previous":0.0,"dominant_change":"stable","confidence":"medium","evidence":["OpenStreetMap building export clipped to Belfast NI core","250m-style grid proxy generated from local spatial anchors","Local raster source available for satellite/NDVI review"]},"geometry":{"type":"Polygon","coordinates":[[[-5.996666666666667,54.52],[-5.98,54.52],[-5.98,54.535000000000004],[-5.996666666666667,54.535000000000004],[-5.996666666666667,54.52]]]}},{"type":"Feature","id":"belfast_00_06_2016","properties":{"cell_id":"belfast_00_06","year":2016,"row":0,"col":6,"development_pressure":0.178,"planning_intensity":0.099,"green_cover":0.323,"mobility_access":0.2,"bike_activity":0.05,"air_quality":0.626,"opportunity_access":0.328,"fairness_context":0.0,"deprivation_weighted_opportunity":0.243,"development_pressure_delta_2016":0.0,"planning_intensity_delta_2016":0.0,"green_cover_delta_2016":0.0,"mobility_access_delta_2016":0.0,"bike_activity_delta_2016":0.0,"air_quality_delta_2016":0.0,"opportunity_access_delta_2016":0.0,"fairness_context_delta_2016":0.0,"deprivation_weighted_opportunity_delta_2016":0.0,"development_pressure_delta_previous":0.0,"planning_intensity_delta_previous":0.0,"green_cover_delta_previous":0.0,"mobility_access_delta_previous":0.0,"bike_activity_delta_previous":0.0,"air_quality_delta_previous":0.0,"opportunity_access_delta_previous":0.0,"fairness_context_delta_previous":0.0,"deprivation_weighted_opportunity_delta_previous":0.0,"dominant_change":"stable","confidence":"medium","evidence":["OpenStreetMap building export clipped to Belfast NI core","250m-style grid proxy generated from local spatial anchors","Local raster source available for satellite/NDVI review"]},"geometry":{"type":"Polygon","coordinates":[[[-5.98,54.52],[-5.963333333333334,54.52],[-5.963333333333334,54.535000000000004],[-5.98,54.535000000000004],[-5.98,54.52]]]}},{"type":"Feature","id":"belfast_00_07_2016","properties":{"cell_id":"belfast_00_07","year":2016,"row":0,"col":7,"development_pressure":0.178,"planning_intensity":0.099,"green_cover":0.341,"mobility_access":0.2,"bike_activity":0.05,"air_quality":0.629,"opportunity_access":0.331,"fairness_context":0.0,"deprivation_weighted_opportunity":0.245,"development_pressure_delta_2016":0.0,"planning_intensity_delta_2016":0.0,"green_cover_delta_2016":0.0,"mobility_access_delta_2016":0.0,"bike_activity_delta_2016":0.0,"air_quality_delta_2016":0.0,"opportunity_access_delta_2016":0.0,"fairness_context_delta_2016":0.0,"deprivation_weighted_opportunity_delta_2016":0.0,"development_pressure_delta_previous":0.0,"planning_intensity_delta_previous":0.0,"green_cover_delta_previous":0.0,"mobility_access_delta_previous":0.0,"bike_activity_delta_previous":0.0,"air_quality_delta_previous":0.0,"opportunity_access_delta_previous":0.0,"fairness_context_delta_previous":0.0,"deprivation_weighted_opportunity_delta_previous":0.0,"dominant_change":"stable","confidence":"medium","evidence":["OpenStreetMap building export clipped to Belfast NI core","250m-style grid proxy generated from local spatial anchors","Local raster source available for satellite/NDVI review"]},"geometry":{"type":"Polygon","coordinates":[[[-5.963333333333334,54.52],[-5.946666666666667,54.52],[-5.946666666666667,54.535000000000004],[-5.963333333333334,54.535000000000004],[-5.963333333333334,54.52]]]}},{"type":"Feature","id":"belfast_00_08_2016","properties":{"cell_id":"belfast_00_08","year":2016,"row":0,"col":8,"development_pressure":0.163,"planning_intensity":0.092,"green_cover":0.334,"mobility_access":0.2,"bike_activity":0.05,"air_quality":0.63,"opportunity_access":0.331,"fairness_context":0.0,"deprivation_weighted_opportunity":0.245,"development_pressure_delta_2016":0.0,"planning_intensity_delta_2016":0.0,"green_cover_delta_2016":0.0,"mobility_access_delta_2016":0.0,"bike_activity_delta_2016":0.0,"air_quality_delta_2016":0.0,"opportunity_access_delta_2016":0.0,"fairness_context_delta_2016":0.0,"deprivation_weighted_opportunity_delta_2016":0.0,"development_pressure_delta_previous":0.0,"planning_intensity_delta_previous":0.0,"green_cover_delta_previous":0.0,"mobility_access_delta_previous":0.0,"bike_activity_delta_previous":0.0,"air_quality_delta_previous":0.0,"opportunity_access_delta_previous":0.0,"fairness_context_delta_previous":0.0,"deprivation_weighted_opportunity_delta_previous":0.0,"dominant_change":"stable","confidence":"medium","evidence":["OpenStreetMap building export clipped to Belfast NI core","250m-style grid proxy generated from local spatial anchors","Local raster source available for satellite/NDVI review"]},"geometry":{"type":"Polygon","coordinates":[[[-5.946666666666667,54.52],[-5.930000000000001,54.52],[-5.930000000000001,54.535000000000004],[-5.946666666666667,54.535000000000004],[-5.946666666666667,54.52]]]}},{"type":"Feature","id":"belfast_00_09_2016","properties":{"cell_id":"belfast_00_09","year":2016,"row":0,"col":9,"development_pressure":0.14,"planning_intensity":0.08,"green_cover":0.31,"mobility_access":0.2,"bike_activity":0.05,"air_quality":0.629,"opportunity_access":0.329,"fairness_context":0.0,"deprivation_weighted_opportunity":0.243,"development_pressure_delta_2016":0.0,"planning_intensity_delta_2016":0.0,"green_cover_delta_2016":0.0,"mobility_access_delta_2016":0.0,"bike_activity_delta_2016":0.0,"air_quality_delta_2016":0.0,"opportunity_access_delta_2016":0.0,"fairness_context_delta_2016":0.0,"deprivation_weighted_opportunity_delta_2016":0.0,"development_pressure_delta_previous":0.0,"planning_intensity_delta_previous":0.0,"green_cover_delta_previous":0.0,"mobility_access_delta_previous":0.0,"bike_activity_delta_previous":0.0,"air_quality_delta_previous":0.0,"opportunity_access_delta_previous":0.0,"fairness_context_delta_previous":0.0,"deprivation_weighted_opportunity_delta_previous":0.0,"dominant_change":"stable","confidence":"medium","evidence":["OpenStreetMap building export clipped to Belfast NI core","250m-style grid proxy generated from local spatial anchors","Local raster source available for satellite/NDVI review"]},"geometry":{"type":"Polygon","coordinates":[[[-5.93,54.52],[-5.913333333333333,54.52],[-5.913333333333333,54.535000000000004],[-5.93,54.535000000000004],[-5.93,54.52]]]}},{"type":"Feature","id":"belfast_00_10_2016","properties":{"cell_id":"belfast_00_10","year":2016,"row":0,"col":10,"development_pressure":0.116,"planning_intensity":0.068,"green_cover":0.293,"mobility_access":0.2,"bike_activity":0.05,"air_quality":0.63,"opportunity_access":0.327,"fairness_context":0.0,"deprivation_weighted_opportunity":0.242,"development_pressure_delta_2016":0.0,"planning_intensity_delta_2016":0.0,"green_cover_delta_2016":0.0,"mobility_access_delta_2016":0.0,"bike_activity_delta_2016":0.0,"air_quality_delta_2016":0.0,"opportunity_access_delta_2016":0.0,"fairness_context_delta_2016":0.0,"deprivation_weighted_opportunity_delta_2016":0.0,"development_pressure_delta_previous":0.0,"planning_intensity_delta_previous":0.0,"green_cover_delta_previous":0.0,"mobility_access_delta_previous":0.0,"bike_activity_delta_previous":0.0,"air_quality_delta_previous":0.0,"opportunity_access_delta_previous":0.0,"fairness_context_delta_previous":0.0,"deprivation_weighted_opportunity_delta_previous":0.0,"dominant_change":"stable","confidence":"medium","evidence":["OpenStreetMap building export clipped to Belfast NI core","250m-style grid proxy generated from local spatial anchors","Local raster source available for satellite/NDVI review"]},"geometry":{"type":"Polygon","coordinates":[[[-5.913333333333333,54.52],[-5.8966666666666665,54.52],[-5.8966666666666665,54.535000000000004],[-5.913333333333333,54.535000000000004],[-5.913333333333333,54.52]]]}},{"type":"Feature","id":"belfast_00_11_2016","properties":{"cell_id":"belfast_00_11","year":2016,"row":0,"col":11,"development_pressure":0.102,"planning_intensity":0.061,"green_cover":0.3,"mobility_access":0.2,"bike_activity":0.05,"air_quality":0.633,"opportunity_access":0.33,"fairness_context":0.0,"deprivation_weighted_opportunity":0.244,"development_pressure_delta_2016":0.0,"planning_intensity_delta_2016":0.0,"green_cover_delta_2016":0.0,"mobility_access_delta_2016":0.0,"bike_activity_delta_2016":0.0,"air_quality_delta_2016":0.0,"opportunity_access_delta_2016":0.0,"fairness_context_delta_2016":0.0,"deprivation_weighted_opportunity_delta_2016":0.0,"development_pressure_delta_previous":0.0,"planning_intensity_delta_previous":0.0,"green_cover_delta_previous":0.0,"mobility_access_delta_previous":0.0,"bike_activity_delta_previous":0.0,"air_quality_delta_previous":0.0,"opportunity_access_delta_previous":0.0,"fairness_context_delta_previous":0.0,"deprivation_weighted_opportunity_delta_previous":0.0,"dominant_change":"stable","confidence":"medium","evidence":["OpenStreetMap building export clipped to Belfast NI core","250m-style grid proxy generated from local spatial anchors","Local raster source available for satellite/NDVI review"]},"geometry":{"type":"Polygon","coordinates":[[[-5.8966666666666665,54.52],[-5.88,54.52],[-5.88,54.535000000000004],[-5.8966666666666665,54.535000000000004],[-5.8966666666666665,54.52]]]}},{"type":"Feature","id":"belfast_00_12_2016","properties":{"cell_id":"belfast_00_12","year":2016,"row":0,"col":12,"development_pressure":0.102,"planning_intensity":0.061,"green_cover":0.327,"mobility_access":0.2,"bike_activity":0.05,"air_quality":0.639,"opportunity_access":0.335,"fairness_context":0.0,"deprivation_weighted_opportunity":0.248,"development_pressure_delta_2016":0.0,"planning_intensity_delta_2016":0.0,"green_cover_delta_2016":0.0,"mobility_access_delta_2016":0.0,"bike_activity_delta_2016":0.0,"air_quality_delta_2016":0.0,"opportunity_access_delta_2016":0.0,"fairness_context_delta_2016":0.0,"deprivation_weighted_opportunity_delta_2016":0.0,"development_pressure_delta_previous":0.0,"planning_intensity_delta_previous":0.0,"green_cover_delta_previous":0.0,"mobility_access_delta_previous":0.0,"bike_activity_delta_previous":0.0,"air_quality_delta_previous":0.0,"opportunity_access_delta_previous":0.0,"fairness_context_delta_previous":0.0,"deprivation_weighted_opportunity_delta_previous":0.0,"dominant_change":"stable","confidence":"medium","evidence":["OpenStreetMap building export clipped to Belfast NI core","250m-style grid proxy generated from local spatial anchors","Local raster source available for satellite/NDVI review"]},"geometry":{"type":"Polygon","coordinates":[[[-5.88,54.52],[-5.863333333333333,54.52],[-5.863333333333333,54.535000000000004],[-5.88,54.535000000000004],[-5.88,54.52]]]}},{"type":"Feature","id":"belfast_00_13_2016","properties":{"cell_id":"belfast_00_13","year":2016,"row":0,"col":13,"development_pressure":0.117,"planning_intensity":0.069,"green_cover":0.348,"mobility_access":0.2,"bike_activity":0.05,"air_quality":0.641,"opportunity_access":0.337,"fairness_context":0.0,"deprivation_weighted_opportunity":0.25,"development_pressure_delta_2016":0.0,"planning_intensity_delta_2016":0.0,"green_cover_delta_2016":0.0,"mobility_access_delta_2016":0.0,"bike_activity_delta_2016":0.0,"air_quality_delta_2016":0.0,"opportunity_access_delta_2016":0.0,"fairness_context_delta_2016":0.0,"deprivation_weighted_opportunity_delta_2016":0.0,"development_pressure_delta_previous":0.0,"planning_intensity_delta_previous":0.0,"green_cover_delta_previous":0.0,"mobility_access_delta_previous":0.0,"bike_activity_delta_previous":0.0,"air_quality_delta_previous":0.0,"opportunity_access_delta_previous":0.0,"fairness_context_delta_previous":0.0,"deprivation_weighted_opportunity_delta_previous":0.0,"dominant_change":"stable","confidence":"medium","evidence":["OpenStreetMap building export clipped to Belfast NI core","250m-style grid proxy generated from local spatial anchors","Local raster source available for satellite/NDVI review"]},"geometry":{"type":"Polygon","coordinates":[[[-5.863333333333333,54.52],[-5.846666666666667,54.52],[-5.846666666666667,54.535000000000004],[-5.863333333333333,54.535000000000004],[-5.863333333333333,54.52]]]}},{"type":"Feature","id":"belfast_00_14_2016","properties":{"cell_id":"belfast_00_14","year":2016,"row":0,"col":14,"development_pressure":0.141,"planning_intensity":0.08,"green_cover":0.343,"mobility_access":0.2,"bike_activity":0.05,"air_quality":0.636,"opportunity_access":0.335,"fairness_context":0.0,"deprivation_weighted_opportunity":0.248,"development_pressure_delta_2016":0.0,"planning_intensity_delta_2016":0.0,"green_cover_delta_2016":0.0,"mobility_access_delta_2016":0.0,"bike_activity_delta_2016":0.0,"air_quality_delta_2016":0.0,"opportunity_access_delta_2016":0.0,"fairness_context_delta_2016":0.0,"deprivation_weighted_opportunity_delta_2016":0.0,"development_pressure_delta_previous":0.0,"planning_intensity_delta_previous":0.0,"green_cover_delta_previous":0.0,"mobility_access_delta_previous":0.0,"bike_activity_delta_previous":0.0,"air_quality_delta_previous":0.0,"opportunity_access_delta_previous":0.0,"fairness_context_delta_previous":0.0,"deprivation_weighted_opportunity_delta_previous":0.0,"dominant_change":"stable","confidence":"medium","evidence":["OpenStreetMap building export clipped to Belfast NI core","250m-style grid proxy generated from local spatial anchors","Local raster source available for satellite/NDVI review"]},"geometry":{"type":"Polygon","coordinates":[[[-5.846666666666667,54.52],[-5.83,54.52],[-5.83,54.535000000000004],[-5.846666666666667,54.535000000000004],[-5.846666666666667,54.52]]]}},{"type":"Feature","id":"belfast_00_15_2016","properties":{"cell_id":"belfast_00_15","year":2016,"row":0,"col":15,"development_pressure":0.164,"planning_intensity":0.092,"green_cover":0.315,"mobility_access":0.2,"bike_activity":0.05,"air_quality":0.626,"opportunity_access":0.328,"fairness_context":0.0,"deprivation_weighted_opportunity":0.242,"development_pressure_delta_2016":0.0,"planning_intensity_delta_2016":0.0,"green_cover_delta_2016":0.0,"mobility_access_delta_2016":0.0,"bike_activity_delta_2016":0.0,"air_quality_delta_2016":0.0,"opportunity_access_delta_2016":0.0,"fairness_context_delta_2016":0.0,"deprivation_weighted_opportunity_delta_2016":0.0,"development_pressure_delta_previous":0.0,"planning_intensity_delta_previous":0.0,"green_cover_delta_previous":0.0,"mobility_access_delta_previous":0.0,"bike_activity_delta_previous":0.0,"air_quality_delta_previous":0.0,"opportunity_access_delta_previous":0.0,"fairness_context_delta_previous":0.0,"deprivation_weighted_opportunity_delta_previous":0.0,"dominant_change":"stable","confidence":"medium","evidence":["OpenStreetMap building export clipped to Belfast NI core","250m-style grid proxy generated from local spatial anchors","Local raster source available for satellite/NDVI review"]},"geometry":{"type":"Polygon","coordinates":[[[-5.83,54.52],[-5.8133333333333335,54.52],[-5.8133333333333335,54.535000000000004],[-5.83,54.535000000000004],[-5.83,54.52]]]}},{"type":"Feature","id":"belfast_00_16_2016","properties":{"cell_id":"belfast_00_16","year":2016,"row":0,"col":16,"development_pressure":0.178,"planning_intensity":0.099,"green_cover":0.287,"mobility_access":0.2,"bike_activity":0.05,"air_quality":0.619,"opportunity_access":0.321,"fairness_context":0.0,"deprivation_weighted_opportunity":0.238,"development_pressure_delta_2016":0.0,"planning_intensity_delta_2016":0.0,"green_cover_delta_2016":0.0,"mobility_access_delta_2016":0.0,"bike_activity_delta_2016":0.0,"air_quality_delta_2016":0.0,"opportunity_access_delta_2016":0.0,"fairness_context_delta_2016":0.0,"deprivation_weighted_opportunity_delta_2016":0.0,"development_pressure_delta_previous":0.0,"planning_intensity_delta_previous":0.0,"green_cover_delta_previous":0.0,"mobility_access_delta_previous":0.0,"bike_activity_delta_previous":0.0,"air_quality_delta_previous":0.0,"opportunity_access_delta_previous":0.0,"fairness_context_delta_previous":0.0,"deprivation_weighted_opportunity_delta_previous":0.0,"dominant_change":"stable","confidence":"medium","evidence":["OpenStreetMap building export clipped to Belfast NI core","250m-style grid proxy generated from local spatial anchors","Local raster source available for satellite/NDVI review"]},"geometry":{"type":"Polygon","coordinates":[[[-5.8133333333333335,54.52],[-5.796666666666667,54.52],[-5.796666666666667,54.535000000000004],[-5.8133333333333335,54.535000000000004],[-5.8133333333333335,54.52]]]}},{"type":"Feature","id":"belfast_00_17_2016","properties":{"cell_id":"belfast_00_17","year":2016,"row":0,"col":17,"development_pressure":0.178,"planning_intensity":0.099,"green_cover":0.284,"mobility_access":0.2,"bike_activity":0.05,"air_quality":0.618,"opportunity_access":0.321,"fairness_context":0.0,"deprivation_weighted_opportunity":0.237,"development_pressure_delta_2016":0.0,"planning_intensity_delta_2016":0.0,"green_cover_delta_2016":0.0,"mobility_access_delta_2016":0.0,"bike_activity_delta_2016":0.0,"air_quality_delta_2016":0.0,"opportunity_access_delta_2016":0.0,"fairness_context_delta_2016":0.0,"deprivation_weighted_opportunity_delta_2016":0.0,"development_pressure_delta_previous":0.0,"planning_intensity_delta_previous":0.0,"green_cover_delta_previous":0.0,"mobility_access_delta_previous":0.0,"bike_activity_delta_previous":0.0,"air_quality_delta_previous":0.0,"opportunity_access_delta_previous":0.0,"fairness_context_delta_previous":0.0,"deprivation_weighted_opportunity_delta_previous":0.0,"dominant_change":"stable","confidence":"medium","evidence":["OpenStreetMap building export clipped to Belfast NI core","250m-style grid proxy generated from local spatial anchors","Local raster source available for satellite/NDVI review"]},"geometry":{"type":"Polygon","coordinates":[[[-5.796666666666667,54.52],[-5.78,54.52],[-5.78,54.535000000000004],[-5.796666666666667,54.535000000000004],[-5.796666666666667,54.52]]]}},{"type":"Feature","id":"belfast_01_00_2016","properties":{"cell_id":"belfast_01_00","year":2016,"row":1,"col":0,"development_pressure":0.101,"planning_intensity":0.061,"green_cover":0.342,"mobility_access":0.2,"bike_activity":0.05,"air_quality":0.642,"opportunity_access":0.338,"fairness_context":0.0,"deprivation_weighted_opportunity":0.25,"development_pressure_delta_2016":0.0,"planning_intensity_delta_2016":0.0,"green_cover_delta_2016":0.0,"mobility_access_delta_2016":0.0,"bike_activity_delta_2016":0.0,"air_quality_delta_2016":0.0,"opportunity_access_delta_2016":0.0,"fairness_context_delta_2016":0.0,"deprivation_weighted_opportunity_delta_2016":0.0,"development_pressure_delta_previous":0.0,"planning_intensity_delta_previous":0.0,"green_cover_delta_previous":0.0,"mobility_access_delta_previous":0.0,"bike_activity_delta_previous":0.0,"air_quality_delta_previous":0.0,"opportunity_access_delta_previous":0.0,"fairness_context_delta_previous":0.0,"deprivation_weighted_opportunity_delta_previous":0.0,"dominant_change":"stable","confidence":"medium","evidence":["OpenStreetMap building export clipped to Belfast NI core","250m-style grid proxy generated from local spatial anchors","Local raster source available for satellite/NDVI review"]},"geometry":{"type":"Polygon","coordinates":[[[-6.08,54.535000000000004],[-6.0633333333333335,54.535000000000004],[-6.0633333333333335,54.550000000000004],[-6.08,54.550000000000004],[-6.08,54.535000000000004]]]}},{"type":"Feature","id":"belfast_01_01_2016","properties":{"cell_id":"belfast_01_01","year":2016,"row":1,"col":1,"development_pressure":0.114,"planning_intensity":0.067,"green_cover":0.352,"mobility_access":0.2,"bike_activity":0.05,"air_quality":0.642,"opportunity_access":0.338,"fairness_context":0.0,"deprivation_weighted_opportunity":0.25,"development_pressure_delta_2016":0.0,"planning_intensity_delta_2016":0.0,"green_cover_delta_2016":0.0,"mobility_access_delta_2016":0.0,"bike_activity_delta_2016":0.0,"air_quality_delta_2016":0.0,"opportunity_access_delta_2016":0.0,"fairness_context_delta_2016":0.0,"deprivation_weighted_opportunity_delta_2016":0.0,"development_pressure_delta_previous":0.0,"planning_intensity_delta_previous":0.0,"green_cover_delta_previous":0.0,"mobility_access_delta_previous":0.0,"bike_activity_delta_previous":0.0,"air_quality_delta_previous":0.0,"opportunity_access_delta_previous":0.0,"fairness_context_delta_previous":0.0,"deprivation_weighted_opportunity_delta_previous":0.0,"dominant_change":"stable","confidence":"medium","evidence":["OpenStreetMap building export clipped to Belfast NI core","250m-style grid proxy generated from local spatial anchors","Local raster source available for satellite/NDVI review"]},"geometry":{"type":"Polygon","coordinates":[[[-6.0633333333333335,54.535000000000004],[-6.046666666666667,54.535000000000004],[-6.046666666666667,54.550000000000004],[-6.0633333333333335,54.550000000000004],[-6.0633333333333335,54.535000000000004]]]}},{"type":"Feature","id":"belfast_01_02_2016","properties":{"cell_id":"belfast_01_02","year":2016,"row":1,"col":2,"development_pressure":0.137,"planning_intensity":0.079,"green_cover":0.332,"mobility_access":0.2,"bike_activity":0.05,"air_quality":0.634,"opportunity_access":0.333,"fairness_context":0.0,"deprivation_weighted_opportunity":0.246,"development_pressure_delta_2016":0.0,"planning_intensity_delta_2016":0.0,"green_cover_delta_2016":0.0,"mobility_access_delta_2016":0.0,"bike_activity_delta_2016":0.0,"air_quality_delta_2016":0.0,"opportunity_access_delta_2016":0.0,"fairness_context_delta_2016":0.0,"deprivation_weighted_opportunity_delta_2016":0.0,"development_pressure_delta_previous":0.0,"planning_intensity_delta_previous":0.0,"green_cover_delta_previous":0.0,"mobility_access_delta_previous":0.0,"bike_activity_delta_previous":0.0,"air_quality_delta_previous":0.0,"opportunity_access_delta_previous":0.0,"fairness_context_delta_previous":0.0,"deprivation_weighted_opportunity_delta_previous":0.0,"dominant_change":"stable","confidence":"medium","evidence":["OpenStreetMap building export clipped to Belfast NI core","250m-style grid proxy generated from local spatial anchors","Local raster source available for satellite/NDVI review"]},"geometry":{"type":"Polygon","coordinates":[[[-6.046666666666667,54.535000000000004],[-6.03,54.535000000000004],[-6.03,54.550000000000004],[-6.046666666666667,54.550000000000004],[-6.046666666666667,54.535000000000004]]]}},{"type":"Feature","id":"belfast_01_03_2016","properties":{"cell_id":"belfast_01_03","year":2016,"row":1,"col":3,"development_pressure":0.161,"planning_intensity":0.091,"green_cover":0.299,"mobility_access":0.2,"bike_activity":0.05,"air_quality":0.624,"opportunity_access":0.325,"fairness_context":0.0,"deprivation_weighted_opportunity":0.24,"development_pressure_delta_2016":0.0,"planning_intensity_delta_2016":0.0,"green_cover_delta_2016":0.0,"mobility_access_delta_2016":0.0,"bike_activity_delta_2016":0.0,"air_quality_delta_2016":0.0,"opportunity_access_delta_2016":0.0,"fairness_context_delta_2016":0.0,"deprivation_weighted_opportunity_delta_2016":0.0,"development_pressure_delta_previous":0.0,"planning_intensity_delta_previous":0.0,"green_cover_delta_previous":0.0,"mobility_access_delta_previous":0.0,"bike_activity_delta_previous":0.0,"air_quality_delta_previous":0.0,"opportunity_access_delta_previous":0.0,"fairness_context_delta_previous":0.0,"deprivation_weighted_opportunity_delta_previous":0.0,"dominant_change":"stable","confidence":"medium","evidence":["OpenStreetMap building export clipped to Belfast NI core","250m-style grid proxy generated from local spatial anchors","Local raster source available for satellite/NDVI review"]},"geometry":{"type":"Polygon","coordinates":[[[-6.03,54.535000000000004],[-6.013333333333334,54.535000000000004],[-6.013333333333334,54.550000000000004],[-6.03,54.550000000000004],[-6.03,54.535000000000004]]]}},{"type":"Feature","id":"belfast_01_04_2016","properties":{"cell_id":"belfast_01_04","year":2016,"row":1,"col":4,"development_pressure":0.177,"planning_intensity":0.099,"green_cover":0.282,"mobility_access":0.2,"bike_activity":0.05,"air_quality":0.618,"opportunity_access":0.321,"fairness_context":0.0,"deprivation_weighted_opportunity":0.237,"development_pressure_delta_2016":0.0,"planning_intensity_delta_2016":0.0,"green_cover_delta_2016":0.0,"mobility_access_delta_2016":0.0,"bike_activity_delta_2016":0.0,"air_quality_delta_2016":0.0,"opportunity_access_delta_2016":0.0,"fairness_context_delta_2016":0.0,"deprivation_weighted_opportunity_delta_2016":0.0,"development_pressure_delta_previous":0.0,"planning_intensity_delta_previous":0.0,"green_cover_delta_previous":0.0,"mobility_access_delta_previous":0.0,"bike_activity_delta_previous":0.0,"air_quality_delta_previous":0.0,"opportunity_access_delta_previous":0.0,"fairness_context_delta_previous":0.0,"deprivation_weighted_opportunity_delta_previous":0.0,"dominant_change":"stable","confidence":"medium","evidence":["OpenStreetMap building export clipped to Belfast NI core","250m-style grid proxy generated from local spatial anchors","Local raster source available for satellite/NDVI review"]},"geometry":{"type":"Polygon","coordinates":[[[-6.013333333333334,54.535000000000004],[-5.996666666666667,54.535000000000004],[-5.996666666666667,54.550000000000004],[-6.013333333333334,54.550000000000004],[-6.013333333333334,54.535000000000004]]]}},{"type":"Feature","id":"belfast_01_05_2016","properties":{"cell_id":"belfast_01_05","year":2016,"row":1,"col":5,"development_pressure":0.179,"planning_intensity":0.099,"green_cover":0.294,"mobility_access":0.2,"bike_activity":0.05,"air_quality":0.62,"opportunity_access":0.323,"fairness_context":0.009,"deprivation_weighted_opportunity":0.24,"development_pressure_delta_2016":0.0,"planning_intensity_delta_2016":0.0,"green_cover_delta_2016":0.0,"mobility_access_delta_2016":0.0,"bike_activity_delta_2016":0.0,"air_quality_delta_2016":0.0,"opportunity_access_delta_2016":0.0,"fairness_context_delta_2016":0.0,"deprivation_weighted_opportunity_delta_2016":0.0,"development_pressure_delta_previous":0.0,"planning_intensity_delta_previous":0.0,"green_cover_delta_previous":0.0,"mobility_access_delta_previous":0.0,"bike_activity_delta_previous":0.0,"air_quality_delta_previous":0.0,"opportunity_access_delta_previous":0.0,"fairness_context_delta_previous":0.0,"deprivation_weighted_opportunity_delta_previous":0.0,"dominant_change":"stable","confidence":"medium","evidence":["OpenStreetMap building export clipped to Belfast NI core","250m-style grid proxy generated from local spatial anchors","Local raster source available for satellite/NDVI review"]},"geometry":{"type":"Polygon","coordinates":[[[-5.996666666666667,54.535000000000004],[-5.98,54.535000000000004],[-5.98,54.550000000000004],[-5.996666666666667,54.550000000000004],[-5.996666666666667,54.535000000000004]]]}},{"type":"Feature","id":"belfast_01_06_2016","properties":{"cell_id":"belfast_01_06","year":2016,"row":1,"col":6,"development_pressure":0.165,"planning_intensity":0.093,"green_cover":0.325,"mobility_access":0.2,"bike_activity":0.05,"air_quality":0.628,"opportunity_access":0.329,"fairness_context":0.026,"deprivation_weighted_opportunity":0.246,"development_pressure_delta_2016":0.0,"planning_intensity_delta_2016":0.0,"green_cover_delta_2016":0.0,"mobility_access_delta_2016":0.0,"bike_activity_delta_2016":0.0,"air_quality_delta_2016":0.0,"opportunity_access_delta_2016":0.0,"fairness_context_delta_2016":0.0,"deprivation_weighted_opportunity_delta_2016":0.0,"development_pressure_delta_previous":0.0,"planning_intensity_delta_previous":0.0,"green_cover_delta_previous":0.0,"mobility_access_delta_previous":0.0,"bike_activity_delta_previous":0.0,"air_quality_delta_previous":0.0,"opportunity_access_delta_previous":0.0,"fairness_context_delta_previous":0.0,"deprivation_weighted_opportunity_delta_previous":0.0,"dominant_change":"stable","confidence":"medium","evidence":["OpenStreetMap building export clipped to Belfast NI core","250m-style grid proxy generated from local spatial anchors","Local raster source available for satellite/NDVI review"]},"geometry":{"type":"Polygon","coordinates":[[[-5.98,54.535000000000004],[-5.963333333333334,54.535000000000004],[-5.963333333333334,54.550000000000004],[-5.98,54.550000000000004],[-5.98,54.535000000000004]]]}},{"type":"Feature","id":"belfast_01_07_2016","properties":{"cell_id":"belfast_01_07","year":2016,"row":1,"col":7,"development_pressure":0.145,"planning_intensity":0.083,"green_cover":0.346,"mobility_access":0.2,"bike_activity":0.05,"air_quality":0.636,"opportunity_access":0.335,"fairness_context":0.0,"deprivation_weighted_opportunity":0.248,"development_pressure_delta_2016":0.0,"planning_intensity_delta_2016":0.0,"green_cover_delta_2016":0.0,"mobility_access_delta_2016":0.0,"bike_activity_delta_2016":0.0,"air_quality_delta_2016":0.0,"opportunity_access_delta_2016":0.0,"fairness_context_delta_2016":0.0,"deprivation_weighted_opportunity_delta_2016":0.0,"development_pressure_delta_previous":0.0,"planning_intensity_delta_previous":0.0,"green_cover_delta_previous":0.0,"mobility_access_delta_previous":0.0,"bike_activity_delta_previous":0.0,"air_quality_delta_previous":0.0,"opportunity_access_delta_previous":0.0,"fairness_context_delta_previous":0.0,"deprivation_weighted_opportunity_delta_previous":0.0,"dominant_change":"stable","confidence":"medium","evidence":["OpenStreetMap building export clipped to Belfast NI core","250m-style grid proxy generated from local spatial anchors","Local raster source available for satellite/NDVI review"]},"geometry":{"type":"Polygon","coordinates":[[[-5.963333333333334,54.535000000000004],[-5.946666666666667,54.535000000000004],[-5.946666666666667,54.550000000000004],[-5.963333333333334,54.550000000000004],[-5.963333333333334,54.535000000000004]]]}},{"type":"Feature","id":"belfast_01_08_2016","properties":{"cell_id":"belfast_01_08","year":2016,"row":1,"col":8,"development_pressure":0.129,"planning_intensity":0.078,"green_cover":0.34,"mobility_access":0.2,"bike_activity":0.05,"air_quality":0.637,"opportunity_access":0.335,"fairness_context":0.0,"deprivation_weighted_opportunity":0.248,"development_pressure_delta_2016":0.0,"planning_intensity_delta_2016":0.0,"green_cover_delta_2016":0.0,"mobility_access_delta_2016":0.0,"bike_activity_delta_2016":0.0,"air_quality_delta_2016":0.0,"opportunity_access_delta_2016":0.0,"fairness_context_delta_2016":0.0,"deprivation_weighted_opportunity_delta_2016":0.0,"development_pressure_delta_previous":0.0,"planning_intensity_delta_previous":0.0,"green_cover_delta_previous":0.0,"mobility_access_delta_previous":0.0,"bike_activity_delta_previous":0.0,"air_quality_delta_previous":0.0,"opportunity_access_delta_previous":0.0,"fairness_context_delta_previous":0.0,"deprivation_weighted_opportunity_delta_previous":0.0,"dominant_change":"stable","confidence":"medium","evidence":["OpenStreetMap building export clipped to Belfast NI core","250m-style grid proxy generated from local spatial anchors","Local raster source available for satellite/NDVI review"]},"geometry":{"type":"Polygon","coordinates":[[[-5.946666666666667,54.535000000000004],[-5.930000000000001,54.535000000000004],[-5.930000000000001,54.550000000000004],[-5.946666666666667,54.550000000000004],[-5.946666666666667,54.535000000000004]]]}},{"type":"Feature","id":"belfast_01_09_2016","properties":{"cell_id":"belfast_01_09","year":2016,"row":1,"col":9,"development_pressure":0.109,"planning_intensity":0.078,"green_cover":0.327,"mobility_access":0.2,"bike_activity":0.05,"air_quality":0.638,"opportunity_access":0.334,"fairness_context":0.0,"deprivation_weighted_opportunity":0.247,"development_pressure_delta_2016":0.0,"planning_intensity_delta_2016":0.0,"green_cover_delta_2016":0.0,"mobility_access_delta_2016":0.0,"bike_activity_delta_2016":0.0,"air_quality_delta_2016":0.0,"opportunity_access_delta_2016":0.0,"fairness_context_delta_2016":0.0,"deprivation_weighted_opportunity_delta_2016":0.0,"development_pressure_delta_previous":0.0,"planning_intensity_delta_previous":0.0,"green_cover_delta_previous":0.0,"mobility_access_delta_previous":0.0,"bike_activity_delta_previous":0.0,"air_quality_delta_previous":0.0,"opportunity_access_delta_previous":0.0,"fairness_context_delta_previous":0.0,"deprivation_weighted_opportunity_delta_previous":0.0,"dominant_change":"stable","confidence":"medium","evidence":["OpenStreetMap building export clipped to Belfast NI core","250m-style grid proxy generated from local spatial anchors","Local raster source available for satellite/NDVI review"]},"geometry":{"type":"Polygon","coordinates":[[[-5.93,54.535000000000004],[-5.913333333333333,54.535000000000004],[-5.913333333333333,54.550000000000004],[-5.93,54.550000000000004],[-5.93,54.535000000000004]]]}},{"type":"Feature","id":"belfast_01_10_2016","properties":{"cell_id":"belfast_01_10","year":2016,"row":1,"col":10,"development_pressure":0.101,"planning_intensity":0.069,"green_cover":0.304,"mobility_access":0.2,"bike_activity":0.05,"air_quality":0.634,"opportunity_access":0.331,"fairness_context":0.0,"deprivation_weighted_opportunity":0.245,"development_pressure_delta_2016":0.0,"planning_intensity_delta_2016":0.0,"green_cover_delta_2016":0.0,"mobility_access_delta_2016":0.0,"bike_activity_delta_2016":0.0,"air_quality_delta_2016":0.0,"opportunity_access_delta_2016":0.0,"fairness_context_delta_2016":0.0,"deprivation_weighted_opportunity_delta_2016":0.0,"development_pressure_delta_previous":0.0,"planning_intensity_delta_previous":0.0,"green_cover_delta_previous":0.0,"mobility_access_delta_previous":0.0,"bike_activity_delta_previous":0.0,"air_quality_delta_previous":0.0,"opportunity_access_delta_previous":0.0,"fairness_context_delta_previous":0.0,"deprivation_weighted_opportunity_delta_previous":0.0,"dominant_change":"stable","confidence":"medium","evidence":["OpenStreetMap building export clipped to Belfast NI core","250m-style grid proxy generated from local spatial anchors","Local raster source available for satellite/NDVI review"]},"geometry":{"type":"Polygon","coordinates":[[[-5.913333333333333,54.535000000000004],[-5.8966666666666665,54.535000000000004],[-5.8966666666666665,54.550000000000004],[-5.913333333333333,54.550000000000004],[-5.913333333333333,54.535000000000004]]]}},{"type":"Feature","id":"belfast_01_11_2016","properties":{"cell_id":"belfast_01_11","year":2016,"row":1,"col":11,"development_pressure":0.115,"planning_intensity":0.067,"green_cover":0.298,"mobility_access":0.2,"bike_activity":0.05,"air_quality":0.631,"opportunity_access":0.328,"fairness_context":0.0,"deprivation_weighted_opportunity":0.243,"development_pressure_delta_2016":0.0,"planning_intensity_delta_2016":0.0,"green_cover_delta_2016":0.0,"mobility_access_delta_2016":0.0,"bike_activity_delta_2016":0.0,"air_quality_delta_2016":0.0,"opportunity_access_delta_2016":0.0,"fairness_context_delta_2016":0.0,"deprivation_weighted_opportunity_delta_2016":0.0,"development_pressure_delta_previous":0.0,"planning_intensity_delta_previous":0.0,"green_cover_delta_previous":0.0,"mobility_access_delta_previous":0.0,"bike_activity_delta_previous":0.0,"air_quality_delta_previous":0.0,"opportunity_access_delta_previous":0.0,"fairness_context_delta_previous":0.0,"deprivation_weighted_opportunity_delta_previous":0.0,"dominant_change":"stable","confidence":"medium","evidence":["OpenStreetMap building export clipped to Belfast NI core","250m-style grid proxy generated from local spatial anchors","Local raster source available for satellite/NDVI review"]},"geometry":{"type":"Polygon","coordinates":[[[-5.8966666666666665,54.535000000000004],[-5.88,54.535000000000004],[-5.88,54.550000000000004],[-5.8966666666666665,54.550000000000004],[-5.8966666666666665,54.535000000000004]]]}},{"type":"Feature","id":"belfast_01_12_2016","properties":{"cell_id":"belfast_01_12","year":2016,"row":1,"col":12,"development_pressure":0.138,"planning_intensity":0.079,"green_cover":0.321,"mobility_access":0.2,"bike_activity":0.05,"air_quality":0.632,"opportunity_access":0.331,"fairness_context":0.0,"deprivation_weighted_opportunity":0.245,"development_pressure_delta_2016":0.0,"planning_intensity_delta_2016":0.0,"green_cover_delta_2016":0.0,"mobility_access_delta_2016":0.0,"bike_activity_delta_2016":0.0,"air_quality_delta_2016":0.0,"opportunity_access_delta_2016":0.0,"fairness_context_delta_2016":0.0,"deprivation_weighted_opportunity_delta_2016":0.0,"development_pressure_delta_previous":0.0,"planning_intensity_delta_previous":0.0,"green_cover_delta_previous":0.0,"mobility_access_delta_previous":0.0,"bike_activity_delta_previous":0.0,"air_quality_delta_previous":0.0,"opportunity_access_delta_previous":0.0,"fairness_context_delta_previous":0.0,"deprivation_weighted_opportunity_delta_previous":0.0,"dominant_change":"stable","confidence":"medium","evidence":["OpenStreetMap building export clipped to Belfast NI core","250m-style grid proxy generated from local spatial anchors","Local raster source available for satellite/NDVI review"]},"geometry":{"type":"Polygon","coordinates":[[[-5.88,54.535000000000004],[-5.863333333333333,54.535000000000004],[-5.863333333333333,54.550000000000004],[-5.88,54.550000000000004],[-5.88,54.535000000000004]]]}},{"type":"Feature","id":"belfast_01_13_2016","properties":{"cell_id":"belfast_01_13","year":2016,"row":1,"col":13,"development_pressure":0.162,"planning_intensity":0.091,"green_cover":0.341,"mobility_access":0.2,"bike_activity":0.05,"air_quality":0.632,"opportunity_access":0.332,"fairness_context":0.0,"deprivation_weighted_opportunity":0.246,"development_pressure_delta_2016":0.0,"planning_intensity_delta_2016":0.0,"green_cover_delta_2016":0.0,"mobility_access_delta_2016":0.0,"bike_activity_delta_2016":0.0,"air_quality_delta_2016":0.0,"opportunity_access_delta_2016":0.0,"fairness_context_delta_2016":0.0,"deprivation_weighted_opportunity_delta_2016":0.0,"development_pressure_delta_previous":0.0,"planning_intensity_delta_previous":0.0,"green_cover_delta_previous":0.0,"mobility_access_delta_previous":0.0,"bike_activity_delta_previous":0.0,"air_quality_delta_previous":0.0,"opportunity_access_delta_previous":0.0,"fairness_context_delta_previous":0.0,"deprivation_weighted_opportunity_delta_previous":0.0,"dominant_change":"stable","confidence":"medium","evidence":["OpenStreetMap building export clipped to Belfast NI core","250m-style grid proxy generated from local spatial anchors","Local raster source available for satellite/NDVI review"]},"geometry":{"type":"Polygon","coordinates":[[[-5.863333333333333,54.535000000000004],[-5.846666666666667,54.535000000000004],[-5.846666666666667,54.550000000000004],[-5.863333333333333,54.550000000000004],[-5.863333333333333,54.535000000000004]]]}},{"type":"Feature","id":"belfast_01_14_2016","properties":{"cell_id":"belfast_01_14","year":2016,"row":1,"col":14,"development_pressure":0.177,"planning_intensity":0.099,"green_cover":0.337,"mobility_access":0.2,"bike_activity":0.05,"air_quality":0.629,"opportunity_access":0.331,"fairness_context":0.0,"deprivation_weighted_opportunity":0.245,"development_pressure_delta_2016":0.0,"planning_intensity_delta_2016":0.0,"green_cover_delta_2016":0.0,"mobility_access_delta_2016":0.0,"bike_activity_delta_2016":0.0,"air_quality_delta_2016":0.0,"opportunity_access_delta_2016":0.0,"fairness_context_delta_2016":0.0,"deprivation_weighted_opportunity_delta_2016":0.0,"development_pressure_delta_previous":0.0,"planning_intensity_delta_previous":0.0,"green_cover_delta_previous":0.0,"mobility_access_delta_previous":0.0,"bike_activity_delta_previous":0.0,"air_quality_delta_previous":0.0,"opportunity_access_delta_previous":0.0,"fairness_context_delta_previous":0.0,"deprivation_weighted_opportunity_delta_previous":0.0,"dominant_change":"stable","confidence":"medium","evidence":["OpenStreetMap building export clipped to Belfast NI core","250m-style grid proxy generated from local spatial anchors","Local raster source available for satellite/NDVI review"]},"geometry":{"type":"Polygon","coordinates":[[[-5.846666666666667,54.535000000000004],[-5.83,54.535000000000004],[-5.83,54.550000000000004],[-5.846666666666667,54.550000000000004],[-5.846666666666667,54.535000000000004]]]}},{"type":"Feature","id":"belfast_01_15_2016","properties":{"cell_id":"belfast_01_15","year":2016,"row":1,"col":15,"development_pressure":0.179,"planning_intensity":0.099,"green_cover":0.313,"mobility_access":0.2,"bike_activity":0.05,"air_quality":0.624,"opportunity_access":0.326,"fairness_context":0.0,"deprivation_weighted_opportunity":0.241,"development_pressure_delta_2016":0.0,"planning_intensity_delta_2016":0.0,"green_cover_delta_2016":0.0,"mobility_access_delta_2016":0.0,"bike_activity_delta_2016":0.0,"air_quality_delta_2016":0.0,"opportunity_access_delta_2016":0.0,"fairness_context_delta_2016":0.0,"deprivation_weighted_opportunity_delta_2016":0.0,"development_pressure_delta_previous":0.0,"planning_intensity_delta_previous":0.0,"green_cover_delta_previous":0.0,"mobility_access_delta_previous":0.0,"bike_activity_delta_previous":0.0,"air_quality_delta_previous":0.0,"opportunity_access_delta_previous":0.0,"fairness_context_delta_previous":0.0,"deprivation_weighted_opportunity_delta_previous":0.0,"dominant_change":"stable","confidence":"medium","evidence":["OpenStreetMap building export clipped to Belfast NI core","250m-style grid proxy generated from local spatial anchors","Local raster source available for satellite/NDVI review"]},"geometry":{"type":"Polygon","coordinates":[[[-5.83,54.535000000000004],[-5.8133333333333335,54.535000000000004],[-5.8133333333333335,54.550000000000004],[-5.83,54.550000000000004],[-5.83,54.535000000000004]]]}},{"type":"Feature","id":"belfast_01_16_2016","properties":{"cell_id":"belfast_01_16","year":2016,"row":1,"col":16,"development_pressure":0.165,"planning_intensity":0.092,"green_cover":0.289,"mobility_access":0.2,"bike_activity":0.05,"air_quality":0.621,"opportunity_access":0.323,"fairness_context":0.0,"deprivation_weighted_opportunity":0.239,"development_pressure_delta_2016":0.0,"planning_intensity_delta_2016":0.0,"green_cover_delta_2016":0.0,"mobility_access_delta_2016":0.0,"bike_activity_delta_2016":0.0,"air_quality_delta_2016":0.0,"opportunity_access_delta_2016":0.0,"fairness_context_delta_2016":0.0,"deprivation_weighted_opportunity_delta_2016":0.0,"development_pressure_delta_previous":0.0,"planning_intensity_delta_previous":0.0,"green_cover_delta_previous":0.0,"mobility_access_delta_previous":0.0,"bike_activity_delta_previous":0.0,"air_quality_delta_previous":0.0,"opportunity_access_delta_previous":0.0,"fairness_context_delta_previous":0.0,"deprivation_weighted_opportunity_delta_previous":0.0,"dominant_change":"stable","confidence":"medium","evidence":["OpenStreetMap building export clipped to Belfast NI core","250m-style grid proxy generated from local spatial anchors","Local raster source available for satellite/NDVI review"]},"geometry":{"type":"Polygon","coordinates":[[[-5.8133333333333335,54.535000000000004],[-5.796666666666667,54.535000000000004],[-5.796666666666667,54.550000000000004],[-5.8133333333333335,54.550000000000004],[-5.8133333333333335,54.535000000000004]]]}},{"type":"Feature","id":"belfast_01_17_2016","properties":{"cell_id":"belfast_01_17","year":2016,"row":1,"col":17,"development_pressure":0.142,"planning_intensity":0.081,"green_cover":0.29,"mobility_access":0.2,"bike_activity":0.05,"air_quality":0.625,"opportunity_access":0.325,"fairness_context":0.0,"deprivation_weighted_opportunity":0.24,"development_pressure_delta_2016":0.0,"planning_intensity_delta_2016":0.0,"green_cover_delta_2016":0.0,"mobility_access_delta_2016":0.0,"bike_activity_delta_2016":0.0,"air_quality_delta_2016":0.0,"opportunity_access_delta_2016":0.0,"fairness_context_delta_2016":0.0,"deprivation_weighted_opportunity_delta_2016":0.0,"development_pressure_delta_previous":0.0,"planning_intensity_delta_previous":0.0,"green_cover_delta_previous":0.0,"mobility_access_delta_previous":0.0,"bike_activity_delta_previous":0.0,"air_quality_delta_previous":0.0,"opportunity_access_delta_previous":0.0,"fairness_context_delta_previous":0.0,"deprivation_weighted_opportunity_delta_previous":0.0,"dominant_change":"stable","confidence":"medium","evidence":["OpenStreetMap building export clipped to Belfast NI core","250m-style grid proxy generated from local spatial anchors","Local raster source available for satellite/NDVI review"]},"geometry":{"type":"Polygon","coordinates":[[[-5.796666666666667,54.535000000000004],[-5.78,54.535000000000004],[-5.78,54.550000000000004],[-5.796666666666667,54.550000000000004],[-5.796666666666667,54.535000000000004]]]}},{"type":"Feature","id":"belfast_02_00_2016","properties":{"cell_id":"belfast_02_00","year":2016,"row":2,"col":0,"development_pressure":0.135,"planning_intensity":0.077,"green_cover":0.337,"mobility_access":0.2,"bike_activity":0.05,"air_quality":0.636,"opportunity_access":0.334,"fairness_context":0.0,"deprivation_weighted_opportunity":0.247,"development_pressure_delta_2016":0.0,"planning_intensity_delta_2016":0.0,"green_cover_delta_2016":0.0,"mobility_access_delta_2016":0.0,"bike_activity_delta_2016":0.0,"air_quality_delta_2016":0.0,"opportunity_access_delta_2016":0.0,"fairness_context_delta_2016":0.0,"deprivation_weighted_opportunity_delta_2016":0.0,"development_pressure_delta_previous":0.0,"planning_intensity_delta_previous":0.0,"green_cover_delta_previous":0.0,"mobility_access_delta_previous":0.0,"bike_activity_delta_previous":0.0,"air_quality_delta_previous":0.0,"opportunity_access_delta_previous":0.0,"fairness_context_delta_previous":0.0,"deprivation_weighted_opportunity_delta_previous":0.0,"dominant_change":"stable","confidence":"medium","evidence":["OpenStreetMap building export clipped to Belfast NI core","250m-style grid proxy generated from local spatial anchors","Local raster source available for satellite/NDVI review"]},"geometry":{"type":"Polygon","coordinates":[[[-6.08,54.550000000000004],[-6.0633333333333335,54.550000000000004],[-6.0633333333333335,54.565000000000005],[-6.08,54.565000000000005],[-6.08,54.550000000000004]]]}},{"type":"Feature","id":"belfast_02_01_2016","properties":{"cell_id":"belfast_02_01","year":2016,"row":2,"col":1,"development_pressure":0.159,"planning_intensity":0.089,"green_cover":0.344,"mobility_access":0.2,"bike_activity":0.05,"air_quality":0.633,"opportunity_access":0.333,"fairness_context":0.0,"deprivation_weighted_opportunity":0.247,"development_pressure_delta_2016":0.0,"planning_intensity_delta_2016":0.0,"green_cover_delta_2016":0.0,"mobility_access_delta_2016":0.0,"bike_activity_delta_2016":0.0,"air_quality_delta_2016":0.0,"opportunity_access_delta_2016":0.0,"fairness_context_delta_2016":0.0,"deprivation_weighted_opportunity_delta_2016":0.0,"development_pressure_delta_previous":0.0,"planning_intensity_delta_previous":0.0,"green_cover_delta_previous":0.0,"mobility_access_delta_previous":0.0,"bike_activity_delta_previous":0.0,"air_quality_delta_previous":0.0,"opportunity_access_delta_previous":0.0,"fairness_context_delta_previous":0.0,"deprivation_weighted_opportunity_delta_previous":0.0,"dominant_change":"stable","confidence":"medium","evidence":["OpenStreetMap building export clipped to Belfast NI core","250m-style grid proxy generated from local spatial anchors","Local raster source available for satellite/NDVI review"]},"geometry":{"type":"Polygon","coordinates":[[[-6.0633333333333335,54.550000000000004],[-6.046666666666667,54.550000000000004],[-6.046666666666667,54.565000000000005],[-6.0633333333333335,54.565000000000005],[-6.0633333333333335,54.550000000000004]]]}},{"type":"Feature","id":"belfast_02_02_2016","properties":{"cell_id":"belfast_02_02","year":2016,"row":2,"col":2,"development_pressure":0.176,"planning_intensity":0.098,"green_cover":0.326,"mobility_access":0.2,"bike_activity":0.05,"air_quality":0.627,"opportunity_access":0.329,"fairness_context":0.0,"deprivation_weighted_opportunity":0.243,"development_pressure_delta_2016":0.0,"planning_intensity_delta_2016":0.0,"green_cover_delta_2016":0.0,"mobility_access_delta_2016":0.0,"bike_activity_delta_2016":0.0,"air_quality_delta_2016":0.0,"opportunity_access_delta_2016":0.0,"fairness_context_delta_2016":0.0,"deprivation_weighted_opportunity_delta_2016":0.0,"development_pressure_delta_previous":0.0,"planning_intensity_delta_previous":0.0,"green_cover_delta_previous":0.0,"mobility_access_delta_previous":0.0,"bike_activity_delta_previous":0.0,"air_quality_delta_previous":0.0,"opportunity_access_delta_previous":0.0,"fairness_context_delta_previous":0.0,"deprivation_weighted_opportunity_delta_previous":0.0,"dominant_change":"stable","confidence":"medium","evidence":["OpenStreetMap building export clipped to Belfast NI core","250m-style grid proxy generated from local spatial anchors","Local raster source available for satellite/NDVI review"]},"geometry":{"type":"Polygon","coordinates":[[[-6.046666666666667,54.550000000000004],[-6.03,54.550000000000004],[-6.03,54.565000000000005],[-6.046666666666667,54.565000000000005],[-6.046666666666667,54.550000000000004]]]}},{"type":"Feature","id":"belfast_02_03_2016","properties":{"cell_id":"belfast_02_03","year":2016,"row":2,"col":3,"development_pressure":0.179,"planning_intensity":0.1,"green_cover":0.296,"mobility_access":0.2,"bike_activity":0.05,"air_quality":0.62,"opportunity_access":0.323,"fairness_context":0.103,"deprivation_weighted_opportunity":0.248,"development_pressure_delta_2016":0.0,"planning_intensity_delta_2016":0.0,"green_cover_delta_2016":0.0,"mobility_access_delta_2016":0.0,"bike_activity_delta_2016":0.0,"air_quality_delta_2016":0.0,"opportunity_access_delta_2016":0.0,"fairness_context_delta_2016":0.0,"deprivation_weighted_opportunity_delta_2016":0.0,"development_pressure_delta_previous":0.0,"planning_intensity_delta_previous":0.0,"green_cover_delta_previous":0.0,"mobility_access_delta_previous":0.0,"bike_activity_delta_previous":0.0,"air_quality_delta_previous":0.0,"opportunity_access_delta_previous":0.0,"fairness_context_delta_previous":0.0,"deprivation_weighted_opportunity_delta_previous":0.0,"dominant_change":"stable","confidence":"medium","evidence":["OpenStreetMap building export clipped to Belfast NI core","250m-style grid proxy generated from local spatial anchors","Local raster source available for satellite/NDVI review"]},"geometry":{"type":"Polygon","coordinates":[[[-6.03,54.550000000000004],[-6.013333333333334,54.550000000000004],[-6.013333333333334,54.565000000000005],[-6.03,54.565000000000005],[-6.03,54.550000000000004]]]}},{"type":"Feature","id":"belfast_02_04_2016","properties":{"cell_id":"belfast_02_04","year":2016,"row":2,"col":4,"development_pressure":0.168,"planning_intensity":0.094,"green_cover":0.283,"mobility_access":0.2,"bike_activity":0.05,"air_quality":0.62,"opportunity_access":0.322,"fairness_context":0.257,"deprivation_weighted_opportunity":0.259,"development_pressure_delta_2016":0.0,"planning_intensity_delta_2016":0.0,"green_cover_delta_2016":0.0,"mobility_access_delta_2016":0.0,"bike_activity_delta_2016":0.0,"air_quality_delta_2016":0.0,"opportunity_access_delta_2016":0.0,"fairness_context_delta_2016":0.0,"deprivation_weighted_opportunity_delta_2016":0.0,"development_pressure_delta_previous":0.0,"planning_intensity_delta_previous":0.0,"green_cover_delta_previous":0.0,"mobility_access_delta_previous":0.0,"bike_activity_delta_previous":0.0,"air_quality_delta_previous":0.0,"opportunity_access_delta_previous":0.0,"fairness_context_delta_previous":0.0,"deprivation_weighted_opportunity_delta_previous":0.0,"dominant_change":"stable","confidence":"medium","evidence":["OpenStreetMap building export clipped to Belfast NI core","250m-style grid proxy generated from local spatial anchors","Local raster source available for satellite/NDVI review"]},"geometry":{"type":"Polygon","coordinates":[[[-6.013333333333334,54.550000000000004],[-5.996666666666667,54.550000000000004],[-5.996666666666667,54.565000000000005],[-6.013333333333334,54.565000000000005],[-6.013333333333334,54.550000000000004]]]}},{"type":"Feature","id":"belfast_02_05_2016","properties":{"cell_id":"belfast_02_05","year":2016,"row":2,"col":5,"development_pressure":0.162,"planning_intensity":0.096,"green_cover":0.297,"mobility_access":0.2,"bike_activity":0.05,"air_quality":0.623,"opportunity_access":0.324,"fairness_context":0.359,"deprivation_weighted_opportunity":0.27,"development_pressure_delta_2016":0.0,"planning_intensity_delta_2016":0.0,"green_cover_delta_2016":0.0,"mobility_access_delta_2016":0.0,"bike_activity_delta_2016":0.0,"air_quality_delta_2016":0.0,"opportunity_access_delta_2016":0.0,"fairness_context_delta_2016":0.0,"deprivation_weighted_opportunity_delta_2016":0.0,"development_pressure_delta_previous":0.0,"planning_intensity_delta_previous":0.0,"green_cover_delta_previous":0.0,"mobility_access_delta_previous":0.0,"bike_activity_delta_previous":0.0,"air_quality_delta_previous":0.0,"opportunity_access_delta_previous":0.0,"fairness_context_delta_previous":0.0,"deprivation_weighted_opportunity_delta_previous":0.0,"dominant_change":"stable","confidence":"medium","evidence":["OpenStreetMap building export clipped to Belfast NI core","250m-style grid proxy generated from local spatial anchors","Local raster source available for satellite/NDVI review"]},"geometry":{"type":"Polygon","coordinates":[[[-5.996666666666667,54.550000000000004],[-5.98,54.550000000000004],[-5.98,54.565000000000005],[-5.996666666666667,54.565000000000005],[-5.996666666666667,54.550000000000004]]]}},{"type":"Feature","id":"belfast_02_06_2016","properties":{"cell_id":"belfast_02_06","year":2016,"row":2,"col":6,"development_pressure":0.186,"planning_intensity":0.115,"green_cover":0.37,"mobility_access":0.221,"bike_activity":0.069,"air_quality":0.63,"opportunity_access":0.361,"fairness_context":0.385,"deprivation_weighted_opportunity":0.303,"development_pressure_delta_2016":0.0,"planning_intensity_delta_2016":0.0,"green_cover_delta_2016":0.0,"mobility_access_delta_2016":0.0,"bike_activity_delta_2016":0.0,"air_quality_delta_2016":0.0,"opportunity_access_delta_2016":0.0,"fairness_context_delta_2016":0.0,"deprivation_weighted_opportunity_delta_2016":0.0,"development_pressure_delta_previous":0.0,"planning_intensity_delta_previous":0.0,"green_cover_delta_previous":0.0,"mobility_access_delta_previous":0.0,"bike_activity_delta_previous":0.0,"air_quality_delta_previous":0.0,"opportunity_access_delta_previous":0.0,"fairness_context_delta_previous":0.0,"deprivation_weighted_opportunity_delta_previous":0.0,"dominant_change":"stable","confidence":"medium","evidence":["OpenStreetMap building export clipped to Belfast NI core","250m-style grid proxy generated from local spatial anchors","Local raster source available for satellite/NDVI review"]},"geometry":{"type":"Polygon","coordinates":[[[-5.98,54.550000000000004],[-5.963333333333334,54.550000000000004],[-5.963333333333334,54.565000000000005],[-5.98,54.565000000000005],[-5.98,54.550000000000004]]]}},{"type":"Feature","id":"belfast_02_07_2016","properties":{"cell_id":"belfast_02_07","year":2016,"row":2,"col":7,"development_pressure":0.209,"planning_intensity":0.129,"green_cover":0.445,"mobility_access":0.24,"bike_activity":0.085,"air_quality":0.637,"opportunity_access":0.397,"fairness_context":0.326,"deprivation_weighted_opportunity":0.327,"development_pressure_delta_2016":0.0,"planning_intensity_delta_2016":0.0,"green_cover_delta_2016":0.0,"mobility_access_delta_2016":0.0,"bike_activity_delta_2016":0.0,"air_quality_delta_2016":0.0,"opportunity_access_delta_2016":0.0,"fairness_context_delta_2016":0.0,"deprivation_weighted_opportunity_delta_2016":0.0,"development_pressure_delta_previous":0.0,"planning_intensity_delta_previous":0.0,"green_cover_delta_previous":0.0,"mobility_access_delta_previous":0.0,"bike_activity_delta_previous":0.0,"air_quality_delta_previous":0.0,"opportunity_access_delta_previous":0.0,"fairness_context_delta_previous":0.0,"deprivation_weighted_opportunity_delta_previous":0.0,"dominant_change":"stable","confidence":"medium","evidence":["OpenStreetMap building export clipped to Belfast NI core","250m-style grid proxy generated from local spatial anchors","Local raster source available for satellite/NDVI review"]},"geometry":{"type":"Polygon","coordinates":[[[-5.963333333333334,54.550000000000004],[-5.946666666666667,54.550000000000004],[-5.946666666666667,54.565000000000005],[-5.963333333333334,54.565000000000005],[-5.963333333333334,54.550000000000004]]]}},{"type":"Feature","id":"belfast_02_08_2016","properties":{"cell_id":"belfast_02_08","year":2016,"row":2,"col":8,"development_pressure":0.225,"planning_intensity":0.174,"green_cover":0.49,"mobility_access":0.241,"bike_activity":0.086,"air_quality":0.641,"opportunity_access":0.413,"fairness_context":0.2,"deprivation_weighted_opportunity":0.327,"development_pressure_delta_2016":0.0,"planning_intensity_delta_2016":0.0,"green_cover_delta_2016":0.0,"mobility_access_delta_2016":0.0,"bike_activity_delta_2016":0.0,"air_quality_delta_2016":0.0,"opportunity_access_delta_2016":0.0,"fairness_context_delta_2016":0.0,"deprivation_weighted_opportunity_delta_2016":0.0,"development_pressure_delta_previous":0.0,"planning_intensity_delta_previous":0.0,"green_cover_delta_previous":0.0,"mobility_access_delta_previous":0.0,"bike_activity_delta_previous":0.0,"air_quality_delta_previous":0.0,"opportunity_access_delta_previous":0.0,"fairness_context_delta_previous":0.0,"deprivation_weighted_opportunity_delta_previous":0.0,"dominant_change":"stable","confidence":"medium","evidence":["OpenStreetMap building export clipped to Belfast NI core","250m-style grid proxy generated from local spatial anchors","Local raster source available for satellite/NDVI review"]},"geometry":{"type":"Polygon","coordinates":[[[-5.946666666666667,54.550000000000004],[-5.930000000000001,54.550000000000004],[-5.930000000000001,54.565000000000005],[-5.946666666666667,54.565000000000005],[-5.946666666666667,54.550000000000004]]]}},{"type":"Feature","id":"belfast_02_09_2016","properties":{"cell_id":"belfast_02_09","year":2016,"row":2,"col":9,"development_pressure":0.23,"planning_intensity":0.229,"green_cover":0.488,"mobility_access":0.233,"bike_activity":0.078,"air_quality":0.64,"opportunity_access":0.409,"fairness_context":0.033,"deprivation_weighted_opportunity":0.306,"development_pressure_delta_2016":0.0,"planning_intensity_delta_2016":0.0,"green_cover_delta_2016":0.0,"mobility_access_delta_2016":0.0,"bike_activity_delta_2016":0.0,"air_quality_delta_2016":0.0,"opportunity_access_delta_2016":0.0,"fairness_context_delta_2016":0.0,"deprivation_weighted_opportunity_delta_2016":0.0,"development_pressure_delta_previous":0.0,"planning_intensity_delta_previous":0.0,"green_cover_delta_previous":0.0,"mobility_access_delta_previous":0.0,"bike_activity_delta_previous":0.0,"air_quality_delta_previous":0.0,"opportunity_access_delta_previous":0.0,"fairness_context_delta_previous":0.0,"deprivation_weighted_opportunity_delta_previous":0.0,"dominant_change":"stable","confidence":"medium","evidence":["OpenStreetMap building export clipped to Belfast NI core","250m-style grid proxy generated from local spatial anchors","Local raster source available for satellite/NDVI review"]},"geometry":{"type":"Polygon","coordinates":[[[-5.93,54.550000000000004],[-5.913333333333333,54.550000000000004],[-5.913333333333333,54.565000000000005],[-5.93,54.565000000000005],[-5.93,54.550000000000004]]]}},{"type":"Feature","id":"belfast_02_10_2016","properties":{"cell_id":"belfast_02_10","year":2016,"row":2,"col":10,"development_pressure":0.222,"planning_intensity":0.211,"green_cover":0.39,"mobility_access":0.223,"bike_activity":0.07,"air_quality":0.624,"opportunity_access":0.379,"fairness_context":0.0,"deprivation_weighted_opportunity":0.28,"development_pressure_delta_2016":0.0,"planning_intensity_delta_2016":0.0,"green_cover_delta_2016":0.0,"mobility_access_delta_2016":0.0,"bike_activity_delta_2016":0.0,"air_quality_delta_2016":0.0,"opportunity_access_delta_2016":0.0,"fairness_context_delta_2016":0.0,"deprivation_weighted_opportunity_delta_2016":0.0,"development_pressure_delta_previous":0.0,"planning_intensity_delta_previous":0.0,"green_cover_delta_previous":0.0,"mobility_access_delta_previous":0.0,"bike_activity_delta_previous":0.0,"air_quality_delta_previous":0.0,"opportunity_access_delta_previous":0.0,"fairness_context_delta_previous":0.0,"deprivation_weighted_opportunity_delta_previous":0.0,"dominant_change":"stable","confidence":"medium","evidence":["OpenStreetMap building export clipped to Belfast NI core","250m-style grid proxy generated from local spatial anchors","Local raster source available for satellite/NDVI review"]},"geometry":{"type":"Polygon","coordinates":[[[-5.913333333333333,54.550000000000004],[-5.8966666666666665,54.550000000000004],[-5.8966666666666665,54.565000000000005],[-5.913333333333333,54.565000000000005],[-5.913333333333333,54.550000000000004]]]}},{"type":"Feature","id":"belfast_02_11_2016","properties":{"cell_id":"belfast_02_11","year":2016,"row":2,"col":11,"development_pressure":0.202,"planning_intensity":0.14,"green_cover":0.309,"mobility_access":0.211,"bike_activity":0.059,"air_quality":0.615,"opportunity_access":0.344,"fairness_context":0.0,"deprivation_weighted_opportunity":0.254,"development_pressure_delta_2016":0.0,"planning_intensity_delta_2016":0.0,"green_cover_delta_2016":0.0,"mobility_access_delta_2016":0.0,"bike_activity_delta_2016":0.0,"air_quality_delta_2016":0.0,"opportunity_access_delta_2016":0.0,"fairness_context_delta_2016":0.0,"deprivation_weighted_opportunity_delta_2016":0.0,"development_pressure_delta_previous":0.0,"planning_intensity_delta_previous":0.0,"green_cover_delta_previous":0.0,"mobility_access_delta_previous":0.0,"bike_activity_delta_previous":0.0,"air_quality_delta_previous":0.0,"opportunity_access_delta_previous":0.0,"fairness_context_delta_previous":0.0,"deprivation_weighted_opportunity_delta_previous":0.0,"dominant_change":"stable","confidence":"medium","evidence":["OpenStreetMap building export clipped to Belfast NI core","250m-style grid proxy generated from local spatial anchors","Local raster source available for satellite/NDVI review"]},"geometry":{"type":"Polygon","coordinates":[[[-5.8966666666666665,54.550000000000004],[-5.88,54.550000000000004],[-5.88,54.565000000000005],[-5.8966666666666665,54.565000000000005],[-5.8966666666666665,54.550000000000004]]]}},{"type":"Feature","id":"belfast_02_12_2016","properties":{"cell_id":"belfast_02_12","year":2016,"row":2,"col":12,"development_pressure":0.176,"planning_intensity":0.098,"green_cover":0.315,"mobility_access":0.2,"bike_activity":0.05,"air_quality":0.624,"opportunity_access":0.327,"fairness_context":0.0,"deprivation_weighted_opportunity":0.242,"development_pressure_delta_2016":0.0,"planning_intensity_delta_2016":0.0,"green_cover_delta_2016":0.0,"mobility_access_delta_2016":0.0,"bike_activity_delta_2016":0.0,"air_quality_delta_2016":0.0,"opportunity_access_delta_2016":0.0,"fairness_context_delta_2016":0.0,"deprivation_weighted_opportunity_delta_2016":0.0,"development_pressure_delta_previous":0.0,"planning_intensity_delta_previous":0.0,"green_cover_delta_previous":0.0,"mobility_access_delta_previous":0.0,"bike_activity_delta_previous":0.0,"air_quality_delta_previous":0.0,"opportunity_access_delta_previous":0.0,"fairness_context_delta_previous":0.0,"deprivation_weighted_opportunity_delta_previous":0.0,"dominant_change":"stable","confidence":"medium","evidence":["OpenStreetMap building export clipped to Belfast NI core","250m-style grid proxy generated from local spatial anchors","Local raster source available for satellite/NDVI review"]},"geometry":{"type":"Polygon","coordinates":[[[-5.88,54.550000000000004],[-5.863333333333333,54.550000000000004],[-5.863333333333333,54.565000000000005],[-5.88,54.565000000000005],[-5.88,54.550000000000004]]]}},{"type":"Feature","id":"belfast_02_13_2016","properties":{"cell_id":"belfast_02_13","year":2016,"row":2,"col":13,"development_pressure":0.179,"planning_intensity":0.1,"green_cover":0.338,"mobility_access":0.2,"bike_activity":0.05,"air_quality":0.629,"opportunity_access":0.331,"fairness_context":0.0,"deprivation_weighted_opportunity":0.245,"development_pressure_delta_2016":0.0,"planning_intensity_delta_2016":0.0,"green_cover_delta_2016":0.0,"mobility_access_delta_2016":0.0,"bike_activity_delta_2016":0.0,"air_quality_delta_2016":0.0,"opportunity_access_delta_2016":0.0,"fairness_context_delta_2016":0.0,"deprivation_weighted_opportunity_delta_2016":0.0,"development_pressure_delta_previous":0.0,"planning_intensity_delta_previous":0.0,"green_cover_delta_previous":0.0,"mobility_access_delta_previous":0.0,"bike_activity_delta_previous":0.0,"air_quality_delta_previous":0.0,"opportunity_access_delta_previous":0.0,"fairness_context_delta_previous":0.0,"deprivation_weighted_opportunity_delta_previous":0.0,"dominant_change":"stable","confidence":"medium","evidence":["OpenStreetMap building export clipped to Belfast NI core","250m-style grid proxy generated from local spatial anchors","Local raster source available for satellite/NDVI review"]},"geometry":{"type":"Polygon","coordinates":[[[-5.863333333333333,54.550000000000004],[-5.846666666666667,54.550000000000004],[-5.846666666666667,54.565000000000005],[-5.863333333333333,54.565000000000005],[-5.863333333333333,54.550000000000004]]]}},{"type":"Feature","id":"belfast_02_14_2016","properties":{"cell_id":"belfast_02_14","year":2016,"row":2,"col":14,"development_pressure":0.167,"planning_intensity":0.094,"green_cover":0.339,"mobility_access":0.2,"bike_activity":0.05,"air_quality":0.631,"opportunity_access":0.332,"fairness_context":0.0,"deprivation_weighted_opportunity":0.245,"development_pressure_delta_2016":0.0,"planning_intensity_delta_2016":0.0,"green_cover_delta_2016":0.0,"mobility_access_delta_2016":0.0,"bike_activity_delta_2016":0.0,"air_quality_delta_2016":0.0,"opportunity_access_delta_2016":0.0,"fairness_context_delta_2016":0.0,"deprivation_weighted_opportunity_delta_2016":0.0,"development_pressure_delta_previous":0.0,"planning_intensity_delta_previous":0.0,"green_cover_delta_previous":0.0,"mobility_access_delta_previous":0.0,"bike_activity_delta_previous":0.0,"air_quality_delta_previous":0.0,"opportunity_access_delta_previous":0.0,"fairness_context_delta_previous":0.0,"deprivation_weighted_opportunity_delta_previous":0.0,"dominant_change":"stable","confidence":"medium","evidence":["OpenStreetMap building export clipped to Belfast NI core","250m-style grid proxy generated from local spatial anchors","Local raster source available for satellite/NDVI review"]},"geometry":{"type":"Polygon","coordinates":[[[-5.846666666666667,54.550000000000004],[-5.83,54.550000000000004],[-5.83,54.565000000000005],[-5.846666666666667,54.565000000000005],[-5.846666666666667,54.550000000000004]]]}},{"type":"Feature","id":"belfast_02_15_2016","properties":{"cell_id":"belfast_02_15","year":2016,"row":2,"col":15,"development_pressure":0.144,"planning_intensity":0.082,"green_cover":0.318,"mobility_access":0.2,"bike_activity":0.05,"air_quality":0.63,"opportunity_access":0.33,"fairness_context":0.0,"deprivation_weighted_opportunity":0.244,"development_pressure_delta_2016":0.0,"planning_intensity_delta_2016":0.0,"green_cover_delta_2016":0.0,"mobility_access_delta_2016":0.0,"bike_activity_delta_2016":0.0,"air_quality_delta_2016":0.0,"opportunity_access_delta_2016":0.0,"fairness_context_delta_2016":0.0,"deprivation_weighted_opportunity_delta_2016":0.0,"development_pressure_delta_previous":0.0,"planning_intensity_delta_previous":0.0,"green_cover_delta_previous":0.0,"mobility_access_delta_previous":0.0,"bike_activity_delta_previous":0.0,"air_quality_delta_previous":0.0,"opportunity_access_delta_previous":0.0,"fairness_context_delta_previous":0.0,"deprivation_weighted_opportunity_delta_previous":0.0,"dominant_change":"stable","confidence":"medium","evidence":["OpenStreetMap building export clipped to Belfast NI core","250m-style grid proxy generated from local spatial anchors","Local raster source available for satellite/NDVI review"]},"geometry":{"type":"Polygon","coordinates":[[[-5.83,54.550000000000004],[-5.8133333333333335,54.550000000000004],[-5.8133333333333335,54.565000000000005],[-5.83,54.565000000000005],[-5.83,54.550000000000004]]]}},{"type":"Feature","id":"belfast_02_16_2016","properties":{"cell_id":"belfast_02_16","year":2016,"row":2,"col":16,"development_pressure":0.12,"planning_intensity":0.07,"green_cover":0.296,"mobility_access":0.2,"bike_activity":0.05,"air_quality":0.63,"opportunity_access":0.328,"fairness_context":0.0,"deprivation_weighted_opportunity":0.242,"development_pressure_delta_2016":0.0,"planning_intensity_delta_2016":0.0,"green_cover_delta_2016":0.0,"mobility_access_delta_2016":0.0,"bike_activity_delta_2016":0.0,"air_quality_delta_2016":0.0,"opportunity_access_delta_2016":0.0,"fairness_context_delta_2016":0.0,"deprivation_weighted_opportunity_delta_2016":0.0,"development_pressure_delta_previous":0.0,"planning_intensity_delta_previous":0.0,"green_cover_delta_previous":0.0,"mobility_access_delta_previous":0.0,"bike_activity_delta_previous":0.0,"air_quality_delta_previous":0.0,"opportunity_access_delta_previous":0.0,"fairness_context_delta_previous":0.0,"deprivation_weighted_opportunity_delta_previous":0.0,"dominant_change":"stable","confidence":"medium","evidence":["OpenStreetMap building export clipped to Belfast NI core","250m-style grid proxy generated from local spatial anchors","Local raster source available for satellite/NDVI review"]},"geometry":{"type":"Polygon","coordinates":[[[-5.8133333333333335,54.550000000000004],[-5.796666666666667,54.550000000000004],[-5.796666666666667,54.565000000000005],[-5.8133333333333335,54.565000000000005],[-5.8133333333333335,54.550000000000004]]]}},{"type":"Feature","id":"belfast_02_17_2016","properties":{"cell_id":"belfast_02_17","year":2016,"row":2,"col":17,"development_pressure":0.104,"planning_intensity":0.062,"green_cover":0.296,"mobility_access":0.2,"bike_activity":0.05,"air_quality":0.632,"opportunity_access":0.329,"fairness_context":0.0,"deprivation_weighted_opportunity":0.243,"development_pressure_delta_2016":0.0,"planning_intensity_delta_2016":0.0,"green_cover_delta_2016":0.0,"mobility_access_delta_2016":0.0,"bike_activity_delta_2016":0.0,"air_quality_delta_2016":0.0,"opportunity_access_delta_2016":0.0,"fairness_context_delta_2016":0.0,"deprivation_weighted_opportunity_delta_2016":0.0,"development_pressure_delta_previous":0.0,"planning_intensity_delta_previous":0.0,"green_cover_delta_previous":0.0,"mobility_access_delta_previous":0.0,"bike_activity_delta_previous":0.0,"air_quality_delta_previous":0.0,"opportunity_access_delta_previous":0.0,"fairness_context_delta_previous":0.0,"deprivation_weighted_opportunity_delta_previous":0.0,"dominant_change":"stable","confidence":"medium","evidence":["OpenStreetMap building export clipped to Belfast NI core","250m-style grid proxy generated from local spatial anchors","Local raster source available for satellite/NDVI review"]},"geometry":{"type":"Polygon","coordinates":[[[-5.796666666666667,54.550000000000004],[-5.78,54.550000000000004],[-5.78,54.565000000000005],[-5.796666666666667,54.565000000000005],[-5.796666666666667,54.550000000000004]]]}},{"type":"Feature","id":"belfast_03_00_2016","properties":{"cell_id":"belfast_03_00","year":2016,"row":3,"col":0,"development_pressure":0.175,"planning_intensity":0.097,"green_cover":0.331,"mobility_access":0.2,"bike_activity":0.05,"air_quality":0.628,"opportunity_access":0.33,"fairness_context":0.0,"deprivation_weighted_opportunity":0.244,"development_pressure_delta_2016":0.0,"planning_intensity_delta_2016":0.0,"green_cover_delta_2016":0.0,"mobility_access_delta_2016":0.0,"bike_activity_delta_2016":0.0,"air_quality_delta_2016":0.0,"opportunity_access_delta_2016":0.0,"fairness_context_delta_2016":0.0,"deprivation_weighted_opportunity_delta_2016":0.0,"development_pressure_delta_previous":0.0,"planning_intensity_delta_previous":0.0,"green_cover_delta_previous":0.0,"mobility_access_delta_previous":0.0,"bike_activity_delta_previous":0.0,"air_quality_delta_previous":0.0,"opportunity_access_delta_previous":0.0,"fairness_context_delta_previous":0.0,"deprivation_weighted_opportunity_delta_previous":0.0,"dominant_change":"stable","confidence":"medium","evidence":["OpenStreetMap building export clipped to Belfast NI core","250m-style grid proxy generated from local spatial anchors","Local raster source available for satellite/NDVI review"]},"geometry":{"type":"Polygon","coordinates":[[[-6.08,54.565000000000005],[-6.0633333333333335,54.565000000000005],[-6.0633333333333335,54.580000000000005],[-6.08,54.580000000000005],[-6.08,54.565000000000005]]]}},{"type":"Feature","id":"belfast_03_01_2016","properties":{"cell_id":"belfast_03_01","year":2016,"row":3,"col":1,"development_pressure":0.18,"planning_intensity":0.1,"green_cover":0.341,"mobility_access":0.2,"bike_activity":0.05,"air_quality":0.629,"opportunity_access":0.331,"fairness_context":0.0,"deprivation_weighted_opportunity":0.245,"development_pressure_delta_2016":0.0,"planning_intensity_delta_2016":0.0,"green_cover_delta_2016":0.0,"mobility_access_delta_2016":0.0,"bike_activity_delta_2016":0.0,"air_quality_delta_2016":0.0,"opportunity_access_delta_2016":0.0,"fairness_context_delta_2016":0.0,"deprivation_weighted_opportunity_delta_2016":0.0,"development_pressure_delta_previous":0.0,"planning_intensity_delta_previous":0.0,"green_cover_delta_previous":0.0,"mobility_access_delta_previous":0.0,"bike_activity_delta_previous":0.0,"air_quality_delta_previous":0.0,"opportunity_access_delta_previous":0.0,"fairness_context_delta_previous":0.0,"deprivation_weighted_opportunity_delta_previous":0.0,"dominant_change":"stable","confidence":"medium","evidence":["OpenStreetMap building export clipped to Belfast NI core","250m-style grid proxy generated from local spatial anchors","Local raster source available for satellite/NDVI review"]},"geometry":{"type":"Polygon","coordinates":[[[-6.0633333333333335,54.565000000000005],[-6.046666666666667,54.565000000000005],[-6.046666666666667,54.580000000000005],[-6.0633333333333335,54.580000000000005],[-6.0633333333333335,54.565000000000005]]]}},{"type":"Feature","id":"belfast_03_02_2016","properties":{"cell_id":"belfast_03_02","year":2016,"row":3,"col":2,"development_pressure":0.169,"planning_intensity":0.095,"green_cover":0.327,"mobility_access":0.2,"bike_activity":0.05,"air_quality":0.628,"opportunity_access":0.329,"fairness_context":0.077,"deprivation_weighted_opportunity":0.25,"development_pressure_delta_2016":0.0,"planning_intensity_delta_2016":0.0,"green_cover_delta_2016":0.0,"mobility_access_delta_2016":0.0,"bike_activity_delta_2016":0.0,"air_quality_delta_2016":0.0,"opportunity_access_delta_2016":0.0,"fairness_context_delta_2016":0.0,"deprivation_weighted_opportunity_delta_2016":0.0,"development_pressure_delta_previous":0.0,"planning_intensity_delta_previous":0.0,"green_cover_delta_previous":0.0,"mobility_access_delta_previous":0.0,"bike_activity_delta_previous":0.0,"air_quality_delta_previous":0.0,"opportunity_access_delta_previous":0.0,"fairness_context_delta_previous":0.0,"deprivation_weighted_opportunity_delta_previous":0.0,"dominant_change":"stable","confidence":"medium","evidence":["OpenStreetMap building export clipped to Belfast NI core","250m-style grid proxy generated from local spatial anchors","Local raster source available for satellite/NDVI review"]},"geometry":{"type":"Polygon","coordinates":[[[-6.046666666666667,54.565000000000005],[-6.03,54.565000000000005],[-6.03,54.580000000000005],[-6.046666666666667,54.580000000000005],[-6.046666666666667,54.565000000000005]]]}},{"type":"Feature","id":"belfast_03_03_2016","properties":{"cell_id":"belfast_03_03","year":2016,"row":3,"col":3,"development_pressure":0.148,"planning_intensity":0.084,"green_cover":0.301,"mobility_access":0.2,"bike_activity":0.05,"air_quality":0.626,"opportunity_access":0.326,"fairness_context":0.298,"deprivation_weighted_opportunity":0.267,"development_pressure_delta_2016":0.0,"planning_intensity_delta_2016":0.0,"green_cover_delta_2016":0.0,"mobility_access_delta_2016":0.0,"bike_activity_delta_2016":0.0,"air_quality_delta_2016":0.0,"opportunity_access_delta_2016":0.0,"fairness_context_delta_2016":0.0,"deprivation_weighted_opportunity_delta_2016":0.0,"development_pressure_delta_previous":0.0,"planning_intensity_delta_previous":0.0,"green_cover_delta_previous":0.0,"mobility_access_delta_previous":0.0,"bike_activity_delta_previous":0.0,"air_quality_delta_previous":0.0,"opportunity_access_delta_previous":0.0,"fairness_context_delta_previous":0.0,"deprivation_weighted_opportunity_delta_previous":0.0,"dominant_change":"stable","confidence":"medium","evidence":["OpenStreetMap building export clipped to Belfast NI core","250m-style grid proxy generated from local spatial anchors","Local raster source available for satellite/NDVI review"]},"geometry":{"type":"Polygon","coordinates":[[[-6.03,54.565000000000005],[-6.013333333333334,54.565000000000005],[-6.013333333333334,54.580000000000005],[-6.03,54.580000000000005],[-6.03,54.565000000000005]]]}},{"type":"Feature","id":"belfast_03_04_2016","properties":{"cell_id":"belfast_03_04","year":2016,"row":3,"col":4,"development_pressure":0.133,"planning_intensity":0.079,"green_cover":0.293,"mobility_access":0.202,"bike_activity":0.051,"air_quality":0.627,"opportunity_access":0.328,"fairness_context":0.509,"deprivation_weighted_opportunity":0.286,"development_pressure_delta_2016":0.0,"planning_intensity_delta_2016":0.0,"green_cover_delta_2016":0.0,"mobility_access_delta_2016":0.0,"bike_activity_delta_2016":0.0,"air_quality_delta_2016":0.0,"opportunity_access_delta_2016":0.0,"fairness_context_delta_2016":0.0,"deprivation_weighted_opportunity_delta_2016":0.0,"development_pressure_delta_previous":0.0,"planning_intensity_delta_previous":0.0,"green_cover_delta_previous":0.0,"mobility_access_delta_previous":0.0,"bike_activity_delta_previous":0.0,"air_quality_delta_previous":0.0,"opportunity_access_delta_previous":0.0,"fairness_context_delta_previous":0.0,"deprivation_weighted_opportunity_delta_previous":0.0,"dominant_change":"stable","confidence":"medium","evidence":["OpenStreetMap building export clipped to Belfast NI core","250m-style grid proxy generated from local spatial anchors","Local raster source available for satellite/NDVI review"]},"geometry":{"type":"Polygon","coordinates":[[[-6.013333333333334,54.565000000000005],[-5.996666666666667,54.565000000000005],[-5.996666666666667,54.580000000000005],[-6.013333333333334,54.580000000000005],[-6.013333333333334,54.565000000000005]]]}},{"type":"Feature","id":"belfast_03_05_2016","properties":{"cell_id":"belfast_03_05","year":2016,"row":3,"col":5,"development_pressure":0.189,"planning_intensity":0.112,"green_cover":0.396,"mobility_access":0.327,"bike_activity":0.112,"air_quality":0.63,"opportunity_access":0.428,"fairness_context":0.686,"deprivation_weighted_opportunity":0.393,"development_pressure_delta_2016":0.0,"planning_intensity_delta_2016":0.0,"green_cover_delta_2016":0.0,"mobility_access_delta_2016":0.0,"bike_activity_delta_2016":0.0,"air_quality_delta_2016":0.0,"opportunity_access_delta_2016":0.0,"fairness_context_delta_2016":0.0,"deprivation_weighted_opportunity_delta_2016":0.0,"development_pressure_delta_previous":0.0,"planning_intensity_delta_previous":0.0,"green_cover_delta_previous":0.0,"mobility_access_delta_previous":0.0,"bike_activity_delta_previous":0.0,"air_quality_delta_previous":0.0,"opportunity_access_delta_previous":0.0,"fairness_context_delta_previous":0.0,"deprivation_weighted_opportunity_delta_previous":0.0,"dominant_change":"stable","confidence":"medium","evidence":["OpenStreetMap building export clipped to Belfast NI core","250m-style grid proxy generated from local spatial anchors","Local raster source available for satellite/NDVI review"]},"geometry":{"type":"Polygon","coordinates":[[[-5.996666666666667,54.565000000000005],[-5.98,54.565000000000005],[-5.98,54.580000000000005],[-5.996666666666667,54.580000000000005],[-5.996666666666667,54.565000000000005]]]}},{"type":"Feature","id":"belfast_03_06_2016","properties":{"cell_id":"belfast_03_06","year":2016,"row":3,"col":6,"development_pressure":0.255,"planning_intensity":0.149,"green_cover":0.49,"mobility_access":0.447,"bike_activity":0.164,"air_quality":0.631,"opportunity_access":0.519,"fairness_context":0.743,"deprivation_weighted_opportunity":0.484,"development_pressure_delta_2016":0.0,"planning_intensity_delta_2016":0.0,"green_cover_delta_2016":0.0,"mobility_access_delta_2016":0.0,"bike_activity_delta_2016":0.0,"air_quality_delta_2016":0.0,"opportunity_access_delta_2016":0.0,"fairness_context_delta_2016":0.0,"deprivation_weighted_opportunity_delta_2016":0.0,"development_pressure_delta_previous":0.0,"planning_intensity_delta_previous":0.0,"green_cover_delta_previous":0.0,"mobility_access_delta_previous":0.0,"bike_activity_delta_previous":0.0,"air_quality_delta_previous":0.0,"opportunity_access_delta_previous":0.0,"fairness_context_delta_previous":0.0,"deprivation_weighted_opportunity_delta_previous":0.0,"dominant_change":"stable","confidence":"medium","evidence":["OpenStreetMap building export clipped to Belfast NI core","250m-style grid proxy generated from local spatial anchors","Local raster source available for satellite/NDVI review"]},"geometry":{"type":"Polygon","coordinates":[[[-5.98,54.565000000000005],[-5.963333333333334,54.565000000000005],[-5.963333333333334,54.580000000000005],[-5.98,54.580000000000005],[-5.98,54.565000000000005]]]}},{"type":"Feature","id":"belfast_03_07_2016","properties":{"cell_id":"belfast_03_07","year":2016,"row":3,"col":7,"development_pressure":0.325,"planning_intensity":0.19,"green_cover":0.598,"mobility_access":0.507,"bike_activity":0.191,"air_quality":0.636,"opportunity_access":0.581,"fairness_context":0.623,"deprivation_weighted_opportunity":0.524,"development_pressure_delta_2016":0.0,"planning_intensity_delta_2016":0.0,"green_cover_delta_2016":0.0,"mobility_access_delta_2016":0.0,"bike_activity_delta_2016":0.0,"air_quality_delta_2016":0.0,"opportunity_access_delta_2016":0.0,"fairness_context_delta_2016":0.0,"deprivation_weighted_opportunity_delta_2016":0.0,"development_pressure_delta_previous":0.0,"planning_intensity_delta_previous":0.0,"green_cover_delta_previous":0.0,"mobility_access_delta_previous":0.0,"bike_activity_delta_previous":0.0,"air_quality_delta_previous":0.0,"opportunity_access_delta_previous":0.0,"fairness_context_delta_previous":0.0,"deprivation_weighted_opportunity_delta_previous":0.0,"dominant_change":"stable","confidence":"medium","evidence":["OpenStreetMap building export clipped to Belfast NI core","250m-style grid proxy generated from local spatial anchors","Local raster source available for satellite/NDVI review"]},"geometry":{"type":"Polygon","coordinates":[[[-5.963333333333334,54.565000000000005],[-5.946666666666667,54.565000000000005],[-5.946666666666667,54.580000000000005],[-5.963333333333334,54.580000000000005],[-5.963333333333334,54.565000000000005]]]}},{"type":"Feature","id":"belfast_03_08_2016","properties":{"cell_id":"belfast_03_08","year":2016,"row":3,"col":8,"development_pressure":0.381,"planning_intensity":0.229,"green_cover":0.633,"mobility_access":0.493,"bike_activity":0.194,"air_quality":0.63,"opportunity_access":0.591,"fairness_context":0.427,"deprivation_weighted_opportunity":0.503,"development_pressure_delta_2016":0.0,"planning_intensity_delta_2016":0.0,"green_cover_delta_2016":0.0,"mobility_access_delta_2016":0.0,"bike_activity_delta_2016":0.0,"air_quality_delta_2016":0.0,"opportunity_access_delta_2016":0.0,"fairness_context_delta_2016":0.0,"deprivation_weighted_opportunity_delta_2016":0.0,"development_pressure_delta_previous":0.0,"planning_intensity_delta_previous":0.0,"green_cover_delta_previous":0.0,"mobility_access_delta_previous":0.0,"bike_activity_delta_previous":0.0,"air_quality_delta_previous":0.0,"opportunity_access_delta_previous":0.0,"fairness_context_delta_previous":0.0,"deprivation_weighted_opportunity_delta_previous":0.0,"dominant_change":"stable","confidence":"medium","evidence":["OpenStreetMap building export clipped to Belfast NI core","250m-style grid proxy generated from local spatial anchors","Local raster source available for satellite/NDVI review"]},"geometry":{"type":"Polygon","coordinates":[[[-5.946666666666667,54.565000000000005],[-5.930000000000001,54.565000000000005],[-5.930000000000001,54.580000000000005],[-5.946666666666667,54.580000000000005],[-5.946666666666667,54.565000000000005]]]}},{"type":"Feature","id":"belfast_03_09_2016","properties":{"cell_id":"belfast_03_09","year":2016,"row":3,"col":9,"development_pressure":0.407,"planning_intensity":0.275,"green_cover":0.571,"mobility_access":0.452,"bike_activity":0.18,"air_quality":0.614,"opportunity_access":0.56,"fairness_context":0.211,"deprivation_weighted_opportunity":0.445,"development_pressure_delta_2016":0.0,"planning_intensity_delta_2016":0.0,"green_cover_delta_2016":0.0,"mobility_access_delta_2016":0.0,"bike_activity_delta_2016":0.0,"air_quality_delta_2016":0.0,"opportunity_access_delta_2016":0.0,"fairness_context_delta_2016":0.0,"deprivation_weighted_opportunity_delta_2016":0.0,"development_pressure_delta_previous":0.0,"planning_intensity_delta_previous":0.0,"green_cover_delta_previous":0.0,"mobility_access_delta_previous":0.0,"bike_activity_delta_previous":0.0,"air_quality_delta_previous":0.0,"opportunity_access_delta_previous":0.0,"fairness_context_delta_previous":0.0,"deprivation_weighted_opportunity_delta_previous":0.0,"dominant_change":"stable","confidence":"medium","evidence":["OpenStreetMap building export clipped to Belfast NI core","250m-style grid proxy generated from local spatial anchors","Local raster source available for satellite/NDVI review"]},"geometry":{"type":"Polygon","coordinates":[[[-5.93,54.565000000000005],[-5.913333333333333,54.565000000000005],[-5.913333333333333,54.580000000000005],[-5.93,54.580000000000005],[-5.93,54.565000000000005]]]}},{"type":"Feature","id":"belfast_03_10_2016","properties":{"cell_id":"belfast_03_10","year":2016,"row":3,"col":10,"development_pressure":0.411,"planning_intensity":0.277,"green_cover":0.439,"mobility_access":0.389,"bike_activity":0.137,"air_quality":0.59,"opportunity_access":0.496,"fairness_context":0.0,"deprivation_weighted_opportunity":0.367,"development_pressure_delta_2016":0.0,"planning_intensity_delta_2016":0.0,"green_cover_delta_2016":0.0,"mobility_access_delta_2016":0.0,"bike_activity_delta_2016":0.0,"air_quality_delta_2016":0.0,"opportunity_access_delta_2016":0.0,"fairness_context_delta_2016":0.0,"deprivation_weighted_opportunity_delta_2016":0.0,"development_pressure_delta_previous":0.0,"planning_intensity_delta_previous":0.0,"green_cover_delta_previous":0.0,"mobility_access_delta_previous":0.0,"bike_activity_delta_previous":0.0,"air_quality_delta_previous":0.0,"opportunity_access_delta_previous":0.0,"fairness_context_delta_previous":0.0,"deprivation_weighted_opportunity_delta_previous":0.0,"dominant_change":"stable","confidence":"medium","evidence":["OpenStreetMap building export clipped to Belfast NI core","250m-style grid proxy generated from local spatial anchors","Local raster source available for satellite/NDVI review"]},"geometry":{"type":"Polygon","coordinates":[[[-5.913333333333333,54.565000000000005],[-5.8966666666666665,54.565000000000005],[-5.8966666666666665,54.580000000000005],[-5.913333333333333,54.580000000000005],[-5.913333333333333,54.565000000000005]]]}},{"type":"Feature","id":"belfast_03_11_2016","properties":{"cell_id":"belfast_03_11","year":2016,"row":3,"col":11,"development_pressure":0.364,"planning_intensity":0.214,"green_cover":0.424,"mobility_access":0.324,"bike_activity":0.119,"air_quality":0.6,"opportunity_access":0.446,"fairness_context":0.0,"deprivation_weighted_opportunity":0.33,"development_pressure_delta_2016":0.0,"planning_intensity_delta_2016":0.0,"green_cover_delta_2016":0.0,"mobility_access_delta_2016":0.0,"bike_activity_delta_2016":0.0,"air_quality_delta_2016":0.0,"opportunity_access_delta_2016":0.0,"fairness_context_delta_2016":0.0,"deprivation_weighted_opportunity_delta_2016":0.0,"development_pressure_delta_previous":0.0,"planning_intensity_delta_previous":0.0,"green_cover_delta_previous":0.0,"mobility_access_delta_previous":0.0,"bike_activity_delta_previous":0.0,"air_quality_delta_previous":0.0,"opportunity_access_delta_previous":0.0,"fairness_context_delta_previous":0.0,"deprivation_weighted_opportunity_delta_previous":0.0,"dominant_change":"stable","confidence":"medium","evidence":["OpenStreetMap building export clipped to Belfast NI core","250m-style grid proxy generated from local spatial anchors","Local raster source available for satellite/NDVI review"]},"geometry":{"type":"Polygon","coordinates":[[[-5.8966666666666665,54.565000000000005],[-5.88,54.565000000000005],[-5.88,54.580000000000005],[-5.8966666666666665,54.580000000000005],[-5.8966666666666665,54.565000000000005]]]}},{"type":"Feature","id":"belfast_03_12_2016","properties":{"cell_id":"belfast_03_12","year":2016,"row":3,"col":12,"development_pressure":0.278,"planning_intensity":0.163,"green_cover":0.42,"mobility_access":0.236,"bike_activity":0.082,"air_quality":0.621,"opportunity_access":0.386,"fairness_context":0.0,"deprivation_weighted_opportunity":0.286,"development_pressure_delta_2016":0.0,"planning_intensity_delta_2016":0.0,"green_cover_delta_2016":0.0,"mobility_access_delta_2016":0.0,"bike_activity_delta_2016":0.0,"air_quality_delta_2016":0.0,"opportunity_access_delta_2016":0.0,"fairness_context_delta_2016":0.0,"deprivation_weighted_opportunity_delta_2016":0.0,"development_pressure_delta_previous":0.0,"planning_intensity_delta_previous":0.0,"green_cover_delta_previous":0.0,"mobility_access_delta_previous":0.0,"bike_activity_delta_previous":0.0,"air_quality_delta_previous":0.0,"opportunity_access_delta_previous":0.0,"fairness_context_delta_previous":0.0,"deprivation_weighted_opportunity_delta_previous":0.0,"dominant_change":"stable","confidence":"medium","evidence":["OpenStreetMap building export clipped to Belfast NI core","250m-style grid proxy generated from local spatial anchors","Local raster source available for satellite/NDVI review"]},"geometry":{"type":"Polygon","coordinates":[[[-5.88,54.565000000000005],[-5.863333333333333,54.565000000000005],[-5.863333333333333,54.580000000000005],[-5.88,54.580000000000005],[-5.88,54.565000000000005]]]}},{"type":"Feature","id":"belfast_03_13_2016","properties":{"cell_id":"belfast_03_13","year":2016,"row":3,"col":13,"development_pressure":0.167,"planning_intensity":0.099,"green_cover":0.38,"mobility_access":0.201,"bike_activity":0.051,"air_quality":0.639,"opportunity_access":0.341,"fairness_context":0.0,"deprivation_weighted_opportunity":0.252,"development_pressure_delta_2016":0.0,"planning_intensity_delta_2016":0.0,"green_cover_delta_2016":0.0,"mobility_access_delta_2016":0.0,"bike_activity_delta_2016":0.0,"air_quality_delta_2016":0.0,"opportunity_access_delta_2016":0.0,"fairness_context_delta_2016":0.0,"deprivation_weighted_opportunity_delta_2016":0.0,"development_pressure_delta_previous":0.0,"planning_intensity_delta_previous":0.0,"green_cover_delta_previous":0.0,"mobility_access_delta_previous":0.0,"bike_activity_delta_previous":0.0,"air_quality_delta_previous":0.0,"opportunity_access_delta_previous":0.0,"fairness_context_delta_previous":0.0,"deprivation_weighted_opportunity_delta_previous":0.0,"dominant_change":"stable","confidence":"medium","evidence":["OpenStreetMap building export clipped to Belfast NI core","250m-style grid proxy generated from local spatial anchors","Local raster source available for satellite/NDVI review"]},"geometry":{"type":"Polygon","coordinates":[[[-5.863333333333333,54.565000000000005],[-5.846666666666667,54.565000000000005],[-5.846666666666667,54.580000000000005],[-5.863333333333333,54.580000000000005],[-5.863333333333333,54.565000000000005]]]}},{"type":"Feature","id":"belfast_03_14_2016","properties":{"cell_id":"belfast_03_14","year":2016,"row":3,"col":14,"development_pressure":0.123,"planning_intensity":0.071,"green_cover":0.346,"mobility_access":0.2,"bike_activity":0.05,"air_quality":0.639,"opportunity_access":0.337,"fairness_context":0.0,"deprivation_weighted_opportunity":0.249,"development_pressure_delta_2016":0.0,"planning_intensity_delta_2016":0.0,"green_cover_delta_2016":0.0,"mobility_access_delta_2016":0.0,"bike_activity_delta_2016":0.0,"air_quality_delta_2016":0.0,"opportunity_access_delta_2016":0.0,"fairness_context_delta_2016":0.0,"deprivation_weighted_opportunity_delta_2016":0.0,"development_pressure_delta_previous":0.0,"planning_intensity_delta_previous":0.0,"green_cover_delta_previous":0.0,"mobility_access_delta_previous":0.0,"bike_activity_delta_previous":0.0,"air_quality_delta_previous":0.0,"opportunity_access_delta_previous":0.0,"fairness_context_delta_previous":0.0,"deprivation_weighted_opportunity_delta_previous":0.0,"dominant_change":"stable","confidence":"medium","evidence":["OpenStreetMap building export clipped to Belfast NI core","250m-style grid proxy generated from local spatial anchors","Local raster source available for satellite/NDVI review"]},"geometry":{"type":"Polygon","coordinates":[[[-5.846666666666667,54.565000000000005],[-5.83,54.565000000000005],[-5.83,54.580000000000005],[-5.846666666666667,54.580000000000005],[-5.846666666666667,54.565000000000005]]]}},{"type":"Feature","id":"belfast_03_15_2016","properties":{"cell_id":"belfast_03_15","year":2016,"row":3,"col":15,"development_pressure":0.105,"planning_intensity":0.062,"green_cover":0.324,"mobility_access":0.2,"bike_activity":0.05,"air_quality":0.638,"opportunity_access":0.334,"fairness_context":0.0,"deprivation_weighted_opportunity":0.247,"development_pressure_delta_2016":0.0,"planning_intensity_delta_2016":0.0,"green_cover_delta_2016":0.0,"mobility_access_delta_2016":0.0,"bike_activity_delta_2016":0.0,"air_quality_delta_2016":0.0,"opportunity_access_delta_2016":0.0,"fairness_context_delta_2016":0.0,"deprivation_weighted_opportunity_delta_2016":0.0,"development_pressure_delta_previous":0.0,"planning_intensity_delta_previous":0.0,"green_cover_delta_previous":0.0,"mobility_access_delta_previous":0.0,"bike_activity_delta_previous":0.0,"air_quality_delta_previous":0.0,"opportunity_access_delta_previous":0.0,"fairness_context_delta_previous":0.0,"deprivation_weighted_opportunity_delta_previous":0.0,"dominant_change":"stable","confidence":"medium","evidence":["OpenStreetMap building export clipped to Belfast NI core","250m-style grid proxy generated from local spatial anchors","Local raster source available for satellite/NDVI review"]},"geometry":{"type":"Polygon","coordinates":[[[-5.83,54.565000000000005],[-5.8133333333333335,54.565000000000005],[-5.8133333333333335,54.580000000000005],[-5.83,54.580000000000005],[-5.83,54.565000000000005]]]}},{"type":"Feature","id":"belfast_03_16_2016","properties":{"cell_id":"belfast_03_16","year":2016,"row":3,"col":16,"development_pressure":0.1,"planning_intensity":0.06,"green_cover":0.299,"mobility_access":0.2,"bike_activity":0.05,"air_quality":0.633,"opportunity_access":0.33,"fairness_context":0.0,"deprivation_weighted_opportunity":0.244,"development_pressure_delta_2016":0.0,"planning_intensity_delta_2016":0.0,"green_cover_delta_2016":0.0,"mobility_access_delta_2016":0.0,"bike_activity_delta_2016":0.0,"air_quality_delta_2016":0.0,"opportunity_access_delta_2016":0.0,"fairness_context_delta_2016":0.0,"deprivation_weighted_opportunity_delta_2016":0.0,"development_pressure_delta_previous":0.0,"planning_intensity_delta_previous":0.0,"green_cover_delta_previous":0.0,"mobility_access_delta_previous":0.0,"bike_activity_delta_previous":0.0,"air_quality_delta_previous":0.0,"opportunity_access_delta_previous":0.0,"fairness_context_delta_previous":0.0,"deprivation_weighted_opportunity_delta_previous":0.0,"dominant_change":"stable","confidence":"medium","evidence":["OpenStreetMap building export clipped to Belfast NI core","250m-style grid proxy generated from local spatial anchors","Local raster source available for satellite/NDVI review"]},"geometry":{"type":"Polygon","coordinates":[[[-5.8133333333333335,54.565000000000005],[-5.796666666666667,54.565000000000005],[-5.796666666666667,54.580000000000005],[-5.8133333333333335,54.580000000000005],[-5.8133333333333335,54.565000000000005]]]}},{"type":"Feature","id":"belfast_03_17_2016","properties":{"cell_id":"belfast_03_17","year":2016,"row":3,"col":17,"development_pressure":0.111,"planning_intensity":0.066,"green_cover":0.294,"mobility_access":0.2,"bike_activity":0.05,"air_quality":0.631,"opportunity_access":0.328,"fairness_context":0.0,"deprivation_weighted_opportunity":0.243,"development_pressure_delta_2016":0.0,"planning_intensity_delta_2016":0.0,"green_cover_delta_2016":0.0,"mobility_access_delta_2016":0.0,"bike_activity_delta_2016":0.0,"air_quality_delta_2016":0.0,"opportunity_access_delta_2016":0.0,"fairness_context_delta_2016":0.0,"deprivation_weighted_opportunity_delta_2016":0.0,"development_pressure_delta_previous":0.0,"planning_intensity_delta_previous":0.0,"green_cover_delta_previous":0.0,"mobility_access_delta_previous":0.0,"bike_activity_delta_previous":0.0,"air_quality_delta_previous":0.0,"opportunity_access_delta_previous":0.0,"fairness_context_delta_previous":0.0,"deprivation_weighted_opportunity_delta_previous":0.0,"dominant_change":"stable","confidence":"medium","evidence":["OpenStreetMap building export clipped to Belfast NI core","250m-style grid proxy generated from local spatial anchors","Local raster source available for satellite/NDVI review"]},"geometry":{"type":"Polygon","coordinates":[[[-5.796666666666667,54.565000000000005],[-5.78,54.565000000000005],[-5.78,54.580000000000005],[-5.796666666666667,54.580000000000005],[-5.796666666666667,54.565000000000005]]]}},{"type":"Feature","id":"belfast_04_00_2016","properties":{"cell_id":"belfast_04_00","year":2016,"row":4,"col":0,"development_pressure":0.171,"planning_intensity":0.096,"green_cover":0.331,"mobility_access":0.2,"bike_activity":0.05,"air_quality":0.629,"opportunity_access":0.33,"fairness_context":0.0,"deprivation_weighted_opportunity":0.244,"development_pressure_delta_2016":0.0,"planning_intensity_delta_2016":0.0,"green_cover_delta_2016":0.0,"mobility_access_delta_2016":0.0,"bike_activity_delta_2016":0.0,"air_quality_delta_2016":0.0,"opportunity_access_delta_2016":0.0,"fairness_context_delta_2016":0.0,"deprivation_weighted_opportunity_delta_2016":0.0,"development_pressure_delta_previous":0.0,"planning_intensity_delta_previous":0.0,"green_cover_delta_previous":0.0,"mobility_access_delta_previous":0.0,"bike_activity_delta_previous":0.0,"air_quality_delta_previous":0.0,"opportunity_access_delta_previous":0.0,"fairness_context_delta_previous":0.0,"deprivation_weighted_opportunity_delta_previous":0.0,"dominant_change":"stable","confidence":"medium","evidence":["OpenStreetMap building export clipped to Belfast NI core","250m-style grid proxy generated from local spatial anchors","Local raster source available for satellite/NDVI review"]},"geometry":{"type":"Polygon","coordinates":[[[-6.08,54.580000000000005],[-6.0633333333333335,54.580000000000005],[-6.0633333333333335,54.595000000000006],[-6.08,54.595000000000006],[-6.08,54.580000000000005]]]}},{"type":"Feature","id":"belfast_04_01_2016","properties":{"cell_id":"belfast_04_01","year":2016,"row":4,"col":1,"development_pressure":0.151,"planning_intensity":0.085,"green_cover":0.346,"mobility_access":0.2,"bike_activity":0.05,"air_quality":0.635,"opportunity_access":0.334,"fairness_context":0.0,"deprivation_weighted_opportunity":0.247,"development_pressure_delta_2016":0.0,"planning_intensity_delta_2016":0.0,"green_cover_delta_2016":0.0,"mobility_access_delta_2016":0.0,"bike_activity_delta_2016":0.0,"air_quality_delta_2016":0.0,"opportunity_access_delta_2016":0.0,"fairness_context_delta_2016":0.0,"deprivation_weighted_opportunity_delta_2016":0.0,"development_pressure_delta_previous":0.0,"planning_intensity_delta_previous":0.0,"green_cover_delta_previous":0.0,"mobility_access_delta_previous":0.0,"bike_activity_delta_previous":0.0,"air_quality_delta_previous":0.0,"opportunity_access_delta_previous":0.0,"fairness_context_delta_previous":0.0,"deprivation_weighted_opportunity_delta_previous":0.0,"dominant_change":"stable","confidence":"medium","evidence":["OpenStreetMap building export clipped to Belfast NI core","250m-style grid proxy generated from local spatial anchors","Local raster source available for satellite/NDVI review"]},"geometry":{"type":"Polygon","coordinates":[[[-6.0633333333333335,54.580000000000005],[-6.046666666666667,54.580000000000005],[-6.046666666666667,54.595000000000006],[-6.0633333333333335,54.595000000000006],[-6.0633333333333335,54.580000000000005]]]}},{"type":"Feature","id":"belfast_04_02_2016","properties":{"cell_id":"belfast_04_02","year":2016,"row":4,"col":2,"development_pressure":0.126,"planning_intensity":0.073,"green_cover":0.334,"mobility_access":0.2,"bike_activity":0.05,"air_quality":0.636,"opportunity_access":0.334,"fairness_context":0.105,"deprivation_weighted_opportunity":0.256,"development_pressure_delta_2016":0.0,"planning_intensity_delta_2016":0.0,"green_cover_delta_2016":0.0,"mobility_access_delta_2016":0.0,"bike_activity_delta_2016":0.0,"air_quality_delta_2016":0.0,"opportunity_access_delta_2016":0.0,"fairness_context_delta_2016":0.0,"deprivation_weighted_opportunity_delta_2016":0.0,"development_pressure_delta_previous":0.0,"planning_intensity_delta_previous":0.0,"green_cover_delta_previous":0.0,"mobility_access_delta_previous":0.0,"bike_activity_delta_previous":0.0,"air_quality_delta_previous":0.0,"opportunity_access_delta_previous":0.0,"fairness_context_delta_previous":0.0,"deprivation_weighted_opportunity_delta_previous":0.0,"dominant_change":"stable","confidence":"medium","evidence":["OpenStreetMap building export clipped to Belfast NI core","250m-style grid proxy generated from local spatial anchors","Local raster source available for satellite/NDVI review"]},"geometry":{"type":"Polygon","coordinates":[[[-6.046666666666667,54.580000000000005],[-6.03,54.580000000000005],[-6.03,54.595000000000006],[-6.046666666666667,54.595000000000006],[-6.046666666666667,54.580000000000005]]]}},{"type":"Feature","id":"belfast_04_03_2016","properties":{"cell_id":"belfast_04_03","year":2016,"row":4,"col":3,"development_pressure":0.107,"planning_intensity":0.063,"green_cover":0.372,"mobility_access":0.2,"bike_activity":0.05,"air_quality":0.647,"opportunity_access":0.342,"fairness_context":0.337,"deprivation_weighted_opportunity":0.283,"development_pressure_delta_2016":0.0,"planning_intensity_delta_2016":0.0,"green_cover_delta_2016":0.0,"mobility_access_delta_2016":0.0,"bike_activity_delta_2016":0.0,"air_quality_delta_2016":0.0,"opportunity_access_delta_2016":0.0,"fairness_context_delta_2016":0.0,"deprivation_weighted_opportunity_delta_2016":0.0,"development_pressure_delta_previous":0.0,"planning_intensity_delta_previous":0.0,"green_cover_delta_previous":0.0,"mobility_access_delta_previous":0.0,"bike_activity_delta_previous":0.0,"air_quality_delta_previous":0.0,"opportunity_access_delta_previous":0.0,"fairness_context_delta_previous":0.0,"deprivation_weighted_opportunity_delta_previous":0.0,"dominant_change":"stable","confidence":"medium","evidence":["OpenStreetMap building export clipped to Belfast NI core","250m-style grid proxy generated from local spatial anchors","Local raster source available for satellite/NDVI review"]},"geometry":{"type":"Polygon","coordinates":[[[-6.03,54.580000000000005],[-6.013333333333334,54.580000000000005],[-6.013333333333334,54.595000000000006],[-6.03,54.595000000000006],[-6.03,54.580000000000005]]]}},{"type":"Feature","id":"belfast_04_04_2016","properties":{"cell_id":"belfast_04_04","year":2016,"row":4,"col":4,"development_pressure":0.133,"planning_intensity":0.074,"green_cover":0.445,"mobility_access":0.26,"bike_activity":0.077,"air_quality":0.652,"opportunity_access":0.402,"fairness_context":0.566,"deprivation_weighted_opportunity":0.356,"development_pressure_delta_2016":0.0,"planning_intensity_delta_2016":0.0,"green_cover_delta_2016":0.0,"mobility_access_delta_2016":0.0,"bike_activity_delta_2016":0.0,"air_quality_delta_2016":0.0,"opportunity_access_delta_2016":0.0,"fairness_context_delta_2016":0.0,"deprivation_weighted_opportunity_delta_2016":0.0,"development_pressure_delta_previous":0.0,"planning_intensity_delta_previous":0.0,"green_cover_delta_previous":0.0,"mobility_access_delta_previous":0.0,"bike_activity_delta_previous":0.0,"air_quality_delta_previous":0.0,"opportunity_access_delta_previous":0.0,"fairness_context_delta_previous":0.0,"deprivation_weighted_opportunity_delta_previous":0.0,"dominant_change":"stable","confidence":"medium","evidence":["OpenStreetMap building export clipped to Belfast NI core","250m-style grid proxy generated from local spatial anchors","Local raster source available for satellite/NDVI review"]},"geometry":{"type":"Polygon","coordinates":[[[-6.013333333333334,54.580000000000005],[-5.996666666666667,54.580000000000005],[-5.996666666666667,54.595000000000006],[-6.013333333333334,54.595000000000006],[-6.013333333333334,54.580000000000005]]]}},{"type":"Feature","id":"belfast_04_05_2016","properties":{"cell_id":"belfast_04_05","year":2016,"row":4,"col":5,"development_pressure":0.222,"planning_intensity":0.122,"green_cover":0.501,"mobility_access":0.434,"bike_activity":0.146,"air_quality":0.639,"opportunity_access":0.515,"fairness_context":0.784,"deprivation_weighted_opportunity":0.486,"development_pressure_delta_2016":0.0,"planning_intensity_delta_2016":0.0,"green_cover_delta_2016":0.0,"mobility_access_delta_2016":0.0,"bike_activity_delta_2016":0.0,"air_quality_delta_2016":0.0,"opportunity_access_delta_2016":0.0,"fairness_context_delta_2016":0.0,"deprivation_weighted_opportunity_delta_2016":0.0,"development_pressure_delta_previous":0.0,"planning_intensity_delta_previous":0.0,"green_cover_delta_previous":0.0,"mobility_access_delta_previous":0.0,"bike_activity_delta_previous":0.0,"air_quality_delta_previous":0.0,"opportunity_access_delta_previous":0.0,"fairness_context_delta_previous":0.0,"deprivation_weighted_opportunity_delta_previous":0.0,"dominant_change":"stable","confidence":"medium","evidence":["OpenStreetMap building export clipped to Belfast NI core","250m-style grid proxy generated from local spatial anchors","Local raster source available for satellite/NDVI review"]},"geometry":{"type":"Polygon","coordinates":[[[-5.996666666666667,54.580000000000005],[-5.98,54.580000000000005],[-5.98,54.595000000000006],[-5.996666666666667,54.595000000000006],[-5.996666666666667,54.580000000000005]]]}},{"type":"Feature","id":"belfast_04_06_2016","properties":{"cell_id":"belfast_04_06","year":2016,"row":4,"col":6,"development_pressure":0.348,"planning_intensity":0.197,"green_cover":0.617,"mobility_access":0.605,"bike_activity":0.215,"air_quality":0.633,"opportunity_access":0.634,"fairness_context":0.882,"deprivation_weighted_opportunity":0.615,"development_pressure_delta_2016":0.0,"planning_intensity_delta_2016":0.0,"green_cover_delta_2016":0.0,"mobility_access_delta_2016":0.0,"bike_activity_delta_2016":0.0,"air_quality_delta_2016":0.0,"opportunity_access_delta_2016":0.0,"fairness_context_delta_2016":0.0,"deprivation_weighted_opportunity_delta_2016":0.0,"development_pressure_delta_previous":0.0,"planning_intensity_delta_previous":0.0,"green_cover_delta_previous":0.0,"mobility_access_delta_previous":0.0,"bike_activity_delta_previous":0.0,"air_quality_delta_previous":0.0,"opportunity_access_delta_previous":0.0,"fairness_context_delta_previous":0.0,"deprivation_weighted_opportunity_delta_previous":0.0,"dominant_change":"stable","confidence":"high","evidence":["OpenStreetMap building export clipped to Belfast NI core","250m-style grid proxy generated from local spatial anchors","Local raster source available for satellite/NDVI review"]},"geometry":{"type":"Polygon","coordinates":[[[-5.98,54.580000000000005],[-5.963333333333334,54.580000000000005],[-5.963333333333334,54.595000000000006],[-5.98,54.595000000000006],[-5.98,54.580000000000005]]]}},{"type":"Feature","id":"belfast_04_07_2016","properties":{"cell_id":"belfast_04_07","year":2016,"row":4,"col":7,"development_pressure":0.476,"planning_intensity":0.297,"green_cover":0.721,"mobility_access":0.74,"bike_activity":0.265,"air_quality":0.625,"opportunity_access":0.733,"fairness_context":0.699,"deprivation_weighted_opportunity":0.676,"development_pressure_delta_2016":0.0,"planning_intensity_delta_2016":0.0,"green_cover_delta_2016":0.0,"mobility_access_delta_2016":0.0,"bike_activity_delta_2016":0.0,"air_quality_delta_2016":0.0,"opportunity_access_delta_2016":0.0,"fairness_context_delta_2016":0.0,"deprivation_weighted_opportunity_delta_2016":0.0,"development_pressure_delta_previous":0.0,"planning_intensity_delta_previous":0.0,"green_cover_delta_previous":0.0,"mobility_access_delta_previous":0.0,"bike_activity_delta_previous":0.0,"air_quality_delta_previous":0.0,"opportunity_access_delta_previous":0.0,"fairness_context_delta_previous":0.0,"deprivation_weighted_opportunity_delta_previous":0.0,"dominant_change":"stable","confidence":"high","evidence":["OpenStreetMap building export clipped to Belfast NI core","250m-style grid proxy generated from local spatial anchors","Local raster source available for satellite/NDVI review"]},"geometry":{"type":"Polygon","coordinates":[[[-5.963333333333334,54.580000000000005],[-5.946666666666667,54.580000000000005],[-5.946666666666667,54.595000000000006],[-5.963333333333334,54.595000000000006],[-5.963333333333334,54.580000000000005]]]}},{"type":"Feature","id":"belfast_04_08_2016","properties":{"cell_id":"belfast_04_08","year":2016,"row":4,"col":8,"development_pressure":0.574,"planning_intensity":0.412,"green_cover":0.726,"mobility_access":0.708,"bike_activity":0.287,"air_quality":0.604,"opportunity_access":0.739,"fairness_context":0.476,"deprivation_weighted_opportunity":0.638,"development_pressure_delta_2016":0.0,"planning_intensity_delta_2016":0.0,"green_cover_delta_2016":0.0,"mobility_access_delta_2016":0.0,"bike_activity_delta_2016":0.0,"air_quality_delta_2016":0.0,"opportunity_access_delta_2016":0.0,"fairness_context_delta_2016":0.0,"deprivation_weighted_opportunity_delta_2016":0.0,"development_pressure_delta_previous":0.0,"planning_intensity_delta_previous":0.0,"green_cover_delta_previous":0.0,"mobility_access_delta_previous":0.0,"bike_activity_delta_previous":0.0,"air_quality_delta_previous":0.0,"opportunity_access_delta_previous":0.0,"fairness_context_delta_previous":0.0,"deprivation_weighted_opportunity_delta_previous":0.0,"dominant_change":"stable","confidence":"high","evidence":["OpenStreetMap building export clipped to Belfast NI core","250m-style grid proxy generated from local spatial anchors","Local raster source available for satellite/NDVI review"]},"geometry":{"type":"Polygon","coordinates":[[[-5.946666666666667,54.580000000000005],[-5.930000000000001,54.580000000000005],[-5.930000000000001,54.595000000000006],[-5.946666666666667,54.595000000000006],[-5.946666666666667,54.580000000000005]]]}},{"type":"Feature","id":"belfast_04_09_2016","properties":{"cell_id":"belfast_04_09","year":2016,"row":4,"col":9,"development_pressure":0.588,"planning_intensity":0.434,"green_cover":0.624,"mobility_access":0.672,"bike_activity":0.247,"air_quality":0.581,"opportunity_access":0.704,"fairness_context":0.338,"deprivation_weighted_opportunity":0.583,"development_pressure_delta_2016":0.0,"planning_intensity_delta_2016":0.0,"green_cover_delta_2016":0.0,"mobility_access_delta_2016":0.0,"bike_activity_delta_2016":0.0,"air_quality_delta_2016":0.0,"opportunity_access_delta_2016":0.0,"fairness_context_delta_2016":0.0,"deprivation_weighted_opportunity_delta_2016":0.0,"development_pressure_delta_previous":0.0,"planning_intensity_delta_previous":0.0,"green_cover_delta_previous":0.0,"mobility_access_delta_previous":0.0,"bike_activity_delta_previous":0.0,"air_quality_delta_previous":0.0,"opportunity_access_delta_previous":0.0,"fairness_context_delta_previous":0.0,"deprivation_weighted_opportunity_delta_previous":0.0,"dominant_change":"stable","confidence":"high","evidence":["OpenStreetMap building export clipped to Belfast NI core","250m-style grid proxy generated from local spatial anchors","Local raster source available for satellite/NDVI review"]},"geometry":{"type":"Polygon","coordinates":[[[-5.93,54.580000000000005],[-5.913333333333333,54.580000000000005],[-5.913333333333333,54.595000000000006],[-5.93,54.595000000000006],[-5.93,54.580000000000005]]]}},{"type":"Feature","id":"belfast_04_10_2016","properties":{"cell_id":"belfast_04_10","year":2016,"row":4,"col":10,"development_pressure":0.551,"planning_intensity":0.367,"green_cover":0.592,"mobility_access":0.632,"bike_activity":0.233,"air_quality":0.587,"opportunity_access":0.658,"fairness_context":0.216,"deprivation_weighted_opportunity":0.524,"development_pressure_delta_2016":0.0,"planning_intensity_delta_2016":0.0,"green_cover_delta_2016":0.0,"mobility_access_delta_2016":0.0,"bike_activity_delta_2016":0.0,"air_quality_delta_2016":0.0,"opportunity_access_delta_2016":0.0,"fairness_context_delta_2016":0.0,"deprivation_weighted_opportunity_delta_2016":0.0,"development_pressure_delta_previous":0.0,"planning_intensity_delta_previous":0.0,"green_cover_delta_previous":0.0,"mobility_access_delta_previous":0.0,"bike_activity_delta_previous":0.0,"air_quality_delta_previous":0.0,"opportunity_access_delta_previous":0.0,"fairness_context_delta_previous":0.0,"deprivation_weighted_opportunity_delta_previous":0.0,"dominant_change":"stable","confidence":"high","evidence":["OpenStreetMap building export clipped to Belfast NI core","250m-style grid proxy generated from local spatial anchors","Local raster source available for satellite/NDVI review"]},"geometry":{"type":"Polygon","coordinates":[[[-5.913333333333333,54.580000000000005],[-5.8966666666666665,54.580000000000005],[-5.8966666666666665,54.595000000000006],[-5.913333333333333,54.595000000000006],[-5.913333333333333,54.580000000000005]]]}},{"type":"Feature","id":"belfast_04_11_2016","properties":{"cell_id":"belfast_04_11","year":2016,"row":4,"col":11,"development_pressure":0.438,"planning_intensity":0.264,"green_cover":0.601,"mobility_access":0.522,"bike_activity":0.206,"air_quality":0.616,"opportunity_access":0.589,"fairness_context":0.202,"deprivation_weighted_opportunity":0.467,"development_pressure_delta_2016":0.0,"planning_intensity_delta_2016":0.0,"green_cover_delta_2016":0.0,"mobility_access_delta_2016":0.0,"bike_activity_delta_2016":0.0,"air_quality_delta_2016":0.0,"opportunity_access_delta_2016":0.0,"fairness_context_delta_2016":0.0,"deprivation_weighted_opportunity_delta_2016":0.0,"development_pressure_delta_previous":0.0,"planning_intensity_delta_previous":0.0,"green_cover_delta_previous":0.0,"mobility_access_delta_previous":0.0,"bike_activity_delta_previous":0.0,"air_quality_delta_previous":0.0,"opportunity_access_delta_previous":0.0,"fairness_context_delta_previous":0.0,"deprivation_weighted_opportunity_delta_previous":0.0,"dominant_change":"stable","confidence":"medium","evidence":["OpenStreetMap building export clipped to Belfast NI core","250m-style grid proxy generated from local spatial anchors","Local raster source available for satellite/NDVI review"]},"geometry":{"type":"Polygon","coordinates":[[[-5.8966666666666665,54.580000000000005],[-5.88,54.580000000000005],[-5.88,54.595000000000006],[-5.8966666666666665,54.595000000000006],[-5.8966666666666665,54.580000000000005]]]}},{"type":"Feature","id":"belfast_04_12_2016","properties":{"cell_id":"belfast_04_12","year":2016,"row":4,"col":12,"development_pressure":0.325,"planning_intensity":0.201,"green_cover":0.55,"mobility_access":0.381,"bike_activity":0.148,"air_quality":0.633,"opportunity_access":0.493,"fairness_context":0.124,"deprivation_weighted_opportunity":0.381,"development_pressure_delta_2016":0.0,"planning_intensity_delta_2016":0.0,"green_cover_delta_2016":0.0,"mobility_access_delta_2016":0.0,"bike_activity_delta_2016":0.0,"air_quality_delta_2016":0.0,"opportunity_access_delta_2016":0.0,"fairness_context_delta_2016":0.0,"deprivation_weighted_opportunity_delta_2016":0.0,"development_pressure_delta_previous":0.0,"planning_intensity_delta_previous":0.0,"green_cover_delta_previous":0.0,"mobility_access_delta_previous":0.0,"bike_activity_delta_previous":0.0,"air_quality_delta_previous":0.0,"opportunity_access_delta_previous":0.0,"fairness_context_delta_previous":0.0,"deprivation_weighted_opportunity_delta_previous":0.0,"dominant_change":"stable","confidence":"medium","evidence":["OpenStreetMap building export clipped to Belfast NI core","250m-style grid proxy generated from local spatial anchors","Local raster source available for satellite/NDVI review"]},"geometry":{"type":"Polygon","coordinates":[[[-5.88,54.580000000000005],[-5.863333333333333,54.580000000000005],[-5.863333333333333,54.595000000000006],[-5.88,54.595000000000006],[-5.88,54.580000000000005]]]}},{"type":"Feature","id":"belfast_04_13_2016","properties":{"cell_id":"belfast_04_13","year":2016,"row":4,"col":13,"development_pressure":0.211,"planning_intensity":0.135,"green_cover":0.473,"mobility_access":0.235,"bike_activity":0.082,"air_quality":0.645,"opportunity_access":0.39,"fairness_context":0.0,"deprivation_weighted_opportunity":0.288,"development_pressure_delta_2016":0.0,"planning_intensity_delta_2016":0.0,"green_cover_delta_2016":0.0,"mobility_access_delta_2016":0.0,"bike_activity_delta_2016":0.0,"air_quality_delta_2016":0.0,"opportunity_access_delta_2016":0.0,"fairness_context_delta_2016":0.0,"deprivation_weighted_opportunity_delta_2016":0.0,"development_pressure_delta_previous":0.0,"planning_intensity_delta_previous":0.0,"green_cover_delta_previous":0.0,"mobility_access_delta_previous":0.0,"bike_activity_delta_previous":0.0,"air_quality_delta_previous":0.0,"opportunity_access_delta_previous":0.0,"fairness_context_delta_previous":0.0,"deprivation_weighted_opportunity_delta_previous":0.0,"dominant_change":"stable","confidence":"medium","evidence":["OpenStreetMap building export clipped to Belfast NI core","250m-style grid proxy generated from local spatial anchors","Local raster source available for satellite/NDVI review"]},"geometry":{"type":"Polygon","coordinates":[[[-5.863333333333333,54.580000000000005],[-5.846666666666667,54.580000000000005],[-5.846666666666667,54.595000000000006],[-5.863333333333333,54.595000000000006],[-5.863333333333333,54.580000000000005]]]}},{"type":"Feature","id":"belfast_04_14_2016","properties":{"cell_id":"belfast_04_14","year":2016,"row":4,"col":14,"development_pressure":0.11,"planning_intensity":0.068,"green_cover":0.365,"mobility_access":0.2,"bike_activity":0.05,"air_quality":0.645,"opportunity_access":0.341,"fairness_context":0.0,"deprivation_weighted_opportunity":0.252,"development_pressure_delta_2016":0.0,"planning_intensity_delta_2016":0.0,"green_cover_delta_2016":0.0,"mobility_access_delta_2016":0.0,"bike_activity_delta_2016":0.0,"air_quality_delta_2016":0.0,"opportunity_access_delta_2016":0.0,"fairness_context_delta_2016":0.0,"deprivation_weighted_opportunity_delta_2016":0.0,"development_pressure_delta_previous":0.0,"planning_intensity_delta_previous":0.0,"green_cover_delta_previous":0.0,"mobility_access_delta_previous":0.0,"bike_activity_delta_previous":0.0,"air_quality_delta_previous":0.0,"opportunity_access_delta_previous":0.0,"fairness_context_delta_previous":0.0,"deprivation_weighted_opportunity_delta_previous":0.0,"dominant_change":"stable","confidence":"medium","evidence":["OpenStreetMap building export clipped to Belfast NI core","250m-style grid proxy generated from local spatial anchors","Local raster source available for satellite/NDVI review"]},"geometry":{"type":"Polygon","coordinates":[[[-5.846666666666667,54.580000000000005],[-5.83,54.580000000000005],[-5.83,54.595000000000006],[-5.846666666666667,54.595000000000006],[-5.846666666666667,54.580000000000005]]]}},{"type":"Feature","id":"belfast_04_15_2016","properties":{"cell_id":"belfast_04_15","year":2016,"row":4,"col":15,"development_pressure":0.109,"planning_intensity":0.065,"green_cover":0.324,"mobility_access":0.2,"bike_activity":0.05,"air_quality":0.637,"opportunity_access":0.334,"fairness_context":0.0,"deprivation_weighted_opportunity":0.247,"development_pressure_delta_2016":0.0,"planning_intensity_delta_2016":0.0,"green_cover_delta_2016":0.0,"mobility_access_delta_2016":0.0,"bike_activity_delta_2016":0.0,"air_quality_delta_2016":0.0,"opportunity_access_delta_2016":0.0,"fairness_context_delta_2016":0.0,"deprivation_weighted_opportunity_delta_2016":0.0,"development_pressure_delta_previous":0.0,"planning_intensity_delta_previous":0.0,"green_cover_delta_previous":0.0,"mobility_access_delta_previous":0.0,"bike_activity_delta_previous":0.0,"air_quality_delta_previous":0.0,"opportunity_access_delta_previous":0.0,"fairness_context_delta_previous":0.0,"deprivation_weighted_opportunity_delta_previous":0.0,"dominant_change":"stable","confidence":"medium","evidence":["OpenStreetMap building export clipped to Belfast NI core","250m-style grid proxy generated from local spatial anchors","Local raster source available for satellite/NDVI review"]},"geometry":{"type":"Polygon","coordinates":[[[-5.83,54.580000000000005],[-5.8133333333333335,54.580000000000005],[-5.8133333333333335,54.595000000000006],[-5.83,54.595000000000006],[-5.83,54.580000000000005]]]}},{"type":"Feature","id":"belfast_04_16_2016","properties":{"cell_id":"belfast_04_16","year":2016,"row":4,"col":16,"development_pressure":0.13,"planning_intensity":0.075,"green_cover":0.295,"mobility_access":0.2,"bike_activity":0.05,"air_quality":0.628,"opportunity_access":0.327,"fairness_context":0.0,"deprivation_weighted_opportunity":0.242,"development_pressure_delta_2016":0.0,"planning_intensity_delta_2016":0.0,"green_cover_delta_2016":0.0,"mobility_access_delta_2016":0.0,"bike_activity_delta_2016":0.0,"air_quality_delta_2016":0.0,"opportunity_access_delta_2016":0.0,"fairness_context_delta_2016":0.0,"deprivation_weighted_opportunity_delta_2016":0.0,"development_pressure_delta_previous":0.0,"planning_intensity_delta_previous":0.0,"green_cover_delta_previous":0.0,"mobility_access_delta_previous":0.0,"bike_activity_delta_previous":0.0,"air_quality_delta_previous":0.0,"opportunity_access_delta_previous":0.0,"fairness_context_delta_previous":0.0,"deprivation_weighted_opportunity_delta_previous":0.0,"dominant_change":"stable","confidence":"medium","evidence":["OpenStreetMap building export clipped to Belfast NI core","250m-style grid proxy generated from local spatial anchors","Local raster source available for satellite/NDVI review"]},"geometry":{"type":"Polygon","coordinates":[[[-5.8133333333333335,54.580000000000005],[-5.796666666666667,54.580000000000005],[-5.796666666666667,54.595000000000006],[-5.8133333333333335,54.595000000000006],[-5.8133333333333335,54.580000000000005]]]}},{"type":"Feature","id":"belfast_04_17_2016","properties":{"cell_id":"belfast_04_17","year":2016,"row":4,"col":17,"development_pressure":0.155,"planning_intensity":0.088,"green_cover":0.287,"mobility_access":0.2,"bike_activity":0.05,"air_quality":0.622,"opportunity_access":0.323,"fairness_context":0.0,"deprivation_weighted_opportunity":0.239,"development_pressure_delta_2016":0.0,"planning_intensity_delta_2016":0.0,"green_cover_delta_2016":0.0,"mobility_access_delta_2016":0.0,"bike_activity_delta_2016":0.0,"air_quality_delta_2016":0.0,"opportunity_access_delta_2016":0.0,"fairness_context_delta_2016":0.0,"deprivation_weighted_opportunity_delta_2016":0.0,"development_pressure_delta_previous":0.0,"planning_intensity_delta_previous":0.0,"green_cover_delta_previous":0.0,"mobility_access_delta_previous":0.0,"bike_activity_delta_previous":0.0,"air_quality_delta_previous":0.0,"opportunity_access_delta_previous":0.0,"fairness_context_delta_previous":0.0,"deprivation_weighted_opportunity_delta_previous":0.0,"dominant_change":"stable","confidence":"medium","evidence":["OpenStreetMap building export clipped to Belfast NI core","250m-style grid proxy generated from local spatial anchors","Local raster source available for satellite/NDVI review"]},"geometry":{"type":"Polygon","coordinates":[[[-5.796666666666667,54.580000000000005],[-5.78,54.580000000000005],[-5.78,54.595000000000006],[-5.796666666666667,54.595000000000006],[-5.796666666666667,54.580000000000005]]]}},{"type":"Feature","id":"belfast_05_00_2016","properties":{"cell_id":"belfast_05_00","year":2016,"row":5,"col":0,"development_pressure":0.128,"planning_intensity":0.074,"green_cover":0.338,"mobility_access":0.2,"bike_activity":0.05,"air_quality":0.637,"opportunity_access":0.335,"fairness_context":0.0,"deprivation_weighted_opportunity":0.248,"development_pressure_delta_2016":0.0,"planning_intensity_delta_2016":0.0,"green_cover_delta_2016":0.0,"mobility_access_delta_2016":0.0,"bike_activity_delta_2016":0.0,"air_quality_delta_2016":0.0,"opportunity_access_delta_2016":0.0,"fairness_context_delta_2016":0.0,"deprivation_weighted_opportunity_delta_2016":0.0,"development_pressure_delta_previous":0.0,"planning_intensity_delta_previous":0.0,"green_cover_delta_previous":0.0,"mobility_access_delta_previous":0.0,"bike_activity_delta_previous":0.0,"air_quality_delta_previous":0.0,"opportunity_access_delta_previous":0.0,"fairness_context_delta_previous":0.0,"deprivation_weighted_opportunity_delta_previous":0.0,"dominant_change":"stable","confidence":"medium","evidence":["OpenStreetMap building export clipped to Belfast NI core","250m-style grid proxy generated from local spatial anchors","Local raster source available for satellite/NDVI review"]},"geometry":{"type":"Polygon","coordinates":[[[-6.08,54.595000000000006],[-6.0633333333333335,54.595000000000006],[-6.0633333333333335,54.61000000000001],[-6.08,54.61000000000001],[-6.08,54.595000000000006]]]}},{"type":"Feature","id":"belfast_05_01_2016","properties":{"cell_id":"belfast_05_01","year":2016,"row":5,"col":1,"development_pressure":0.108,"planning_intensity":0.064,"green_cover":0.353,"mobility_access":0.2,"bike_activity":0.05,"air_quality":0.643,"opportunity_access":0.339,"fairness_context":0.0,"deprivation_weighted_opportunity":0.251,"development_pressure_delta_2016":0.0,"planning_intensity_delta_2016":0.0,"green_cover_delta_2016":0.0,"mobility_access_delta_2016":0.0,"bike_activity_delta_2016":0.0,"air_quality_delta_2016":0.0,"opportunity_access_delta_2016":0.0,"fairness_context_delta_2016":0.0,"deprivation_weighted_opportunity_delta_2016":0.0,"development_pressure_delta_previous":0.0,"planning_intensity_delta_previous":0.0,"green_cover_delta_previous":0.0,"mobility_access_delta_previous":0.0,"bike_activity_delta_previous":0.0,"air_quality_delta_previous":0.0,"opportunity_access_delta_previous":0.0,"fairness_context_delta_previous":0.0,"deprivation_weighted_opportunity_delta_previous":0.0,"dominant_change":"stable","confidence":"medium","evidence":["OpenStreetMap building export clipped to Belfast NI core","250m-style grid proxy generated from local spatial anchors","Local raster source available for satellite/NDVI review"]},"geometry":{"type":"Polygon","coordinates":[[[-6.0633333333333335,54.595000000000006],[-6.046666666666667,54.595000000000006],[-6.046666666666667,54.61000000000001],[-6.0633333333333335,54.61000000000001],[-6.0633333333333335,54.595000000000006]]]}},{"type":"Feature","id":"belfast_05_02_2016","properties":{"cell_id":"belfast_05_02","year":2016,"row":5,"col":2,"development_pressure":0.1,"planning_intensity":0.06,"green_cover":0.349,"mobility_access":0.2,"bike_activity":0.05,"air_quality":0.643,"opportunity_access":0.339,"fairness_context":0.0,"deprivation_weighted_opportunity":0.251,"development_pressure_delta_2016":0.0,"planning_intensity_delta_2016":0.0,"green_cover_delta_2016":0.0,"mobility_access_delta_2016":0.0,"bike_activity_delta_2016":0.0,"air_quality_delta_2016":0.0,"opportunity_access_delta_2016":0.0,"fairness_context_delta_2016":0.0,"deprivation_weighted_opportunity_delta_2016":0.0,"development_pressure_delta_previous":0.0,"planning_intensity_delta_previous":0.0,"green_cover_delta_previous":0.0,"mobility_access_delta_previous":0.0,"bike_activity_delta_previous":0.0,"air_quality_delta_previous":0.0,"opportunity_access_delta_previous":0.0,"fairness_context_delta_previous":0.0,"deprivation_weighted_opportunity_delta_previous":0.0,"dominant_change":"stable","confidence":"medium","evidence":["OpenStreetMap building export clipped to Belfast NI core","250m-style grid proxy generated from local spatial anchors","Local raster source available for satellite/NDVI review"]},"geometry":{"type":"Polygon","coordinates":[[[-6.046666666666667,54.595000000000006],[-6.03,54.595000000000006],[-6.03,54.61000000000001],[-6.046666666666667,54.61000000000001],[-6.046666666666667,54.595000000000006]]]}},{"type":"Feature","id":"belfast_05_03_2016","properties":{"cell_id":"belfast_05_03","year":2016,"row":5,"col":3,"development_pressure":0.107,"planning_intensity":0.064,"green_cover":0.446,"mobility_access":0.2,"bike_activity":0.05,"air_quality":0.662,"opportunity_access":0.356,"fairness_context":0.195,"deprivation_weighted_opportunity":0.281,"development_pressure_delta_2016":0.0,"planning_intensity_delta_2016":0.0,"green_cover_delta_2016":0.0,"mobility_access_delta_2016":0.0,"bike_activity_delta_2016":0.0,"air_quality_delta_2016":0.0,"opportunity_access_delta_2016":0.0,"fairness_context_delta_2016":0.0,"deprivation_weighted_opportunity_delta_2016":0.0,"development_pressure_delta_previous":0.0,"planning_intensity_delta_previous":0.0,"green_cover_delta_previous":0.0,"mobility_access_delta_previous":0.0,"bike_activity_delta_previous":0.0,"air_quality_delta_previous":0.0,"opportunity_access_delta_previous":0.0,"fairness_context_delta_previous":0.0,"deprivation_weighted_opportunity_delta_previous":0.0,"dominant_change":"stable","confidence":"medium","evidence":["OpenStreetMap building export clipped to Belfast NI core","250m-style grid proxy generated from local spatial anchors","Local raster source available for satellite/NDVI review"]},"geometry":{"type":"Polygon","coordinates":[[[-6.03,54.595000000000006],[-6.013333333333334,54.595000000000006],[-6.013333333333334,54.61000000000001],[-6.03,54.61000000000001],[-6.03,54.595000000000006]]]}},{"type":"Feature","id":"belfast_05_04_2016","properties":{"cell_id":"belfast_05_04","year":2016,"row":5,"col":4,"development_pressure":0.145,"planning_intensity":0.074,"green_cover":0.551,"mobility_access":0.229,"bike_activity":0.066,"air_quality":0.67,"opportunity_access":0.41,"fairness_context":0.37,"deprivation_weighted_opportunity":0.343,"development_pressure_delta_2016":0.0,"planning_intensity_delta_2016":0.0,"green_cover_delta_2016":0.0,"mobility_access_delta_2016":0.0,"bike_activity_delta_2016":0.0,"air_quality_delta_2016":0.0,"opportunity_access_delta_2016":0.0,"fairness_context_delta_2016":0.0,"deprivation_weighted_opportunity_delta_2016":0.0,"development_pressure_delta_previous":0.0,"planning_intensity_delta_previous":0.0,"green_cover_delta_previous":0.0,"mobility_access_delta_previous":0.0,"bike_activity_delta_previous":0.0,"air_quality_delta_previous":0.0,"opportunity_access_delta_previous":0.0,"fairness_context_delta_previous":0.0,"deprivation_weighted_opportunity_delta_previous":0.0,"dominant_change":"stable","confidence":"medium","evidence":["OpenStreetMap building export clipped to Belfast NI core","250m-style grid proxy generated from local spatial anchors","Local raster source available for satellite/NDVI review"]},"geometry":{"type":"Polygon","coordinates":[[[-6.013333333333334,54.595000000000006],[-5.996666666666667,54.595000000000006],[-5.996666666666667,54.61000000000001],[-6.013333333333334,54.61000000000001],[-6.013333333333334,54.595000000000006]]]}},{"type":"Feature","id":"belfast_05_05_2016","properties":{"cell_id":"belfast_05_05","year":2016,"row":5,"col":5,"development_pressure":0.275,"planning_intensity":0.149,"green_cover":0.664,"mobility_access":0.374,"bike_activity":0.115,"air_quality":0.662,"opportunity_access":0.519,"fairness_context":0.52,"deprivation_weighted_opportunity":0.454,"development_pressure_delta_2016":0.0,"planning_intensity_delta_2016":0.0,"green_cover_delta_2016":0.0,"mobility_access_delta_2016":0.0,"bike_activity_delta_2016":0.0,"air_quality_delta_2016":0.0,"opportunity_access_delta_2016":0.0,"fairness_context_delta_2016":0.0,"deprivation_weighted_opportunity_delta_2016":0.0,"development_pressure_delta_previous":0.0,"planning_intensity_delta_previous":0.0,"green_cover_delta_previous":0.0,"mobility_access_delta_previous":0.0,"bike_activity_delta_previous":0.0,"air_quality_delta_previous":0.0,"opportunity_access_delta_previous":0.0,"fairness_context_delta_previous":0.0,"deprivation_weighted_opportunity_delta_previous":0.0,"dominant_change":"stable","confidence":"medium","evidence":["OpenStreetMap building export clipped to Belfast NI core","250m-style grid proxy generated from local spatial anchors","Local raster source available for satellite/NDVI review"]},"geometry":{"type":"Polygon","coordinates":[[[-5.996666666666667,54.595000000000006],[-5.98,54.595000000000006],[-5.98,54.61000000000001],[-5.996666666666667,54.61000000000001],[-5.996666666666667,54.595000000000006]]]}},{"type":"Feature","id":"belfast_05_06_2016","properties":{"cell_id":"belfast_05_06","year":2016,"row":5,"col":6,"development_pressure":0.41,"planning_intensity":0.231,"green_cover":0.657,"mobility_access":0.509,"bike_activity":0.166,"air_quality":0.63,"opportunity_access":0.601,"fairness_context":0.743,"deprivation_weighted_opportunity":0.561,"development_pressure_delta_2016":0.0,"planning_intensity_delta_2016":0.0,"green_cover_delta_2016":0.0,"mobility_access_delta_2016":0.0,"bike_activity_delta_2016":0.0,"air_quality_delta_2016":0.0,"opportunity_access_delta_2016":0.0,"fairness_context_delta_2016":0.0,"deprivation_weighted_opportunity_delta_2016":0.0,"development_pressure_delta_previous":0.0,"planning_intensity_delta_previous":0.0,"green_cover_delta_previous":0.0,"mobility_access_delta_previous":0.0,"bike_activity_delta_previous":0.0,"air_quality_delta_previous":0.0,"opportunity_access_delta_previous":0.0,"fairness_context_delta_previous":0.0,"deprivation_weighted_opportunity_delta_previous":0.0,"dominant_change":"stable","confidence":"medium","evidence":["OpenStreetMap building export clipped to Belfast NI core","250m-style grid proxy generated from local spatial anchors","Local raster source available for satellite/NDVI review"]},"geometry":{"type":"Polygon","coordinates":[[[-5.98,54.595000000000006],[-5.963333333333334,54.595000000000006],[-5.963333333333334,54.61000000000001],[-5.98,54.61000000000001],[-5.98,54.595000000000006]]]}},{"type":"Feature","id":"belfast_05_07_2016","properties":{"cell_id":"belfast_05_07","year":2016,"row":5,"col":7,"development_pressure":0.531,"planning_intensity":0.314,"green_cover":0.593,"mobility_access":0.599,"bike_activity":0.207,"air_quality":0.588,"opportunity_access":0.655,"fairness_context":0.892,"deprivation_weighted_opportunity":0.636,"development_pressure_delta_2016":0.0,"planning_intensity_delta_2016":0.0,"green_cover_delta_2016":0.0,"mobility_access_delta_2016":0.0,"bike_activity_delta_2016":0.0,"air_quality_delta_2016":0.0,"opportunity_access_delta_2016":0.0,"fairness_context_delta_2016":0.0,"deprivation_weighted_opportunity_delta_2016":0.0,"development_pressure_delta_previous":0.0,"planning_intensity_delta_previous":0.0,"green_cover_delta_previous":0.0,"mobility_access_delta_previous":0.0,"bike_activity_delta_previous":0.0,"air_quality_delta_previous":0.0,"opportunity_access_delta_previous":0.0,"fairness_context_delta_previous":0.0,"deprivation_weighted_opportunity_delta_previous":0.0,"dominant_change":"stable","confidence":"high","evidence":["OpenStreetMap building export clipped to Belfast NI core","250m-style grid proxy generated from local spatial anchors","Local raster source available for satellite/NDVI review"]},"geometry":{"type":"Polygon","coordinates":[[[-5.963333333333334,54.595000000000006],[-5.946666666666667,54.595000000000006],[-5.946666666666667,54.61000000000001],[-5.963333333333334,54.61000000000001],[-5.963333333333334,54.595000000000006]]]}},{"type":"Feature","id":"belfast_05_08_2016","properties":{"cell_id":"belfast_05_08","year":2016,"row":5,"col":8,"development_pressure":0.627,"planning_intensity":0.432,"green_cover":0.573,"mobility_access":0.752,"bike_activity":0.267,"air_quality":0.561,"opportunity_access":0.741,"fairness_context":0.743,"deprivation_weighted_opportunity":0.692,"development_pressure_delta_2016":0.0,"planning_intensity_delta_2016":0.0,"green_cover_delta_2016":0.0,"mobility_access_delta_2016":0.0,"bike_activity_delta_2016":0.0,"air_quality_delta_2016":0.0,"opportunity_access_delta_2016":0.0,"fairness_context_delta_2016":0.0,"deprivation_weighted_opportunity_delta_2016":0.0,"development_pressure_delta_previous":0.0,"planning_intensity_delta_previous":0.0,"green_cover_delta_previous":0.0,"mobility_access_delta_previous":0.0,"bike_activity_delta_previous":0.0,"air_quality_delta_previous":0.0,"opportunity_access_delta_previous":0.0,"fairness_context_delta_previous":0.0,"deprivation_weighted_opportunity_delta_previous":0.0,"dominant_change":"stable","confidence":"high","evidence":["OpenStreetMap building export clipped to Belfast NI core","250m-style grid proxy generated from local spatial anchors","Local raster source available for satellite/NDVI review"]},"geometry":{"type":"Polygon","coordinates":[[[-5.946666666666667,54.595000000000006],[-5.930000000000001,54.595000000000006],[-5.930000000000001,54.61000000000001],[-5.946666666666667,54.61000000000001],[-5.946666666666667,54.595000000000006]]]}},{"type":"Feature","id":"belfast_05_09_2016","properties":{"cell_id":"belfast_05_09","year":2016,"row":5,"col":9,"development_pressure":0.615,"planning_intensity":0.46,"green_cover":0.547,"mobility_access":0.746,"bike_activity":0.3,"air_quality":0.558,"opportunity_access":0.734,"fairness_context":0.548,"deprivation_weighted_opportunity":0.648,"development_pressure_delta_2016":0.0,"planning_intensity_delta_2016":0.0,"green_cover_delta_2016":0.0,"mobility_access_delta_2016":0.0,"bike_activity_delta_2016":0.0,"air_quality_delta_2016":0.0,"opportunity_access_delta_2016":0.0,"fairness_context_delta_2016":0.0,"deprivation_weighted_opportunity_delta_2016":0.0,"development_pressure_delta_previous":0.0,"planning_intensity_delta_previous":0.0,"green_cover_delta_previous":0.0,"mobility_access_delta_previous":0.0,"bike_activity_delta_previous":0.0,"air_quality_delta_previous":0.0,"opportunity_access_delta_previous":0.0,"fairness_context_delta_previous":0.0,"deprivation_weighted_opportunity_delta_previous":0.0,"dominant_change":"stable","confidence":"high","evidence":["OpenStreetMap building export clipped to Belfast NI core","250m-style grid proxy generated from local spatial anchors","Local raster source available for satellite/NDVI review"]},"geometry":{"type":"Polygon","coordinates":[[[-5.93,54.595000000000006],[-5.913333333333333,54.595000000000006],[-5.913333333333333,54.61000000000001],[-5.93,54.61000000000001],[-5.93,54.595000000000006]]]}},{"type":"Feature","id":"belfast_05_10_2016","properties":{"cell_id":"belfast_05_10","year":2016,"row":5,"col":10,"development_pressure":0.589,"planning_intensity":0.419,"green_cover":0.578,"mobility_access":0.743,"bike_activity":0.249,"air_quality":0.576,"opportunity_access":0.707,"fairness_context":0.574,"deprivation_weighted_opportunity":0.629,"development_pressure_delta_2016":0.0,"planning_intensity_delta_2016":0.0,"green_cover_delta_2016":0.0,"mobility_access_delta_2016":0.0,"bike_activity_delta_2016":0.0,"air_quality_delta_2016":0.0,"opportunity_access_delta_2016":0.0,"fairness_context_delta_2016":0.0,"deprivation_weighted_opportunity_delta_2016":0.0,"development_pressure_delta_previous":0.0,"planning_intensity_delta_previous":0.0,"green_cover_delta_previous":0.0,"mobility_access_delta_previous":0.0,"bike_activity_delta_previous":0.0,"air_quality_delta_previous":0.0,"opportunity_access_delta_previous":0.0,"fairness_context_delta_previous":0.0,"deprivation_weighted_opportunity_delta_previous":0.0,"dominant_change":"stable","confidence":"high","evidence":["OpenStreetMap building export clipped to Belfast NI core","250m-style grid proxy generated from local spatial anchors","Local raster source available for satellite/NDVI review"]},"geometry":{"type":"Polygon","coordinates":[[[-5.913333333333333,54.595000000000006],[-5.8966666666666665,54.595000000000006],[-5.8966666666666665,54.61000000000001],[-5.913333333333333,54.61000000000001],[-5.913333333333333,54.595000000000006]]]}},{"type":"Feature","id":"belfast_05_11_2016","properties":{"cell_id":"belfast_05_11","year":2016,"row":5,"col":11,"development_pressure":0.505,"planning_intensity":0.328,"green_cover":0.566,"mobility_access":0.608,"bike_activity":0.217,"air_quality":0.597,"opportunity_access":0.618,"fairness_context":0.549,"deprivation_weighted_opportunity":0.546,"development_pressure_delta_2016":0.0,"planning_intensity_delta_2016":0.0,"green_cover_delta_2016":0.0,"mobility_access_delta_2016":0.0,"bike_activity_delta_2016":0.0,"air_quality_delta_2016":0.0,"opportunity_access_delta_2016":0.0,"fairness_context_delta_2016":0.0,"deprivation_weighted_opportunity_delta_2016":0.0,"development_pressure_delta_previous":0.0,"planning_intensity_delta_previous":0.0,"green_cover_delta_previous":0.0,"mobility_access_delta_previous":0.0,"bike_activity_delta_previous":0.0,"air_quality_delta_previous":0.0,"opportunity_access_delta_previous":0.0,"fairness_context_delta_previous":0.0,"deprivation_weighted_opportunity_delta_previous":0.0,"dominant_change":"stable","confidence":"high","evidence":["OpenStreetMap building export clipped to Belfast NI core","250m-style grid proxy generated from local spatial anchors","Local raster source available for satellite/NDVI review"]},"geometry":{"type":"Polygon","coordinates":[[[-5.8966666666666665,54.595000000000006],[-5.88,54.595000000000006],[-5.88,54.61000000000001],[-5.8966666666666665,54.61000000000001],[-5.8966666666666665,54.595000000000006]]]}},{"type":"Feature","id":"belfast_05_12_2016","properties":{"cell_id":"belfast_05_12","year":2016,"row":5,"col":12,"development_pressure":0.385,"planning_intensity":0.255,"green_cover":0.528,"mobility_access":0.44,"bike_activity":0.154,"air_quality":0.618,"opportunity_access":0.513,"fairness_context":0.422,"deprivation_weighted_opportunity":0.436,"development_pressure_delta_2016":0.0,"planning_intensity_delta_2016":0.0,"green_cover_delta_2016":0.0,"mobility_access_delta_2016":0.0,"bike_activity_delta_2016":0.0,"air_quality_delta_2016":0.0,"opportunity_access_delta_2016":0.0,"fairness_context_delta_2016":0.0,"deprivation_weighted_opportunity_delta_2016":0.0,"development_pressure_delta_previous":0.0,"planning_intensity_delta_previous":0.0,"green_cover_delta_previous":0.0,"mobility_access_delta_previous":0.0,"bike_activity_delta_previous":0.0,"air_quality_delta_previous":0.0,"opportunity_access_delta_previous":0.0,"fairness_context_delta_previous":0.0,"deprivation_weighted_opportunity_delta_previous":0.0,"dominant_change":"stable","confidence":"medium","evidence":["OpenStreetMap building export clipped to Belfast NI core","250m-style grid proxy generated from local spatial anchors","Local raster source available for satellite/NDVI review"]},"geometry":{"type":"Polygon","coordinates":[[[-5.88,54.595000000000006],[-5.863333333333333,54.595000000000006],[-5.863333333333333,54.61000000000001],[-5.88,54.61000000000001],[-5.88,54.595000000000006]]]}},{"type":"Feature","id":"belfast_05_13_2016","properties":{"cell_id":"belfast_05_13","year":2016,"row":5,"col":13,"development_pressure":0.275,"planning_intensity":0.185,"green_cover":0.455,"mobility_access":0.266,"bike_activity":0.086,"air_quality":0.63,"opportunity_access":0.397,"fairness_context":0.242,"deprivation_weighted_opportunity":0.319,"development_pressure_delta_2016":0.0,"planning_intensity_delta_2016":0.0,"green_cover_delta_2016":0.0,"mobility_access_delta_2016":0.0,"bike_activity_delta_2016":0.0,"air_quality_delta_2016":0.0,"opportunity_access_delta_2016":0.0,"fairness_context_delta_2016":0.0,"deprivation_weighted_opportunity_delta_2016":0.0,"development_pressure_delta_previous":0.0,"planning_intensity_delta_previous":0.0,"green_cover_delta_previous":0.0,"mobility_access_delta_previous":0.0,"bike_activity_delta_previous":0.0,"air_quality_delta_previous":0.0,"opportunity_access_delta_previous":0.0,"fairness_context_delta_previous":0.0,"deprivation_weighted_opportunity_delta_previous":0.0,"dominant_change":"stable","confidence":"medium","evidence":["OpenStreetMap building export clipped to Belfast NI core","250m-style grid proxy generated from local spatial anchors","Local raster source available for satellite/NDVI review"]},"geometry":{"type":"Polygon","coordinates":[[[-5.863333333333333,54.595000000000006],[-5.846666666666667,54.595000000000006],[-5.846666666666667,54.61000000000001],[-5.863333333333333,54.61000000000001],[-5.863333333333333,54.595000000000006]]]}},{"type":"Feature","id":"belfast_05_14_2016","properties":{"cell_id":"belfast_05_14","year":2016,"row":5,"col":14,"development_pressure":0.185,"planning_intensity":0.12,"green_cover":0.347,"mobility_access":0.2,"bike_activity":0.05,"air_quality":0.63,"opportunity_access":0.332,"fairness_context":0.039,"deprivation_weighted_opportunity":0.249,"development_pressure_delta_2016":0.0,"planning_intensity_delta_2016":0.0,"green_cover_delta_2016":0.0,"mobility_access_delta_2016":0.0,"bike_activity_delta_2016":0.0,"air_quality_delta_2016":0.0,"opportunity_access_delta_2016":0.0,"fairness_context_delta_2016":0.0,"deprivation_weighted_opportunity_delta_2016":0.0,"development_pressure_delta_previous":0.0,"planning_intensity_delta_previous":0.0,"green_cover_delta_previous":0.0,"mobility_access_delta_previous":0.0,"bike_activity_delta_previous":0.0,"air_quality_delta_previous":0.0,"opportunity_access_delta_previous":0.0,"fairness_context_delta_previous":0.0,"deprivation_weighted_opportunity_delta_previous":0.0,"dominant_change":"stable","confidence":"medium","evidence":["OpenStreetMap building export clipped to Belfast NI core","250m-style grid proxy generated from local spatial anchors","Local raster source available for satellite/NDVI review"]},"geometry":{"type":"Polygon","coordinates":[[[-5.846666666666667,54.595000000000006],[-5.83,54.595000000000006],[-5.83,54.61000000000001],[-5.846666666666667,54.61000000000001],[-5.846666666666667,54.595000000000006]]]}},{"type":"Feature","id":"belfast_05_15_2016","properties":{"cell_id":"belfast_05_15","year":2016,"row":5,"col":15,"development_pressure":0.152,"planning_intensity":0.086,"green_cover":0.317,"mobility_access":0.2,"bike_activity":0.05,"air_quality":0.629,"opportunity_access":0.329,"fairness_context":0.0,"deprivation_weighted_opportunity":0.243,"development_pressure_delta_2016":0.0,"planning_intensity_delta_2016":0.0,"green_cover_delta_2016":0.0,"mobility_access_delta_2016":0.0,"bike_activity_delta_2016":0.0,"air_quality_delta_2016":0.0,"opportunity_access_delta_2016":0.0,"fairness_context_delta_2016":0.0,"deprivation_weighted_opportunity_delta_2016":0.0,"development_pressure_delta_previous":0.0,"planning_intensity_delta_previous":0.0,"green_cover_delta_previous":0.0,"mobility_access_delta_previous":0.0,"bike_activity_delta_previous":0.0,"air_quality_delta_previous":0.0,"opportunity_access_delta_previous":0.0,"fairness_context_delta_previous":0.0,"deprivation_weighted_opportunity_delta_previous":0.0,"dominant_change":"stable","confidence":"medium","evidence":["OpenStreetMap building export clipped to Belfast NI core","250m-style grid proxy generated from local spatial anchors","Local raster source available for satellite/NDVI review"]},"geometry":{"type":"Polygon","coordinates":[[[-5.83,54.595000000000006],[-5.8133333333333335,54.595000000000006],[-5.8133333333333335,54.61000000000001],[-5.83,54.61000000000001],[-5.83,54.595000000000006]]]}},{"type":"Feature","id":"belfast_05_16_2016","properties":{"cell_id":"belfast_05_16","year":2016,"row":5,"col":16,"development_pressure":0.172,"planning_intensity":0.096,"green_cover":0.288,"mobility_access":0.2,"bike_activity":0.05,"air_quality":0.62,"opportunity_access":0.322,"fairness_context":0.0,"deprivation_weighted_opportunity":0.238,"development_pressure_delta_2016":0.0,"planning_intensity_delta_2016":0.0,"green_cover_delta_2016":0.0,"mobility_access_delta_2016":0.0,"bike_activity_delta_2016":0.0,"air_quality_delta_2016":0.0,"opportunity_access_delta_2016":0.0,"fairness_context_delta_2016":0.0,"deprivation_weighted_opportunity_delta_2016":0.0,"development_pressure_delta_previous":0.0,"planning_intensity_delta_previous":0.0,"green_cover_delta_previous":0.0,"mobility_access_delta_previous":0.0,"bike_activity_delta_previous":0.0,"air_quality_delta_previous":0.0,"opportunity_access_delta_previous":0.0,"fairness_context_delta_previous":0.0,"deprivation_weighted_opportunity_delta_previous":0.0,"dominant_change":"stable","confidence":"medium","evidence":["OpenStreetMap building export clipped to Belfast NI core","250m-style grid proxy generated from local spatial anchors","Local raster source available for satellite/NDVI review"]},"geometry":{"type":"Polygon","coordinates":[[[-5.8133333333333335,54.595000000000006],[-5.796666666666667,54.595000000000006],[-5.796666666666667,54.61000000000001],[-5.8133333333333335,54.61000000000001],[-5.8133333333333335,54.595000000000006]]]}},{"type":"Feature","id":"belfast_05_17_2016","properties":{"cell_id":"belfast_05_17","year":2016,"row":5,"col":17,"development_pressure":0.18,"planning_intensity":0.1,"green_cover":0.283,"mobility_access":0.2,"bike_activity":0.05,"air_quality":0.618,"opportunity_access":0.321,"fairness_context":0.0,"deprivation_weighted_opportunity":0.237,"development_pressure_delta_2016":0.0,"planning_intensity_delta_2016":0.0,"green_cover_delta_2016":0.0,"mobility_access_delta_2016":0.0,"bike_activity_delta_2016":0.0,"air_quality_delta_2016":0.0,"opportunity_access_delta_2016":0.0,"fairness_context_delta_2016":0.0,"deprivation_weighted_opportunity_delta_2016":0.0,"development_pressure_delta_previous":0.0,"planning_intensity_delta_previous":0.0,"green_cover_delta_previous":0.0,"mobility_access_delta_previous":0.0,"bike_activity_delta_previous":0.0,"air_quality_delta_previous":0.0,"opportunity_access_delta_previous":0.0,"fairness_context_delta_previous":0.0,"deprivation_weighted_opportunity_delta_previous":0.0,"dominant_change":"stable","confidence":"medium","evidence":["OpenStreetMap building export clipped to Belfast NI core","250m-style grid proxy generated from local spatial anchors","Local raster source available for satellite/NDVI review"]},"geometry":{"type":"Polygon","coordinates":[[[-5.796666666666667,54.595000000000006],[-5.78,54.595000000000006],[-5.78,54.61000000000001],[-5.796666666666667,54.61000000000001],[-5.796666666666667,54.595000000000006]]]}},{"type":"Feature","id":"belfast_06_00_2016","properties":{"cell_id":"belfast_06_00","year":2016,"row":6,"col":0,"development_pressure":0.1,"planning_intensity":0.06,"green_cover":0.343,"mobility_access":0.2,"bike_activity":0.05,"air_quality":0.642,"opportunity_access":0.338,"fairness_context":0.0,"deprivation_weighted_opportunity":0.25,"development_pressure_delta_2016":0.0,"planning_intensity_delta_2016":0.0,"green_cover_delta_2016":0.0,"mobility_access_delta_2016":0.0,"bike_activity_delta_2016":0.0,"air_quality_delta_2016":0.0,"opportunity_access_delta_2016":0.0,"fairness_context_delta_2016":0.0,"deprivation_weighted_opportunity_delta_2016":0.0,"development_pressure_delta_previous":0.0,"planning_intensity_delta_previous":0.0,"green_cover_delta_previous":0.0,"mobility_access_delta_previous":0.0,"bike_activity_delta_previous":0.0,"air_quality_delta_previous":0.0,"opportunity_access_delta_previous":0.0,"fairness_context_delta_previous":0.0,"deprivation_weighted_opportunity_delta_previous":0.0,"dominant_change":"stable","confidence":"medium","evidence":["OpenStreetMap building export clipped to Belfast NI core","250m-style grid proxy generated from local spatial anchors","Local raster source available for satellite/NDVI review"]},"geometry":{"type":"Polygon","coordinates":[[[-6.08,54.61],[-6.0633333333333335,54.61],[-6.0633333333333335,54.625],[-6.08,54.625],[-6.08,54.61]]]}},{"type":"Feature","id":"belfast_06_01_2016","properties":{"cell_id":"belfast_06_01","year":2016,"row":6,"col":1,"development_pressure":0.106,"planning_intensity":0.063,"green_cover":0.353,"mobility_access":0.2,"bike_activity":0.05,"air_quality":0.643,"opportunity_access":0.339,"fairness_context":0.0,"deprivation_weighted_opportunity":0.251,"development_pressure_delta_2016":0.0,"planning_intensity_delta_2016":0.0,"green_cover_delta_2016":0.0,"mobility_access_delta_2016":0.0,"bike_activity_delta_2016":0.0,"air_quality_delta_2016":0.0,"opportunity_access_delta_2016":0.0,"fairness_context_delta_2016":0.0,"deprivation_weighted_opportunity_delta_2016":0.0,"development_pressure_delta_previous":0.0,"planning_intensity_delta_previous":0.0,"green_cover_delta_previous":0.0,"mobility_access_delta_previous":0.0,"bike_activity_delta_previous":0.0,"air_quality_delta_previous":0.0,"opportunity_access_delta_previous":0.0,"fairness_context_delta_previous":0.0,"deprivation_weighted_opportunity_delta_previous":0.0,"dominant_change":"stable","confidence":"medium","evidence":["OpenStreetMap building export clipped to Belfast NI core","250m-style grid proxy generated from local spatial anchors","Local raster source available for satellite/NDVI review"]},"geometry":{"type":"Polygon","coordinates":[[[-6.0633333333333335,54.61],[-6.046666666666667,54.61],[-6.046666666666667,54.625],[-6.0633333333333335,54.625],[-6.0633333333333335,54.61]]]}},{"type":"Feature","id":"belfast_06_02_2016","properties":{"cell_id":"belfast_06_02","year":2016,"row":6,"col":2,"development_pressure":0.124,"planning_intensity":0.072,"green_cover":0.334,"mobility_access":0.2,"bike_activity":0.05,"air_quality":0.637,"opportunity_access":0.334,"fairness_context":0.0,"deprivation_weighted_opportunity":0.247,"development_pressure_delta_2016":0.0,"planning_intensity_delta_2016":0.0,"green_cover_delta_2016":0.0,"mobility_access_delta_2016":0.0,"bike_activity_delta_2016":0.0,"air_quality_delta_2016":0.0,"opportunity_access_delta_2016":0.0,"fairness_context_delta_2016":0.0,"deprivation_weighted_opportunity_delta_2016":0.0,"development_pressure_delta_previous":0.0,"planning_intensity_delta_previous":0.0,"green_cover_delta_previous":0.0,"mobility_access_delta_previous":0.0,"bike_activity_delta_previous":0.0,"air_quality_delta_previous":0.0,"opportunity_access_delta_previous":0.0,"fairness_context_delta_previous":0.0,"deprivation_weighted_opportunity_delta_previous":0.0,"dominant_change":"stable","confidence":"medium","evidence":["OpenStreetMap building export clipped to Belfast NI core","250m-style grid proxy generated from local spatial anchors","Local raster source available for satellite/NDVI review"]},"geometry":{"type":"Polygon","coordinates":[[[-6.046666666666667,54.61],[-6.03,54.61],[-6.03,54.625],[-6.046666666666667,54.625],[-6.046666666666667,54.61]]]}},{"type":"Feature","id":"belfast_06_03_2016","properties":{"cell_id":"belfast_06_03","year":2016,"row":6,"col":3,"development_pressure":0.149,"planning_intensity":0.085,"green_cover":0.4,"mobility_access":0.2,"bike_activity":0.05,"air_quality":0.646,"opportunity_access":0.344,"fairness_context":0.032,"deprivation_weighted_opportunity":0.258,"development_pressure_delta_2016":0.0,"planning_intensity_delta_2016":0.0,"green_cover_delta_2016":0.0,"mobility_access_delta_2016":0.0,"bike_activity_delta_2016":0.0,"air_quality_delta_2016":0.0,"opportunity_access_delta_2016":0.0,"fairness_context_delta_2016":0.0,"deprivation_weighted_opportunity_delta_2016":0.0,"development_pressure_delta_previous":0.0,"planning_intensity_delta_previous":0.0,"green_cover_delta_previous":0.0,"mobility_access_delta_previous":0.0,"bike_activity_delta_previous":0.0,"air_quality_delta_previous":0.0,"opportunity_access_delta_previous":0.0,"fairness_context_delta_previous":0.0,"deprivation_weighted_opportunity_delta_previous":0.0,"dominant_change":"stable","confidence":"medium","evidence":["OpenStreetMap building export clipped to Belfast NI core","250m-style grid proxy generated from local spatial anchors","Local raster source available for satellite/NDVI review"]},"geometry":{"type":"Polygon","coordinates":[[[-6.03,54.61],[-6.013333333333334,54.61],[-6.013333333333334,54.625],[-6.03,54.625],[-6.03,54.61]]]}},{"type":"Feature","id":"belfast_06_04_2016","properties":{"cell_id":"belfast_06_04","year":2016,"row":6,"col":4,"development_pressure":0.177,"planning_intensity":0.095,"green_cover":0.486,"mobility_access":0.207,"bike_activity":0.056,"air_quality":0.656,"opportunity_access":0.37,"fairness_context":0.255,"deprivation_weighted_opportunity":0.299,"development_pressure_delta_2016":0.0,"planning_intensity_delta_2016":0.0,"green_cover_delta_2016":0.0,"mobility_access_delta_2016":0.0,"bike_activity_delta_2016":0.0,"air_quality_delta_2016":0.0,"opportunity_access_delta_2016":0.0,"fairness_context_delta_2016":0.0,"deprivation_weighted_opportunity_delta_2016":0.0,"development_pressure_delta_previous":0.0,"planning_intensity_delta_previous":0.0,"green_cover_delta_previous":0.0,"mobility_access_delta_previous":0.0,"bike_activity_delta_previous":0.0,"air_quality_delta_previous":0.0,"opportunity_access_delta_previous":0.0,"fairness_context_delta_previous":0.0,"deprivation_weighted_opportunity_delta_previous":0.0,"dominant_change":"stable","confidence":"medium","evidence":["OpenStreetMap building export clipped to Belfast NI core","250m-style grid proxy generated from local spatial anchors","Local raster source available for satellite/NDVI review"]},"geometry":{"type":"Polygon","coordinates":[[[-6.013333333333334,54.61],[-5.996666666666667,54.61],[-5.996666666666667,54.625],[-6.013333333333334,54.625],[-6.013333333333334,54.61]]]}},{"type":"Feature","id":"belfast_06_05_2016","properties":{"cell_id":"belfast_06_05","year":2016,"row":6,"col":5,"development_pressure":0.248,"planning_intensity":0.13,"green_cover":0.56,"mobility_access":0.231,"bike_activity":0.076,"air_quality":0.651,"opportunity_access":0.422,"fairness_context":0.469,"deprivation_weighted_opportunity":0.364,"development_pressure_delta_2016":0.0,"planning_intensity_delta_2016":0.0,"green_cover_delta_2016":0.0,"mobility_access_delta_2016":0.0,"bike_activity_delta_2016":0.0,"air_quality_delta_2016":0.0,"opportunity_access_delta_2016":0.0,"fairness_context_delta_2016":0.0,"deprivation_weighted_opportunity_delta_2016":0.0,"development_pressure_delta_previous":0.0,"planning_intensity_delta_previous":0.0,"green_cover_delta_previous":0.0,"mobility_access_delta_previous":0.0,"bike_activity_delta_previous":0.0,"air_quality_delta_previous":0.0,"opportunity_access_delta_previous":0.0,"fairness_context_delta_previous":0.0,"deprivation_weighted_opportunity_delta_previous":0.0,"dominant_change":"stable","confidence":"medium","evidence":["OpenStreetMap building export clipped to Belfast NI core","250m-style grid proxy generated from local spatial anchors","Local raster source available for satellite/NDVI review"]},"geometry":{"type":"Polygon","coordinates":[[[-5.996666666666667,54.61],[-5.98,54.61],[-5.98,54.625],[-5.996666666666667,54.625],[-5.996666666666667,54.61]]]}},{"type":"Feature","id":"belfast_06_06_2016","properties":{"cell_id":"belfast_06_06","year":2016,"row":6,"col":6,"development_pressure":0.335,"planning_intensity":0.185,"green_cover":0.569,"mobility_access":0.314,"bike_activity":0.095,"air_quality":0.631,"opportunity_access":0.483,"fairness_context":0.656,"deprivation_weighted_opportunity":0.44,"development_pressure_delta_2016":0.0,"planning_intensity_delta_2016":0.0,"green_cover_delta_2016":0.0,"mobility_access_delta_2016":0.0,"bike_activity_delta_2016":0.0,"air_quality_delta_2016":0.0,"opportunity_access_delta_2016":0.0,"fairness_context_delta_2016":0.0,"deprivation_weighted_opportunity_delta_2016":0.0,"development_pressure_delta_previous":0.0,"planning_intensity_delta_previous":0.0,"green_cover_delta_previous":0.0,"mobility_access_delta_previous":0.0,"bike_activity_delta_previous":0.0,"air_quality_delta_previous":0.0,"opportunity_access_delta_previous":0.0,"fairness_context_delta_previous":0.0,"deprivation_weighted_opportunity_delta_previous":0.0,"dominant_change":"stable","confidence":"medium","evidence":["OpenStreetMap building export clipped to Belfast NI core","250m-style grid proxy generated from local spatial anchors","Local raster source available for satellite/NDVI review"]},"geometry":{"type":"Polygon","coordinates":[[[-5.98,54.61],[-5.963333333333334,54.61],[-5.963333333333334,54.625],[-5.98,54.625],[-5.98,54.61]]]}},{"type":"Feature","id":"belfast_06_07_2016","properties":{"cell_id":"belfast_06_07","year":2016,"row":6,"col":7,"development_pressure":0.399,"planning_intensity":0.227,"green_cover":0.498,"mobility_access":0.434,"bike_activity":0.141,"air_quality":0.6,"opportunity_access":0.542,"fairness_context":0.789,"deprivation_weighted_opportunity":0.512,"development_pressure_delta_2016":0.0,"planning_intensity_delta_2016":0.0,"green_cover_delta_2016":0.0,"mobility_access_delta_2016":0.0,"bike_activity_delta_2016":0.0,"air_quality_delta_2016":0.0,"opportunity_access_delta_2016":0.0,"fairness_context_delta_2016":0.0,"deprivation_weighted_opportunity_delta_2016":0.0,"development_pressure_delta_previous":0.0,"planning_intensity_delta_previous":0.0,"green_cover_delta_previous":0.0,"mobility_access_delta_previous":0.0,"bike_activity_delta_previous":0.0,"air_quality_delta_previous":0.0,"opportunity_access_delta_previous":0.0,"fairness_context_delta_previous":0.0,"deprivation_weighted_opportunity_delta_previous":0.0,"dominant_change":"stable","confidence":"medium","evidence":["OpenStreetMap building export clipped to Belfast NI core","250m-style grid proxy generated from local spatial anchors","Local raster source available for satellite/NDVI review"]},"geometry":{"type":"Polygon","coordinates":[[[-5.963333333333334,54.61],[-5.946666666666667,54.61],[-5.946666666666667,54.625],[-5.963333333333334,54.625],[-5.963333333333334,54.61]]]}},{"type":"Feature","id":"belfast_06_08_2016","properties":{"cell_id":"belfast_06_08","year":2016,"row":6,"col":8,"development_pressure":0.426,"planning_intensity":0.282,"green_cover":0.596,"mobility_access":0.521,"bike_activity":0.185,"air_quality":0.611,"opportunity_access":0.61,"fairness_context":0.974,"deprivation_weighted_opportunity":0.606,"development_pressure_delta_2016":0.0,"planning_intensity_delta_2016":0.0,"green_cover_delta_2016":0.0,"mobility_access_delta_2016":0.0,"bike_activity_delta_2016":0.0,"air_quality_delta_2016":0.0,"opportunity_access_delta_2016":0.0,"fairness_context_delta_2016":0.0,"deprivation_weighted_opportunity_delta_2016":0.0,"development_pressure_delta_previous":0.0,"planning_intensity_delta_previous":0.0,"green_cover_delta_previous":0.0,"mobility_access_delta_previous":0.0,"bike_activity_delta_previous":0.0,"air_quality_delta_previous":0.0,"opportunity_access_delta_previous":0.0,"fairness_context_delta_previous":0.0,"deprivation_weighted_opportunity_delta_previous":0.0,"dominant_change":"stable","confidence":"medium","evidence":["OpenStreetMap building export clipped to Belfast NI core","250m-style grid proxy generated from local spatial anchors","Local raster source available for satellite/NDVI review"]},"geometry":{"type":"Polygon","coordinates":[[[-5.946666666666667,54.61],[-5.930000000000001,54.61],[-5.930000000000001,54.625],[-5.946666666666667,54.625],[-5.946666666666667,54.61]]]}},{"type":"Feature","id":"belfast_06_09_2016","properties":{"cell_id":"belfast_06_09","year":2016,"row":6,"col":9,"development_pressure":0.468,"planning_intensity":0.338,"green_cover":0.698,"mobility_access":0.555,"bike_activity":0.215,"air_quality":0.625,"opportunity_access":0.639,"fairness_context":0.743,"deprivation_weighted_opportunity":0.596,"development_pressure_delta_2016":0.0,"planning_intensity_delta_2016":0.0,"green_cover_delta_2016":0.0,"mobility_access_delta_2016":0.0,"bike_activity_delta_2016":0.0,"air_quality_delta_2016":0.0,"opportunity_access_delta_2016":0.0,"fairness_context_delta_2016":0.0,"deprivation_weighted_opportunity_delta_2016":0.0,"development_pressure_delta_previous":0.0,"planning_intensity_delta_previous":0.0,"green_cover_delta_previous":0.0,"mobility_access_delta_previous":0.0,"bike_activity_delta_previous":0.0,"air_quality_delta_previous":0.0,"opportunity_access_delta_previous":0.0,"fairness_context_delta_previous":0.0,"deprivation_weighted_opportunity_delta_previous":0.0,"dominant_change":"stable","confidence":"high","evidence":["OpenStreetMap building export clipped to Belfast NI core","250m-style grid proxy generated from local spatial anchors","Local raster source available for satellite/NDVI review"]},"geometry":{"type":"Polygon","coordinates":[[[-5.93,54.61],[-5.913333333333333,54.61],[-5.913333333333333,54.625],[-5.93,54.625],[-5.93,54.61]]]}},{"type":"Feature","id":"belfast_06_10_2016","properties":{"cell_id":"belfast_06_10","year":2016,"row":6,"col":10,"development_pressure":0.498,"planning_intensity":0.348,"green_cover":0.623,"mobility_access":0.562,"bike_activity":0.204,"air_quality":0.609,"opportunity_access":0.61,"fairness_context":0.908,"deprivation_weighted_opportunity":0.595,"development_pressure_delta_2016":0.0,"planning_intensity_delta_2016":0.0,"green_cover_delta_2016":0.0,"mobility_access_delta_2016":0.0,"bike_activity_delta_2016":0.0,"air_quality_delta_2016":0.0,"opportunity_access_delta_2016":0.0,"fairness_context_delta_2016":0.0,"deprivation_weighted_opportunity_delta_2016":0.0,"development_pressure_delta_previous":0.0,"planning_intensity_delta_previous":0.0,"green_cover_delta_previous":0.0,"mobility_access_delta_previous":0.0,"bike_activity_delta_previous":0.0,"air_quality_delta_previous":0.0,"opportunity_access_delta_previous":0.0,"fairness_context_delta_previous":0.0,"deprivation_weighted_opportunity_delta_previous":0.0,"dominant_change":"stable","confidence":"high","evidence":["OpenStreetMap building export clipped to Belfast NI core","250m-style grid proxy generated from local spatial anchors","Local raster source available for satellite/NDVI review"]},"geometry":{"type":"Polygon","coordinates":[[[-5.913333333333333,54.61],[-5.8966666666666665,54.61],[-5.8966666666666665,54.625],[-5.913333333333333,54.625],[-5.913333333333333,54.61]]]}},{"type":"Feature","id":"belfast_06_11_2016","properties":{"cell_id":"belfast_06_11","year":2016,"row":6,"col":11,"development_pressure":0.459,"planning_intensity":0.306,"green_cover":0.487,"mobility_access":0.47,"bike_activity":0.156,"air_quality":0.595,"opportunity_access":0.523,"fairness_context":0.826,"deprivation_weighted_opportunity":0.5,"development_pressure_delta_2016":0.0,"planning_intensity_delta_2016":0.0,"green_cover_delta_2016":0.0,"mobility_access_delta_2016":0.0,"bike_activity_delta_2016":0.0,"air_quality_delta_2016":0.0,"opportunity_access_delta_2016":0.0,"fairness_context_delta_2016":0.0,"deprivation_weighted_opportunity_delta_2016":0.0,"development_pressure_delta_previous":0.0,"planning_intensity_delta_previous":0.0,"green_cover_delta_previous":0.0,"mobility_access_delta_previous":0.0,"bike_activity_delta_previous":0.0,"air_quality_delta_previous":0.0,"opportunity_access_delta_previous":0.0,"fairness_context_delta_previous":0.0,"deprivation_weighted_opportunity_delta_previous":0.0,"dominant_change":"stable","confidence":"medium","evidence":["OpenStreetMap building export clipped to Belfast NI core","250m-style grid proxy generated from local spatial anchors","Local raster source available for satellite/NDVI review"]},"geometry":{"type":"Polygon","coordinates":[[[-5.8966666666666665,54.61],[-5.88,54.61],[-5.88,54.625],[-5.8966666666666665,54.625],[-5.8966666666666665,54.61]]]}},{"type":"Feature","id":"belfast_06_12_2016","properties":{"cell_id":"belfast_06_12","year":2016,"row":6,"col":12,"development_pressure":0.381,"planning_intensity":0.255,"green_cover":0.4,"mobility_access":0.33,"bike_activity":0.096,"air_quality":0.598,"opportunity_access":0.424,"fairness_context":0.598,"deprivation_weighted_opportunity":0.38,"development_pressure_delta_2016":0.0,"planning_intensity_delta_2016":0.0,"green_cover_delta_2016":0.0,"mobility_access_delta_2016":0.0,"bike_activity_delta_2016":0.0,"air_quality_delta_2016":0.0,"opportunity_access_delta_2016":0.0,"fairness_context_delta_2016":0.0,"deprivation_weighted_opportunity_delta_2016":0.0,"development_pressure_delta_previous":0.0,"planning_intensity_delta_previous":0.0,"green_cover_delta_previous":0.0,"mobility_access_delta_previous":0.0,"bike_activity_delta_previous":0.0,"air_quality_delta_previous":0.0,"opportunity_access_delta_previous":0.0,"fairness_context_delta_previous":0.0,"deprivation_weighted_opportunity_delta_previous":0.0,"dominant_change":"stable","confidence":"medium","evidence":["OpenStreetMap building export clipped to Belfast NI core","250m-style grid proxy generated from local spatial anchors","Local raster source available for satellite/NDVI review"]},"geometry":{"type":"Polygon","coordinates":[[[-5.88,54.61],[-5.863333333333333,54.61],[-5.863333333333333,54.625],[-5.88,54.625],[-5.88,54.61]]]}},{"type":"Feature","id":"belfast_06_13_2016","properties":{"cell_id":"belfast_06_13","year":2016,"row":6,"col":13,"development_pressure":0.296,"planning_intensity":0.198,"green_cover":0.341,"mobility_access":0.207,"bike_activity":0.056,"air_quality":0.608,"opportunity_access":0.334,"fairness_context":0.367,"deprivation_weighted_opportunity":0.279,"development_pressure_delta_2016":0.0,"planning_intensity_delta_2016":0.0,"green_cover_delta_2016":0.0,"mobility_access_delta_2016":0.0,"bike_activity_delta_2016":0.0,"air_quality_delta_2016":0.0,"opportunity_access_delta_2016":0.0,"fairness_context_delta_2016":0.0,"deprivation_weighted_opportunity_delta_2016":0.0,"development_pressure_delta_previous":0.0,"planning_intensity_delta_previous":0.0,"green_cover_delta_previous":0.0,"mobility_access_delta_previous":0.0,"bike_activity_delta_previous":0.0,"air_quality_delta_previous":0.0,"opportunity_access_delta_previous":0.0,"fairness_context_delta_previous":0.0,"deprivation_weighted_opportunity_delta_previous":0.0,"dominant_change":"stable","confidence":"medium","evidence":["OpenStreetMap building export clipped to Belfast NI core","250m-style grid proxy generated from local spatial anchors","Local raster source available for satellite/NDVI review"]},"geometry":{"type":"Polygon","coordinates":[[[-5.863333333333333,54.61],[-5.846666666666667,54.61],[-5.846666666666667,54.625],[-5.863333333333333,54.625],[-5.863333333333333,54.61]]]}},{"type":"Feature","id":"belfast_06_14_2016","properties":{"cell_id":"belfast_06_14","year":2016,"row":6,"col":14,"development_pressure":0.22,"planning_intensity":0.135,"green_cover":0.331,"mobility_access":0.2,"bike_activity":0.05,"air_quality":0.621,"opportunity_access":0.326,"fairness_context":0.134,"deprivation_weighted_opportunity":0.253,"development_pressure_delta_2016":0.0,"planning_intensity_delta_2016":0.0,"green_cover_delta_2016":0.0,"mobility_access_delta_2016":0.0,"bike_activity_delta_2016":0.0,"air_quality_delta_2016":0.0,"opportunity_access_delta_2016":0.0,"fairness_context_delta_2016":0.0,"deprivation_weighted_opportunity_delta_2016":0.0,"development_pressure_delta_previous":0.0,"planning_intensity_delta_previous":0.0,"green_cover_delta_previous":0.0,"mobility_access_delta_previous":0.0,"bike_activity_delta_previous":0.0,"air_quality_delta_previous":0.0,"opportunity_access_delta_previous":0.0,"fairness_context_delta_previous":0.0,"deprivation_weighted_opportunity_delta_previous":0.0,"dominant_change":"stable","confidence":"medium","evidence":["OpenStreetMap building export clipped to Belfast NI core","250m-style grid proxy generated from local spatial anchors","Local raster source available for satellite/NDVI review"]},"geometry":{"type":"Polygon","coordinates":[[[-5.846666666666667,54.61],[-5.83,54.61],[-5.83,54.625],[-5.846666666666667,54.625],[-5.846666666666667,54.61]]]}},{"type":"Feature","id":"belfast_06_15_2016","properties":{"cell_id":"belfast_06_15","year":2016,"row":6,"col":15,"development_pressure":0.18,"planning_intensity":0.1,"green_cover":0.312,"mobility_access":0.2,"bike_activity":0.05,"air_quality":0.623,"opportunity_access":0.326,"fairness_context":0.0,"deprivation_weighted_opportunity":0.241,"development_pressure_delta_2016":0.0,"planning_intensity_delta_2016":0.0,"green_cover_delta_2016":0.0,"mobility_access_delta_2016":0.0,"bike_activity_delta_2016":0.0,"air_quality_delta_2016":0.0,"opportunity_access_delta_2016":0.0,"fairness_context_delta_2016":0.0,"deprivation_weighted_opportunity_delta_2016":0.0,"development_pressure_delta_previous":0.0,"planning_intensity_delta_previous":0.0,"green_cover_delta_previous":0.0,"mobility_access_delta_previous":0.0,"bike_activity_delta_previous":0.0,"air_quality_delta_previous":0.0,"opportunity_access_delta_previous":0.0,"fairness_context_delta_previous":0.0,"deprivation_weighted_opportunity_delta_previous":0.0,"dominant_change":"stable","confidence":"medium","evidence":["OpenStreetMap building export clipped to Belfast NI core","250m-style grid proxy generated from local spatial anchors","Local raster source available for satellite/NDVI review"]},"geometry":{"type":"Polygon","coordinates":[[[-5.83,54.61],[-5.8133333333333335,54.61],[-5.8133333333333335,54.625],[-5.83,54.625],[-5.83,54.61]]]}},{"type":"Feature","id":"belfast_06_16_2016","properties":{"cell_id":"belfast_06_16","year":2016,"row":6,"col":16,"development_pressure":0.174,"planning_intensity":0.097,"green_cover":0.288,"mobility_access":0.2,"bike_activity":0.05,"air_quality":0.619,"opportunity_access":0.322,"fairness_context":0.0,"deprivation_weighted_opportunity":0.238,"development_pressure_delta_2016":0.0,"planning_intensity_delta_2016":0.0,"green_cover_delta_2016":0.0,"mobility_access_delta_2016":0.0,"bike_activity_delta_2016":0.0,"air_quality_delta_2016":0.0,"opportunity_access_delta_2016":0.0,"fairness_context_delta_2016":0.0,"deprivation_weighted_opportunity_delta_2016":0.0,"development_pressure_delta_previous":0.0,"planning_intensity_delta_previous":0.0,"green_cover_delta_previous":0.0,"mobility_access_delta_previous":0.0,"bike_activity_delta_previous":0.0,"air_quality_delta_previous":0.0,"opportunity_access_delta_previous":0.0,"fairness_context_delta_previous":0.0,"deprivation_weighted_opportunity_delta_previous":0.0,"dominant_change":"stable","confidence":"medium","evidence":["OpenStreetMap building export clipped to Belfast NI core","250m-style grid proxy generated from local spatial anchors","Local raster source available for satellite/NDVI review"]},"geometry":{"type":"Polygon","coordinates":[[[-5.8133333333333335,54.61],[-5.796666666666667,54.61],[-5.796666666666667,54.625],[-5.8133333333333335,54.625],[-5.8133333333333335,54.61]]]}},{"type":"Feature","id":"belfast_06_17_2016","properties":{"cell_id":"belfast_06_17","year":2016,"row":6,"col":17,"development_pressure":0.155,"planning_intensity":0.087,"green_cover":0.288,"mobility_access":0.2,"bike_activity":0.05,"air_quality":0.622,"opportunity_access":0.323,"fairness_context":0.0,"deprivation_weighted_opportunity":0.239,"development_pressure_delta_2016":0.0,"planning_intensity_delta_2016":0.0,"green_cover_delta_2016":0.0,"mobility_access_delta_2016":0.0,"bike_activity_delta_2016":0.0,"air_quality_delta_2016":0.0,"opportunity_access_delta_2016":0.0,"fairness_context_delta_2016":0.0,"deprivation_weighted_opportunity_delta_2016":0.0,"development_pressure_delta_previous":0.0,"planning_intensity_delta_previous":0.0,"green_cover_delta_previous":0.0,"mobility_access_delta_previous":0.0,"bike_activity_delta_previous":0.0,"air_quality_delta_previous":0.0,"opportunity_access_delta_previous":0.0,"fairness_context_delta_previous":0.0,"deprivation_weighted_opportunity_delta_previous":0.0,"dominant_change":"stable","confidence":"medium","evidence":["OpenStreetMap building export clipped to Belfast NI core","250m-style grid proxy generated from local spatial anchors","Local raster source available for satellite/NDVI review"]},"geometry":{"type":"Polygon","coordinates":[[[-5.796666666666667,54.61],[-5.78,54.61],[-5.78,54.625],[-5.796666666666667,54.625],[-5.796666666666667,54.61]]]}},{"type":"Feature","id":"belfast_07_00_2016","properties":{"cell_id":"belfast_07_00","year":2016,"row":7,"col":0,"development_pressure":0.122,"planning_intensity":0.071,"green_cover":0.339,"mobility_access":0.2,"bike_activity":0.05,"air_quality":0.638,"opportunity_access":0.335,"fairness_context":0.0,"deprivation_weighted_opportunity":0.248,"development_pressure_delta_2016":0.0,"planning_intensity_delta_2016":0.0,"green_cover_delta_2016":0.0,"mobility_access_delta_2016":0.0,"bike_activity_delta_2016":0.0,"air_quality_delta_2016":0.0,"opportunity_access_delta_2016":0.0,"fairness_context_delta_2016":0.0,"deprivation_weighted_opportunity_delta_2016":0.0,"development_pressure_delta_previous":0.0,"planning_intensity_delta_previous":0.0,"green_cover_delta_previous":0.0,"mobility_access_delta_previous":0.0,"bike_activity_delta_previous":0.0,"air_quality_delta_previous":0.0,"opportunity_access_delta_previous":0.0,"fairness_context_delta_previous":0.0,"deprivation_weighted_opportunity_delta_previous":0.0,"dominant_change":"stable","confidence":"medium","evidence":["OpenStreetMap building export clipped to Belfast NI core","250m-style grid proxy generated from local spatial anchors","Local raster source available for satellite/NDVI review"]},"geometry":{"type":"Polygon","coordinates":[[[-6.08,54.625],[-6.0633333333333335,54.625],[-6.0633333333333335,54.64],[-6.08,54.64],[-6.08,54.625]]]}},{"type":"Feature","id":"belfast_07_01_2016","properties":{"cell_id":"belfast_07_01","year":2016,"row":7,"col":1,"development_pressure":0.146,"planning_intensity":0.083,"green_cover":0.346,"mobility_access":0.2,"bike_activity":0.05,"air_quality":0.636,"opportunity_access":0.335,"fairness_context":0.0,"deprivation_weighted_opportunity":0.248,"development_pressure_delta_2016":0.0,"planning_intensity_delta_2016":0.0,"green_cover_delta_2016":0.0,"mobility_access_delta_2016":0.0,"bike_activity_delta_2016":0.0,"air_quality_delta_2016":0.0,"opportunity_access_delta_2016":0.0,"fairness_context_delta_2016":0.0,"deprivation_weighted_opportunity_delta_2016":0.0,"development_pressure_delta_previous":0.0,"planning_intensity_delta_previous":0.0,"green_cover_delta_previous":0.0,"mobility_access_delta_previous":0.0,"bike_activity_delta_previous":0.0,"air_quality_delta_previous":0.0,"opportunity_access_delta_previous":0.0,"fairness_context_delta_previous":0.0,"deprivation_weighted_opportunity_delta_previous":0.0,"dominant_change":"stable","confidence":"medium","evidence":["OpenStreetMap building export clipped to Belfast NI core","250m-style grid proxy generated from local spatial anchors","Local raster source available for satellite/NDVI review"]},"geometry":{"type":"Polygon","coordinates":[[[-6.0633333333333335,54.625],[-6.046666666666667,54.625],[-6.046666666666667,54.64],[-6.0633333333333335,54.64],[-6.0633333333333335,54.625]]]}},{"type":"Feature","id":"belfast_07_02_2016","properties":{"cell_id":"belfast_07_02","year":2016,"row":7,"col":2,"development_pressure":0.168,"planning_intensity":0.094,"green_cover":0.327,"mobility_access":0.2,"bike_activity":0.05,"air_quality":0.628,"opportunity_access":0.329,"fairness_context":0.0,"deprivation_weighted_opportunity":0.244,"development_pressure_delta_2016":0.0,"planning_intensity_delta_2016":0.0,"green_cover_delta_2016":0.0,"mobility_access_delta_2016":0.0,"bike_activity_delta_2016":0.0,"air_quality_delta_2016":0.0,"opportunity_access_delta_2016":0.0,"fairness_context_delta_2016":0.0,"deprivation_weighted_opportunity_delta_2016":0.0,"development_pressure_delta_previous":0.0,"planning_intensity_delta_previous":0.0,"green_cover_delta_previous":0.0,"mobility_access_delta_previous":0.0,"bike_activity_delta_previous":0.0,"air_quality_delta_previous":0.0,"opportunity_access_delta_previous":0.0,"fairness_context_delta_previous":0.0,"deprivation_weighted_opportunity_delta_previous":0.0,"dominant_change":"stable","confidence":"medium","evidence":["OpenStreetMap building export clipped to Belfast NI core","250m-style grid proxy generated from local spatial anchors","Local raster source available for satellite/NDVI review"]},"geometry":{"type":"Polygon","coordinates":[[[-6.046666666666667,54.625],[-6.03,54.625],[-6.03,54.64],[-6.046666666666667,54.64],[-6.046666666666667,54.625]]]}},{"type":"Feature","id":"belfast_07_03_2016","properties":{"cell_id":"belfast_07_03","year":2016,"row":7,"col":3,"development_pressure":0.18,"planning_intensity":0.1,"green_cover":0.296,"mobility_access":0.2,"bike_activity":0.05,"air_quality":0.62,"opportunity_access":0.323,"fairness_context":0.0,"deprivation_weighted_opportunity":0.239,"development_pressure_delta_2016":0.0,"planning_intensity_delta_2016":0.0,"green_cover_delta_2016":0.0,"mobility_access_delta_2016":0.0,"bike_activity_delta_2016":0.0,"air_quality_delta_2016":0.0,"opportunity_access_delta_2016":0.0,"fairness_context_delta_2016":0.0,"deprivation_weighted_opportunity_delta_2016":0.0,"development_pressure_delta_previous":0.0,"planning_intensity_delta_previous":0.0,"green_cover_delta_previous":0.0,"mobility_access_delta_previous":0.0,"bike_activity_delta_previous":0.0,"air_quality_delta_previous":0.0,"opportunity_access_delta_previous":0.0,"fairness_context_delta_previous":0.0,"deprivation_weighted_opportunity_delta_previous":0.0,"dominant_change":"stable","confidence":"medium","evidence":["OpenStreetMap building export clipped to Belfast NI core","250m-style grid proxy generated from local spatial anchors","Local raster source available for satellite/NDVI review"]},"geometry":{"type":"Polygon","coordinates":[[[-6.03,54.625],[-6.013333333333334,54.625],[-6.013333333333334,54.64],[-6.03,54.64],[-6.03,54.625]]]}},{"type":"Feature","id":"belfast_07_04_2016","properties":{"cell_id":"belfast_07_04","year":2016,"row":7,"col":4,"development_pressure":0.175,"planning_intensity":0.098,"green_cover":0.328,"mobility_access":0.2,"bike_activity":0.05,"air_quality":0.627,"opportunity_access":0.329,"fairness_context":0.069,"deprivation_weighted_opportunity":0.249,"development_pressure_delta_2016":0.0,"planning_intensity_delta_2016":0.0,"green_cover_delta_2016":0.0,"mobility_access_delta_2016":0.0,"bike_activity_delta_2016":0.0,"air_quality_delta_2016":0.0,"opportunity_access_delta_2016":0.0,"fairness_context_delta_2016":0.0,"deprivation_weighted_opportunity_delta_2016":0.0,"development_pressure_delta_previous":0.0,"planning_intensity_delta_previous":0.0,"green_cover_delta_previous":0.0,"mobility_access_delta_previous":0.0,"bike_activity_delta_previous":0.0,"air_quality_delta_previous":0.0,"opportunity_access_delta_previous":0.0,"fairness_context_delta_previous":0.0,"deprivation_weighted_opportunity_delta_previous":0.0,"dominant_change":"stable","confidence":"medium","evidence":["OpenStreetMap building export clipped to Belfast NI core","250m-style grid proxy generated from local spatial anchors","Local raster source available for satellite/NDVI review"]},"geometry":{"type":"Polygon","coordinates":[[[-6.013333333333334,54.625],[-5.996666666666667,54.625],[-5.996666666666667,54.64],[-6.013333333333334,54.64],[-6.013333333333334,54.625]]]}},{"type":"Feature","id":"belfast_07_05_2016","properties":{"cell_id":"belfast_07_05","year":2016,"row":7,"col":5,"development_pressure":0.163,"planning_intensity":0.089,"green_cover":0.382,"mobility_access":0.205,"bike_activity":0.054,"air_quality":0.638,"opportunity_access":0.349,"fairness_context":0.238,"deprivation_weighted_opportunity":0.28,"development_pressure_delta_2016":0.0,"planning_intensity_delta_2016":0.0,"green_cover_delta_2016":0.0,"mobility_access_delta_2016":0.0,"bike_activity_delta_2016":0.0,"air_quality_delta_2016":0.0,"opportunity_access_delta_2016":0.0,"fairness_context_delta_2016":0.0,"deprivation_weighted_opportunity_delta_2016":0.0,"development_pressure_delta_previous":0.0,"planning_intensity_delta_previous":0.0,"green_cover_delta_previous":0.0,"mobility_access_delta_previous":0.0,"bike_activity_delta_previous":0.0,"air_quality_delta_previous":0.0,"opportunity_access_delta_previous":0.0,"fairness_context_delta_previous":0.0,"deprivation_weighted_opportunity_delta_previous":0.0,"dominant_change":"stable","confidence":"medium","evidence":["OpenStreetMap building export clipped to Belfast NI core","250m-style grid proxy generated from local spatial anchors","Local raster source available for satellite/NDVI review"]},"geometry":{"type":"Polygon","coordinates":[[[-5.996666666666667,54.625],[-5.98,54.625],[-5.98,54.64],[-5.996666666666667,54.64],[-5.996666666666667,54.625]]]}},{"type":"Feature","id":"belfast_07_06_2016","properties":{"cell_id":"belfast_07_06","year":2016,"row":7,"col":6,"development_pressure":0.187,"planning_intensity":0.102,"green_cover":0.404,"mobility_access":0.222,"bike_activity":0.069,"air_quality":0.633,"opportunity_access":0.382,"fairness_context":0.436,"deprivation_weighted_opportunity":0.326,"development_pressure_delta_2016":0.0,"planning_intensity_delta_2016":0.0,"green_cover_delta_2016":0.0,"mobility_access_delta_2016":0.0,"bike_activity_delta_2016":0.0,"air_quality_delta_2016":0.0,"opportunity_access_delta_2016":0.0,"fairness_context_delta_2016":0.0,"deprivation_weighted_opportunity_delta_2016":0.0,"development_pressure_delta_previous":0.0,"planning_intensity_delta_previous":0.0,"green_cover_delta_previous":0.0,"mobility_access_delta_previous":0.0,"bike_activity_delta_previous":0.0,"air_quality_delta_previous":0.0,"opportunity_access_delta_previous":0.0,"fairness_context_delta_previous":0.0,"deprivation_weighted_opportunity_delta_previous":0.0,"dominant_change":"stable","confidence":"medium","evidence":["OpenStreetMap building export clipped to Belfast NI core","250m-style grid proxy generated from local spatial anchors","Local raster source available for satellite/NDVI review"]},"geometry":{"type":"Polygon","coordinates":[[[-5.98,54.625],[-5.963333333333334,54.625],[-5.963333333333334,54.64],[-5.98,54.64],[-5.98,54.625]]]}},{"type":"Feature","id":"belfast_07_07_2016","properties":{"cell_id":"belfast_07_07","year":2016,"row":7,"col":7,"development_pressure":0.221,"planning_intensity":0.126,"green_cover":0.438,"mobility_access":0.235,"bike_activity":0.08,"air_quality":0.629,"opportunity_access":0.409,"fairness_context":0.593,"deprivation_weighted_opportunity":0.366,"development_pressure_delta_2016":0.0,"planning_intensity_delta_2016":0.0,"green_cover_delta_2016":0.0,"mobility_access_delta_2016":0.0,"bike_activity_delta_2016":0.0,"air_quality_delta_2016":0.0,"opportunity_access_delta_2016":0.0,"fairness_context_delta_2016":0.0,"deprivation_weighted_opportunity_delta_2016":0.0,"development_pressure_delta_previous":0.0,"planning_intensity_delta_previous":0.0,"green_cover_delta_previous":0.0,"mobility_access_delta_previous":0.0,"bike_activity_delta_previous":0.0,"air_quality_delta_previous":0.0,"opportunity_access_delta_previous":0.0,"fairness_context_delta_previous":0.0,"deprivation_weighted_opportunity_delta_previous":0.0,"dominant_change":"stable","confidence":"medium","evidence":["OpenStreetMap building export clipped to Belfast NI core","250m-style grid proxy generated from local spatial anchors","Local raster source available for satellite/NDVI review"]},"geometry":{"type":"Polygon","coordinates":[[[-5.963333333333334,54.625],[-5.946666666666667,54.625],[-5.946666666666667,54.64],[-5.963333333333334,54.64],[-5.963333333333334,54.625]]]}},{"type":"Feature","id":"belfast_07_08_2016","properties":{"cell_id":"belfast_07_08","year":2016,"row":7,"col":8,"development_pressure":0.249,"planning_intensity":0.18,"green_cover":0.562,"mobility_access":0.269,"bike_activity":0.094,"air_quality":0.647,"opportunity_access":0.454,"fairness_context":0.651,"deprivation_weighted_opportunity":0.413,"development_pressure_delta_2016":0.0,"planning_intensity_delta_2016":0.0,"green_cover_delta_2016":0.0,"mobility_access_delta_2016":0.0,"bike_activity_delta_2016":0.0,"air_quality_delta_2016":0.0,"opportunity_access_delta_2016":0.0,"fairness_context_delta_2016":0.0,"deprivation_weighted_opportunity_delta_2016":0.0,"development_pressure_delta_previous":0.0,"planning_intensity_delta_previous":0.0,"green_cover_delta_previous":0.0,"mobility_access_delta_previous":0.0,"bike_activity_delta_previous":0.0,"air_quality_delta_previous":0.0,"opportunity_access_delta_previous":0.0,"fairness_context_delta_previous":0.0,"deprivation_weighted_opportunity_delta_previous":0.0,"dominant_change":"stable","confidence":"medium","evidence":["OpenStreetMap building export clipped to Belfast NI core","250m-style grid proxy generated from local spatial anchors","Local raster source available for satellite/NDVI review"]},"geometry":{"type":"Polygon","coordinates":[[[-5.946666666666667,54.625],[-5.930000000000001,54.625],[-5.930000000000001,54.64],[-5.946666666666667,54.64],[-5.946666666666667,54.625]]]}},{"type":"Feature","id":"belfast_07_09_2016","properties":{"cell_id":"belfast_07_09","year":2016,"row":7,"col":9,"development_pressure":0.305,"planning_intensity":0.28,"green_cover":0.652,"mobility_access":0.297,"bike_activity":0.11,"air_quality":0.656,"opportunity_access":0.477,"fairness_context":0.573,"deprivation_weighted_opportunity":0.424,"development_pressure_delta_2016":0.0,"planning_intensity_delta_2016":0.0,"green_cover_delta_2016":0.0,"mobility_access_delta_2016":0.0,"bike_activity_delta_2016":0.0,"air_quality_delta_2016":0.0,"opportunity_access_delta_2016":0.0,"fairness_context_delta_2016":0.0,"deprivation_weighted_opportunity_delta_2016":0.0,"development_pressure_delta_previous":0.0,"planning_intensity_delta_previous":0.0,"green_cover_delta_previous":0.0,"mobility_access_delta_previous":0.0,"bike_activity_delta_previous":0.0,"air_quality_delta_previous":0.0,"opportunity_access_delta_previous":0.0,"fairness_context_delta_previous":0.0,"deprivation_weighted_opportunity_delta_previous":0.0,"dominant_change":"stable","confidence":"medium","evidence":["OpenStreetMap building export clipped to Belfast NI core","250m-style grid proxy generated from local spatial anchors","Local raster source available for satellite/NDVI review"]},"geometry":{"type":"Polygon","coordinates":[[[-5.93,54.625],[-5.913333333333333,54.625],[-5.913333333333333,54.64],[-5.93,54.64],[-5.93,54.625]]]}},{"type":"Feature","id":"belfast_07_10_2016","properties":{"cell_id":"belfast_07_10","year":2016,"row":7,"col":10,"development_pressure":0.34,"planning_intensity":0.304,"green_cover":0.612,"mobility_access":0.299,"bike_activity":0.103,"air_quality":0.645,"opportunity_access":0.458,"fairness_context":0.692,"deprivation_weighted_opportunity":0.421,"development_pressure_delta_2016":0.0,"planning_intensity_delta_2016":0.0,"green_cover_delta_2016":0.0,"mobility_access_delta_2016":0.0,"bike_activity_delta_2016":0.0,"air_quality_delta_2016":0.0,"opportunity_access_delta_2016":0.0,"fairness_context_delta_2016":0.0,"deprivation_weighted_opportunity_delta_2016":0.0,"development_pressure_delta_previous":0.0,"planning_intensity_delta_previous":0.0,"green_cover_delta_previous":0.0,"mobility_access_delta_previous":0.0,"bike_activity_delta_previous":0.0,"air_quality_delta_previous":0.0,"opportunity_access_delta_previous":0.0,"fairness_context_delta_previous":0.0,"deprivation_weighted_opportunity_delta_previous":0.0,"dominant_change":"stable","confidence":"medium","evidence":["OpenStreetMap building export clipped to Belfast NI core","250m-style grid proxy generated from local spatial anchors","Local raster source available for satellite/NDVI review"]},"geometry":{"type":"Polygon","coordinates":[[[-5.913333333333333,54.625],[-5.8966666666666665,54.625],[-5.8966666666666665,54.64],[-5.913333333333333,54.64],[-5.913333333333333,54.625]]]}},{"type":"Feature","id":"belfast_07_11_2016","properties":{"cell_id":"belfast_07_11","year":2016,"row":7,"col":11,"development_pressure":0.34,"planning_intensity":0.25,"green_cover":0.48,"mobility_access":0.246,"bike_activity":0.074,"air_quality":0.624,"opportunity_access":0.394,"fairness_context":0.658,"deprivation_weighted_opportunity":0.359,"development_pressure_delta_2016":0.0,"planning_intensity_delta_2016":0.0,"green_cover_delta_2016":0.0,"mobility_access_delta_2016":0.0,"bike_activity_delta_2016":0.0,"air_quality_delta_2016":0.0,"opportunity_access_delta_2016":0.0,"fairness_context_delta_2016":0.0,"deprivation_weighted_opportunity_delta_2016":0.0,"development_pressure_delta_previous":0.0,"planning_intensity_delta_previous":0.0,"green_cover_delta_previous":0.0,"mobility_access_delta_previous":0.0,"bike_activity_delta_previous":0.0,"air_quality_delta_previous":0.0,"opportunity_access_delta_previous":0.0,"fairness_context_delta_previous":0.0,"deprivation_weighted_opportunity_delta_previous":0.0,"dominant_change":"stable","confidence":"medium","evidence":["OpenStreetMap building export clipped to Belfast NI core","250m-style grid proxy generated from local spatial anchors","Local raster source available for satellite/NDVI review"]},"geometry":{"type":"Polygon","coordinates":[[[-5.8966666666666665,54.625],[-5.88,54.625],[-5.88,54.64],[-5.8966666666666665,54.64],[-5.8966666666666665,54.625]]]}},{"type":"Feature","id":"belfast_07_12_2016","properties":{"cell_id":"belfast_07_12","year":2016,"row":7,"col":12,"development_pressure":0.301,"planning_intensity":0.198,"green_cover":0.376,"mobility_access":0.205,"bike_activity":0.054,"air_quality":0.615,"opportunity_access":0.336,"fairness_context":0.502,"deprivation_weighted_opportunity":0.293,"development_pressure_delta_2016":0.0,"planning_intensity_delta_2016":0.0,"green_cover_delta_2016":0.0,"mobility_access_delta_2016":0.0,"bike_activity_delta_2016":0.0,"air_quality_delta_2016":0.0,"opportunity_access_delta_2016":0.0,"fairness_context_delta_2016":0.0,"deprivation_weighted_opportunity_delta_2016":0.0,"development_pressure_delta_previous":0.0,"planning_intensity_delta_previous":0.0,"green_cover_delta_previous":0.0,"mobility_access_delta_previous":0.0,"bike_activity_delta_previous":0.0,"air_quality_delta_previous":0.0,"opportunity_access_delta_previous":0.0,"fairness_context_delta_previous":0.0,"deprivation_weighted_opportunity_delta_previous":0.0,"dominant_change":"stable","confidence":"medium","evidence":["OpenStreetMap building export clipped to Belfast NI core","250m-style grid proxy generated from local spatial anchors","Local raster source available for satellite/NDVI review"]},"geometry":{"type":"Polygon","coordinates":[[[-5.88,54.625],[-5.863333333333333,54.625],[-5.863333333333333,54.64],[-5.88,54.64],[-5.88,54.625]]]}},{"type":"Feature","id":"belfast_07_13_2016","properties":{"cell_id":"belfast_07_13","year":2016,"row":7,"col":13,"development_pressure":0.244,"planning_intensity":0.152,"green_cover":0.328,"mobility_access":0.2,"bike_activity":0.05,"air_quality":0.616,"opportunity_access":0.323,"fairness_context":0.302,"deprivation_weighted_opportunity":0.265,"development_pressure_delta_2016":0.0,"planning_intensity_delta_2016":0.0,"green_cover_delta_2016":0.0,"mobility_access_delta_2016":0.0,"bike_activity_delta_2016":0.0,"air_quality_delta_2016":0.0,"opportunity_access_delta_2016":0.0,"fairness_context_delta_2016":0.0,"deprivation_weighted_opportunity_delta_2016":0.0,"development_pressure_delta_previous":0.0,"planning_intensity_delta_previous":0.0,"green_cover_delta_previous":0.0,"mobility_access_delta_previous":0.0,"bike_activity_delta_previous":0.0,"air_quality_delta_previous":0.0,"opportunity_access_delta_previous":0.0,"fairness_context_delta_previous":0.0,"deprivation_weighted_opportunity_delta_previous":0.0,"dominant_change":"stable","confidence":"medium","evidence":["OpenStreetMap building export clipped to Belfast NI core","250m-style grid proxy generated from local spatial anchors","Local raster source available for satellite/NDVI review"]},"geometry":{"type":"Polygon","coordinates":[[[-5.863333333333333,54.625],[-5.846666666666667,54.625],[-5.846666666666667,54.64],[-5.863333333333333,54.64],[-5.863333333333333,54.625]]]}},{"type":"Feature","id":"belfast_07_14_2016","properties":{"cell_id":"belfast_07_14","year":2016,"row":7,"col":14,"development_pressure":0.175,"planning_intensity":0.098,"green_cover":0.338,"mobility_access":0.2,"bike_activity":0.05,"air_quality":0.629,"opportunity_access":0.331,"fairness_context":0.085,"deprivation_weighted_opportunity":0.252,"development_pressure_delta_2016":0.0,"planning_intensity_delta_2016":0.0,"green_cover_delta_2016":0.0,"mobility_access_delta_2016":0.0,"bike_activity_delta_2016":0.0,"air_quality_delta_2016":0.0,"opportunity_access_delta_2016":0.0,"fairness_context_delta_2016":0.0,"deprivation_weighted_opportunity_delta_2016":0.0,"development_pressure_delta_previous":0.0,"planning_intensity_delta_previous":0.0,"green_cover_delta_previous":0.0,"mobility_access_delta_previous":0.0,"bike_activity_delta_previous":0.0,"air_quality_delta_previous":0.0,"opportunity_access_delta_previous":0.0,"fairness_context_delta_previous":0.0,"deprivation_weighted_opportunity_delta_previous":0.0,"dominant_change":"stable","confidence":"medium","evidence":["OpenStreetMap building export clipped to Belfast NI core","250m-style grid proxy generated from local spatial anchors","Local raster source available for satellite/NDVI review"]},"geometry":{"type":"Polygon","coordinates":[[[-5.846666666666667,54.625],[-5.83,54.625],[-5.83,54.64],[-5.846666666666667,54.64],[-5.846666666666667,54.625]]]}},{"type":"Feature","id":"belfast_07_15_2016","properties":{"cell_id":"belfast_07_15","year":2016,"row":7,"col":15,"development_pressure":0.157,"planning_intensity":0.089,"green_cover":0.316,"mobility_access":0.2,"bike_activity":0.05,"air_quality":0.628,"opportunity_access":0.328,"fairness_context":0.0,"deprivation_weighted_opportunity":0.243,"development_pressure_delta_2016":0.0,"planning_intensity_delta_2016":0.0,"green_cover_delta_2016":0.0,"mobility_access_delta_2016":0.0,"bike_activity_delta_2016":0.0,"air_quality_delta_2016":0.0,"opportunity_access_delta_2016":0.0,"fairness_context_delta_2016":0.0,"deprivation_weighted_opportunity_delta_2016":0.0,"development_pressure_delta_previous":0.0,"planning_intensity_delta_previous":0.0,"green_cover_delta_previous":0.0,"mobility_access_delta_previous":0.0,"bike_activity_delta_previous":0.0,"air_quality_delta_previous":0.0,"opportunity_access_delta_previous":0.0,"fairness_context_delta_previous":0.0,"deprivation_weighted_opportunity_delta_previous":0.0,"dominant_change":"stable","confidence":"medium","evidence":["OpenStreetMap building export clipped to Belfast NI core","250m-style grid proxy generated from local spatial anchors","Local raster source available for satellite/NDVI review"]},"geometry":{"type":"Polygon","coordinates":[[[-5.83,54.625],[-5.8133333333333335,54.625],[-5.8133333333333335,54.64],[-5.83,54.64],[-5.83,54.625]]]}},{"type":"Feature","id":"belfast_07_16_2016","properties":{"cell_id":"belfast_07_16","year":2016,"row":7,"col":16,"development_pressure":0.133,"planning_intensity":0.076,"green_cover":0.294,"mobility_access":0.2,"bike_activity":0.05,"air_quality":0.627,"opportunity_access":0.326,"fairness_context":0.0,"deprivation_weighted_opportunity":0.241,"development_pressure_delta_2016":0.0,"planning_intensity_delta_2016":0.0,"green_cover_delta_2016":0.0,"mobility_access_delta_2016":0.0,"bike_activity_delta_2016":0.0,"air_quality_delta_2016":0.0,"opportunity_access_delta_2016":0.0,"fairness_context_delta_2016":0.0,"deprivation_weighted_opportunity_delta_2016":0.0,"development_pressure_delta_previous":0.0,"planning_intensity_delta_previous":0.0,"green_cover_delta_previous":0.0,"mobility_access_delta_previous":0.0,"bike_activity_delta_previous":0.0,"air_quality_delta_previous":0.0,"opportunity_access_delta_previous":0.0,"fairness_context_delta_previous":0.0,"deprivation_weighted_opportunity_delta_previous":0.0,"dominant_change":"stable","confidence":"medium","evidence":["OpenStreetMap building export clipped to Belfast NI core","250m-style grid proxy generated from local spatial anchors","Local raster source available for satellite/NDVI review"]},"geometry":{"type":"Polygon","coordinates":[[[-5.8133333333333335,54.625],[-5.796666666666667,54.625],[-5.796666666666667,54.64],[-5.8133333333333335,54.64],[-5.8133333333333335,54.625]]]}},{"type":"Feature","id":"belfast_07_17_2016","properties":{"cell_id":"belfast_07_17","year":2016,"row":7,"col":17,"development_pressure":0.111,"planning_intensity":0.065,"green_cover":0.295,"mobility_access":0.2,"bike_activity":0.05,"air_quality":0.631,"opportunity_access":0.328,"fairness_context":0.0,"deprivation_weighted_opportunity":0.243,"development_pressure_delta_2016":0.0,"planning_intensity_delta_2016":0.0,"green_cover_delta_2016":0.0,"mobility_access_delta_2016":0.0,"bike_activity_delta_2016":0.0,"air_quality_delta_2016":0.0,"opportunity_access_delta_2016":0.0,"fairness_context_delta_2016":0.0,"deprivation_weighted_opportunity_delta_2016":0.0,"development_pressure_delta_previous":0.0,"planning_intensity_delta_previous":0.0,"green_cover_delta_previous":0.0,"mobility_access_delta_previous":0.0,"bike_activity_delta_previous":0.0,"air_quality_delta_previous":0.0,"opportunity_access_delta_previous":0.0,"fairness_context_delta_previous":0.0,"deprivation_weighted_opportunity_delta_previous":0.0,"dominant_change":"stable","confidence":"medium","evidence":["OpenStreetMap building export clipped to Belfast NI core","250m-style grid proxy generated from local spatial anchors","Local raster source available for satellite/NDVI review"]},"geometry":{"type":"Polygon","coordinates":[[[-5.796666666666667,54.625],[-5.78,54.625],[-5.78,54.64],[-5.796666666666667,54.64],[-5.796666666666667,54.625]]]}},{"type":"Feature","id":"belfast_08_00_2016","properties":{"cell_id":"belfast_08_00","year":2016,"row":8,"col":0,"development_pressure":0.166,"planning_intensity":0.093,"green_cover":0.332,"mobility_access":0.2,"bike_activity":0.05,"air_quality":0.629,"opportunity_access":0.33,"fairness_context":0.0,"deprivation_weighted_opportunity":0.245,"development_pressure_delta_2016":0.0,"planning_intensity_delta_2016":0.0,"green_cover_delta_2016":0.0,"mobility_access_delta_2016":0.0,"bike_activity_delta_2016":0.0,"air_quality_delta_2016":0.0,"opportunity_access_delta_2016":0.0,"fairness_context_delta_2016":0.0,"deprivation_weighted_opportunity_delta_2016":0.0,"development_pressure_delta_previous":0.0,"planning_intensity_delta_previous":0.0,"green_cover_delta_previous":0.0,"mobility_access_delta_previous":0.0,"bike_activity_delta_previous":0.0,"air_quality_delta_previous":0.0,"opportunity_access_delta_previous":0.0,"fairness_context_delta_previous":0.0,"deprivation_weighted_opportunity_delta_previous":0.0,"dominant_change":"stable","confidence":"medium","evidence":["OpenStreetMap building export clipped to Belfast NI core","250m-style grid proxy generated from local spatial anchors","Local raster source available for satellite/NDVI review"]},"geometry":{"type":"Polygon","coordinates":[[[-6.08,54.64],[-6.0633333333333335,54.64],[-6.0633333333333335,54.655],[-6.08,54.655],[-6.08,54.64]]]}},{"type":"Feature","id":"belfast_08_01_2016","properties":{"cell_id":"belfast_08_01","year":2016,"row":8,"col":1,"development_pressure":0.179,"planning_intensity":0.1,"green_cover":0.341,"mobility_access":0.2,"bike_activity":0.05,"air_quality":0.629,"opportunity_access":0.331,"fairness_context":0.0,"deprivation_weighted_opportunity":0.245,"development_pressure_delta_2016":0.0,"planning_intensity_delta_2016":0.0,"green_cover_delta_2016":0.0,"mobility_access_delta_2016":0.0,"bike_activity_delta_2016":0.0,"air_quality_delta_2016":0.0,"opportunity_access_delta_2016":0.0,"fairness_context_delta_2016":0.0,"deprivation_weighted_opportunity_delta_2016":0.0,"development_pressure_delta_previous":0.0,"planning_intensity_delta_previous":0.0,"green_cover_delta_previous":0.0,"mobility_access_delta_previous":0.0,"bike_activity_delta_previous":0.0,"air_quality_delta_previous":0.0,"opportunity_access_delta_previous":0.0,"fairness_context_delta_previous":0.0,"deprivation_weighted_opportunity_delta_previous":0.0,"dominant_change":"stable","confidence":"medium","evidence":["OpenStreetMap building export clipped to Belfast NI core","250m-style grid proxy generated from local spatial anchors","Local raster source available for satellite/NDVI review"]},"geometry":{"type":"Polygon","coordinates":[[[-6.0633333333333335,54.64],[-6.046666666666667,54.64],[-6.046666666666667,54.655],[-6.0633333333333335,54.655],[-6.0633333333333335,54.64]]]}},{"type":"Feature","id":"belfast_08_02_2016","properties":{"cell_id":"belfast_08_02","year":2016,"row":8,"col":2,"development_pressure":0.177,"planning_intensity":0.098,"green_cover":0.325,"mobility_access":0.2,"bike_activity":0.05,"air_quality":0.626,"opportunity_access":0.328,"fairness_context":0.0,"deprivation_weighted_opportunity":0.243,"development_pressure_delta_2016":0.0,"planning_intensity_delta_2016":0.0,"green_cover_delta_2016":0.0,"mobility_access_delta_2016":0.0,"bike_activity_delta_2016":0.0,"air_quality_delta_2016":0.0,"opportunity_access_delta_2016":0.0,"fairness_context_delta_2016":0.0,"deprivation_weighted_opportunity_delta_2016":0.0,"development_pressure_delta_previous":0.0,"planning_intensity_delta_previous":0.0,"green_cover_delta_previous":0.0,"mobility_access_delta_previous":0.0,"bike_activity_delta_previous":0.0,"air_quality_delta_previous":0.0,"opportunity_access_delta_previous":0.0,"fairness_context_delta_previous":0.0,"deprivation_weighted_opportunity_delta_previous":0.0,"dominant_change":"stable","confidence":"medium","evidence":["OpenStreetMap building export clipped to Belfast NI core","250m-style grid proxy generated from local spatial anchors","Local raster source available for satellite/NDVI review"]},"geometry":{"type":"Polygon","coordinates":[[[-6.046666666666667,54.64],[-6.03,54.64],[-6.03,54.655],[-6.046666666666667,54.655],[-6.046666666666667,54.64]]]}},{"type":"Feature","id":"belfast_08_03_2016","properties":{"cell_id":"belfast_08_03","year":2016,"row":8,"col":3,"development_pressure":0.16,"planning_intensity":0.09,"green_cover":0.299,"mobility_access":0.2,"bike_activity":0.05,"air_quality":0.624,"opportunity_access":0.325,"fairness_context":0.0,"deprivation_weighted_opportunity":0.241,"development_pressure_delta_2016":0.0,"planning_intensity_delta_2016":0.0,"green_cover_delta_2016":0.0,"mobility_access_delta_2016":0.0,"bike_activity_delta_2016":0.0,"air_quality_delta_2016":0.0,"opportunity_access_delta_2016":0.0,"fairness_context_delta_2016":0.0,"deprivation_weighted_opportunity_delta_2016":0.0,"development_pressure_delta_previous":0.0,"planning_intensity_delta_previous":0.0,"green_cover_delta_previous":0.0,"mobility_access_delta_previous":0.0,"bike_activity_delta_previous":0.0,"air_quality_delta_previous":0.0,"opportunity_access_delta_previous":0.0,"fairness_context_delta_previous":0.0,"deprivation_weighted_opportunity_delta_previous":0.0,"dominant_change":"stable","confidence":"medium","evidence":["OpenStreetMap building export clipped to Belfast NI core","250m-style grid proxy generated from local spatial anchors","Local raster source available for satellite/NDVI review"]},"geometry":{"type":"Polygon","coordinates":[[[-6.03,54.64],[-6.013333333333334,54.64],[-6.013333333333334,54.655],[-6.03,54.655],[-6.03,54.64]]]}},{"type":"Feature","id":"belfast_08_04_2016","properties":{"cell_id":"belfast_08_04","year":2016,"row":8,"col":4,"development_pressure":0.136,"planning_intensity":0.078,"green_cover":0.288,"mobility_access":0.2,"bike_activity":0.05,"air_quality":0.626,"opportunity_access":0.325,"fairness_context":0.0,"deprivation_weighted_opportunity":0.241,"development_pressure_delta_2016":0.0,"planning_intensity_delta_2016":0.0,"green_cover_delta_2016":0.0,"mobility_access_delta_2016":0.0,"bike_activity_delta_2016":0.0,"air_quality_delta_2016":0.0,"opportunity_access_delta_2016":0.0,"fairness_context_delta_2016":0.0,"deprivation_weighted_opportunity_delta_2016":0.0,"development_pressure_delta_previous":0.0,"planning_intensity_delta_previous":0.0,"green_cover_delta_previous":0.0,"mobility_access_delta_previous":0.0,"bike_activity_delta_previous":0.0,"air_quality_delta_previous":0.0,"opportunity_access_delta_previous":0.0,"fairness_context_delta_previous":0.0,"deprivation_weighted_opportunity_delta_previous":0.0,"dominant_change":"stable","confidence":"medium","evidence":["OpenStreetMap building export clipped to Belfast NI core","250m-style grid proxy generated from local spatial anchors","Local raster source available for satellite/NDVI review"]},"geometry":{"type":"Polygon","coordinates":[[[-6.013333333333334,54.64],[-5.996666666666667,54.64],[-5.996666666666667,54.655],[-6.013333333333334,54.655],[-6.013333333333334,54.64]]]}},{"type":"Feature","id":"belfast_08_05_2016","properties":{"cell_id":"belfast_08_05","year":2016,"row":8,"col":5,"development_pressure":0.113,"planning_intensity":0.067,"green_cover":0.305,"mobility_access":0.2,"bike_activity":0.05,"air_quality":0.632,"opportunity_access":0.33,"fairness_context":0.02,"deprivation_weighted_opportunity":0.246,"development_pressure_delta_2016":0.0,"planning_intensity_delta_2016":0.0,"green_cover_delta_2016":0.0,"mobility_access_delta_2016":0.0,"bike_activity_delta_2016":0.0,"air_quality_delta_2016":0.0,"opportunity_access_delta_2016":0.0,"fairness_context_delta_2016":0.0,"deprivation_weighted_opportunity_delta_2016":0.0,"development_pressure_delta_previous":0.0,"planning_intensity_delta_previous":0.0,"green_cover_delta_previous":0.0,"mobility_access_delta_previous":0.0,"bike_activity_delta_previous":0.0,"air_quality_delta_previous":0.0,"opportunity_access_delta_previous":0.0,"fairness_context_delta_previous":0.0,"deprivation_weighted_opportunity_delta_previous":0.0,"dominant_change":"stable","confidence":"medium","evidence":["OpenStreetMap building export clipped to Belfast NI core","250m-style grid proxy generated from local spatial anchors","Local raster source available for satellite/NDVI review"]},"geometry":{"type":"Polygon","coordinates":[[[-5.996666666666667,54.64],[-5.98,54.64],[-5.98,54.655],[-5.996666666666667,54.655],[-5.996666666666667,54.64]]]}},{"type":"Feature","id":"belfast_08_06_2016","properties":{"cell_id":"belfast_08_06","year":2016,"row":8,"col":6,"development_pressure":0.101,"planning_intensity":0.06,"green_cover":0.335,"mobility_access":0.2,"bike_activity":0.05,"air_quality":0.641,"opportunity_access":0.336,"fairness_context":0.164,"deprivation_weighted_opportunity":0.263,"development_pressure_delta_2016":0.0,"planning_intensity_delta_2016":0.0,"green_cover_delta_2016":0.0,"mobility_access_delta_2016":0.0,"bike_activity_delta_2016":0.0,"air_quality_delta_2016":0.0,"opportunity_access_delta_2016":0.0,"fairness_context_delta_2016":0.0,"deprivation_weighted_opportunity_delta_2016":0.0,"development_pressure_delta_previous":0.0,"planning_intensity_delta_previous":0.0,"green_cover_delta_previous":0.0,"mobility_access_delta_previous":0.0,"bike_activity_delta_previous":0.0,"air_quality_delta_previous":0.0,"opportunity_access_delta_previous":0.0,"fairness_context_delta_previous":0.0,"deprivation_weighted_opportunity_delta_previous":0.0,"dominant_change":"stable","confidence":"medium","evidence":["OpenStreetMap building export clipped to Belfast NI core","250m-style grid proxy generated from local spatial anchors","Local raster source available for satellite/NDVI review"]},"geometry":{"type":"Polygon","coordinates":[[[-5.98,54.64],[-5.963333333333334,54.64],[-5.963333333333334,54.655],[-5.98,54.655],[-5.98,54.64]]]}},{"type":"Feature","id":"belfast_08_07_2016","properties":{"cell_id":"belfast_08_07","year":2016,"row":8,"col":7,"development_pressure":0.103,"planning_intensity":0.062,"green_cover":0.353,"mobility_access":0.2,"bike_activity":0.05,"air_quality":0.644,"opportunity_access":0.339,"fairness_context":0.261,"deprivation_weighted_opportunity":0.274,"development_pressure_delta_2016":0.0,"planning_intensity_delta_2016":0.0,"green_cover_delta_2016":0.0,"mobility_access_delta_2016":0.0,"bike_activity_delta_2016":0.0,"air_quality_delta_2016":0.0,"opportunity_access_delta_2016":0.0,"fairness_context_delta_2016":0.0,"deprivation_weighted_opportunity_delta_2016":0.0,"development_pressure_delta_previous":0.0,"planning_intensity_delta_previous":0.0,"green_cover_delta_previous":0.0,"mobility_access_delta_previous":0.0,"bike_activity_delta_previous":0.0,"air_quality_delta_previous":0.0,"opportunity_access_delta_previous":0.0,"fairness_context_delta_previous":0.0,"deprivation_weighted_opportunity_delta_previous":0.0,"dominant_change":"stable","confidence":"medium","evidence":["OpenStreetMap building export clipped to Belfast NI core","250m-style grid proxy generated from local spatial anchors","Local raster source available for satellite/NDVI review"]},"geometry":{"type":"Polygon","coordinates":[[[-5.963333333333334,54.64],[-5.946666666666667,54.64],[-5.946666666666667,54.655],[-5.963333333333334,54.655],[-5.963333333333334,54.64]]]}},{"type":"Feature","id":"belfast_08_08_2016","properties":{"cell_id":"belfast_08_08","year":2016,"row":8,"col":8,"development_pressure":0.121,"planning_intensity":0.076,"green_cover":0.396,"mobility_access":0.201,"bike_activity":0.051,"air_quality":0.649,"opportunity_access":0.347,"fairness_context":0.291,"deprivation_weighted_opportunity":0.283,"development_pressure_delta_2016":0.0,"planning_intensity_delta_2016":0.0,"green_cover_delta_2016":0.0,"mobility_access_delta_2016":0.0,"bike_activity_delta_2016":0.0,"air_quality_delta_2016":0.0,"opportunity_access_delta_2016":0.0,"fairness_context_delta_2016":0.0,"deprivation_weighted_opportunity_delta_2016":0.0,"development_pressure_delta_previous":0.0,"planning_intensity_delta_previous":0.0,"green_cover_delta_previous":0.0,"mobility_access_delta_previous":0.0,"bike_activity_delta_previous":0.0,"air_quality_delta_previous":0.0,"opportunity_access_delta_previous":0.0,"fairness_context_delta_previous":0.0,"deprivation_weighted_opportunity_delta_previous":0.0,"dominant_change":"stable","confidence":"medium","evidence":["OpenStreetMap building export clipped to Belfast NI core","250m-style grid proxy generated from local spatial anchors","Local raster source available for satellite/NDVI review"]},"geometry":{"type":"Polygon","coordinates":[[[-5.946666666666667,54.64],[-5.930000000000001,54.64],[-5.930000000000001,54.655],[-5.946666666666667,54.655],[-5.946666666666667,54.64]]]}},{"type":"Feature","id":"belfast_08_09_2016","properties":{"cell_id":"belfast_08_09","year":2016,"row":8,"col":9,"development_pressure":0.167,"planning_intensity":0.14,"green_cover":0.432,"mobility_access":0.201,"bike_activity":0.051,"air_quality":0.649,"opportunity_access":0.35,"fairness_context":0.273,"deprivation_weighted_opportunity":0.284,"development_pressure_delta_2016":0.0,"planning_intensity_delta_2016":0.0,"green_cover_delta_2016":0.0,"mobility_access_delta_2016":0.0,"bike_activity_delta_2016":0.0,"air_quality_delta_2016":0.0,"opportunity_access_delta_2016":0.0,"fairness_context_delta_2016":0.0,"deprivation_weighted_opportunity_delta_2016":0.0,"development_pressure_delta_previous":0.0,"planning_intensity_delta_previous":0.0,"green_cover_delta_previous":0.0,"mobility_access_delta_previous":0.0,"bike_activity_delta_previous":0.0,"air_quality_delta_previous":0.0,"opportunity_access_delta_previous":0.0,"fairness_context_delta_previous":0.0,"deprivation_weighted_opportunity_delta_previous":0.0,"dominant_change":"stable","confidence":"medium","evidence":["OpenStreetMap building export clipped to Belfast NI core","250m-style grid proxy generated from local spatial anchors","Local raster source available for satellite/NDVI review"]},"geometry":{"type":"Polygon","coordinates":[[[-5.93,54.64],[-5.913333333333333,54.64],[-5.913333333333333,54.655],[-5.93,54.655],[-5.93,54.64]]]}},{"type":"Feature","id":"belfast_08_10_2016","properties":{"cell_id":"belfast_08_10","year":2016,"row":8,"col":10,"development_pressure":0.204,"planning_intensity":0.162,"green_cover":0.399,"mobility_access":0.2,"bike_activity":0.05,"air_quality":0.637,"opportunity_access":0.339,"fairness_context":0.335,"deprivation_weighted_opportunity":0.281,"development_pressure_delta_2016":0.0,"planning_intensity_delta_2016":0.0,"green_cover_delta_2016":0.0,"mobility_access_delta_2016":0.0,"bike_activity_delta_2016":0.0,"air_quality_delta_2016":0.0,"opportunity_access_delta_2016":0.0,"fairness_context_delta_2016":0.0,"deprivation_weighted_opportunity_delta_2016":0.0,"development_pressure_delta_previous":0.0,"planning_intensity_delta_previous":0.0,"green_cover_delta_previous":0.0,"mobility_access_delta_previous":0.0,"bike_activity_delta_previous":0.0,"air_quality_delta_previous":0.0,"opportunity_access_delta_previous":0.0,"fairness_context_delta_previous":0.0,"deprivation_weighted_opportunity_delta_previous":0.0,"dominant_change":"stable","confidence":"medium","evidence":["OpenStreetMap building export clipped to Belfast NI core","250m-style grid proxy generated from local spatial anchors","Local raster source available for satellite/NDVI review"]},"geometry":{"type":"Polygon","coordinates":[[[-5.913333333333333,54.64],[-5.8966666666666665,54.64],[-5.8966666666666665,54.655],[-5.913333333333333,54.655],[-5.913333333333333,54.64]]]}},{"type":"Feature","id":"belfast_08_11_2016","properties":{"cell_id":"belfast_08_11","year":2016,"row":8,"col":11,"development_pressure":0.209,"planning_intensity":0.128,"green_cover":0.324,"mobility_access":0.2,"bike_activity":0.05,"air_quality":0.621,"opportunity_access":0.325,"fairness_context":0.319,"deprivation_weighted_opportunity":0.268,"development_pressure_delta_2016":0.0,"planning_intensity_delta_2016":0.0,"green_cover_delta_2016":0.0,"mobility_access_delta_2016":0.0,"bike_activity_delta_2016":0.0,"air_quality_delta_2016":0.0,"opportunity_access_delta_2016":0.0,"fairness_context_delta_2016":0.0,"deprivation_weighted_opportunity_delta_2016":0.0,"development_pressure_delta_previous":0.0,"planning_intensity_delta_previous":0.0,"green_cover_delta_previous":0.0,"mobility_access_delta_previous":0.0,"bike_activity_delta_previous":0.0,"air_quality_delta_previous":0.0,"opportunity_access_delta_previous":0.0,"fairness_context_delta_previous":0.0,"deprivation_weighted_opportunity_delta_previous":0.0,"dominant_change":"stable","confidence":"medium","evidence":["OpenStreetMap building export clipped to Belfast NI core","250m-style grid proxy generated from local spatial anchors","Local raster source available for satellite/NDVI review"]},"geometry":{"type":"Polygon","coordinates":[[[-5.8966666666666665,54.64],[-5.88,54.64],[-5.88,54.655],[-5.8966666666666665,54.655],[-5.8966666666666665,54.64]]]}},{"type":"Feature","id":"belfast_08_12_2016","properties":{"cell_id":"belfast_08_12","year":2016,"row":8,"col":12,"development_pressure":0.178,"planning_intensity":0.099,"green_cover":0.315,"mobility_access":0.2,"bike_activity":0.05,"air_quality":0.624,"opportunity_access":0.326,"fairness_context":0.229,"deprivation_weighted_opportunity":0.261,"development_pressure_delta_2016":0.0,"planning_intensity_delta_2016":0.0,"green_cover_delta_2016":0.0,"mobility_access_delta_2016":0.0,"bike_activity_delta_2016":0.0,"air_quality_delta_2016":0.0,"opportunity_access_delta_2016":0.0,"fairness_context_delta_2016":0.0,"deprivation_weighted_opportunity_delta_2016":0.0,"development_pressure_delta_previous":0.0,"planning_intensity_delta_previous":0.0,"green_cover_delta_previous":0.0,"mobility_access_delta_previous":0.0,"bike_activity_delta_previous":0.0,"air_quality_delta_previous":0.0,"opportunity_access_delta_previous":0.0,"fairness_context_delta_previous":0.0,"deprivation_weighted_opportunity_delta_previous":0.0,"dominant_change":"stable","confidence":"medium","evidence":["OpenStreetMap building export clipped to Belfast NI core","250m-style grid proxy generated from local spatial anchors","Local raster source available for satellite/NDVI review"]},"geometry":{"type":"Polygon","coordinates":[[[-5.88,54.64],[-5.863333333333333,54.64],[-5.863333333333333,54.655],[-5.88,54.655],[-5.88,54.64]]]}},{"type":"Feature","id":"belfast_08_13_2016","properties":{"cell_id":"belfast_08_13","year":2016,"row":8,"col":13,"development_pressure":0.16,"planning_intensity":0.09,"green_cover":0.341,"mobility_access":0.2,"bike_activity":0.05,"air_quality":0.632,"opportunity_access":0.333,"fairness_context":0.087,"deprivation_weighted_opportunity":0.254,"development_pressure_delta_2016":0.0,"planning_intensity_delta_2016":0.0,"green_cover_delta_2016":0.0,"mobility_access_delta_2016":0.0,"bike_activity_delta_2016":0.0,"air_quality_delta_2016":0.0,"opportunity_access_delta_2016":0.0,"fairness_context_delta_2016":0.0,"deprivation_weighted_opportunity_delta_2016":0.0,"development_pressure_delta_previous":0.0,"planning_intensity_delta_previous":0.0,"green_cover_delta_previous":0.0,"mobility_access_delta_previous":0.0,"bike_activity_delta_previous":0.0,"air_quality_delta_previous":0.0,"opportunity_access_delta_previous":0.0,"fairness_context_delta_previous":0.0,"deprivation_weighted_opportunity_delta_previous":0.0,"dominant_change":"stable","confidence":"medium","evidence":["OpenStreetMap building export clipped to Belfast NI core","250m-style grid proxy generated from local spatial anchors","Local raster source available for satellite/NDVI review"]},"geometry":{"type":"Polygon","coordinates":[[[-5.863333333333333,54.64],[-5.846666666666667,54.64],[-5.846666666666667,54.655],[-5.863333333333333,54.655],[-5.863333333333333,54.64]]]}},{"type":"Feature","id":"belfast_08_14_2016","properties":{"cell_id":"belfast_08_14","year":2016,"row":8,"col":14,"development_pressure":0.135,"planning_intensity":0.078,"green_cover":0.344,"mobility_access":0.2,"bike_activity":0.05,"air_quality":0.637,"opportunity_access":0.335,"fairness_context":0.0,"deprivation_weighted_opportunity":0.248,"development_pressure_delta_2016":0.0,"planning_intensity_delta_2016":0.0,"green_cover_delta_2016":0.0,"mobility_access_delta_2016":0.0,"bike_activity_delta_2016":0.0,"air_quality_delta_2016":0.0,"opportunity_access_delta_2016":0.0,"fairness_context_delta_2016":0.0,"deprivation_weighted_opportunity_delta_2016":0.0,"development_pressure_delta_previous":0.0,"planning_intensity_delta_previous":0.0,"green_cover_delta_previous":0.0,"mobility_access_delta_previous":0.0,"bike_activity_delta_previous":0.0,"air_quality_delta_previous":0.0,"opportunity_access_delta_previous":0.0,"fairness_context_delta_previous":0.0,"deprivation_weighted_opportunity_delta_previous":0.0,"dominant_change":"stable","confidence":"medium","evidence":["OpenStreetMap building export clipped to Belfast NI core","250m-style grid proxy generated from local spatial anchors","Local raster source available for satellite/NDVI review"]},"geometry":{"type":"Polygon","coordinates":[[[-5.846666666666667,54.64],[-5.83,54.64],[-5.83,54.655],[-5.846666666666667,54.655],[-5.846666666666667,54.64]]]}},{"type":"Feature","id":"belfast_08_15_2016","properties":{"cell_id":"belfast_08_15","year":2016,"row":8,"col":15,"development_pressure":0.113,"planning_intensity":0.066,"green_cover":0.323,"mobility_access":0.2,"bike_activity":0.05,"air_quality":0.636,"opportunity_access":0.333,"fairness_context":0.0,"deprivation_weighted_opportunity":0.247,"development_pressure_delta_2016":0.0,"planning_intensity_delta_2016":0.0,"green_cover_delta_2016":0.0,"mobility_access_delta_2016":0.0,"bike_activity_delta_2016":0.0,"air_quality_delta_2016":0.0,"opportunity_access_delta_2016":0.0,"fairness_context_delta_2016":0.0,"deprivation_weighted_opportunity_delta_2016":0.0,"development_pressure_delta_previous":0.0,"planning_intensity_delta_previous":0.0,"green_cover_delta_previous":0.0,"mobility_access_delta_previous":0.0,"bike_activity_delta_previous":0.0,"air_quality_delta_previous":0.0,"opportunity_access_delta_previous":0.0,"fairness_context_delta_previous":0.0,"deprivation_weighted_opportunity_delta_previous":0.0,"dominant_change":"stable","confidence":"medium","evidence":["OpenStreetMap building export clipped to Belfast NI core","250m-style grid proxy generated from local spatial anchors","Local raster source available for satellite/NDVI review"]},"geometry":{"type":"Polygon","coordinates":[[[-5.83,54.64],[-5.8133333333333335,54.64],[-5.8133333333333335,54.655],[-5.83,54.655],[-5.83,54.64]]]}},{"type":"Feature","id":"belfast_08_16_2016","properties":{"cell_id":"belfast_08_16","year":2016,"row":8,"col":16,"development_pressure":0.101,"planning_intensity":0.06,"green_cover":0.299,"mobility_access":0.2,"bike_activity":0.05,"air_quality":0.633,"opportunity_access":0.33,"fairness_context":0.0,"deprivation_weighted_opportunity":0.244,"development_pressure_delta_2016":0.0,"planning_intensity_delta_2016":0.0,"green_cover_delta_2016":0.0,"mobility_access_delta_2016":0.0,"bike_activity_delta_2016":0.0,"air_quality_delta_2016":0.0,"opportunity_access_delta_2016":0.0,"fairness_context_delta_2016":0.0,"deprivation_weighted_opportunity_delta_2016":0.0,"development_pressure_delta_previous":0.0,"planning_intensity_delta_previous":0.0,"green_cover_delta_previous":0.0,"mobility_access_delta_previous":0.0,"bike_activity_delta_previous":0.0,"air_quality_delta_previous":0.0,"opportunity_access_delta_previous":0.0,"fairness_context_delta_previous":0.0,"deprivation_weighted_opportunity_delta_previous":0.0,"dominant_change":"stable","confidence":"medium","evidence":["OpenStreetMap building export clipped to Belfast NI core","250m-style grid proxy generated from local spatial anchors","Local raster source available for satellite/NDVI review"]},"geometry":{"type":"Polygon","coordinates":[[[-5.8133333333333335,54.64],[-5.796666666666667,54.64],[-5.796666666666667,54.655],[-5.8133333333333335,54.655],[-5.8133333333333335,54.64]]]}},{"type":"Feature","id":"belfast_08_17_2016","properties":{"cell_id":"belfast_08_17","year":2016,"row":8,"col":17,"development_pressure":0.104,"planning_intensity":0.062,"green_cover":0.296,"mobility_access":0.2,"bike_activity":0.05,"air_quality":0.632,"opportunity_access":0.329,"fairness_context":0.0,"deprivation_weighted_opportunity":0.243,"development_pressure_delta_2016":0.0,"planning_intensity_delta_2016":0.0,"green_cover_delta_2016":0.0,"mobility_access_delta_2016":0.0,"bike_activity_delta_2016":0.0,"air_quality_delta_2016":0.0,"opportunity_access_delta_2016":0.0,"fairness_context_delta_2016":0.0,"deprivation_weighted_opportunity_delta_2016":0.0,"development_pressure_delta_previous":0.0,"planning_intensity_delta_previous":0.0,"green_cover_delta_previous":0.0,"mobility_access_delta_previous":0.0,"bike_activity_delta_previous":0.0,"air_quality_delta_previous":0.0,"opportunity_access_delta_previous":0.0,"fairness_context_delta_previous":0.0,"deprivation_weighted_opportunity_delta_previous":0.0,"dominant_change":"stable","confidence":"medium","evidence":["OpenStreetMap building export clipped to Belfast NI core","250m-style grid proxy generated from local spatial anchors","Local raster source available for satellite/NDVI review"]},"geometry":{"type":"Polygon","coordinates":[[[-5.796666666666667,54.64],[-5.78,54.64],[-5.78,54.655],[-5.796666666666667,54.655],[-5.796666666666667,54.64]]]}},{"type":"Feature","id":"belfast_09_00_2016","properties":{"cell_id":"belfast_09_00","year":2016,"row":9,"col":0,"development_pressure":0.178,"planning_intensity":0.099,"green_cover":0.33,"mobility_access":0.2,"bike_activity":0.05,"air_quality":0.627,"opportunity_access":0.329,"fairness_context":0.0,"deprivation_weighted_opportunity":0.244,"development_pressure_delta_2016":0.0,"planning_intensity_delta_2016":0.0,"green_cover_delta_2016":0.0,"mobility_access_delta_2016":0.0,"bike_activity_delta_2016":0.0,"air_quality_delta_2016":0.0,"opportunity_access_delta_2016":0.0,"fairness_context_delta_2016":0.0,"deprivation_weighted_opportunity_delta_2016":0.0,"development_pressure_delta_previous":0.0,"planning_intensity_delta_previous":0.0,"green_cover_delta_previous":0.0,"mobility_access_delta_previous":0.0,"bike_activity_delta_previous":0.0,"air_quality_delta_previous":0.0,"opportunity_access_delta_previous":0.0,"fairness_context_delta_previous":0.0,"deprivation_weighted_opportunity_delta_previous":0.0,"dominant_change":"stable","confidence":"medium","evidence":["OpenStreetMap building export clipped to Belfast NI core","250m-style grid proxy generated from local spatial anchors","Local raster source available for satellite/NDVI review"]},"geometry":{"type":"Polygon","coordinates":[[[-6.08,54.655],[-6.0633333333333335,54.655],[-6.0633333333333335,54.67],[-6.08,54.67],[-6.08,54.655]]]}},{"type":"Feature","id":"belfast_09_01_2016","properties":{"cell_id":"belfast_09_01","year":2016,"row":9,"col":1,"development_pressure":0.163,"planning_intensity":0.091,"green_cover":0.344,"mobility_access":0.2,"bike_activity":0.05,"air_quality":0.632,"opportunity_access":0.333,"fairness_context":0.0,"deprivation_weighted_opportunity":0.246,"development_pressure_delta_2016":0.0,"planning_intensity_delta_2016":0.0,"green_cover_delta_2016":0.0,"mobility_access_delta_2016":0.0,"bike_activity_delta_2016":0.0,"air_quality_delta_2016":0.0,"opportunity_access_delta_2016":0.0,"fairness_context_delta_2016":0.0,"deprivation_weighted_opportunity_delta_2016":0.0,"development_pressure_delta_previous":0.0,"planning_intensity_delta_previous":0.0,"green_cover_delta_previous":0.0,"mobility_access_delta_previous":0.0,"bike_activity_delta_previous":0.0,"air_quality_delta_previous":0.0,"opportunity_access_delta_previous":0.0,"fairness_context_delta_previous":0.0,"deprivation_weighted_opportunity_delta_previous":0.0,"dominant_change":"stable","confidence":"medium","evidence":["OpenStreetMap building export clipped to Belfast NI core","250m-style grid proxy generated from local spatial anchors","Local raster source available for satellite/NDVI review"]},"geometry":{"type":"Polygon","coordinates":[[[-6.0633333333333335,54.655],[-6.046666666666667,54.655],[-6.046666666666667,54.67],[-6.0633333333333335,54.67],[-6.0633333333333335,54.655]]]}},{"type":"Feature","id":"belfast_09_02_2016","properties":{"cell_id":"belfast_09_02","year":2016,"row":9,"col":2,"development_pressure":0.139,"planning_intensity":0.079,"green_cover":0.331,"mobility_access":0.2,"bike_activity":0.05,"air_quality":0.634,"opportunity_access":0.333,"fairness_context":0.0,"deprivation_weighted_opportunity":0.246,"development_pressure_delta_2016":0.0,"planning_intensity_delta_2016":0.0,"green_cover_delta_2016":0.0,"mobility_access_delta_2016":0.0,"bike_activity_delta_2016":0.0,"air_quality_delta_2016":0.0,"opportunity_access_delta_2016":0.0,"fairness_context_delta_2016":0.0,"deprivation_weighted_opportunity_delta_2016":0.0,"development_pressure_delta_previous":0.0,"planning_intensity_delta_previous":0.0,"green_cover_delta_previous":0.0,"mobility_access_delta_previous":0.0,"bike_activity_delta_previous":0.0,"air_quality_delta_previous":0.0,"opportunity_access_delta_previous":0.0,"fairness_context_delta_previous":0.0,"deprivation_weighted_opportunity_delta_previous":0.0,"dominant_change":"stable","confidence":"medium","evidence":["OpenStreetMap building export clipped to Belfast NI core","250m-style grid proxy generated from local spatial anchors","Local raster source available for satellite/NDVI review"]},"geometry":{"type":"Polygon","coordinates":[[[-6.046666666666667,54.655],[-6.03,54.655],[-6.03,54.67],[-6.046666666666667,54.67],[-6.046666666666667,54.655]]]}},{"type":"Feature","id":"belfast_09_03_2016","properties":{"cell_id":"belfast_09_03","year":2016,"row":9,"col":3,"development_pressure":0.116,"planning_intensity":0.068,"green_cover":0.306,"mobility_access":0.2,"bike_activity":0.05,"air_quality":0.632,"opportunity_access":0.33,"fairness_context":0.0,"deprivation_weighted_opportunity":0.244,"development_pressure_delta_2016":0.0,"planning_intensity_delta_2016":0.0,"green_cover_delta_2016":0.0,"mobility_access_delta_2016":0.0,"bike_activity_delta_2016":0.0,"air_quality_delta_2016":0.0,"opportunity_access_delta_2016":0.0,"fairness_context_delta_2016":0.0,"deprivation_weighted_opportunity_delta_2016":0.0,"development_pressure_delta_previous":0.0,"planning_intensity_delta_previous":0.0,"green_cover_delta_previous":0.0,"mobility_access_delta_previous":0.0,"bike_activity_delta_previous":0.0,"air_quality_delta_previous":0.0,"opportunity_access_delta_previous":0.0,"fairness_context_delta_previous":0.0,"deprivation_weighted_opportunity_delta_previous":0.0,"dominant_change":"stable","confidence":"medium","evidence":["OpenStreetMap building export clipped to Belfast NI core","250m-style grid proxy generated from local spatial anchors","Local raster source available for satellite/NDVI review"]},"geometry":{"type":"Polygon","coordinates":[[[-6.03,54.655],[-6.013333333333334,54.655],[-6.013333333333334,54.67],[-6.03,54.67],[-6.03,54.655]]]}},{"type":"Feature","id":"belfast_09_04_2016","properties":{"cell_id":"belfast_09_04","year":2016,"row":9,"col":4,"development_pressure":0.102,"planning_intensity":0.061,"green_cover":0.294,"mobility_access":0.2,"bike_activity":0.05,"air_quality":0.632,"opportunity_access":0.329,"fairness_context":0.0,"deprivation_weighted_opportunity":0.243,"development_pressure_delta_2016":0.0,"planning_intensity_delta_2016":0.0,"green_cover_delta_2016":0.0,"mobility_access_delta_2016":0.0,"bike_activity_delta_2016":0.0,"air_quality_delta_2016":0.0,"opportunity_access_delta_2016":0.0,"fairness_context_delta_2016":0.0,"deprivation_weighted_opportunity_delta_2016":0.0,"development_pressure_delta_previous":0.0,"planning_intensity_delta_previous":0.0,"green_cover_delta_previous":0.0,"mobility_access_delta_previous":0.0,"bike_activity_delta_previous":0.0,"air_quality_delta_previous":0.0,"opportunity_access_delta_previous":0.0,"fairness_context_delta_previous":0.0,"deprivation_weighted_opportunity_delta_previous":0.0,"dominant_change":"stable","confidence":"medium","evidence":["OpenStreetMap building export clipped to Belfast NI core","250m-style grid proxy generated from local spatial anchors","Local raster source available for satellite/NDVI review"]},"geometry":{"type":"Polygon","coordinates":[[[-6.013333333333334,54.655],[-5.996666666666667,54.655],[-5.996666666666667,54.67],[-6.013333333333334,54.67],[-6.013333333333334,54.655]]]}},{"type":"Feature","id":"belfast_09_05_2016","properties":{"cell_id":"belfast_09_05","year":2016,"row":9,"col":5,"development_pressure":0.102,"planning_intensity":0.061,"green_cover":0.306,"mobility_access":0.2,"bike_activity":0.05,"air_quality":0.635,"opportunity_access":0.331,"fairness_context":0.0,"deprivation_weighted_opportunity":0.245,"development_pressure_delta_2016":0.0,"planning_intensity_delta_2016":0.0,"green_cover_delta_2016":0.0,"mobility_access_delta_2016":0.0,"bike_activity_delta_2016":0.0,"air_quality_delta_2016":0.0,"opportunity_access_delta_2016":0.0,"fairness_context_delta_2016":0.0,"deprivation_weighted_opportunity_delta_2016":0.0,"development_pressure_delta_previous":0.0,"planning_intensity_delta_previous":0.0,"green_cover_delta_previous":0.0,"mobility_access_delta_previous":0.0,"bike_activity_delta_previous":0.0,"air_quality_delta_previous":0.0,"opportunity_access_delta_previous":0.0,"fairness_context_delta_previous":0.0,"deprivation_weighted_opportunity_delta_previous":0.0,"dominant_change":"stable","confidence":"medium","evidence":["OpenStreetMap building export clipped to Belfast NI core","250m-style grid proxy generated from local spatial anchors","Local raster source available for satellite/NDVI review"]},"geometry":{"type":"Polygon","coordinates":[[[-5.996666666666667,54.655],[-5.98,54.655],[-5.98,54.67],[-5.996666666666667,54.67],[-5.996666666666667,54.655]]]}},{"type":"Feature","id":"belfast_09_06_2016","properties":{"cell_id":"belfast_09_06","year":2016,"row":9,"col":6,"development_pressure":0.118,"planning_intensity":0.069,"green_cover":0.332,"mobility_access":0.2,"bike_activity":0.05,"air_quality":0.637,"opportunity_access":0.334,"fairness_context":0.0,"deprivation_weighted_opportunity":0.247,"development_pressure_delta_2016":0.0,"planning_intensity_delta_2016":0.0,"green_cover_delta_2016":0.0,"mobility_access_delta_2016":0.0,"bike_activity_delta_2016":0.0,"air_quality_delta_2016":0.0,"opportunity_access_delta_2016":0.0,"fairness_context_delta_2016":0.0,"deprivation_weighted_opportunity_delta_2016":0.0,"development_pressure_delta_previous":0.0,"planning_intensity_delta_previous":0.0,"green_cover_delta_previous":0.0,"mobility_access_delta_previous":0.0,"bike_activity_delta_previous":0.0,"air_quality_delta_previous":0.0,"opportunity_access_delta_previous":0.0,"fairness_context_delta_previous":0.0,"deprivation_weighted_opportunity_delta_previous":0.0,"dominant_change":"stable","confidence":"medium","evidence":["OpenStreetMap building export clipped to Belfast NI core","250m-style grid proxy generated from local spatial anchors","Local raster source available for satellite/NDVI review"]},"geometry":{"type":"Polygon","coordinates":[[[-5.98,54.655],[-5.963333333333334,54.655],[-5.963333333333334,54.67],[-5.98,54.67],[-5.98,54.655]]]}},{"type":"Feature","id":"belfast_09_07_2016","properties":{"cell_id":"belfast_09_07","year":2016,"row":9,"col":7,"development_pressure":0.141,"planning_intensity":0.081,"green_cover":0.347,"mobility_access":0.2,"bike_activity":0.05,"air_quality":0.636,"opportunity_access":0.335,"fairness_context":0.0,"deprivation_weighted_opportunity":0.248,"development_pressure_delta_2016":0.0,"planning_intensity_delta_2016":0.0,"green_cover_delta_2016":0.0,"mobility_access_delta_2016":0.0,"bike_activity_delta_2016":0.0,"air_quality_delta_2016":0.0,"opportunity_access_delta_2016":0.0,"fairness_context_delta_2016":0.0,"deprivation_weighted_opportunity_delta_2016":0.0,"development_pressure_delta_previous":0.0,"planning_intensity_delta_previous":0.0,"green_cover_delta_previous":0.0,"mobility_access_delta_previous":0.0,"bike_activity_delta_previous":0.0,"air_quality_delta_previous":0.0,"opportunity_access_delta_previous":0.0,"fairness_context_delta_previous":0.0,"deprivation_weighted_opportunity_delta_previous":0.0,"dominant_change":"stable","confidence":"medium","evidence":["OpenStreetMap building export clipped to Belfast NI core","250m-style grid proxy generated from local spatial anchors","Local raster source available for satellite/NDVI review"]},"geometry":{"type":"Polygon","coordinates":[[[-5.963333333333334,54.655],[-5.946666666666667,54.655],[-5.946666666666667,54.67],[-5.963333333333334,54.67],[-5.963333333333334,54.655]]]}},{"type":"Feature","id":"belfast_09_08_2016","properties":{"cell_id":"belfast_09_08","year":2016,"row":9,"col":8,"development_pressure":0.165,"planning_intensity":0.092,"green_cover":0.334,"mobility_access":0.2,"bike_activity":0.05,"air_quality":0.63,"opportunity_access":0.331,"fairness_context":0.0,"deprivation_weighted_opportunity":0.245,"development_pressure_delta_2016":0.0,"planning_intensity_delta_2016":0.0,"green_cover_delta_2016":0.0,"mobility_access_delta_2016":0.0,"bike_activity_delta_2016":0.0,"air_quality_delta_2016":0.0,"opportunity_access_delta_2016":0.0,"fairness_context_delta_2016":0.0,"deprivation_weighted_opportunity_delta_2016":0.0,"development_pressure_delta_previous":0.0,"planning_intensity_delta_previous":0.0,"green_cover_delta_previous":0.0,"mobility_access_delta_previous":0.0,"bike_activity_delta_previous":0.0,"air_quality_delta_previous":0.0,"opportunity_access_delta_previous":0.0,"fairness_context_delta_previous":0.0,"deprivation_weighted_opportunity_delta_previous":0.0,"dominant_change":"stable","confidence":"medium","evidence":["OpenStreetMap building export clipped to Belfast NI core","250m-style grid proxy generated from local spatial anchors","Local raster source available for satellite/NDVI review"]},"geometry":{"type":"Polygon","coordinates":[[[-5.946666666666667,54.655],[-5.930000000000001,54.655],[-5.930000000000001,54.67],[-5.946666666666667,54.67],[-5.946666666666667,54.655]]]}},{"type":"Feature","id":"belfast_09_09_2016","properties":{"cell_id":"belfast_09_09","year":2016,"row":9,"col":9,"development_pressure":0.179,"planning_intensity":0.149,"green_cover":0.354,"mobility_access":0.2,"bike_activity":0.05,"air_quality":0.632,"opportunity_access":0.333,"fairness_context":0.0,"deprivation_weighted_opportunity":0.247,"development_pressure_delta_2016":0.0,"planning_intensity_delta_2016":0.0,"green_cover_delta_2016":0.0,"mobility_access_delta_2016":0.0,"bike_activity_delta_2016":0.0,"air_quality_delta_2016":0.0,"opportunity_access_delta_2016":0.0,"fairness_context_delta_2016":0.0,"deprivation_weighted_opportunity_delta_2016":0.0,"development_pressure_delta_previous":0.0,"planning_intensity_delta_previous":0.0,"green_cover_delta_previous":0.0,"mobility_access_delta_previous":0.0,"bike_activity_delta_previous":0.0,"air_quality_delta_previous":0.0,"opportunity_access_delta_previous":0.0,"fairness_context_delta_previous":0.0,"deprivation_weighted_opportunity_delta_previous":0.0,"dominant_change":"stable","confidence":"medium","evidence":["OpenStreetMap building export clipped to Belfast NI core","250m-style grid proxy generated from local spatial anchors","Local raster source available for satellite/NDVI review"]},"geometry":{"type":"Polygon","coordinates":[[[-5.93,54.655],[-5.913333333333333,54.655],[-5.913333333333333,54.67],[-5.93,54.67],[-5.93,54.655]]]}},{"type":"Feature","id":"belfast_09_10_2016","properties":{"cell_id":"belfast_09_10","year":2016,"row":9,"col":10,"development_pressure":0.177,"planning_intensity":0.2,"green_cover":0.385,"mobility_access":0.2,"bike_activity":0.05,"air_quality":0.638,"opportunity_access":0.339,"fairness_context":0.0,"deprivation_weighted_opportunity":0.251,"development_pressure_delta_2016":0.0,"planning_intensity_delta_2016":0.0,"green_cover_delta_2016":0.0,"mobility_access_delta_2016":0.0,"bike_activity_delta_2016":0.0,"air_quality_delta_2016":0.0,"opportunity_access_delta_2016":0.0,"fairness_context_delta_2016":0.0,"deprivation_weighted_opportunity_delta_2016":0.0,"development_pressure_delta_previous":0.0,"planning_intensity_delta_previous":0.0,"green_cover_delta_previous":0.0,"mobility_access_delta_previous":0.0,"bike_activity_delta_previous":0.0,"air_quality_delta_previous":0.0,"opportunity_access_delta_previous":0.0,"fairness_context_delta_previous":0.0,"deprivation_weighted_opportunity_delta_previous":0.0,"dominant_change":"stable","confidence":"medium","evidence":["OpenStreetMap building export clipped to Belfast NI core","250m-style grid proxy generated from local spatial anchors","Local raster source available for satellite/NDVI review"]},"geometry":{"type":"Polygon","coordinates":[[[-5.913333333333333,54.655],[-5.8966666666666665,54.655],[-5.8966666666666665,54.67],[-5.913333333333333,54.67],[-5.913333333333333,54.655]]]}},{"type":"Feature","id":"belfast_09_11_2016","properties":{"cell_id":"belfast_09_11","year":2016,"row":9,"col":11,"development_pressure":0.162,"planning_intensity":0.161,"green_cover":0.36,"mobility_access":0.2,"bike_activity":0.05,"air_quality":0.636,"opportunity_access":0.336,"fairness_context":0.0,"deprivation_weighted_opportunity":0.249,"development_pressure_delta_2016":0.0,"planning_intensity_delta_2016":0.0,"green_cover_delta_2016":0.0,"mobility_access_delta_2016":0.0,"bike_activity_delta_2016":0.0,"air_quality_delta_2016":0.0,"opportunity_access_delta_2016":0.0,"fairness_context_delta_2016":0.0,"deprivation_weighted_opportunity_delta_2016":0.0,"development_pressure_delta_previous":0.0,"planning_intensity_delta_previous":0.0,"green_cover_delta_previous":0.0,"mobility_access_delta_previous":0.0,"bike_activity_delta_previous":0.0,"air_quality_delta_previous":0.0,"opportunity_access_delta_previous":0.0,"fairness_context_delta_previous":0.0,"deprivation_weighted_opportunity_delta_previous":0.0,"dominant_change":"stable","confidence":"medium","evidence":["OpenStreetMap building export clipped to Belfast NI core","250m-style grid proxy generated from local spatial anchors","Local raster source available for satellite/NDVI review"]},"geometry":{"type":"Polygon","coordinates":[[[-5.8966666666666665,54.655],[-5.88,54.655],[-5.88,54.67],[-5.8966666666666665,54.67],[-5.8966666666666665,54.655]]]}},{"type":"Feature","id":"belfast_09_12_2016","properties":{"cell_id":"belfast_09_12","year":2016,"row":9,"col":12,"development_pressure":0.138,"planning_intensity":0.092,"green_cover":0.333,"mobility_access":0.2,"bike_activity":0.05,"air_quality":0.634,"opportunity_access":0.333,"fairness_context":0.0,"deprivation_weighted_opportunity":0.246,"development_pressure_delta_2016":0.0,"planning_intensity_delta_2016":0.0,"green_cover_delta_2016":0.0,"mobility_access_delta_2016":0.0,"bike_activity_delta_2016":0.0,"air_quality_delta_2016":0.0,"opportunity_access_delta_2016":0.0,"fairness_context_delta_2016":0.0,"deprivation_weighted_opportunity_delta_2016":0.0,"development_pressure_delta_previous":0.0,"planning_intensity_delta_previous":0.0,"green_cover_delta_previous":0.0,"mobility_access_delta_previous":0.0,"bike_activity_delta_previous":0.0,"air_quality_delta_previous":0.0,"opportunity_access_delta_previous":0.0,"fairness_context_delta_previous":0.0,"deprivation_weighted_opportunity_delta_previous":0.0,"dominant_change":"stable","confidence":"medium","evidence":["OpenStreetMap building export clipped to Belfast NI core","250m-style grid proxy generated from local spatial anchors","Local raster source available for satellite/NDVI review"]},"geometry":{"type":"Polygon","coordinates":[[[-5.88,54.655],[-5.863333333333333,54.655],[-5.863333333333333,54.67],[-5.88,54.67],[-5.88,54.655]]]}},{"type":"Feature","id":"belfast_09_13_2016","properties":{"cell_id":"belfast_09_13","year":2016,"row":9,"col":13,"development_pressure":0.115,"planning_intensity":0.067,"green_cover":0.348,"mobility_access":0.2,"bike_activity":0.05,"air_quality":0.641,"opportunity_access":0.338,"fairness_context":0.0,"deprivation_weighted_opportunity":0.25,"development_pressure_delta_2016":0.0,"planning_intensity_delta_2016":0.0,"green_cover_delta_2016":0.0,"mobility_access_delta_2016":0.0,"bike_activity_delta_2016":0.0,"air_quality_delta_2016":0.0,"opportunity_access_delta_2016":0.0,"fairness_context_delta_2016":0.0,"deprivation_weighted_opportunity_delta_2016":0.0,"development_pressure_delta_previous":0.0,"planning_intensity_delta_previous":0.0,"green_cover_delta_previous":0.0,"mobility_access_delta_previous":0.0,"bike_activity_delta_previous":0.0,"air_quality_delta_previous":0.0,"opportunity_access_delta_previous":0.0,"fairness_context_delta_previous":0.0,"deprivation_weighted_opportunity_delta_previous":0.0,"dominant_change":"stable","confidence":"medium","evidence":["OpenStreetMap building export clipped to Belfast NI core","250m-style grid proxy generated from local spatial anchors","Local raster source available for satellite/NDVI review"]},"geometry":{"type":"Polygon","coordinates":[[[-5.863333333333333,54.655],[-5.846666666666667,54.655],[-5.846666666666667,54.67],[-5.863333333333333,54.67],[-5.863333333333333,54.655]]]}},{"type":"Feature","id":"belfast_09_14_2016","properties":{"cell_id":"belfast_09_14","year":2016,"row":9,"col":14,"development_pressure":0.101,"planning_intensity":0.061,"green_cover":0.35,"mobility_access":0.2,"bike_activity":0.05,"air_quality":0.643,"opportunity_access":0.339,"fairness_context":0.0,"deprivation_weighted_opportunity":0.251,"development_pressure_delta_2016":0.0,"planning_intensity_delta_2016":0.0,"green_cover_delta_2016":0.0,"mobility_access_delta_2016":0.0,"bike_activity_delta_2016":0.0,"air_quality_delta_2016":0.0,"opportunity_access_delta_2016":0.0,"fairness_context_delta_2016":0.0,"deprivation_weighted_opportunity_delta_2016":0.0,"development_pressure_delta_previous":0.0,"planning_intensity_delta_previous":0.0,"green_cover_delta_previous":0.0,"mobility_access_delta_previous":0.0,"bike_activity_delta_previous":0.0,"air_quality_delta_previous":0.0,"opportunity_access_delta_previous":0.0,"fairness_context_delta_previous":0.0,"deprivation_weighted_opportunity_delta_previous":0.0,"dominant_change":"stable","confidence":"medium","evidence":["OpenStreetMap building export clipped to Belfast NI core","250m-style grid proxy generated from local spatial anchors","Local raster source available for satellite/NDVI review"]},"geometry":{"type":"Polygon","coordinates":[[[-5.846666666666667,54.655],[-5.83,54.655],[-5.83,54.67],[-5.846666666666667,54.67],[-5.846666666666667,54.655]]]}},{"type":"Feature","id":"belfast_09_15_2016","properties":{"cell_id":"belfast_09_15","year":2016,"row":9,"col":15,"development_pressure":0.103,"planning_intensity":0.061,"green_cover":0.325,"mobility_access":0.2,"bike_activity":0.05,"air_quality":0.638,"opportunity_access":0.334,"fairness_context":0.0,"deprivation_weighted_opportunity":0.247,"development_pressure_delta_2016":0.0,"planning_intensity_delta_2016":0.0,"green_cover_delta_2016":0.0,"mobility_access_delta_2016":0.0,"bike_activity_delta_2016":0.0,"air_quality_delta_2016":0.0,"opportunity_access_delta_2016":0.0,"fairness_context_delta_2016":0.0,"deprivation_weighted_opportunity_delta_2016":0.0,"development_pressure_delta_previous":0.0,"planning_intensity_delta_previous":0.0,"green_cover_delta_previous":0.0,"mobility_access_delta_previous":0.0,"bike_activity_delta_previous":0.0,"air_quality_delta_previous":0.0,"opportunity_access_delta_previous":0.0,"fairness_context_delta_previous":0.0,"deprivation_weighted_opportunity_delta_previous":0.0,"dominant_change":"stable","confidence":"medium","evidence":["OpenStreetMap building export clipped to Belfast NI core","250m-style grid proxy generated from local spatial anchors","Local raster source available for satellite/NDVI review"]},"geometry":{"type":"Polygon","coordinates":[[[-5.83,54.655],[-5.8133333333333335,54.655],[-5.8133333333333335,54.67],[-5.83,54.67],[-5.83,54.655]]]}},{"type":"Feature","id":"belfast_09_16_2016","properties":{"cell_id":"belfast_09_16","year":2016,"row":9,"col":16,"development_pressure":0.118,"planning_intensity":0.069,"green_cover":0.297,"mobility_access":0.2,"bike_activity":0.05,"air_quality":0.63,"opportunity_access":0.328,"fairness_context":0.0,"deprivation_weighted_opportunity":0.243,"development_pressure_delta_2016":0.0,"planning_intensity_delta_2016":0.0,"green_cover_delta_2016":0.0,"mobility_access_delta_2016":0.0,"bike_activity_delta_2016":0.0,"air_quality_delta_2016":0.0,"opportunity_access_delta_2016":0.0,"fairness_context_delta_2016":0.0,"deprivation_weighted_opportunity_delta_2016":0.0,"development_pressure_delta_previous":0.0,"planning_intensity_delta_previous":0.0,"green_cover_delta_previous":0.0,"mobility_access_delta_previous":0.0,"bike_activity_delta_previous":0.0,"air_quality_delta_previous":0.0,"opportunity_access_delta_previous":0.0,"fairness_context_delta_previous":0.0,"deprivation_weighted_opportunity_delta_previous":0.0,"dominant_change":"stable","confidence":"medium","evidence":["OpenStreetMap building export clipped to Belfast NI core","250m-style grid proxy generated from local spatial anchors","Local raster source available for satellite/NDVI review"]},"geometry":{"type":"Polygon","coordinates":[[[-5.8133333333333335,54.655],[-5.796666666666667,54.655],[-5.796666666666667,54.67],[-5.8133333333333335,54.67],[-5.8133333333333335,54.655]]]}},{"type":"Feature","id":"belfast_09_17_2016","properties":{"cell_id":"belfast_09_17","year":2016,"row":9,"col":17,"development_pressure":0.142,"planning_intensity":0.081,"green_cover":0.29,"mobility_access":0.2,"bike_activity":0.05,"air_quality":0.625,"opportunity_access":0.325,"fairness_context":0.0,"deprivation_weighted_opportunity":0.24,"development_pressure_delta_2016":0.0,"planning_intensity_delta_2016":0.0,"green_cover_delta_2016":0.0,"mobility_access_delta_2016":0.0,"bike_activity_delta_2016":0.0,"air_quality_delta_2016":0.0,"opportunity_access_delta_2016":0.0,"fairness_context_delta_2016":0.0,"deprivation_weighted_opportunity_delta_2016":0.0,"development_pressure_delta_previous":0.0,"planning_intensity_delta_previous":0.0,"green_cover_delta_previous":0.0,"mobility_access_delta_previous":0.0,"bike_activity_delta_previous":0.0,"air_quality_delta_previous":0.0,"opportunity_access_delta_previous":0.0,"fairness_context_delta_previous":0.0,"deprivation_weighted_opportunity_delta_previous":0.0,"dominant_change":"stable","confidence":"medium","evidence":["OpenStreetMap building export clipped to Belfast NI core","250m-style grid proxy generated from local spatial anchors","Local raster source available for satellite/NDVI review"]},"geometry":{"type":"Polygon","coordinates":[[[-5.796666666666667,54.655],[-5.78,54.655],[-5.78,54.67],[-5.796666666666667,54.67],[-5.796666666666667,54.655]]]}},{"type":"Feature","id":"belfast_10_00_2016","properties":{"cell_id":"belfast_10_00","year":2016,"row":10,"col":0,"development_pressure":0.142,"planning_intensity":0.081,"green_cover":0.336,"mobility_access":0.2,"bike_activity":0.05,"air_quality":0.634,"opportunity_access":0.333,"fairness_context":0.0,"deprivation_weighted_opportunity":0.247,"development_pressure_delta_2016":0.0,"planning_intensity_delta_2016":0.0,"green_cover_delta_2016":0.0,"mobility_access_delta_2016":0.0,"bike_activity_delta_2016":0.0,"air_quality_delta_2016":0.0,"opportunity_access_delta_2016":0.0,"fairness_context_delta_2016":0.0,"deprivation_weighted_opportunity_delta_2016":0.0,"development_pressure_delta_previous":0.0,"planning_intensity_delta_previous":0.0,"green_cover_delta_previous":0.0,"mobility_access_delta_previous":0.0,"bike_activity_delta_previous":0.0,"air_quality_delta_previous":0.0,"opportunity_access_delta_previous":0.0,"fairness_context_delta_previous":0.0,"deprivation_weighted_opportunity_delta_previous":0.0,"dominant_change":"stable","confidence":"medium","evidence":["OpenStreetMap building export clipped to Belfast NI core","250m-style grid proxy generated from local spatial anchors","Local raster source available for satellite/NDVI review"]},"geometry":{"type":"Polygon","coordinates":[[[-6.08,54.67],[-6.0633333333333335,54.67],[-6.0633333333333335,54.685],[-6.08,54.685],[-6.08,54.67]]]}},{"type":"Feature","id":"belfast_10_01_2016","properties":{"cell_id":"belfast_10_01","year":2016,"row":10,"col":1,"development_pressure":0.118,"planning_intensity":0.069,"green_cover":0.351,"mobility_access":0.2,"bike_activity":0.05,"air_quality":0.641,"opportunity_access":0.338,"fairness_context":0.0,"deprivation_weighted_opportunity":0.25,"development_pressure_delta_2016":0.0,"planning_intensity_delta_2016":0.0,"green_cover_delta_2016":0.0,"mobility_access_delta_2016":0.0,"bike_activity_delta_2016":0.0,"air_quality_delta_2016":0.0,"opportunity_access_delta_2016":0.0,"fairness_context_delta_2016":0.0,"deprivation_weighted_opportunity_delta_2016":0.0,"development_pressure_delta_previous":0.0,"planning_intensity_delta_previous":0.0,"green_cover_delta_previous":0.0,"mobility_access_delta_previous":0.0,"bike_activity_delta_previous":0.0,"air_quality_delta_previous":0.0,"opportunity_access_delta_previous":0.0,"fairness_context_delta_previous":0.0,"deprivation_weighted_opportunity_delta_previous":0.0,"dominant_change":"stable","confidence":"medium","evidence":["OpenStreetMap building export clipped to Belfast NI core","250m-style grid proxy generated from local spatial anchors","Local raster source available for satellite/NDVI review"]},"geometry":{"type":"Polygon","coordinates":[[[-6.0633333333333335,54.67],[-6.046666666666667,54.67],[-6.046666666666667,54.685],[-6.0633333333333335,54.685],[-6.0633333333333335,54.67]]]}},{"type":"Feature","id":"belfast_10_02_2016","properties":{"cell_id":"belfast_10_02","year":2016,"row":10,"col":2,"development_pressure":0.102,"planning_intensity":0.061,"green_cover":0.337,"mobility_access":0.2,"bike_activity":0.05,"air_quality":0.641,"opportunity_access":0.337,"fairness_context":0.0,"deprivation_weighted_opportunity":0.249,"development_pressure_delta_2016":0.0,"planning_intensity_delta_2016":0.0,"green_cover_delta_2016":0.0,"mobility_access_delta_2016":0.0,"bike_activity_delta_2016":0.0,"air_quality_delta_2016":0.0,"opportunity_access_delta_2016":0.0,"fairness_context_delta_2016":0.0,"deprivation_weighted_opportunity_delta_2016":0.0,"development_pressure_delta_previous":0.0,"planning_intensity_delta_previous":0.0,"green_cover_delta_previous":0.0,"mobility_access_delta_previous":0.0,"bike_activity_delta_previous":0.0,"air_quality_delta_previous":0.0,"opportunity_access_delta_previous":0.0,"fairness_context_delta_previous":0.0,"deprivation_weighted_opportunity_delta_previous":0.0,"dominant_change":"stable","confidence":"medium","evidence":["OpenStreetMap building export clipped to Belfast NI core","250m-style grid proxy generated from local spatial anchors","Local raster source available for satellite/NDVI review"]},"geometry":{"type":"Polygon","coordinates":[[[-6.046666666666667,54.67],[-6.03,54.67],[-6.03,54.685],[-6.046666666666667,54.685],[-6.046666666666667,54.67]]]}},{"type":"Feature","id":"belfast_10_03_2016","properties":{"cell_id":"belfast_10_03","year":2016,"row":10,"col":3,"development_pressure":0.102,"planning_intensity":0.061,"green_cover":0.309,"mobility_access":0.2,"bike_activity":0.05,"air_quality":0.635,"opportunity_access":0.331,"fairness_context":0.0,"deprivation_weighted_opportunity":0.245,"development_pressure_delta_2016":0.0,"planning_intensity_delta_2016":0.0,"green_cover_delta_2016":0.0,"mobility_access_delta_2016":0.0,"bike_activity_delta_2016":0.0,"air_quality_delta_2016":0.0,"opportunity_access_delta_2016":0.0,"fairness_context_delta_2016":0.0,"deprivation_weighted_opportunity_delta_2016":0.0,"development_pressure_delta_previous":0.0,"planning_intensity_delta_previous":0.0,"green_cover_delta_previous":0.0,"mobility_access_delta_previous":0.0,"bike_activity_delta_previous":0.0,"air_quality_delta_previous":0.0,"opportunity_access_delta_previous":0.0,"fairness_context_delta_previous":0.0,"deprivation_weighted_opportunity_delta_previous":0.0,"dominant_change":"stable","confidence":"medium","evidence":["OpenStreetMap building export clipped to Belfast NI core","250m-style grid proxy generated from local spatial anchors","Local raster source available for satellite/NDVI review"]},"geometry":{"type":"Polygon","coordinates":[[[-6.03,54.67],[-6.013333333333334,54.67],[-6.013333333333334,54.685],[-6.03,54.685],[-6.03,54.67]]]}},{"type":"Feature","id":"belfast_10_04_2016","properties":{"cell_id":"belfast_10_04","year":2016,"row":10,"col":4,"development_pressure":0.115,"planning_intensity":0.068,"green_cover":0.292,"mobility_access":0.2,"bike_activity":0.05,"air_quality":0.63,"opportunity_access":0.327,"fairness_context":0.0,"deprivation_weighted_opportunity":0.242,"development_pressure_delta_2016":0.0,"planning_intensity_delta_2016":0.0,"green_cover_delta_2016":0.0,"mobility_access_delta_2016":0.0,"bike_activity_delta_2016":0.0,"air_quality_delta_2016":0.0,"opportunity_access_delta_2016":0.0,"fairness_context_delta_2016":0.0,"deprivation_weighted_opportunity_delta_2016":0.0,"development_pressure_delta_previous":0.0,"planning_intensity_delta_previous":0.0,"green_cover_delta_previous":0.0,"mobility_access_delta_previous":0.0,"bike_activity_delta_previous":0.0,"air_quality_delta_previous":0.0,"opportunity_access_delta_previous":0.0,"fairness_context_delta_previous":0.0,"deprivation_weighted_opportunity_delta_previous":0.0,"dominant_change":"stable","confidence":"medium","evidence":["OpenStreetMap building export clipped to Belfast NI core","250m-style grid proxy generated from local spatial anchors","Local raster source available for satellite/NDVI review"]},"geometry":{"type":"Polygon","coordinates":[[[-6.013333333333334,54.67],[-5.996666666666667,54.67],[-5.996666666666667,54.685],[-6.013333333333334,54.685],[-6.013333333333334,54.67]]]}},{"type":"Feature","id":"belfast_10_05_2016","properties":{"cell_id":"belfast_10_05","year":2016,"row":10,"col":5,"development_pressure":0.139,"planning_intensity":0.079,"green_cover":0.301,"mobility_access":0.2,"bike_activity":0.05,"air_quality":0.628,"opportunity_access":0.327,"fairness_context":0.0,"deprivation_weighted_opportunity":0.242,"development_pressure_delta_2016":0.0,"planning_intensity_delta_2016":0.0,"green_cover_delta_2016":0.0,"mobility_access_delta_2016":0.0,"bike_activity_delta_2016":0.0,"air_quality_delta_2016":0.0,"opportunity_access_delta_2016":0.0,"fairness_context_delta_2016":0.0,"deprivation_weighted_opportunity_delta_2016":0.0,"development_pressure_delta_previous":0.0,"planning_intensity_delta_previous":0.0,"green_cover_delta_previous":0.0,"mobility_access_delta_previous":0.0,"bike_activity_delta_previous":0.0,"air_quality_delta_previous":0.0,"opportunity_access_delta_previous":0.0,"fairness_context_delta_previous":0.0,"deprivation_weighted_opportunity_delta_previous":0.0,"dominant_change":"stable","confidence":"medium","evidence":["OpenStreetMap building export clipped to Belfast NI core","250m-style grid proxy generated from local spatial anchors","Local raster source available for satellite/NDVI review"]},"geometry":{"type":"Polygon","coordinates":[[[-5.996666666666667,54.67],[-5.98,54.67],[-5.98,54.685],[-5.996666666666667,54.685],[-5.996666666666667,54.67]]]}},{"type":"Feature","id":"belfast_10_06_2016","properties":{"cell_id":"belfast_10_06","year":2016,"row":10,"col":6,"development_pressure":0.162,"planning_intensity":0.091,"green_cover":0.325,"mobility_access":0.2,"bike_activity":0.05,"air_quality":0.629,"opportunity_access":0.33,"fairness_context":0.0,"deprivation_weighted_opportunity":0.244,"development_pressure_delta_2016":0.0,"planning_intensity_delta_2016":0.0,"green_cover_delta_2016":0.0,"mobility_access_delta_2016":0.0,"bike_activity_delta_2016":0.0,"air_quality_delta_2016":0.0,"opportunity_access_delta_2016":0.0,"fairness_context_delta_2016":0.0,"deprivation_weighted_opportunity_delta_2016":0.0,"development_pressure_delta_previous":0.0,"planning_intensity_delta_previous":0.0,"green_cover_delta_previous":0.0,"mobility_access_delta_previous":0.0,"bike_activity_delta_previous":0.0,"air_quality_delta_previous":0.0,"opportunity_access_delta_previous":0.0,"fairness_context_delta_previous":0.0,"deprivation_weighted_opportunity_delta_previous":0.0,"dominant_change":"stable","confidence":"medium","evidence":["OpenStreetMap building export clipped to Belfast NI core","250m-style grid proxy generated from local spatial anchors","Local raster source available for satellite/NDVI review"]},"geometry":{"type":"Polygon","coordinates":[[[-5.98,54.67],[-5.963333333333334,54.67],[-5.963333333333334,54.685],[-5.98,54.685],[-5.98,54.67]]]}},{"type":"Feature","id":"belfast_10_07_2016","properties":{"cell_id":"belfast_10_07","year":2016,"row":10,"col":7,"development_pressure":0.178,"planning_intensity":0.099,"green_cover":0.341,"mobility_access":0.2,"bike_activity":0.05,"air_quality":0.629,"opportunity_access":0.331,"fairness_context":0.0,"deprivation_weighted_opportunity":0.245,"development_pressure_delta_2016":0.0,"planning_intensity_delta_2016":0.0,"green_cover_delta_2016":0.0,"mobility_access_delta_2016":0.0,"bike_activity_delta_2016":0.0,"air_quality_delta_2016":0.0,"opportunity_access_delta_2016":0.0,"fairness_context_delta_2016":0.0,"deprivation_weighted_opportunity_delta_2016":0.0,"development_pressure_delta_previous":0.0,"planning_intensity_delta_previous":0.0,"green_cover_delta_previous":0.0,"mobility_access_delta_previous":0.0,"bike_activity_delta_previous":0.0,"air_quality_delta_previous":0.0,"opportunity_access_delta_previous":0.0,"fairness_context_delta_previous":0.0,"deprivation_weighted_opportunity_delta_previous":0.0,"dominant_change":"stable","confidence":"medium","evidence":["OpenStreetMap building export clipped to Belfast NI core","250m-style grid proxy generated from local spatial anchors","Local raster source available for satellite/NDVI review"]},"geometry":{"type":"Polygon","coordinates":[[[-5.963333333333334,54.67],[-5.946666666666667,54.67],[-5.946666666666667,54.685],[-5.963333333333334,54.685],[-5.963333333333334,54.67]]]}},{"type":"Feature","id":"belfast_10_08_2016","properties":{"cell_id":"belfast_10_08","year":2016,"row":10,"col":8,"development_pressure":0.178,"planning_intensity":0.099,"green_cover":0.332,"mobility_access":0.2,"bike_activity":0.05,"air_quality":0.628,"opportunity_access":0.329,"fairness_context":0.0,"deprivation_weighted_opportunity":0.244,"development_pressure_delta_2016":0.0,"planning_intensity_delta_2016":0.0,"green_cover_delta_2016":0.0,"mobility_access_delta_2016":0.0,"bike_activity_delta_2016":0.0,"air_quality_delta_2016":0.0,"opportunity_access_delta_2016":0.0,"fairness_context_delta_2016":0.0,"deprivation_weighted_opportunity_delta_2016":0.0,"development_pressure_delta_previous":0.0,"planning_intensity_delta_previous":0.0,"green_cover_delta_previous":0.0,"mobility_access_delta_previous":0.0,"bike_activity_delta_previous":0.0,"air_quality_delta_previous":0.0,"opportunity_access_delta_previous":0.0,"fairness_context_delta_previous":0.0,"deprivation_weighted_opportunity_delta_previous":0.0,"dominant_change":"stable","confidence":"medium","evidence":["OpenStreetMap building export clipped to Belfast NI core","250m-style grid proxy generated from local spatial anchors","Local raster source available for satellite/NDVI review"]},"geometry":{"type":"Polygon","coordinates":[[[-5.946666666666667,54.67],[-5.930000000000001,54.67],[-5.930000000000001,54.685],[-5.946666666666667,54.685],[-5.946666666666667,54.67]]]}},{"type":"Feature","id":"belfast_10_09_2016","properties":{"cell_id":"belfast_10_09","year":2016,"row":10,"col":9,"development_pressure":0.164,"planning_intensity":0.11,"green_cover":0.324,"mobility_access":0.2,"bike_activity":0.05,"air_quality":0.628,"opportunity_access":0.329,"fairness_context":0.0,"deprivation_weighted_opportunity":0.244,"development_pressure_delta_2016":0.0,"planning_intensity_delta_2016":0.0,"green_cover_delta_2016":0.0,"mobility_access_delta_2016":0.0,"bike_activity_delta_2016":0.0,"air_quality_delta_2016":0.0,"opportunity_access_delta_2016":0.0,"fairness_context_delta_2016":0.0,"deprivation_weighted_opportunity_delta_2016":0.0,"development_pressure_delta_previous":0.0,"planning_intensity_delta_previous":0.0,"green_cover_delta_previous":0.0,"mobility_access_delta_previous":0.0,"bike_activity_delta_previous":0.0,"air_quality_delta_previous":0.0,"opportunity_access_delta_previous":0.0,"fairness_context_delta_previous":0.0,"deprivation_weighted_opportunity_delta_previous":0.0,"dominant_change":"stable","confidence":"medium","evidence":["OpenStreetMap building export clipped to Belfast NI core","250m-style grid proxy generated from local spatial anchors","Local raster source available for satellite/NDVI review"]},"geometry":{"type":"Polygon","coordinates":[[[-5.93,54.67],[-5.913333333333333,54.67],[-5.913333333333333,54.685],[-5.93,54.685],[-5.93,54.67]]]}},{"type":"Feature","id":"belfast_10_10_2016","properties":{"cell_id":"belfast_10_10","year":2016,"row":10,"col":10,"development_pressure":0.141,"planning_intensity":0.124,"green_cover":0.333,"mobility_access":0.2,"bike_activity":0.05,"air_quality":0.634,"opportunity_access":0.333,"fairness_context":0.0,"deprivation_weighted_opportunity":0.246,"development_pressure_delta_2016":0.0,"planning_intensity_delta_2016":0.0,"green_cover_delta_2016":0.0,"mobility_access_delta_2016":0.0,"bike_activity_delta_2016":0.0,"air_quality_delta_2016":0.0,"opportunity_access_delta_2016":0.0,"fairness_context_delta_2016":0.0,"deprivation_weighted_opportunity_delta_2016":0.0,"development_pressure_delta_previous":0.0,"planning_intensity_delta_previous":0.0,"green_cover_delta_previous":0.0,"mobility_access_delta_previous":0.0,"bike_activity_delta_previous":0.0,"air_quality_delta_previous":0.0,"opportunity_access_delta_previous":0.0,"fairness_context_delta_previous":0.0,"deprivation_weighted_opportunity_delta_previous":0.0,"dominant_change":"stable","confidence":"medium","evidence":["OpenStreetMap building export clipped to Belfast NI core","250m-style grid proxy generated from local spatial anchors","Local raster source available for satellite/NDVI review"]},"geometry":{"type":"Polygon","coordinates":[[[-5.913333333333333,54.67],[-5.8966666666666665,54.67],[-5.8966666666666665,54.685],[-5.913333333333333,54.685],[-5.913333333333333,54.67]]]}},{"type":"Feature","id":"belfast_10_11_2016","properties":{"cell_id":"belfast_10_11","year":2016,"row":10,"col":11,"development_pressure":0.117,"planning_intensity":0.099,"green_cover":0.328,"mobility_access":0.2,"bike_activity":0.05,"air_quality":0.637,"opportunity_access":0.334,"fairness_context":0.0,"deprivation_weighted_opportunity":0.247,"development_pressure_delta_2016":0.0,"planning_intensity_delta_2016":0.0,"green_cover_delta_2016":0.0,"mobility_access_delta_2016":0.0,"bike_activity_delta_2016":0.0,"air_quality_delta_2016":0.0,"opportunity_access_delta_2016":0.0,"fairness_context_delta_2016":0.0,"deprivation_weighted_opportunity_delta_2016":0.0,"development_pressure_delta_previous":0.0,"planning_intensity_delta_previous":0.0,"green_cover_delta_previous":0.0,"mobility_access_delta_previous":0.0,"bike_activity_delta_previous":0.0,"air_quality_delta_previous":0.0,"opportunity_access_delta_previous":0.0,"fairness_context_delta_previous":0.0,"deprivation_weighted_opportunity_delta_previous":0.0,"dominant_change":"stable","confidence":"medium","evidence":["OpenStreetMap building export clipped to Belfast NI core","250m-style grid proxy generated from local spatial anchors","Local raster source available for satellite/NDVI review"]},"geometry":{"type":"Polygon","coordinates":[[[-5.8966666666666665,54.67],[-5.88,54.67],[-5.88,54.685],[-5.8966666666666665,54.685],[-5.8966666666666665,54.67]]]}},{"type":"Feature","id":"belfast_10_12_2016","properties":{"cell_id":"belfast_10_12","year":2016,"row":10,"col":12,"development_pressure":0.102,"planning_intensity":0.061,"green_cover":0.327,"mobility_access":0.2,"bike_activity":0.05,"air_quality":0.639,"opportunity_access":0.335,"fairness_context":0.0,"deprivation_weighted_opportunity":0.248,"development_pressure_delta_2016":0.0,"planning_intensity_delta_2016":0.0,"green_cover_delta_2016":0.0,"mobility_access_delta_2016":0.0,"bike_activity_delta_2016":0.0,"air_quality_delta_2016":0.0,"opportunity_access_delta_2016":0.0,"fairness_context_delta_2016":0.0,"deprivation_weighted_opportunity_delta_2016":0.0,"development_pressure_delta_previous":0.0,"planning_intensity_delta_previous":0.0,"green_cover_delta_previous":0.0,"mobility_access_delta_previous":0.0,"bike_activity_delta_previous":0.0,"air_quality_delta_previous":0.0,"opportunity_access_delta_previous":0.0,"fairness_context_delta_previous":0.0,"deprivation_weighted_opportunity_delta_previous":0.0,"dominant_change":"stable","confidence":"medium","evidence":["OpenStreetMap building export clipped to Belfast NI core","250m-style grid proxy generated from local spatial anchors","Local raster source available for satellite/NDVI review"]},"geometry":{"type":"Polygon","coordinates":[[[-5.88,54.67],[-5.863333333333333,54.67],[-5.863333333333333,54.685],[-5.88,54.685],[-5.88,54.67]]]}},{"type":"Feature","id":"belfast_10_13_2016","properties":{"cell_id":"belfast_10_13","year":2016,"row":10,"col":13,"development_pressure":0.102,"planning_intensity":0.061,"green_cover":0.35,"mobility_access":0.2,"bike_activity":0.05,"air_quality":0.644,"opportunity_access":0.339,"fairness_context":0.0,"deprivation_weighted_opportunity":0.251,"development_pressure_delta_2016":0.0,"planning_intensity_delta_2016":0.0,"green_cover_delta_2016":0.0,"mobility_access_delta_2016":0.0,"bike_activity_delta_2016":0.0,"air_quality_delta_2016":0.0,"opportunity_access_delta_2016":0.0,"fairness_context_delta_2016":0.0,"deprivation_weighted_opportunity_delta_2016":0.0,"development_pressure_delta_previous":0.0,"planning_intensity_delta_previous":0.0,"green_cover_delta_previous":0.0,"mobility_access_delta_previous":0.0,"bike_activity_delta_previous":0.0,"air_quality_delta_previous":0.0,"opportunity_access_delta_previous":0.0,"fairness_context_delta_previous":0.0,"deprivation_weighted_opportunity_delta_previous":0.0,"dominant_change":"stable","confidence":"medium","evidence":["OpenStreetMap building export clipped to Belfast NI core","250m-style grid proxy generated from local spatial anchors","Local raster source available for satellite/NDVI review"]},"geometry":{"type":"Polygon","coordinates":[[[-5.863333333333333,54.67],[-5.846666666666667,54.67],[-5.846666666666667,54.685],[-5.863333333333333,54.685],[-5.863333333333333,54.67]]]}},{"type":"Feature","id":"belfast_10_14_2016","properties":{"cell_id":"belfast_10_14","year":2016,"row":10,"col":14,"development_pressure":0.116,"planning_intensity":0.068,"green_cover":0.347,"mobility_access":0.2,"bike_activity":0.05,"air_quality":0.641,"opportunity_access":0.337,"fairness_context":0.0,"deprivation_weighted_opportunity":0.25,"development_pressure_delta_2016":0.0,"planning_intensity_delta_2016":0.0,"green_cover_delta_2016":0.0,"mobility_access_delta_2016":0.0,"bike_activity_delta_2016":0.0,"air_quality_delta_2016":0.0,"opportunity_access_delta_2016":0.0,"fairness_context_delta_2016":0.0,"deprivation_weighted_opportunity_delta_2016":0.0,"development_pressure_delta_previous":0.0,"planning_intensity_delta_previous":0.0,"green_cover_delta_previous":0.0,"mobility_access_delta_previous":0.0,"bike_activity_delta_previous":0.0,"air_quality_delta_previous":0.0,"opportunity_access_delta_previous":0.0,"fairness_context_delta_previous":0.0,"deprivation_weighted_opportunity_delta_previous":0.0,"dominant_change":"stable","confidence":"medium","evidence":["OpenStreetMap building export clipped to Belfast NI core","250m-style grid proxy generated from local spatial anchors","Local raster source available for satellite/NDVI review"]},"geometry":{"type":"Polygon","coordinates":[[[-5.846666666666667,54.67],[-5.83,54.67],[-5.83,54.685],[-5.846666666666667,54.685],[-5.846666666666667,54.67]]]}},{"type":"Feature","id":"belfast_10_15_2016","properties":{"cell_id":"belfast_10_15","year":2016,"row":10,"col":15,"development_pressure":0.139,"planning_intensity":0.08,"green_cover":0.319,"mobility_access":0.2,"bike_activity":0.05,"air_quality":0.631,"opportunity_access":0.33,"fairness_context":0.0,"deprivation_weighted_opportunity":0.244,"development_pressure_delta_2016":0.0,"planning_intensity_delta_2016":0.0,"green_cover_delta_2016":0.0,"mobility_access_delta_2016":0.0,"bike_activity_delta_2016":0.0,"air_quality_delta_2016":0.0,"opportunity_access_delta_2016":0.0,"fairness_context_delta_2016":0.0,"deprivation_weighted_opportunity_delta_2016":0.0,"development_pressure_delta_previous":0.0,"planning_intensity_delta_previous":0.0,"green_cover_delta_previous":0.0,"mobility_access_delta_previous":0.0,"bike_activity_delta_previous":0.0,"air_quality_delta_previous":0.0,"opportunity_access_delta_previous":0.0,"fairness_context_delta_previous":0.0,"deprivation_weighted_opportunity_delta_previous":0.0,"dominant_change":"stable","confidence":"medium","evidence":["OpenStreetMap building export clipped to Belfast NI core","250m-style grid proxy generated from local spatial anchors","Local raster source available for satellite/NDVI review"]},"geometry":{"type":"Polygon","coordinates":[[[-5.83,54.67],[-5.8133333333333335,54.67],[-5.8133333333333335,54.685],[-5.83,54.685],[-5.83,54.67]]]}},{"type":"Feature","id":"belfast_10_16_2016","properties":{"cell_id":"belfast_10_16","year":2016,"row":10,"col":16,"development_pressure":0.163,"planning_intensity":0.092,"green_cover":0.289,"mobility_access":0.2,"bike_activity":0.05,"air_quality":0.621,"opportunity_access":0.323,"fairness_context":0.0,"deprivation_weighted_opportunity":0.239,"development_pressure_delta_2016":0.0,"planning_intensity_delta_2016":0.0,"green_cover_delta_2016":0.0,"mobility_access_delta_2016":0.0,"bike_activity_delta_2016":0.0,"air_quality_delta_2016":0.0,"opportunity_access_delta_2016":0.0,"fairness_context_delta_2016":0.0,"deprivation_weighted_opportunity_delta_2016":0.0,"development_pressure_delta_previous":0.0,"planning_intensity_delta_previous":0.0,"green_cover_delta_previous":0.0,"mobility_access_delta_previous":0.0,"bike_activity_delta_previous":0.0,"air_quality_delta_previous":0.0,"opportunity_access_delta_previous":0.0,"fairness_context_delta_previous":0.0,"deprivation_weighted_opportunity_delta_previous":0.0,"dominant_change":"stable","confidence":"medium","evidence":["OpenStreetMap building export clipped to Belfast NI core","250m-style grid proxy generated from local spatial anchors","Local raster source available for satellite/NDVI review"]},"geometry":{"type":"Polygon","coordinates":[[[-5.8133333333333335,54.67],[-5.796666666666667,54.67],[-5.796666666666667,54.685],[-5.8133333333333335,54.685],[-5.8133333333333335,54.67]]]}},{"type":"Feature","id":"belfast_10_17_2016","properties":{"cell_id":"belfast_10_17","year":2016,"row":10,"col":17,"development_pressure":0.178,"planning_intensity":0.099,"green_cover":0.284,"mobility_access":0.2,"bike_activity":0.05,"air_quality":0.618,"opportunity_access":0.321,"fairness_context":0.0,"deprivation_weighted_opportunity":0.237,"development_pressure_delta_2016":0.0,"planning_intensity_delta_2016":0.0,"green_cover_delta_2016":0.0,"mobility_access_delta_2016":0.0,"bike_activity_delta_2016":0.0,"air_quality_delta_2016":0.0,"opportunity_access_delta_2016":0.0,"fairness_context_delta_2016":0.0,"deprivation_weighted_opportunity_delta_2016":0.0,"development_pressure_delta_previous":0.0,"planning_intensity_delta_previous":0.0,"green_cover_delta_previous":0.0,"mobility_access_delta_previous":0.0,"bike_activity_delta_previous":0.0,"air_quality_delta_previous":0.0,"opportunity_access_delta_previous":0.0,"fairness_context_delta_previous":0.0,"deprivation_weighted_opportunity_delta_previous":0.0,"dominant_change":"stable","confidence":"medium","evidence":["OpenStreetMap building export clipped to Belfast NI core","250m-style grid proxy generated from local spatial anchors","Local raster source available for satellite/NDVI review"]},"geometry":{"type":"Polygon","coordinates":[[[-5.796666666666667,54.67],[-5.78,54.67],[-5.78,54.685],[-5.796666666666667,54.685],[-5.796666666666667,54.67]]]}},{"type":"Feature","id":"belfast_11_00_2016","properties":{"cell_id":"belfast_11_00","year":2016,"row":11,"col":0,"development_pressure":0.104,"planning_intensity":0.062,"green_cover":0.342,"mobility_access":0.2,"bike_activity":0.05,"air_quality":0.642,"opportunity_access":0.337,"fairness_context":0.0,"deprivation_weighted_opportunity":0.25,"development_pressure_delta_2016":0.0,"planning_intensity_delta_2016":0.0,"green_cover_delta_2016":0.0,"mobility_access_delta_2016":0.0,"bike_activity_delta_2016":0.0,"air_quality_delta_2016":0.0,"opportunity_access_delta_2016":0.0,"fairness_context_delta_2016":0.0,"deprivation_weighted_opportunity_delta_2016":0.0,"development_pressure_delta_previous":0.0,"planning_intensity_delta_previous":0.0,"green_cover_delta_previous":0.0,"mobility_access_delta_previous":0.0,"bike_activity_delta_previous":0.0,"air_quality_delta_previous":0.0,"opportunity_access_delta_previous":0.0,"fairness_context_delta_previous":0.0,"deprivation_weighted_opportunity_delta_previous":0.0,"dominant_change":"stable","confidence":"medium","evidence":["OpenStreetMap building export clipped to Belfast NI core","250m-style grid proxy generated from local spatial anchors","Local raster source available for satellite/NDVI review"]},"geometry":{"type":"Polygon","coordinates":[[[-6.08,54.685],[-6.0633333333333335,54.685],[-6.0633333333333335,54.7],[-6.08,54.7],[-6.08,54.685]]]}},{"type":"Feature","id":"belfast_11_01_2016","properties":{"cell_id":"belfast_11_01","year":2016,"row":11,"col":1,"development_pressure":0.101,"planning_intensity":0.06,"green_cover":0.354,"mobility_access":0.2,"bike_activity":0.05,"air_quality":0.644,"opportunity_access":0.34,"fairness_context":0.0,"deprivation_weighted_opportunity":0.251,"development_pressure_delta_2016":0.0,"planning_intensity_delta_2016":0.0,"green_cover_delta_2016":0.0,"mobility_access_delta_2016":0.0,"bike_activity_delta_2016":0.0,"air_quality_delta_2016":0.0,"opportunity_access_delta_2016":0.0,"fairness_context_delta_2016":0.0,"deprivation_weighted_opportunity_delta_2016":0.0,"development_pressure_delta_previous":0.0,"planning_intensity_delta_previous":0.0,"green_cover_delta_previous":0.0,"mobility_access_delta_previous":0.0,"bike_activity_delta_previous":0.0,"air_quality_delta_previous":0.0,"opportunity_access_delta_previous":0.0,"fairness_context_delta_previous":0.0,"deprivation_weighted_opportunity_delta_previous":0.0,"dominant_change":"stable","confidence":"medium","evidence":["OpenStreetMap building export clipped to Belfast NI core","250m-style grid proxy generated from local spatial anchors","Local raster source available for satellite/NDVI review"]},"geometry":{"type":"Polygon","coordinates":[[[-6.0633333333333335,54.685],[-6.046666666666667,54.685],[-6.046666666666667,54.7],[-6.0633333333333335,54.7],[-6.0633333333333335,54.685]]]}},{"type":"Feature","id":"belfast_11_02_2016","properties":{"cell_id":"belfast_11_02","year":2016,"row":11,"col":2,"development_pressure":0.113,"planning_intensity":0.067,"green_cover":0.336,"mobility_access":0.2,"bike_activity":0.05,"air_quality":0.639,"opportunity_access":0.335,"fairness_context":0.0,"deprivation_weighted_opportunity":0.248,"development_pressure_delta_2016":0.0,"planning_intensity_delta_2016":0.0,"green_cover_delta_2016":0.0,"mobility_access_delta_2016":0.0,"bike_activity_delta_2016":0.0,"air_quality_delta_2016":0.0,"opportunity_access_delta_2016":0.0,"fairness_context_delta_2016":0.0,"deprivation_weighted_opportunity_delta_2016":0.0,"development_pressure_delta_previous":0.0,"planning_intensity_delta_previous":0.0,"green_cover_delta_previous":0.0,"mobility_access_delta_previous":0.0,"bike_activity_delta_previous":0.0,"air_quality_delta_previous":0.0,"opportunity_access_delta_previous":0.0,"fairness_context_delta_previous":0.0,"deprivation_weighted_opportunity_delta_previous":0.0,"dominant_change":"stable","confidence":"medium","evidence":["OpenStreetMap building export clipped to Belfast NI core","250m-style grid proxy generated from local spatial anchors","Local raster source available for satellite/NDVI review"]},"geometry":{"type":"Polygon","coordinates":[[[-6.046666666666667,54.685],[-6.03,54.685],[-6.03,54.7],[-6.046666666666667,54.7],[-6.046666666666667,54.685]]]}},{"type":"Feature","id":"belfast_11_03_2016","properties":{"cell_id":"belfast_11_03","year":2016,"row":11,"col":3,"development_pressure":0.136,"planning_intensity":0.078,"green_cover":0.303,"mobility_access":0.2,"bike_activity":0.05,"air_quality":0.629,"opportunity_access":0.328,"fairness_context":0.0,"deprivation_weighted_opportunity":0.242,"development_pressure_delta_2016":0.0,"planning_intensity_delta_2016":0.0,"green_cover_delta_2016":0.0,"mobility_access_delta_2016":0.0,"bike_activity_delta_2016":0.0,"air_quality_delta_2016":0.0,"opportunity_access_delta_2016":0.0,"fairness_context_delta_2016":0.0,"deprivation_weighted_opportunity_delta_2016":0.0,"development_pressure_delta_previous":0.0,"planning_intensity_delta_previous":0.0,"green_cover_delta_previous":0.0,"mobility_access_delta_previous":0.0,"bike_activity_delta_previous":0.0,"air_quality_delta_previous":0.0,"opportunity_access_delta_previous":0.0,"fairness_context_delta_previous":0.0,"deprivation_weighted_opportunity_delta_previous":0.0,"dominant_change":"stable","confidence":"medium","evidence":["OpenStreetMap building export clipped to Belfast NI core","250m-style grid proxy generated from local spatial anchors","Local raster source available for satellite/NDVI review"]},"geometry":{"type":"Polygon","coordinates":[[[-6.03,54.685],[-6.013333333333334,54.685],[-6.013333333333334,54.7],[-6.03,54.7],[-6.03,54.685]]]}},{"type":"Feature","id":"belfast_11_04_2016","properties":{"cell_id":"belfast_11_04","year":2016,"row":11,"col":4,"development_pressure":0.16,"planning_intensity":0.09,"green_cover":0.284,"mobility_access":0.2,"bike_activity":0.05,"air_quality":0.621,"opportunity_access":0.322,"fairness_context":0.0,"deprivation_weighted_opportunity":0.239,"development_pressure_delta_2016":0.0,"planning_intensity_delta_2016":0.0,"green_cover_delta_2016":0.0,"mobility_access_delta_2016":0.0,"bike_activity_delta_2016":0.0,"air_quality_delta_2016":0.0,"opportunity_access_delta_2016":0.0,"fairness_context_delta_2016":0.0,"deprivation_weighted_opportunity_delta_2016":0.0,"development_pressure_delta_previous":0.0,"planning_intensity_delta_previous":0.0,"green_cover_delta_previous":0.0,"mobility_access_delta_previous":0.0,"bike_activity_delta_previous":0.0,"air_quality_delta_previous":0.0,"opportunity_access_delta_previous":0.0,"fairness_context_delta_previous":0.0,"deprivation_weighted_opportunity_delta_previous":0.0,"dominant_change":"stable","confidence":"medium","evidence":["OpenStreetMap building export clipped to Belfast NI core","250m-style grid proxy generated from local spatial anchors","Local raster source available for satellite/NDVI review"]},"geometry":{"type":"Polygon","coordinates":[[[-6.013333333333334,54.685],[-5.996666666666667,54.685],[-5.996666666666667,54.7],[-6.013333333333334,54.7],[-6.013333333333334,54.685]]]}},{"type":"Feature","id":"belfast_11_05_2016","properties":{"cell_id":"belfast_11_05","year":2016,"row":11,"col":5,"development_pressure":0.177,"planning_intensity":0.098,"green_cover":0.294,"mobility_access":0.2,"bike_activity":0.05,"air_quality":0.62,"opportunity_access":0.323,"fairness_context":0.0,"deprivation_weighted_opportunity":0.239,"development_pressure_delta_2016":0.0,"planning_intensity_delta_2016":0.0,"green_cover_delta_2016":0.0,"mobility_access_delta_2016":0.0,"bike_activity_delta_2016":0.0,"air_quality_delta_2016":0.0,"opportunity_access_delta_2016":0.0,"fairness_context_delta_2016":0.0,"deprivation_weighted_opportunity_delta_2016":0.0,"development_pressure_delta_previous":0.0,"planning_intensity_delta_previous":0.0,"green_cover_delta_previous":0.0,"mobility_access_delta_previous":0.0,"bike_activity_delta_previous":0.0,"air_quality_delta_previous":0.0,"opportunity_access_delta_previous":0.0,"fairness_context_delta_previous":0.0,"deprivation_weighted_opportunity_delta_previous":0.0,"dominant_change":"stable","confidence":"medium","evidence":["OpenStreetMap building export clipped to Belfast NI core","250m-style grid proxy generated from local spatial anchors","Local raster source available for satellite/NDVI review"]},"geometry":{"type":"Polygon","coordinates":[[[-5.996666666666667,54.685],[-5.98,54.685],[-5.98,54.7],[-5.996666666666667,54.7],[-5.996666666666667,54.685]]]}},{"type":"Feature","id":"belfast_11_06_2016","properties":{"cell_id":"belfast_11_06","year":2016,"row":11,"col":6,"development_pressure":0.179,"planning_intensity":0.1,"green_cover":0.323,"mobility_access":0.2,"bike_activity":0.05,"air_quality":0.626,"opportunity_access":0.328,"fairness_context":0.0,"deprivation_weighted_opportunity":0.243,"development_pressure_delta_2016":0.0,"planning_intensity_delta_2016":0.0,"green_cover_delta_2016":0.0,"mobility_access_delta_2016":0.0,"bike_activity_delta_2016":0.0,"air_quality_delta_2016":0.0,"opportunity_access_delta_2016":0.0,"fairness_context_delta_2016":0.0,"deprivation_weighted_opportunity_delta_2016":0.0,"development_pressure_delta_previous":0.0,"planning_intensity_delta_previous":0.0,"green_cover_delta_previous":0.0,"mobility_access_delta_previous":0.0,"bike_activity_delta_previous":0.0,"air_quality_delta_previous":0.0,"opportunity_access_delta_previous":0.0,"fairness_context_delta_previous":0.0,"deprivation_weighted_opportunity_delta_previous":0.0,"dominant_change":"stable","confidence":"medium","evidence":["OpenStreetMap building export clipped to Belfast NI core","250m-style grid proxy generated from local spatial anchors","Local raster source available for satellite/NDVI review"]},"geometry":{"type":"Polygon","coordinates":[[[-5.98,54.685],[-5.963333333333334,54.685],[-5.963333333333334,54.7],[-5.98,54.7],[-5.98,54.685]]]}},{"type":"Feature","id":"belfast_11_07_2016","properties":{"cell_id":"belfast_11_07","year":2016,"row":11,"col":7,"development_pressure":0.167,"planning_intensity":0.093,"green_cover":0.343,"mobility_access":0.2,"bike_activity":0.05,"air_quality":0.632,"opportunity_access":0.332,"fairness_context":0.0,"deprivation_weighted_opportunity":0.246,"development_pressure_delta_2016":0.0,"planning_intensity_delta_2016":0.0,"green_cover_delta_2016":0.0,"mobility_access_delta_2016":0.0,"bike_activity_delta_2016":0.0,"air_quality_delta_2016":0.0,"opportunity_access_delta_2016":0.0,"fairness_context_delta_2016":0.0,"deprivation_weighted_opportunity_delta_2016":0.0,"development_pressure_delta_previous":0.0,"planning_intensity_delta_previous":0.0,"green_cover_delta_previous":0.0,"mobility_access_delta_previous":0.0,"bike_activity_delta_previous":0.0,"air_quality_delta_previous":0.0,"opportunity_access_delta_previous":0.0,"fairness_context_delta_previous":0.0,"deprivation_weighted_opportunity_delta_previous":0.0,"dominant_change":"stable","confidence":"medium","evidence":["OpenStreetMap building export clipped to Belfast NI core","250m-style grid proxy generated from local spatial anchors","Local raster source available for satellite/NDVI review"]},"geometry":{"type":"Polygon","coordinates":[[[-5.963333333333334,54.685],[-5.946666666666667,54.685],[-5.946666666666667,54.7],[-5.963333333333334,54.7],[-5.963333333333334,54.685]]]}},{"type":"Feature","id":"belfast_11_08_2016","properties":{"cell_id":"belfast_11_08","year":2016,"row":11,"col":8,"development_pressure":0.144,"planning_intensity":0.082,"green_cover":0.338,"mobility_access":0.2,"bike_activity":0.05,"air_quality":0.634,"opportunity_access":0.333,"fairness_context":0.0,"deprivation_weighted_opportunity":0.247,"development_pressure_delta_2016":0.0,"planning_intensity_delta_2016":0.0,"green_cover_delta_2016":0.0,"mobility_access_delta_2016":0.0,"bike_activity_delta_2016":0.0,"air_quality_delta_2016":0.0,"opportunity_access_delta_2016":0.0,"fairness_context_delta_2016":0.0,"deprivation_weighted_opportunity_delta_2016":0.0,"development_pressure_delta_previous":0.0,"planning_intensity_delta_previous":0.0,"green_cover_delta_previous":0.0,"mobility_access_delta_previous":0.0,"bike_activity_delta_previous":0.0,"air_quality_delta_previous":0.0,"opportunity_access_delta_previous":0.0,"fairness_context_delta_previous":0.0,"deprivation_weighted_opportunity_delta_previous":0.0,"dominant_change":"stable","confidence":"medium","evidence":["OpenStreetMap building export clipped to Belfast NI core","250m-style grid proxy generated from local spatial anchors","Local raster source available for satellite/NDVI review"]},"geometry":{"type":"Polygon","coordinates":[[[-5.946666666666667,54.685],[-5.930000000000001,54.685],[-5.930000000000001,54.7],[-5.946666666666667,54.7],[-5.946666666666667,54.685]]]}},{"type":"Feature","id":"belfast_11_09_2016","properties":{"cell_id":"belfast_11_09","year":2016,"row":11,"col":9,"development_pressure":0.12,"planning_intensity":0.07,"green_cover":0.314,"mobility_access":0.2,"bike_activity":0.05,"air_quality":0.633,"opportunity_access":0.331,"fairness_context":0.0,"deprivation_weighted_opportunity":0.245,"development_pressure_delta_2016":0.0,"planning_intensity_delta_2016":0.0,"green_cover_delta_2016":0.0,"mobility_access_delta_2016":0.0,"bike_activity_delta_2016":0.0,"air_quality_delta_2016":0.0,"opportunity_access_delta_2016":0.0,"fairness_context_delta_2016":0.0,"deprivation_weighted_opportunity_delta_2016":0.0,"development_pressure_delta_previous":0.0,"planning_intensity_delta_previous":0.0,"green_cover_delta_previous":0.0,"mobility_access_delta_previous":0.0,"bike_activity_delta_previous":0.0,"air_quality_delta_previous":0.0,"opportunity_access_delta_previous":0.0,"fairness_context_delta_previous":0.0,"deprivation_weighted_opportunity_delta_previous":0.0,"dominant_change":"stable","confidence":"medium","evidence":["OpenStreetMap building export clipped to Belfast NI core","250m-style grid proxy generated from local spatial anchors","Local raster source available for satellite/NDVI review"]},"geometry":{"type":"Polygon","coordinates":[[[-5.93,54.685],[-5.913333333333333,54.685],[-5.913333333333333,54.7],[-5.93,54.7],[-5.93,54.685]]]}},{"type":"Feature","id":"belfast_11_10_2016","properties":{"cell_id":"belfast_11_10","year":2016,"row":11,"col":10,"development_pressure":0.103,"planning_intensity":0.062,"green_cover":0.295,"mobility_access":0.2,"bike_activity":0.05,"air_quality":0.632,"opportunity_access":0.329,"fairness_context":0.0,"deprivation_weighted_opportunity":0.243,"development_pressure_delta_2016":0.0,"planning_intensity_delta_2016":0.0,"green_cover_delta_2016":0.0,"mobility_access_delta_2016":0.0,"bike_activity_delta_2016":0.0,"air_quality_delta_2016":0.0,"opportunity_access_delta_2016":0.0,"fairness_context_delta_2016":0.0,"deprivation_weighted_opportunity_delta_2016":0.0,"development_pressure_delta_previous":0.0,"planning_intensity_delta_previous":0.0,"green_cover_delta_previous":0.0,"mobility_access_delta_previous":0.0,"bike_activity_delta_previous":0.0,"air_quality_delta_previous":0.0,"opportunity_access_delta_previous":0.0,"fairness_context_delta_previous":0.0,"deprivation_weighted_opportunity_delta_previous":0.0,"dominant_change":"stable","confidence":"medium","evidence":["OpenStreetMap building export clipped to Belfast NI core","250m-style grid proxy generated from local spatial anchors","Local raster source available for satellite/NDVI review"]},"geometry":{"type":"Polygon","coordinates":[[[-5.913333333333333,54.685],[-5.8966666666666665,54.685],[-5.8966666666666665,54.7],[-5.913333333333333,54.7],[-5.913333333333333,54.685]]]}},{"type":"Feature","id":"belfast_11_11_2016","properties":{"cell_id":"belfast_11_11","year":2016,"row":11,"col":11,"development_pressure":0.101,"planning_intensity":0.061,"green_cover":0.3,"mobility_access":0.2,"bike_activity":0.05,"air_quality":0.634,"opportunity_access":0.33,"fairness_context":0.0,"deprivation_weighted_opportunity":0.244,"development_pressure_delta_2016":0.0,"planning_intensity_delta_2016":0.0,"green_cover_delta_2016":0.0,"mobility_access_delta_2016":0.0,"bike_activity_delta_2016":0.0,"air_quality_delta_2016":0.0,"opportunity_access_delta_2016":0.0,"fairness_context_delta_2016":0.0,"deprivation_weighted_opportunity_delta_2016":0.0,"development_pressure_delta_previous":0.0,"planning_intensity_delta_previous":0.0,"green_cover_delta_previous":0.0,"mobility_access_delta_previous":0.0,"bike_activity_delta_previous":0.0,"air_quality_delta_previous":0.0,"opportunity_access_delta_previous":0.0,"fairness_context_delta_previous":0.0,"deprivation_weighted_opportunity_delta_previous":0.0,"dominant_change":"stable","confidence":"medium","evidence":["OpenStreetMap building export clipped to Belfast NI core","250m-style grid proxy generated from local spatial anchors","Local raster source available for satellite/NDVI review"]},"geometry":{"type":"Polygon","coordinates":[[[-5.8966666666666665,54.685],[-5.88,54.685],[-5.88,54.7],[-5.8966666666666665,54.7],[-5.8966666666666665,54.685]]]}},{"type":"Feature","id":"belfast_11_12_2016","properties":{"cell_id":"belfast_11_12","year":2016,"row":11,"col":12,"development_pressure":0.114,"planning_intensity":0.067,"green_cover":0.325,"mobility_access":0.2,"bike_activity":0.05,"air_quality":0.636,"opportunity_access":0.333,"fairness_context":0.0,"deprivation_weighted_opportunity":0.247,"development_pressure_delta_2016":0.0,"planning_intensity_delta_2016":0.0,"green_cover_delta_2016":0.0,"mobility_access_delta_2016":0.0,"bike_activity_delta_2016":0.0,"air_quality_delta_2016":0.0,"opportunity_access_delta_2016":0.0,"fairness_context_delta_2016":0.0,"deprivation_weighted_opportunity_delta_2016":0.0,"development_pressure_delta_previous":0.0,"planning_intensity_delta_previous":0.0,"green_cover_delta_previous":0.0,"mobility_access_delta_previous":0.0,"bike_activity_delta_previous":0.0,"air_quality_delta_previous":0.0,"opportunity_access_delta_previous":0.0,"fairness_context_delta_previous":0.0,"deprivation_weighted_opportunity_delta_previous":0.0,"dominant_change":"stable","confidence":"medium","evidence":["OpenStreetMap building export clipped to Belfast NI core","250m-style grid proxy generated from local spatial anchors","Local raster source available for satellite/NDVI review"]},"geometry":{"type":"Polygon","coordinates":[[[-5.88,54.685],[-5.863333333333333,54.685],[-5.863333333333333,54.7],[-5.88,54.7],[-5.88,54.685]]]}},{"type":"Feature","id":"belfast_11_13_2016","properties":{"cell_id":"belfast_11_13","year":2016,"row":11,"col":13,"development_pressure":0.137,"planning_intensity":0.078,"green_cover":0.345,"mobility_access":0.2,"bike_activity":0.05,"air_quality":0.637,"opportunity_access":0.335,"fairness_context":0.0,"deprivation_weighted_opportunity":0.248,"development_pressure_delta_2016":0.0,"planning_intensity_delta_2016":0.0,"green_cover_delta_2016":0.0,"mobility_access_delta_2016":0.0,"bike_activity_delta_2016":0.0,"air_quality_delta_2016":0.0,"opportunity_access_delta_2016":0.0,"fairness_context_delta_2016":0.0,"deprivation_weighted_opportunity_delta_2016":0.0,"development_pressure_delta_previous":0.0,"planning_intensity_delta_previous":0.0,"green_cover_delta_previous":0.0,"mobility_access_delta_previous":0.0,"bike_activity_delta_previous":0.0,"air_quality_delta_previous":0.0,"opportunity_access_delta_previous":0.0,"fairness_context_delta_previous":0.0,"deprivation_weighted_opportunity_delta_previous":0.0,"dominant_change":"stable","confidence":"medium","evidence":["OpenStreetMap building export clipped to Belfast NI core","250m-style grid proxy generated from local spatial anchors","Local raster source available for satellite/NDVI review"]},"geometry":{"type":"Polygon","coordinates":[[[-5.863333333333333,54.685],[-5.846666666666667,54.685],[-5.846666666666667,54.7],[-5.863333333333333,54.7],[-5.863333333333333,54.685]]]}},{"type":"Feature","id":"belfast_11_14_2016","properties":{"cell_id":"belfast_11_14","year":2016,"row":11,"col":14,"development_pressure":0.161,"planning_intensity":0.09,"green_cover":0.34,"mobility_access":0.2,"bike_activity":0.05,"air_quality":0.632,"opportunity_access":0.332,"fairness_context":0.0,"deprivation_weighted_opportunity":0.246,"development_pressure_delta_2016":0.0,"planning_intensity_delta_2016":0.0,"green_cover_delta_2016":0.0,"mobility_access_delta_2016":0.0,"bike_activity_delta_2016":0.0,"air_quality_delta_2016":0.0,"opportunity_access_delta_2016":0.0,"fairness_context_delta_2016":0.0,"deprivation_weighted_opportunity_delta_2016":0.0,"development_pressure_delta_previous":0.0,"planning_intensity_delta_previous":0.0,"green_cover_delta_previous":0.0,"mobility_access_delta_previous":0.0,"bike_activity_delta_previous":0.0,"air_quality_delta_previous":0.0,"opportunity_access_delta_previous":0.0,"fairness_context_delta_previous":0.0,"deprivation_weighted_opportunity_delta_previous":0.0,"dominant_change":"stable","confidence":"medium","evidence":["OpenStreetMap building export clipped to Belfast NI core","250m-style grid proxy generated from local spatial anchors","Local raster source available for satellite/NDVI review"]},"geometry":{"type":"Polygon","coordinates":[[[-5.846666666666667,54.685],[-5.83,54.685],[-5.83,54.7],[-5.846666666666667,54.7],[-5.846666666666667,54.685]]]}},{"type":"Feature","id":"belfast_11_15_2016","properties":{"cell_id":"belfast_11_15","year":2016,"row":11,"col":15,"development_pressure":0.177,"planning_intensity":0.098,"green_cover":0.313,"mobility_access":0.2,"bike_activity":0.05,"air_quality":0.624,"opportunity_access":0.326,"fairness_context":0.0,"deprivation_weighted_opportunity":0.241,"development_pressure_delta_2016":0.0,"planning_intensity_delta_2016":0.0,"green_cover_delta_2016":0.0,"mobility_access_delta_2016":0.0,"bike_activity_delta_2016":0.0,"air_quality_delta_2016":0.0,"opportunity_access_delta_2016":0.0,"fairness_context_delta_2016":0.0,"deprivation_weighted_opportunity_delta_2016":0.0,"development_pressure_delta_previous":0.0,"planning_intensity_delta_previous":0.0,"green_cover_delta_previous":0.0,"mobility_access_delta_previous":0.0,"bike_activity_delta_previous":0.0,"air_quality_delta_previous":0.0,"opportunity_access_delta_previous":0.0,"fairness_context_delta_previous":0.0,"deprivation_weighted_opportunity_delta_previous":0.0,"dominant_change":"stable","confidence":"medium","evidence":["OpenStreetMap building export clipped to Belfast NI core","250m-style grid proxy generated from local spatial anchors","Local raster source available for satellite/NDVI review"]},"geometry":{"type":"Polygon","coordinates":[[[-5.83,54.685],[-5.8133333333333335,54.685],[-5.8133333333333335,54.7],[-5.83,54.7],[-5.83,54.685]]]}},{"type":"Feature","id":"belfast_11_16_2016","properties":{"cell_id":"belfast_11_16","year":2016,"row":11,"col":16,"development_pressure":0.179,"planning_intensity":0.099,"green_cover":0.287,"mobility_access":0.2,"bike_activity":0.05,"air_quality":0.618,"opportunity_access":0.321,"fairness_context":0.0,"deprivation_weighted_opportunity":0.238,"development_pressure_delta_2016":0.0,"planning_intensity_delta_2016":0.0,"green_cover_delta_2016":0.0,"mobility_access_delta_2016":0.0,"bike_activity_delta_2016":0.0,"air_quality_delta_2016":0.0,"opportunity_access_delta_2016":0.0,"fairness_context_delta_2016":0.0,"deprivation_weighted_opportunity_delta_2016":0.0,"development_pressure_delta_previous":0.0,"planning_intensity_delta_previous":0.0,"green_cover_delta_previous":0.0,"mobility_access_delta_previous":0.0,"bike_activity_delta_previous":0.0,"air_quality_delta_previous":0.0,"opportunity_access_delta_previous":0.0,"fairness_context_delta_previous":0.0,"deprivation_weighted_opportunity_delta_previous":0.0,"dominant_change":"stable","confidence":"medium","evidence":["OpenStreetMap building export clipped to Belfast NI core","250m-style grid proxy generated from local spatial anchors","Local raster source available for satellite/NDVI review"]},"geometry":{"type":"Polygon","coordinates":[[[-5.8133333333333335,54.685],[-5.796666666666667,54.685],[-5.796666666666667,54.7],[-5.8133333333333335,54.7],[-5.8133333333333335,54.685]]]}},{"type":"Feature","id":"belfast_11_17_2016","properties":{"cell_id":"belfast_11_17","year":2016,"row":11,"col":17,"development_pressure":0.166,"planning_intensity":0.093,"green_cover":0.286,"mobility_access":0.2,"bike_activity":0.05,"air_quality":0.62,"opportunity_access":0.322,"fairness_context":0.0,"deprivation_weighted_opportunity":0.238,"development_pressure_delta_2016":0.0,"planning_intensity_delta_2016":0.0,"green_cover_delta_2016":0.0,"mobility_access_delta_2016":0.0,"bike_activity_delta_2016":0.0,"air_quality_delta_2016":0.0,"opportunity_access_delta_2016":0.0,"fairness_context_delta_2016":0.0,"deprivation_weighted_opportunity_delta_2016":0.0,"development_pressure_delta_previous":0.0,"planning_intensity_delta_previous":0.0,"green_cover_delta_previous":0.0,"mobility_access_delta_previous":0.0,"bike_activity_delta_previous":0.0,"air_quality_delta_previous":0.0,"opportunity_access_delta_previous":0.0,"fairness_context_delta_previous":0.0,"deprivation_weighted_opportunity_delta_previous":0.0,"dominant_change":"stable","confidence":"medium","evidence":["OpenStreetMap building export clipped to Belfast NI core","250m-style grid proxy generated from local spatial anchors","Local raster source available for satellite/NDVI review"]},"geometry":{"type":"Polygon","coordinates":[[[-5.796666666666667,54.685],[-5.78,54.685],[-5.78,54.7],[-5.796666666666667,54.7],[-5.796666666666667,54.685]]]}}]}