{"type":"FeatureCollection","name":"mode_a_grid_2018","metadata":{"year":2018,"generated_at":"2026-04-26T04:44:46.944977+00:00","bbox":[-6.08,54.52,-5.78,54.7],"cell_count":308,"resolution_note":"Regular replay grid across Belfast NI; values are normalized 0-1 lens scores."},"features":[{"type":"Feature","id":"belfast_00_00_2018","properties":{"cell_id":"belfast_00_00","year":2018,"row":0,"col":0,"traffic":0.212,"jobs":0.053,"electricity":0.265,"buildings":0.268,"services":0.066,"development_pressure":0.183,"green_cover":0.457,"bike_access":0.05,"transit_access":0.18,"traffic_pressure":0.165,"planning_intensity":0.083,"deprivation_weight":0.0,"bike_trip_index":0.306,"tree_canopy_context":0.388,"civic_service_context":0.0,"traffic_delta_2016":0.017,"jobs_delta_2016":0.01,"electricity_delta_2016":0.034,"buildings_delta_2016":0.04,"services_delta_2016":0.008,"traffic_delta_previous":0.01,"jobs_delta_previous":0.005,"electricity_delta_previous":0.018,"buildings_delta_previous":0.022,"services_delta_previous":0.004,"dominant_metric":"buildings","dominant_change":"appeared","confidence":"medium","evidence":["OSM building footprints and replay-first-visible-year profile","Planning/development-zone pressure proxy","Sentinel/Landsat NDBI source availability","Local raster evidence for 2018: ndbi, ndvi, rgb"]},"geometry":{"type":"Polygon","coordinates":[[[-6.08,54.52],[-6.066364,54.52],[-6.066364,54.532857],[-6.08,54.532857],[-6.08,54.52]]]}},{"type":"Feature","id":"belfast_00_01_2018","properties":{"cell_id":"belfast_00_01","year":2018,"row":0,"col":1,"traffic":0.213,"jobs":0.053,"electricity":0.259,"buildings":0.261,"services":0.066,"development_pressure":0.16,"green_cover":0.372,"bike_access":0.05,"transit_access":0.18,"traffic_pressure":0.169,"planning_intensity":0.071,"deprivation_weight":0.0,"bike_trip_index":0.306,"tree_canopy_context":0.188,"civic_service_context":0.0,"traffic_delta_2016":0.019,"jobs_delta_2016":0.01,"electricity_delta_2016":0.033,"buildings_delta_2016":0.041,"services_delta_2016":0.008,"traffic_delta_previous":0.011,"jobs_delta_previous":0.005,"electricity_delta_previous":0.018,"buildings_delta_previous":0.023,"services_delta_previous":0.004,"dominant_metric":"buildings","dominant_change":"appeared","confidence":"medium","evidence":["OSM building footprints and replay-first-visible-year profile","Planning/development-zone pressure proxy","Sentinel/Landsat NDBI source availability","Local raster evidence for 2018: ndbi, ndvi, rgb"]},"geometry":{"type":"Polygon","coordinates":[[[-6.066364,54.52],[-6.052728,54.52],[-6.052728,54.532857],[-6.066364,54.532857],[-6.066364,54.52]]]}},{"type":"Feature","id":"belfast_00_02_2018","properties":{"cell_id":"belfast_00_02","year":2018,"row":0,"col":2,"traffic":0.214,"jobs":0.053,"electricity":0.255,"buildings":0.257,"services":0.066,"development_pressure":0.144,"green_cover":0.303,"bike_access":0.05,"transit_access":0.18,"traffic_pressure":0.173,"planning_intensity":0.064,"deprivation_weight":0.0,"bike_trip_index":0.306,"tree_canopy_context":0.0,"civic_service_context":0.0,"traffic_delta_2016":0.02,"jobs_delta_2016":0.01,"electricity_delta_2016":0.036,"buildings_delta_2016":0.046,"services_delta_2016":0.008,"traffic_delta_previous":0.011,"jobs_delta_previous":0.005,"electricity_delta_previous":0.02,"buildings_delta_previous":0.026,"services_delta_previous":0.004,"dominant_metric":"buildings","dominant_change":"appeared","confidence":"medium","evidence":["OSM building footprints and replay-first-visible-year profile","Planning/development-zone pressure proxy","Sentinel/Landsat NDBI source availability","Local raster evidence for 2018: ndbi, ndvi, rgb"]},"geometry":{"type":"Polygon","coordinates":[[[-6.052727,54.52],[-6.039091,54.52],[-6.039091,54.532857],[-6.052727,54.532857],[-6.052727,54.52]]]}},{"type":"Feature","id":"belfast_00_03_2018","properties":{"cell_id":"belfast_00_03","year":2018,"row":0,"col":3,"traffic":0.213,"jobs":0.053,"electricity":0.255,"buildings":0.256,"services":0.066,"development_pressure":0.144,"green_cover":0.316,"bike_access":0.05,"transit_access":0.18,"traffic_pressure":0.172,"planning_intensity":0.064,"deprivation_weight":0.0,"bike_trip_index":0.306,"tree_canopy_context":0.0,"civic_service_context":0.0,"traffic_delta_2016":0.022,"jobs_delta_2016":0.01,"electricity_delta_2016":0.041,"buildings_delta_2016":0.053,"services_delta_2016":0.008,"traffic_delta_previous":0.011,"jobs_delta_previous":0.005,"electricity_delta_previous":0.022,"buildings_delta_previous":0.029,"services_delta_previous":0.004,"dominant_metric":"buildings","dominant_change":"appeared","confidence":"medium","evidence":["OSM building footprints and replay-first-visible-year profile","Planning/development-zone pressure proxy","Sentinel/Landsat NDBI source availability","Local raster evidence for 2018: ndbi, ndvi, rgb"]},"geometry":{"type":"Polygon","coordinates":[[[-6.039091,54.52],[-6.025455,54.52],[-6.025455,54.532857],[-6.039091,54.532857],[-6.039091,54.52]]]}},{"type":"Feature","id":"belfast_00_04_2018","properties":{"cell_id":"belfast_00_04","year":2018,"row":0,"col":4,"traffic":0.215,"jobs":0.053,"electricity":0.259,"buildings":0.262,"services":0.066,"development_pressure":0.159,"green_cover":0.342,"bike_access":0.05,"transit_access":0.18,"traffic_pressure":0.172,"planning_intensity":0.071,"deprivation_weight":0.0,"bike_trip_index":0.306,"tree_canopy_context":0.0,"civic_service_context":0.0,"traffic_delta_2016":0.023,"jobs_delta_2016":0.01,"electricity_delta_2016":0.045,"buildings_delta_2016":0.059,"services_delta_2016":0.008,"traffic_delta_previous":0.013,"jobs_delta_previous":0.005,"electricity_delta_previous":0.024,"buildings_delta_previous":0.032,"services_delta_previous":0.004,"dominant_metric":"buildings","dominant_change":"appeared","confidence":"medium","evidence":["OSM building footprints and replay-first-visible-year profile","Planning/development-zone pressure proxy","Sentinel/Landsat NDBI source availability","Local raster evidence for 2018: ndbi, ndvi, rgb"]},"geometry":{"type":"Polygon","coordinates":[[[-6.025455,54.52],[-6.011819,54.52],[-6.011819,54.532857],[-6.025455,54.532857],[-6.025455,54.52]]]}},{"type":"Feature","id":"belfast_00_05_2018","properties":{"cell_id":"belfast_00_05","year":2018,"row":0,"col":5,"traffic":0.219,"jobs":0.053,"electricity":0.266,"buildings":0.275,"services":0.066,"development_pressure":0.183,"green_cover":0.356,"bike_access":0.05,"transit_access":0.18,"traffic_pressure":0.174,"planning_intensity":0.083,"deprivation_weight":0.0,"bike_trip_index":0.306,"tree_canopy_context":0.0,"civic_service_context":0.0,"traffic_delta_2016":0.025,"jobs_delta_2016":0.01,"electricity_delta_2016":0.049,"buildings_delta_2016":0.066,"services_delta_2016":0.008,"traffic_delta_previous":0.014,"jobs_delta_previous":0.005,"electricity_delta_previous":0.026,"buildings_delta_previous":0.035,"services_delta_previous":0.004,"dominant_metric":"buildings","dominant_change":"appeared","confidence":"medium","evidence":["OSM building footprints and replay-first-visible-year profile","Planning/development-zone pressure proxy","Sentinel/Landsat NDBI source availability","Local raster evidence for 2018: ndbi, ndvi, rgb"]},"geometry":{"type":"Polygon","coordinates":[[[-6.011818,54.52],[-5.998182,54.52],[-5.998182,54.532857],[-6.011818,54.532857],[-6.011818,54.52]]]}},{"type":"Feature","id":"belfast_00_06_2018","properties":{"cell_id":"belfast_00_06","year":2018,"row":0,"col":6,"traffic":0.225,"jobs":0.053,"electricity":0.273,"buildings":0.288,"services":0.066,"development_pressure":0.204,"green_cover":0.343,"bike_access":0.05,"transit_access":0.18,"traffic_pressure":0.179,"planning_intensity":0.093,"deprivation_weight":0.0,"bike_trip_index":0.306,"tree_canopy_context":0.0,"civic_service_context":0.0,"traffic_delta_2016":0.027,"jobs_delta_2016":0.01,"electricity_delta_2016":0.049,"buildings_delta_2016":0.067,"services_delta_2016":0.008,"traffic_delta_previous":0.015,"jobs_delta_previous":0.005,"electricity_delta_previous":0.026,"buildings_delta_previous":0.036,"services_delta_previous":0.004,"dominant_metric":"buildings","dominant_change":"appeared","confidence":"medium","evidence":["OSM building footprints and replay-first-visible-year profile","Planning/development-zone pressure proxy","Sentinel/Landsat NDBI source availability","Local raster evidence for 2018: ndbi, ndvi, rgb"]},"geometry":{"type":"Polygon","coordinates":[[[-5.998182,54.52],[-5.984546,54.52],[-5.984546,54.532857],[-5.998182,54.532857],[-5.998182,54.52]]]}},{"type":"Feature","id":"belfast_00_07_2018","properties":{"cell_id":"belfast_00_07","year":2018,"row":0,"col":7,"traffic":0.229,"jobs":0.053,"electricity":0.275,"buildings":0.294,"services":0.066,"development_pressure":0.212,"green_cover":0.313,"bike_access":0.05,"transit_access":0.18,"traffic_pressure":0.183,"planning_intensity":0.097,"deprivation_weight":0.0,"bike_trip_index":0.306,"tree_canopy_context":0.0,"civic_service_context":0.0,"traffic_delta_2016":0.027,"jobs_delta_2016":0.01,"electricity_delta_2016":0.044,"buildings_delta_2016":0.062,"services_delta_2016":0.008,"traffic_delta_previous":0.014,"jobs_delta_previous":0.005,"electricity_delta_previous":0.023,"buildings_delta_previous":0.032,"services_delta_previous":0.004,"dominant_metric":"buildings","dominant_change":"appeared","confidence":"medium","evidence":["OSM building footprints and replay-first-visible-year profile","Planning/development-zone pressure proxy","Sentinel/Landsat NDBI source availability","Local raster evidence for 2018: ndbi, ndvi, rgb"]},"geometry":{"type":"Polygon","coordinates":[[[-5.984545,54.52],[-5.970909,54.52],[-5.970909,54.532857],[-5.984545,54.532857],[-5.984545,54.52]]]}},{"type":"Feature","id":"belfast_00_08_2018","properties":{"cell_id":"belfast_00_08","year":2018,"row":0,"col":8,"traffic":0.229,"jobs":0.053,"electricity":0.273,"buildings":0.291,"services":0.066,"development_pressure":0.204,"green_cover":0.294,"bike_access":0.05,"transit_access":0.18,"traffic_pressure":0.183,"planning_intensity":0.093,"deprivation_weight":0.0,"bike_trip_index":0.306,"tree_canopy_context":0.0,"civic_service_context":0.0,"traffic_delta_2016":0.024,"jobs_delta_2016":0.01,"electricity_delta_2016":0.039,"buildings_delta_2016":0.052,"services_delta_2016":0.008,"traffic_delta_previous":0.012,"jobs_delta_previous":0.005,"electricity_delta_previous":0.02,"buildings_delta_previous":0.026,"services_delta_previous":0.004,"dominant_metric":"buildings","dominant_change":"appeared","confidence":"medium","evidence":["OSM building footprints and replay-first-visible-year profile","Planning/development-zone pressure proxy","Sentinel/Landsat NDBI source availability","Local raster evidence for 2018: ndbi, ndvi, rgb"]},"geometry":{"type":"Polygon","coordinates":[[[-5.970909,54.52],[-5.957273,54.52],[-5.957273,54.532857],[-5.970909,54.532857],[-5.970909,54.52]]]}},{"type":"Feature","id":"belfast_00_09_2018","properties":{"cell_id":"belfast_00_09","year":2018,"row":0,"col":9,"traffic":0.223,"jobs":0.053,"electricity":0.267,"buildings":0.279,"services":0.066,"development_pressure":0.183,"green_cover":0.303,"bike_access":0.05,"transit_access":0.18,"traffic_pressure":0.179,"planning_intensity":0.083,"deprivation_weight":0.0,"bike_trip_index":0.306,"tree_canopy_context":0.0,"civic_service_context":0.0,"traffic_delta_2016":0.017,"jobs_delta_2016":0.01,"electricity_delta_2016":0.035,"buildings_delta_2016":0.041,"services_delta_2016":0.008,"traffic_delta_previous":0.008,"jobs_delta_previous":0.005,"electricity_delta_previous":0.018,"buildings_delta_previous":0.021,"services_delta_previous":0.004,"dominant_metric":"buildings","dominant_change":"appeared","confidence":"medium","evidence":["OSM building footprints and replay-first-visible-year profile","Planning/development-zone pressure proxy","Sentinel/Landsat NDBI source availability","Local raster evidence for 2018: ndbi, ndvi, rgb"]},"geometry":{"type":"Polygon","coordinates":[[[-5.957273,54.52],[-5.943637,54.52],[-5.943637,54.532857],[-5.957273,54.532857],[-5.957273,54.52]]]}},{"type":"Feature","id":"belfast_00_10_2018","properties":{"cell_id":"belfast_00_10","year":2018,"row":0,"col":10,"traffic":0.216,"jobs":0.053,"electricity":0.259,"buildings":0.263,"services":0.066,"development_pressure":0.159,"green_cover":0.333,"bike_access":0.05,"transit_access":0.18,"traffic_pressure":0.172,"planning_intensity":0.071,"deprivation_weight":0.0,"bike_trip_index":0.306,"tree_canopy_context":0.0,"civic_service_context":0.0,"traffic_delta_2016":0.014,"jobs_delta_2016":0.01,"electricity_delta_2016":0.032,"buildings_delta_2016":0.035,"services_delta_2016":0.008,"traffic_delta_previous":0.007,"jobs_delta_previous":0.005,"electricity_delta_previous":0.017,"buildings_delta_previous":0.019,"services_delta_previous":0.004,"dominant_metric":"buildings","dominant_change":"appeared","confidence":"medium","evidence":["OSM building footprints and replay-first-visible-year profile","Planning/development-zone pressure proxy","Sentinel/Landsat NDBI source availability","Local raster evidence for 2018: ndbi, ndvi, rgb"]},"geometry":{"type":"Polygon","coordinates":[[[-5.943636,54.52],[-5.93,54.52],[-5.93,54.532857],[-5.943636,54.532857],[-5.943636,54.52]]]}},{"type":"Feature","id":"belfast_00_11_2018","properties":{"cell_id":"belfast_00_11","year":2018,"row":0,"col":11,"traffic":0.21,"jobs":0.053,"electricity":0.254,"buildings":0.252,"services":0.066,"development_pressure":0.144,"green_cover":0.36,"bike_access":0.05,"transit_access":0.18,"traffic_pressure":0.168,"planning_intensity":0.064,"deprivation_weight":0.0,"bike_trip_index":0.306,"tree_canopy_context":0.0,"civic_service_context":0.0,"traffic_delta_2016":0.014,"jobs_delta_2016":0.01,"electricity_delta_2016":0.035,"buildings_delta_2016":0.039,"services_delta_2016":0.008,"traffic_delta_previous":0.008,"jobs_delta_previous":0.005,"electricity_delta_previous":0.019,"buildings_delta_previous":0.022,"services_delta_previous":0.004,"dominant_metric":"buildings","dominant_change":"appeared","confidence":"medium","evidence":["OSM building footprints and replay-first-visible-year profile","Planning/development-zone pressure proxy","Sentinel/Landsat NDBI source availability","Local raster evidence for 2018: ndbi, ndvi, rgb"]},"geometry":{"type":"Polygon","coordinates":[[[-5.93,54.52],[-5.916364,54.52],[-5.916364,54.532857],[-5.93,54.532857],[-5.93,54.52]]]}},{"type":"Feature","id":"belfast_00_12_2018","properties":{"cell_id":"belfast_00_12","year":2018,"row":0,"col":12,"traffic":0.21,"jobs":0.053,"electricity":0.255,"buildings":0.253,"services":0.066,"development_pressure":0.144,"green_cover":0.359,"bike_access":0.05,"transit_access":0.18,"traffic_pressure":0.168,"planning_intensity":0.064,"deprivation_weight":0.0,"bike_trip_index":0.306,"tree_canopy_context":0.0,"civic_service_context":0.0,"traffic_delta_2016":0.02,"jobs_delta_2016":0.01,"electricity_delta_2016":0.041,"buildings_delta_2016":0.051,"services_delta_2016":0.008,"traffic_delta_previous":0.012,"jobs_delta_previous":0.005,"electricity_delta_previous":0.023,"buildings_delta_previous":0.03,"services_delta_previous":0.004,"dominant_metric":"buildings","dominant_change":"appeared","confidence":"medium","evidence":["OSM building footprints and replay-first-visible-year profile","Planning/development-zone pressure proxy","Sentinel/Landsat NDBI source availability","Local raster evidence for 2018: ndbi, ndvi, rgb"]},"geometry":{"type":"Polygon","coordinates":[[[-5.916364,54.52],[-5.902728,54.52],[-5.902728,54.532857],[-5.916364,54.532857],[-5.916364,54.52]]]}},{"type":"Feature","id":"belfast_00_13_2018","properties":{"cell_id":"belfast_00_13","year":2018,"row":0,"col":13,"traffic":0.209,"jobs":0.053,"electricity":0.258,"buildings":0.256,"services":0.066,"development_pressure":0.16,"green_cover":0.431,"bike_access":0.05,"transit_access":0.18,"traffic_pressure":0.164,"planning_intensity":0.071,"deprivation_weight":0.0,"bike_trip_index":0.306,"tree_canopy_context":0.329,"civic_service_context":0.0,"traffic_delta_2016":0.029,"jobs_delta_2016":0.01,"electricity_delta_2016":0.046,"buildings_delta_2016":0.064,"services_delta_2016":0.008,"traffic_delta_previous":0.017,"jobs_delta_previous":0.005,"electricity_delta_previous":0.025,"buildings_delta_previous":0.036,"services_delta_previous":0.004,"dominant_metric":"buildings","dominant_change":"appeared","confidence":"medium","evidence":["OSM building footprints and replay-first-visible-year profile","Planning/development-zone pressure proxy","Sentinel/Landsat NDBI source availability","Local raster evidence for 2018: ndbi, ndvi, rgb"]},"geometry":{"type":"Polygon","coordinates":[[[-5.902727,54.52],[-5.889091,54.52],[-5.889091,54.532857],[-5.902727,54.532857],[-5.902727,54.52]]]}},{"type":"Feature","id":"belfast_00_14_2018","properties":{"cell_id":"belfast_00_14","year":2018,"row":0,"col":14,"traffic":0.219,"jobs":0.053,"electricity":0.266,"buildings":0.275,"services":0.066,"development_pressure":0.183,"green_cover":0.365,"bike_access":0.05,"transit_access":0.18,"traffic_pressure":0.173,"planning_intensity":0.083,"deprivation_weight":0.0,"bike_trip_index":0.306,"tree_canopy_context":0.212,"civic_service_context":0.0,"traffic_delta_2016":0.032,"jobs_delta_2016":0.01,"electricity_delta_2016":0.05,"buildings_delta_2016":0.073,"services_delta_2016":0.008,"traffic_delta_previous":0.018,"jobs_delta_previous":0.005,"electricity_delta_previous":0.026,"buildings_delta_previous":0.039,"services_delta_previous":0.004,"dominant_metric":"buildings","dominant_change":"appeared","confidence":"medium","evidence":["OSM building footprints and replay-first-visible-year profile","Planning/development-zone pressure proxy","Sentinel/Landsat NDBI source availability","Local raster evidence for 2018: ndbi, ndvi, rgb"]},"geometry":{"type":"Polygon","coordinates":[[[-5.889091,54.52],[-5.875455,54.52],[-5.875455,54.532857],[-5.889091,54.532857],[-5.889091,54.52]]]}},{"type":"Feature","id":"belfast_00_15_2018","properties":{"cell_id":"belfast_00_15","year":2018,"row":0,"col":15,"traffic":0.229,"jobs":0.053,"electricity":0.273,"buildings":0.291,"services":0.066,"development_pressure":0.204,"green_cover":0.294,"bike_access":0.05,"transit_access":0.18,"traffic_pressure":0.183,"planning_intensity":0.094,"deprivation_weight":0.0,"bike_trip_index":0.306,"tree_canopy_context":0.0,"civic_service_context":0.0,"traffic_delta_2016":0.03,"jobs_delta_2016":0.01,"electricity_delta_2016":0.049,"buildings_delta_2016":0.069,"services_delta_2016":0.008,"traffic_delta_previous":0.015,"jobs_delta_previous":0.005,"electricity_delta_previous":0.025,"buildings_delta_previous":0.035,"services_delta_previous":0.004,"dominant_metric":"buildings","dominant_change":"appeared","confidence":"medium","evidence":["OSM building footprints and replay-first-visible-year profile","Planning/development-zone pressure proxy","Sentinel/Landsat NDBI source availability","Local raster evidence for 2018: ndbi, ndvi, rgb"]},"geometry":{"type":"Polygon","coordinates":[[[-5.875455,54.52],[-5.861819,54.52],[-5.861819,54.532857],[-5.875455,54.532857],[-5.875455,54.52]]]}},{"type":"Feature","id":"belfast_00_16_2018","properties":{"cell_id":"belfast_00_16","year":2018,"row":0,"col":16,"traffic":0.229,"jobs":0.053,"electricity":0.275,"buildings":0.294,"services":0.066,"development_pressure":0.212,"green_cover":0.315,"bike_access":0.05,"transit_access":0.18,"traffic_pressure":0.183,"planning_intensity":0.097,"deprivation_weight":0.0,"bike_trip_index":0.306,"tree_canopy_context":0.0,"civic_service_context":0.0,"traffic_delta_2016":0.023,"jobs_delta_2016":0.01,"electricity_delta_2016":0.044,"buildings_delta_2016":0.058,"services_delta_2016":0.008,"traffic_delta_previous":0.011,"jobs_delta_previous":0.005,"electricity_delta_previous":0.022,"buildings_delta_previous":0.028,"services_delta_previous":0.004,"dominant_metric":"buildings","dominant_change":"appeared","confidence":"medium","evidence":["OSM building footprints and replay-first-visible-year profile","Planning/development-zone pressure proxy","Sentinel/Landsat NDBI source availability","Local raster evidence for 2018: ndbi, ndvi, rgb"]},"geometry":{"type":"Polygon","coordinates":[[[-5.861818,54.52],[-5.848182,54.52],[-5.848182,54.532857],[-5.861818,54.532857],[-5.861818,54.52]]]}},{"type":"Feature","id":"belfast_00_17_2018","properties":{"cell_id":"belfast_00_17","year":2018,"row":0,"col":17,"traffic":0.225,"jobs":0.053,"electricity":0.273,"buildings":0.287,"services":0.066,"development_pressure":0.203,"green_cover":0.344,"bike_access":0.05,"transit_access":0.18,"traffic_pressure":0.179,"planning_intensity":0.093,"deprivation_weight":0.0,"bike_trip_index":0.306,"tree_canopy_context":0.0,"civic_service_context":0.0,"traffic_delta_2016":0.016,"jobs_delta_2016":0.01,"electricity_delta_2016":0.039,"buildings_delta_2016":0.045,"services_delta_2016":0.008,"traffic_delta_previous":0.008,"jobs_delta_previous":0.005,"electricity_delta_previous":0.02,"buildings_delta_previous":0.022,"services_delta_previous":0.004,"dominant_metric":"buildings","dominant_change":"appeared","confidence":"medium","evidence":["OSM building footprints and replay-first-visible-year profile","Planning/development-zone pressure proxy","Sentinel/Landsat NDBI source availability","Local raster evidence for 2018: ndbi, ndvi, rgb"]},"geometry":{"type":"Polygon","coordinates":[[[-5.848182,54.52],[-5.834546,54.52],[-5.834546,54.532857],[-5.848182,54.532857],[-5.848182,54.52]]]}},{"type":"Feature","id":"belfast_00_18_2018","properties":{"cell_id":"belfast_00_18","year":2018,"row":0,"col":18,"traffic":0.219,"jobs":0.053,"electricity":0.266,"buildings":0.275,"services":0.066,"development_pressure":0.182,"green_cover":0.355,"bike_access":0.05,"transit_access":0.18,"traffic_pressure":0.174,"planning_intensity":0.083,"deprivation_weight":0.0,"bike_trip_index":0.306,"tree_canopy_context":0.0,"civic_service_context":0.0,"traffic_delta_2016":0.014,"jobs_delta_2016":0.01,"electricity_delta_2016":0.034,"buildings_delta_2016":0.038,"services_delta_2016":0.008,"traffic_delta_previous":0.008,"jobs_delta_previous":0.005,"electricity_delta_previous":0.018,"buildings_delta_previous":0.021,"services_delta_previous":0.004,"dominant_metric":"buildings","dominant_change":"appeared","confidence":"medium","evidence":["OSM building footprints and replay-first-visible-year profile","Planning/development-zone pressure proxy","Sentinel/Landsat NDBI source availability","Local raster evidence for 2018: ndbi, ndvi, rgb"]},"geometry":{"type":"Polygon","coordinates":[[[-5.834545,54.52],[-5.820909,54.52],[-5.820909,54.532857],[-5.834545,54.532857],[-5.834545,54.52]]]}},{"type":"Feature","id":"belfast_00_19_2018","properties":{"cell_id":"belfast_00_19","year":2018,"row":0,"col":19,"traffic":0.215,"jobs":0.053,"electricity":0.259,"buildings":0.262,"services":0.066,"development_pressure":0.159,"green_cover":0.34,"bike_access":0.05,"transit_access":0.18,"traffic_pressure":0.172,"planning_intensity":0.071,"deprivation_weight":0.0,"bike_trip_index":0.306,"tree_canopy_context":0.0,"civic_service_context":0.0,"traffic_delta_2016":0.016,"jobs_delta_2016":0.01,"electricity_delta_2016":0.033,"buildings_delta_2016":0.038,"services_delta_2016":0.008,"traffic_delta_previous":0.01,"jobs_delta_previous":0.005,"electricity_delta_previous":0.018,"buildings_delta_previous":0.022,"services_delta_previous":0.004,"dominant_metric":"buildings","dominant_change":"appeared","confidence":"medium","evidence":["OSM building footprints and replay-first-visible-year profile","Planning/development-zone pressure proxy","Sentinel/Landsat NDBI source availability","Local raster evidence for 2018: ndbi, ndvi, rgb"]},"geometry":{"type":"Polygon","coordinates":[[[-5.820909,54.52],[-5.807273,54.52],[-5.807273,54.532857],[-5.820909,54.532857],[-5.820909,54.52]]]}},{"type":"Feature","id":"belfast_00_20_2018","properties":{"cell_id":"belfast_00_20","year":2018,"row":0,"col":20,"traffic":0.213,"jobs":0.053,"electricity":0.255,"buildings":0.256,"services":0.066,"development_pressure":0.144,"green_cover":0.314,"bike_access":0.05,"transit_access":0.18,"traffic_pressure":0.172,"planning_intensity":0.063,"deprivation_weight":0.0,"bike_trip_index":0.306,"tree_canopy_context":0.0,"civic_service_context":0.0,"traffic_delta_2016":0.021,"jobs_delta_2016":0.01,"electricity_delta_2016":0.036,"buildings_delta_2016":0.047,"services_delta_2016":0.008,"traffic_delta_previous":0.012,"jobs_delta_previous":0.005,"electricity_delta_previous":0.02,"buildings_delta_previous":0.027,"services_delta_previous":0.004,"dominant_metric":"buildings","dominant_change":"appeared","confidence":"medium","evidence":["OSM building footprints and replay-first-visible-year profile","Planning/development-zone pressure proxy","Sentinel/Landsat NDBI source availability","Local raster evidence for 2018: ndbi, ndvi, rgb"]},"geometry":{"type":"Polygon","coordinates":[[[-5.807273,54.52],[-5.793637,54.52],[-5.793637,54.532857],[-5.807273,54.532857],[-5.807273,54.52]]]}},{"type":"Feature","id":"belfast_00_21_2018","properties":{"cell_id":"belfast_00_21","year":2018,"row":0,"col":21,"traffic":0.214,"jobs":0.053,"electricity":0.255,"buildings":0.257,"services":0.066,"development_pressure":0.144,"green_cover":0.303,"bike_access":0.05,"transit_access":0.18,"traffic_pressure":0.173,"planning_intensity":0.064,"deprivation_weight":0.0,"bike_trip_index":0.306,"tree_canopy_context":0.0,"civic_service_context":0.0,"traffic_delta_2016":0.024,"jobs_delta_2016":0.01,"electricity_delta_2016":0.041,"buildings_delta_2016":0.056,"services_delta_2016":0.008,"traffic_delta_previous":0.013,"jobs_delta_previous":0.005,"electricity_delta_previous":0.022,"buildings_delta_previous":0.031,"services_delta_previous":0.004,"dominant_metric":"buildings","dominant_change":"appeared","confidence":"medium","evidence":["OSM building footprints and replay-first-visible-year profile","Planning/development-zone pressure proxy","Sentinel/Landsat NDBI source availability","Local raster evidence for 2018: ndbi, ndvi, rgb"]},"geometry":{"type":"Polygon","coordinates":[[[-5.793636,54.52],[-5.78,54.52],[-5.78,54.532857],[-5.793636,54.532857],[-5.793636,54.52]]]}},{"type":"Feature","id":"belfast_01_00_2018","properties":{"cell_id":"belfast_01_00","year":2018,"row":1,"col":0,"traffic":0.211,"jobs":0.053,"electricity":0.255,"buildings":0.253,"services":0.066,"development_pressure":0.144,"green_cover":0.347,"bike_access":0.05,"transit_access":0.18,"traffic_pressure":0.169,"planning_intensity":0.064,"deprivation_weight":0.0,"bike_trip_index":0.306,"tree_canopy_context":0.0,"civic_service_context":0.0,"traffic_delta_2016":0.018,"jobs_delta_2016":0.01,"electricity_delta_2016":0.036,"buildings_delta_2016":0.042,"services_delta_2016":0.008,"traffic_delta_previous":0.011,"jobs_delta_previous":0.005,"electricity_delta_previous":0.02,"buildings_delta_previous":0.025,"services_delta_previous":0.004,"dominant_metric":"buildings","dominant_change":"appeared","confidence":"medium","evidence":["OSM building footprints and replay-first-visible-year profile","Planning/development-zone pressure proxy","Sentinel/Landsat NDBI source availability","Local raster evidence for 2018: ndbi, ndvi, rgb"]},"geometry":{"type":"Polygon","coordinates":[[[-6.08,54.532857],[-6.066364,54.532857],[-6.066364,54.545714],[-6.08,54.545714],[-6.08,54.532857]]]}},{"type":"Feature","id":"belfast_01_01_2018","properties":{"cell_id":"belfast_01_01","year":2018,"row":1,"col":1,"traffic":0.213,"jobs":0.053,"electricity":0.255,"buildings":0.255,"services":0.066,"development_pressure":0.144,"green_cover":0.318,"bike_access":0.05,"transit_access":0.18,"traffic_pressure":0.171,"planning_intensity":0.064,"deprivation_weight":0.0,"bike_trip_index":0.306,"tree_canopy_context":0.0,"civic_service_context":0.0,"traffic_delta_2016":0.025,"jobs_delta_2016":0.01,"electricity_delta_2016":0.041,"buildings_delta_2016":0.055,"services_delta_2016":0.008,"traffic_delta_previous":0.014,"jobs_delta_previous":0.005,"electricity_delta_previous":0.023,"buildings_delta_previous":0.031,"services_delta_previous":0.004,"dominant_metric":"buildings","dominant_change":"appeared","confidence":"medium","evidence":["OSM building footprints and replay-first-visible-year profile","Planning/development-zone pressure proxy","Sentinel/Landsat NDBI source availability","Local raster evidence for 2018: ndbi, ndvi, rgb"]},"geometry":{"type":"Polygon","coordinates":[[[-6.066364,54.532857],[-6.052728,54.532857],[-6.052728,54.545714],[-6.066364,54.545714],[-6.066364,54.532857]]]}},{"type":"Feature","id":"belfast_01_02_2018","properties":{"cell_id":"belfast_01_02","year":2018,"row":1,"col":2,"traffic":0.215,"jobs":0.053,"electricity":0.259,"buildings":0.263,"services":0.066,"development_pressure":0.159,"green_cover":0.336,"bike_access":0.05,"transit_access":0.18,"traffic_pressure":0.172,"planning_intensity":0.071,"deprivation_weight":0.0,"bike_trip_index":0.306,"tree_canopy_context":0.118,"civic_service_context":0.0,"traffic_delta_2016":0.029,"jobs_delta_2016":0.01,"electricity_delta_2016":0.046,"buildings_delta_2016":0.066,"services_delta_2016":0.008,"traffic_delta_previous":0.015,"jobs_delta_previous":0.005,"electricity_delta_previous":0.025,"buildings_delta_previous":0.036,"services_delta_previous":0.004,"dominant_metric":"buildings","dominant_change":"appeared","confidence":"medium","evidence":["OSM building footprints and replay-first-visible-year profile","Planning/development-zone pressure proxy","Sentinel/Landsat NDBI source availability","Local raster evidence for 2018: ndbi, ndvi, rgb"]},"geometry":{"type":"Polygon","coordinates":[[[-6.052727,54.532857],[-6.039091,54.532857],[-6.039091,54.545714],[-6.052727,54.545714],[-6.052727,54.532857]]]}},{"type":"Feature","id":"belfast_01_03_2018","properties":{"cell_id":"belfast_01_03","year":2018,"row":1,"col":3,"traffic":0.221,"jobs":0.053,"electricity":0.266,"buildings":0.276,"services":0.066,"development_pressure":0.183,"green_cover":0.337,"bike_access":0.05,"transit_access":0.18,"traffic_pressure":0.176,"planning_intensity":0.083,"deprivation_weight":0.0,"bike_trip_index":0.306,"tree_canopy_context":0.094,"civic_service_context":0.0,"traffic_delta_2016":0.029,"jobs_delta_2016":0.01,"electricity_delta_2016":0.049,"buildings_delta_2016":0.069,"services_delta_2016":0.008,"traffic_delta_previous":0.015,"jobs_delta_previous":0.005,"electricity_delta_previous":0.025,"buildings_delta_previous":0.035,"services_delta_previous":0.004,"dominant_metric":"buildings","dominant_change":"appeared","confidence":"medium","evidence":["OSM building footprints and replay-first-visible-year profile","Planning/development-zone pressure proxy","Sentinel/Landsat NDBI source availability","Local raster evidence for 2018: ndbi, ndvi, rgb"]},"geometry":{"type":"Polygon","coordinates":[[[-6.039091,54.532857],[-6.025455,54.532857],[-6.025455,54.545714],[-6.039091,54.545714],[-6.039091,54.532857]]]}},{"type":"Feature","id":"belfast_01_04_2018","properties":{"cell_id":"belfast_01_04","year":2018,"row":1,"col":4,"traffic":0.223,"jobs":0.053,"electricity":0.272,"buildings":0.285,"services":0.066,"development_pressure":0.204,"green_cover":0.376,"bike_access":0.05,"transit_access":0.18,"traffic_pressure":0.176,"planning_intensity":0.093,"deprivation_weight":0.0,"bike_trip_index":0.306,"tree_canopy_context":0.141,"civic_service_context":0.0,"traffic_delta_2016":0.025,"jobs_delta_2016":0.01,"electricity_delta_2016":0.048,"buildings_delta_2016":0.064,"services_delta_2016":0.008,"traffic_delta_previous":0.013,"jobs_delta_previous":0.005,"electricity_delta_previous":0.025,"buildings_delta_previous":0.032,"services_delta_previous":0.004,"dominant_metric":"buildings","dominant_change":"appeared","confidence":"medium","evidence":["OSM building footprints and replay-first-visible-year profile","Planning/development-zone pressure proxy","Sentinel/Landsat NDBI source availability","Local raster evidence for 2018: ndbi, ndvi, rgb"]},"geometry":{"type":"Polygon","coordinates":[[[-6.025455,54.532857],[-6.011819,54.532857],[-6.011819,54.545714],[-6.025455,54.545714],[-6.025455,54.532857]]]}},{"type":"Feature","id":"belfast_01_05_2018","properties":{"cell_id":"belfast_01_05","year":2018,"row":1,"col":5,"traffic":0.227,"jobs":0.053,"electricity":0.275,"buildings":0.292,"services":0.066,"development_pressure":0.212,"green_cover":0.35,"bike_access":0.05,"transit_access":0.18,"traffic_pressure":0.179,"planning_intensity":0.097,"deprivation_weight":0.0,"bike_trip_index":0.306,"tree_canopy_context":0.0,"civic_service_context":0.0,"traffic_delta_2016":0.022,"jobs_delta_2016":0.01,"electricity_delta_2016":0.044,"buildings_delta_2016":0.056,"services_delta_2016":0.008,"traffic_delta_previous":0.012,"jobs_delta_previous":0.005,"electricity_delta_previous":0.022,"buildings_delta_previous":0.029,"services_delta_previous":0.004,"dominant_metric":"buildings","dominant_change":"appeared","confidence":"medium","evidence":["OSM building footprints and replay-first-visible-year profile","Planning/development-zone pressure proxy","Sentinel/Landsat NDBI source availability","Local raster evidence for 2018: ndbi, ndvi, rgb"]},"geometry":{"type":"Polygon","coordinates":[[[-6.011818,54.532857],[-5.998182,54.532857],[-5.998182,54.545714],[-6.011818,54.545714],[-6.011818,54.532857]]]}},{"type":"Feature","id":"belfast_01_06_2018","properties":{"cell_id":"belfast_01_06","year":2018,"row":1,"col":6,"traffic":0.203,"jobs":0.053,"electricity":0.269,"buildings":0.267,"services":0.066,"development_pressure":0.204,"green_cover":0.645,"bike_access":0.05,"transit_access":0.18,"traffic_pressure":0.152,"planning_intensity":0.093,"deprivation_weight":0.0,"bike_trip_index":0.306,"tree_canopy_context":1.0,"civic_service_context":0.0,"traffic_delta_2016":0.019,"jobs_delta_2016":0.01,"electricity_delta_2016":0.039,"buildings_delta_2016":0.048,"services_delta_2016":0.008,"traffic_delta_previous":0.011,"jobs_delta_previous":0.005,"electricity_delta_previous":0.02,"buildings_delta_previous":0.026,"services_delta_previous":0.004,"dominant_metric":"buildings","dominant_change":"appeared","confidence":"medium","evidence":["OSM building footprints and replay-first-visible-year profile","Planning/development-zone pressure proxy","Sentinel/Landsat NDBI source availability","Local raster evidence for 2018: ndbi, ndvi, rgb"]},"geometry":{"type":"Polygon","coordinates":[[[-5.998182,54.532857],[-5.984546,54.532857],[-5.984546,54.545714],[-5.998182,54.545714],[-5.998182,54.532857]]]}},{"type":"Feature","id":"belfast_01_07_2018","properties":{"cell_id":"belfast_01_07","year":2018,"row":1,"col":7,"traffic":0.198,"jobs":0.068,"electricity":0.266,"buildings":0.255,"services":0.112,"development_pressure":0.183,"green_cover":0.645,"bike_access":0.05,"transit_access":0.18,"traffic_pressure":0.149,"planning_intensity":0.083,"deprivation_weight":0.0,"bike_trip_index":0.306,"tree_canopy_context":1.0,"civic_service_context":0.2,"traffic_delta_2016":0.019,"jobs_delta_2016":0.01,"electricity_delta_2016":0.035,"buildings_delta_2016":0.043,"services_delta_2016":0.008,"traffic_delta_previous":0.011,"jobs_delta_previous":0.005,"electricity_delta_previous":0.019,"buildings_delta_previous":0.023,"services_delta_previous":0.004,"dominant_metric":"buildings","dominant_change":"appeared","confidence":"medium","evidence":["OSM building footprints and replay-first-visible-year profile","Planning/development-zone pressure proxy","Sentinel/Landsat NDBI source availability","Local raster evidence for 2018: ndbi, ndvi, rgb"]},"geometry":{"type":"Polygon","coordinates":[[[-5.984545,54.532857],[-5.970909,54.532857],[-5.970909,54.545714],[-5.984545,54.545714],[-5.984545,54.532857]]]}},{"type":"Feature","id":"belfast_01_08_2018","properties":{"cell_id":"belfast_01_08","year":2018,"row":1,"col":8,"traffic":0.212,"jobs":0.068,"electricity":0.262,"buildings":0.259,"services":0.112,"development_pressure":0.159,"green_cover":0.39,"bike_access":0.05,"transit_access":0.18,"traffic_pressure":0.167,"planning_intensity":0.071,"deprivation_weight":0.0,"bike_trip_index":0.306,"tree_canopy_context":0.212,"civic_service_context":0.2,"traffic_delta_2016":0.02,"jobs_delta_2016":0.01,"electricity_delta_2016":0.034,"buildings_delta_2016":0.041,"services_delta_2016":0.008,"traffic_delta_previous":0.011,"jobs_delta_previous":0.005,"electricity_delta_previous":0.019,"buildings_delta_previous":0.022,"services_delta_previous":0.004,"dominant_metric":"buildings","dominant_change":"appeared","confidence":"medium","evidence":["OSM building footprints and replay-first-visible-year profile","Planning/development-zone pressure proxy","Sentinel/Landsat NDBI source availability","Local raster evidence for 2018: ndbi, ndvi, rgb"]},"geometry":{"type":"Polygon","coordinates":[[[-5.970909,54.532857],[-5.957273,54.532857],[-5.957273,54.545714],[-5.970909,54.545714],[-5.970909,54.532857]]]}},{"type":"Feature","id":"belfast_01_09_2018","properties":{"cell_id":"belfast_01_09","year":2018,"row":1,"col":9,"traffic":0.212,"jobs":0.053,"electricity":0.255,"buildings":0.254,"services":0.066,"development_pressure":0.144,"green_cover":0.333,"bike_access":0.05,"transit_access":0.18,"traffic_pressure":0.17,"planning_intensity":0.064,"deprivation_weight":0.0,"bike_trip_index":0.306,"tree_canopy_context":0.0,"civic_service_context":0.0,"traffic_delta_2016":0.019,"jobs_delta_2016":0.01,"electricity_delta_2016":0.036,"buildings_delta_2016":0.043,"services_delta_2016":0.008,"traffic_delta_previous":0.01,"jobs_delta_previous":0.005,"electricity_delta_previous":0.02,"buildings_delta_previous":0.024,"services_delta_previous":0.004,"dominant_metric":"buildings","dominant_change":"appeared","confidence":"medium","evidence":["OSM building footprints and replay-first-visible-year profile","Planning/development-zone pressure proxy","Sentinel/Landsat NDBI source availability","Local raster evidence for 2018: ndbi, ndvi, rgb"]},"geometry":{"type":"Polygon","coordinates":[[[-5.957273,54.532857],[-5.943637,54.532857],[-5.943637,54.545714],[-5.957273,54.545714],[-5.957273,54.532857]]]}},{"type":"Feature","id":"belfast_01_10_2018","properties":{"cell_id":"belfast_01_10","year":2018,"row":1,"col":10,"traffic":0.212,"jobs":0.053,"electricity":0.255,"buildings":0.254,"services":0.066,"development_pressure":0.144,"green_cover":0.336,"bike_access":0.05,"transit_access":0.18,"traffic_pressure":0.17,"planning_intensity":0.064,"deprivation_weight":0.0,"bike_trip_index":0.306,"tree_canopy_context":0.0,"civic_service_context":0.0,"traffic_delta_2016":0.02,"jobs_delta_2016":0.01,"electricity_delta_2016":0.041,"buildings_delta_2016":0.05,"services_delta_2016":0.008,"traffic_delta_previous":0.011,"jobs_delta_previous":0.005,"electricity_delta_previous":0.022,"buildings_delta_previous":0.028,"services_delta_previous":0.004,"dominant_metric":"buildings","dominant_change":"appeared","confidence":"medium","evidence":["OSM building footprints and replay-first-visible-year profile","Planning/development-zone pressure proxy","Sentinel/Landsat NDBI source availability","Local raster evidence for 2018: ndbi, ndvi, rgb"]},"geometry":{"type":"Polygon","coordinates":[[[-5.943636,54.532857],[-5.93,54.532857],[-5.93,54.545714],[-5.943636,54.545714],[-5.943636,54.532857]]]}},{"type":"Feature","id":"belfast_01_11_2018","properties":{"cell_id":"belfast_01_11","year":2018,"row":1,"col":11,"traffic":0.214,"jobs":0.053,"electricity":0.259,"buildings":0.262,"services":0.066,"development_pressure":0.16,"green_cover":0.357,"bike_access":0.05,"transit_access":0.18,"traffic_pressure":0.17,"planning_intensity":0.071,"deprivation_weight":0.0,"bike_trip_index":0.306,"tree_canopy_context":0.0,"civic_service_context":0.0,"traffic_delta_2016":0.023,"jobs_delta_2016":0.01,"electricity_delta_2016":0.045,"buildings_delta_2016":0.06,"services_delta_2016":0.008,"traffic_delta_previous":0.013,"jobs_delta_previous":0.005,"electricity_delta_previous":0.025,"buildings_delta_previous":0.033,"services_delta_previous":0.004,"dominant_metric":"buildings","dominant_change":"appeared","confidence":"medium","evidence":["OSM building footprints and replay-first-visible-year profile","Planning/development-zone pressure proxy","Sentinel/Landsat NDBI source availability","Local raster evidence for 2018: ndbi, ndvi, rgb"]},"geometry":{"type":"Polygon","coordinates":[[[-5.93,54.532857],[-5.916364,54.532857],[-5.916364,54.545714],[-5.93,54.545714],[-5.93,54.532857]]]}},{"type":"Feature","id":"belfast_01_12_2018","properties":{"cell_id":"belfast_01_12","year":2018,"row":1,"col":12,"traffic":0.22,"jobs":0.053,"electricity":0.266,"buildings":0.275,"services":0.066,"development_pressure":0.183,"green_cover":0.352,"bike_access":0.05,"transit_access":0.18,"traffic_pressure":0.175,"planning_intensity":0.083,"deprivation_weight":0.0,"bike_trip_index":0.306,"tree_canopy_context":0.0,"civic_service_context":0.0,"traffic_delta_2016":0.027,"jobs_delta_2016":0.01,"electricity_delta_2016":0.049,"buildings_delta_2016":0.067,"services_delta_2016":0.008,"traffic_delta_previous":0.016,"jobs_delta_previous":0.005,"electricity_delta_previous":0.026,"buildings_delta_previous":0.036,"services_delta_previous":0.004,"dominant_metric":"buildings","dominant_change":"appeared","confidence":"medium","evidence":["OSM building footprints and replay-first-visible-year profile","Planning/development-zone pressure proxy","Sentinel/Landsat NDBI source availability","Local raster evidence for 2018: ndbi, ndvi, rgb"]},"geometry":{"type":"Polygon","coordinates":[[[-5.916364,54.532857],[-5.902728,54.532857],[-5.902728,54.545714],[-5.916364,54.545714],[-5.916364,54.532857]]]}},{"type":"Feature","id":"belfast_01_13_2018","properties":{"cell_id":"belfast_01_13","year":2018,"row":1,"col":13,"traffic":0.227,"jobs":0.053,"electricity":0.273,"buildings":0.289,"services":0.066,"development_pressure":0.204,"green_cover":0.323,"bike_access":0.05,"transit_access":0.18,"traffic_pressure":0.181,"planning_intensity":0.094,"deprivation_weight":0.0,"bike_trip_index":0.306,"tree_canopy_context":0.0,"civic_service_context":0.0,"traffic_delta_2016":0.03,"jobs_delta_2016":0.01,"electricity_delta_2016":0.049,"buildings_delta_2016":0.069,"services_delta_2016":0.008,"traffic_delta_previous":0.017,"jobs_delta_previous":0.005,"electricity_delta_previous":0.025,"buildings_delta_previous":0.036,"services_delta_previous":0.004,"dominant_metric":"buildings","dominant_change":"appeared","confidence":"medium","evidence":["OSM building footprints and replay-first-visible-year profile","Planning/development-zone pressure proxy","Sentinel/Landsat NDBI source availability","Local raster evidence for 2018: ndbi, ndvi, rgb"]},"geometry":{"type":"Polygon","coordinates":[[[-5.902727,54.532857],[-5.889091,54.532857],[-5.889091,54.545714],[-5.902727,54.545714],[-5.902727,54.532857]]]}},{"type":"Feature","id":"belfast_01_14_2018","properties":{"cell_id":"belfast_01_14","year":2018,"row":1,"col":14,"traffic":0.231,"jobs":0.053,"electricity":0.276,"buildings":0.296,"services":0.066,"development_pressure":0.212,"green_cover":0.296,"bike_access":0.05,"transit_access":0.18,"traffic_pressure":0.184,"planning_intensity":0.097,"deprivation_weight":0.0,"bike_trip_index":0.306,"tree_canopy_context":0.0,"civic_service_context":0.0,"traffic_delta_2016":0.029,"jobs_delta_2016":0.01,"electricity_delta_2016":0.045,"buildings_delta_2016":0.063,"services_delta_2016":0.008,"traffic_delta_previous":0.015,"jobs_delta_previous":0.005,"electricity_delta_previous":0.023,"buildings_delta_previous":0.032,"services_delta_previous":0.004,"dominant_metric":"buildings","dominant_change":"appeared","confidence":"medium","evidence":["OSM building footprints and replay-first-visible-year profile","Planning/development-zone pressure proxy","Sentinel/Landsat NDBI source availability","Local raster evidence for 2018: ndbi, ndvi, rgb"]},"geometry":{"type":"Polygon","coordinates":[[[-5.889091,54.532857],[-5.875455,54.532857],[-5.875455,54.545714],[-5.889091,54.545714],[-5.889091,54.532857]]]}},{"type":"Feature","id":"belfast_01_15_2018","properties":{"cell_id":"belfast_01_15","year":2018,"row":1,"col":15,"traffic":0.229,"jobs":0.053,"electricity":0.273,"buildings":0.291,"services":0.066,"development_pressure":0.203,"green_cover":0.294,"bike_access":0.05,"transit_access":0.18,"traffic_pressure":0.183,"planning_intensity":0.093,"deprivation_weight":0.0,"bike_trip_index":0.306,"tree_canopy_context":0.0,"civic_service_context":0.0,"traffic_delta_2016":0.022,"jobs_delta_2016":0.01,"electricity_delta_2016":0.039,"buildings_delta_2016":0.051,"services_delta_2016":0.008,"traffic_delta_previous":0.011,"jobs_delta_previous":0.005,"electricity_delta_previous":0.02,"buildings_delta_previous":0.025,"services_delta_previous":0.004,"dominant_metric":"buildings","dominant_change":"appeared","confidence":"medium","evidence":["OSM building footprints and replay-first-visible-year profile","Planning/development-zone pressure proxy","Sentinel/Landsat NDBI source availability","Local raster evidence for 2018: ndbi, ndvi, rgb"]},"geometry":{"type":"Polygon","coordinates":[[[-5.875455,54.532857],[-5.861819,54.532857],[-5.861819,54.545714],[-5.875455,54.545714],[-5.875455,54.532857]]]}},{"type":"Feature","id":"belfast_01_16_2018","properties":{"cell_id":"belfast_01_16","year":2018,"row":1,"col":16,"traffic":0.222,"jobs":0.053,"electricity":0.266,"buildings":0.277,"services":0.066,"development_pressure":0.182,"green_cover":0.321,"bike_access":0.05,"transit_access":0.18,"traffic_pressure":0.177,"planning_intensity":0.083,"deprivation_weight":0.0,"bike_trip_index":0.306,"tree_canopy_context":0.0,"civic_service_context":0.0,"traffic_delta_2016":0.015,"jobs_delta_2016":0.01,"electricity_delta_2016":0.034,"buildings_delta_2016":0.038,"services_delta_2016":0.008,"traffic_delta_previous":0.007,"jobs_delta_previous":0.005,"electricity_delta_previous":0.017,"buildings_delta_previous":0.019,"services_delta_previous":0.004,"dominant_metric":"buildings","dominant_change":"appeared","confidence":"medium","evidence":["OSM building footprints and replay-first-visible-year profile","Planning/development-zone pressure proxy","Sentinel/Landsat NDBI source availability","Local raster evidence for 2018: ndbi, ndvi, rgb"]},"geometry":{"type":"Polygon","coordinates":[[[-5.861818,54.532857],[-5.848182,54.532857],[-5.848182,54.545714],[-5.861818,54.545714],[-5.861818,54.532857]]]}},{"type":"Feature","id":"belfast_01_17_2018","properties":{"cell_id":"belfast_01_17","year":2018,"row":1,"col":17,"traffic":0.214,"jobs":0.053,"electricity":0.259,"buildings":0.261,"services":0.066,"development_pressure":0.159,"green_cover":0.352,"bike_access":0.05,"transit_access":0.18,"traffic_pressure":0.171,"planning_intensity":0.071,"deprivation_weight":0.0,"bike_trip_index":0.306,"tree_canopy_context":0.0,"civic_service_context":0.0,"traffic_delta_2016":0.012,"jobs_delta_2016":0.01,"electricity_delta_2016":0.032,"buildings_delta_2016":0.034,"services_delta_2016":0.008,"traffic_delta_previous":0.007,"jobs_delta_previous":0.005,"electricity_delta_previous":0.018,"buildings_delta_previous":0.018,"services_delta_previous":0.004,"dominant_metric":"buildings","dominant_change":"stable","confidence":"medium","evidence":["OSM building footprints and replay-first-visible-year profile","Planning/development-zone pressure proxy","Sentinel/Landsat NDBI source availability","Local raster evidence for 2018: ndbi, ndvi, rgb"]},"geometry":{"type":"Polygon","coordinates":[[[-5.848182,54.532857],[-5.834546,54.532857],[-5.834546,54.545714],[-5.848182,54.545714],[-5.848182,54.532857]]]}},{"type":"Feature","id":"belfast_01_18_2018","properties":{"cell_id":"belfast_01_18","year":2018,"row":1,"col":18,"traffic":0.21,"jobs":0.053,"electricity":0.254,"buildings":0.252,"services":0.066,"development_pressure":0.144,"green_cover":0.362,"bike_access":0.05,"transit_access":0.18,"traffic_pressure":0.167,"planning_intensity":0.063,"deprivation_weight":0.0,"bike_trip_index":0.306,"tree_canopy_context":0.0,"civic_service_context":0.0,"traffic_delta_2016":0.015,"jobs_delta_2016":0.01,"electricity_delta_2016":0.035,"buildings_delta_2016":0.04,"services_delta_2016":0.008,"traffic_delta_previous":0.01,"jobs_delta_previous":0.005,"electricity_delta_previous":0.019,"buildings_delta_previous":0.024,"services_delta_previous":0.004,"dominant_metric":"buildings","dominant_change":"appeared","confidence":"medium","evidence":["OSM building footprints and replay-first-visible-year profile","Planning/development-zone pressure proxy","Sentinel/Landsat NDBI source availability","Local raster evidence for 2018: ndbi, ndvi, rgb"]},"geometry":{"type":"Polygon","coordinates":[[[-5.834545,54.532857],[-5.820909,54.532857],[-5.820909,54.545714],[-5.834545,54.545714],[-5.834545,54.532857]]]}},{"type":"Feature","id":"belfast_01_19_2018","properties":{"cell_id":"belfast_01_19","year":2018,"row":1,"col":19,"traffic":0.211,"jobs":0.053,"electricity":0.255,"buildings":0.254,"services":0.066,"development_pressure":0.144,"green_cover":0.343,"bike_access":0.05,"transit_access":0.18,"traffic_pressure":0.169,"planning_intensity":0.064,"deprivation_weight":0.0,"bike_trip_index":0.306,"tree_canopy_context":0.0,"civic_service_context":0.0,"traffic_delta_2016":0.022,"jobs_delta_2016":0.01,"electricity_delta_2016":0.041,"buildings_delta_2016":0.054,"services_delta_2016":0.008,"traffic_delta_previous":0.014,"jobs_delta_previous":0.005,"electricity_delta_previous":0.023,"buildings_delta_previous":0.031,"services_delta_previous":0.004,"dominant_metric":"buildings","dominant_change":"appeared","confidence":"medium","evidence":["OSM building footprints and replay-first-visible-year profile","Planning/development-zone pressure proxy","Sentinel/Landsat NDBI source availability","Local raster evidence for 2018: ndbi, ndvi, rgb"]},"geometry":{"type":"Polygon","coordinates":[[[-5.820909,54.532857],[-5.807273,54.532857],[-5.807273,54.545714],[-5.820909,54.545714],[-5.820909,54.532857]]]}},{"type":"Feature","id":"belfast_01_20_2018","properties":{"cell_id":"belfast_01_20","year":2018,"row":1,"col":20,"traffic":0.217,"jobs":0.053,"electricity":0.26,"buildings":0.265,"services":0.066,"development_pressure":0.16,"green_cover":0.311,"bike_access":0.05,"transit_access":0.18,"traffic_pressure":0.175,"planning_intensity":0.072,"deprivation_weight":0.0,"bike_trip_index":0.306,"tree_canopy_context":0.0,"civic_service_context":0.0,"traffic_delta_2016":0.029,"jobs_delta_2016":0.01,"electricity_delta_2016":0.047,"buildings_delta_2016":0.066,"services_delta_2016":0.008,"traffic_delta_previous":0.016,"jobs_delta_previous":0.005,"electricity_delta_previous":0.025,"buildings_delta_previous":0.037,"services_delta_previous":0.004,"dominant_metric":"buildings","dominant_change":"appeared","confidence":"medium","evidence":["OSM building footprints and replay-first-visible-year profile","Planning/development-zone pressure proxy","Sentinel/Landsat NDBI source availability","Local raster evidence for 2018: ndbi, ndvi, rgb"]},"geometry":{"type":"Polygon","coordinates":[[[-5.807273,54.532857],[-5.793637,54.532857],[-5.793637,54.545714],[-5.807273,54.545714],[-5.807273,54.532857]]]}},{"type":"Feature","id":"belfast_01_21_2018","properties":{"cell_id":"belfast_01_21","year":2018,"row":1,"col":21,"traffic":0.224,"jobs":0.053,"electricity":0.267,"buildings":0.28,"services":0.066,"development_pressure":0.184,"green_cover":0.296,"bike_access":0.05,"transit_access":0.18,"traffic_pressure":0.18,"planning_intensity":0.084,"deprivation_weight":0.0,"bike_trip_index":0.306,"tree_canopy_context":0.0,"civic_service_context":0.0,"traffic_delta_2016":0.031,"jobs_delta_2016":0.01,"electricity_delta_2016":0.05,"buildings_delta_2016":0.072,"services_delta_2016":0.008,"traffic_delta_previous":0.016,"jobs_delta_previous":0.005,"electricity_delta_previous":0.026,"buildings_delta_previous":0.038,"services_delta_previous":0.004,"dominant_metric":"buildings","dominant_change":"appeared","confidence":"medium","evidence":["OSM building footprints and replay-first-visible-year profile","Planning/development-zone pressure proxy","Sentinel/Landsat NDBI source availability","Local raster evidence for 2018: ndbi, ndvi, rgb"]},"geometry":{"type":"Polygon","coordinates":[[[-5.793636,54.532857],[-5.78,54.532857],[-5.78,54.545714],[-5.793636,54.545714],[-5.793636,54.532857]]]}},{"type":"Feature","id":"belfast_02_00_2018","properties":{"cell_id":"belfast_02_00","year":2018,"row":2,"col":0,"traffic":0.215,"jobs":0.053,"electricity":0.259,"buildings":0.262,"services":0.066,"development_pressure":0.159,"green_cover":0.344,"bike_access":0.05,"transit_access":0.18,"traffic_pressure":0.172,"planning_intensity":0.071,"deprivation_weight":0.0,"bike_trip_index":0.306,"tree_canopy_context":0.0,"civic_service_context":0.0,"traffic_delta_2016":0.027,"jobs_delta_2016":0.01,"electricity_delta_2016":0.046,"buildings_delta_2016":0.063,"services_delta_2016":0.008,"traffic_delta_previous":0.016,"jobs_delta_previous":0.005,"electricity_delta_previous":0.025,"buildings_delta_previous":0.035,"services_delta_previous":0.004,"dominant_metric":"buildings","dominant_change":"appeared","confidence":"medium","evidence":["OSM building footprints and replay-first-visible-year profile","Planning/development-zone pressure proxy","Sentinel/Landsat NDBI source availability","Local raster evidence for 2018: ndbi, ndvi, rgb"]},"geometry":{"type":"Polygon","coordinates":[[[-6.08,54.545714],[-6.066364,54.545714],[-6.066364,54.558571],[-6.08,54.558571],[-6.08,54.545714]]]}},{"type":"Feature","id":"belfast_02_01_2018","properties":{"cell_id":"belfast_02_01","year":2018,"row":2,"col":1,"traffic":0.201,"jobs":0.053,"electricity":0.263,"buildings":0.257,"services":0.066,"development_pressure":0.183,"green_cover":0.613,"bike_access":0.05,"transit_access":0.18,"traffic_pressure":0.151,"planning_intensity":0.083,"deprivation_weight":0.0,"bike_trip_index":0.306,"tree_canopy_context":1.0,"civic_service_context":0.0,"traffic_delta_2016":0.032,"jobs_delta_2016":0.01,"electricity_delta_2016":0.05,"buildings_delta_2016":0.072,"services_delta_2016":0.008,"traffic_delta_previous":0.018,"jobs_delta_previous":0.005,"electricity_delta_previous":0.026,"buildings_delta_previous":0.039,"services_delta_previous":0.004,"dominant_metric":"buildings","dominant_change":"appeared","confidence":"medium","evidence":["OSM building footprints and replay-first-visible-year profile","Planning/development-zone pressure proxy","Sentinel/Landsat NDBI source availability","Local raster evidence for 2018: ndbi, ndvi, rgb"]},"geometry":{"type":"Polygon","coordinates":[[[-6.066364,54.545714],[-6.052728,54.545714],[-6.052728,54.558571],[-6.066364,54.558571],[-6.066364,54.545714]]]}},{"type":"Feature","id":"belfast_02_02_2018","properties":{"cell_id":"belfast_02_02","year":2018,"row":2,"col":2,"traffic":0.207,"jobs":0.053,"electricity":0.27,"buildings":0.27,"services":0.066,"development_pressure":0.204,"green_cover":0.595,"bike_access":0.05,"transit_access":0.18,"traffic_pressure":0.156,"planning_intensity":0.093,"deprivation_weight":0.0,"bike_trip_index":0.306,"tree_canopy_context":1.0,"civic_service_context":0.0,"traffic_delta_2016":0.031,"jobs_delta_2016":0.01,"electricity_delta_2016":0.049,"buildings_delta_2016":0.07,"services_delta_2016":0.008,"traffic_delta_previous":0.016,"jobs_delta_previous":0.005,"electricity_delta_previous":0.026,"buildings_delta_previous":0.036,"services_delta_previous":0.004,"dominant_metric":"buildings","dominant_change":"appeared","confidence":"medium","evidence":["OSM building footprints and replay-first-visible-year profile","Planning/development-zone pressure proxy","Sentinel/Landsat NDBI source availability","Local raster evidence for 2018: ndbi, ndvi, rgb"]},"geometry":{"type":"Polygon","coordinates":[[[-6.052727,54.545714],[-6.039091,54.545714],[-6.039091,54.558571],[-6.052727,54.558571],[-6.052727,54.545714]]]}},{"type":"Feature","id":"belfast_02_03_2018","properties":{"cell_id":"belfast_02_03","year":2018,"row":2,"col":3,"traffic":0.229,"jobs":0.053,"electricity":0.275,"buildings":0.294,"services":0.066,"development_pressure":0.212,"green_cover":0.321,"bike_access":0.05,"transit_access":0.18,"traffic_pressure":0.182,"planning_intensity":0.097,"deprivation_weight":0.0,"bike_trip_index":0.306,"tree_canopy_context":0.059,"civic_service_context":0.0,"traffic_delta_2016":0.025,"jobs_delta_2016":0.01,"electricity_delta_2016":0.044,"buildings_delta_2016":0.06,"services_delta_2016":0.008,"traffic_delta_previous":0.012,"jobs_delta_previous":0.005,"electricity_delta_previous":0.022,"buildings_delta_previous":0.029,"services_delta_previous":0.004,"dominant_metric":"buildings","dominant_change":"appeared","confidence":"medium","evidence":["OSM building footprints and replay-first-visible-year profile","Planning/development-zone pressure proxy","Sentinel/Landsat NDBI source availability","Local raster evidence for 2018: ndbi, ndvi, rgb"]},"geometry":{"type":"Polygon","coordinates":[[[-6.039091,54.545714],[-6.025455,54.545714],[-6.025455,54.558571],[-6.039091,54.558571],[-6.039091,54.545714]]]}},{"type":"Feature","id":"belfast_02_04_2018","properties":{"cell_id":"belfast_02_04","year":2018,"row":2,"col":4,"traffic":0.22,"jobs":0.068,"electricity":0.275,"buildings":0.283,"services":0.112,"development_pressure":0.204,"green_cover":0.414,"bike_access":0.05,"transit_access":0.18,"traffic_pressure":0.172,"planning_intensity":0.093,"deprivation_weight":0.017,"bike_trip_index":0.306,"tree_canopy_context":0.188,"civic_service_context":0.2,"traffic_delta_2016":0.017,"jobs_delta_2016":0.01,"electricity_delta_2016":0.039,"buildings_delta_2016":0.046,"services_delta_2016":0.008,"traffic_delta_previous":0.008,"jobs_delta_previous":0.005,"electricity_delta_previous":0.02,"buildings_delta_previous":0.023,"services_delta_previous":0.004,"dominant_metric":"buildings","dominant_change":"appeared","confidence":"medium","evidence":["OSM building footprints and replay-first-visible-year profile","Planning/development-zone pressure proxy","Sentinel/Landsat NDBI source availability","Local raster evidence for 2018: ndbi, ndvi, rgb"]},"geometry":{"type":"Polygon","coordinates":[[[-6.025455,54.545714],[-6.011819,54.545714],[-6.011819,54.558571],[-6.025455,54.558571],[-6.025455,54.545714]]]}},{"type":"Feature","id":"belfast_02_05_2018","properties":{"cell_id":"belfast_02_05","year":2018,"row":2,"col":5,"traffic":0.194,"jobs":0.083,"electricity":0.268,"buildings":0.251,"services":0.158,"development_pressure":0.183,"green_cover":0.705,"bike_access":0.05,"transit_access":0.18,"traffic_pressure":0.143,"planning_intensity":0.083,"deprivation_weight":0.128,"bike_trip_index":0.306,"tree_canopy_context":1.0,"civic_service_context":0.4,"traffic_delta_2016":0.013,"jobs_delta_2016":0.01,"electricity_delta_2016":0.034,"buildings_delta_2016":0.037,"services_delta_2016":0.008,"traffic_delta_previous":0.008,"jobs_delta_previous":0.005,"electricity_delta_previous":0.018,"buildings_delta_previous":0.02,"services_delta_previous":0.004,"dominant_metric":"buildings","dominant_change":"appeared","confidence":"medium","evidence":["OSM building footprints and replay-first-visible-year profile","Planning/development-zone pressure proxy","Sentinel/Landsat NDBI source availability","Local raster evidence for 2018: ndbi, ndvi, rgb"]},"geometry":{"type":"Polygon","coordinates":[[[-6.011818,54.545714],[-5.998182,54.545714],[-5.998182,54.558571],[-6.011818,54.558571],[-6.011818,54.545714]]]}},{"type":"Feature","id":"belfast_02_06_2018","properties":{"cell_id":"belfast_02_06","year":2018,"row":2,"col":6,"traffic":0.187,"jobs":0.068,"electricity":0.258,"buildings":0.236,"services":0.112,"development_pressure":0.159,"green_cover":0.724,"bike_access":0.05,"transit_access":0.18,"traffic_pressure":0.138,"planning_intensity":0.071,"deprivation_weight":0.207,"bike_trip_index":0.306,"tree_canopy_context":1.0,"civic_service_context":0.2,"traffic_delta_2016":0.015,"jobs_delta_2016":0.01,"electricity_delta_2016":0.033,"buildings_delta_2016":0.037,"services_delta_2016":0.008,"traffic_delta_previous":0.009,"jobs_delta_previous":0.005,"electricity_delta_previous":0.018,"buildings_delta_previous":0.022,"services_delta_previous":0.004,"dominant_metric":"buildings","dominant_change":"appeared","confidence":"medium","evidence":["OSM building footprints and replay-first-visible-year profile","Planning/development-zone pressure proxy","Sentinel/Landsat NDBI source availability","Local raster evidence for 2018: ndbi, ndvi, rgb"]},"geometry":{"type":"Polygon","coordinates":[[[-5.998182,54.545714],[-5.984546,54.545714],[-5.984546,54.558571],[-5.998182,54.558571],[-5.998182,54.545714]]]}},{"type":"Feature","id":"belfast_02_07_2018","properties":{"cell_id":"belfast_02_07","year":2018,"row":2,"col":7,"traffic":0.188,"jobs":0.083,"electricity":0.258,"buildings":0.231,"services":0.158,"development_pressure":0.148,"green_cover":0.698,"bike_access":0.05,"transit_access":0.18,"traffic_pressure":0.14,"planning_intensity":0.067,"deprivation_weight":0.241,"bike_trip_index":0.306,"tree_canopy_context":1.0,"civic_service_context":0.4,"traffic_delta_2016":0.02,"jobs_delta_2016":0.01,"electricity_delta_2016":0.037,"buildings_delta_2016":0.045,"services_delta_2016":0.008,"traffic_delta_previous":0.012,"jobs_delta_previous":0.005,"electricity_delta_previous":0.02,"buildings_delta_previous":0.026,"services_delta_previous":0.004,"dominant_metric":"buildings","dominant_change":"appeared","confidence":"medium","evidence":["OSM building footprints and replay-first-visible-year profile","Planning/development-zone pressure proxy","Sentinel/Landsat NDBI source availability","Local raster evidence for 2018: ndbi, ndvi, rgb"]},"geometry":{"type":"Polygon","coordinates":[[[-5.984545,54.545714],[-5.970909,54.545714],[-5.970909,54.558571],[-5.984545,54.558571],[-5.984545,54.545714]]]}},{"type":"Feature","id":"belfast_02_08_2018","properties":{"cell_id":"belfast_02_08","year":2018,"row":2,"col":8,"traffic":0.22,"jobs":0.096,"electricity":0.279,"buildings":0.258,"services":0.166,"development_pressure":0.181,"green_cover":0.671,"bike_access":0.053,"transit_access":0.188,"traffic_pressure":0.177,"planning_intensity":0.09,"deprivation_weight":0.226,"bike_trip_index":0.306,"tree_canopy_context":1.0,"civic_service_context":0.4,"traffic_delta_2016":0.026,"jobs_delta_2016":0.01,"electricity_delta_2016":0.042,"buildings_delta_2016":0.06,"services_delta_2016":0.008,"traffic_delta_previous":0.014,"jobs_delta_previous":0.005,"electricity_delta_previous":0.023,"buildings_delta_previous":0.033,"services_delta_previous":0.004,"dominant_metric":"buildings","dominant_change":"appeared","confidence":"medium","evidence":["OSM building footprints and replay-first-visible-year profile","Planning/development-zone pressure proxy","Sentinel/Landsat NDBI source availability","Local raster evidence for 2018: ndbi, ndvi, rgb"]},"geometry":{"type":"Polygon","coordinates":[[[-5.970909,54.545714],[-5.957273,54.545714],[-5.957273,54.558571],[-5.970909,54.558571],[-5.970909,54.545714]]]}},{"type":"Feature","id":"belfast_02_09_2018","properties":{"cell_id":"belfast_02_09","year":2018,"row":2,"col":9,"traffic":0.253,"jobs":0.142,"electricity":0.315,"buildings":0.288,"services":0.193,"development_pressure":0.222,"green_cover":0.645,"bike_access":0.058,"transit_access":0.197,"traffic_pressure":0.213,"planning_intensity":0.113,"deprivation_weight":0.164,"bike_trip_index":0.306,"tree_canopy_context":1.0,"civic_service_context":0.4,"traffic_delta_2016":0.03,"jobs_delta_2016":0.011,"electricity_delta_2016":0.049,"buildings_delta_2016":0.07,"services_delta_2016":0.008,"traffic_delta_previous":0.016,"jobs_delta_previous":0.006,"electricity_delta_previous":0.026,"buildings_delta_previous":0.037,"services_delta_previous":0.004,"dominant_metric":"buildings","dominant_change":"appeared","confidence":"medium","evidence":["OSM building footprints and replay-first-visible-year profile","Planning/development-zone pressure proxy","Sentinel/Landsat NDBI source availability","Local raster evidence for 2018: ndbi, ndvi, rgb"]},"geometry":{"type":"Polygon","coordinates":[[[-5.957273,54.545714],[-5.943637,54.545714],[-5.943637,54.558571],[-5.957273,54.558571],[-5.957273,54.545714]]]}},{"type":"Feature","id":"belfast_02_10_2018","properties":{"cell_id":"belfast_02_10","year":2018,"row":2,"col":10,"traffic":0.271,"jobs":0.13,"electricity":0.33,"buildings":0.319,"services":0.112,"development_pressure":0.256,"green_cover":0.641,"bike_access":0.06,"transit_access":0.202,"traffic_pressure":0.232,"planning_intensity":0.16,"deprivation_weight":0.065,"bike_trip_index":0.306,"tree_canopy_context":1.0,"civic_service_context":0.0,"traffic_delta_2016":0.029,"jobs_delta_2016":0.011,"electricity_delta_2016":0.052,"buildings_delta_2016":0.074,"services_delta_2016":0.008,"traffic_delta_previous":0.015,"jobs_delta_previous":0.005,"electricity_delta_previous":0.027,"buildings_delta_previous":0.038,"services_delta_previous":0.004,"dominant_metric":"buildings","dominant_change":"appeared","confidence":"medium","evidence":["OSM building footprints and replay-first-visible-year profile","Planning/development-zone pressure proxy","Sentinel/Landsat NDBI source availability","Local raster evidence for 2018: ndbi, ndvi, rgb"]},"geometry":{"type":"Polygon","coordinates":[[[-5.943636,54.545714],[-5.93,54.545714],[-5.93,54.558571],[-5.943636,54.558571],[-5.943636,54.545714]]]}},{"type":"Feature","id":"belfast_02_11_2018","properties":{"cell_id":"belfast_02_11","year":2018,"row":2,"col":11,"traffic":0.268,"jobs":0.119,"electricity":0.33,"buildings":0.335,"services":0.106,"development_pressure":0.271,"green_cover":0.695,"bike_access":0.06,"transit_access":0.202,"traffic_pressure":0.226,"planning_intensity":0.209,"deprivation_weight":0.0,"bike_trip_index":0.306,"tree_canopy_context":1.0,"civic_service_context":0.0,"traffic_delta_2016":0.027,"jobs_delta_2016":0.01,"electricity_delta_2016":0.051,"buildings_delta_2016":0.07,"services_delta_2016":0.008,"traffic_delta_previous":0.014,"jobs_delta_previous":0.005,"electricity_delta_previous":0.026,"buildings_delta_previous":0.036,"services_delta_previous":0.004,"dominant_metric":"buildings","dominant_change":"appeared","confidence":"medium","evidence":["OSM building footprints and replay-first-visible-year profile","Planning/development-zone pressure proxy","Sentinel/Landsat NDBI source availability","Local raster evidence for 2018: ndbi, ndvi, rgb"]},"geometry":{"type":"Polygon","coordinates":[[[-5.93,54.545714],[-5.916364,54.545714],[-5.916364,54.558571],[-5.93,54.558571],[-5.93,54.545714]]]}},{"type":"Feature","id":"belfast_02_12_2018","properties":{"cell_id":"belfast_02_12","year":2018,"row":2,"col":12,"traffic":0.25,"jobs":0.081,"electricity":0.308,"buildings":0.325,"services":0.083,"development_pressure":0.258,"green_cover":0.701,"bike_access":0.058,"transit_access":0.197,"traffic_pressure":0.206,"planning_intensity":0.203,"deprivation_weight":0.0,"bike_trip_index":0.306,"tree_canopy_context":1.0,"civic_service_context":0.0,"traffic_delta_2016":0.024,"jobs_delta_2016":0.01,"electricity_delta_2016":0.046,"buildings_delta_2016":0.062,"services_delta_2016":0.008,"traffic_delta_previous":0.013,"jobs_delta_previous":0.005,"electricity_delta_previous":0.023,"buildings_delta_previous":0.032,"services_delta_previous":0.004,"dominant_metric":"buildings","dominant_change":"appeared","confidence":"medium","evidence":["OSM building footprints and replay-first-visible-year profile","Planning/development-zone pressure proxy","Sentinel/Landsat NDBI source availability","Local raster evidence for 2018: ndbi, ndvi, rgb"]},"geometry":{"type":"Polygon","coordinates":[[[-5.916364,54.545714],[-5.902728,54.545714],[-5.902728,54.558571],[-5.916364,54.558571],[-5.916364,54.545714]]]}},{"type":"Feature","id":"belfast_02_13_2018","properties":{"cell_id":"belfast_02_13","year":2018,"row":2,"col":13,"traffic":0.219,"jobs":0.061,"electricity":0.281,"buildings":0.288,"services":0.071,"development_pressure":0.216,"green_cover":0.654,"bike_access":0.053,"transit_access":0.188,"traffic_pressure":0.172,"planning_intensity":0.139,"deprivation_weight":0.0,"bike_trip_index":0.306,"tree_canopy_context":1.0,"civic_service_context":0.0,"traffic_delta_2016":0.022,"jobs_delta_2016":0.01,"electricity_delta_2016":0.039,"buildings_delta_2016":0.051,"services_delta_2016":0.008,"traffic_delta_previous":0.012,"jobs_delta_previous":0.005,"electricity_delta_previous":0.02,"buildings_delta_previous":0.027,"services_delta_previous":0.004,"dominant_metric":"buildings","dominant_change":"appeared","confidence":"medium","evidence":["OSM building footprints and replay-first-visible-year profile","Planning/development-zone pressure proxy","Sentinel/Landsat NDBI source availability","Local raster evidence for 2018: ndbi, ndvi, rgb"]},"geometry":{"type":"Polygon","coordinates":[[[-5.902727,54.545714],[-5.889091,54.545714],[-5.889091,54.558571],[-5.902727,54.558571],[-5.902727,54.545714]]]}},{"type":"Feature","id":"belfast_02_14_2018","properties":{"cell_id":"belfast_02_14","year":2018,"row":2,"col":14,"traffic":0.221,"jobs":0.053,"electricity":0.266,"buildings":0.276,"services":0.066,"development_pressure":0.182,"green_cover":0.334,"bike_access":0.05,"transit_access":0.18,"traffic_pressure":0.176,"planning_intensity":0.083,"deprivation_weight":0.0,"bike_trip_index":0.306,"tree_canopy_context":0.106,"civic_service_context":0.0,"traffic_delta_2016":0.02,"jobs_delta_2016":0.01,"electricity_delta_2016":0.034,"buildings_delta_2016":0.043,"services_delta_2016":0.008,"traffic_delta_previous":0.011,"jobs_delta_previous":0.005,"electricity_delta_previous":0.018,"buildings_delta_previous":0.023,"services_delta_previous":0.004,"dominant_metric":"buildings","dominant_change":"appeared","confidence":"medium","evidence":["OSM building footprints and replay-first-visible-year profile","Planning/development-zone pressure proxy","Sentinel/Landsat NDBI source availability","Local raster evidence for 2018: ndbi, ndvi, rgb"]},"geometry":{"type":"Polygon","coordinates":[[[-5.889091,54.545714],[-5.875455,54.545714],[-5.875455,54.558571],[-5.889091,54.558571],[-5.889091,54.545714]]]}},{"type":"Feature","id":"belfast_02_15_2018","properties":{"cell_id":"belfast_02_15","year":2018,"row":2,"col":15,"traffic":0.218,"jobs":0.053,"electricity":0.26,"buildings":0.265,"services":0.066,"development_pressure":0.159,"green_cover":0.303,"bike_access":0.05,"transit_access":0.18,"traffic_pressure":0.175,"planning_intensity":0.071,"deprivation_weight":0.0,"bike_trip_index":0.306,"tree_canopy_context":0.0,"civic_service_context":0.0,"traffic_delta_2016":0.018,"jobs_delta_2016":0.01,"electricity_delta_2016":0.034,"buildings_delta_2016":0.04,"services_delta_2016":0.008,"traffic_delta_previous":0.009,"jobs_delta_previous":0.005,"electricity_delta_previous":0.018,"buildings_delta_previous":0.021,"services_delta_previous":0.004,"dominant_metric":"buildings","dominant_change":"appeared","confidence":"medium","evidence":["OSM building footprints and replay-first-visible-year profile","Planning/development-zone pressure proxy","Sentinel/Landsat NDBI source availability","Local raster evidence for 2018: ndbi, ndvi, rgb"]},"geometry":{"type":"Polygon","coordinates":[[[-5.875455,54.545714],[-5.861819,54.545714],[-5.861819,54.558571],[-5.875455,54.558571],[-5.875455,54.545714]]]}},{"type":"Feature","id":"belfast_02_16_2018","properties":{"cell_id":"belfast_02_16","year":2018,"row":2,"col":16,"traffic":0.19,"jobs":0.053,"electricity":0.251,"buildings":0.233,"services":0.066,"development_pressure":0.144,"green_cover":0.63,"bike_access":0.05,"transit_access":0.18,"traffic_pressure":0.144,"planning_intensity":0.063,"deprivation_weight":0.0,"bike_trip_index":0.306,"tree_canopy_context":1.0,"civic_service_context":0.0,"traffic_delta_2016":0.016,"jobs_delta_2016":0.01,"electricity_delta_2016":0.035,"buildings_delta_2016":0.041,"services_delta_2016":0.008,"traffic_delta_previous":0.008,"jobs_delta_previous":0.005,"electricity_delta_previous":0.019,"buildings_delta_previous":0.022,"services_delta_previous":0.004,"dominant_metric":"buildings","dominant_change":"appeared","confidence":"medium","evidence":["OSM building footprints and replay-first-visible-year profile","Planning/development-zone pressure proxy","Sentinel/Landsat NDBI source availability","Local raster evidence for 2018: ndbi, ndvi, rgb"]},"geometry":{"type":"Polygon","coordinates":[[[-5.861818,54.545714],[-5.848182,54.545714],[-5.848182,54.558571],[-5.861818,54.558571],[-5.861818,54.545714]]]}},{"type":"Feature","id":"belfast_02_17_2018","properties":{"cell_id":"belfast_02_17","year":2018,"row":2,"col":17,"traffic":0.21,"jobs":0.053,"electricity":0.254,"buildings":0.252,"services":0.066,"development_pressure":0.144,"green_cover":0.369,"bike_access":0.05,"transit_access":0.18,"traffic_pressure":0.167,"planning_intensity":0.064,"deprivation_weight":0.0,"bike_trip_index":0.306,"tree_canopy_context":0.047,"civic_service_context":0.0,"traffic_delta_2016":0.019,"jobs_delta_2016":0.01,"electricity_delta_2016":0.04,"buildings_delta_2016":0.049,"services_delta_2016":0.008,"traffic_delta_previous":0.011,"jobs_delta_previous":0.005,"electricity_delta_previous":0.022,"buildings_delta_previous":0.028,"services_delta_previous":0.004,"dominant_metric":"buildings","dominant_change":"appeared","confidence":"medium","evidence":["OSM building footprints and replay-first-visible-year profile","Planning/development-zone pressure proxy","Sentinel/Landsat NDBI source availability","Local raster evidence for 2018: ndbi, ndvi, rgb"]},"geometry":{"type":"Polygon","coordinates":[[[-5.848182,54.545714],[-5.834546,54.545714],[-5.834546,54.558571],[-5.848182,54.558571],[-5.848182,54.545714]]]}},{"type":"Feature","id":"belfast_02_18_2018","properties":{"cell_id":"belfast_02_18","year":2018,"row":2,"col":18,"traffic":0.214,"jobs":0.053,"electricity":0.259,"buildings":0.262,"services":0.066,"development_pressure":0.16,"green_cover":0.359,"bike_access":0.05,"transit_access":0.18,"traffic_pressure":0.17,"planning_intensity":0.072,"deprivation_weight":0.0,"bike_trip_index":0.306,"tree_canopy_context":0.0,"civic_service_context":0.0,"traffic_delta_2016":0.024,"jobs_delta_2016":0.01,"electricity_delta_2016":0.046,"buildings_delta_2016":0.061,"services_delta_2016":0.008,"traffic_delta_previous":0.014,"jobs_delta_previous":0.005,"electricity_delta_previous":0.025,"buildings_delta_previous":0.034,"services_delta_previous":0.004,"dominant_metric":"buildings","dominant_change":"appeared","confidence":"medium","evidence":["OSM building footprints and replay-first-visible-year profile","Planning/development-zone pressure proxy","Sentinel/Landsat NDBI source availability","Local raster evidence for 2018: ndbi, ndvi, rgb"]},"geometry":{"type":"Polygon","coordinates":[[[-5.834545,54.545714],[-5.820909,54.545714],[-5.820909,54.558571],[-5.834545,54.558571],[-5.834545,54.545714]]]}},{"type":"Feature","id":"belfast_02_19_2018","properties":{"cell_id":"belfast_02_19","year":2018,"row":2,"col":19,"traffic":0.221,"jobs":0.053,"electricity":0.267,"buildings":0.277,"services":0.066,"development_pressure":0.184,"green_cover":0.335,"bike_access":0.05,"transit_access":0.18,"traffic_pressure":0.176,"planning_intensity":0.084,"deprivation_weight":0.0,"bike_trip_index":0.306,"tree_canopy_context":0.0,"civic_service_context":0.0,"traffic_delta_2016":0.029,"jobs_delta_2016":0.01,"electricity_delta_2016":0.05,"buildings_delta_2016":0.07,"services_delta_2016":0.008,"traffic_delta_previous":0.017,"jobs_delta_previous":0.005,"electricity_delta_previous":0.026,"buildings_delta_previous":0.038,"services_delta_previous":0.004,"dominant_metric":"buildings","dominant_change":"appeared","confidence":"medium","evidence":["OSM building footprints and replay-first-visible-year profile","Planning/development-zone pressure proxy","Sentinel/Landsat NDBI source availability","Local raster evidence for 2018: ndbi, ndvi, rgb"]},"geometry":{"type":"Polygon","coordinates":[[[-5.820909,54.545714],[-5.807273,54.545714],[-5.807273,54.558571],[-5.820909,54.558571],[-5.820909,54.545714]]]}},{"type":"Feature","id":"belfast_02_20_2018","properties":{"cell_id":"belfast_02_20","year":2018,"row":2,"col":20,"traffic":0.228,"jobs":0.053,"electricity":0.273,"buildings":0.291,"services":0.066,"development_pressure":0.204,"green_cover":0.303,"bike_access":0.05,"transit_access":0.18,"traffic_pressure":0.182,"planning_intensity":0.094,"deprivation_weight":0.0,"bike_trip_index":0.306,"tree_canopy_context":0.0,"civic_service_context":0.0,"traffic_delta_2016":0.031,"jobs_delta_2016":0.01,"electricity_delta_2016":0.049,"buildings_delta_2016":0.071,"services_delta_2016":0.008,"traffic_delta_previous":0.016,"jobs_delta_previous":0.005,"electricity_delta_previous":0.025,"buildings_delta_previous":0.037,"services_delta_previous":0.004,"dominant_metric":"buildings","dominant_change":"appeared","confidence":"medium","evidence":["OSM building footprints and replay-first-visible-year profile","Planning/development-zone pressure proxy","Sentinel/Landsat NDBI source availability","Local raster evidence for 2018: ndbi, ndvi, rgb"]},"geometry":{"type":"Polygon","coordinates":[[[-5.807273,54.545714],[-5.793637,54.545714],[-5.793637,54.558571],[-5.807273,54.558571],[-5.807273,54.545714]]]}},{"type":"Feature","id":"belfast_02_21_2018","properties":{"cell_id":"belfast_02_21","year":2018,"row":2,"col":21,"traffic":0.231,"jobs":0.053,"electricity":0.276,"buildings":0.296,"services":0.066,"development_pressure":0.212,"green_cover":0.291,"bike_access":0.05,"transit_access":0.18,"traffic_pressure":0.185,"planning_intensity":0.097,"deprivation_weight":0.0,"bike_trip_index":0.306,"tree_canopy_context":0.0,"civic_service_context":0.0,"traffic_delta_2016":0.027,"jobs_delta_2016":0.01,"electricity_delta_2016":0.045,"buildings_delta_2016":0.062,"services_delta_2016":0.008,"traffic_delta_previous":0.014,"jobs_delta_previous":0.005,"electricity_delta_previous":0.023,"buildings_delta_previous":0.031,"services_delta_previous":0.004,"dominant_metric":"buildings","dominant_change":"appeared","confidence":"medium","evidence":["OSM building footprints and replay-first-visible-year profile","Planning/development-zone pressure proxy","Sentinel/Landsat NDBI source availability","Local raster evidence for 2018: ndbi, ndvi, rgb"]},"geometry":{"type":"Polygon","coordinates":[[[-5.793636,54.545714],[-5.78,54.545714],[-5.78,54.558571],[-5.793636,54.558571],[-5.793636,54.545714]]]}},{"type":"Feature","id":"belfast_03_00_2018","properties":{"cell_id":"belfast_03_00","year":2018,"row":3,"col":0,"traffic":0.226,"jobs":0.053,"electricity":0.273,"buildings":0.288,"services":0.066,"development_pressure":0.204,"green_cover":0.336,"bike_access":0.05,"transit_access":0.18,"traffic_pressure":0.179,"planning_intensity":0.093,"deprivation_weight":0.0,"bike_trip_index":0.306,"tree_canopy_context":0.0,"civic_service_context":0.0,"traffic_delta_2016":0.029,"jobs_delta_2016":0.01,"electricity_delta_2016":0.049,"buildings_delta_2016":0.068,"services_delta_2016":0.008,"traffic_delta_previous":0.016,"jobs_delta_previous":0.005,"electricity_delta_previous":0.026,"buildings_delta_previous":0.036,"services_delta_previous":0.004,"dominant_metric":"buildings","dominant_change":"appeared","confidence":"medium","evidence":["OSM building footprints and replay-first-visible-year profile","Planning/development-zone pressure proxy","Sentinel/Landsat NDBI source availability","Local raster evidence for 2018: ndbi, ndvi, rgb"]},"geometry":{"type":"Polygon","coordinates":[[[-6.08,54.558571],[-6.066364,54.558571],[-6.066364,54.571428],[-6.08,54.571428],[-6.08,54.558571]]]}},{"type":"Feature","id":"belfast_03_01_2018","properties":{"cell_id":"belfast_03_01","year":2018,"row":3,"col":1,"traffic":0.23,"jobs":0.053,"electricity":0.276,"buildings":0.295,"services":0.066,"development_pressure":0.212,"green_cover":0.306,"bike_access":0.05,"transit_access":0.18,"traffic_pressure":0.183,"planning_intensity":0.097,"deprivation_weight":0.0,"bike_trip_index":0.306,"tree_canopy_context":0.0,"civic_service_context":0.0,"traffic_delta_2016":0.028,"jobs_delta_2016":0.01,"electricity_delta_2016":0.045,"buildings_delta_2016":0.063,"services_delta_2016":0.008,"traffic_delta_previous":0.015,"jobs_delta_previous":0.005,"electricity_delta_previous":0.023,"buildings_delta_previous":0.032,"services_delta_previous":0.004,"dominant_metric":"buildings","dominant_change":"appeared","confidence":"medium","evidence":["OSM building footprints and replay-first-visible-year profile","Planning/development-zone pressure proxy","Sentinel/Landsat NDBI source availability","Local raster evidence for 2018: ndbi, ndvi, rgb"]},"geometry":{"type":"Polygon","coordinates":[[[-6.066364,54.558571],[-6.052728,54.558571],[-6.052728,54.571428],[-6.066364,54.571428],[-6.066364,54.558571]]]}},{"type":"Feature","id":"belfast_03_02_2018","properties":{"cell_id":"belfast_03_02","year":2018,"row":3,"col":2,"traffic":0.229,"jobs":0.053,"electricity":0.273,"buildings":0.291,"services":0.066,"development_pressure":0.204,"green_cover":0.292,"bike_access":0.05,"transit_access":0.18,"traffic_pressure":0.183,"planning_intensity":0.093,"deprivation_weight":0.0,"bike_trip_index":0.306,"tree_canopy_context":0.0,"civic_service_context":0.0,"traffic_delta_2016":0.023,"jobs_delta_2016":0.01,"electricity_delta_2016":0.039,"buildings_delta_2016":0.051,"services_delta_2016":0.008,"traffic_delta_previous":0.012,"jobs_delta_previous":0.005,"electricity_delta_previous":0.02,"buildings_delta_previous":0.025,"services_delta_previous":0.004,"dominant_metric":"buildings","dominant_change":"appeared","confidence":"medium","evidence":["OSM building footprints and replay-first-visible-year profile","Planning/development-zone pressure proxy","Sentinel/Landsat NDBI source availability","Local raster evidence for 2018: ndbi, ndvi, rgb"]},"geometry":{"type":"Polygon","coordinates":[[[-6.052727,54.558571],[-6.039091,54.558571],[-6.039091,54.571428],[-6.052727,54.571428],[-6.052727,54.558571]]]}},{"type":"Feature","id":"belfast_03_03_2018","properties":{"cell_id":"belfast_03_03","year":2018,"row":3,"col":3,"traffic":0.219,"jobs":0.053,"electricity":0.266,"buildings":0.275,"services":0.066,"development_pressure":0.183,"green_cover":0.356,"bike_access":0.05,"transit_access":0.18,"traffic_pressure":0.174,"planning_intensity":0.083,"deprivation_weight":0.067,"bike_trip_index":0.306,"tree_canopy_context":0.0,"civic_service_context":0.0,"traffic_delta_2016":0.016,"jobs_delta_2016":0.01,"electricity_delta_2016":0.034,"buildings_delta_2016":0.04,"services_delta_2016":0.008,"traffic_delta_previous":0.007,"jobs_delta_previous":0.005,"electricity_delta_previous":0.018,"buildings_delta_previous":0.02,"services_delta_previous":0.004,"dominant_metric":"buildings","dominant_change":"appeared","confidence":"medium","evidence":["OSM building footprints and replay-first-visible-year profile","Planning/development-zone pressure proxy","Sentinel/Landsat NDBI source availability","Local raster evidence for 2018: ndbi, ndvi, rgb"]},"geometry":{"type":"Polygon","coordinates":[[[-6.039091,54.558571],[-6.025455,54.558571],[-6.025455,54.571428],[-6.039091,54.571428],[-6.039091,54.558571]]]}},{"type":"Feature","id":"belfast_03_04_2018","properties":{"cell_id":"belfast_03_04","year":2018,"row":3,"col":4,"traffic":0.189,"jobs":0.083,"electricity":0.261,"buildings":0.238,"services":0.158,"development_pressure":0.159,"green_cover":0.691,"bike_access":0.05,"transit_access":0.18,"traffic_pressure":0.141,"planning_intensity":0.071,"deprivation_weight":0.234,"bike_trip_index":0.306,"tree_canopy_context":1.0,"civic_service_context":0.4,"traffic_delta_2016":0.012,"jobs_delta_2016":0.01,"electricity_delta_2016":0.033,"buildings_delta_2016":0.035,"services_delta_2016":0.008,"traffic_delta_previous":0.006,"jobs_delta_previous":0.005,"electricity_delta_previous":0.018,"buildings_delta_previous":0.019,"services_delta_previous":0.004,"dominant_metric":"buildings","dominant_change":"appeared","confidence":"medium","evidence":["OSM building footprints and replay-first-visible-year profile","Planning/development-zone pressure proxy","Sentinel/Landsat NDBI source availability","Local raster evidence for 2018: ndbi, ndvi, rgb"]},"geometry":{"type":"Polygon","coordinates":[[[-6.025455,54.558571],[-6.011819,54.558571],[-6.011819,54.571428],[-6.025455,54.571428],[-6.025455,54.558571]]]}},{"type":"Feature","id":"belfast_03_05_2018","properties":{"cell_id":"belfast_03_05","year":2018,"row":3,"col":5,"traffic":0.181,"jobs":0.098,"electricity":0.258,"buildings":0.225,"services":0.204,"development_pressure":0.144,"green_cover":0.759,"bike_access":0.05,"transit_access":0.18,"traffic_pressure":0.132,"planning_intensity":0.064,"deprivation_weight":0.383,"bike_trip_index":0.306,"tree_canopy_context":1.0,"civic_service_context":0.6,"traffic_delta_2016":0.014,"jobs_delta_2016":0.01,"electricity_delta_2016":0.035,"buildings_delta_2016":0.04,"services_delta_2016":0.008,"traffic_delta_previous":0.009,"jobs_delta_previous":0.005,"electricity_delta_previous":0.019,"buildings_delta_previous":0.023,"services_delta_previous":0.004,"dominant_metric":"buildings","dominant_change":"appeared","confidence":"medium","evidence":["OSM building footprints and replay-first-visible-year profile","Planning/development-zone pressure proxy","Sentinel/Landsat NDBI source availability","Local raster evidence for 2018: ndbi, ndvi, rgb"]},"geometry":{"type":"Polygon","coordinates":[[[-6.011818,54.558571],[-5.998182,54.558571],[-5.998182,54.571428],[-6.011818,54.571428],[-6.011818,54.558571]]]}},{"type":"Feature","id":"belfast_03_06_2018","properties":{"cell_id":"belfast_03_06","year":2018,"row":3,"col":6,"traffic":0.211,"jobs":0.142,"electricity":0.286,"buildings":0.247,"services":0.305,"development_pressure":0.173,"green_cover":0.768,"bike_access":0.062,"transit_access":0.193,"traffic_pressure":0.169,"planning_intensity":0.081,"deprivation_weight":0.499,"bike_trip_index":0.306,"tree_canopy_context":1.0,"civic_service_context":1.0,"traffic_delta_2016":0.022,"jobs_delta_2016":0.01,"electricity_delta_2016":0.041,"buildings_delta_2016":0.054,"services_delta_2016":0.008,"traffic_delta_previous":0.013,"jobs_delta_previous":0.005,"electricity_delta_previous":0.023,"buildings_delta_previous":0.031,"services_delta_previous":0.004,"dominant_metric":"buildings","dominant_change":"appeared","confidence":"medium","evidence":["OSM building footprints and replay-first-visible-year profile","Planning/development-zone pressure proxy","Sentinel/Landsat NDBI source availability","Local raster evidence for 2018: ndbi, ndvi, rgb"]},"geometry":{"type":"Polygon","coordinates":[[[-5.998182,54.558571],[-5.984546,54.558571],[-5.984546,54.571428],[-5.998182,54.571428],[-5.998182,54.558571]]]}},{"type":"Feature","id":"belfast_03_07_2018","properties":{"cell_id":"belfast_03_07","year":2018,"row":3,"col":7,"traffic":0.263,"jobs":0.245,"electricity":0.356,"buildings":0.303,"services":0.382,"development_pressure":0.245,"green_cover":0.727,"bike_access":0.129,"transit_access":0.276,"traffic_pressure":0.233,"planning_intensity":0.124,"deprivation_weight":0.556,"bike_trip_index":0.306,"tree_canopy_context":1.0,"civic_service_context":1.0,"traffic_delta_2016":0.031,"jobs_delta_2016":0.011,"electricity_delta_2016":0.049,"buildings_delta_2016":0.074,"services_delta_2016":0.008,"traffic_delta_previous":0.018,"jobs_delta_previous":0.005,"electricity_delta_previous":0.026,"buildings_delta_previous":0.041,"services_delta_previous":0.004,"dominant_metric":"buildings","dominant_change":"appeared","confidence":"medium","evidence":["OSM building footprints and replay-first-visible-year profile","Planning/development-zone pressure proxy","Sentinel/Landsat NDBI source availability","Local raster evidence for 2018: ndbi, ndvi, rgb"]},"geometry":{"type":"Polygon","coordinates":[[[-5.984545,54.558571],[-5.970909,54.558571],[-5.970909,54.571428],[-5.984545,54.571428],[-5.984545,54.558571]]]}},{"type":"Feature","id":"belfast_03_08_2018","properties":{"cell_id":"belfast_03_08","year":2018,"row":3,"col":8,"traffic":0.315,"jobs":0.33,"electricity":0.422,"buildings":0.359,"services":0.405,"development_pressure":0.318,"green_cover":0.669,"bike_access":0.17,"transit_access":0.334,"traffic_pressure":0.295,"planning_intensity":0.167,"deprivation_weight":0.531,"bike_trip_index":0.306,"tree_canopy_context":1.0,"civic_service_context":0.8,"traffic_delta_2016":0.036,"jobs_delta_2016":0.012,"electricity_delta_2016":0.055,"buildings_delta_2016":0.086,"services_delta_2016":0.008,"traffic_delta_previous":0.019,"jobs_delta_previous":0.006,"electricity_delta_previous":0.029,"buildings_delta_previous":0.045,"services_delta_previous":0.004,"dominant_metric":"buildings","dominant_change":"appeared","confidence":"medium","evidence":["OSM building footprints and replay-first-visible-year profile","Planning/development-zone pressure proxy","Sentinel/Landsat NDBI source availability","Local raster evidence for 2018: ndbi, ndvi, rgb"]},"geometry":{"type":"Polygon","coordinates":[[[-5.970909,54.558571],[-5.957273,54.558571],[-5.957273,54.571428],[-5.970909,54.571428],[-5.970909,54.558571]]]}},{"type":"Feature","id":"belfast_03_09_2018","properties":{"cell_id":"belfast_03_09","year":2018,"row":3,"col":9,"traffic":0.358,"jobs":0.368,"electricity":0.467,"buildings":0.401,"services":0.356,"development_pressure":0.375,"green_cover":0.64,"bike_access":0.177,"transit_access":0.356,"traffic_pressure":0.344,"planning_intensity":0.2,"deprivation_weight":0.435,"bike_trip_index":0.306,"tree_canopy_context":1.0,"civic_service_context":0.4,"traffic_delta_2016":0.034,"jobs_delta_2016":0.012,"electricity_delta_2016":0.055,"buildings_delta_2016":0.086,"services_delta_2016":0.008,"traffic_delta_previous":0.017,"jobs_delta_previous":0.006,"electricity_delta_previous":0.028,"buildings_delta_previous":0.043,"services_delta_previous":0.004,"dominant_metric":"buildings","dominant_change":"appeared","confidence":"medium","evidence":["OSM building footprints and replay-first-visible-year profile","Planning/development-zone pressure proxy","Sentinel/Landsat NDBI source availability","Local raster evidence for 2018: ndbi, ndvi, rgb"]},"geometry":{"type":"Polygon","coordinates":[[[-5.957273,54.558571],[-5.943637,54.558571],[-5.943637,54.571428],[-5.957273,54.571428],[-5.957273,54.558571]]]}},{"type":"Feature","id":"belfast_03_10_2018","properties":{"cell_id":"belfast_03_10","year":2018,"row":3,"col":10,"traffic":0.381,"jobs":0.361,"electricity":0.483,"buildings":0.429,"services":0.274,"development_pressure":0.4,"green_cover":0.645,"bike_access":0.172,"transit_access":0.34,"traffic_pressure":0.368,"planning_intensity":0.253,"deprivation_weight":0.296,"bike_trip_index":0.306,"tree_canopy_context":1.0,"civic_service_context":0.0,"traffic_delta_2016":0.028,"jobs_delta_2016":0.012,"electricity_delta_2016":0.051,"buildings_delta_2016":0.076,"services_delta_2016":0.008,"traffic_delta_previous":0.014,"jobs_delta_previous":0.006,"electricity_delta_previous":0.026,"buildings_delta_previous":0.038,"services_delta_previous":0.004,"dominant_metric":"buildings","dominant_change":"appeared","confidence":"medium","evidence":["OSM building footprints and replay-first-visible-year profile","Planning/development-zone pressure proxy","Sentinel/Landsat NDBI source availability","Local raster evidence for 2018: ndbi, ndvi, rgb"]},"geometry":{"type":"Polygon","coordinates":[[[-5.943636,54.558571],[-5.93,54.558571],[-5.93,54.571428],[-5.943636,54.571428],[-5.943636,54.558571]]]}},{"type":"Feature","id":"belfast_03_11_2018","properties":{"cell_id":"belfast_03_11","year":2018,"row":3,"col":11,"traffic":0.372,"jobs":0.35,"electricity":0.472,"buildings":0.425,"services":0.297,"development_pressure":0.382,"green_cover":0.735,"bike_access":0.152,"transit_access":0.305,"traffic_pressure":0.356,"planning_intensity":0.291,"deprivation_weight":0.135,"bike_trip_index":0.306,"tree_canopy_context":1.0,"civic_service_context":0.2,"traffic_delta_2016":0.022,"jobs_delta_2016":0.012,"electricity_delta_2016":0.045,"buildings_delta_2016":0.062,"services_delta_2016":0.008,"traffic_delta_previous":0.011,"jobs_delta_previous":0.006,"electricity_delta_previous":0.023,"buildings_delta_previous":0.031,"services_delta_previous":0.004,"dominant_metric":"buildings","dominant_change":"appeared","confidence":"medium","evidence":["OSM building footprints and replay-first-visible-year profile","Planning/development-zone pressure proxy","Sentinel/Landsat NDBI source availability","Local raster evidence for 2018: ndbi, ndvi, rgb"]},"geometry":{"type":"Polygon","coordinates":[[[-5.93,54.558571],[-5.916364,54.558571],[-5.916364,54.571428],[-5.93,54.571428],[-5.93,54.558571]]]}},{"type":"Feature","id":"belfast_03_12_2018","properties":{"cell_id":"belfast_03_12","year":2018,"row":3,"col":12,"traffic":0.343,"jobs":0.29,"electricity":0.431,"buildings":0.394,"services":0.257,"development_pressure":0.336,"green_cover":0.772,"bike_access":0.144,"transit_access":0.283,"traffic_pressure":0.324,"planning_intensity":0.271,"deprivation_weight":0.0,"bike_trip_index":0.306,"tree_canopy_context":1.0,"civic_service_context":0.2,"traffic_delta_2016":0.02,"jobs_delta_2016":0.012,"electricity_delta_2016":0.039,"buildings_delta_2016":0.053,"services_delta_2016":0.008,"traffic_delta_previous":0.012,"jobs_delta_previous":0.006,"electricity_delta_previous":0.02,"buildings_delta_previous":0.028,"services_delta_previous":0.004,"dominant_metric":"buildings","dominant_change":"appeared","confidence":"medium","evidence":["OSM building footprints and replay-first-visible-year profile","Planning/development-zone pressure proxy","Sentinel/Landsat NDBI source availability","Local raster evidence for 2018: ndbi, ndvi, rgb"]},"geometry":{"type":"Polygon","coordinates":[[[-5.916364,54.558571],[-5.902728,54.558571],[-5.902728,54.571428],[-5.916364,54.571428],[-5.916364,54.558571]]]}},{"type":"Feature","id":"belfast_03_13_2018","properties":{"cell_id":"belfast_03_13","year":2018,"row":3,"col":13,"traffic":0.324,"jobs":0.199,"electricity":0.378,"buildings":0.352,"services":0.191,"development_pressure":0.285,"green_cover":0.673,"bike_access":0.071,"transit_access":0.242,"traffic_pressure":0.3,"planning_intensity":0.197,"deprivation_weight":0.0,"bike_trip_index":0.306,"tree_canopy_context":1.0,"civic_service_context":0.2,"traffic_delta_2016":0.021,"jobs_delta_2016":0.012,"electricity_delta_2016":0.038,"buildings_delta_2016":0.051,"services_delta_2016":0.008,"traffic_delta_previous":0.012,"jobs_delta_previous":0.006,"electricity_delta_previous":0.021,"buildings_delta_previous":0.028,"services_delta_previous":0.004,"dominant_metric":"buildings","dominant_change":"appeared","confidence":"medium","evidence":["OSM building footprints and replay-first-visible-year profile","Planning/development-zone pressure proxy","Sentinel/Landsat NDBI source availability","Local raster evidence for 2018: ndbi, ndvi, rgb"]},"geometry":{"type":"Polygon","coordinates":[[[-5.902727,54.558571],[-5.889091,54.558571],[-5.889091,54.571428],[-5.902727,54.571428],[-5.902727,54.558571]]]}},{"type":"Feature","id":"belfast_03_14_2018","properties":{"cell_id":"belfast_03_14","year":2018,"row":3,"col":14,"traffic":0.279,"jobs":0.088,"electricity":0.312,"buildings":0.299,"services":0.085,"development_pressure":0.223,"green_cover":0.596,"bike_access":0.064,"transit_access":0.211,"traffic_pressure":0.248,"planning_intensity":0.111,"deprivation_weight":0.0,"bike_trip_index":0.306,"tree_canopy_context":1.0,"civic_service_context":0.0,"traffic_delta_2016":0.024,"jobs_delta_2016":0.011,"electricity_delta_2016":0.039,"buildings_delta_2016":0.054,"services_delta_2016":0.008,"traffic_delta_previous":0.013,"jobs_delta_previous":0.006,"electricity_delta_previous":0.022,"buildings_delta_previous":0.03,"services_delta_previous":0.004,"dominant_metric":"buildings","dominant_change":"appeared","confidence":"medium","evidence":["OSM building footprints and replay-first-visible-year profile","Planning/development-zone pressure proxy","Sentinel/Landsat NDBI source availability","Local raster evidence for 2018: ndbi, ndvi, rgb"]},"geometry":{"type":"Polygon","coordinates":[[[-5.889091,54.558571],[-5.875455,54.558571],[-5.875455,54.571428],[-5.889091,54.571428],[-5.889091,54.558571]]]}},{"type":"Feature","id":"belfast_03_15_2018","properties":{"cell_id":"belfast_03_15","year":2018,"row":3,"col":15,"traffic":0.217,"jobs":0.066,"electricity":0.27,"buildings":0.251,"services":0.073,"development_pressure":0.163,"green_cover":0.604,"bike_access":0.055,"transit_access":0.191,"traffic_pressure":0.176,"planning_intensity":0.072,"deprivation_weight":0.0,"bike_trip_index":0.306,"tree_canopy_context":1.0,"civic_service_context":0.0,"traffic_delta_2016":0.025,"jobs_delta_2016":0.011,"electricity_delta_2016":0.042,"buildings_delta_2016":0.056,"services_delta_2016":0.008,"traffic_delta_previous":0.013,"jobs_delta_previous":0.005,"electricity_delta_previous":0.023,"buildings_delta_previous":0.03,"services_delta_previous":0.004,"dominant_metric":"buildings","dominant_change":"appeared","confidence":"medium","evidence":["OSM building footprints and replay-first-visible-year profile","Planning/development-zone pressure proxy","Sentinel/Landsat NDBI source availability","Local raster evidence for 2018: ndbi, ndvi, rgb"]},"geometry":{"type":"Polygon","coordinates":[[[-5.875455,54.558571],[-5.861819,54.558571],[-5.861819,54.571428],[-5.875455,54.571428],[-5.875455,54.558571]]]}},{"type":"Feature","id":"belfast_03_16_2018","properties":{"cell_id":"belfast_03_16","year":2018,"row":3,"col":16,"traffic":0.194,"jobs":0.053,"electricity":0.256,"buildings":0.243,"services":0.066,"development_pressure":0.16,"green_cover":0.627,"bike_access":0.05,"transit_access":0.18,"traffic_pressure":0.147,"planning_intensity":0.072,"deprivation_weight":0.0,"bike_trip_index":0.306,"tree_canopy_context":1.0,"civic_service_context":0.0,"traffic_delta_2016":0.025,"jobs_delta_2016":0.01,"electricity_delta_2016":0.046,"buildings_delta_2016":0.062,"services_delta_2016":0.008,"traffic_delta_previous":0.013,"jobs_delta_previous":0.005,"electricity_delta_previous":0.025,"buildings_delta_previous":0.033,"services_delta_previous":0.004,"dominant_metric":"buildings","dominant_change":"appeared","confidence":"medium","evidence":["OSM building footprints and replay-first-visible-year profile","Planning/development-zone pressure proxy","Sentinel/Landsat NDBI source availability","Local raster evidence for 2018: ndbi, ndvi, rgb"]},"geometry":{"type":"Polygon","coordinates":[[[-5.861818,54.558571],[-5.848182,54.558571],[-5.848182,54.571428],[-5.861818,54.571428],[-5.861818,54.558571]]]}},{"type":"Feature","id":"belfast_03_17_2018","properties":{"cell_id":"belfast_03_17","year":2018,"row":3,"col":17,"traffic":0.22,"jobs":0.053,"electricity":0.267,"buildings":0.276,"services":0.066,"development_pressure":0.184,"green_cover":0.348,"bike_access":0.05,"transit_access":0.18,"traffic_pressure":0.175,"planning_intensity":0.084,"deprivation_weight":0.0,"bike_trip_index":0.306,"tree_canopy_context":0.0,"civic_service_context":0.0,"traffic_delta_2016":0.025,"jobs_delta_2016":0.01,"electricity_delta_2016":0.049,"buildings_delta_2016":0.065,"services_delta_2016":0.008,"traffic_delta_previous":0.013,"jobs_delta_previous":0.005,"electricity_delta_previous":0.026,"buildings_delta_previous":0.035,"services_delta_previous":0.004,"dominant_metric":"buildings","dominant_change":"appeared","confidence":"medium","evidence":["OSM building footprints and replay-first-visible-year profile","Planning/development-zone pressure proxy","Sentinel/Landsat NDBI source availability","Local raster evidence for 2018: ndbi, ndvi, rgb"]},"geometry":{"type":"Polygon","coordinates":[[[-5.848182,54.558571],[-5.834546,54.558571],[-5.834546,54.571428],[-5.848182,54.571428],[-5.848182,54.558571]]]}},{"type":"Feature","id":"belfast_03_18_2018","properties":{"cell_id":"belfast_03_18","year":2018,"row":3,"col":18,"traffic":0.225,"jobs":0.053,"electricity":0.273,"buildings":0.288,"services":0.066,"development_pressure":0.204,"green_cover":0.351,"bike_access":0.05,"transit_access":0.18,"traffic_pressure":0.178,"planning_intensity":0.094,"deprivation_weight":0.0,"bike_trip_index":0.306,"tree_canopy_context":0.0,"civic_service_context":0.0,"traffic_delta_2016":0.026,"jobs_delta_2016":0.01,"electricity_delta_2016":0.048,"buildings_delta_2016":0.065,"services_delta_2016":0.008,"traffic_delta_previous":0.014,"jobs_delta_previous":0.005,"electricity_delta_previous":0.025,"buildings_delta_previous":0.035,"services_delta_previous":0.004,"dominant_metric":"buildings","dominant_change":"appeared","confidence":"medium","evidence":["OSM building footprints and replay-first-visible-year profile","Planning/development-zone pressure proxy","Sentinel/Landsat NDBI source availability","Local raster evidence for 2018: ndbi, ndvi, rgb"]},"geometry":{"type":"Polygon","coordinates":[[[-5.834545,54.558571],[-5.820909,54.558571],[-5.820909,54.571428],[-5.834545,54.571428],[-5.834545,54.558571]]]}},{"type":"Feature","id":"belfast_03_19_2018","properties":{"cell_id":"belfast_03_19","year":2018,"row":3,"col":19,"traffic":0.228,"jobs":0.053,"electricity":0.275,"buildings":0.293,"services":0.066,"development_pressure":0.212,"green_cover":0.33,"bike_access":0.05,"transit_access":0.18,"traffic_pressure":0.181,"planning_intensity":0.097,"deprivation_weight":0.0,"bike_trip_index":0.306,"tree_canopy_context":0.0,"civic_service_context":0.0,"traffic_delta_2016":0.025,"jobs_delta_2016":0.01,"electricity_delta_2016":0.044,"buildings_delta_2016":0.06,"services_delta_2016":0.008,"traffic_delta_previous":0.014,"jobs_delta_previous":0.005,"electricity_delta_previous":0.023,"buildings_delta_previous":0.031,"services_delta_previous":0.004,"dominant_metric":"buildings","dominant_change":"appeared","confidence":"medium","evidence":["OSM building footprints and replay-first-visible-year profile","Planning/development-zone pressure proxy","Sentinel/Landsat NDBI source availability","Local raster evidence for 2018: ndbi, ndvi, rgb"]},"geometry":{"type":"Polygon","coordinates":[[[-5.820909,54.558571],[-5.807273,54.558571],[-5.807273,54.571428],[-5.820909,54.571428],[-5.820909,54.558571]]]}},{"type":"Feature","id":"belfast_03_20_2018","properties":{"cell_id":"belfast_03_20","year":2018,"row":3,"col":20,"traffic":0.228,"jobs":0.053,"electricity":0.273,"buildings":0.29,"services":0.066,"development_pressure":0.203,"green_cover":0.303,"bike_access":0.05,"transit_access":0.18,"traffic_pressure":0.182,"planning_intensity":0.093,"deprivation_weight":0.0,"bike_trip_index":0.306,"tree_canopy_context":0.0,"civic_service_context":0.0,"traffic_delta_2016":0.024,"jobs_delta_2016":0.01,"electricity_delta_2016":0.039,"buildings_delta_2016":0.051,"services_delta_2016":0.008,"traffic_delta_previous":0.012,"jobs_delta_previous":0.005,"electricity_delta_previous":0.02,"buildings_delta_previous":0.026,"services_delta_previous":0.004,"dominant_metric":"buildings","dominant_change":"appeared","confidence":"medium","evidence":["OSM building footprints and replay-first-visible-year profile","Planning/development-zone pressure proxy","Sentinel/Landsat NDBI source availability","Local raster evidence for 2018: ndbi, ndvi, rgb"]},"geometry":{"type":"Polygon","coordinates":[[[-5.807273,54.558571],[-5.793637,54.558571],[-5.793637,54.571428],[-5.807273,54.571428],[-5.807273,54.558571]]]}},{"type":"Feature","id":"belfast_03_21_2018","properties":{"cell_id":"belfast_03_21","year":2018,"row":3,"col":21,"traffic":0.224,"jobs":0.053,"electricity":0.267,"buildings":0.278,"services":0.066,"development_pressure":0.182,"green_cover":0.296,"bike_access":0.05,"transit_access":0.18,"traffic_pressure":0.179,"planning_intensity":0.082,"deprivation_weight":0.0,"bike_trip_index":0.306,"tree_canopy_context":0.0,"civic_service_context":0.0,"traffic_delta_2016":0.02,"jobs_delta_2016":0.01,"electricity_delta_2016":0.035,"buildings_delta_2016":0.042,"services_delta_2016":0.008,"traffic_delta_previous":0.01,"jobs_delta_previous":0.005,"electricity_delta_previous":0.018,"buildings_delta_previous":0.021,"services_delta_previous":0.004,"dominant_metric":"buildings","dominant_change":"appeared","confidence":"medium","evidence":["OSM building footprints and replay-first-visible-year profile","Planning/development-zone pressure proxy","Sentinel/Landsat NDBI source availability","Local raster evidence for 2018: ndbi, ndvi, rgb"]},"geometry":{"type":"Polygon","coordinates":[[[-5.793636,54.558571],[-5.78,54.558571],[-5.78,54.571428],[-5.793636,54.571428],[-5.793636,54.558571]]]}},{"type":"Feature","id":"belfast_04_00_2018","properties":{"cell_id":"belfast_04_00","year":2018,"row":4,"col":0,"traffic":0.226,"jobs":0.053,"electricity":0.273,"buildings":0.288,"services":0.066,"development_pressure":0.204,"green_cover":0.336,"bike_access":0.05,"transit_access":0.18,"traffic_pressure":0.179,"planning_intensity":0.093,"deprivation_weight":0.0,"bike_trip_index":0.306,"tree_canopy_context":0.0,"civic_service_context":0.0,"traffic_delta_2016":0.021,"jobs_delta_2016":0.01,"electricity_delta_2016":0.039,"buildings_delta_2016":0.049,"services_delta_2016":0.008,"traffic_delta_previous":0.012,"jobs_delta_previous":0.005,"electricity_delta_previous":0.02,"buildings_delta_previous":0.026,"services_delta_previous":0.004,"dominant_metric":"buildings","dominant_change":"appeared","confidence":"medium","evidence":["OSM building footprints and replay-first-visible-year profile","Planning/development-zone pressure proxy","Sentinel/Landsat NDBI source availability","Local raster evidence for 2018: ndbi, ndvi, rgb"]},"geometry":{"type":"Polygon","coordinates":[[[-6.08,54.571429],[-6.066364,54.571429],[-6.066364,54.584286],[-6.08,54.584286],[-6.08,54.571429]]]}},{"type":"Feature","id":"belfast_04_01_2018","properties":{"cell_id":"belfast_04_01","year":2018,"row":4,"col":1,"traffic":0.223,"jobs":0.053,"electricity":0.267,"buildings":0.278,"services":0.066,"development_pressure":0.183,"green_cover":0.311,"bike_access":0.05,"transit_access":0.18,"traffic_pressure":0.178,"planning_intensity":0.083,"deprivation_weight":0.0,"bike_trip_index":0.306,"tree_canopy_context":0.0,"civic_service_context":0.0,"traffic_delta_2016":0.02,"jobs_delta_2016":0.01,"electricity_delta_2016":0.035,"buildings_delta_2016":0.043,"services_delta_2016":0.008,"traffic_delta_previous":0.011,"jobs_delta_previous":0.005,"electricity_delta_previous":0.018,"buildings_delta_previous":0.023,"services_delta_previous":0.004,"dominant_metric":"buildings","dominant_change":"appeared","confidence":"medium","evidence":["OSM building footprints and replay-first-visible-year profile","Planning/development-zone pressure proxy","Sentinel/Landsat NDBI source availability","Local raster evidence for 2018: ndbi, ndvi, rgb"]},"geometry":{"type":"Polygon","coordinates":[[[-6.066364,54.571429],[-6.052728,54.571429],[-6.052728,54.584286],[-6.066364,54.584286],[-6.066364,54.571429]]]}},{"type":"Feature","id":"belfast_04_02_2018","properties":{"cell_id":"belfast_04_02","year":2018,"row":4,"col":2,"traffic":0.218,"jobs":0.053,"electricity":0.26,"buildings":0.265,"services":0.066,"development_pressure":0.159,"green_cover":0.3,"bike_access":0.05,"transit_access":0.18,"traffic_pressure":0.175,"planning_intensity":0.071,"deprivation_weight":0.0,"bike_trip_index":0.306,"tree_canopy_context":0.0,"civic_service_context":0.0,"traffic_delta_2016":0.019,"jobs_delta_2016":0.01,"electricity_delta_2016":0.034,"buildings_delta_2016":0.04,"services_delta_2016":0.008,"traffic_delta_previous":0.01,"jobs_delta_previous":0.005,"electricity_delta_previous":0.018,"buildings_delta_previous":0.021,"services_delta_previous":0.004,"dominant_metric":"buildings","dominant_change":"appeared","confidence":"medium","evidence":["OSM building footprints and replay-first-visible-year profile","Planning/development-zone pressure proxy","Sentinel/Landsat NDBI source availability","Local raster evidence for 2018: ndbi, ndvi, rgb"]},"geometry":{"type":"Polygon","coordinates":[[[-6.052727,54.571429],[-6.039091,54.571429],[-6.039091,54.584286],[-6.052727,54.584286],[-6.052727,54.571429]]]}},{"type":"Feature","id":"belfast_04_03_2018","properties":{"cell_id":"belfast_04_03","year":2018,"row":4,"col":3,"traffic":0.212,"jobs":0.053,"electricity":0.255,"buildings":0.254,"services":0.066,"development_pressure":0.144,"green_cover":0.339,"bike_access":0.05,"transit_access":0.18,"traffic_pressure":0.169,"planning_intensity":0.064,"deprivation_weight":0.169,"bike_trip_index":0.306,"tree_canopy_context":0.0,"civic_service_context":0.0,"traffic_delta_2016":0.018,"jobs_delta_2016":0.01,"electricity_delta_2016":0.036,"buildings_delta_2016":0.043,"services_delta_2016":0.008,"traffic_delta_previous":0.01,"jobs_delta_previous":0.005,"electricity_delta_previous":0.02,"buildings_delta_previous":0.023,"services_delta_previous":0.004,"dominant_metric":"buildings","dominant_change":"appeared","confidence":"medium","evidence":["OSM building footprints and replay-first-visible-year profile","Planning/development-zone pressure proxy","Sentinel/Landsat NDBI source availability","Local raster evidence for 2018: ndbi, ndvi, rgb"]},"geometry":{"type":"Polygon","coordinates":[[[-6.039091,54.571429],[-6.025455,54.571429],[-6.025455,54.584286],[-6.039091,54.584286],[-6.039091,54.571429]]]}},{"type":"Feature","id":"belfast_04_04_2018","properties":{"cell_id":"belfast_04_04","year":2018,"row":4,"col":4,"traffic":0.19,"jobs":0.068,"electricity":0.254,"buildings":0.233,"services":0.112,"development_pressure":0.144,"green_cover":0.642,"bike_access":0.05,"transit_access":0.18,"traffic_pressure":0.143,"planning_intensity":0.064,"deprivation_weight":0.362,"bike_trip_index":0.306,"tree_canopy_context":0.906,"civic_service_context":0.2,"traffic_delta_2016":0.019,"jobs_delta_2016":0.01,"electricity_delta_2016":0.04,"buildings_delta_2016":0.05,"services_delta_2016":0.008,"traffic_delta_previous":0.011,"jobs_delta_previous":0.005,"electricity_delta_previous":0.022,"buildings_delta_previous":0.028,"services_delta_previous":0.004,"dominant_metric":"buildings","dominant_change":"appeared","confidence":"medium","evidence":["OSM building footprints and replay-first-visible-year profile","Planning/development-zone pressure proxy","Sentinel/Landsat NDBI source availability","Local raster evidence for 2018: ndbi, ndvi, rgb"]},"geometry":{"type":"Polygon","coordinates":[[[-6.025455,54.571429],[-6.011819,54.571429],[-6.011819,54.584286],[-6.025455,54.584286],[-6.025455,54.571429]]]}},{"type":"Feature","id":"belfast_04_05_2018","properties":{"cell_id":"belfast_04_05","year":2018,"row":4,"col":5,"traffic":0.223,"jobs":0.102,"electricity":0.28,"buildings":0.263,"services":0.172,"development_pressure":0.169,"green_cover":0.484,"bike_access":0.056,"transit_access":0.211,"traffic_pressure":0.184,"planning_intensity":0.071,"deprivation_weight":0.552,"bike_trip_index":0.306,"tree_canopy_context":0.106,"civic_service_context":0.4,"traffic_delta_2016":0.023,"jobs_delta_2016":0.01,"electricity_delta_2016":0.045,"buildings_delta_2016":0.059,"services_delta_2016":0.008,"traffic_delta_previous":0.013,"jobs_delta_previous":0.005,"electricity_delta_previous":0.024,"buildings_delta_previous":0.033,"services_delta_previous":0.004,"dominant_metric":"buildings","dominant_change":"appeared","confidence":"medium","evidence":["OSM building footprints and replay-first-visible-year profile","Planning/development-zone pressure proxy","Sentinel/Landsat NDBI source availability","Local raster evidence for 2018: ndbi, ndvi, rgb"]},"geometry":{"type":"Polygon","coordinates":[[[-6.011818,54.571429],[-5.998182,54.571429],[-5.998182,54.584286],[-6.011818,54.584286],[-6.011818,54.571429]]]}},{"type":"Feature","id":"belfast_04_06_2018","properties":{"cell_id":"belfast_04_06","year":2018,"row":4,"col":6,"traffic":0.261,"jobs":0.211,"electricity":0.355,"buildings":0.312,"services":0.297,"development_pressure":0.261,"green_cover":0.752,"bike_access":0.156,"transit_access":0.335,"traffic_pressure":0.234,"planning_intensity":0.125,"deprivation_weight":0.734,"bike_trip_index":0.306,"tree_canopy_context":1.0,"civic_service_context":0.6,"traffic_delta_2016":0.03,"jobs_delta_2016":0.011,"electricity_delta_2016":0.052,"buildings_delta_2016":0.075,"services_delta_2016":0.008,"traffic_delta_previous":0.017,"jobs_delta_previous":0.006,"electricity_delta_previous":0.028,"buildings_delta_previous":0.041,"services_delta_previous":0.004,"dominant_metric":"buildings","dominant_change":"appeared","confidence":"medium","evidence":["OSM building footprints and replay-first-visible-year profile","Planning/development-zone pressure proxy","Sentinel/Landsat NDBI source availability","Local raster evidence for 2018: ndbi, ndvi, rgb"]},"geometry":{"type":"Polygon","coordinates":[[[-5.998182,54.571429],[-5.984546,54.571429],[-5.984546,54.584286],[-5.998182,54.584286],[-5.998182,54.571429]]]}},{"type":"Feature","id":"belfast_04_07_2018","properties":{"cell_id":"belfast_04_07","year":2018,"row":4,"col":7,"traffic":0.32,"jobs":0.386,"electricity":0.452,"buildings":0.379,"services":0.498,"development_pressure":0.349,"green_cover":0.708,"bike_access":0.251,"transit_access":0.449,"traffic_pressure":0.31,"planning_intensity":0.177,"deprivation_weight":0.868,"bike_trip_index":0.306,"tree_canopy_context":1.0,"civic_service_context":1.0,"traffic_delta_2016":0.035,"jobs_delta_2016":0.012,"electricity_delta_2016":0.054,"buildings_delta_2016":0.083,"services_delta_2016":0.008,"traffic_delta_previous":0.019,"jobs_delta_previous":0.006,"electricity_delta_previous":0.028,"buildings_delta_previous":0.043,"services_delta_previous":0.004,"dominant_metric":"buildings","dominant_change":"appeared","confidence":"medium","evidence":["OSM building footprints and replay-first-visible-year profile","Planning/development-zone pressure proxy","Sentinel/Landsat NDBI source availability","Local raster evidence for 2018: ndbi, ndvi, rgb"]},"geometry":{"type":"Polygon","coordinates":[[[-5.984545,54.571429],[-5.970909,54.571429],[-5.970909,54.584286],[-5.984545,54.584286],[-5.984545,54.571429]]]}},{"type":"Feature","id":"belfast_04_08_2018","properties":{"cell_id":"belfast_04_08","year":2018,"row":4,"col":8,"traffic":0.377,"jobs":0.49,"electricity":0.529,"buildings":0.437,"services":0.504,"development_pressure":0.421,"green_cover":0.65,"bike_access":0.328,"transit_access":0.538,"traffic_pressure":0.382,"planning_intensity":0.222,"deprivation_weight":0.799,"bike_trip_index":0.306,"tree_canopy_context":1.0,"civic_service_context":0.6,"traffic_delta_2016":0.035,"jobs_delta_2016":0.013,"electricity_delta_2016":0.052,"buildings_delta_2016":0.082,"services_delta_2016":0.008,"traffic_delta_previous":0.018,"jobs_delta_previous":0.007,"electricity_delta_previous":0.026,"buildings_delta_previous":0.041,"services_delta_previous":0.004,"dominant_metric":"buildings","dominant_change":"appeared","confidence":"medium","evidence":["OSM building footprints and replay-first-visible-year profile","Planning/development-zone pressure proxy","Sentinel/Landsat NDBI source availability","Local raster evidence for 2018: ndbi, ndvi, rgb"]},"geometry":{"type":"Polygon","coordinates":[[[-5.970909,54.571429],[-5.957273,54.571429],[-5.957273,54.584286],[-5.970909,54.584286],[-5.970909,54.571429]]]}},{"type":"Feature","id":"belfast_04_09_2018","properties":{"cell_id":"belfast_04_09","year":2018,"row":4,"col":9,"traffic":0.431,"jobs":0.6,"electricity":0.596,"buildings":0.481,"services":0.574,"development_pressure":0.471,"green_cover":0.628,"bike_access":0.338,"transit_access":0.576,"traffic_pressure":0.447,"planning_intensity":0.264,"deprivation_weight":0.626,"bike_trip_index":0.306,"tree_canopy_context":1.0,"civic_service_context":0.6,"traffic_delta_2016":0.029,"jobs_delta_2016":0.013,"electricity_delta_2016":0.048,"buildings_delta_2016":0.076,"services_delta_2016":0.008,"traffic_delta_previous":0.014,"jobs_delta_previous":0.007,"electricity_delta_previous":0.024,"buildings_delta_previous":0.037,"services_delta_previous":0.004,"dominant_metric":"buildings","dominant_change":"appeared","confidence":"medium","evidence":["OSM building footprints and replay-first-visible-year profile","Planning/development-zone pressure proxy","Sentinel/Landsat NDBI source availability","Local raster evidence for 2018: ndbi, ndvi, rgb"]},"geometry":{"type":"Polygon","coordinates":[[[-5.957273,54.571429],[-5.943637,54.571429],[-5.943637,54.584286],[-5.957273,54.584286],[-5.957273,54.571429]]]}},{"type":"Feature","id":"belfast_04_10_2018","properties":{"cell_id":"belfast_04_10","year":2018,"row":4,"col":10,"traffic":0.447,"jobs":0.688,"electricity":0.635,"buildings":0.5,"services":0.703,"development_pressure":0.485,"green_cover":0.703,"bike_access":0.436,"transit_access":0.545,"traffic_pressure":0.47,"planning_intensity":0.311,"deprivation_weight":0.438,"bike_trip_index":0.306,"tree_canopy_context":1.0,"civic_service_context":1.0,"traffic_delta_2016":0.023,"jobs_delta_2016":0.014,"electricity_delta_2016":0.045,"buildings_delta_2016":0.067,"services_delta_2016":0.008,"traffic_delta_previous":0.011,"jobs_delta_previous":0.007,"electricity_delta_previous":0.023,"buildings_delta_previous":0.034,"services_delta_previous":0.004,"dominant_metric":"buildings","dominant_change":"appeared","confidence":"medium","evidence":["OSM building footprints and replay-first-visible-year profile","Planning/development-zone pressure proxy","Sentinel/Landsat NDBI source availability","Local raster evidence for 2018: ndbi, ndvi, rgb"]},"geometry":{"type":"Polygon","coordinates":[[[-5.943636,54.571429],[-5.93,54.571429],[-5.93,54.584286],[-5.943636,54.584286],[-5.943636,54.571429]]]}},{"type":"Feature","id":"belfast_04_11_2018","properties":{"cell_id":"belfast_04_11","year":2018,"row":4,"col":11,"traffic":0.443,"jobs":0.641,"electricity":0.613,"buildings":0.487,"services":0.672,"development_pressure":0.467,"green_cover":0.758,"bike_access":0.436,"transit_access":0.527,"traffic_pressure":0.466,"planning_intensity":0.309,"deprivation_weight":0.246,"bike_trip_index":0.306,"tree_canopy_context":1.0,"civic_service_context":1.0,"traffic_delta_2016":0.021,"jobs_delta_2016":0.014,"electricity_delta_2016":0.043,"buildings_delta_2016":0.064,"services_delta_2016":0.008,"traffic_delta_previous":0.012,"jobs_delta_previous":0.007,"electricity_delta_previous":0.023,"buildings_delta_previous":0.034,"services_delta_previous":0.004,"dominant_metric":"buildings","dominant_change":"appeared","confidence":"medium","evidence":["OSM building footprints and replay-first-visible-year profile","Planning/development-zone pressure proxy","Sentinel/Landsat NDBI source availability","Local raster evidence for 2018: ndbi, ndvi, rgb"]},"geometry":{"type":"Polygon","coordinates":[[[-5.93,54.571429],[-5.916364,54.571429],[-5.916364,54.584286],[-5.93,54.584286],[-5.93,54.571429]]]}},{"type":"Feature","id":"belfast_04_12_2018","properties":{"cell_id":"belfast_04_12","year":2018,"row":4,"col":12,"traffic":0.446,"jobs":0.522,"electricity":0.564,"buildings":0.466,"services":0.546,"development_pressure":0.448,"green_cover":0.739,"bike_access":0.297,"transit_access":0.5,"traffic_pressure":0.461,"planning_intensity":0.276,"deprivation_weight":0.053,"bike_trip_index":0.306,"tree_canopy_context":1.0,"civic_service_context":0.8,"traffic_delta_2016":0.025,"jobs_delta_2016":0.014,"electricity_delta_2016":0.047,"buildings_delta_2016":0.071,"services_delta_2016":0.008,"traffic_delta_previous":0.015,"jobs_delta_previous":0.007,"electricity_delta_previous":0.025,"buildings_delta_previous":0.039,"services_delta_previous":0.004,"dominant_metric":"buildings","dominant_change":"appeared","confidence":"medium","evidence":["OSM building footprints and replay-first-visible-year profile","Planning/development-zone pressure proxy","Sentinel/Landsat NDBI source availability","Local raster evidence for 2018: ndbi, ndvi, rgb"]},"geometry":{"type":"Polygon","coordinates":[[[-5.916364,54.571429],[-5.902728,54.571429],[-5.902728,54.584286],[-5.916364,54.584286],[-5.916364,54.571429]]]}},{"type":"Feature","id":"belfast_04_13_2018","properties":{"cell_id":"belfast_04_13","year":2018,"row":4,"col":13,"traffic":0.415,"jobs":0.424,"electricity":0.507,"buildings":0.429,"services":0.473,"development_pressure":0.405,"green_cover":0.706,"bike_access":0.212,"transit_access":0.437,"traffic_pressure":0.419,"planning_intensity":0.231,"deprivation_weight":0.0,"bike_trip_index":0.306,"tree_canopy_context":1.0,"civic_service_context":0.8,"traffic_delta_2016":0.032,"jobs_delta_2016":0.012,"electricity_delta_2016":0.051,"buildings_delta_2016":0.081,"services_delta_2016":0.008,"traffic_delta_previous":0.018,"jobs_delta_previous":0.006,"electricity_delta_previous":0.028,"buildings_delta_previous":0.045,"services_delta_previous":0.004,"dominant_metric":"buildings","dominant_change":"appeared","confidence":"medium","evidence":["OSM building footprints and replay-first-visible-year profile","Planning/development-zone pressure proxy","Sentinel/Landsat NDBI source availability","Local raster evidence for 2018: ndbi, ndvi, rgb"]},"geometry":{"type":"Polygon","coordinates":[[[-5.902727,54.571429],[-5.889091,54.571429],[-5.889091,54.584286],[-5.902727,54.584286],[-5.902727,54.571429]]]}},{"type":"Feature","id":"belfast_04_14_2018","properties":{"cell_id":"belfast_04_14","year":2018,"row":4,"col":14,"traffic":0.368,"jobs":0.288,"electricity":0.436,"buildings":0.393,"services":0.304,"development_pressure":0.354,"green_cover":0.619,"bike_access":0.174,"transit_access":0.341,"traffic_pressure":0.358,"planning_intensity":0.196,"deprivation_weight":0.0,"bike_trip_index":0.306,"tree_canopy_context":1.0,"civic_service_context":0.4,"traffic_delta_2016":0.036,"jobs_delta_2016":0.012,"electricity_delta_2016":0.054,"buildings_delta_2016":0.087,"services_delta_2016":0.008,"traffic_delta_previous":0.019,"jobs_delta_previous":0.006,"electricity_delta_previous":0.029,"buildings_delta_previous":0.047,"services_delta_previous":0.004,"dominant_metric":"buildings","dominant_change":"appeared","confidence":"medium","evidence":["OSM building footprints and replay-first-visible-year profile","Planning/development-zone pressure proxy","Sentinel/Landsat NDBI source availability","Local raster evidence for 2018: ndbi, ndvi, rgb"]},"geometry":{"type":"Polygon","coordinates":[[[-5.889091,54.571429],[-5.875455,54.571429],[-5.875455,54.584286],[-5.889091,54.584286],[-5.889091,54.571429]]]}},{"type":"Feature","id":"belfast_04_15_2018","properties":{"cell_id":"belfast_04_15","year":2018,"row":4,"col":15,"traffic":0.312,"jobs":0.147,"electricity":0.358,"buildings":0.347,"services":0.164,"development_pressure":0.299,"green_cover":0.603,"bike_access":0.109,"transit_access":0.229,"traffic_pressure":0.284,"planning_intensity":0.157,"deprivation_weight":0.0,"bike_trip_index":0.306,"tree_canopy_context":1.0,"civic_service_context":0.2,"traffic_delta_2016":0.034,"jobs_delta_2016":0.012,"electricity_delta_2016":0.054,"buildings_delta_2016":0.082,"services_delta_2016":0.008,"traffic_delta_previous":0.017,"jobs_delta_previous":0.006,"electricity_delta_previous":0.028,"buildings_delta_previous":0.043,"services_delta_previous":0.004,"dominant_metric":"buildings","dominant_change":"appeared","confidence":"medium","evidence":["OSM building footprints and replay-first-visible-year profile","Planning/development-zone pressure proxy","Sentinel/Landsat NDBI source availability","Local raster evidence for 2018: ndbi, ndvi, rgb"]},"geometry":{"type":"Polygon","coordinates":[[[-5.875455,54.571429],[-5.861819,54.571429],[-5.861819,54.584286],[-5.875455,54.584286],[-5.875455,54.571429]]]}},{"type":"Feature","id":"belfast_04_16_2018","properties":{"cell_id":"belfast_04_16","year":2018,"row":4,"col":16,"traffic":0.245,"jobs":0.067,"electricity":0.294,"buildings":0.299,"services":0.074,"development_pressure":0.234,"green_cover":0.528,"bike_access":0.056,"transit_access":0.193,"traffic_pressure":0.202,"planning_intensity":0.111,"deprivation_weight":0.0,"bike_trip_index":0.306,"tree_canopy_context":0.718,"civic_service_context":0.0,"traffic_delta_2016":0.027,"jobs_delta_2016":0.01,"electricity_delta_2016":0.049,"buildings_delta_2016":0.069,"services_delta_2016":0.008,"traffic_delta_previous":0.013,"jobs_delta_previous":0.005,"electricity_delta_previous":0.025,"buildings_delta_previous":0.034,"services_delta_previous":0.004,"dominant_metric":"buildings","dominant_change":"appeared","confidence":"medium","evidence":["OSM building footprints and replay-first-visible-year profile","Planning/development-zone pressure proxy","Sentinel/Landsat NDBI source availability","Local raster evidence for 2018: ndbi, ndvi, rgb"]},"geometry":{"type":"Polygon","coordinates":[[[-5.861818,54.571429],[-5.848182,54.571429],[-5.848182,54.584286],[-5.861818,54.584286],[-5.861818,54.571429]]]}},{"type":"Feature","id":"belfast_04_17_2018","properties":{"cell_id":"belfast_04_17","year":2018,"row":4,"col":17,"traffic":0.214,"jobs":0.053,"electricity":0.273,"buildings":0.28,"services":0.066,"development_pressure":0.212,"green_cover":0.52,"bike_access":0.05,"transit_access":0.18,"traffic_pressure":0.164,"planning_intensity":0.097,"deprivation_weight":0.0,"bike_trip_index":0.306,"tree_canopy_context":0.588,"civic_service_context":0.0,"traffic_delta_2016":0.021,"jobs_delta_2016":0.01,"electricity_delta_2016":0.044,"buildings_delta_2016":0.056,"services_delta_2016":0.008,"traffic_delta_previous":0.01,"jobs_delta_previous":0.005,"electricity_delta_previous":0.022,"buildings_delta_previous":0.028,"services_delta_previous":0.004,"dominant_metric":"buildings","dominant_change":"appeared","confidence":"medium","evidence":["OSM building footprints and replay-first-visible-year profile","Planning/development-zone pressure proxy","Sentinel/Landsat NDBI source availability","Local raster evidence for 2018: ndbi, ndvi, rgb"]},"geometry":{"type":"Polygon","coordinates":[[[-5.848182,54.571429],[-5.834546,54.571429],[-5.834546,54.584286],[-5.848182,54.584286],[-5.848182,54.571429]]]}},{"type":"Feature","id":"belfast_04_18_2018","properties":{"cell_id":"belfast_04_18","year":2018,"row":4,"col":18,"traffic":0.224,"jobs":0.053,"electricity":0.272,"buildings":0.287,"services":0.066,"development_pressure":0.203,"green_cover":0.351,"bike_access":0.05,"transit_access":0.18,"traffic_pressure":0.178,"planning_intensity":0.093,"deprivation_weight":0.0,"bike_trip_index":0.306,"tree_canopy_context":0.0,"civic_service_context":0.0,"traffic_delta_2016":0.017,"jobs_delta_2016":0.01,"electricity_delta_2016":0.038,"buildings_delta_2016":0.046,"services_delta_2016":0.008,"traffic_delta_previous":0.009,"jobs_delta_previous":0.005,"electricity_delta_previous":0.019,"buildings_delta_previous":0.024,"services_delta_previous":0.004,"dominant_metric":"buildings","dominant_change":"appeared","confidence":"medium","evidence":["OSM building footprints and replay-first-visible-year profile","Planning/development-zone pressure proxy","Sentinel/Landsat NDBI source availability","Local raster evidence for 2018: ndbi, ndvi, rgb"]},"geometry":{"type":"Polygon","coordinates":[[[-5.834545,54.571429],[-5.820909,54.571429],[-5.820909,54.584286],[-5.834545,54.584286],[-5.834545,54.571429]]]}},{"type":"Feature","id":"belfast_04_19_2018","properties":{"cell_id":"belfast_04_19","year":2018,"row":4,"col":19,"traffic":0.221,"jobs":0.053,"electricity":0.266,"buildings":0.276,"services":0.066,"development_pressure":0.182,"green_cover":0.336,"bike_access":0.05,"transit_access":0.18,"traffic_pressure":0.176,"planning_intensity":0.082,"deprivation_weight":0.0,"bike_trip_index":0.306,"tree_canopy_context":0.0,"civic_service_context":0.0,"traffic_delta_2016":0.018,"jobs_delta_2016":0.01,"electricity_delta_2016":0.034,"buildings_delta_2016":0.041,"services_delta_2016":0.008,"traffic_delta_previous":0.011,"jobs_delta_previous":0.005,"electricity_delta_previous":0.018,"buildings_delta_previous":0.023,"services_delta_previous":0.004,"dominant_metric":"buildings","dominant_change":"appeared","confidence":"medium","evidence":["OSM building footprints and replay-first-visible-year profile","Planning/development-zone pressure proxy","Sentinel/Landsat NDBI source availability","Local raster evidence for 2018: ndbi, ndvi, rgb"]},"geometry":{"type":"Polygon","coordinates":[[[-5.820909,54.571429],[-5.807273,54.571429],[-5.807273,54.584286],[-5.820909,54.584286],[-5.820909,54.571429]]]}},{"type":"Feature","id":"belfast_04_20_2018","properties":{"cell_id":"belfast_04_20","year":2018,"row":4,"col":20,"traffic":0.217,"jobs":0.053,"electricity":0.259,"buildings":0.264,"services":0.066,"development_pressure":0.158,"green_cover":0.312,"bike_access":0.05,"transit_access":0.18,"traffic_pressure":0.174,"planning_intensity":0.071,"deprivation_weight":0.0,"bike_trip_index":0.306,"tree_canopy_context":0.0,"civic_service_context":0.0,"traffic_delta_2016":0.019,"jobs_delta_2016":0.01,"electricity_delta_2016":0.033,"buildings_delta_2016":0.041,"services_delta_2016":0.008,"traffic_delta_previous":0.011,"jobs_delta_previous":0.005,"electricity_delta_previous":0.018,"buildings_delta_previous":0.023,"services_delta_previous":0.004,"dominant_metric":"buildings","dominant_change":"appeared","confidence":"medium","evidence":["OSM building footprints and replay-first-visible-year profile","Planning/development-zone pressure proxy","Sentinel/Landsat NDBI source availability","Local raster evidence for 2018: ndbi, ndvi, rgb"]},"geometry":{"type":"Polygon","coordinates":[[[-5.807273,54.571429],[-5.793637,54.571429],[-5.793637,54.584286],[-5.807273,54.584286],[-5.807273,54.571429]]]}},{"type":"Feature","id":"belfast_04_21_2018","properties":{"cell_id":"belfast_04_21","year":2018,"row":4,"col":21,"traffic":0.214,"jobs":0.053,"electricity":0.255,"buildings":0.256,"services":0.066,"development_pressure":0.143,"green_cover":0.303,"bike_access":0.05,"transit_access":0.18,"traffic_pressure":0.173,"planning_intensity":0.063,"deprivation_weight":0.0,"bike_trip_index":0.306,"tree_canopy_context":0.0,"civic_service_context":0.0,"traffic_delta_2016":0.02,"jobs_delta_2016":0.01,"electricity_delta_2016":0.036,"buildings_delta_2016":0.046,"services_delta_2016":0.008,"traffic_delta_previous":0.011,"jobs_delta_previous":0.005,"electricity_delta_previous":0.02,"buildings_delta_previous":0.025,"services_delta_previous":0.004,"dominant_metric":"buildings","dominant_change":"appeared","confidence":"medium","evidence":["OSM building footprints and replay-first-visible-year profile","Planning/development-zone pressure proxy","Sentinel/Landsat NDBI source availability","Local raster evidence for 2018: ndbi, ndvi, rgb"]},"geometry":{"type":"Polygon","coordinates":[[[-5.793636,54.571429],[-5.78,54.571429],[-5.78,54.584286],[-5.793636,54.584286],[-5.793636,54.571429]]]}},{"type":"Feature","id":"belfast_05_00_2018","properties":{"cell_id":"belfast_05_00","year":2018,"row":5,"col":0,"traffic":0.215,"jobs":0.053,"electricity":0.259,"buildings":0.262,"services":0.066,"development_pressure":0.159,"green_cover":0.344,"bike_access":0.05,"transit_access":0.18,"traffic_pressure":0.172,"planning_intensity":0.071,"deprivation_weight":0.0,"bike_trip_index":0.306,"tree_canopy_context":0.0,"civic_service_context":0.0,"traffic_delta_2016":0.016,"jobs_delta_2016":0.01,"electricity_delta_2016":0.033,"buildings_delta_2016":0.038,"services_delta_2016":0.008,"traffic_delta_previous":0.01,"jobs_delta_previous":0.005,"electricity_delta_previous":0.018,"buildings_delta_previous":0.022,"services_delta_previous":0.004,"dominant_metric":"buildings","dominant_change":"appeared","confidence":"medium","evidence":["OSM building footprints and replay-first-visible-year profile","Planning/development-zone pressure proxy","Sentinel/Landsat NDBI source availability","Local raster evidence for 2018: ndbi, ndvi, rgb"]},"geometry":{"type":"Polygon","coordinates":[[[-6.08,54.584286],[-6.066364,54.584286],[-6.066364,54.597143],[-6.08,54.597143],[-6.08,54.584286]]]}},{"type":"Feature","id":"belfast_05_01_2018","properties":{"cell_id":"belfast_05_01","year":2018,"row":5,"col":1,"traffic":0.213,"jobs":0.053,"electricity":0.255,"buildings":0.255,"services":0.066,"development_pressure":0.144,"green_cover":0.318,"bike_access":0.05,"transit_access":0.18,"traffic_pressure":0.171,"planning_intensity":0.064,"deprivation_weight":0.0,"bike_trip_index":0.306,"tree_canopy_context":0.0,"civic_service_context":0.0,"traffic_delta_2016":0.021,"jobs_delta_2016":0.01,"electricity_delta_2016":0.036,"buildings_delta_2016":0.045,"services_delta_2016":0.008,"traffic_delta_previous":0.012,"jobs_delta_previous":0.005,"electricity_delta_previous":0.02,"buildings_delta_previous":0.026,"services_delta_previous":0.004,"dominant_metric":"buildings","dominant_change":"appeared","confidence":"medium","evidence":["OSM building footprints and replay-first-visible-year profile","Planning/development-zone pressure proxy","Sentinel/Landsat NDBI source availability","Local raster evidence for 2018: ndbi, ndvi, rgb"]},"geometry":{"type":"Polygon","coordinates":[[[-6.066364,54.584286],[-6.052728,54.584286],[-6.052728,54.597143],[-6.066364,54.597143],[-6.066364,54.584286]]]}},{"type":"Feature","id":"belfast_05_02_2018","properties":{"cell_id":"belfast_05_02","year":2018,"row":5,"col":2,"traffic":0.214,"jobs":0.053,"electricity":0.255,"buildings":0.257,"services":0.066,"development_pressure":0.144,"green_cover":0.303,"bike_access":0.05,"transit_access":0.18,"traffic_pressure":0.173,"planning_intensity":0.064,"deprivation_weight":0.0,"bike_trip_index":0.306,"tree_canopy_context":0.0,"civic_service_context":0.0,"traffic_delta_2016":0.025,"jobs_delta_2016":0.01,"electricity_delta_2016":0.041,"buildings_delta_2016":0.056,"services_delta_2016":0.008,"traffic_delta_previous":0.013,"jobs_delta_previous":0.005,"electricity_delta_previous":0.022,"buildings_delta_previous":0.031,"services_delta_previous":0.004,"dominant_metric":"buildings","dominant_change":"appeared","confidence":"medium","evidence":["OSM building footprints and replay-first-visible-year profile","Planning/development-zone pressure proxy","Sentinel/Landsat NDBI source availability","Local raster evidence for 2018: ndbi, ndvi, rgb"]},"geometry":{"type":"Polygon","coordinates":[[[-6.052727,54.584286],[-6.039091,54.584286],[-6.039091,54.597143],[-6.052727,54.597143],[-6.052727,54.584286]]]}},{"type":"Feature","id":"belfast_05_03_2018","properties":{"cell_id":"belfast_05_03","year":2018,"row":5,"col":3,"traffic":0.217,"jobs":0.053,"electricity":0.26,"buildings":0.265,"services":0.066,"development_pressure":0.16,"green_cover":0.313,"bike_access":0.05,"transit_access":0.18,"traffic_pressure":0.174,"planning_intensity":0.071,"deprivation_weight":0.157,"bike_trip_index":0.306,"tree_canopy_context":0.0,"civic_service_context":0.0,"traffic_delta_2016":0.026,"jobs_delta_2016":0.01,"electricity_delta_2016":0.047,"buildings_delta_2016":0.063,"services_delta_2016":0.008,"traffic_delta_previous":0.014,"jobs_delta_previous":0.005,"electricity_delta_previous":0.025,"buildings_delta_previous":0.034,"services_delta_previous":0.004,"dominant_metric":"buildings","dominant_change":"appeared","confidence":"medium","evidence":["OSM building footprints and replay-first-visible-year profile","Planning/development-zone pressure proxy","Sentinel/Landsat NDBI source availability","Local raster evidence for 2018: ndbi, ndvi, rgb"]},"geometry":{"type":"Polygon","coordinates":[[[-6.039091,54.584286],[-6.025455,54.584286],[-6.025455,54.597143],[-6.039091,54.597143],[-6.039091,54.584286]]]}},{"type":"Feature","id":"belfast_05_04_2018","properties":{"cell_id":"belfast_05_04","year":2018,"row":5,"col":4,"traffic":0.216,"jobs":0.053,"electricity":0.266,"buildings":0.271,"services":0.066,"development_pressure":0.183,"green_cover":0.41,"bike_access":0.05,"transit_access":0.18,"traffic_pressure":0.17,"planning_intensity":0.083,"deprivation_weight":0.346,"bike_trip_index":0.306,"tree_canopy_context":0.0,"civic_service_context":0.0,"traffic_delta_2016":0.026,"jobs_delta_2016":0.01,"electricity_delta_2016":0.049,"buildings_delta_2016":0.065,"services_delta_2016":0.008,"traffic_delta_previous":0.014,"jobs_delta_previous":0.005,"electricity_delta_previous":0.026,"buildings_delta_previous":0.034,"services_delta_previous":0.004,"dominant_metric":"buildings","dominant_change":"appeared","confidence":"medium","evidence":["OSM building footprints and replay-first-visible-year profile","Planning/development-zone pressure proxy","Sentinel/Landsat NDBI source availability","Local raster evidence for 2018: ndbi, ndvi, rgb"]},"geometry":{"type":"Polygon","coordinates":[[[-6.025455,54.584286],[-6.011819,54.584286],[-6.011819,54.597143],[-6.025455,54.597143],[-6.025455,54.584286]]]}},{"type":"Feature","id":"belfast_05_05_2018","properties":{"cell_id":"belfast_05_05","year":2018,"row":5,"col":5,"traffic":0.248,"jobs":0.095,"electricity":0.305,"buildings":0.298,"services":0.099,"development_pressure":0.223,"green_cover":0.503,"bike_access":0.066,"transit_access":0.262,"traffic_pressure":0.213,"planning_intensity":0.094,"deprivation_weight":0.53,"bike_trip_index":0.306,"tree_canopy_context":0.0,"civic_service_context":0.0,"traffic_delta_2016":0.025,"jobs_delta_2016":0.011,"electricity_delta_2016":0.048,"buildings_delta_2016":0.065,"services_delta_2016":0.008,"traffic_delta_previous":0.014,"jobs_delta_previous":0.005,"electricity_delta_previous":0.025,"buildings_delta_previous":0.034,"services_delta_previous":0.004,"dominant_metric":"buildings","dominant_change":"appeared","confidence":"medium","evidence":["OSM building footprints and replay-first-visible-year profile","Planning/development-zone pressure proxy","Sentinel/Landsat NDBI source availability","Local raster evidence for 2018: ndbi, ndvi, rgb"]},"geometry":{"type":"Polygon","coordinates":[[[-6.011818,54.584286],[-5.998182,54.584286],[-5.998182,54.597143],[-6.011818,54.597143],[-6.011818,54.584286]]]}},{"type":"Feature","id":"belfast_05_06_2018","properties":{"cell_id":"belfast_05_06","year":2018,"row":5,"col":6,"traffic":0.291,"jobs":0.208,"electricity":0.379,"buildings":0.345,"services":0.229,"development_pressure":0.3,"green_cover":0.674,"bike_access":0.168,"transit_access":0.401,"traffic_pressure":0.272,"planning_intensity":0.139,"deprivation_weight":0.698,"bike_trip_index":0.306,"tree_canopy_context":1.0,"civic_service_context":0.2,"traffic_delta_2016":0.026,"jobs_delta_2016":0.012,"electricity_delta_2016":0.047,"buildings_delta_2016":0.065,"services_delta_2016":0.008,"traffic_delta_previous":0.015,"jobs_delta_previous":0.006,"electricity_delta_previous":0.024,"buildings_delta_previous":0.034,"services_delta_previous":0.004,"dominant_metric":"buildings","dominant_change":"appeared","confidence":"medium","evidence":["OSM building footprints and replay-first-visible-year profile","Planning/development-zone pressure proxy","Sentinel/Landsat NDBI source availability","Local raster evidence for 2018: ndbi, ndvi, rgb"]},"geometry":{"type":"Polygon","coordinates":[[[-5.998182,54.584286],[-5.984546,54.584286],[-5.984546,54.597143],[-5.998182,54.597143],[-5.998182,54.584286]]]}},{"type":"Feature","id":"belfast_05_07_2018","properties":{"cell_id":"belfast_05_07","year":2018,"row":5,"col":7,"traffic":0.359,"jobs":0.361,"electricity":0.474,"buildings":0.412,"services":0.346,"development_pressure":0.381,"green_cover":0.631,"bike_access":0.267,"transit_access":0.539,"traffic_pressure":0.362,"planning_intensity":0.193,"deprivation_weight":0.807,"bike_trip_index":0.306,"tree_canopy_context":1.0,"civic_service_context":0.2,"traffic_delta_2016":0.027,"jobs_delta_2016":0.013,"electricity_delta_2016":0.045,"buildings_delta_2016":0.067,"services_delta_2016":0.008,"traffic_delta_previous":0.015,"jobs_delta_previous":0.006,"electricity_delta_previous":0.023,"buildings_delta_previous":0.034,"services_delta_previous":0.004,"dominant_metric":"buildings","dominant_change":"appeared","confidence":"medium","evidence":["OSM building footprints and replay-first-visible-year profile","Planning/development-zone pressure proxy","Sentinel/Landsat NDBI source availability","Local raster evidence for 2018: ndbi, ndvi, rgb"]},"geometry":{"type":"Polygon","coordinates":[[[-5.984545,54.584286],[-5.970909,54.584286],[-5.970909,54.597143],[-5.984545,54.597143],[-5.984545,54.584286]]]}},{"type":"Feature","id":"belfast_05_08_2018","properties":{"cell_id":"belfast_05_08","year":2018,"row":5,"col":8,"traffic":0.432,"jobs":0.526,"electricity":0.57,"buildings":0.477,"services":0.506,"development_pressure":0.46,"green_cover":0.603,"bike_access":0.353,"transit_access":0.677,"traffic_pressure":0.456,"planning_intensity":0.249,"deprivation_weight":0.754,"bike_trip_index":0.306,"tree_canopy_context":1.0,"civic_service_context":0.4,"traffic_delta_2016":0.029,"jobs_delta_2016":0.014,"electricity_delta_2016":0.045,"buildings_delta_2016":0.07,"services_delta_2016":0.008,"traffic_delta_previous":0.015,"jobs_delta_previous":0.007,"electricity_delta_previous":0.023,"buildings_delta_previous":0.036,"services_delta_previous":0.004,"dominant_metric":"buildings","dominant_change":"appeared","confidence":"medium","evidence":["OSM building footprints and replay-first-visible-year profile","Planning/development-zone pressure proxy","Sentinel/Landsat NDBI source availability","Local raster evidence for 2018: ndbi, ndvi, rgb"]},"geometry":{"type":"Polygon","coordinates":[[[-5.970909,54.584286],[-5.957273,54.584286],[-5.957273,54.597143],[-5.970909,54.597143],[-5.970909,54.584286]]]}},{"type":"Feature","id":"belfast_05_09_2018","properties":{"cell_id":"belfast_05_09","year":2018,"row":5,"col":9,"traffic":0.496,"jobs":0.703,"electricity":0.663,"buildings":0.544,"services":0.742,"development_pressure":0.531,"green_cover":0.649,"bike_access":0.446,"transit_access":0.771,"traffic_pressure":0.54,"planning_intensity":0.344,"deprivation_weight":0.6,"bike_trip_index":0.306,"tree_canopy_context":1.0,"civic_service_context":1.0,"traffic_delta_2016":0.028,"jobs_delta_2016":0.014,"electricity_delta_2016":0.047,"buildings_delta_2016":0.075,"services_delta_2016":0.008,"traffic_delta_previous":0.014,"jobs_delta_previous":0.007,"electricity_delta_previous":0.024,"buildings_delta_previous":0.039,"services_delta_previous":0.004,"dominant_metric":"buildings","dominant_change":"appeared","confidence":"medium","evidence":["OSM building footprints and replay-first-visible-year profile","Planning/development-zone pressure proxy","Sentinel/Landsat NDBI source availability","Local raster evidence for 2018: ndbi, ndvi, rgb"]},"geometry":{"type":"Polygon","coordinates":[[[-5.957273,54.584286],[-5.943637,54.584286],[-5.943637,54.597143],[-5.957273,54.597143],[-5.957273,54.584286]]]}},{"type":"Feature","id":"belfast_05_10_2018","properties":{"cell_id":"belfast_05_10","year":2018,"row":5,"col":10,"traffic":0.567,"jobs":0.761,"electricity":0.721,"buildings":0.604,"services":0.765,"development_pressure":0.593,"green_cover":0.729,"bike_access":0.455,"transit_access":0.726,"traffic_pressure":0.618,"planning_intensity":0.447,"deprivation_weight":0.523,"bike_trip_index":0.306,"tree_canopy_context":1.0,"civic_service_context":1.0,"traffic_delta_2016":0.029,"jobs_delta_2016":0.015,"electricity_delta_2016":0.051,"buildings_delta_2016":0.085,"services_delta_2016":0.008,"traffic_delta_previous":0.016,"jobs_delta_previous":0.008,"electricity_delta_previous":0.027,"buildings_delta_previous":0.045,"services_delta_previous":0.004,"dominant_metric":"buildings","dominant_change":"appeared","confidence":"medium","evidence":["OSM building footprints and replay-first-visible-year profile","Planning/development-zone pressure proxy","Sentinel/Landsat NDBI source availability","Local raster evidence for 2018: ndbi, ndvi, rgb"]},"geometry":{"type":"Polygon","coordinates":[[[-5.943636,54.584286],[-5.93,54.584286],[-5.93,54.597143],[-5.943636,54.597143],[-5.943636,54.584286]]]}},{"type":"Feature","id":"belfast_05_11_2018","properties":{"cell_id":"belfast_05_11","year":2018,"row":5,"col":11,"traffic":0.565,"jobs":0.767,"electricity":0.725,"buildings":0.608,"services":0.771,"development_pressure":0.599,"green_cover":0.788,"bike_access":0.455,"transit_access":0.737,"traffic_pressure":0.616,"planning_intensity":0.469,"deprivation_weight":0.393,"bike_trip_index":0.306,"tree_canopy_context":1.0,"civic_service_context":1.0,"traffic_delta_2016":0.032,"jobs_delta_2016":0.015,"electricity_delta_2016":0.058,"buildings_delta_2016":0.094,"services_delta_2016":0.008,"traffic_delta_previous":0.018,"jobs_delta_previous":0.007,"electricity_delta_previous":0.031,"buildings_delta_previous":0.05,"services_delta_previous":0.004,"dominant_metric":"buildings","dominant_change":"appeared","confidence":"medium","evidence":["OSM building footprints and replay-first-visible-year profile","Planning/development-zone pressure proxy","Sentinel/Landsat NDBI source availability","Local raster evidence for 2018: ndbi, ndvi, rgb"]},"geometry":{"type":"Polygon","coordinates":[[[-5.93,54.584286],[-5.916364,54.584286],[-5.916364,54.597143],[-5.93,54.597143],[-5.93,54.584286]]]}},{"type":"Feature","id":"belfast_05_12_2018","properties":{"cell_id":"belfast_05_12","year":2018,"row":5,"col":12,"traffic":0.544,"jobs":0.734,"electricity":0.702,"buildings":0.59,"services":0.749,"development_pressure":0.601,"green_cover":0.718,"bike_access":0.446,"transit_access":0.697,"traffic_pressure":0.584,"planning_intensity":0.419,"deprivation_weight":0.268,"bike_trip_index":0.306,"tree_canopy_context":1.0,"civic_service_context":1.0,"traffic_delta_2016":0.039,"jobs_delta_2016":0.015,"electricity_delta_2016":0.063,"buildings_delta_2016":0.107,"services_delta_2016":0.008,"traffic_delta_previous":0.022,"jobs_delta_previous":0.008,"electricity_delta_previous":0.034,"buildings_delta_previous":0.058,"services_delta_previous":0.004,"dominant_metric":"buildings","dominant_change":"appeared","confidence":"medium","evidence":["OSM building footprints and replay-first-visible-year profile","Planning/development-zone pressure proxy","Sentinel/Landsat NDBI source availability","Local raster evidence for 2018: ndbi, ndvi, rgb"]},"geometry":{"type":"Polygon","coordinates":[[[-5.916364,54.584286],[-5.902728,54.584286],[-5.902728,54.597143],[-5.916364,54.597143],[-5.916364,54.584286]]]}},{"type":"Feature","id":"belfast_05_13_2018","properties":{"cell_id":"belfast_05_13","year":2018,"row":5,"col":13,"traffic":0.484,"jobs":0.587,"electricity":0.618,"buildings":0.524,"services":0.604,"development_pressure":0.539,"green_cover":0.682,"bike_access":0.37,"transit_access":0.58,"traffic_pressure":0.506,"planning_intensity":0.317,"deprivation_weight":0.278,"bike_trip_index":0.306,"tree_canopy_context":1.0,"civic_service_context":0.8,"traffic_delta_2016":0.042,"jobs_delta_2016":0.014,"electricity_delta_2016":0.063,"buildings_delta_2016":0.107,"services_delta_2016":0.008,"traffic_delta_previous":0.023,"jobs_delta_previous":0.007,"electricity_delta_previous":0.033,"buildings_delta_previous":0.057,"services_delta_previous":0.004,"dominant_metric":"buildings","dominant_change":"appeared","confidence":"medium","evidence":["OSM building footprints and replay-first-visible-year profile","Planning/development-zone pressure proxy","Sentinel/Landsat NDBI source availability","Local raster evidence for 2018: ndbi, ndvi, rgb"]},"geometry":{"type":"Polygon","coordinates":[[[-5.902727,54.584286],[-5.889091,54.584286],[-5.889091,54.597143],[-5.902727,54.597143],[-5.902727,54.584286]]]}},{"type":"Feature","id":"belfast_05_14_2018","properties":{"cell_id":"belfast_05_14","year":2018,"row":5,"col":14,"traffic":0.431,"jobs":0.431,"electricity":0.534,"buildings":0.48,"services":0.455,"development_pressure":0.483,"green_cover":0.618,"bike_access":0.293,"transit_access":0.469,"traffic_pressure":0.434,"planning_intensity":0.278,"deprivation_weight":0.237,"bike_trip_index":0.306,"tree_canopy_context":1.0,"civic_service_context":0.6,"traffic_delta_2016":0.041,"jobs_delta_2016":0.013,"electricity_delta_2016":0.06,"buildings_delta_2016":0.099,"services_delta_2016":0.008,"traffic_delta_previous":0.022,"jobs_delta_previous":0.007,"electricity_delta_previous":0.031,"buildings_delta_previous":0.051,"services_delta_previous":0.004,"dominant_metric":"buildings","dominant_change":"appeared","confidence":"medium","evidence":["OSM building footprints and replay-first-visible-year profile","Planning/development-zone pressure proxy","Sentinel/Landsat NDBI source availability","Local raster evidence for 2018: ndbi, ndvi, rgb"]},"geometry":{"type":"Polygon","coordinates":[[[-5.889091,54.584286],[-5.875455,54.584286],[-5.875455,54.597143],[-5.889091,54.597143],[-5.889091,54.584286]]]}},{"type":"Feature","id":"belfast_05_15_2018","properties":{"cell_id":"belfast_05_15","year":2018,"row":5,"col":15,"traffic":0.372,"jobs":0.297,"electricity":0.452,"buildings":0.425,"services":0.315,"development_pressure":0.413,"green_cover":0.605,"bike_access":0.195,"transit_access":0.349,"traffic_pressure":0.355,"planning_intensity":0.233,"deprivation_weight":0.152,"bike_trip_index":0.306,"tree_canopy_context":1.0,"civic_service_context":0.4,"traffic_delta_2016":0.033,"jobs_delta_2016":0.012,"electricity_delta_2016":0.053,"buildings_delta_2016":0.083,"services_delta_2016":0.008,"traffic_delta_previous":0.016,"jobs_delta_previous":0.006,"electricity_delta_previous":0.027,"buildings_delta_previous":0.041,"services_delta_previous":0.004,"dominant_metric":"buildings","dominant_change":"appeared","confidence":"medium","evidence":["OSM building footprints and replay-first-visible-year profile","Planning/development-zone pressure proxy","Sentinel/Landsat NDBI source availability","Local raster evidence for 2018: ndbi, ndvi, rgb"]},"geometry":{"type":"Polygon","coordinates":[[[-5.875455,54.584286],[-5.861819,54.584286],[-5.861819,54.597143],[-5.875455,54.597143],[-5.875455,54.584286]]]}},{"type":"Feature","id":"belfast_05_16_2018","properties":{"cell_id":"belfast_05_16","year":2018,"row":5,"col":16,"traffic":0.3,"jobs":0.132,"electricity":0.352,"buildings":0.349,"services":0.118,"development_pressure":0.313,"green_cover":0.622,"bike_access":0.093,"transit_access":0.221,"traffic_pressure":0.264,"planning_intensity":0.17,"deprivation_weight":0.034,"bike_trip_index":0.306,"tree_canopy_context":1.0,"civic_service_context":0.0,"traffic_delta_2016":0.023,"jobs_delta_2016":0.011,"electricity_delta_2016":0.043,"buildings_delta_2016":0.059,"services_delta_2016":0.008,"traffic_delta_previous":0.011,"jobs_delta_previous":0.006,"electricity_delta_previous":0.022,"buildings_delta_previous":0.029,"services_delta_previous":0.004,"dominant_metric":"buildings","dominant_change":"appeared","confidence":"medium","evidence":["OSM building footprints and replay-first-visible-year profile","Planning/development-zone pressure proxy","Sentinel/Landsat NDBI source availability","Local raster evidence for 2018: ndbi, ndvi, rgb"]},"geometry":{"type":"Polygon","coordinates":[[[-5.861818,54.584286],[-5.848182,54.584286],[-5.848182,54.597143],[-5.861818,54.597143],[-5.861818,54.584286]]]}},{"type":"Feature","id":"belfast_05_17_2018","properties":{"cell_id":"belfast_05_17","year":2018,"row":5,"col":17,"traffic":0.208,"jobs":0.053,"electricity":0.268,"buildings":0.264,"services":0.066,"development_pressure":0.197,"green_cover":0.648,"bike_access":0.05,"transit_access":0.18,"traffic_pressure":0.158,"planning_intensity":0.095,"deprivation_weight":0.0,"bike_trip_index":0.306,"tree_canopy_context":1.0,"civic_service_context":0.0,"traffic_delta_2016":0.014,"jobs_delta_2016":0.01,"electricity_delta_2016":0.034,"buildings_delta_2016":0.038,"services_delta_2016":0.008,"traffic_delta_previous":0.007,"jobs_delta_previous":0.005,"electricity_delta_previous":0.018,"buildings_delta_previous":0.02,"services_delta_previous":0.004,"dominant_metric":"buildings","dominant_change":"appeared","confidence":"medium","evidence":["OSM building footprints and replay-first-visible-year profile","Planning/development-zone pressure proxy","Sentinel/Landsat NDBI source availability","Local raster evidence for 2018: ndbi, ndvi, rgb"]},"geometry":{"type":"Polygon","coordinates":[[[-5.848182,54.584286],[-5.834546,54.584286],[-5.834546,54.597143],[-5.848182,54.597143],[-5.848182,54.584286]]]}},{"type":"Feature","id":"belfast_05_18_2018","properties":{"cell_id":"belfast_05_18","year":2018,"row":5,"col":18,"traffic":0.191,"jobs":0.053,"electricity":0.255,"buildings":0.239,"services":0.066,"development_pressure":0.158,"green_cover":0.662,"bike_access":0.05,"transit_access":0.18,"traffic_pressure":0.143,"planning_intensity":0.071,"deprivation_weight":0.0,"bike_trip_index":0.306,"tree_canopy_context":1.0,"civic_service_context":0.0,"traffic_delta_2016":0.013,"jobs_delta_2016":0.01,"electricity_delta_2016":0.032,"buildings_delta_2016":0.035,"services_delta_2016":0.008,"traffic_delta_previous":0.008,"jobs_delta_previous":0.005,"electricity_delta_previous":0.018,"buildings_delta_previous":0.02,"services_delta_previous":0.004,"dominant_metric":"buildings","dominant_change":"appeared","confidence":"medium","evidence":["OSM building footprints and replay-first-visible-year profile","Planning/development-zone pressure proxy","Sentinel/Landsat NDBI source availability","Local raster evidence for 2018: ndbi, ndvi, rgb"]},"geometry":{"type":"Polygon","coordinates":[[[-5.834545,54.584286],[-5.820909,54.584286],[-5.820909,54.597143],[-5.834545,54.597143],[-5.834545,54.584286]]]}},{"type":"Feature","id":"belfast_05_19_2018","properties":{"cell_id":"belfast_05_19","year":2018,"row":5,"col":19,"traffic":0.189,"jobs":0.053,"electricity":0.251,"buildings":0.232,"services":0.066,"development_pressure":0.143,"green_cover":0.645,"bike_access":0.05,"transit_access":0.18,"traffic_pressure":0.142,"planning_intensity":0.063,"deprivation_weight":0.0,"bike_trip_index":0.306,"tree_canopy_context":1.0,"civic_service_context":0.0,"traffic_delta_2016":0.018,"jobs_delta_2016":0.01,"electricity_delta_2016":0.036,"buildings_delta_2016":0.044,"services_delta_2016":0.008,"traffic_delta_previous":0.012,"jobs_delta_previous":0.005,"electricity_delta_previous":0.02,"buildings_delta_previous":0.026,"services_delta_previous":0.004,"dominant_metric":"buildings","dominant_change":"appeared","confidence":"medium","evidence":["OSM building footprints and replay-first-visible-year profile","Planning/development-zone pressure proxy","Sentinel/Landsat NDBI source availability","Local raster evidence for 2018: ndbi, ndvi, rgb"]},"geometry":{"type":"Polygon","coordinates":[[[-5.820909,54.584286],[-5.807273,54.584286],[-5.807273,54.597143],[-5.820909,54.597143],[-5.820909,54.584286]]]}},{"type":"Feature","id":"belfast_05_20_2018","properties":{"cell_id":"belfast_05_20","year":2018,"row":5,"col":20,"traffic":0.211,"jobs":0.053,"electricity":0.255,"buildings":0.253,"services":0.066,"development_pressure":0.144,"green_cover":0.353,"bike_access":0.05,"transit_access":0.18,"traffic_pressure":0.168,"planning_intensity":0.064,"deprivation_weight":0.0,"bike_trip_index":0.306,"tree_canopy_context":0.129,"civic_service_context":0.0,"traffic_delta_2016":0.026,"jobs_delta_2016":0.01,"electricity_delta_2016":0.042,"buildings_delta_2016":0.056,"services_delta_2016":0.008,"traffic_delta_previous":0.015,"jobs_delta_previous":0.005,"electricity_delta_previous":0.023,"buildings_delta_previous":0.032,"services_delta_previous":0.004,"dominant_metric":"buildings","dominant_change":"appeared","confidence":"medium","evidence":["OSM building footprints and replay-first-visible-year profile","Planning/development-zone pressure proxy","Sentinel/Landsat NDBI source availability","Local raster evidence for 2018: ndbi, ndvi, rgb"]},"geometry":{"type":"Polygon","coordinates":[[[-5.807273,54.584286],[-5.793637,54.584286],[-5.793637,54.597143],[-5.807273,54.597143],[-5.807273,54.584286]]]}},{"type":"Feature","id":"belfast_05_21_2018","properties":{"cell_id":"belfast_05_21","year":2018,"row":5,"col":21,"traffic":0.217,"jobs":0.053,"electricity":0.26,"buildings":0.265,"services":0.066,"development_pressure":0.161,"green_cover":0.315,"bike_access":0.05,"transit_access":0.18,"traffic_pressure":0.174,"planning_intensity":0.072,"deprivation_weight":0.0,"bike_trip_index":0.306,"tree_canopy_context":0.047,"civic_service_context":0.0,"traffic_delta_2016":0.029,"jobs_delta_2016":0.01,"electricity_delta_2016":0.047,"buildings_delta_2016":0.066,"services_delta_2016":0.008,"traffic_delta_previous":0.015,"jobs_delta_previous":0.005,"electricity_delta_previous":0.025,"buildings_delta_previous":0.035,"services_delta_previous":0.004,"dominant_metric":"buildings","dominant_change":"appeared","confidence":"medium","evidence":["OSM building footprints and replay-first-visible-year profile","Planning/development-zone pressure proxy","Sentinel/Landsat NDBI source availability","Local raster evidence for 2018: ndbi, ndvi, rgb"]},"geometry":{"type":"Polygon","coordinates":[[[-5.793636,54.584286],[-5.78,54.584286],[-5.78,54.597143],[-5.793636,54.597143],[-5.793636,54.584286]]]}},{"type":"Feature","id":"belfast_06_00_2018","properties":{"cell_id":"belfast_06_00","year":2018,"row":6,"col":0,"traffic":0.211,"jobs":0.053,"electricity":0.255,"buildings":0.253,"services":0.066,"development_pressure":0.144,"green_cover":0.347,"bike_access":0.05,"transit_access":0.18,"traffic_pressure":0.169,"planning_intensity":0.064,"deprivation_weight":0.0,"bike_trip_index":0.306,"tree_canopy_context":0.0,"civic_service_context":0.0,"traffic_delta_2016":0.022,"jobs_delta_2016":0.01,"electricity_delta_2016":0.041,"buildings_delta_2016":0.052,"services_delta_2016":0.008,"traffic_delta_previous":0.014,"jobs_delta_previous":0.005,"electricity_delta_previous":0.023,"buildings_delta_previous":0.03,"services_delta_previous":0.004,"dominant_metric":"buildings","dominant_change":"appeared","confidence":"medium","evidence":["OSM building footprints and replay-first-visible-year profile","Planning/development-zone pressure proxy","Sentinel/Landsat NDBI source availability","Local raster evidence for 2018: ndbi, ndvi, rgb"]},"geometry":{"type":"Polygon","coordinates":[[[-6.08,54.597143],[-6.066364,54.597143],[-6.066364,54.61],[-6.08,54.61],[-6.08,54.597143]]]}},{"type":"Feature","id":"belfast_06_01_2018","properties":{"cell_id":"belfast_06_01","year":2018,"row":6,"col":1,"traffic":0.217,"jobs":0.053,"electricity":0.26,"buildings":0.265,"services":0.066,"development_pressure":0.16,"green_cover":0.315,"bike_access":0.05,"transit_access":0.18,"traffic_pressure":0.174,"planning_intensity":0.071,"deprivation_weight":0.0,"bike_trip_index":0.306,"tree_canopy_context":0.0,"civic_service_context":0.0,"traffic_delta_2016":0.029,"jobs_delta_2016":0.01,"electricity_delta_2016":0.047,"buildings_delta_2016":0.067,"services_delta_2016":0.008,"traffic_delta_previous":0.017,"jobs_delta_previous":0.005,"electricity_delta_previous":0.026,"buildings_delta_previous":0.037,"services_delta_previous":0.004,"dominant_metric":"buildings","dominant_change":"appeared","confidence":"medium","evidence":["OSM building footprints and replay-first-visible-year profile","Planning/development-zone pressure proxy","Sentinel/Landsat NDBI source availability","Local raster evidence for 2018: ndbi, ndvi, rgb"]},"geometry":{"type":"Polygon","coordinates":[[[-6.066364,54.597143],[-6.052728,54.597143],[-6.052728,54.61],[-6.066364,54.61],[-6.066364,54.597143]]]}},{"type":"Feature","id":"belfast_06_02_2018","properties":{"cell_id":"belfast_06_02","year":2018,"row":6,"col":2,"traffic":0.224,"jobs":0.053,"electricity":0.267,"buildings":0.279,"services":0.066,"development_pressure":0.183,"green_cover":0.296,"bike_access":0.05,"transit_access":0.18,"traffic_pressure":0.18,"planning_intensity":0.083,"deprivation_weight":0.0,"bike_trip_index":0.306,"tree_canopy_context":0.0,"civic_service_context":0.0,"traffic_delta_2016":0.032,"jobs_delta_2016":0.01,"electricity_delta_2016":0.05,"buildings_delta_2016":0.071,"services_delta_2016":0.008,"traffic_delta_previous":0.017,"jobs_delta_previous":0.005,"electricity_delta_previous":0.026,"buildings_delta_previous":0.037,"services_delta_previous":0.004,"dominant_metric":"buildings","dominant_change":"appeared","confidence":"medium","evidence":["OSM building footprints and replay-first-visible-year profile","Planning/development-zone pressure proxy","Sentinel/Landsat NDBI source availability","Local raster evidence for 2018: ndbi, ndvi, rgb"]},"geometry":{"type":"Polygon","coordinates":[[[-6.052727,54.597143],[-6.039091,54.597143],[-6.039091,54.61],[-6.052727,54.61],[-6.052727,54.597143]]]}},{"type":"Feature","id":"belfast_06_03_2018","properties":{"cell_id":"belfast_06_03","year":2018,"row":6,"col":3,"traffic":0.226,"jobs":0.053,"electricity":0.273,"buildings":0.289,"services":0.066,"development_pressure":0.204,"green_cover":0.328,"bike_access":0.05,"transit_access":0.18,"traffic_pressure":0.18,"planning_intensity":0.094,"deprivation_weight":0.036,"bike_trip_index":0.306,"tree_canopy_context":0.0,"civic_service_context":0.0,"traffic_delta_2016":0.028,"jobs_delta_2016":0.01,"electricity_delta_2016":0.049,"buildings_delta_2016":0.068,"services_delta_2016":0.008,"traffic_delta_previous":0.013,"jobs_delta_previous":0.005,"electricity_delta_previous":0.025,"buildings_delta_previous":0.034,"services_delta_previous":0.004,"dominant_metric":"buildings","dominant_change":"appeared","confidence":"medium","evidence":["OSM building footprints and replay-first-visible-year profile","Planning/development-zone pressure proxy","Sentinel/Landsat NDBI source availability","Local raster evidence for 2018: ndbi, ndvi, rgb"]},"geometry":{"type":"Polygon","coordinates":[[[-6.039091,54.597143],[-6.025455,54.597143],[-6.025455,54.61],[-6.039091,54.61],[-6.039091,54.597143]]]}},{"type":"Feature","id":"belfast_06_04_2018","properties":{"cell_id":"belfast_06_04","year":2018,"row":6,"col":4,"traffic":0.219,"jobs":0.053,"electricity":0.274,"buildings":0.284,"services":0.066,"development_pressure":0.212,"green_cover":0.46,"bike_access":0.05,"transit_access":0.18,"traffic_pressure":0.17,"planning_intensity":0.097,"deprivation_weight":0.196,"bike_trip_index":0.306,"tree_canopy_context":0.0,"civic_service_context":0.0,"traffic_delta_2016":0.022,"jobs_delta_2016":0.01,"electricity_delta_2016":0.044,"buildings_delta_2016":0.056,"services_delta_2016":0.008,"traffic_delta_previous":0.011,"jobs_delta_previous":0.005,"electricity_delta_previous":0.023,"buildings_delta_previous":0.028,"services_delta_previous":0.004,"dominant_metric":"buildings","dominant_change":"appeared","confidence":"medium","evidence":["OSM building footprints and replay-first-visible-year profile","Planning/development-zone pressure proxy","Sentinel/Landsat NDBI source availability","Local raster evidence for 2018: ndbi, ndvi, rgb"]},"geometry":{"type":"Polygon","coordinates":[[[-6.025455,54.597143],[-6.011819,54.597143],[-6.011819,54.61],[-6.025455,54.61],[-6.025455,54.597143]]]}},{"type":"Feature","id":"belfast_06_05_2018","properties":{"cell_id":"belfast_06_05","year":2018,"row":6,"col":5,"traffic":0.246,"jobs":0.087,"electricity":0.303,"buildings":0.292,"services":0.089,"development_pressure":0.222,"green_cover":0.582,"bike_access":0.062,"transit_access":0.227,"traffic_pressure":0.208,"planning_intensity":0.093,"deprivation_weight":0.336,"bike_trip_index":0.306,"tree_canopy_context":0.0,"civic_service_context":0.0,"traffic_delta_2016":0.017,"jobs_delta_2016":0.011,"electricity_delta_2016":0.038,"buildings_delta_2016":0.045,"services_delta_2016":0.008,"traffic_delta_previous":0.009,"jobs_delta_previous":0.005,"electricity_delta_previous":0.019,"buildings_delta_previous":0.023,"services_delta_previous":0.004,"dominant_metric":"buildings","dominant_change":"appeared","confidence":"medium","evidence":["OSM building footprints and replay-first-visible-year profile","Planning/development-zone pressure proxy","Sentinel/Landsat NDBI source availability","Local raster evidence for 2018: ndbi, ndvi, rgb"]},"geometry":{"type":"Polygon","coordinates":[[[-6.011818,54.597143],[-5.998182,54.597143],[-5.998182,54.61],[-6.011818,54.61],[-6.011818,54.597143]]]}},{"type":"Feature","id":"belfast_06_06_2018","properties":{"cell_id":"belfast_06_06","year":2018,"row":6,"col":6,"traffic":0.293,"jobs":0.142,"electricity":0.349,"buildings":0.323,"services":0.137,"development_pressure":0.262,"green_cover":0.669,"bike_access":0.093,"transit_access":0.355,"traffic_pressure":0.273,"planning_intensity":0.117,"deprivation_weight":0.472,"bike_trip_index":0.306,"tree_canopy_context":0.2,"civic_service_context":0.0,"traffic_delta_2016":0.017,"jobs_delta_2016":0.012,"electricity_delta_2016":0.036,"buildings_delta_2016":0.044,"services_delta_2016":0.008,"traffic_delta_previous":0.01,"jobs_delta_previous":0.006,"electricity_delta_previous":0.019,"buildings_delta_previous":0.024,"services_delta_previous":0.004,"dominant_metric":"buildings","dominant_change":"appeared","confidence":"medium","evidence":["OSM building footprints and replay-first-visible-year profile","Planning/development-zone pressure proxy","Sentinel/Landsat NDBI source availability","Local raster evidence for 2018: ndbi, ndvi, rgb"]},"geometry":{"type":"Polygon","coordinates":[[[-5.998182,54.597143],[-5.984546,54.597143],[-5.984546,54.61],[-5.998182,54.61],[-5.998182,54.597143]]]}},{"type":"Feature","id":"belfast_06_07_2018","properties":{"cell_id":"belfast_06_07","year":2018,"row":6,"col":7,"traffic":0.368,"jobs":0.314,"electricity":0.446,"buildings":0.386,"services":0.333,"development_pressure":0.341,"green_cover":0.678,"bike_access":0.165,"transit_access":0.473,"traffic_pressure":0.368,"planning_intensity":0.174,"deprivation_weight":0.664,"bike_trip_index":0.306,"tree_canopy_context":1.0,"civic_service_context":0.4,"traffic_delta_2016":0.023,"jobs_delta_2016":0.013,"electricity_delta_2016":0.039,"buildings_delta_2016":0.056,"services_delta_2016":0.008,"traffic_delta_previous":0.013,"jobs_delta_previous":0.007,"electricity_delta_previous":0.021,"buildings_delta_previous":0.031,"services_delta_previous":0.004,"dominant_metric":"buildings","dominant_change":"appeared","confidence":"medium","evidence":["OSM building footprints and replay-first-visible-year profile","Planning/development-zone pressure proxy","Sentinel/Landsat NDBI source availability","Local raster evidence for 2018: ndbi, ndvi, rgb"]},"geometry":{"type":"Polygon","coordinates":[[[-5.984545,54.597143],[-5.970909,54.597143],[-5.970909,54.61],[-5.984545,54.61],[-5.984545,54.597143]]]}},{"type":"Feature","id":"belfast_06_08_2018","properties":{"cell_id":"belfast_06_08","year":2018,"row":6,"col":8,"traffic":0.452,"jobs":0.486,"electricity":0.547,"buildings":0.455,"services":0.524,"development_pressure":0.427,"green_cover":0.649,"bike_access":0.213,"transit_access":0.57,"traffic_pressure":0.471,"planning_intensity":0.234,"deprivation_weight":0.845,"bike_trip_index":0.306,"tree_canopy_context":1.0,"civic_service_context":0.8,"traffic_delta_2016":0.03,"jobs_delta_2016":0.014,"electricity_delta_2016":0.046,"buildings_delta_2016":0.073,"services_delta_2016":0.008,"traffic_delta_previous":0.017,"jobs_delta_previous":0.007,"electricity_delta_previous":0.025,"buildings_delta_previous":0.039,"services_delta_previous":0.004,"dominant_metric":"buildings","dominant_change":"appeared","confidence":"medium","evidence":["OSM building footprints and replay-first-visible-year profile","Planning/development-zone pressure proxy","Sentinel/Landsat NDBI source availability","Local raster evidence for 2018: ndbi, ndvi, rgb"]},"geometry":{"type":"Polygon","coordinates":[[[-5.970909,54.597143],[-5.957273,54.597143],[-5.957273,54.61],[-5.970909,54.61],[-5.970909,54.597143]]]}},{"type":"Feature","id":"belfast_06_09_2018","properties":{"cell_id":"belfast_06_09","year":2018,"row":6,"col":9,"traffic":0.508,"jobs":0.642,"electricity":0.646,"buildings":0.534,"services":0.686,"development_pressure":0.525,"green_cover":0.678,"bike_access":0.446,"transit_access":0.654,"traffic_pressure":0.549,"planning_intensity":0.326,"deprivation_weight":0.894,"bike_trip_index":0.306,"tree_canopy_context":1.0,"civic_service_context":1.0,"traffic_delta_2016":0.034,"jobs_delta_2016":0.015,"electricity_delta_2016":0.055,"buildings_delta_2016":0.091,"services_delta_2016":0.008,"traffic_delta_previous":0.018,"jobs_delta_previous":0.008,"electricity_delta_previous":0.03,"buildings_delta_previous":0.048,"services_delta_previous":0.004,"dominant_metric":"buildings","dominant_change":"appeared","confidence":"medium","evidence":["OSM building footprints and replay-first-visible-year profile","Planning/development-zone pressure proxy","Sentinel/Landsat NDBI source availability","Local raster evidence for 2018: ndbi, ndvi, rgb"]},"geometry":{"type":"Polygon","coordinates":[[[-5.957273,54.597143],[-5.943637,54.597143],[-5.943637,54.61],[-5.957273,54.61],[-5.957273,54.597143]]]}},{"type":"Feature","id":"belfast_06_10_2018","properties":{"cell_id":"belfast_06_10","year":2018,"row":6,"col":10,"traffic":0.577,"jobs":0.768,"electricity":0.733,"buildings":0.618,"services":0.777,"development_pressure":0.625,"green_cover":0.731,"bike_access":0.456,"transit_access":0.772,"traffic_pressure":0.63,"planning_intensity":0.448,"deprivation_weight":0.726,"bike_trip_index":0.306,"tree_canopy_context":1.0,"civic_service_context":1.0,"traffic_delta_2016":0.038,"jobs_delta_2016":0.015,"electricity_delta_2016":0.063,"buildings_delta_2016":0.107,"services_delta_2016":0.008,"traffic_delta_previous":0.02,"jobs_delta_previous":0.008,"electricity_delta_previous":0.033,"buildings_delta_previous":0.056,"services_delta_previous":0.004,"dominant_metric":"buildings","dominant_change":"appeared","confidence":"medium","evidence":["OSM building footprints and replay-first-visible-year profile","Planning/development-zone pressure proxy","Sentinel/Landsat NDBI source availability","Local raster evidence for 2018: ndbi, ndvi, rgb"]},"geometry":{"type":"Polygon","coordinates":[[[-5.943636,54.597143],[-5.93,54.597143],[-5.93,54.61],[-5.943636,54.61],[-5.943636,54.597143]]]}},{"type":"Feature","id":"belfast_06_11_2018","properties":{"cell_id":"belfast_06_11","year":2018,"row":6,"col":11,"traffic":0.59,"jobs":0.818,"electricity":0.762,"buildings":0.645,"services":0.8,"development_pressure":0.656,"green_cover":0.757,"bike_access":0.456,"transit_access":0.719,"traffic_pressure":0.639,"planning_intensity":0.505,"deprivation_weight":0.571,"bike_trip_index":0.306,"tree_canopy_context":1.0,"civic_service_context":1.0,"traffic_delta_2016":0.039,"jobs_delta_2016":0.015,"electricity_delta_2016":0.066,"buildings_delta_2016":0.112,"services_delta_2016":0.008,"traffic_delta_previous":0.021,"jobs_delta_previous":0.007,"electricity_delta_previous":0.034,"buildings_delta_previous":0.058,"services_delta_previous":0.004,"dominant_metric":"buildings","dominant_change":"appeared","confidence":"medium","evidence":["OSM building footprints and replay-first-visible-year profile","Planning/development-zone pressure proxy","Sentinel/Landsat NDBI source availability","Local raster evidence for 2018: ndbi, ndvi, rgb"]},"geometry":{"type":"Polygon","coordinates":[[[-5.93,54.597143],[-5.916364,54.597143],[-5.916364,54.61],[-5.93,54.61],[-5.93,54.597143]]]}},{"type":"Feature","id":"belfast_06_12_2018","properties":{"cell_id":"belfast_06_12","year":2018,"row":6,"col":12,"traffic":0.572,"jobs":0.76,"electricity":0.735,"buildings":0.644,"services":0.777,"development_pressure":0.683,"green_cover":0.715,"bike_access":0.446,"transit_access":0.778,"traffic_pressure":0.614,"planning_intensity":0.487,"deprivation_weight":0.574,"bike_trip_index":0.306,"tree_canopy_context":1.0,"civic_service_context":1.0,"traffic_delta_2016":0.042,"jobs_delta_2016":0.015,"electricity_delta_2016":0.067,"buildings_delta_2016":0.115,"services_delta_2016":0.008,"traffic_delta_previous":0.022,"jobs_delta_previous":0.007,"electricity_delta_previous":0.035,"buildings_delta_previous":0.059,"services_delta_previous":0.004,"dominant_metric":"buildings","dominant_change":"appeared","confidence":"medium","evidence":["OSM building footprints and replay-first-visible-year profile","Planning/development-zone pressure proxy","Sentinel/Landsat NDBI source availability","Local raster evidence for 2018: ndbi, ndvi, rgb"]},"geometry":{"type":"Polygon","coordinates":[[[-5.916364,54.597143],[-5.902728,54.597143],[-5.902728,54.61],[-5.916364,54.61],[-5.916364,54.597143]]]}},{"type":"Feature","id":"belfast_06_13_2018","properties":{"cell_id":"belfast_06_13","year":2018,"row":6,"col":13,"traffic":0.553,"jobs":0.688,"electricity":0.702,"buildings":0.622,"services":0.649,"development_pressure":0.678,"green_cover":0.622,"bike_access":0.435,"transit_access":0.668,"traffic_pressure":0.581,"planning_intensity":0.439,"deprivation_weight":0.592,"bike_trip_index":0.306,"tree_canopy_context":1.0,"civic_service_context":0.6,"traffic_delta_2016":0.042,"jobs_delta_2016":0.014,"electricity_delta_2016":0.063,"buildings_delta_2016":0.111,"services_delta_2016":0.008,"traffic_delta_previous":0.023,"jobs_delta_previous":0.007,"electricity_delta_previous":0.032,"buildings_delta_previous":0.057,"services_delta_previous":0.004,"dominant_metric":"buildings","dominant_change":"appeared","confidence":"medium","evidence":["OSM building footprints and replay-first-visible-year profile","Planning/development-zone pressure proxy","Sentinel/Landsat NDBI source availability","Local raster evidence for 2018: ndbi, ndvi, rgb"]},"geometry":{"type":"Polygon","coordinates":[[[-5.902727,54.597143],[-5.889091,54.597143],[-5.889091,54.61],[-5.902727,54.61],[-5.902727,54.597143]]]}},{"type":"Feature","id":"belfast_06_14_2018","properties":{"cell_id":"belfast_06_14","year":2018,"row":6,"col":14,"traffic":0.487,"jobs":0.562,"electricity":0.608,"buildings":0.54,"services":0.58,"development_pressure":0.576,"green_cover":0.648,"bike_access":0.279,"transit_access":0.53,"traffic_pressure":0.493,"planning_intensity":0.355,"deprivation_weight":0.523,"bike_trip_index":0.306,"tree_canopy_context":1.0,"civic_service_context":0.8,"traffic_delta_2016":0.037,"jobs_delta_2016":0.013,"electricity_delta_2016":0.054,"buildings_delta_2016":0.093,"services_delta_2016":0.008,"traffic_delta_previous":0.019,"jobs_delta_previous":0.006,"electricity_delta_previous":0.027,"buildings_delta_previous":0.047,"services_delta_previous":0.004,"dominant_metric":"buildings","dominant_change":"appeared","confidence":"medium","evidence":["OSM building footprints and replay-first-visible-year profile","Planning/development-zone pressure proxy","Sentinel/Landsat NDBI source availability","Local raster evidence for 2018: ndbi, ndvi, rgb"]},"geometry":{"type":"Polygon","coordinates":[[[-5.889091,54.597143],[-5.875455,54.597143],[-5.875455,54.61],[-5.889091,54.61],[-5.889091,54.597143]]]}},{"type":"Feature","id":"belfast_06_15_2018","properties":{"cell_id":"belfast_06_15","year":2018,"row":6,"col":15,"traffic":0.402,"jobs":0.41,"electricity":0.5,"buildings":0.448,"services":0.464,"development_pressure":0.45,"green_cover":0.668,"bike_access":0.186,"transit_access":0.392,"traffic_pressure":0.39,"planning_intensity":0.274,"deprivation_weight":0.396,"bike_trip_index":0.306,"tree_canopy_context":1.0,"civic_service_context":0.8,"traffic_delta_2016":0.027,"jobs_delta_2016":0.011,"electricity_delta_2016":0.046,"buildings_delta_2016":0.072,"services_delta_2016":0.008,"traffic_delta_previous":0.013,"jobs_delta_previous":0.005,"electricity_delta_previous":0.024,"buildings_delta_previous":0.036,"services_delta_previous":0.004,"dominant_metric":"buildings","dominant_change":"appeared","confidence":"medium","evidence":["OSM building footprints and replay-first-visible-year profile","Planning/development-zone pressure proxy","Sentinel/Landsat NDBI source availability","Local raster evidence for 2018: ndbi, ndvi, rgb"]},"geometry":{"type":"Polygon","coordinates":[[[-5.875455,54.597143],[-5.861819,54.597143],[-5.861819,54.61],[-5.875455,54.61],[-5.875455,54.597143]]]}},{"type":"Feature","id":"belfast_06_16_2018","properties":{"cell_id":"belfast_06_16","year":2018,"row":6,"col":16,"traffic":0.318,"jobs":0.226,"electricity":0.383,"buildings":0.355,"services":0.254,"development_pressure":0.32,"green_cover":0.668,"bike_access":0.087,"transit_access":0.254,"traffic_pressure":0.287,"planning_intensity":0.19,"deprivation_weight":0.239,"bike_trip_index":0.306,"tree_canopy_context":1.0,"civic_service_context":0.4,"traffic_delta_2016":0.02,"jobs_delta_2016":0.011,"electricity_delta_2016":0.04,"buildings_delta_2016":0.055,"services_delta_2016":0.008,"traffic_delta_previous":0.01,"jobs_delta_previous":0.005,"electricity_delta_previous":0.021,"buildings_delta_previous":0.029,"services_delta_previous":0.004,"dominant_metric":"buildings","dominant_change":"appeared","confidence":"medium","evidence":["OSM building footprints and replay-first-visible-year profile","Planning/development-zone pressure proxy","Sentinel/Landsat NDBI source availability","Local raster evidence for 2018: ndbi, ndvi, rgb"]},"geometry":{"type":"Polygon","coordinates":[[[-5.861818,54.597143],[-5.848182,54.597143],[-5.848182,54.61],[-5.861818,54.61],[-5.861818,54.597143]]]}},{"type":"Feature","id":"belfast_06_17_2018","properties":{"cell_id":"belfast_06_17","year":2018,"row":6,"col":17,"traffic":0.226,"jobs":0.059,"electricity":0.274,"buildings":0.269,"services":0.07,"development_pressure":0.2,"green_cover":0.647,"bike_access":0.05,"transit_access":0.18,"traffic_pressure":0.181,"planning_intensity":0.11,"deprivation_weight":0.068,"bike_trip_index":0.306,"tree_canopy_context":1.0,"civic_service_context":0.0,"traffic_delta_2016":0.016,"jobs_delta_2016":0.01,"electricity_delta_2016":0.038,"buildings_delta_2016":0.046,"services_delta_2016":0.008,"traffic_delta_previous":0.009,"jobs_delta_previous":0.005,"electricity_delta_previous":0.021,"buildings_delta_previous":0.026,"services_delta_previous":0.004,"dominant_metric":"buildings","dominant_change":"appeared","confidence":"medium","evidence":["OSM building footprints and replay-first-visible-year profile","Planning/development-zone pressure proxy","Sentinel/Landsat NDBI source availability","Local raster evidence for 2018: ndbi, ndvi, rgb"]},"geometry":{"type":"Polygon","coordinates":[[[-5.848182,54.597143],[-5.834546,54.597143],[-5.834546,54.61],[-5.848182,54.61],[-5.848182,54.597143]]]}},{"type":"Feature","id":"belfast_06_18_2018","properties":{"cell_id":"belfast_06_18","year":2018,"row":6,"col":18,"traffic":0.21,"jobs":0.053,"electricity":0.255,"buildings":0.253,"services":0.066,"development_pressure":0.144,"green_cover":0.362,"bike_access":0.05,"transit_access":0.18,"traffic_pressure":0.168,"planning_intensity":0.064,"deprivation_weight":0.0,"bike_trip_index":0.306,"tree_canopy_context":0.0,"civic_service_context":0.0,"traffic_delta_2016":0.019,"jobs_delta_2016":0.01,"electricity_delta_2016":0.041,"buildings_delta_2016":0.051,"services_delta_2016":0.008,"traffic_delta_previous":0.012,"jobs_delta_previous":0.005,"electricity_delta_previous":0.023,"buildings_delta_previous":0.03,"services_delta_previous":0.004,"dominant_metric":"buildings","dominant_change":"appeared","confidence":"medium","evidence":["OSM building footprints and replay-first-visible-year profile","Planning/development-zone pressure proxy","Sentinel/Landsat NDBI source availability","Local raster evidence for 2018: ndbi, ndvi, rgb"]},"geometry":{"type":"Polygon","coordinates":[[[-5.834545,54.597143],[-5.820909,54.597143],[-5.820909,54.61],[-5.834545,54.61],[-5.834545,54.597143]]]}},{"type":"Feature","id":"belfast_06_19_2018","properties":{"cell_id":"belfast_06_19","year":2018,"row":6,"col":19,"traffic":0.215,"jobs":0.053,"electricity":0.26,"buildings":0.263,"services":0.066,"development_pressure":0.161,"green_cover":0.34,"bike_access":0.05,"transit_access":0.18,"traffic_pressure":0.172,"planning_intensity":0.072,"deprivation_weight":0.0,"bike_trip_index":0.306,"tree_canopy_context":0.0,"civic_service_context":0.0,"traffic_delta_2016":0.027,"jobs_delta_2016":0.01,"electricity_delta_2016":0.047,"buildings_delta_2016":0.064,"services_delta_2016":0.008,"traffic_delta_previous":0.016,"jobs_delta_previous":0.005,"electricity_delta_previous":0.026,"buildings_delta_previous":0.036,"services_delta_previous":0.004,"dominant_metric":"buildings","dominant_change":"appeared","confidence":"medium","evidence":["OSM building footprints and replay-first-visible-year profile","Planning/development-zone pressure proxy","Sentinel/Landsat NDBI source availability","Local raster evidence for 2018: ndbi, ndvi, rgb"]},"geometry":{"type":"Polygon","coordinates":[[[-5.820909,54.597143],[-5.807273,54.597143],[-5.807273,54.61],[-5.820909,54.61],[-5.820909,54.597143]]]}},{"type":"Feature","id":"belfast_06_20_2018","properties":{"cell_id":"belfast_06_20","year":2018,"row":6,"col":20,"traffic":0.223,"jobs":0.053,"electricity":0.267,"buildings":0.279,"services":0.066,"development_pressure":0.184,"green_cover":0.307,"bike_access":0.05,"transit_access":0.18,"traffic_pressure":0.179,"planning_intensity":0.084,"deprivation_weight":0.0,"bike_trip_index":0.306,"tree_canopy_context":0.0,"civic_service_context":0.0,"traffic_delta_2016":0.032,"jobs_delta_2016":0.01,"electricity_delta_2016":0.05,"buildings_delta_2016":0.072,"services_delta_2016":0.008,"traffic_delta_previous":0.017,"jobs_delta_previous":0.005,"electricity_delta_previous":0.026,"buildings_delta_previous":0.038,"services_delta_previous":0.004,"dominant_metric":"buildings","dominant_change":"appeared","confidence":"medium","evidence":["OSM building footprints and replay-first-visible-year profile","Planning/development-zone pressure proxy","Sentinel/Landsat NDBI source availability","Local raster evidence for 2018: ndbi, ndvi, rgb"]},"geometry":{"type":"Polygon","coordinates":[[[-5.807273,54.597143],[-5.793637,54.597143],[-5.793637,54.61],[-5.807273,54.61],[-5.807273,54.597143]]]}},{"type":"Feature","id":"belfast_06_21_2018","properties":{"cell_id":"belfast_06_21","year":2018,"row":6,"col":21,"traffic":0.229,"jobs":0.053,"electricity":0.274,"buildings":0.292,"services":0.066,"development_pressure":0.205,"green_cover":0.292,"bike_access":0.05,"transit_access":0.18,"traffic_pressure":0.183,"planning_intensity":0.094,"deprivation_weight":0.0,"bike_trip_index":0.306,"tree_canopy_context":0.0,"civic_service_context":0.0,"traffic_delta_2016":0.031,"jobs_delta_2016":0.01,"electricity_delta_2016":0.049,"buildings_delta_2016":0.07,"services_delta_2016":0.008,"traffic_delta_previous":0.015,"jobs_delta_previous":0.005,"electricity_delta_previous":0.026,"buildings_delta_previous":0.035,"services_delta_previous":0.004,"dominant_metric":"buildings","dominant_change":"appeared","confidence":"medium","evidence":["OSM building footprints and replay-first-visible-year profile","Planning/development-zone pressure proxy","Sentinel/Landsat NDBI source availability","Local raster evidence for 2018: ndbi, ndvi, rgb"]},"geometry":{"type":"Polygon","coordinates":[[[-5.793636,54.597143],[-5.78,54.597143],[-5.78,54.61],[-5.793636,54.61],[-5.793636,54.597143]]]}},{"type":"Feature","id":"belfast_07_00_2018","properties":{"cell_id":"belfast_07_00","year":2018,"row":7,"col":0,"traffic":0.221,"jobs":0.053,"electricity":0.267,"buildings":0.276,"services":0.066,"development_pressure":0.183,"green_cover":0.34,"bike_access":0.05,"transit_access":0.18,"traffic_pressure":0.176,"planning_intensity":0.083,"deprivation_weight":0.0,"bike_trip_index":0.306,"tree_canopy_context":0.0,"civic_service_context":0.0,"traffic_delta_2016":0.029,"jobs_delta_2016":0.01,"electricity_delta_2016":0.05,"buildings_delta_2016":0.069,"services_delta_2016":0.008,"traffic_delta_previous":0.017,"jobs_delta_previous":0.005,"electricity_delta_previous":0.027,"buildings_delta_previous":0.037,"services_delta_previous":0.004,"dominant_metric":"buildings","dominant_change":"appeared","confidence":"medium","evidence":["OSM building footprints and replay-first-visible-year profile","Planning/development-zone pressure proxy","Sentinel/Landsat NDBI source availability","Local raster evidence for 2018: ndbi, ndvi, rgb"]},"geometry":{"type":"Polygon","coordinates":[[[-6.08,54.61],[-6.066364,54.61],[-6.066364,54.622857],[-6.08,54.622857],[-6.08,54.61]]]}},{"type":"Feature","id":"belfast_07_01_2018","properties":{"cell_id":"belfast_07_01","year":2018,"row":7,"col":1,"traffic":0.228,"jobs":0.053,"electricity":0.273,"buildings":0.29,"services":0.066,"development_pressure":0.204,"green_cover":0.307,"bike_access":0.05,"transit_access":0.18,"traffic_pressure":0.182,"planning_intensity":0.094,"deprivation_weight":0.0,"bike_trip_index":0.306,"tree_canopy_context":0.0,"civic_service_context":0.0,"traffic_delta_2016":0.031,"jobs_delta_2016":0.01,"electricity_delta_2016":0.049,"buildings_delta_2016":0.07,"services_delta_2016":0.008,"traffic_delta_previous":0.017,"jobs_delta_previous":0.005,"electricity_delta_previous":0.025,"buildings_delta_previous":0.036,"services_delta_previous":0.004,"dominant_metric":"buildings","dominant_change":"appeared","confidence":"medium","evidence":["OSM building footprints and replay-first-visible-year profile","Planning/development-zone pressure proxy","Sentinel/Landsat NDBI source availability","Local raster evidence for 2018: ndbi, ndvi, rgb"]},"geometry":{"type":"Polygon","coordinates":[[[-6.066364,54.61],[-6.052728,54.61],[-6.052728,54.622857],[-6.066364,54.622857],[-6.066364,54.61]]]}},{"type":"Feature","id":"belfast_07_02_2018","properties":{"cell_id":"belfast_07_02","year":2018,"row":7,"col":2,"traffic":0.231,"jobs":0.053,"electricity":0.276,"buildings":0.296,"services":0.066,"development_pressure":0.212,"green_cover":0.291,"bike_access":0.05,"transit_access":0.18,"traffic_pressure":0.185,"planning_intensity":0.097,"deprivation_weight":0.0,"bike_trip_index":0.306,"tree_canopy_context":0.0,"civic_service_context":0.0,"traffic_delta_2016":0.028,"jobs_delta_2016":0.01,"electricity_delta_2016":0.045,"buildings_delta_2016":0.062,"services_delta_2016":0.008,"traffic_delta_previous":0.014,"jobs_delta_previous":0.005,"electricity_delta_previous":0.023,"buildings_delta_previous":0.031,"services_delta_previous":0.004,"dominant_metric":"buildings","dominant_change":"appeared","confidence":"medium","evidence":["OSM building footprints and replay-first-visible-year profile","Planning/development-zone pressure proxy","Sentinel/Landsat NDBI source availability","Local raster evidence for 2018: ndbi, ndvi, rgb"]},"geometry":{"type":"Polygon","coordinates":[[[-6.052727,54.61],[-6.039091,54.61],[-6.039091,54.622857],[-6.052727,54.622857],[-6.052727,54.61]]]}},{"type":"Feature","id":"belfast_07_03_2018","properties":{"cell_id":"belfast_07_03","year":2018,"row":7,"col":3,"traffic":0.228,"jobs":0.053,"electricity":0.273,"buildings":0.29,"services":0.066,"development_pressure":0.203,"green_cover":0.305,"bike_access":0.05,"transit_access":0.18,"traffic_pressure":0.182,"planning_intensity":0.093,"deprivation_weight":0.0,"bike_trip_index":0.306,"tree_canopy_context":0.0,"civic_service_context":0.0,"traffic_delta_2016":0.02,"jobs_delta_2016":0.01,"electricity_delta_2016":0.039,"buildings_delta_2016":0.048,"services_delta_2016":0.008,"traffic_delta_previous":0.01,"jobs_delta_previous":0.005,"electricity_delta_previous":0.02,"buildings_delta_previous":0.023,"services_delta_previous":0.004,"dominant_metric":"buildings","dominant_change":"appeared","confidence":"medium","evidence":["OSM building footprints and replay-first-visible-year profile","Planning/development-zone pressure proxy","Sentinel/Landsat NDBI source availability","Local raster evidence for 2018: ndbi, ndvi, rgb"]},"geometry":{"type":"Polygon","coordinates":[[[-6.039091,54.61],[-6.025455,54.61],[-6.025455,54.622857],[-6.039091,54.622857],[-6.039091,54.61]]]}},{"type":"Feature","id":"belfast_07_04_2018","properties":{"cell_id":"belfast_07_04","year":2018,"row":7,"col":4,"traffic":0.214,"jobs":0.053,"electricity":0.265,"buildings":0.269,"services":0.066,"development_pressure":0.182,"green_cover":0.429,"bike_access":0.05,"transit_access":0.18,"traffic_pressure":0.168,"planning_intensity":0.083,"deprivation_weight":0.059,"bike_trip_index":0.306,"tree_canopy_context":0.0,"civic_service_context":0.0,"traffic_delta_2016":0.013,"jobs_delta_2016":0.01,"electricity_delta_2016":0.034,"buildings_delta_2016":0.036,"services_delta_2016":0.008,"traffic_delta_previous":0.007,"jobs_delta_previous":0.005,"electricity_delta_previous":0.017,"buildings_delta_previous":0.018,"services_delta_previous":0.004,"dominant_metric":"buildings","dominant_change":"appeared","confidence":"medium","evidence":["OSM building footprints and replay-first-visible-year profile","Planning/development-zone pressure proxy","Sentinel/Landsat NDBI source availability","Local raster evidence for 2018: ndbi, ndvi, rgb"]},"geometry":{"type":"Polygon","coordinates":[[[-6.025455,54.61],[-6.011819,54.61],[-6.011819,54.622857],[-6.025455,54.622857],[-6.025455,54.61]]]}},{"type":"Feature","id":"belfast_07_05_2018","properties":{"cell_id":"belfast_07_05","year":2018,"row":7,"col":5,"traffic":0.222,"jobs":0.068,"electricity":0.274,"buildings":0.259,"services":0.075,"development_pressure":0.168,"green_cover":0.538,"bike_access":0.056,"transit_access":0.194,"traffic_pressure":0.181,"planning_intensity":0.071,"deprivation_weight":0.247,"bike_trip_index":0.306,"tree_canopy_context":0.0,"civic_service_context":0.0,"traffic_delta_2016":0.012,"jobs_delta_2016":0.01,"electricity_delta_2016":0.033,"buildings_delta_2016":0.034,"services_delta_2016":0.008,"traffic_delta_previous":0.008,"jobs_delta_previous":0.005,"electricity_delta_previous":0.018,"buildings_delta_previous":0.019,"services_delta_previous":0.004,"dominant_metric":"buildings","dominant_change":"stable","confidence":"medium","evidence":["OSM building footprints and replay-first-visible-year profile","Planning/development-zone pressure proxy","Sentinel/Landsat NDBI source availability","Local raster evidence for 2018: ndbi, ndvi, rgb"]},"geometry":{"type":"Polygon","coordinates":[[[-6.011818,54.61],[-5.998182,54.61],[-5.998182,54.622857],[-6.011818,54.622857],[-6.011818,54.61]]]}},{"type":"Feature","id":"belfast_07_06_2018","properties":{"cell_id":"belfast_07_06","year":2018,"row":7,"col":6,"traffic":0.252,"jobs":0.113,"electricity":0.305,"buildings":0.267,"services":0.138,"development_pressure":0.179,"green_cover":0.673,"bike_access":0.067,"transit_access":0.226,"traffic_pressure":0.222,"planning_intensity":0.07,"deprivation_weight":0.43,"bike_trip_index":0.306,"tree_canopy_context":1.0,"civic_service_context":0.2,"traffic_delta_2016":0.018,"jobs_delta_2016":0.011,"electricity_delta_2016":0.036,"buildings_delta_2016":0.043,"services_delta_2016":0.008,"traffic_delta_previous":0.011,"jobs_delta_previous":0.005,"electricity_delta_previous":0.02,"buildings_delta_previous":0.026,"services_delta_previous":0.004,"dominant_metric":"buildings","dominant_change":"appeared","confidence":"medium","evidence":["OSM building footprints and replay-first-visible-year profile","Planning/development-zone pressure proxy","Sentinel/Landsat NDBI source availability","Local raster evidence for 2018: ndbi, ndvi, rgb"]},"geometry":{"type":"Polygon","coordinates":[[[-5.998182,54.61],[-5.984546,54.61],[-5.984546,54.622857],[-5.998182,54.622857],[-5.998182,54.61]]]}},{"type":"Feature","id":"belfast_07_07_2018","properties":{"cell_id":"belfast_07_07","year":2018,"row":7,"col":7,"traffic":0.327,"jobs":0.214,"electricity":0.378,"buildings":0.331,"services":0.281,"development_pressure":0.264,"green_cover":0.677,"bike_access":0.078,"transit_access":0.314,"traffic_pressure":0.312,"planning_intensity":0.126,"deprivation_weight":0.6,"bike_trip_index":0.306,"tree_canopy_context":1.0,"civic_service_context":0.6,"traffic_delta_2016":0.028,"jobs_delta_2016":0.012,"electricity_delta_2016":0.046,"buildings_delta_2016":0.066,"services_delta_2016":0.008,"traffic_delta_previous":0.016,"jobs_delta_previous":0.006,"electricity_delta_previous":0.025,"buildings_delta_previous":0.037,"services_delta_previous":0.004,"dominant_metric":"buildings","dominant_change":"appeared","confidence":"medium","evidence":["OSM building footprints and replay-first-visible-year profile","Planning/development-zone pressure proxy","Sentinel/Landsat NDBI source availability","Local raster evidence for 2018: ndbi, ndvi, rgb"]},"geometry":{"type":"Polygon","coordinates":[[[-5.984545,54.61],[-5.970909,54.61],[-5.970909,54.622857],[-5.984545,54.622857],[-5.984545,54.61]]]}},{"type":"Feature","id":"belfast_07_08_2018","properties":{"cell_id":"belfast_07_08","year":2018,"row":7,"col":8,"traffic":0.397,"jobs":0.371,"electricity":0.471,"buildings":0.399,"services":0.463,"development_pressure":0.36,"green_cover":0.685,"bike_access":0.101,"transit_access":0.418,"traffic_pressure":0.395,"planning_intensity":0.187,"deprivation_weight":0.734,"bike_trip_index":0.306,"tree_canopy_context":1.0,"civic_service_context":1.0,"traffic_delta_2016":0.036,"jobs_delta_2016":0.012,"electricity_delta_2016":0.054,"buildings_delta_2016":0.085,"services_delta_2016":0.008,"traffic_delta_previous":0.019,"jobs_delta_previous":0.006,"electricity_delta_previous":0.029,"buildings_delta_previous":0.045,"services_delta_previous":0.004,"dominant_metric":"buildings","dominant_change":"appeared","confidence":"medium","evidence":["OSM building footprints and replay-first-visible-year profile","Planning/development-zone pressure proxy","Sentinel/Landsat NDBI source availability","Local raster evidence for 2018: ndbi, ndvi, rgb"]},"geometry":{"type":"Polygon","coordinates":[[[-5.970909,54.61],[-5.957273,54.61],[-5.957273,54.622857],[-5.970909,54.622857],[-5.970909,54.61]]]}},{"type":"Feature","id":"belfast_07_09_2018","properties":{"cell_id":"belfast_07_09","year":2018,"row":7,"col":9,"traffic":0.446,"jobs":0.488,"electricity":0.551,"buildings":0.466,"services":0.557,"development_pressure":0.453,"green_cover":0.674,"bike_access":0.23,"transit_access":0.508,"traffic_pressure":0.458,"planning_intensity":0.249,"deprivation_weight":0.845,"bike_trip_index":0.306,"tree_canopy_context":1.0,"civic_service_context":1.0,"traffic_delta_2016":0.038,"jobs_delta_2016":0.013,"electricity_delta_2016":0.059,"buildings_delta_2016":0.096,"services_delta_2016":0.008,"traffic_delta_previous":0.019,"jobs_delta_previous":0.007,"electricity_delta_previous":0.031,"buildings_delta_previous":0.049,"services_delta_previous":0.004,"dominant_metric":"buildings","dominant_change":"appeared","confidence":"medium","evidence":["OSM building footprints and replay-first-visible-year profile","Planning/development-zone pressure proxy","Sentinel/Landsat NDBI source availability","Local raster evidence for 2018: ndbi, ndvi, rgb"]},"geometry":{"type":"Polygon","coordinates":[[[-5.957273,54.61],[-5.943637,54.61],[-5.943637,54.622857],[-5.957273,54.622857],[-5.957273,54.61]]]}},{"type":"Feature","id":"belfast_07_10_2018","properties":{"cell_id":"belfast_07_10","year":2018,"row":7,"col":10,"traffic":0.471,"jobs":0.57,"electricity":0.606,"buildings":0.523,"services":0.625,"development_pressure":0.523,"green_cover":0.722,"bike_access":0.369,"transit_access":0.555,"traffic_pressure":0.491,"planning_intensity":0.337,"deprivation_weight":0.94,"bike_trip_index":0.306,"tree_canopy_context":1.0,"civic_service_context":1.0,"traffic_delta_2016":0.036,"jobs_delta_2016":0.014,"electricity_delta_2016":0.059,"buildings_delta_2016":0.097,"services_delta_2016":0.008,"traffic_delta_previous":0.018,"jobs_delta_previous":0.007,"electricity_delta_previous":0.03,"buildings_delta_previous":0.049,"services_delta_previous":0.004,"dominant_metric":"buildings","dominant_change":"appeared","confidence":"medium","evidence":["OSM building footprints and replay-first-visible-year profile","Planning/development-zone pressure proxy","Sentinel/Landsat NDBI source availability","Local raster evidence for 2018: ndbi, ndvi, rgb"]},"geometry":{"type":"Polygon","coordinates":[[[-5.943636,54.61],[-5.93,54.61],[-5.93,54.622857],[-5.943636,54.622857],[-5.943636,54.61]]]}},{"type":"Feature","id":"belfast_07_11_2018","properties":{"cell_id":"belfast_07_11","year":2018,"row":7,"col":11,"traffic":0.512,"jobs":0.539,"electricity":0.624,"buildings":0.563,"services":0.489,"development_pressure":0.578,"green_cover":0.725,"bike_access":0.311,"transit_access":0.547,"traffic_pressure":0.531,"planning_intensity":0.398,"deprivation_weight":0.756,"bike_trip_index":0.306,"tree_canopy_context":1.0,"civic_service_context":0.4,"traffic_delta_2016":0.032,"jobs_delta_2016":0.014,"electricity_delta_2016":0.058,"buildings_delta_2016":0.093,"services_delta_2016":0.008,"traffic_delta_previous":0.016,"jobs_delta_previous":0.007,"electricity_delta_previous":0.029,"buildings_delta_previous":0.047,"services_delta_previous":0.004,"dominant_metric":"buildings","dominant_change":"appeared","confidence":"medium","evidence":["OSM building footprints and replay-first-visible-year profile","Planning/development-zone pressure proxy","Sentinel/Landsat NDBI source availability","Local raster evidence for 2018: ndbi, ndvi, rgb"]},"geometry":{"type":"Polygon","coordinates":[[[-5.93,54.61],[-5.916364,54.61],[-5.916364,54.622857],[-5.93,54.622857],[-5.93,54.61]]]}},{"type":"Feature","id":"belfast_07_12_2018","properties":{"cell_id":"belfast_07_12","year":2018,"row":7,"col":12,"traffic":0.534,"jobs":0.58,"electricity":0.651,"buildings":0.588,"services":0.486,"development_pressure":0.622,"green_cover":0.659,"bike_access":0.318,"transit_access":0.573,"traffic_pressure":0.552,"planning_intensity":0.422,"deprivation_weight":0.838,"bike_trip_index":0.306,"tree_canopy_context":1.0,"civic_service_context":0.2,"traffic_delta_2016":0.033,"jobs_delta_2016":0.013,"electricity_delta_2016":0.056,"buildings_delta_2016":0.092,"services_delta_2016":0.008,"traffic_delta_previous":0.018,"jobs_delta_previous":0.006,"electricity_delta_previous":0.029,"buildings_delta_previous":0.047,"services_delta_previous":0.004,"dominant_metric":"buildings","dominant_change":"appeared","confidence":"medium","evidence":["OSM building footprints and replay-first-visible-year profile","Planning/development-zone pressure proxy","Sentinel/Landsat NDBI source availability","Local raster evidence for 2018: ndbi, ndvi, rgb"]},"geometry":{"type":"Polygon","coordinates":[[[-5.916364,54.61],[-5.902728,54.61],[-5.902728,54.622857],[-5.916364,54.622857],[-5.916364,54.61]]]}},{"type":"Feature","id":"belfast_07_13_2018","properties":{"cell_id":"belfast_07_13","year":2018,"row":7,"col":13,"traffic":0.523,"jobs":0.558,"electricity":0.626,"buildings":0.563,"services":0.464,"development_pressure":0.592,"green_cover":0.516,"bike_access":0.26,"transit_access":0.532,"traffic_pressure":0.535,"planning_intensity":0.374,"deprivation_weight":0.894,"bike_trip_index":0.306,"tree_canopy_context":0.012,"civic_service_context":0.2,"traffic_delta_2016":0.032,"jobs_delta_2016":0.013,"electricity_delta_2016":0.052,"buildings_delta_2016":0.087,"services_delta_2016":0.008,"traffic_delta_previous":0.018,"jobs_delta_previous":0.007,"electricity_delta_previous":0.027,"buildings_delta_previous":0.045,"services_delta_previous":0.004,"dominant_metric":"buildings","dominant_change":"appeared","confidence":"medium","evidence":["OSM building footprints and replay-first-visible-year profile","Planning/development-zone pressure proxy","Sentinel/Landsat NDBI source availability","Local raster evidence for 2018: ndbi, ndvi, rgb"]},"geometry":{"type":"Polygon","coordinates":[[[-5.902727,54.61],[-5.889091,54.61],[-5.889091,54.622857],[-5.902727,54.622857],[-5.902727,54.61]]]}},{"type":"Feature","id":"belfast_07_14_2018","properties":{"cell_id":"belfast_07_14","year":2018,"row":7,"col":14,"traffic":0.471,"jobs":0.483,"electricity":0.553,"buildings":0.502,"services":0.475,"development_pressure":0.497,"green_cover":0.406,"bike_access":0.173,"transit_access":0.441,"traffic_pressure":0.47,"planning_intensity":0.315,"deprivation_weight":0.731,"bike_trip_index":0.306,"tree_canopy_context":0.0,"civic_service_context":0.6,"traffic_delta_2016":0.031,"jobs_delta_2016":0.012,"electricity_delta_2016":0.048,"buildings_delta_2016":0.079,"services_delta_2016":0.008,"traffic_delta_previous":0.017,"jobs_delta_previous":0.006,"electricity_delta_previous":0.025,"buildings_delta_previous":0.042,"services_delta_previous":0.004,"dominant_metric":"buildings","dominant_change":"appeared","confidence":"medium","evidence":["OSM building footprints and replay-first-visible-year profile","Planning/development-zone pressure proxy","Sentinel/Landsat NDBI source availability","Local raster evidence for 2018: ndbi, ndvi, rgb"]},"geometry":{"type":"Polygon","coordinates":[[[-5.889091,54.61],[-5.875455,54.61],[-5.875455,54.622857],[-5.889091,54.622857],[-5.889091,54.61]]]}},{"type":"Feature","id":"belfast_07_15_2018","properties":{"cell_id":"belfast_07_15","year":2018,"row":7,"col":15,"traffic":0.379,"jobs":0.349,"electricity":0.454,"buildings":0.406,"services":0.374,"development_pressure":0.388,"green_cover":0.657,"bike_access":0.089,"transit_access":0.327,"traffic_pressure":0.358,"planning_intensity":0.243,"deprivation_weight":0.542,"bike_trip_index":0.306,"tree_canopy_context":1.0,"civic_service_context":0.6,"traffic_delta_2016":0.029,"jobs_delta_2016":0.011,"electricity_delta_2016":0.046,"buildings_delta_2016":0.073,"services_delta_2016":0.008,"traffic_delta_previous":0.015,"jobs_delta_previous":0.006,"electricity_delta_previous":0.025,"buildings_delta_previous":0.039,"services_delta_previous":0.004,"dominant_metric":"buildings","dominant_change":"appeared","confidence":"medium","evidence":["OSM building footprints and replay-first-visible-year profile","Planning/development-zone pressure proxy","Sentinel/Landsat NDBI source availability","Local raster evidence for 2018: ndbi, ndvi, rgb"]},"geometry":{"type":"Polygon","coordinates":[[[-5.875455,54.61],[-5.861819,54.61],[-5.861819,54.622857],[-5.875455,54.622857],[-5.875455,54.61]]]}},{"type":"Feature","id":"belfast_07_16_2018","properties":{"cell_id":"belfast_07_16","year":2018,"row":7,"col":16,"traffic":0.296,"jobs":0.206,"electricity":0.357,"buildings":0.33,"services":0.271,"development_pressure":0.288,"green_cover":0.674,"bike_access":0.056,"transit_access":0.203,"traffic_pressure":0.257,"planning_intensity":0.175,"deprivation_weight":0.349,"bike_trip_index":0.306,"tree_canopy_context":1.0,"civic_service_context":0.6,"traffic_delta_2016":0.026,"jobs_delta_2016":0.01,"electricity_delta_2016":0.047,"buildings_delta_2016":0.069,"services_delta_2016":0.008,"traffic_delta_previous":0.014,"jobs_delta_previous":0.005,"electricity_delta_previous":0.025,"buildings_delta_previous":0.037,"services_delta_previous":0.004,"dominant_metric":"buildings","dominant_change":"appeared","confidence":"medium","evidence":["OSM building footprints and replay-first-visible-year profile","Planning/development-zone pressure proxy","Sentinel/Landsat NDBI source availability","Local raster evidence for 2018: ndbi, ndvi, rgb"]},"geometry":{"type":"Polygon","coordinates":[[[-5.861818,54.61],[-5.848182,54.61],[-5.848182,54.622857],[-5.861818,54.622857],[-5.861818,54.61]]]}},{"type":"Feature","id":"belfast_07_17_2018","properties":{"cell_id":"belfast_07_17","year":2018,"row":7,"col":17,"traffic":0.244,"jobs":0.068,"electricity":0.28,"buildings":0.292,"services":0.112,"development_pressure":0.209,"green_cover":0.394,"bike_access":0.05,"transit_access":0.18,"traffic_pressure":0.2,"planning_intensity":0.112,"deprivation_weight":0.156,"bike_trip_index":0.306,"tree_canopy_context":0.012,"civic_service_context":0.2,"traffic_delta_2016":0.025,"jobs_delta_2016":0.01,"electricity_delta_2016":0.048,"buildings_delta_2016":0.067,"services_delta_2016":0.008,"traffic_delta_previous":0.014,"jobs_delta_previous":0.005,"electricity_delta_previous":0.026,"buildings_delta_previous":0.036,"services_delta_previous":0.004,"dominant_metric":"buildings","dominant_change":"appeared","confidence":"medium","evidence":["OSM building footprints and replay-first-visible-year profile","Planning/development-zone pressure proxy","Sentinel/Landsat NDBI source availability","Local raster evidence for 2018: ndbi, ndvi, rgb"]},"geometry":{"type":"Polygon","coordinates":[[[-5.848182,54.61],[-5.834546,54.61],[-5.834546,54.622857],[-5.848182,54.622857],[-5.848182,54.61]]]}},{"type":"Feature","id":"belfast_07_18_2018","properties":{"cell_id":"belfast_07_18","year":2018,"row":7,"col":18,"traffic":0.22,"jobs":0.053,"electricity":0.267,"buildings":0.276,"services":0.066,"development_pressure":0.184,"green_cover":0.355,"bike_access":0.05,"transit_access":0.18,"traffic_pressure":0.175,"planning_intensity":0.084,"deprivation_weight":0.0,"bike_trip_index":0.306,"tree_canopy_context":0.0,"civic_service_context":0.0,"traffic_delta_2016":0.026,"jobs_delta_2016":0.01,"electricity_delta_2016":0.049,"buildings_delta_2016":0.067,"services_delta_2016":0.008,"traffic_delta_previous":0.015,"jobs_delta_previous":0.005,"electricity_delta_previous":0.026,"buildings_delta_previous":0.036,"services_delta_previous":0.004,"dominant_metric":"buildings","dominant_change":"appeared","confidence":"medium","evidence":["OSM building footprints and replay-first-visible-year profile","Planning/development-zone pressure proxy","Sentinel/Landsat NDBI source availability","Local raster evidence for 2018: ndbi, ndvi, rgb"]},"geometry":{"type":"Polygon","coordinates":[[[-5.834545,54.61],[-5.820909,54.61],[-5.820909,54.622857],[-5.834545,54.622857],[-5.834545,54.61]]]}},{"type":"Feature","id":"belfast_07_19_2018","properties":{"cell_id":"belfast_07_19","year":2018,"row":7,"col":19,"traffic":0.226,"jobs":0.053,"electricity":0.273,"buildings":0.289,"services":0.066,"development_pressure":0.205,"green_cover":0.331,"bike_access":0.05,"transit_access":0.18,"traffic_pressure":0.18,"planning_intensity":0.094,"deprivation_weight":0.0,"bike_trip_index":0.306,"tree_canopy_context":0.0,"civic_service_context":0.0,"traffic_delta_2016":0.029,"jobs_delta_2016":0.01,"electricity_delta_2016":0.048,"buildings_delta_2016":0.068,"services_delta_2016":0.008,"traffic_delta_previous":0.016,"jobs_delta_previous":0.005,"electricity_delta_previous":0.025,"buildings_delta_previous":0.036,"services_delta_previous":0.004,"dominant_metric":"buildings","dominant_change":"appeared","confidence":"medium","evidence":["OSM building footprints and replay-first-visible-year profile","Planning/development-zone pressure proxy","Sentinel/Landsat NDBI source availability","Local raster evidence for 2018: ndbi, ndvi, rgb"]},"geometry":{"type":"Polygon","coordinates":[[[-5.820909,54.61],[-5.807273,54.61],[-5.807273,54.622857],[-5.820909,54.622857],[-5.820909,54.61]]]}},{"type":"Feature","id":"belfast_07_20_2018","properties":{"cell_id":"belfast_07_20","year":2018,"row":7,"col":20,"traffic":0.23,"jobs":0.053,"electricity":0.276,"buildings":0.295,"services":0.066,"development_pressure":0.212,"green_cover":0.302,"bike_access":0.05,"transit_access":0.18,"traffic_pressure":0.184,"planning_intensity":0.097,"deprivation_weight":0.0,"bike_trip_index":0.306,"tree_canopy_context":0.0,"civic_service_context":0.0,"traffic_delta_2016":0.028,"jobs_delta_2016":0.01,"electricity_delta_2016":0.045,"buildings_delta_2016":0.062,"services_delta_2016":0.008,"traffic_delta_previous":0.015,"jobs_delta_previous":0.005,"electricity_delta_previous":0.023,"buildings_delta_previous":0.031,"services_delta_previous":0.004,"dominant_metric":"buildings","dominant_change":"appeared","confidence":"medium","evidence":["OSM building footprints and replay-first-visible-year profile","Planning/development-zone pressure proxy","Sentinel/Landsat NDBI source availability","Local raster evidence for 2018: ndbi, ndvi, rgb"]},"geometry":{"type":"Polygon","coordinates":[[[-5.807273,54.61],[-5.793637,54.61],[-5.793637,54.622857],[-5.807273,54.622857],[-5.807273,54.61]]]}},{"type":"Feature","id":"belfast_07_21_2018","properties":{"cell_id":"belfast_07_21","year":2018,"row":7,"col":21,"traffic":0.229,"jobs":0.053,"electricity":0.273,"buildings":0.291,"services":0.066,"development_pressure":0.202,"green_cover":0.293,"bike_access":0.05,"transit_access":0.18,"traffic_pressure":0.183,"planning_intensity":0.093,"deprivation_weight":0.0,"bike_trip_index":0.306,"tree_canopy_context":0.0,"civic_service_context":0.0,"traffic_delta_2016":0.023,"jobs_delta_2016":0.01,"electricity_delta_2016":0.039,"buildings_delta_2016":0.051,"services_delta_2016":0.008,"traffic_delta_previous":0.011,"jobs_delta_previous":0.005,"electricity_delta_previous":0.02,"buildings_delta_previous":0.025,"services_delta_previous":0.004,"dominant_metric":"buildings","dominant_change":"appeared","confidence":"medium","evidence":["OSM building footprints and replay-first-visible-year profile","Planning/development-zone pressure proxy","Sentinel/Landsat NDBI source availability","Local raster evidence for 2018: ndbi, ndvi, rgb"]},"geometry":{"type":"Polygon","coordinates":[[[-5.793636,54.61],[-5.78,54.61],[-5.78,54.622857],[-5.793636,54.622857],[-5.793636,54.61]]]}},{"type":"Feature","id":"belfast_08_00_2018","properties":{"cell_id":"belfast_08_00","year":2018,"row":8,"col":0,"traffic":0.228,"jobs":0.053,"electricity":0.275,"buildings":0.293,"services":0.066,"development_pressure":0.212,"green_cover":0.334,"bike_access":0.05,"transit_access":0.18,"traffic_pressure":0.181,"planning_intensity":0.097,"deprivation_weight":0.0,"bike_trip_index":0.306,"tree_canopy_context":0.0,"civic_service_context":0.0,"traffic_delta_2016":0.025,"jobs_delta_2016":0.01,"electricity_delta_2016":0.044,"buildings_delta_2016":0.06,"services_delta_2016":0.008,"traffic_delta_previous":0.014,"jobs_delta_previous":0.005,"electricity_delta_previous":0.023,"buildings_delta_previous":0.031,"services_delta_previous":0.004,"dominant_metric":"buildings","dominant_change":"appeared","confidence":"medium","evidence":["OSM building footprints and replay-first-visible-year profile","Planning/development-zone pressure proxy","Sentinel/Landsat NDBI source availability","Local raster evidence for 2018: ndbi, ndvi, rgb"]},"geometry":{"type":"Polygon","coordinates":[[[-6.08,54.622857],[-6.066364,54.622857],[-6.066364,54.635714],[-6.08,54.635714],[-6.08,54.622857]]]}},{"type":"Feature","id":"belfast_08_01_2018","properties":{"cell_id":"belfast_08_01","year":2018,"row":8,"col":1,"traffic":0.228,"jobs":0.053,"electricity":0.273,"buildings":0.29,"services":0.066,"development_pressure":0.203,"green_cover":0.307,"bike_access":0.05,"transit_access":0.18,"traffic_pressure":0.182,"planning_intensity":0.093,"deprivation_weight":0.0,"bike_trip_index":0.306,"tree_canopy_context":0.0,"civic_service_context":0.0,"traffic_delta_2016":0.024,"jobs_delta_2016":0.01,"electricity_delta_2016":0.039,"buildings_delta_2016":0.052,"services_delta_2016":0.008,"traffic_delta_previous":0.013,"jobs_delta_previous":0.005,"electricity_delta_previous":0.02,"buildings_delta_previous":0.027,"services_delta_previous":0.004,"dominant_metric":"buildings","dominant_change":"appeared","confidence":"medium","evidence":["OSM building footprints and replay-first-visible-year profile","Planning/development-zone pressure proxy","Sentinel/Landsat NDBI source availability","Local raster evidence for 2018: ndbi, ndvi, rgb"]},"geometry":{"type":"Polygon","coordinates":[[[-6.066364,54.622857],[-6.052728,54.622857],[-6.052728,54.635714],[-6.066364,54.635714],[-6.066364,54.622857]]]}},{"type":"Feature","id":"belfast_08_02_2018","properties":{"cell_id":"belfast_08_02","year":2018,"row":8,"col":2,"traffic":0.224,"jobs":0.053,"electricity":0.267,"buildings":0.279,"services":0.066,"development_pressure":0.182,"green_cover":0.296,"bike_access":0.05,"transit_access":0.18,"traffic_pressure":0.179,"planning_intensity":0.083,"deprivation_weight":0.0,"bike_trip_index":0.306,"tree_canopy_context":0.0,"civic_service_context":0.0,"traffic_delta_2016":0.02,"jobs_delta_2016":0.01,"electricity_delta_2016":0.035,"buildings_delta_2016":0.043,"services_delta_2016":0.008,"traffic_delta_previous":0.01,"jobs_delta_previous":0.005,"electricity_delta_previous":0.018,"buildings_delta_previous":0.022,"services_delta_previous":0.004,"dominant_metric":"buildings","dominant_change":"appeared","confidence":"medium","evidence":["OSM building footprints and replay-first-visible-year profile","Planning/development-zone pressure proxy","Sentinel/Landsat NDBI source availability","Local raster evidence for 2018: ndbi, ndvi, rgb"]},"geometry":{"type":"Polygon","coordinates":[[[-6.052727,54.622857],[-6.039091,54.622857],[-6.039091,54.635714],[-6.052727,54.635714],[-6.052727,54.622857]]]}},{"type":"Feature","id":"belfast_08_03_2018","properties":{"cell_id":"belfast_08_03","year":2018,"row":8,"col":3,"traffic":0.217,"jobs":0.053,"electricity":0.259,"buildings":0.264,"services":0.066,"development_pressure":0.159,"green_cover":0.313,"bike_access":0.05,"transit_access":0.18,"traffic_pressure":0.174,"planning_intensity":0.071,"deprivation_weight":0.0,"bike_trip_index":0.306,"tree_canopy_context":0.0,"civic_service_context":0.0,"traffic_delta_2016":0.016,"jobs_delta_2016":0.01,"electricity_delta_2016":0.033,"buildings_delta_2016":0.038,"services_delta_2016":0.008,"traffic_delta_previous":0.008,"jobs_delta_previous":0.005,"electricity_delta_previous":0.017,"buildings_delta_previous":0.02,"services_delta_previous":0.004,"dominant_metric":"buildings","dominant_change":"appeared","confidence":"medium","evidence":["OSM building footprints and replay-first-visible-year profile","Planning/development-zone pressure proxy","Sentinel/Landsat NDBI source availability","Local raster evidence for 2018: ndbi, ndvi, rgb"]},"geometry":{"type":"Polygon","coordinates":[[[-6.039091,54.622857],[-6.025455,54.622857],[-6.025455,54.635714],[-6.039091,54.635714],[-6.039091,54.622857]]]}},{"type":"Feature","id":"belfast_08_04_2018","properties":{"cell_id":"belfast_08_04","year":2018,"row":8,"col":4,"traffic":0.211,"jobs":0.053,"electricity":0.255,"buildings":0.253,"services":0.066,"development_pressure":0.144,"green_cover":0.345,"bike_access":0.05,"transit_access":0.18,"traffic_pressure":0.169,"planning_intensity":0.063,"deprivation_weight":0.0,"bike_trip_index":0.306,"tree_canopy_context":0.0,"civic_service_context":0.0,"traffic_delta_2016":0.014,"jobs_delta_2016":0.01,"electricity_delta_2016":0.036,"buildings_delta_2016":0.039,"services_delta_2016":0.008,"traffic_delta_previous":0.008,"jobs_delta_previous":0.005,"electricity_delta_previous":0.02,"buildings_delta_previous":0.022,"services_delta_previous":0.004,"dominant_metric":"buildings","dominant_change":"appeared","confidence":"medium","evidence":["OSM building footprints and replay-first-visible-year profile","Planning/development-zone pressure proxy","Sentinel/Landsat NDBI source availability","Local raster evidence for 2018: ndbi, ndvi, rgb"]},"geometry":{"type":"Polygon","coordinates":[[[-6.025455,54.622857],[-6.011819,54.622857],[-6.011819,54.635714],[-6.025455,54.635714],[-6.025455,54.622857]]]}},{"type":"Feature","id":"belfast_08_05_2018","properties":{"cell_id":"belfast_08_05","year":2018,"row":8,"col":5,"traffic":0.206,"jobs":0.053,"electricity":0.254,"buildings":0.249,"services":0.066,"development_pressure":0.144,"green_cover":0.411,"bike_access":0.05,"transit_access":0.18,"traffic_pressure":0.163,"planning_intensity":0.064,"deprivation_weight":0.099,"bike_trip_index":0.306,"tree_canopy_context":0.0,"civic_service_context":0.0,"traffic_delta_2016":0.018,"jobs_delta_2016":0.01,"electricity_delta_2016":0.04,"buildings_delta_2016":0.049,"services_delta_2016":0.008,"traffic_delta_previous":0.011,"jobs_delta_previous":0.005,"electricity_delta_previous":0.022,"buildings_delta_previous":0.028,"services_delta_previous":0.004,"dominant_metric":"buildings","dominant_change":"appeared","confidence":"medium","evidence":["OSM building footprints and replay-first-visible-year profile","Planning/development-zone pressure proxy","Sentinel/Landsat NDBI source availability","Local raster evidence for 2018: ndbi, ndvi, rgb"]},"geometry":{"type":"Polygon","coordinates":[[[-6.011818,54.622857],[-5.998182,54.622857],[-5.998182,54.635714],[-6.011818,54.635714],[-6.011818,54.622857]]]}},{"type":"Feature","id":"belfast_08_06_2018","properties":{"cell_id":"belfast_08_06","year":2018,"row":8,"col":6,"traffic":0.212,"jobs":0.067,"electricity":0.272,"buildings":0.252,"services":0.074,"development_pressure":0.169,"green_cover":0.652,"bike_access":0.056,"transit_access":0.193,"traffic_pressure":0.17,"planning_intensity":0.072,"deprivation_weight":0.244,"bike_trip_index":0.306,"tree_canopy_context":1.0,"civic_service_context":0.0,"traffic_delta_2016":0.025,"jobs_delta_2016":0.01,"electricity_delta_2016":0.046,"buildings_delta_2016":0.063,"services_delta_2016":0.008,"traffic_delta_previous":0.015,"jobs_delta_previous":0.005,"electricity_delta_previous":0.025,"buildings_delta_previous":0.036,"services_delta_previous":0.004,"dominant_metric":"buildings","dominant_change":"appeared","confidence":"medium","evidence":["OSM building footprints and replay-first-visible-year profile","Planning/development-zone pressure proxy","Sentinel/Landsat NDBI source availability","Local raster evidence for 2018: ndbi, ndvi, rgb"]},"geometry":{"type":"Polygon","coordinates":[[[-5.998182,54.622857],[-5.984546,54.622857],[-5.984546,54.635714],[-5.998182,54.635714],[-5.998182,54.622857]]]}},{"type":"Feature","id":"belfast_08_07_2018","properties":{"cell_id":"belfast_08_07","year":2018,"row":8,"col":7,"traffic":0.254,"jobs":0.104,"electricity":0.31,"buildings":0.287,"services":0.132,"development_pressure":0.217,"green_cover":0.662,"bike_access":0.064,"transit_access":0.212,"traffic_pressure":0.219,"planning_intensity":0.092,"deprivation_weight":0.393,"bike_trip_index":0.306,"tree_canopy_context":1.0,"civic_service_context":0.2,"traffic_delta_2016":0.031,"jobs_delta_2016":0.011,"electricity_delta_2016":0.05,"buildings_delta_2016":0.073,"services_delta_2016":0.008,"traffic_delta_previous":0.017,"jobs_delta_previous":0.005,"electricity_delta_previous":0.027,"buildings_delta_previous":0.039,"services_delta_previous":0.004,"dominant_metric":"buildings","dominant_change":"appeared","confidence":"medium","evidence":["OSM building footprints and replay-first-visible-year profile","Planning/development-zone pressure proxy","Sentinel/Landsat NDBI source availability","Local raster evidence for 2018: ndbi, ndvi, rgb"]},"geometry":{"type":"Polygon","coordinates":[[[-5.984545,54.622857],[-5.970909,54.622857],[-5.970909,54.635714],[-5.984545,54.635714],[-5.984545,54.622857]]]}},{"type":"Feature","id":"belfast_08_08_2018","properties":{"cell_id":"belfast_08_08","year":2018,"row":8,"col":8,"traffic":0.318,"jobs":0.165,"electricity":0.365,"buildings":0.346,"services":0.244,"development_pressure":0.3,"green_cover":0.649,"bike_access":0.072,"transit_access":0.244,"traffic_pressure":0.29,"planning_intensity":0.144,"deprivation_weight":0.557,"bike_trip_index":0.306,"tree_canopy_context":1.0,"civic_service_context":0.6,"traffic_delta_2016":0.034,"jobs_delta_2016":0.012,"electricity_delta_2016":0.052,"buildings_delta_2016":0.078,"services_delta_2016":0.008,"traffic_delta_previous":0.018,"jobs_delta_previous":0.006,"electricity_delta_previous":0.027,"buildings_delta_previous":0.04,"services_delta_previous":0.004,"dominant_metric":"buildings","dominant_change":"appeared","confidence":"medium","evidence":["OSM building footprints and replay-first-visible-year profile","Planning/development-zone pressure proxy","Sentinel/Landsat NDBI source availability","Local raster evidence for 2018: ndbi, ndvi, rgb"]},"geometry":{"type":"Polygon","coordinates":[[[-5.970909,54.622857],[-5.957273,54.622857],[-5.957273,54.635714],[-5.970909,54.635714],[-5.970909,54.622857]]]}},{"type":"Feature","id":"belfast_08_09_2018","properties":{"cell_id":"belfast_08_09","year":2018,"row":8,"col":9,"traffic":0.361,"jobs":0.259,"electricity":0.421,"buildings":0.388,"services":0.345,"development_pressure":0.357,"green_cover":0.643,"bike_access":0.077,"transit_access":0.304,"traffic_pressure":0.341,"planning_intensity":0.181,"deprivation_weight":0.685,"bike_trip_index":0.306,"tree_canopy_context":1.0,"civic_service_context":0.8,"traffic_delta_2016":0.03,"jobs_delta_2016":0.012,"electricity_delta_2016":0.05,"buildings_delta_2016":0.074,"services_delta_2016":0.008,"traffic_delta_previous":0.014,"jobs_delta_previous":0.006,"electricity_delta_previous":0.025,"buildings_delta_previous":0.037,"services_delta_previous":0.004,"dominant_metric":"buildings","dominant_change":"appeared","confidence":"medium","evidence":["OSM building footprints and replay-first-visible-year profile","Planning/development-zone pressure proxy","Sentinel/Landsat NDBI source availability","Local raster evidence for 2018: ndbi, ndvi, rgb"]},"geometry":{"type":"Polygon","coordinates":[[[-5.957273,54.622857],[-5.943637,54.622857],[-5.943637,54.635714],[-5.957273,54.635714],[-5.957273,54.622857]]]}},{"type":"Feature","id":"belfast_08_10_2018","properties":{"cell_id":"belfast_08_10","year":2018,"row":8,"col":10,"traffic":0.374,"jobs":0.308,"electricity":0.448,"buildings":0.409,"services":0.381,"development_pressure":0.377,"green_cover":0.716,"bike_access":0.115,"transit_access":0.332,"traffic_pressure":0.359,"planning_intensity":0.231,"deprivation_weight":0.719,"bike_trip_index":0.306,"tree_canopy_context":1.0,"civic_service_context":0.8,"traffic_delta_2016":0.023,"jobs_delta_2016":0.012,"electricity_delta_2016":0.045,"buildings_delta_2016":0.063,"services_delta_2016":0.008,"traffic_delta_previous":0.011,"jobs_delta_previous":0.006,"electricity_delta_previous":0.023,"buildings_delta_previous":0.031,"services_delta_previous":0.004,"dominant_metric":"buildings","dominant_change":"appeared","confidence":"medium","evidence":["OSM building footprints and replay-first-visible-year profile","Planning/development-zone pressure proxy","Sentinel/Landsat NDBI source availability","Local raster evidence for 2018: ndbi, ndvi, rgb"]},"geometry":{"type":"Polygon","coordinates":[[[-5.943636,54.622857],[-5.93,54.622857],[-5.93,54.635714],[-5.943636,54.635714],[-5.943636,54.622857]]]}},{"type":"Feature","id":"belfast_08_11_2018","properties":{"cell_id":"belfast_08_11","year":2018,"row":8,"col":11,"traffic":0.395,"jobs":0.324,"electricity":0.47,"buildings":0.441,"services":0.322,"development_pressure":0.409,"green_cover":0.772,"bike_access":0.15,"transit_access":0.34,"traffic_pressure":0.383,"planning_intensity":0.313,"deprivation_weight":0.633,"bike_trip_index":0.306,"tree_canopy_context":1.0,"civic_service_context":0.4,"traffic_delta_2016":0.02,"jobs_delta_2016":0.013,"electricity_delta_2016":0.042,"buildings_delta_2016":0.059,"services_delta_2016":0.008,"traffic_delta_previous":0.011,"jobs_delta_previous":0.006,"electricity_delta_previous":0.022,"buildings_delta_previous":0.031,"services_delta_previous":0.004,"dominant_metric":"buildings","dominant_change":"appeared","confidence":"medium","evidence":["OSM building footprints and replay-first-visible-year profile","Planning/development-zone pressure proxy","Sentinel/Landsat NDBI source availability","Local raster evidence for 2018: ndbi, ndvi, rgb"]},"geometry":{"type":"Polygon","coordinates":[[[-5.93,54.622857],[-5.916364,54.622857],[-5.916364,54.635714],[-5.93,54.635714],[-5.93,54.622857]]]}},{"type":"Feature","id":"belfast_08_12_2018","properties":{"cell_id":"belfast_08_12","year":2018,"row":8,"col":12,"traffic":0.401,"jobs":0.34,"electricity":0.477,"buildings":0.45,"services":0.3,"development_pressure":0.413,"green_cover":0.732,"bike_access":0.153,"transit_access":0.354,"traffic_pressure":0.389,"planning_intensity":0.34,"deprivation_weight":0.734,"bike_trip_index":0.306,"tree_canopy_context":1.0,"civic_service_context":0.2,"traffic_delta_2016":0.023,"jobs_delta_2016":0.012,"electricity_delta_2016":0.043,"buildings_delta_2016":0.064,"services_delta_2016":0.008,"traffic_delta_previous":0.014,"jobs_delta_previous":0.006,"electricity_delta_previous":0.023,"buildings_delta_previous":0.035,"services_delta_previous":0.004,"dominant_metric":"buildings","dominant_change":"appeared","confidence":"medium","evidence":["OSM building footprints and replay-first-visible-year profile","Planning/development-zone pressure proxy","Sentinel/Landsat NDBI source availability","Local raster evidence for 2018: ndbi, ndvi, rgb"]},"geometry":{"type":"Polygon","coordinates":[[[-5.916364,54.622857],[-5.902728,54.622857],[-5.902728,54.635714],[-5.916364,54.635714],[-5.916364,54.622857]]]}},{"type":"Feature","id":"belfast_08_13_2018","properties":{"cell_id":"belfast_08_13","year":2018,"row":8,"col":13,"traffic":0.396,"jobs":0.309,"electricity":0.457,"buildings":0.433,"services":0.24,"development_pressure":0.391,"green_cover":0.557,"bike_access":0.122,"transit_access":0.328,"traffic_pressure":0.382,"planning_intensity":0.292,"deprivation_weight":0.765,"bike_trip_index":0.306,"tree_canopy_context":0.0,"civic_service_context":0.0,"traffic_delta_2016":0.028,"jobs_delta_2016":0.011,"electricity_delta_2016":0.047,"buildings_delta_2016":0.073,"services_delta_2016":0.008,"traffic_delta_previous":0.016,"jobs_delta_previous":0.005,"electricity_delta_previous":0.025,"buildings_delta_previous":0.04,"services_delta_previous":0.004,"dominant_metric":"buildings","dominant_change":"appeared","confidence":"medium","evidence":["OSM building footprints and replay-first-visible-year profile","Planning/development-zone pressure proxy","Sentinel/Landsat NDBI source availability","Local raster evidence for 2018: ndbi, ndvi, rgb"]},"geometry":{"type":"Polygon","coordinates":[[[-5.902727,54.622857],[-5.889091,54.622857],[-5.889091,54.635714],[-5.902727,54.635714],[-5.902727,54.622857]]]}},{"type":"Feature","id":"belfast_08_14_2018","properties":{"cell_id":"belfast_08_14","year":2018,"row":8,"col":14,"traffic":0.373,"jobs":0.247,"electricity":0.415,"buildings":0.397,"services":0.192,"development_pressure":0.351,"green_cover":0.409,"bike_access":0.064,"transit_access":0.269,"traffic_pressure":0.35,"planning_intensity":0.216,"deprivation_weight":0.659,"bike_trip_index":0.306,"tree_canopy_context":0.0,"civic_service_context":0.0,"traffic_delta_2016":0.033,"jobs_delta_2016":0.011,"electricity_delta_2016":0.051,"buildings_delta_2016":0.081,"services_delta_2016":0.008,"traffic_delta_previous":0.019,"jobs_delta_previous":0.005,"electricity_delta_previous":0.028,"buildings_delta_previous":0.044,"services_delta_previous":0.004,"dominant_metric":"buildings","dominant_change":"appeared","confidence":"medium","evidence":["OSM building footprints and replay-first-visible-year profile","Planning/development-zone pressure proxy","Sentinel/Landsat NDBI source availability","Local raster evidence for 2018: ndbi, ndvi, rgb"]},"geometry":{"type":"Polygon","coordinates":[[[-5.889091,54.622857],[-5.875455,54.622857],[-5.875455,54.635714],[-5.889091,54.635714],[-5.889091,54.622857]]]}},{"type":"Feature","id":"belfast_08_15_2018","properties":{"cell_id":"belfast_08_15","year":2018,"row":8,"col":15,"traffic":0.323,"jobs":0.156,"electricity":0.355,"buildings":0.362,"services":0.129,"development_pressure":0.301,"green_cover":0.323,"bike_access":0.055,"transit_access":0.192,"traffic_pressure":0.289,"planning_intensity":0.182,"deprivation_weight":0.496,"bike_trip_index":0.306,"tree_canopy_context":0.0,"civic_service_context":0.0,"traffic_delta_2016":0.033,"jobs_delta_2016":0.011,"electricity_delta_2016":0.053,"buildings_delta_2016":0.083,"services_delta_2016":0.008,"traffic_delta_previous":0.017,"jobs_delta_previous":0.005,"electricity_delta_previous":0.028,"buildings_delta_previous":0.044,"services_delta_previous":0.004,"dominant_metric":"buildings","dominant_change":"appeared","confidence":"medium","evidence":["OSM building footprints and replay-first-visible-year profile","Planning/development-zone pressure proxy","Sentinel/Landsat NDBI source availability","Local raster evidence for 2018: ndbi, ndvi, rgb"]},"geometry":{"type":"Polygon","coordinates":[[[-5.875455,54.622857],[-5.861819,54.622857],[-5.861819,54.635714],[-5.875455,54.635714],[-5.875455,54.622857]]]}},{"type":"Feature","id":"belfast_08_16_2018","properties":{"cell_id":"belfast_08_16","year":2018,"row":8,"col":16,"traffic":0.266,"jobs":0.086,"electricity":0.301,"buildings":0.322,"services":0.123,"development_pressure":0.251,"green_cover":0.331,"bike_access":0.05,"transit_access":0.18,"traffic_pressure":0.222,"planning_intensity":0.139,"deprivation_weight":0.316,"bike_trip_index":0.306,"tree_canopy_context":0.0,"civic_service_context":0.2,"traffic_delta_2016":0.03,"jobs_delta_2016":0.01,"electricity_delta_2016":0.053,"buildings_delta_2016":0.077,"services_delta_2016":0.008,"traffic_delta_previous":0.015,"jobs_delta_previous":0.005,"electricity_delta_previous":0.028,"buildings_delta_previous":0.04,"services_delta_previous":0.004,"dominant_metric":"buildings","dominant_change":"appeared","confidence":"medium","evidence":["OSM building footprints and replay-first-visible-year profile","Planning/development-zone pressure proxy","Sentinel/Landsat NDBI source availability","Local raster evidence for 2018: ndbi, ndvi, rgb"]},"geometry":{"type":"Polygon","coordinates":[[[-5.861818,54.622857],[-5.848182,54.622857],[-5.848182,54.635714],[-5.861818,54.635714],[-5.861818,54.622857]]]}},{"type":"Feature","id":"belfast_08_17_2018","properties":{"cell_id":"belfast_08_17","year":2018,"row":8,"col":17,"traffic":0.224,"jobs":0.053,"electricity":0.273,"buildings":0.287,"services":0.066,"development_pressure":0.205,"green_cover":0.367,"bike_access":0.05,"transit_access":0.18,"traffic_pressure":0.177,"planning_intensity":0.094,"deprivation_weight":0.13,"bike_trip_index":0.306,"tree_canopy_context":0.0,"civic_service_context":0.0,"traffic_delta_2016":0.025,"jobs_delta_2016":0.01,"electricity_delta_2016":0.048,"buildings_delta_2016":0.064,"services_delta_2016":0.008,"traffic_delta_previous":0.013,"jobs_delta_previous":0.005,"electricity_delta_previous":0.025,"buildings_delta_previous":0.033,"services_delta_previous":0.004,"dominant_metric":"buildings","dominant_change":"appeared","confidence":"medium","evidence":["OSM building footprints and replay-first-visible-year profile","Planning/development-zone pressure proxy","Sentinel/Landsat NDBI source availability","Local raster evidence for 2018: ndbi, ndvi, rgb"]},"geometry":{"type":"Polygon","coordinates":[[[-5.848182,54.622857],[-5.834546,54.622857],[-5.834546,54.635714],[-5.848182,54.635714],[-5.848182,54.622857]]]}},{"type":"Feature","id":"belfast_08_18_2018","properties":{"cell_id":"belfast_08_18","year":2018,"row":8,"col":18,"traffic":0.227,"jobs":0.053,"electricity":0.275,"buildings":0.292,"services":0.066,"development_pressure":0.212,"green_cover":0.35,"bike_access":0.05,"transit_access":0.18,"traffic_pressure":0.179,"planning_intensity":0.097,"deprivation_weight":0.0,"bike_trip_index":0.306,"tree_canopy_context":0.0,"civic_service_context":0.0,"traffic_delta_2016":0.022,"jobs_delta_2016":0.01,"electricity_delta_2016":0.044,"buildings_delta_2016":0.057,"services_delta_2016":0.008,"traffic_delta_previous":0.012,"jobs_delta_previous":0.005,"electricity_delta_previous":0.022,"buildings_delta_previous":0.029,"services_delta_previous":0.004,"dominant_metric":"buildings","dominant_change":"appeared","confidence":"medium","evidence":["OSM building footprints and replay-first-visible-year profile","Planning/development-zone pressure proxy","Sentinel/Landsat NDBI source availability","Local raster evidence for 2018: ndbi, ndvi, rgb"]},"geometry":{"type":"Polygon","coordinates":[[[-5.834545,54.622857],[-5.820909,54.622857],[-5.820909,54.635714],[-5.834545,54.635714],[-5.834545,54.622857]]]}},{"type":"Feature","id":"belfast_08_19_2018","properties":{"cell_id":"belfast_08_19","year":2018,"row":8,"col":19,"traffic":0.226,"jobs":0.053,"electricity":0.272,"buildings":0.288,"services":0.066,"development_pressure":0.202,"green_cover":0.332,"bike_access":0.05,"transit_access":0.18,"traffic_pressure":0.18,"planning_intensity":0.093,"deprivation_weight":0.0,"bike_trip_index":0.306,"tree_canopy_context":0.0,"civic_service_context":0.0,"traffic_delta_2016":0.021,"jobs_delta_2016":0.01,"electricity_delta_2016":0.038,"buildings_delta_2016":0.049,"services_delta_2016":0.008,"traffic_delta_previous":0.012,"jobs_delta_previous":0.005,"electricity_delta_previous":0.019,"buildings_delta_previous":0.026,"services_delta_previous":0.004,"dominant_metric":"buildings","dominant_change":"appeared","confidence":"medium","evidence":["OSM building footprints and replay-first-visible-year profile","Planning/development-zone pressure proxy","Sentinel/Landsat NDBI source availability","Local raster evidence for 2018: ndbi, ndvi, rgb"]},"geometry":{"type":"Polygon","coordinates":[[[-5.820909,54.622857],[-5.807273,54.622857],[-5.807273,54.635714],[-5.820909,54.635714],[-5.820909,54.622857]]]}},{"type":"Feature","id":"belfast_08_20_2018","properties":{"cell_id":"belfast_08_20","year":2018,"row":8,"col":20,"traffic":0.223,"jobs":0.053,"electricity":0.266,"buildings":0.277,"services":0.066,"development_pressure":0.181,"green_cover":0.308,"bike_access":0.05,"transit_access":0.18,"traffic_pressure":0.178,"planning_intensity":0.082,"deprivation_weight":0.0,"bike_trip_index":0.306,"tree_canopy_context":0.0,"civic_service_context":0.0,"traffic_delta_2016":0.02,"jobs_delta_2016":0.01,"electricity_delta_2016":0.034,"buildings_delta_2016":0.043,"services_delta_2016":0.008,"traffic_delta_previous":0.011,"jobs_delta_previous":0.005,"electricity_delta_previous":0.018,"buildings_delta_previous":0.022,"services_delta_previous":0.004,"dominant_metric":"buildings","dominant_change":"appeared","confidence":"medium","evidence":["OSM building footprints and replay-first-visible-year profile","Planning/development-zone pressure proxy","Sentinel/Landsat NDBI source availability","Local raster evidence for 2018: ndbi, ndvi, rgb"]},"geometry":{"type":"Polygon","coordinates":[[[-5.807273,54.622857],[-5.793637,54.622857],[-5.793637,54.635714],[-5.807273,54.635714],[-5.807273,54.622857]]]}},{"type":"Feature","id":"belfast_08_21_2018","properties":{"cell_id":"belfast_08_21","year":2018,"row":8,"col":21,"traffic":0.218,"jobs":0.053,"electricity":0.259,"buildings":0.264,"services":0.066,"development_pressure":0.158,"green_cover":0.301,"bike_access":0.05,"transit_access":0.18,"traffic_pressure":0.175,"planning_intensity":0.07,"deprivation_weight":0.0,"bike_trip_index":0.306,"tree_canopy_context":0.0,"civic_service_context":0.0,"traffic_delta_2016":0.019,"jobs_delta_2016":0.01,"electricity_delta_2016":0.033,"buildings_delta_2016":0.04,"services_delta_2016":0.008,"traffic_delta_previous":0.01,"jobs_delta_previous":0.005,"electricity_delta_previous":0.018,"buildings_delta_previous":0.021,"services_delta_previous":0.004,"dominant_metric":"buildings","dominant_change":"appeared","confidence":"medium","evidence":["OSM building footprints and replay-first-visible-year profile","Planning/development-zone pressure proxy","Sentinel/Landsat NDBI source availability","Local raster evidence for 2018: ndbi, ndvi, rgb"]},"geometry":{"type":"Polygon","coordinates":[[[-5.793636,54.622857],[-5.78,54.622857],[-5.78,54.635714],[-5.793636,54.635714],[-5.793636,54.622857]]]}},{"type":"Feature","id":"belfast_09_00_2018","properties":{"cell_id":"belfast_09_00","year":2018,"row":9,"col":0,"traffic":0.221,"jobs":0.053,"electricity":0.266,"buildings":0.276,"services":0.066,"development_pressure":0.182,"green_cover":0.34,"bike_access":0.05,"transit_access":0.18,"traffic_pressure":0.176,"planning_intensity":0.083,"deprivation_weight":0.0,"bike_trip_index":0.306,"tree_canopy_context":0.0,"civic_service_context":0.0,"traffic_delta_2016":0.017,"jobs_delta_2016":0.01,"electricity_delta_2016":0.034,"buildings_delta_2016":0.04,"services_delta_2016":0.008,"traffic_delta_previous":0.011,"jobs_delta_previous":0.005,"electricity_delta_previous":0.018,"buildings_delta_previous":0.022,"services_delta_previous":0.004,"dominant_metric":"buildings","dominant_change":"appeared","confidence":"medium","evidence":["OSM building footprints and replay-first-visible-year profile","Planning/development-zone pressure proxy","Sentinel/Landsat NDBI source availability","Local raster evidence for 2018: ndbi, ndvi, rgb"]},"geometry":{"type":"Polygon","coordinates":[[[-6.08,54.635714],[-6.066364,54.635714],[-6.066364,54.648571],[-6.08,54.648571],[-6.08,54.635714]]]}},{"type":"Feature","id":"belfast_09_01_2018","properties":{"cell_id":"belfast_09_01","year":2018,"row":9,"col":1,"traffic":0.217,"jobs":0.053,"electricity":0.259,"buildings":0.264,"services":0.066,"development_pressure":0.159,"green_cover":0.315,"bike_access":0.05,"transit_access":0.18,"traffic_pressure":0.174,"planning_intensity":0.071,"deprivation_weight":0.0,"bike_trip_index":0.306,"tree_canopy_context":0.0,"civic_service_context":0.0,"traffic_delta_2016":0.019,"jobs_delta_2016":0.01,"electricity_delta_2016":0.033,"buildings_delta_2016":0.041,"services_delta_2016":0.008,"traffic_delta_previous":0.011,"jobs_delta_previous":0.005,"electricity_delta_previous":0.018,"buildings_delta_previous":0.023,"services_delta_previous":0.004,"dominant_metric":"buildings","dominant_change":"appeared","confidence":"medium","evidence":["OSM building footprints and replay-first-visible-year profile","Planning/development-zone pressure proxy","Sentinel/Landsat NDBI source availability","Local raster evidence for 2018: ndbi, ndvi, rgb"]},"geometry":{"type":"Polygon","coordinates":[[[-6.066364,54.635714],[-6.052728,54.635714],[-6.052728,54.648571],[-6.066364,54.648571],[-6.066364,54.635714]]]}},{"type":"Feature","id":"belfast_09_02_2018","properties":{"cell_id":"belfast_09_02","year":2018,"row":9,"col":2,"traffic":0.214,"jobs":0.053,"electricity":0.255,"buildings":0.256,"services":0.066,"development_pressure":0.144,"green_cover":0.303,"bike_access":0.05,"transit_access":0.18,"traffic_pressure":0.173,"planning_intensity":0.063,"deprivation_weight":0.0,"bike_trip_index":0.306,"tree_canopy_context":0.0,"civic_service_context":0.0,"traffic_delta_2016":0.021,"jobs_delta_2016":0.01,"electricity_delta_2016":0.036,"buildings_delta_2016":0.045,"services_delta_2016":0.008,"traffic_delta_previous":0.011,"jobs_delta_previous":0.005,"electricity_delta_previous":0.02,"buildings_delta_previous":0.025,"services_delta_previous":0.004,"dominant_metric":"buildings","dominant_change":"appeared","confidence":"medium","evidence":["OSM building footprints and replay-first-visible-year profile","Planning/development-zone pressure proxy","Sentinel/Landsat NDBI source availability","Local raster evidence for 2018: ndbi, ndvi, rgb"]},"geometry":{"type":"Polygon","coordinates":[[[-6.052727,54.635714],[-6.039091,54.635714],[-6.039091,54.648571],[-6.052727,54.648571],[-6.052727,54.635714]]]}},{"type":"Feature","id":"belfast_09_03_2018","properties":{"cell_id":"belfast_09_03","year":2018,"row":9,"col":3,"traffic":0.213,"jobs":0.053,"electricity":0.255,"buildings":0.256,"services":0.066,"development_pressure":0.144,"green_cover":0.316,"bike_access":0.05,"transit_access":0.18,"traffic_pressure":0.172,"planning_intensity":0.064,"deprivation_weight":0.0,"bike_trip_index":0.306,"tree_canopy_context":0.0,"civic_service_context":0.0,"traffic_delta_2016":0.022,"jobs_delta_2016":0.01,"electricity_delta_2016":0.041,"buildings_delta_2016":0.053,"services_delta_2016":0.008,"traffic_delta_previous":0.011,"jobs_delta_previous":0.005,"electricity_delta_previous":0.022,"buildings_delta_previous":0.029,"services_delta_previous":0.004,"dominant_metric":"buildings","dominant_change":"appeared","confidence":"medium","evidence":["OSM building footprints and replay-first-visible-year profile","Planning/development-zone pressure proxy","Sentinel/Landsat NDBI source availability","Local raster evidence for 2018: ndbi, ndvi, rgb"]},"geometry":{"type":"Polygon","coordinates":[[[-6.039091,54.635714],[-6.025455,54.635714],[-6.025455,54.648571],[-6.039091,54.648571],[-6.039091,54.635714]]]}},{"type":"Feature","id":"belfast_09_04_2018","properties":{"cell_id":"belfast_09_04","year":2018,"row":9,"col":4,"traffic":0.215,"jobs":0.053,"electricity":0.26,"buildings":0.263,"services":0.066,"development_pressure":0.16,"green_cover":0.341,"bike_access":0.05,"transit_access":0.18,"traffic_pressure":0.172,"planning_intensity":0.072,"deprivation_weight":0.0,"bike_trip_index":0.306,"tree_canopy_context":0.0,"civic_service_context":0.0,"traffic_delta_2016":0.023,"jobs_delta_2016":0.01,"electricity_delta_2016":0.046,"buildings_delta_2016":0.06,"services_delta_2016":0.008,"traffic_delta_previous":0.012,"jobs_delta_previous":0.005,"electricity_delta_previous":0.025,"buildings_delta_previous":0.033,"services_delta_previous":0.004,"dominant_metric":"buildings","dominant_change":"appeared","confidence":"medium","evidence":["OSM building footprints and replay-first-visible-year profile","Planning/development-zone pressure proxy","Sentinel/Landsat NDBI source availability","Local raster evidence for 2018: ndbi, ndvi, rgb"]},"geometry":{"type":"Polygon","coordinates":[[[-6.025455,54.635714],[-6.011819,54.635714],[-6.011819,54.648571],[-6.025455,54.648571],[-6.025455,54.635714]]]}},{"type":"Feature","id":"belfast_09_05_2018","properties":{"cell_id":"belfast_09_05","year":2018,"row":9,"col":5,"traffic":0.22,"jobs":0.053,"electricity":0.267,"buildings":0.276,"services":0.066,"development_pressure":0.184,"green_cover":0.355,"bike_access":0.05,"transit_access":0.18,"traffic_pressure":0.174,"planning_intensity":0.084,"deprivation_weight":0.0,"bike_trip_index":0.306,"tree_canopy_context":0.0,"civic_service_context":0.0,"traffic_delta_2016":0.026,"jobs_delta_2016":0.01,"electricity_delta_2016":0.049,"buildings_delta_2016":0.066,"services_delta_2016":0.008,"traffic_delta_previous":0.014,"jobs_delta_previous":0.005,"electricity_delta_previous":0.026,"buildings_delta_previous":0.036,"services_delta_previous":0.004,"dominant_metric":"buildings","dominant_change":"appeared","confidence":"medium","evidence":["OSM building footprints and replay-first-visible-year profile","Planning/development-zone pressure proxy","Sentinel/Landsat NDBI source availability","Local raster evidence for 2018: ndbi, ndvi, rgb"]},"geometry":{"type":"Polygon","coordinates":[[[-6.011818,54.635714],[-5.998182,54.635714],[-5.998182,54.648571],[-6.011818,54.648571],[-6.011818,54.635714]]]}},{"type":"Feature","id":"belfast_09_06_2018","properties":{"cell_id":"belfast_09_06","year":2018,"row":9,"col":6,"traffic":0.225,"jobs":0.053,"electricity":0.273,"buildings":0.288,"services":0.066,"development_pressure":0.204,"green_cover":0.343,"bike_access":0.05,"transit_access":0.18,"traffic_pressure":0.179,"planning_intensity":0.094,"deprivation_weight":0.055,"bike_trip_index":0.306,"tree_canopy_context":0.0,"civic_service_context":0.0,"traffic_delta_2016":0.027,"jobs_delta_2016":0.01,"electricity_delta_2016":0.049,"buildings_delta_2016":0.066,"services_delta_2016":0.008,"traffic_delta_previous":0.015,"jobs_delta_previous":0.005,"electricity_delta_previous":0.025,"buildings_delta_previous":0.035,"services_delta_previous":0.004,"dominant_metric":"buildings","dominant_change":"appeared","confidence":"medium","evidence":["OSM building footprints and replay-first-visible-year profile","Planning/development-zone pressure proxy","Sentinel/Landsat NDBI source availability","Local raster evidence for 2018: ndbi, ndvi, rgb"]},"geometry":{"type":"Polygon","coordinates":[[[-5.998182,54.635714],[-5.984546,54.635714],[-5.984546,54.648571],[-5.998182,54.648571],[-5.998182,54.635714]]]}},{"type":"Feature","id":"belfast_09_07_2018","properties":{"cell_id":"belfast_09_07","year":2018,"row":9,"col":7,"traffic":0.229,"jobs":0.053,"electricity":0.275,"buildings":0.294,"services":0.066,"development_pressure":0.212,"green_cover":0.313,"bike_access":0.05,"transit_access":0.18,"traffic_pressure":0.183,"planning_intensity":0.097,"deprivation_weight":0.198,"bike_trip_index":0.306,"tree_canopy_context":0.0,"civic_service_context":0.0,"traffic_delta_2016":0.027,"jobs_delta_2016":0.01,"electricity_delta_2016":0.044,"buildings_delta_2016":0.061,"services_delta_2016":0.008,"traffic_delta_previous":0.014,"jobs_delta_previous":0.005,"electricity_delta_previous":0.022,"buildings_delta_previous":0.031,"services_delta_previous":0.004,"dominant_metric":"buildings","dominant_change":"appeared","confidence":"medium","evidence":["OSM building footprints and replay-first-visible-year profile","Planning/development-zone pressure proxy","Sentinel/Landsat NDBI source availability","Local raster evidence for 2018: ndbi, ndvi, rgb"]},"geometry":{"type":"Polygon","coordinates":[[[-5.984545,54.635714],[-5.970909,54.635714],[-5.970909,54.648571],[-5.984545,54.648571],[-5.984545,54.635714]]]}},{"type":"Feature","id":"belfast_09_08_2018","properties":{"cell_id":"belfast_09_08","year":2018,"row":9,"col":8,"traffic":0.243,"jobs":0.063,"electricity":0.284,"buildings":0.298,"services":0.072,"development_pressure":0.209,"green_cover":0.293,"bike_access":0.054,"transit_access":0.189,"traffic_pressure":0.201,"planning_intensity":0.093,"deprivation_weight":0.314,"bike_trip_index":0.306,"tree_canopy_context":0.0,"civic_service_context":0.0,"traffic_delta_2016":0.024,"jobs_delta_2016":0.011,"electricity_delta_2016":0.039,"buildings_delta_2016":0.052,"services_delta_2016":0.008,"traffic_delta_previous":0.012,"jobs_delta_previous":0.005,"electricity_delta_previous":0.02,"buildings_delta_previous":0.026,"services_delta_previous":0.004,"dominant_metric":"buildings","dominant_change":"appeared","confidence":"medium","evidence":["OSM building footprints and replay-first-visible-year profile","Planning/development-zone pressure proxy","Sentinel/Landsat NDBI source availability","Local raster evidence for 2018: ndbi, ndvi, rgb"]},"geometry":{"type":"Polygon","coordinates":[[[-5.970909,54.635714],[-5.957273,54.635714],[-5.957273,54.648571],[-5.970909,54.648571],[-5.970909,54.635714]]]}},{"type":"Feature","id":"belfast_09_09_2018","properties":{"cell_id":"belfast_09_09","year":2018,"row":9,"col":9,"traffic":0.229,"jobs":0.073,"electricity":0.286,"buildings":0.272,"services":0.077,"development_pressure":0.195,"green_cover":0.603,"bike_access":0.058,"transit_access":0.198,"traffic_pressure":0.189,"planning_intensity":0.082,"deprivation_weight":0.388,"bike_trip_index":0.306,"tree_canopy_context":1.0,"civic_service_context":0.0,"traffic_delta_2016":0.017,"jobs_delta_2016":0.01,"electricity_delta_2016":0.035,"buildings_delta_2016":0.041,"services_delta_2016":0.008,"traffic_delta_previous":0.008,"jobs_delta_previous":0.005,"electricity_delta_previous":0.018,"buildings_delta_previous":0.021,"services_delta_previous":0.004,"dominant_metric":"buildings","dominant_change":"appeared","confidence":"medium","evidence":["OSM building footprints and replay-first-visible-year profile","Planning/development-zone pressure proxy","Sentinel/Landsat NDBI source availability","Local raster evidence for 2018: ndbi, ndvi, rgb"]},"geometry":{"type":"Polygon","coordinates":[[[-5.957273,54.635714],[-5.943637,54.635714],[-5.943637,54.648571],[-5.957273,54.648571],[-5.957273,54.635714]]]}},{"type":"Feature","id":"belfast_09_10_2018","properties":{"cell_id":"belfast_09_10","year":2018,"row":9,"col":10,"traffic":0.23,"jobs":0.124,"electricity":0.296,"buildings":0.269,"services":0.218,"development_pressure":0.186,"green_cover":0.724,"bike_access":0.06,"transit_access":0.203,"traffic_pressure":0.191,"planning_intensity":0.109,"deprivation_weight":0.405,"bike_trip_index":0.306,"tree_canopy_context":1.0,"civic_service_context":0.6,"traffic_delta_2016":0.014,"jobs_delta_2016":0.01,"electricity_delta_2016":0.033,"buildings_delta_2016":0.037,"services_delta_2016":0.008,"traffic_delta_previous":0.007,"jobs_delta_previous":0.005,"electricity_delta_previous":0.018,"buildings_delta_previous":0.02,"services_delta_previous":0.004,"dominant_metric":"buildings","dominant_change":"appeared","confidence":"medium","evidence":["OSM building footprints and replay-first-visible-year profile","Planning/development-zone pressure proxy","Sentinel/Landsat NDBI source availability","Local raster evidence for 2018: ndbi, ndvi, rgb"]},"geometry":{"type":"Polygon","coordinates":[[[-5.943636,54.635714],[-5.93,54.635714],[-5.93,54.648571],[-5.943636,54.648571],[-5.943636,54.635714]]]}},{"type":"Feature","id":"belfast_09_11_2018","properties":{"cell_id":"belfast_09_11","year":2018,"row":9,"col":11,"traffic":0.247,"jobs":0.124,"electricity":0.305,"buildings":0.295,"services":0.218,"development_pressure":0.209,"green_cover":0.779,"bike_access":0.06,"transit_access":0.203,"traffic_pressure":0.21,"planning_intensity":0.178,"deprivation_weight":0.363,"bike_trip_index":0.306,"tree_canopy_context":1.0,"civic_service_context":0.6,"traffic_delta_2016":0.016,"jobs_delta_2016":0.01,"electricity_delta_2016":0.038,"buildings_delta_2016":0.046,"services_delta_2016":0.008,"traffic_delta_previous":0.009,"jobs_delta_previous":0.005,"electricity_delta_previous":0.021,"buildings_delta_previous":0.026,"services_delta_previous":0.004,"dominant_metric":"buildings","dominant_change":"appeared","confidence":"medium","evidence":["OSM building footprints and replay-first-visible-year profile","Planning/development-zone pressure proxy","Sentinel/Landsat NDBI source availability","Local raster evidence for 2018: ndbi, ndvi, rgb"]},"geometry":{"type":"Polygon","coordinates":[[[-5.93,54.635714],[-5.916364,54.635714],[-5.916364,54.648571],[-5.93,54.648571],[-5.93,54.635714]]]}},{"type":"Feature","id":"belfast_09_12_2018","properties":{"cell_id":"belfast_09_12","year":2018,"row":9,"col":12,"traffic":0.272,"jobs":0.14,"electricity":0.317,"buildings":0.325,"services":0.229,"development_pressure":0.227,"green_cover":0.533,"bike_access":0.058,"transit_access":0.198,"traffic_pressure":0.236,"planning_intensity":0.206,"deprivation_weight":0.439,"bike_trip_index":0.306,"tree_canopy_context":0.0,"civic_service_context":0.6,"traffic_delta_2016":0.023,"jobs_delta_2016":0.011,"electricity_delta_2016":0.044,"buildings_delta_2016":0.061,"services_delta_2016":0.008,"traffic_delta_previous":0.014,"jobs_delta_previous":0.005,"electricity_delta_previous":0.024,"buildings_delta_previous":0.035,"services_delta_previous":0.004,"dominant_metric":"buildings","dominant_change":"appeared","confidence":"medium","evidence":["OSM building footprints and replay-first-visible-year profile","Planning/development-zone pressure proxy","Sentinel/Landsat NDBI source availability","Local raster evidence for 2018: ndbi, ndvi, rgb"]},"geometry":{"type":"Polygon","coordinates":[[[-5.916364,54.635714],[-5.902728,54.635714],[-5.902728,54.648571],[-5.916364,54.648571],[-5.916364,54.635714]]]}},{"type":"Feature","id":"belfast_09_13_2018","properties":{"cell_id":"belfast_09_13","year":2018,"row":9,"col":13,"traffic":0.268,"jobs":0.085,"electricity":0.304,"buildings":0.323,"services":0.085,"development_pressure":0.238,"green_cover":0.444,"bike_access":0.054,"transit_access":0.189,"traffic_pressure":0.229,"planning_intensity":0.177,"deprivation_weight":0.453,"bike_trip_index":0.306,"tree_canopy_context":0.0,"civic_service_context":0.0,"traffic_delta_2016":0.031,"jobs_delta_2016":0.01,"electricity_delta_2016":0.051,"buildings_delta_2016":0.074,"services_delta_2016":0.008,"traffic_delta_previous":0.018,"jobs_delta_previous":0.005,"electricity_delta_previous":0.028,"buildings_delta_previous":0.041,"services_delta_previous":0.004,"dominant_metric":"buildings","dominant_change":"appeared","confidence":"medium","evidence":["OSM building footprints and replay-first-visible-year profile","Planning/development-zone pressure proxy","Sentinel/Landsat NDBI source availability","Local raster evidence for 2018: ndbi, ndvi, rgb"]},"geometry":{"type":"Polygon","coordinates":[[[-5.902727,54.635714],[-5.889091,54.635714],[-5.889091,54.648571],[-5.902727,54.648571],[-5.902727,54.635714]]]}},{"type":"Feature","id":"belfast_09_14_2018","properties":{"cell_id":"belfast_09_14","year":2018,"row":9,"col":14,"traffic":0.257,"jobs":0.055,"electricity":0.287,"buildings":0.313,"services":0.067,"development_pressure":0.236,"green_cover":0.324,"bike_access":0.05,"transit_access":0.18,"traffic_pressure":0.213,"planning_intensity":0.127,"deprivation_weight":0.4,"bike_trip_index":0.306,"tree_canopy_context":0.0,"civic_service_context":0.0,"traffic_delta_2016":0.035,"jobs_delta_2016":0.01,"electricity_delta_2016":0.053,"buildings_delta_2016":0.08,"services_delta_2016":0.008,"traffic_delta_previous":0.019,"jobs_delta_previous":0.005,"electricity_delta_previous":0.028,"buildings_delta_previous":0.042,"services_delta_previous":0.004,"dominant_metric":"buildings","dominant_change":"appeared","confidence":"medium","evidence":["OSM building footprints and replay-first-visible-year profile","Planning/development-zone pressure proxy","Sentinel/Landsat NDBI source availability","Local raster evidence for 2018: ndbi, ndvi, rgb"]},"geometry":{"type":"Polygon","coordinates":[[[-5.889091,54.635714],[-5.875455,54.635714],[-5.875455,54.648571],[-5.889091,54.648571],[-5.889091,54.635714]]]}},{"type":"Feature","id":"belfast_09_15_2018","properties":{"cell_id":"belfast_09_15","year":2018,"row":9,"col":15,"traffic":0.24,"jobs":0.053,"electricity":0.279,"buildings":0.302,"services":0.066,"development_pressure":0.22,"green_cover":0.291,"bike_access":0.05,"transit_access":0.18,"traffic_pressure":0.194,"planning_intensity":0.107,"deprivation_weight":0.295,"bike_trip_index":0.306,"tree_canopy_context":0.0,"civic_service_context":0.0,"traffic_delta_2016":0.031,"jobs_delta_2016":0.01,"electricity_delta_2016":0.049,"buildings_delta_2016":0.071,"services_delta_2016":0.008,"traffic_delta_previous":0.016,"jobs_delta_previous":0.005,"electricity_delta_previous":0.025,"buildings_delta_previous":0.035,"services_delta_previous":0.004,"dominant_metric":"buildings","dominant_change":"appeared","confidence":"medium","evidence":["OSM building footprints and replay-first-visible-year profile","Planning/development-zone pressure proxy","Sentinel/Landsat NDBI source availability","Local raster evidence for 2018: ndbi, ndvi, rgb"]},"geometry":{"type":"Polygon","coordinates":[[[-5.875455,54.635714],[-5.861819,54.635714],[-5.861819,54.648571],[-5.875455,54.648571],[-5.875455,54.635714]]]}},{"type":"Feature","id":"belfast_09_16_2018","properties":{"cell_id":"belfast_09_16","year":2018,"row":9,"col":16,"traffic":0.229,"jobs":0.053,"electricity":0.275,"buildings":0.294,"services":0.066,"development_pressure":0.212,"green_cover":0.315,"bike_access":0.05,"transit_access":0.18,"traffic_pressure":0.182,"planning_intensity":0.097,"deprivation_weight":0.157,"bike_trip_index":0.306,"tree_canopy_context":0.0,"civic_service_context":0.0,"traffic_delta_2016":0.023,"jobs_delta_2016":0.01,"electricity_delta_2016":0.043,"buildings_delta_2016":0.057,"services_delta_2016":0.008,"traffic_delta_previous":0.011,"jobs_delta_previous":0.005,"electricity_delta_previous":0.022,"buildings_delta_previous":0.028,"services_delta_previous":0.004,"dominant_metric":"buildings","dominant_change":"appeared","confidence":"medium","evidence":["OSM building footprints and replay-first-visible-year profile","Planning/development-zone pressure proxy","Sentinel/Landsat NDBI source availability","Local raster evidence for 2018: ndbi, ndvi, rgb"]},"geometry":{"type":"Polygon","coordinates":[[[-5.861818,54.635714],[-5.848182,54.635714],[-5.848182,54.648571],[-5.861818,54.648571],[-5.861818,54.635714]]]}},{"type":"Feature","id":"belfast_09_17_2018","properties":{"cell_id":"belfast_09_17","year":2018,"row":9,"col":17,"traffic":0.203,"jobs":0.053,"electricity":0.269,"buildings":0.266,"services":0.066,"development_pressure":0.202,"green_cover":0.647,"bike_access":0.05,"transit_access":0.18,"traffic_pressure":0.152,"planning_intensity":0.093,"deprivation_weight":0.0,"bike_trip_index":0.306,"tree_canopy_context":1.0,"civic_service_context":0.0,"traffic_delta_2016":0.016,"jobs_delta_2016":0.01,"electricity_delta_2016":0.038,"buildings_delta_2016":0.045,"services_delta_2016":0.008,"traffic_delta_previous":0.009,"jobs_delta_previous":0.005,"electricity_delta_previous":0.02,"buildings_delta_previous":0.023,"services_delta_previous":0.004,"dominant_metric":"buildings","dominant_change":"appeared","confidence":"medium","evidence":["OSM building footprints and replay-first-visible-year profile","Planning/development-zone pressure proxy","Sentinel/Landsat NDBI source availability","Local raster evidence for 2018: ndbi, ndvi, rgb"]},"geometry":{"type":"Polygon","coordinates":[[[-5.848182,54.635714],[-5.834546,54.635714],[-5.834546,54.648571],[-5.848182,54.648571],[-5.848182,54.635714]]]}},{"type":"Feature","id":"belfast_09_18_2018","properties":{"cell_id":"belfast_09_18","year":2018,"row":9,"col":18,"traffic":0.197,"jobs":0.053,"electricity":0.262,"buildings":0.253,"services":0.066,"development_pressure":0.181,"green_cover":0.658,"bike_access":0.05,"transit_access":0.18,"traffic_pressure":0.147,"planning_intensity":0.082,"deprivation_weight":0.0,"bike_trip_index":0.306,"tree_canopy_context":1.0,"civic_service_context":0.0,"traffic_delta_2016":0.014,"jobs_delta_2016":0.01,"electricity_delta_2016":0.033,"buildings_delta_2016":0.037,"services_delta_2016":0.008,"traffic_delta_previous":0.008,"jobs_delta_previous":0.005,"electricity_delta_previous":0.018,"buildings_delta_previous":0.02,"services_delta_previous":0.004,"dominant_metric":"buildings","dominant_change":"appeared","confidence":"medium","evidence":["OSM building footprints and replay-first-visible-year profile","Planning/development-zone pressure proxy","Sentinel/Landsat NDBI source availability","Local raster evidence for 2018: ndbi, ndvi, rgb"]},"geometry":{"type":"Polygon","coordinates":[[[-5.834545,54.635714],[-5.820909,54.635714],[-5.820909,54.648571],[-5.834545,54.648571],[-5.834545,54.635714]]]}},{"type":"Feature","id":"belfast_09_19_2018","properties":{"cell_id":"belfast_09_19","year":2018,"row":9,"col":19,"traffic":0.205,"jobs":0.053,"electricity":0.257,"buildings":0.252,"services":0.066,"development_pressure":0.158,"green_cover":0.475,"bike_access":0.05,"transit_access":0.18,"traffic_pressure":0.16,"planning_intensity":0.07,"deprivation_weight":0.0,"bike_trip_index":0.306,"tree_canopy_context":0.447,"civic_service_context":0.0,"traffic_delta_2016":0.017,"jobs_delta_2016":0.01,"electricity_delta_2016":0.033,"buildings_delta_2016":0.038,"services_delta_2016":0.008,"traffic_delta_previous":0.01,"jobs_delta_previous":0.005,"electricity_delta_previous":0.018,"buildings_delta_previous":0.022,"services_delta_previous":0.004,"dominant_metric":"buildings","dominant_change":"appeared","confidence":"medium","evidence":["OSM building footprints and replay-first-visible-year profile","Planning/development-zone pressure proxy","Sentinel/Landsat NDBI source availability","Local raster evidence for 2018: ndbi, ndvi, rgb"]},"geometry":{"type":"Polygon","coordinates":[[[-5.820909,54.635714],[-5.807273,54.635714],[-5.807273,54.648571],[-5.820909,54.648571],[-5.820909,54.635714]]]}},{"type":"Feature","id":"belfast_09_20_2018","properties":{"cell_id":"belfast_09_20","year":2018,"row":9,"col":20,"traffic":0.213,"jobs":0.053,"electricity":0.255,"buildings":0.255,"services":0.066,"development_pressure":0.143,"green_cover":0.315,"bike_access":0.05,"transit_access":0.18,"traffic_pressure":0.172,"planning_intensity":0.063,"deprivation_weight":0.0,"bike_trip_index":0.306,"tree_canopy_context":0.0,"civic_service_context":0.0,"traffic_delta_2016":0.021,"jobs_delta_2016":0.01,"electricity_delta_2016":0.037,"buildings_delta_2016":0.046,"services_delta_2016":0.008,"traffic_delta_previous":0.012,"jobs_delta_previous":0.005,"electricity_delta_previous":0.02,"buildings_delta_previous":0.026,"services_delta_previous":0.004,"dominant_metric":"buildings","dominant_change":"appeared","confidence":"medium","evidence":["OSM building footprints and replay-first-visible-year profile","Planning/development-zone pressure proxy","Sentinel/Landsat NDBI source availability","Local raster evidence for 2018: ndbi, ndvi, rgb"]},"geometry":{"type":"Polygon","coordinates":[[[-5.807273,54.635714],[-5.793637,54.635714],[-5.793637,54.648571],[-5.807273,54.648571],[-5.807273,54.635714]]]}},{"type":"Feature","id":"belfast_09_21_2018","properties":{"cell_id":"belfast_09_21","year":2018,"row":9,"col":21,"traffic":0.214,"jobs":0.053,"electricity":0.255,"buildings":0.257,"services":0.066,"development_pressure":0.145,"green_cover":0.303,"bike_access":0.05,"transit_access":0.18,"traffic_pressure":0.173,"planning_intensity":0.064,"deprivation_weight":0.0,"bike_trip_index":0.306,"tree_canopy_context":0.0,"civic_service_context":0.0,"traffic_delta_2016":0.025,"jobs_delta_2016":0.01,"electricity_delta_2016":0.041,"buildings_delta_2016":0.056,"services_delta_2016":0.008,"traffic_delta_previous":0.013,"jobs_delta_previous":0.005,"electricity_delta_previous":0.022,"buildings_delta_previous":0.031,"services_delta_previous":0.004,"dominant_metric":"buildings","dominant_change":"appeared","confidence":"medium","evidence":["OSM building footprints and replay-first-visible-year profile","Planning/development-zone pressure proxy","Sentinel/Landsat NDBI source availability","Local raster evidence for 2018: ndbi, ndvi, rgb"]},"geometry":{"type":"Polygon","coordinates":[[[-5.793636,54.635714],[-5.78,54.635714],[-5.78,54.648571],[-5.793636,54.648571],[-5.793636,54.635714]]]}},{"type":"Feature","id":"belfast_10_00_2018","properties":{"cell_id":"belfast_10_00","year":2018,"row":10,"col":0,"traffic":0.211,"jobs":0.053,"electricity":0.255,"buildings":0.253,"services":0.066,"development_pressure":0.144,"green_cover":0.347,"bike_access":0.05,"transit_access":0.18,"traffic_pressure":0.169,"planning_intensity":0.063,"deprivation_weight":0.0,"bike_trip_index":0.306,"tree_canopy_context":0.0,"civic_service_context":0.0,"traffic_delta_2016":0.018,"jobs_delta_2016":0.01,"electricity_delta_2016":0.036,"buildings_delta_2016":0.043,"services_delta_2016":0.008,"traffic_delta_previous":0.012,"jobs_delta_previous":0.005,"electricity_delta_previous":0.02,"buildings_delta_previous":0.025,"services_delta_previous":0.004,"dominant_metric":"buildings","dominant_change":"appeared","confidence":"medium","evidence":["OSM building footprints and replay-first-visible-year profile","Planning/development-zone pressure proxy","Sentinel/Landsat NDBI source availability","Local raster evidence for 2018: ndbi, ndvi, rgb"]},"geometry":{"type":"Polygon","coordinates":[[[-6.08,54.648571],[-6.066364,54.648571],[-6.066364,54.661428],[-6.08,54.661428],[-6.08,54.648571]]]}},{"type":"Feature","id":"belfast_10_01_2018","properties":{"cell_id":"belfast_10_01","year":2018,"row":10,"col":1,"traffic":0.213,"jobs":0.053,"electricity":0.255,"buildings":0.256,"services":0.066,"development_pressure":0.144,"green_cover":0.318,"bike_access":0.05,"transit_access":0.18,"traffic_pressure":0.171,"planning_intensity":0.064,"deprivation_weight":0.0,"bike_trip_index":0.306,"tree_canopy_context":0.0,"civic_service_context":0.0,"traffic_delta_2016":0.025,"jobs_delta_2016":0.01,"electricity_delta_2016":0.041,"buildings_delta_2016":0.056,"services_delta_2016":0.008,"traffic_delta_previous":0.015,"jobs_delta_previous":0.005,"electricity_delta_previous":0.023,"buildings_delta_previous":0.032,"services_delta_previous":0.004,"dominant_metric":"buildings","dominant_change":"appeared","confidence":"medium","evidence":["OSM building footprints and replay-first-visible-year profile","Planning/development-zone pressure proxy","Sentinel/Landsat NDBI source availability","Local raster evidence for 2018: ndbi, ndvi, rgb"]},"geometry":{"type":"Polygon","coordinates":[[[-6.066364,54.648571],[-6.052728,54.648571],[-6.052728,54.661428],[-6.066364,54.661428],[-6.066364,54.648571]]]}},{"type":"Feature","id":"belfast_10_02_2018","properties":{"cell_id":"belfast_10_02","year":2018,"row":10,"col":2,"traffic":0.218,"jobs":0.053,"electricity":0.26,"buildings":0.266,"services":0.066,"development_pressure":0.16,"green_cover":0.3,"bike_access":0.05,"transit_access":0.18,"traffic_pressure":0.176,"planning_intensity":0.072,"deprivation_weight":0.0,"bike_trip_index":0.306,"tree_canopy_context":0.0,"civic_service_context":0.0,"traffic_delta_2016":0.029,"jobs_delta_2016":0.01,"electricity_delta_2016":0.047,"buildings_delta_2016":0.066,"services_delta_2016":0.008,"traffic_delta_previous":0.016,"jobs_delta_previous":0.005,"electricity_delta_previous":0.025,"buildings_delta_previous":0.036,"services_delta_previous":0.004,"dominant_metric":"buildings","dominant_change":"appeared","confidence":"medium","evidence":["OSM building footprints and replay-first-visible-year profile","Planning/development-zone pressure proxy","Sentinel/Landsat NDBI source availability","Local raster evidence for 2018: ndbi, ndvi, rgb"]},"geometry":{"type":"Polygon","coordinates":[[[-6.052727,54.648571],[-6.039091,54.648571],[-6.039091,54.661428],[-6.052727,54.661428],[-6.052727,54.648571]]]}},{"type":"Feature","id":"belfast_10_03_2018","properties":{"cell_id":"belfast_10_03","year":2018,"row":10,"col":3,"traffic":0.223,"jobs":0.053,"electricity":0.267,"buildings":0.279,"services":0.066,"development_pressure":0.184,"green_cover":0.308,"bike_access":0.05,"transit_access":0.18,"traffic_pressure":0.179,"planning_intensity":0.084,"deprivation_weight":0.0,"bike_trip_index":0.306,"tree_canopy_context":0.0,"civic_service_context":0.0,"traffic_delta_2016":0.029,"jobs_delta_2016":0.01,"electricity_delta_2016":0.049,"buildings_delta_2016":0.069,"services_delta_2016":0.008,"traffic_delta_previous":0.014,"jobs_delta_previous":0.005,"electricity_delta_previous":0.026,"buildings_delta_previous":0.036,"services_delta_previous":0.004,"dominant_metric":"buildings","dominant_change":"appeared","confidence":"medium","evidence":["OSM building footprints and replay-first-visible-year profile","Planning/development-zone pressure proxy","Sentinel/Landsat NDBI source availability","Local raster evidence for 2018: ndbi, ndvi, rgb"]},"geometry":{"type":"Polygon","coordinates":[[[-6.039091,54.648571],[-6.025455,54.648571],[-6.025455,54.661428],[-6.039091,54.661428],[-6.039091,54.648571]]]}},{"type":"Feature","id":"belfast_10_04_2018","properties":{"cell_id":"belfast_10_04","year":2018,"row":10,"col":4,"traffic":0.226,"jobs":0.053,"electricity":0.273,"buildings":0.289,"services":0.066,"development_pressure":0.204,"green_cover":0.333,"bike_access":0.05,"transit_access":0.18,"traffic_pressure":0.18,"planning_intensity":0.094,"deprivation_weight":0.0,"bike_trip_index":0.306,"tree_canopy_context":0.0,"civic_service_context":0.0,"traffic_delta_2016":0.025,"jobs_delta_2016":0.01,"electricity_delta_2016":0.048,"buildings_delta_2016":0.065,"services_delta_2016":0.008,"traffic_delta_previous":0.012,"jobs_delta_previous":0.005,"electricity_delta_previous":0.025,"buildings_delta_previous":0.033,"services_delta_previous":0.004,"dominant_metric":"buildings","dominant_change":"appeared","confidence":"medium","evidence":["OSM building footprints and replay-first-visible-year profile","Planning/development-zone pressure proxy","Sentinel/Landsat NDBI source availability","Local raster evidence for 2018: ndbi, ndvi, rgb"]},"geometry":{"type":"Polygon","coordinates":[[[-6.025455,54.648571],[-6.011819,54.648571],[-6.011819,54.661428],[-6.025455,54.661428],[-6.025455,54.648571]]]}},{"type":"Feature","id":"belfast_10_05_2018","properties":{"cell_id":"belfast_10_05","year":2018,"row":10,"col":5,"traffic":0.227,"jobs":0.053,"electricity":0.275,"buildings":0.292,"services":0.066,"development_pressure":0.212,"green_cover":0.35,"bike_access":0.05,"transit_access":0.18,"traffic_pressure":0.179,"planning_intensity":0.097,"deprivation_weight":0.0,"bike_trip_index":0.306,"tree_canopy_context":0.0,"civic_service_context":0.0,"traffic_delta_2016":0.022,"jobs_delta_2016":0.01,"electricity_delta_2016":0.044,"buildings_delta_2016":0.056,"services_delta_2016":0.008,"traffic_delta_previous":0.012,"jobs_delta_previous":0.005,"electricity_delta_previous":0.022,"buildings_delta_previous":0.029,"services_delta_previous":0.004,"dominant_metric":"buildings","dominant_change":"appeared","confidence":"medium","evidence":["OSM building footprints and replay-first-visible-year profile","Planning/development-zone pressure proxy","Sentinel/Landsat NDBI source availability","Local raster evidence for 2018: ndbi, ndvi, rgb"]},"geometry":{"type":"Polygon","coordinates":[[[-6.011818,54.648571],[-5.998182,54.648571],[-5.998182,54.661428],[-6.011818,54.661428],[-6.011818,54.648571]]]}},{"type":"Feature","id":"belfast_10_06_2018","properties":{"cell_id":"belfast_10_06","year":2018,"row":10,"col":6,"traffic":0.225,"jobs":0.053,"electricity":0.272,"buildings":0.287,"services":0.066,"development_pressure":0.203,"green_cover":0.343,"bike_access":0.05,"transit_access":0.18,"traffic_pressure":0.179,"planning_intensity":0.093,"deprivation_weight":0.0,"bike_trip_index":0.306,"tree_canopy_context":0.0,"civic_service_context":0.0,"traffic_delta_2016":0.019,"jobs_delta_2016":0.01,"electricity_delta_2016":0.038,"buildings_delta_2016":0.047,"services_delta_2016":0.008,"traffic_delta_previous":0.011,"jobs_delta_previous":0.005,"electricity_delta_previous":0.019,"buildings_delta_previous":0.025,"services_delta_previous":0.004,"dominant_metric":"buildings","dominant_change":"appeared","confidence":"medium","evidence":["OSM building footprints and replay-first-visible-year profile","Planning/development-zone pressure proxy","Sentinel/Landsat NDBI source availability","Local raster evidence for 2018: ndbi, ndvi, rgb"]},"geometry":{"type":"Polygon","coordinates":[[[-5.998182,54.648571],[-5.984546,54.648571],[-5.984546,54.661428],[-5.998182,54.661428],[-5.998182,54.648571]]]}},{"type":"Feature","id":"belfast_10_07_2018","properties":{"cell_id":"belfast_10_07","year":2018,"row":10,"col":7,"traffic":0.222,"jobs":0.053,"electricity":0.266,"buildings":0.277,"services":0.066,"development_pressure":0.182,"green_cover":0.319,"bike_access":0.05,"transit_access":0.18,"traffic_pressure":0.177,"planning_intensity":0.082,"deprivation_weight":0.0,"bike_trip_index":0.306,"tree_canopy_context":0.0,"civic_service_context":0.0,"traffic_delta_2016":0.019,"jobs_delta_2016":0.01,"electricity_delta_2016":0.034,"buildings_delta_2016":0.042,"services_delta_2016":0.008,"traffic_delta_previous":0.011,"jobs_delta_previous":0.005,"electricity_delta_previous":0.018,"buildings_delta_previous":0.023,"services_delta_previous":0.004,"dominant_metric":"buildings","dominant_change":"appeared","confidence":"medium","evidence":["OSM building footprints and replay-first-visible-year profile","Planning/development-zone pressure proxy","Sentinel/Landsat NDBI source availability","Local raster evidence for 2018: ndbi, ndvi, rgb"]},"geometry":{"type":"Polygon","coordinates":[[[-5.984545,54.648571],[-5.970909,54.648571],[-5.970909,54.661428],[-5.984545,54.661428],[-5.984545,54.648571]]]}},{"type":"Feature","id":"belfast_10_08_2018","properties":{"cell_id":"belfast_10_08","year":2018,"row":10,"col":8,"traffic":0.218,"jobs":0.053,"electricity":0.259,"buildings":0.265,"services":0.066,"development_pressure":0.158,"green_cover":0.302,"bike_access":0.05,"transit_access":0.18,"traffic_pressure":0.175,"planning_intensity":0.071,"deprivation_weight":0.028,"bike_trip_index":0.306,"tree_canopy_context":0.0,"civic_service_context":0.0,"traffic_delta_2016":0.019,"jobs_delta_2016":0.01,"electricity_delta_2016":0.033,"buildings_delta_2016":0.041,"services_delta_2016":0.008,"traffic_delta_previous":0.011,"jobs_delta_previous":0.005,"electricity_delta_previous":0.018,"buildings_delta_previous":0.023,"services_delta_previous":0.004,"dominant_metric":"buildings","dominant_change":"appeared","confidence":"medium","evidence":["OSM building footprints and replay-first-visible-year profile","Planning/development-zone pressure proxy","Sentinel/Landsat NDBI source availability","Local raster evidence for 2018: ndbi, ndvi, rgb"]},"geometry":{"type":"Polygon","coordinates":[[[-5.970909,54.648571],[-5.957273,54.648571],[-5.957273,54.661428],[-5.970909,54.661428],[-5.970909,54.648571]]]}},{"type":"Feature","id":"belfast_10_09_2018","properties":{"cell_id":"belfast_10_09","year":2018,"row":10,"col":9,"traffic":0.192,"jobs":0.053,"electricity":0.251,"buildings":0.235,"services":0.066,"development_pressure":0.143,"green_cover":0.612,"bike_access":0.05,"transit_access":0.18,"traffic_pressure":0.145,"planning_intensity":0.063,"deprivation_weight":0.079,"bike_trip_index":0.306,"tree_canopy_context":1.0,"civic_service_context":0.0,"traffic_delta_2016":0.019,"jobs_delta_2016":0.01,"electricity_delta_2016":0.036,"buildings_delta_2016":0.044,"services_delta_2016":0.008,"traffic_delta_previous":0.01,"jobs_delta_previous":0.005,"electricity_delta_previous":0.019,"buildings_delta_previous":0.025,"services_delta_previous":0.004,"dominant_metric":"buildings","dominant_change":"appeared","confidence":"medium","evidence":["OSM building footprints and replay-first-visible-year profile","Planning/development-zone pressure proxy","Sentinel/Landsat NDBI source availability","Local raster evidence for 2018: ndbi, ndvi, rgb"]},"geometry":{"type":"Polygon","coordinates":[[[-5.957273,54.648571],[-5.943637,54.648571],[-5.943637,54.661428],[-5.957273,54.661428],[-5.957273,54.648571]]]}},{"type":"Feature","id":"belfast_10_10_2018","properties":{"cell_id":"belfast_10_10","year":2018,"row":10,"col":10,"traffic":0.186,"jobs":0.068,"electricity":0.254,"buildings":0.23,"services":0.112,"development_pressure":0.144,"green_cover":0.686,"bike_access":0.05,"transit_access":0.18,"traffic_pressure":0.139,"planning_intensity":0.064,"deprivation_weight":0.09,"bike_trip_index":0.306,"tree_canopy_context":1.0,"civic_service_context":0.2,"traffic_delta_2016":0.019,"jobs_delta_2016":0.01,"electricity_delta_2016":0.041,"buildings_delta_2016":0.051,"services_delta_2016":0.008,"traffic_delta_previous":0.01,"jobs_delta_previous":0.005,"electricity_delta_previous":0.023,"buildings_delta_previous":0.028,"services_delta_previous":0.004,"dominant_metric":"buildings","dominant_change":"appeared","confidence":"medium","evidence":["OSM building footprints and replay-first-visible-year profile","Planning/development-zone pressure proxy","Sentinel/Landsat NDBI source availability","Local raster evidence for 2018: ndbi, ndvi, rgb"]},"geometry":{"type":"Polygon","coordinates":[[[-5.943636,54.648571],[-5.93,54.648571],[-5.93,54.661428],[-5.943636,54.661428],[-5.943636,54.648571]]]}},{"type":"Feature","id":"belfast_10_11_2018","properties":{"cell_id":"belfast_10_11","year":2018,"row":10,"col":11,"traffic":0.206,"jobs":0.083,"electricity":0.264,"buildings":0.261,"services":0.158,"development_pressure":0.161,"green_cover":0.468,"bike_access":0.05,"transit_access":0.18,"traffic_pressure":0.161,"planning_intensity":0.095,"deprivation_weight":0.078,"bike_trip_index":0.306,"tree_canopy_context":0.153,"civic_service_context":0.4,"traffic_delta_2016":0.023,"jobs_delta_2016":0.01,"electricity_delta_2016":0.046,"buildings_delta_2016":0.06,"services_delta_2016":0.008,"traffic_delta_previous":0.013,"jobs_delta_previous":0.005,"electricity_delta_previous":0.025,"buildings_delta_previous":0.033,"services_delta_previous":0.004,"dominant_metric":"buildings","dominant_change":"appeared","confidence":"medium","evidence":["OSM building footprints and replay-first-visible-year profile","Planning/development-zone pressure proxy","Sentinel/Landsat NDBI source availability","Local raster evidence for 2018: ndbi, ndvi, rgb"]},"geometry":{"type":"Polygon","coordinates":[[[-5.93,54.648571],[-5.916364,54.648571],[-5.916364,54.661428],[-5.93,54.661428],[-5.93,54.648571]]]}},{"type":"Feature","id":"belfast_10_12_2018","properties":{"cell_id":"belfast_10_12","year":2018,"row":10,"col":12,"traffic":0.213,"jobs":0.068,"electricity":0.268,"buildings":0.286,"services":0.112,"development_pressure":0.184,"green_cover":0.445,"bike_access":0.05,"transit_access":0.18,"traffic_pressure":0.167,"planning_intensity":0.143,"deprivation_weight":0.129,"bike_trip_index":0.306,"tree_canopy_context":0.0,"civic_service_context":0.2,"traffic_delta_2016":0.027,"jobs_delta_2016":0.01,"electricity_delta_2016":0.049,"buildings_delta_2016":0.067,"services_delta_2016":0.008,"traffic_delta_previous":0.015,"jobs_delta_previous":0.005,"electricity_delta_previous":0.026,"buildings_delta_previous":0.036,"services_delta_previous":0.004,"dominant_metric":"buildings","dominant_change":"appeared","confidence":"medium","evidence":["OSM building footprints and replay-first-visible-year profile","Planning/development-zone pressure proxy","Sentinel/Landsat NDBI source availability","Local raster evidence for 2018: ndbi, ndvi, rgb"]},"geometry":{"type":"Polygon","coordinates":[[[-5.916364,54.648571],[-5.902728,54.648571],[-5.902728,54.661428],[-5.916364,54.661428],[-5.916364,54.648571]]]}},{"type":"Feature","id":"belfast_10_13_2018","properties":{"cell_id":"belfast_10_13","year":2018,"row":10,"col":13,"traffic":0.223,"jobs":0.053,"electricity":0.273,"buildings":0.304,"services":0.066,"development_pressure":0.205,"green_cover":0.372,"bike_access":0.05,"transit_access":0.18,"traffic_pressure":0.176,"planning_intensity":0.156,"deprivation_weight":0.138,"bike_trip_index":0.306,"tree_canopy_context":0.0,"civic_service_context":0.0,"traffic_delta_2016":0.029,"jobs_delta_2016":0.01,"electricity_delta_2016":0.049,"buildings_delta_2016":0.069,"services_delta_2016":0.008,"traffic_delta_previous":0.016,"jobs_delta_previous":0.005,"electricity_delta_previous":0.026,"buildings_delta_previous":0.037,"services_delta_previous":0.004,"dominant_metric":"buildings","dominant_change":"appeared","confidence":"medium","evidence":["OSM building footprints and replay-first-visible-year profile","Planning/development-zone pressure proxy","Sentinel/Landsat NDBI source availability","Local raster evidence for 2018: ndbi, ndvi, rgb"]},"geometry":{"type":"Polygon","coordinates":[[[-5.902727,54.648571],[-5.889091,54.648571],[-5.889091,54.661428],[-5.902727,54.661428],[-5.902727,54.648571]]]}},{"type":"Feature","id":"belfast_10_14_2018","properties":{"cell_id":"belfast_10_14","year":2018,"row":10,"col":14,"traffic":0.229,"jobs":0.053,"electricity":0.275,"buildings":0.302,"services":0.066,"development_pressure":0.212,"green_cover":0.318,"bike_access":0.05,"transit_access":0.18,"traffic_pressure":0.182,"planning_intensity":0.125,"deprivation_weight":0.104,"bike_trip_index":0.306,"tree_canopy_context":0.0,"civic_service_context":0.0,"traffic_delta_2016":0.028,"jobs_delta_2016":0.01,"electricity_delta_2016":0.044,"buildings_delta_2016":0.062,"services_delta_2016":0.008,"traffic_delta_previous":0.015,"jobs_delta_previous":0.005,"electricity_delta_previous":0.022,"buildings_delta_previous":0.032,"services_delta_previous":0.004,"dominant_metric":"buildings","dominant_change":"appeared","confidence":"medium","evidence":["OSM building footprints and replay-first-visible-year profile","Planning/development-zone pressure proxy","Sentinel/Landsat NDBI source availability","Local raster evidence for 2018: ndbi, ndvi, rgb"]},"geometry":{"type":"Polygon","coordinates":[[[-5.889091,54.648571],[-5.875455,54.648571],[-5.875455,54.661428],[-5.889091,54.661428],[-5.889091,54.648571]]]}},{"type":"Feature","id":"belfast_10_15_2018","properties":{"cell_id":"belfast_10_15","year":2018,"row":10,"col":15,"traffic":0.229,"jobs":0.053,"electricity":0.273,"buildings":0.29,"services":0.066,"development_pressure":0.202,"green_cover":0.295,"bike_access":0.05,"transit_access":0.18,"traffic_pressure":0.183,"planning_intensity":0.093,"deprivation_weight":0.03,"bike_trip_index":0.306,"tree_canopy_context":0.0,"civic_service_context":0.0,"traffic_delta_2016":0.022,"jobs_delta_2016":0.01,"electricity_delta_2016":0.039,"buildings_delta_2016":0.05,"services_delta_2016":0.008,"traffic_delta_previous":0.011,"jobs_delta_previous":0.005,"electricity_delta_previous":0.02,"buildings_delta_previous":0.024,"services_delta_previous":0.004,"dominant_metric":"buildings","dominant_change":"appeared","confidence":"medium","evidence":["OSM building footprints and replay-first-visible-year profile","Planning/development-zone pressure proxy","Sentinel/Landsat NDBI source availability","Local raster evidence for 2018: ndbi, ndvi, rgb"]},"geometry":{"type":"Polygon","coordinates":[[[-5.875455,54.648571],[-5.861819,54.648571],[-5.861819,54.661428],[-5.875455,54.661428],[-5.875455,54.648571]]]}},{"type":"Feature","id":"belfast_10_16_2018","properties":{"cell_id":"belfast_10_16","year":2018,"row":10,"col":16,"traffic":0.222,"jobs":0.053,"electricity":0.266,"buildings":0.276,"services":0.066,"development_pressure":0.181,"green_cover":0.321,"bike_access":0.05,"transit_access":0.18,"traffic_pressure":0.177,"planning_intensity":0.082,"deprivation_weight":0.0,"bike_trip_index":0.306,"tree_canopy_context":0.0,"civic_service_context":0.0,"traffic_delta_2016":0.015,"jobs_delta_2016":0.01,"electricity_delta_2016":0.034,"buildings_delta_2016":0.038,"services_delta_2016":0.008,"traffic_delta_previous":0.008,"jobs_delta_previous":0.005,"electricity_delta_previous":0.017,"buildings_delta_previous":0.019,"services_delta_previous":0.004,"dominant_metric":"buildings","dominant_change":"appeared","confidence":"medium","evidence":["OSM building footprints and replay-first-visible-year profile","Planning/development-zone pressure proxy","Sentinel/Landsat NDBI source availability","Local raster evidence for 2018: ndbi, ndvi, rgb"]},"geometry":{"type":"Polygon","coordinates":[[[-5.861818,54.648571],[-5.848182,54.648571],[-5.848182,54.661428],[-5.861818,54.661428],[-5.861818,54.648571]]]}},{"type":"Feature","id":"belfast_10_17_2018","properties":{"cell_id":"belfast_10_17","year":2018,"row":10,"col":17,"traffic":0.214,"jobs":0.053,"electricity":0.259,"buildings":0.261,"services":0.066,"development_pressure":0.158,"green_cover":0.353,"bike_access":0.05,"transit_access":0.18,"traffic_pressure":0.171,"planning_intensity":0.07,"deprivation_weight":0.0,"bike_trip_index":0.306,"tree_canopy_context":0.0,"civic_service_context":0.0,"traffic_delta_2016":0.012,"jobs_delta_2016":0.01,"electricity_delta_2016":0.033,"buildings_delta_2016":0.034,"services_delta_2016":0.008,"traffic_delta_previous":0.007,"jobs_delta_previous":0.005,"electricity_delta_previous":0.018,"buildings_delta_previous":0.019,"services_delta_previous":0.004,"dominant_metric":"buildings","dominant_change":"stable","confidence":"medium","evidence":["OSM building footprints and replay-first-visible-year profile","Planning/development-zone pressure proxy","Sentinel/Landsat NDBI source availability","Local raster evidence for 2018: ndbi, ndvi, rgb"]},"geometry":{"type":"Polygon","coordinates":[[[-5.848182,54.648571],[-5.834546,54.648571],[-5.834546,54.661428],[-5.848182,54.661428],[-5.848182,54.648571]]]}},{"type":"Feature","id":"belfast_10_18_2018","properties":{"cell_id":"belfast_10_18","year":2018,"row":10,"col":18,"traffic":0.21,"jobs":0.053,"electricity":0.254,"buildings":0.252,"services":0.066,"development_pressure":0.143,"green_cover":0.362,"bike_access":0.05,"transit_access":0.18,"traffic_pressure":0.167,"planning_intensity":0.063,"deprivation_weight":0.0,"bike_trip_index":0.306,"tree_canopy_context":0.0,"civic_service_context":0.0,"traffic_delta_2016":0.016,"jobs_delta_2016":0.01,"electricity_delta_2016":0.035,"buildings_delta_2016":0.041,"services_delta_2016":0.008,"traffic_delta_previous":0.01,"jobs_delta_previous":0.005,"electricity_delta_previous":0.019,"buildings_delta_previous":0.024,"services_delta_previous":0.004,"dominant_metric":"buildings","dominant_change":"appeared","confidence":"medium","evidence":["OSM building footprints and replay-first-visible-year profile","Planning/development-zone pressure proxy","Sentinel/Landsat NDBI source availability","Local raster evidence for 2018: ndbi, ndvi, rgb"]},"geometry":{"type":"Polygon","coordinates":[[[-5.834545,54.648571],[-5.820909,54.648571],[-5.820909,54.661428],[-5.834545,54.661428],[-5.834545,54.648571]]]}},{"type":"Feature","id":"belfast_10_19_2018","properties":{"cell_id":"belfast_10_19","year":2018,"row":10,"col":19,"traffic":0.212,"jobs":0.053,"electricity":0.255,"buildings":0.254,"services":0.066,"development_pressure":0.145,"green_cover":0.343,"bike_access":0.05,"transit_access":0.18,"traffic_pressure":0.169,"planning_intensity":0.064,"deprivation_weight":0.0,"bike_trip_index":0.306,"tree_canopy_context":0.0,"civic_service_context":0.0,"traffic_delta_2016":0.023,"jobs_delta_2016":0.01,"electricity_delta_2016":0.042,"buildings_delta_2016":0.054,"services_delta_2016":0.008,"traffic_delta_previous":0.015,"jobs_delta_previous":0.005,"electricity_delta_previous":0.023,"buildings_delta_previous":0.031,"services_delta_previous":0.004,"dominant_metric":"buildings","dominant_change":"appeared","confidence":"medium","evidence":["OSM building footprints and replay-first-visible-year profile","Planning/development-zone pressure proxy","Sentinel/Landsat NDBI source availability","Local raster evidence for 2018: ndbi, ndvi, rgb"]},"geometry":{"type":"Polygon","coordinates":[[[-5.820909,54.648571],[-5.807273,54.648571],[-5.807273,54.661428],[-5.820909,54.661428],[-5.820909,54.648571]]]}},{"type":"Feature","id":"belfast_10_20_2018","properties":{"cell_id":"belfast_10_20","year":2018,"row":10,"col":20,"traffic":0.218,"jobs":0.053,"electricity":0.26,"buildings":0.266,"services":0.066,"development_pressure":0.161,"green_cover":0.311,"bike_access":0.05,"transit_access":0.18,"traffic_pressure":0.175,"planning_intensity":0.072,"deprivation_weight":0.0,"bike_trip_index":0.306,"tree_canopy_context":0.0,"civic_service_context":0.0,"traffic_delta_2016":0.03,"jobs_delta_2016":0.01,"electricity_delta_2016":0.047,"buildings_delta_2016":0.067,"services_delta_2016":0.008,"traffic_delta_previous":0.017,"jobs_delta_previous":0.005,"electricity_delta_previous":0.025,"buildings_delta_previous":0.037,"services_delta_previous":0.004,"dominant_metric":"buildings","dominant_change":"appeared","confidence":"medium","evidence":["OSM building footprints and replay-first-visible-year profile","Planning/development-zone pressure proxy","Sentinel/Landsat NDBI source availability","Local raster evidence for 2018: ndbi, ndvi, rgb"]},"geometry":{"type":"Polygon","coordinates":[[[-5.807273,54.648571],[-5.793637,54.648571],[-5.793637,54.661428],[-5.807273,54.661428],[-5.807273,54.648571]]]}},{"type":"Feature","id":"belfast_10_21_2018","properties":{"cell_id":"belfast_10_21","year":2018,"row":10,"col":21,"traffic":0.224,"jobs":0.053,"electricity":0.268,"buildings":0.28,"services":0.066,"development_pressure":0.185,"green_cover":0.296,"bike_access":0.05,"transit_access":0.18,"traffic_pressure":0.18,"planning_intensity":0.084,"deprivation_weight":0.0,"bike_trip_index":0.306,"tree_canopy_context":0.0,"civic_service_context":0.0,"traffic_delta_2016":0.031,"jobs_delta_2016":0.01,"electricity_delta_2016":0.05,"buildings_delta_2016":0.071,"services_delta_2016":0.008,"traffic_delta_previous":0.016,"jobs_delta_previous":0.005,"electricity_delta_previous":0.027,"buildings_delta_previous":0.037,"services_delta_previous":0.004,"dominant_metric":"buildings","dominant_change":"appeared","confidence":"medium","evidence":["OSM building footprints and replay-first-visible-year profile","Planning/development-zone pressure proxy","Sentinel/Landsat NDBI source availability","Local raster evidence for 2018: ndbi, ndvi, rgb"]},"geometry":{"type":"Polygon","coordinates":[[[-5.793636,54.648571],[-5.78,54.648571],[-5.78,54.661428],[-5.793636,54.661428],[-5.793636,54.648571]]]}},{"type":"Feature","id":"belfast_11_00_2018","properties":{"cell_id":"belfast_11_00","year":2018,"row":11,"col":0,"traffic":0.215,"jobs":0.053,"electricity":0.26,"buildings":0.263,"services":0.066,"development_pressure":0.16,"green_cover":0.344,"bike_access":0.05,"transit_access":0.18,"traffic_pressure":0.172,"planning_intensity":0.072,"deprivation_weight":0.0,"bike_trip_index":0.306,"tree_canopy_context":0.0,"civic_service_context":0.0,"traffic_delta_2016":0.027,"jobs_delta_2016":0.01,"electricity_delta_2016":0.047,"buildings_delta_2016":0.064,"services_delta_2016":0.008,"traffic_delta_previous":0.016,"jobs_delta_previous":0.005,"electricity_delta_previous":0.026,"buildings_delta_previous":0.036,"services_delta_previous":0.004,"dominant_metric":"buildings","dominant_change":"appeared","confidence":"medium","evidence":["OSM building footprints and replay-first-visible-year profile","Planning/development-zone pressure proxy","Sentinel/Landsat NDBI source availability","Local raster evidence for 2018: ndbi, ndvi, rgb"]},"geometry":{"type":"Polygon","coordinates":[[[-6.08,54.661429],[-6.066364,54.661429],[-6.066364,54.674286],[-6.08,54.674286],[-6.08,54.661429]]]}},{"type":"Feature","id":"belfast_11_01_2018","properties":{"cell_id":"belfast_11_01","year":2018,"row":11,"col":1,"traffic":0.223,"jobs":0.053,"electricity":0.267,"buildings":0.279,"services":0.066,"development_pressure":0.184,"green_cover":0.311,"bike_access":0.05,"transit_access":0.18,"traffic_pressure":0.178,"planning_intensity":0.084,"deprivation_weight":0.0,"bike_trip_index":0.306,"tree_canopy_context":0.0,"civic_service_context":0.0,"traffic_delta_2016":0.032,"jobs_delta_2016":0.01,"electricity_delta_2016":0.05,"buildings_delta_2016":0.072,"services_delta_2016":0.008,"traffic_delta_previous":0.018,"jobs_delta_previous":0.005,"electricity_delta_previous":0.026,"buildings_delta_previous":0.039,"services_delta_previous":0.004,"dominant_metric":"buildings","dominant_change":"appeared","confidence":"medium","evidence":["OSM building footprints and replay-first-visible-year profile","Planning/development-zone pressure proxy","Sentinel/Landsat NDBI source availability","Local raster evidence for 2018: ndbi, ndvi, rgb"]},"geometry":{"type":"Polygon","coordinates":[[[-6.066364,54.661429],[-6.052728,54.661429],[-6.052728,54.674286],[-6.066364,54.674286],[-6.066364,54.661429]]]}},{"type":"Feature","id":"belfast_11_02_2018","properties":{"cell_id":"belfast_11_02","year":2018,"row":11,"col":2,"traffic":0.229,"jobs":0.053,"electricity":0.273,"buildings":0.292,"services":0.066,"development_pressure":0.204,"green_cover":0.292,"bike_access":0.05,"transit_access":0.18,"traffic_pressure":0.183,"planning_intensity":0.094,"deprivation_weight":0.0,"bike_trip_index":0.306,"tree_canopy_context":0.0,"civic_service_context":0.0,"traffic_delta_2016":0.031,"jobs_delta_2016":0.01,"electricity_delta_2016":0.049,"buildings_delta_2016":0.071,"services_delta_2016":0.008,"traffic_delta_previous":0.016,"jobs_delta_previous":0.005,"electricity_delta_previous":0.025,"buildings_delta_previous":0.036,"services_delta_previous":0.004,"dominant_metric":"buildings","dominant_change":"appeared","confidence":"medium","evidence":["OSM building footprints and replay-first-visible-year profile","Planning/development-zone pressure proxy","Sentinel/Landsat NDBI source availability","Local raster evidence for 2018: ndbi, ndvi, rgb"]},"geometry":{"type":"Polygon","coordinates":[[[-6.052727,54.661429],[-6.039091,54.661429],[-6.039091,54.674286],[-6.052727,54.674286],[-6.052727,54.661429]]]}},{"type":"Feature","id":"belfast_11_03_2018","properties":{"cell_id":"belfast_11_03","year":2018,"row":11,"col":3,"traffic":0.23,"jobs":0.053,"electricity":0.276,"buildings":0.295,"services":0.066,"development_pressure":0.212,"green_cover":0.303,"bike_access":0.05,"transit_access":0.18,"traffic_pressure":0.184,"planning_intensity":0.097,"deprivation_weight":0.0,"bike_trip_index":0.306,"tree_canopy_context":0.0,"civic_service_context":0.0,"traffic_delta_2016":0.025,"jobs_delta_2016":0.01,"electricity_delta_2016":0.045,"buildings_delta_2016":0.059,"services_delta_2016":0.008,"traffic_delta_previous":0.012,"jobs_delta_previous":0.005,"electricity_delta_previous":0.023,"buildings_delta_previous":0.029,"services_delta_previous":0.004,"dominant_metric":"buildings","dominant_change":"appeared","confidence":"medium","evidence":["OSM building footprints and replay-first-visible-year profile","Planning/development-zone pressure proxy","Sentinel/Landsat NDBI source availability","Local raster evidence for 2018: ndbi, ndvi, rgb"]},"geometry":{"type":"Polygon","coordinates":[[[-6.039091,54.661429],[-6.025455,54.661429],[-6.025455,54.674286],[-6.039091,54.674286],[-6.039091,54.661429]]]}},{"type":"Feature","id":"belfast_11_04_2018","properties":{"cell_id":"belfast_11_04","year":2018,"row":11,"col":4,"traffic":0.226,"jobs":0.053,"electricity":0.273,"buildings":0.288,"services":0.066,"development_pressure":0.203,"green_cover":0.334,"bike_access":0.05,"transit_access":0.18,"traffic_pressure":0.179,"planning_intensity":0.093,"deprivation_weight":0.0,"bike_trip_index":0.306,"tree_canopy_context":0.0,"civic_service_context":0.0,"traffic_delta_2016":0.017,"jobs_delta_2016":0.01,"electricity_delta_2016":0.039,"buildings_delta_2016":0.045,"services_delta_2016":0.008,"traffic_delta_previous":0.009,"jobs_delta_previous":0.005,"electricity_delta_previous":0.02,"buildings_delta_previous":0.022,"services_delta_previous":0.004,"dominant_metric":"buildings","dominant_change":"appeared","confidence":"medium","evidence":["OSM building footprints and replay-first-visible-year profile","Planning/development-zone pressure proxy","Sentinel/Landsat NDBI source availability","Local raster evidence for 2018: ndbi, ndvi, rgb"]},"geometry":{"type":"Polygon","coordinates":[[[-6.025455,54.661429],[-6.011819,54.661429],[-6.011819,54.674286],[-6.025455,54.674286],[-6.025455,54.661429]]]}},{"type":"Feature","id":"belfast_11_05_2018","properties":{"cell_id":"belfast_11_05","year":2018,"row":11,"col":5,"traffic":0.219,"jobs":0.053,"electricity":0.266,"buildings":0.274,"services":0.066,"development_pressure":0.182,"green_cover":0.356,"bike_access":0.05,"transit_access":0.18,"traffic_pressure":0.174,"planning_intensity":0.082,"deprivation_weight":0.0,"bike_trip_index":0.306,"tree_canopy_context":0.0,"civic_service_context":0.0,"traffic_delta_2016":0.013,"jobs_delta_2016":0.01,"electricity_delta_2016":0.034,"buildings_delta_2016":0.036,"services_delta_2016":0.008,"traffic_delta_previous":0.007,"jobs_delta_previous":0.005,"electricity_delta_previous":0.018,"buildings_delta_previous":0.019,"services_delta_previous":0.004,"dominant_metric":"buildings","dominant_change":"appeared","confidence":"medium","evidence":["OSM building footprints and replay-first-visible-year profile","Planning/development-zone pressure proxy","Sentinel/Landsat NDBI source availability","Local raster evidence for 2018: ndbi, ndvi, rgb"]},"geometry":{"type":"Polygon","coordinates":[[[-6.011818,54.661429],[-5.998182,54.661429],[-5.998182,54.674286],[-6.011818,54.674286],[-6.011818,54.661429]]]}},{"type":"Feature","id":"belfast_11_06_2018","properties":{"cell_id":"belfast_11_06","year":2018,"row":11,"col":6,"traffic":0.193,"jobs":0.053,"electricity":0.256,"buildings":0.241,"services":0.066,"development_pressure":0.158,"green_cover":0.634,"bike_access":0.05,"transit_access":0.18,"traffic_pressure":0.146,"planning_intensity":0.071,"deprivation_weight":0.0,"bike_trip_index":0.306,"tree_canopy_context":0.859,"civic_service_context":0.0,"traffic_delta_2016":0.014,"jobs_delta_2016":0.01,"electricity_delta_2016":0.033,"buildings_delta_2016":0.037,"services_delta_2016":0.008,"traffic_delta_previous":0.009,"jobs_delta_previous":0.005,"electricity_delta_previous":0.018,"buildings_delta_previous":0.021,"services_delta_previous":0.004,"dominant_metric":"buildings","dominant_change":"appeared","confidence":"medium","evidence":["OSM building footprints and replay-first-visible-year profile","Planning/development-zone pressure proxy","Sentinel/Landsat NDBI source availability","Local raster evidence for 2018: ndbi, ndvi, rgb"]},"geometry":{"type":"Polygon","coordinates":[[[-5.998182,54.661429],[-5.984546,54.661429],[-5.984546,54.674286],[-5.998182,54.674286],[-5.998182,54.661429]]]}},{"type":"Feature","id":"belfast_11_07_2018","properties":{"cell_id":"belfast_11_07","year":2018,"row":11,"col":7,"traffic":0.19,"jobs":0.053,"electricity":0.251,"buildings":0.233,"services":0.066,"development_pressure":0.143,"green_cover":0.628,"bike_access":0.05,"transit_access":0.18,"traffic_pressure":0.144,"planning_intensity":0.063,"deprivation_weight":0.0,"bike_trip_index":0.306,"tree_canopy_context":1.0,"civic_service_context":0.0,"traffic_delta_2016":0.02,"jobs_delta_2016":0.01,"electricity_delta_2016":0.036,"buildings_delta_2016":0.045,"services_delta_2016":0.008,"traffic_delta_previous":0.012,"jobs_delta_previous":0.005,"electricity_delta_previous":0.02,"buildings_delta_previous":0.026,"services_delta_previous":0.004,"dominant_metric":"buildings","dominant_change":"appeared","confidence":"medium","evidence":["OSM building footprints and replay-first-visible-year profile","Planning/development-zone pressure proxy","Sentinel/Landsat NDBI source availability","Local raster evidence for 2018: ndbi, ndvi, rgb"]},"geometry":{"type":"Polygon","coordinates":[[[-5.984545,54.661429],[-5.970909,54.661429],[-5.970909,54.674286],[-5.984545,54.674286],[-5.984545,54.661429]]]}},{"type":"Feature","id":"belfast_11_08_2018","properties":{"cell_id":"belfast_11_08","year":2018,"row":11,"col":8,"traffic":0.214,"jobs":0.053,"electricity":0.255,"buildings":0.257,"services":0.066,"development_pressure":0.144,"green_cover":0.305,"bike_access":0.05,"transit_access":0.18,"traffic_pressure":0.173,"planning_intensity":0.064,"deprivation_weight":0.0,"bike_trip_index":0.306,"tree_canopy_context":0.0,"civic_service_context":0.0,"traffic_delta_2016":0.025,"jobs_delta_2016":0.01,"electricity_delta_2016":0.041,"buildings_delta_2016":0.057,"services_delta_2016":0.008,"traffic_delta_previous":0.014,"jobs_delta_previous":0.005,"electricity_delta_previous":0.023,"buildings_delta_previous":0.032,"services_delta_previous":0.004,"dominant_metric":"buildings","dominant_change":"appeared","confidence":"medium","evidence":["OSM building footprints and replay-first-visible-year profile","Planning/development-zone pressure proxy","Sentinel/Landsat NDBI source availability","Local raster evidence for 2018: ndbi, ndvi, rgb"]},"geometry":{"type":"Polygon","coordinates":[[[-5.970909,54.661429],[-5.957273,54.661429],[-5.957273,54.674286],[-5.970909,54.674286],[-5.970909,54.661429]]]}},{"type":"Feature","id":"belfast_11_09_2018","properties":{"cell_id":"belfast_11_09","year":2018,"row":11,"col":9,"traffic":0.206,"jobs":0.053,"electricity":0.258,"buildings":0.255,"services":0.066,"development_pressure":0.161,"green_cover":0.463,"bike_access":0.05,"transit_access":0.18,"traffic_pressure":0.161,"planning_intensity":0.072,"deprivation_weight":0.0,"bike_trip_index":0.306,"tree_canopy_context":0.518,"civic_service_context":0.0,"traffic_delta_2016":0.027,"jobs_delta_2016":0.01,"electricity_delta_2016":0.046,"buildings_delta_2016":0.065,"services_delta_2016":0.008,"traffic_delta_previous":0.014,"jobs_delta_previous":0.005,"electricity_delta_previous":0.025,"buildings_delta_previous":0.035,"services_delta_previous":0.004,"dominant_metric":"buildings","dominant_change":"appeared","confidence":"medium","evidence":["OSM building footprints and replay-first-visible-year profile","Planning/development-zone pressure proxy","Sentinel/Landsat NDBI source availability","Local raster evidence for 2018: ndbi, ndvi, rgb"]},"geometry":{"type":"Polygon","coordinates":[[[-5.957273,54.661429],[-5.943637,54.661429],[-5.943637,54.674286],[-5.957273,54.674286],[-5.957273,54.661429]]]}},{"type":"Feature","id":"belfast_11_10_2018","properties":{"cell_id":"belfast_11_10","year":2018,"row":11,"col":10,"traffic":0.2,"jobs":0.053,"electricity":0.264,"buildings":0.257,"services":0.066,"development_pressure":0.184,"green_cover":0.631,"bike_access":0.05,"transit_access":0.18,"traffic_pressure":0.15,"planning_intensity":0.084,"deprivation_weight":0.0,"bike_trip_index":0.306,"tree_canopy_context":1.0,"civic_service_context":0.0,"traffic_delta_2016":0.027,"jobs_delta_2016":0.01,"electricity_delta_2016":0.049,"buildings_delta_2016":0.067,"services_delta_2016":0.008,"traffic_delta_previous":0.014,"jobs_delta_previous":0.005,"electricity_delta_previous":0.026,"buildings_delta_previous":0.035,"services_delta_previous":0.004,"dominant_metric":"buildings","dominant_change":"appeared","confidence":"medium","evidence":["OSM building footprints and replay-first-visible-year profile","Planning/development-zone pressure proxy","Sentinel/Landsat NDBI source availability","Local raster evidence for 2018: ndbi, ndvi, rgb"]},"geometry":{"type":"Polygon","coordinates":[[[-5.943636,54.661429],[-5.93,54.661429],[-5.93,54.674286],[-5.943636,54.674286],[-5.943636,54.661429]]]}},{"type":"Feature","id":"belfast_11_11_2018","properties":{"cell_id":"belfast_11_11","year":2018,"row":11,"col":11,"traffic":0.2,"jobs":0.053,"electricity":0.269,"buildings":0.277,"services":0.066,"development_pressure":0.205,"green_cover":0.688,"bike_access":0.05,"transit_access":0.18,"traffic_pressure":0.148,"planning_intensity":0.141,"deprivation_weight":0.0,"bike_trip_index":0.306,"tree_canopy_context":1.0,"civic_service_context":0.0,"traffic_delta_2016":0.024,"jobs_delta_2016":0.01,"electricity_delta_2016":0.048,"buildings_delta_2016":0.063,"services_delta_2016":0.008,"traffic_delta_previous":0.013,"jobs_delta_previous":0.005,"electricity_delta_previous":0.025,"buildings_delta_previous":0.033,"services_delta_previous":0.004,"dominant_metric":"buildings","dominant_change":"appeared","confidence":"medium","evidence":["OSM building footprints and replay-first-visible-year profile","Planning/development-zone pressure proxy","Sentinel/Landsat NDBI source availability","Local raster evidence for 2018: ndbi, ndvi, rgb"]},"geometry":{"type":"Polygon","coordinates":[[[-5.93,54.661429],[-5.916364,54.661429],[-5.916364,54.674286],[-5.93,54.674286],[-5.93,54.661429]]]}},{"type":"Feature","id":"belfast_11_12_2018","properties":{"cell_id":"belfast_11_12","year":2018,"row":11,"col":12,"traffic":0.21,"jobs":0.053,"electricity":0.272,"buildings":0.304,"services":0.066,"development_pressure":0.212,"green_cover":0.583,"bike_access":0.05,"transit_access":0.18,"traffic_pressure":0.159,"planning_intensity":0.199,"deprivation_weight":0.0,"bike_trip_index":0.306,"tree_canopy_context":0.518,"civic_service_context":0.0,"traffic_delta_2016":0.023,"jobs_delta_2016":0.01,"electricity_delta_2016":0.043,"buildings_delta_2016":0.057,"services_delta_2016":0.008,"traffic_delta_previous":0.013,"jobs_delta_previous":0.005,"electricity_delta_previous":0.022,"buildings_delta_previous":0.03,"services_delta_previous":0.004,"dominant_metric":"buildings","dominant_change":"appeared","confidence":"medium","evidence":["OSM building footprints and replay-first-visible-year profile","Planning/development-zone pressure proxy","Sentinel/Landsat NDBI source availability","Local raster evidence for 2018: ndbi, ndvi, rgb"]},"geometry":{"type":"Polygon","coordinates":[[[-5.916364,54.661429],[-5.902728,54.661429],[-5.902728,54.674286],[-5.916364,54.674286],[-5.916364,54.661429]]]}},{"type":"Feature","id":"belfast_11_13_2018","properties":{"cell_id":"belfast_11_13","year":2018,"row":11,"col":13,"traffic":0.22,"jobs":0.053,"electricity":0.272,"buildings":0.312,"services":0.066,"development_pressure":0.202,"green_cover":0.407,"bike_access":0.05,"transit_access":0.18,"traffic_pressure":0.173,"planning_intensity":0.199,"deprivation_weight":0.0,"bike_trip_index":0.306,"tree_canopy_context":0.0,"civic_service_context":0.0,"traffic_delta_2016":0.021,"jobs_delta_2016":0.01,"electricity_delta_2016":0.039,"buildings_delta_2016":0.049,"services_delta_2016":0.008,"traffic_delta_previous":0.012,"jobs_delta_previous":0.005,"electricity_delta_previous":0.02,"buildings_delta_previous":0.026,"services_delta_previous":0.004,"dominant_metric":"buildings","dominant_change":"appeared","confidence":"medium","evidence":["OSM building footprints and replay-first-visible-year profile","Planning/development-zone pressure proxy","Sentinel/Landsat NDBI source availability","Local raster evidence for 2018: ndbi, ndvi, rgb"]},"geometry":{"type":"Polygon","coordinates":[[[-5.902727,54.661429],[-5.889091,54.661429],[-5.889091,54.674286],[-5.902727,54.674286],[-5.902727,54.661429]]]}},{"type":"Feature","id":"belfast_11_14_2018","properties":{"cell_id":"belfast_11_14","year":2018,"row":11,"col":14,"traffic":0.22,"jobs":0.053,"electricity":0.266,"buildings":0.29,"services":0.066,"development_pressure":0.181,"green_cover":0.343,"bike_access":0.05,"transit_access":0.18,"traffic_pressure":0.175,"planning_intensity":0.135,"deprivation_weight":0.0,"bike_trip_index":0.306,"tree_canopy_context":0.0,"civic_service_context":0.0,"traffic_delta_2016":0.02,"jobs_delta_2016":0.01,"electricity_delta_2016":0.035,"buildings_delta_2016":0.043,"services_delta_2016":0.008,"traffic_delta_previous":0.011,"jobs_delta_previous":0.005,"electricity_delta_previous":0.018,"buildings_delta_previous":0.023,"services_delta_previous":0.004,"dominant_metric":"buildings","dominant_change":"appeared","confidence":"medium","evidence":["OSM building footprints and replay-first-visible-year profile","Planning/development-zone pressure proxy","Sentinel/Landsat NDBI source availability","Local raster evidence for 2018: ndbi, ndvi, rgb"]},"geometry":{"type":"Polygon","coordinates":[[[-5.889091,54.661429],[-5.875455,54.661429],[-5.875455,54.674286],[-5.889091,54.674286],[-5.889091,54.661429]]]}},{"type":"Feature","id":"belfast_11_15_2018","properties":{"cell_id":"belfast_11_15","year":2018,"row":11,"col":15,"traffic":0.217,"jobs":0.053,"electricity":0.259,"buildings":0.264,"services":0.066,"development_pressure":0.158,"green_cover":0.303,"bike_access":0.05,"transit_access":0.18,"traffic_pressure":0.175,"planning_intensity":0.07,"deprivation_weight":0.0,"bike_trip_index":0.306,"tree_canopy_context":0.0,"civic_service_context":0.0,"traffic_delta_2016":0.017,"jobs_delta_2016":0.01,"electricity_delta_2016":0.033,"buildings_delta_2016":0.039,"services_delta_2016":0.008,"traffic_delta_previous":0.009,"jobs_delta_previous":0.005,"electricity_delta_previous":0.018,"buildings_delta_previous":0.021,"services_delta_previous":0.004,"dominant_metric":"buildings","dominant_change":"appeared","confidence":"medium","evidence":["OSM building footprints and replay-first-visible-year profile","Planning/development-zone pressure proxy","Sentinel/Landsat NDBI source availability","Local raster evidence for 2018: ndbi, ndvi, rgb"]},"geometry":{"type":"Polygon","coordinates":[[[-5.875455,54.661429],[-5.861819,54.661429],[-5.861819,54.674286],[-5.875455,54.674286],[-5.875455,54.661429]]]}},{"type":"Feature","id":"belfast_11_16_2018","properties":{"cell_id":"belfast_11_16","year":2018,"row":11,"col":16,"traffic":0.212,"jobs":0.053,"electricity":0.255,"buildings":0.254,"services":0.066,"development_pressure":0.143,"green_cover":0.328,"bike_access":0.05,"transit_access":0.18,"traffic_pressure":0.17,"planning_intensity":0.063,"deprivation_weight":0.0,"bike_trip_index":0.306,"tree_canopy_context":0.0,"civic_service_context":0.0,"traffic_delta_2016":0.016,"jobs_delta_2016":0.01,"electricity_delta_2016":0.036,"buildings_delta_2016":0.041,"services_delta_2016":0.008,"traffic_delta_previous":0.008,"jobs_delta_previous":0.005,"electricity_delta_previous":0.02,"buildings_delta_previous":0.023,"services_delta_previous":0.004,"dominant_metric":"buildings","dominant_change":"appeared","confidence":"medium","evidence":["OSM building footprints and replay-first-visible-year profile","Planning/development-zone pressure proxy","Sentinel/Landsat NDBI source availability","Local raster evidence for 2018: ndbi, ndvi, rgb"]},"geometry":{"type":"Polygon","coordinates":[[[-5.861818,54.661429],[-5.848182,54.661429],[-5.848182,54.674286],[-5.861818,54.674286],[-5.861818,54.661429]]]}},{"type":"Feature","id":"belfast_11_17_2018","properties":{"cell_id":"belfast_11_17","year":2018,"row":11,"col":17,"traffic":0.211,"jobs":0.053,"electricity":0.255,"buildings":0.253,"services":0.066,"development_pressure":0.145,"green_cover":0.355,"bike_access":0.05,"transit_access":0.18,"traffic_pressure":0.168,"planning_intensity":0.064,"deprivation_weight":0.0,"bike_trip_index":0.306,"tree_canopy_context":0.0,"civic_service_context":0.0,"traffic_delta_2016":0.019,"jobs_delta_2016":0.01,"electricity_delta_2016":0.041,"buildings_delta_2016":0.05,"services_delta_2016":0.008,"traffic_delta_previous":0.011,"jobs_delta_previous":0.005,"electricity_delta_previous":0.023,"buildings_delta_previous":0.028,"services_delta_previous":0.004,"dominant_metric":"buildings","dominant_change":"appeared","confidence":"medium","evidence":["OSM building footprints and replay-first-visible-year profile","Planning/development-zone pressure proxy","Sentinel/Landsat NDBI source availability","Local raster evidence for 2018: ndbi, ndvi, rgb"]},"geometry":{"type":"Polygon","coordinates":[[[-5.848182,54.661429],[-5.834546,54.661429],[-5.834546,54.674286],[-5.848182,54.674286],[-5.848182,54.661429]]]}},{"type":"Feature","id":"belfast_11_18_2018","properties":{"cell_id":"belfast_11_18","year":2018,"row":11,"col":18,"traffic":0.214,"jobs":0.053,"electricity":0.26,"buildings":0.262,"services":0.066,"development_pressure":0.161,"green_cover":0.359,"bike_access":0.05,"transit_access":0.18,"traffic_pressure":0.17,"planning_intensity":0.072,"deprivation_weight":0.0,"bike_trip_index":0.306,"tree_canopy_context":0.0,"civic_service_context":0.0,"traffic_delta_2016":0.024,"jobs_delta_2016":0.01,"electricity_delta_2016":0.047,"buildings_delta_2016":0.061,"services_delta_2016":0.008,"traffic_delta_previous":0.014,"jobs_delta_previous":0.005,"electricity_delta_previous":0.025,"buildings_delta_previous":0.034,"services_delta_previous":0.004,"dominant_metric":"buildings","dominant_change":"appeared","confidence":"medium","evidence":["OSM building footprints and replay-first-visible-year profile","Planning/development-zone pressure proxy","Sentinel/Landsat NDBI source availability","Local raster evidence for 2018: ndbi, ndvi, rgb"]},"geometry":{"type":"Polygon","coordinates":[[[-5.834545,54.661429],[-5.820909,54.661429],[-5.820909,54.674286],[-5.834545,54.674286],[-5.834545,54.661429]]]}},{"type":"Feature","id":"belfast_11_19_2018","properties":{"cell_id":"belfast_11_19","year":2018,"row":11,"col":19,"traffic":0.222,"jobs":0.053,"electricity":0.267,"buildings":0.278,"services":0.066,"development_pressure":0.185,"green_cover":0.335,"bike_access":0.05,"transit_access":0.18,"traffic_pressure":0.176,"planning_intensity":0.084,"deprivation_weight":0.0,"bike_trip_index":0.306,"tree_canopy_context":0.0,"civic_service_context":0.0,"traffic_delta_2016":0.03,"jobs_delta_2016":0.01,"electricity_delta_2016":0.049,"buildings_delta_2016":0.07,"services_delta_2016":0.008,"traffic_delta_previous":0.017,"jobs_delta_previous":0.005,"electricity_delta_previous":0.026,"buildings_delta_previous":0.038,"services_delta_previous":0.004,"dominant_metric":"buildings","dominant_change":"appeared","confidence":"medium","evidence":["OSM building footprints and replay-first-visible-year profile","Planning/development-zone pressure proxy","Sentinel/Landsat NDBI source availability","Local raster evidence for 2018: ndbi, ndvi, rgb"]},"geometry":{"type":"Polygon","coordinates":[[[-5.820909,54.661429],[-5.807273,54.661429],[-5.807273,54.674286],[-5.820909,54.674286],[-5.820909,54.661429]]]}},{"type":"Feature","id":"belfast_11_20_2018","properties":{"cell_id":"belfast_11_20","year":2018,"row":11,"col":20,"traffic":0.228,"jobs":0.053,"electricity":0.274,"buildings":0.291,"services":0.066,"development_pressure":0.205,"green_cover":0.303,"bike_access":0.05,"transit_access":0.18,"traffic_pressure":0.182,"planning_intensity":0.094,"deprivation_weight":0.0,"bike_trip_index":0.306,"tree_canopy_context":0.0,"civic_service_context":0.0,"traffic_delta_2016":0.031,"jobs_delta_2016":0.01,"electricity_delta_2016":0.049,"buildings_delta_2016":0.07,"services_delta_2016":0.008,"traffic_delta_previous":0.016,"jobs_delta_previous":0.005,"electricity_delta_previous":0.026,"buildings_delta_previous":0.036,"services_delta_previous":0.004,"dominant_metric":"buildings","dominant_change":"appeared","confidence":"medium","evidence":["OSM building footprints and replay-first-visible-year profile","Planning/development-zone pressure proxy","Sentinel/Landsat NDBI source availability","Local raster evidence for 2018: ndbi, ndvi, rgb"]},"geometry":{"type":"Polygon","coordinates":[[[-5.807273,54.661429],[-5.793637,54.661429],[-5.793637,54.674286],[-5.807273,54.674286],[-5.807273,54.661429]]]}},{"type":"Feature","id":"belfast_11_21_2018","properties":{"cell_id":"belfast_11_21","year":2018,"row":11,"col":21,"traffic":0.231,"jobs":0.053,"electricity":0.276,"buildings":0.296,"services":0.066,"development_pressure":0.212,"green_cover":0.291,"bike_access":0.05,"transit_access":0.18,"traffic_pressure":0.185,"planning_intensity":0.097,"deprivation_weight":0.0,"bike_trip_index":0.306,"tree_canopy_context":0.0,"civic_service_context":0.0,"traffic_delta_2016":0.027,"jobs_delta_2016":0.01,"electricity_delta_2016":0.045,"buildings_delta_2016":0.061,"services_delta_2016":0.008,"traffic_delta_previous":0.013,"jobs_delta_previous":0.005,"electricity_delta_previous":0.023,"buildings_delta_previous":0.03,"services_delta_previous":0.004,"dominant_metric":"buildings","dominant_change":"appeared","confidence":"medium","evidence":["OSM building footprints and replay-first-visible-year profile","Planning/development-zone pressure proxy","Sentinel/Landsat NDBI source availability","Local raster evidence for 2018: ndbi, ndvi, rgb"]},"geometry":{"type":"Polygon","coordinates":[[[-5.793636,54.661429],[-5.78,54.661429],[-5.78,54.674286],[-5.793636,54.674286],[-5.793636,54.661429]]]}},{"type":"Feature","id":"belfast_12_00_2018","properties":{"cell_id":"belfast_12_00","year":2018,"row":12,"col":0,"traffic":0.226,"jobs":0.053,"electricity":0.273,"buildings":0.289,"services":0.066,"development_pressure":0.204,"green_cover":0.336,"bike_access":0.05,"transit_access":0.18,"traffic_pressure":0.179,"planning_intensity":0.094,"deprivation_weight":0.0,"bike_trip_index":0.306,"tree_canopy_context":0.0,"civic_service_context":0.0,"traffic_delta_2016":0.028,"jobs_delta_2016":0.01,"electricity_delta_2016":0.049,"buildings_delta_2016":0.068,"services_delta_2016":0.008,"traffic_delta_previous":0.016,"jobs_delta_previous":0.005,"electricity_delta_previous":0.025,"buildings_delta_previous":0.036,"services_delta_previous":0.004,"dominant_metric":"buildings","dominant_change":"appeared","confidence":"medium","evidence":["OSM building footprints and replay-first-visible-year profile","Planning/development-zone pressure proxy","Sentinel/Landsat NDBI source availability","Local raster evidence for 2018: ndbi, ndvi, rgb"]},"geometry":{"type":"Polygon","coordinates":[[[-6.08,54.674286],[-6.066364,54.674286],[-6.066364,54.687143],[-6.08,54.687143],[-6.08,54.674286]]]}},{"type":"Feature","id":"belfast_12_01_2018","properties":{"cell_id":"belfast_12_01","year":2018,"row":12,"col":1,"traffic":0.23,"jobs":0.053,"electricity":0.276,"buildings":0.295,"services":0.066,"development_pressure":0.212,"green_cover":0.306,"bike_access":0.05,"transit_access":0.18,"traffic_pressure":0.183,"planning_intensity":0.097,"deprivation_weight":0.0,"bike_trip_index":0.306,"tree_canopy_context":0.0,"civic_service_context":0.0,"traffic_delta_2016":0.028,"jobs_delta_2016":0.01,"electricity_delta_2016":0.045,"buildings_delta_2016":0.062,"services_delta_2016":0.008,"traffic_delta_previous":0.015,"jobs_delta_previous":0.005,"electricity_delta_previous":0.023,"buildings_delta_previous":0.032,"services_delta_previous":0.004,"dominant_metric":"buildings","dominant_change":"appeared","confidence":"medium","evidence":["OSM building footprints and replay-first-visible-year profile","Planning/development-zone pressure proxy","Sentinel/Landsat NDBI source availability","Local raster evidence for 2018: ndbi, ndvi, rgb"]},"geometry":{"type":"Polygon","coordinates":[[[-6.066364,54.674286],[-6.052728,54.674286],[-6.052728,54.687143],[-6.066364,54.687143],[-6.066364,54.674286]]]}},{"type":"Feature","id":"belfast_12_02_2018","properties":{"cell_id":"belfast_12_02","year":2018,"row":12,"col":2,"traffic":0.229,"jobs":0.053,"electricity":0.273,"buildings":0.291,"services":0.066,"development_pressure":0.203,"green_cover":0.292,"bike_access":0.05,"transit_access":0.18,"traffic_pressure":0.183,"planning_intensity":0.093,"deprivation_weight":0.0,"bike_trip_index":0.306,"tree_canopy_context":0.0,"civic_service_context":0.0,"traffic_delta_2016":0.023,"jobs_delta_2016":0.01,"electricity_delta_2016":0.039,"buildings_delta_2016":0.051,"services_delta_2016":0.008,"traffic_delta_previous":0.012,"jobs_delta_previous":0.005,"electricity_delta_previous":0.02,"buildings_delta_previous":0.026,"services_delta_previous":0.004,"dominant_metric":"buildings","dominant_change":"appeared","confidence":"medium","evidence":["OSM building footprints and replay-first-visible-year profile","Planning/development-zone pressure proxy","Sentinel/Landsat NDBI source availability","Local raster evidence for 2018: ndbi, ndvi, rgb"]},"geometry":{"type":"Polygon","coordinates":[[[-6.052727,54.674286],[-6.039091,54.674286],[-6.039091,54.687143],[-6.052727,54.687143],[-6.052727,54.674286]]]}},{"type":"Feature","id":"belfast_12_03_2018","properties":{"cell_id":"belfast_12_03","year":2018,"row":12,"col":3,"traffic":0.223,"jobs":0.053,"electricity":0.266,"buildings":0.278,"services":0.066,"development_pressure":0.182,"green_cover":0.309,"bike_access":0.05,"transit_access":0.18,"traffic_pressure":0.178,"planning_intensity":0.082,"deprivation_weight":0.0,"bike_trip_index":0.306,"tree_canopy_context":0.0,"civic_service_context":0.0,"traffic_delta_2016":0.017,"jobs_delta_2016":0.01,"electricity_delta_2016":0.034,"buildings_delta_2016":0.04,"services_delta_2016":0.008,"traffic_delta_previous":0.008,"jobs_delta_previous":0.005,"electricity_delta_previous":0.017,"buildings_delta_previous":0.02,"services_delta_previous":0.004,"dominant_metric":"buildings","dominant_change":"appeared","confidence":"medium","evidence":["OSM building footprints and replay-first-visible-year profile","Planning/development-zone pressure proxy","Sentinel/Landsat NDBI source availability","Local raster evidence for 2018: ndbi, ndvi, rgb"]},"geometry":{"type":"Polygon","coordinates":[[[-6.039091,54.674286],[-6.025455,54.674286],[-6.025455,54.687143],[-6.039091,54.687143],[-6.039091,54.674286]]]}},{"type":"Feature","id":"belfast_12_04_2018","properties":{"cell_id":"belfast_12_04","year":2018,"row":12,"col":4,"traffic":0.211,"jobs":0.068,"electricity":0.261,"buildings":0.259,"services":0.112,"development_pressure":0.158,"green_cover":0.389,"bike_access":0.05,"transit_access":0.18,"traffic_pressure":0.167,"planning_intensity":0.071,"deprivation_weight":0.0,"bike_trip_index":0.306,"tree_canopy_context":0.0,"civic_service_context":0.2,"traffic_delta_2016":0.012,"jobs_delta_2016":0.01,"electricity_delta_2016":0.032,"buildings_delta_2016":0.035,"services_delta_2016":0.008,"traffic_delta_previous":0.006,"jobs_delta_previous":0.005,"electricity_delta_previous":0.017,"buildings_delta_previous":0.019,"services_delta_previous":0.004,"dominant_metric":"buildings","dominant_change":"appeared","confidence":"medium","evidence":["OSM building footprints and replay-first-visible-year profile","Planning/development-zone pressure proxy","Sentinel/Landsat NDBI source availability","Local raster evidence for 2018: ndbi, ndvi, rgb"]},"geometry":{"type":"Polygon","coordinates":[[[-6.025455,54.674286],[-6.011819,54.674286],[-6.011819,54.687143],[-6.025455,54.687143],[-6.025455,54.674286]]]}},{"type":"Feature","id":"belfast_12_05_2018","properties":{"cell_id":"belfast_12_05","year":2018,"row":12,"col":5,"traffic":0.184,"jobs":0.083,"electricity":0.256,"buildings":0.228,"services":0.158,"development_pressure":0.143,"green_cover":0.712,"bike_access":0.05,"transit_access":0.18,"traffic_pressure":0.136,"planning_intensity":0.063,"deprivation_weight":0.0,"bike_trip_index":0.306,"tree_canopy_context":1.0,"civic_service_context":0.4,"traffic_delta_2016":0.014,"jobs_delta_2016":0.01,"electricity_delta_2016":0.035,"buildings_delta_2016":0.04,"services_delta_2016":0.008,"traffic_delta_previous":0.009,"jobs_delta_previous":0.005,"electricity_delta_previous":0.02,"buildings_delta_previous":0.024,"services_delta_previous":0.004,"dominant_metric":"buildings","dominant_change":"appeared","confidence":"medium","evidence":["OSM building footprints and replay-first-visible-year profile","Planning/development-zone pressure proxy","Sentinel/Landsat NDBI source availability","Local raster evidence for 2018: ndbi, ndvi, rgb"]},"geometry":{"type":"Polygon","coordinates":[[[-6.011818,54.674286],[-5.998182,54.674286],[-5.998182,54.687143],[-6.011818,54.687143],[-6.011818,54.674286]]]}},{"type":"Feature","id":"belfast_12_06_2018","properties":{"cell_id":"belfast_12_06","year":2018,"row":12,"col":6,"traffic":0.185,"jobs":0.083,"electricity":0.256,"buildings":0.229,"services":0.158,"development_pressure":0.144,"green_cover":0.703,"bike_access":0.05,"transit_access":0.18,"traffic_pressure":0.137,"planning_intensity":0.064,"deprivation_weight":0.0,"bike_trip_index":0.306,"tree_canopy_context":1.0,"civic_service_context":0.4,"traffic_delta_2016":0.021,"jobs_delta_2016":0.01,"electricity_delta_2016":0.041,"buildings_delta_2016":0.053,"services_delta_2016":0.008,"traffic_delta_previous":0.013,"jobs_delta_previous":0.005,"electricity_delta_previous":0.022,"buildings_delta_previous":0.031,"services_delta_previous":0.004,"dominant_metric":"buildings","dominant_change":"appeared","confidence":"medium","evidence":["OSM building footprints and replay-first-visible-year profile","Planning/development-zone pressure proxy","Sentinel/Landsat NDBI source availability","Local raster evidence for 2018: ndbi, ndvi, rgb"]},"geometry":{"type":"Polygon","coordinates":[[[-5.998182,54.674286],[-5.984546,54.674286],[-5.984546,54.687143],[-5.998182,54.687143],[-5.998182,54.674286]]]}},{"type":"Feature","id":"belfast_12_07_2018","properties":{"cell_id":"belfast_12_07","year":2018,"row":12,"col":7,"traffic":0.202,"jobs":0.083,"electricity":0.263,"buildings":0.25,"services":0.158,"development_pressure":0.161,"green_cover":0.53,"bike_access":0.05,"transit_access":0.18,"traffic_pressure":0.155,"planning_intensity":0.072,"deprivation_weight":0.0,"bike_trip_index":0.306,"tree_canopy_context":0.529,"civic_service_context":0.4,"traffic_delta_2016":0.029,"jobs_delta_2016":0.01,"electricity_delta_2016":0.047,"buildings_delta_2016":0.066,"services_delta_2016":0.008,"traffic_delta_previous":0.017,"jobs_delta_previous":0.005,"electricity_delta_previous":0.025,"buildings_delta_previous":0.037,"services_delta_previous":0.004,"dominant_metric":"buildings","dominant_change":"appeared","confidence":"medium","evidence":["OSM building footprints and replay-first-visible-year profile","Planning/development-zone pressure proxy","Sentinel/Landsat NDBI source availability","Local raster evidence for 2018: ndbi, ndvi, rgb"]},"geometry":{"type":"Polygon","coordinates":[[[-5.984545,54.674286],[-5.970909,54.674286],[-5.970909,54.687143],[-5.984545,54.687143],[-5.984545,54.674286]]]}},{"type":"Feature","id":"belfast_12_08_2018","properties":{"cell_id":"belfast_12_08","year":2018,"row":12,"col":8,"traffic":0.202,"jobs":0.053,"electricity":0.264,"buildings":0.259,"services":0.066,"development_pressure":0.184,"green_cover":0.6,"bike_access":0.05,"transit_access":0.18,"traffic_pressure":0.153,"planning_intensity":0.084,"deprivation_weight":0.0,"bike_trip_index":0.306,"tree_canopy_context":1.0,"civic_service_context":0.0,"traffic_delta_2016":0.032,"jobs_delta_2016":0.01,"electricity_delta_2016":0.05,"buildings_delta_2016":0.073,"services_delta_2016":0.008,"traffic_delta_previous":0.017,"jobs_delta_previous":0.005,"electricity_delta_previous":0.026,"buildings_delta_previous":0.038,"services_delta_previous":0.004,"dominant_metric":"buildings","dominant_change":"appeared","confidence":"medium","evidence":["OSM building footprints and replay-first-visible-year profile","Planning/development-zone pressure proxy","Sentinel/Landsat NDBI source availability","Local raster evidence for 2018: ndbi, ndvi, rgb"]},"geometry":{"type":"Polygon","coordinates":[[[-5.970909,54.674286],[-5.957273,54.674286],[-5.957273,54.687143],[-5.970909,54.687143],[-5.970909,54.674286]]]}},{"type":"Feature","id":"belfast_12_09_2018","properties":{"cell_id":"belfast_12_09","year":2018,"row":12,"col":9,"traffic":0.229,"jobs":0.053,"electricity":0.273,"buildings":0.291,"services":0.066,"development_pressure":0.205,"green_cover":0.298,"bike_access":0.05,"transit_access":0.18,"traffic_pressure":0.183,"planning_intensity":0.094,"deprivation_weight":0.0,"bike_trip_index":0.306,"tree_canopy_context":0.0,"civic_service_context":0.0,"traffic_delta_2016":0.029,"jobs_delta_2016":0.01,"electricity_delta_2016":0.048,"buildings_delta_2016":0.068,"services_delta_2016":0.008,"traffic_delta_previous":0.015,"jobs_delta_previous":0.005,"electricity_delta_previous":0.024,"buildings_delta_previous":0.034,"services_delta_previous":0.004,"dominant_metric":"buildings","dominant_change":"appeared","confidence":"medium","evidence":["OSM building footprints and replay-first-visible-year profile","Planning/development-zone pressure proxy","Sentinel/Landsat NDBI source availability","Local raster evidence for 2018: ndbi, ndvi, rgb"]},"geometry":{"type":"Polygon","coordinates":[[[-5.957273,54.674286],[-5.943637,54.674286],[-5.943637,54.687143],[-5.957273,54.687143],[-5.957273,54.674286]]]}},{"type":"Feature","id":"belfast_12_10_2018","properties":{"cell_id":"belfast_12_10","year":2018,"row":12,"col":10,"traffic":0.229,"jobs":0.053,"electricity":0.275,"buildings":0.294,"services":0.066,"development_pressure":0.212,"green_cover":0.324,"bike_access":0.05,"transit_access":0.18,"traffic_pressure":0.182,"planning_intensity":0.097,"deprivation_weight":0.0,"bike_trip_index":0.306,"tree_canopy_context":0.0,"civic_service_context":0.0,"traffic_delta_2016":0.023,"jobs_delta_2016":0.01,"electricity_delta_2016":0.043,"buildings_delta_2016":0.057,"services_delta_2016":0.008,"traffic_delta_previous":0.011,"jobs_delta_previous":0.005,"electricity_delta_previous":0.022,"buildings_delta_previous":0.028,"services_delta_previous":0.004,"dominant_metric":"buildings","dominant_change":"appeared","confidence":"medium","evidence":["OSM building footprints and replay-first-visible-year profile","Planning/development-zone pressure proxy","Sentinel/Landsat NDBI source availability","Local raster evidence for 2018: ndbi, ndvi, rgb"]},"geometry":{"type":"Polygon","coordinates":[[[-5.943636,54.674286],[-5.93,54.674286],[-5.93,54.687143],[-5.943636,54.687143],[-5.943636,54.674286]]]}},{"type":"Feature","id":"belfast_12_11_2018","properties":{"cell_id":"belfast_12_11","year":2018,"row":12,"col":11,"traffic":0.218,"jobs":0.053,"electricity":0.271,"buildings":0.28,"services":0.066,"development_pressure":0.202,"green_cover":0.445,"bike_access":0.05,"transit_access":0.18,"traffic_pressure":0.169,"planning_intensity":0.093,"deprivation_weight":0.0,"bike_trip_index":0.306,"tree_canopy_context":0.318,"civic_service_context":0.0,"traffic_delta_2016":0.017,"jobs_delta_2016":0.01,"electricity_delta_2016":0.038,"buildings_delta_2016":0.045,"services_delta_2016":0.008,"traffic_delta_previous":0.009,"jobs_delta_previous":0.005,"electricity_delta_previous":0.019,"buildings_delta_previous":0.023,"services_delta_previous":0.004,"dominant_metric":"buildings","dominant_change":"appeared","confidence":"medium","evidence":["OSM building footprints and replay-first-visible-year profile","Planning/development-zone pressure proxy","Sentinel/Landsat NDBI source availability","Local raster evidence for 2018: ndbi, ndvi, rgb"]},"geometry":{"type":"Polygon","coordinates":[[[-5.93,54.674286],[-5.916364,54.674286],[-5.916364,54.687143],[-5.93,54.687143],[-5.93,54.674286]]]}},{"type":"Feature","id":"belfast_12_12_2018","properties":{"cell_id":"belfast_12_12","year":2018,"row":12,"col":12,"traffic":0.213,"jobs":0.053,"electricity":0.265,"buildings":0.274,"services":0.066,"development_pressure":0.181,"green_cover":0.439,"bike_access":0.05,"transit_access":0.18,"traffic_pressure":0.167,"planning_intensity":0.102,"deprivation_weight":0.0,"bike_trip_index":0.306,"tree_canopy_context":0.235,"civic_service_context":0.0,"traffic_delta_2016":0.015,"jobs_delta_2016":0.01,"electricity_delta_2016":0.034,"buildings_delta_2016":0.038,"services_delta_2016":0.008,"traffic_delta_previous":0.009,"jobs_delta_previous":0.005,"electricity_delta_previous":0.018,"buildings_delta_previous":0.021,"services_delta_previous":0.004,"dominant_metric":"buildings","dominant_change":"appeared","confidence":"medium","evidence":["OSM building footprints and replay-first-visible-year profile","Planning/development-zone pressure proxy","Sentinel/Landsat NDBI source availability","Local raster evidence for 2018: ndbi, ndvi, rgb"]},"geometry":{"type":"Polygon","coordinates":[[[-5.916364,54.674286],[-5.902728,54.674286],[-5.902728,54.687143],[-5.916364,54.687143],[-5.916364,54.674286]]]}},{"type":"Feature","id":"belfast_12_13_2018","properties":{"cell_id":"belfast_12_13","year":2018,"row":12,"col":13,"traffic":0.212,"jobs":0.053,"electricity":0.258,"buildings":0.265,"services":0.066,"development_pressure":0.158,"green_cover":0.381,"bike_access":0.05,"transit_access":0.18,"traffic_pressure":0.168,"planning_intensity":0.092,"deprivation_weight":0.0,"bike_trip_index":0.306,"tree_canopy_context":0.106,"civic_service_context":0.0,"traffic_delta_2016":0.018,"jobs_delta_2016":0.01,"electricity_delta_2016":0.033,"buildings_delta_2016":0.04,"services_delta_2016":0.008,"traffic_delta_previous":0.011,"jobs_delta_previous":0.005,"electricity_delta_previous":0.018,"buildings_delta_previous":0.023,"services_delta_previous":0.004,"dominant_metric":"buildings","dominant_change":"appeared","confidence":"medium","evidence":["OSM building footprints and replay-first-visible-year profile","Planning/development-zone pressure proxy","Sentinel/Landsat NDBI source availability","Local raster evidence for 2018: ndbi, ndvi, rgb"]},"geometry":{"type":"Polygon","coordinates":[[[-5.902727,54.674286],[-5.889091,54.674286],[-5.889091,54.687143],[-5.902727,54.687143],[-5.902727,54.674286]]]}},{"type":"Feature","id":"belfast_12_14_2018","properties":{"cell_id":"belfast_12_14","year":2018,"row":12,"col":14,"traffic":0.214,"jobs":0.053,"electricity":0.255,"buildings":0.256,"services":0.066,"development_pressure":0.143,"green_cover":0.309,"bike_access":0.05,"transit_access":0.18,"traffic_pressure":0.172,"planning_intensity":0.063,"deprivation_weight":0.0,"bike_trip_index":0.306,"tree_canopy_context":0.0,"civic_service_context":0.0,"traffic_delta_2016":0.022,"jobs_delta_2016":0.01,"electricity_delta_2016":0.037,"buildings_delta_2016":0.047,"services_delta_2016":0.008,"traffic_delta_previous":0.013,"jobs_delta_previous":0.005,"electricity_delta_previous":0.02,"buildings_delta_previous":0.027,"services_delta_previous":0.004,"dominant_metric":"buildings","dominant_change":"appeared","confidence":"medium","evidence":["OSM building footprints and replay-first-visible-year profile","Planning/development-zone pressure proxy","Sentinel/Landsat NDBI source availability","Local raster evidence for 2018: ndbi, ndvi, rgb"]},"geometry":{"type":"Polygon","coordinates":[[[-5.889091,54.674286],[-5.875455,54.674286],[-5.875455,54.687143],[-5.889091,54.687143],[-5.889091,54.674286]]]}},{"type":"Feature","id":"belfast_12_15_2018","properties":{"cell_id":"belfast_12_15","year":2018,"row":12,"col":15,"traffic":0.214,"jobs":0.053,"electricity":0.255,"buildings":0.257,"services":0.066,"development_pressure":0.145,"green_cover":0.305,"bike_access":0.05,"transit_access":0.18,"traffic_pressure":0.173,"planning_intensity":0.064,"deprivation_weight":0.0,"bike_trip_index":0.306,"tree_canopy_context":0.0,"civic_service_context":0.0,"traffic_delta_2016":0.024,"jobs_delta_2016":0.01,"electricity_delta_2016":0.041,"buildings_delta_2016":0.056,"services_delta_2016":0.008,"traffic_delta_previous":0.013,"jobs_delta_previous":0.005,"electricity_delta_previous":0.022,"buildings_delta_previous":0.031,"services_delta_previous":0.004,"dominant_metric":"buildings","dominant_change":"appeared","confidence":"medium","evidence":["OSM building footprints and replay-first-visible-year profile","Planning/development-zone pressure proxy","Sentinel/Landsat NDBI source availability","Local raster evidence for 2018: ndbi, ndvi, rgb"]},"geometry":{"type":"Polygon","coordinates":[[[-5.875455,54.674286],[-5.861819,54.674286],[-5.861819,54.687143],[-5.875455,54.687143],[-5.875455,54.674286]]]}},{"type":"Feature","id":"belfast_12_16_2018","properties":{"cell_id":"belfast_12_16","year":2018,"row":12,"col":16,"traffic":0.217,"jobs":0.053,"electricity":0.26,"buildings":0.265,"services":0.066,"development_pressure":0.161,"green_cover":0.325,"bike_access":0.05,"transit_access":0.18,"traffic_pressure":0.174,"planning_intensity":0.072,"deprivation_weight":0.0,"bike_trip_index":0.306,"tree_canopy_context":0.0,"civic_service_context":0.0,"traffic_delta_2016":0.025,"jobs_delta_2016":0.01,"electricity_delta_2016":0.046,"buildings_delta_2016":0.062,"services_delta_2016":0.008,"traffic_delta_previous":0.013,"jobs_delta_previous":0.005,"electricity_delta_previous":0.025,"buildings_delta_previous":0.033,"services_delta_previous":0.004,"dominant_metric":"buildings","dominant_change":"appeared","confidence":"medium","evidence":["OSM building footprints and replay-first-visible-year profile","Planning/development-zone pressure proxy","Sentinel/Landsat NDBI source availability","Local raster evidence for 2018: ndbi, ndvi, rgb"]},"geometry":{"type":"Polygon","coordinates":[[[-5.861818,54.674286],[-5.848182,54.674286],[-5.848182,54.687143],[-5.861818,54.687143],[-5.861818,54.674286]]]}},{"type":"Feature","id":"belfast_12_17_2018","properties":{"cell_id":"belfast_12_17","year":2018,"row":12,"col":17,"traffic":0.221,"jobs":0.053,"electricity":0.267,"buildings":0.277,"services":0.066,"development_pressure":0.185,"green_cover":0.347,"bike_access":0.05,"transit_access":0.18,"traffic_pressure":0.175,"planning_intensity":0.084,"deprivation_weight":0.0,"bike_trip_index":0.306,"tree_canopy_context":0.0,"civic_service_context":0.0,"traffic_delta_2016":0.026,"jobs_delta_2016":0.01,"electricity_delta_2016":0.049,"buildings_delta_2016":0.066,"services_delta_2016":0.008,"traffic_delta_previous":0.014,"jobs_delta_previous":0.005,"electricity_delta_previous":0.026,"buildings_delta_previous":0.035,"services_delta_previous":0.004,"dominant_metric":"buildings","dominant_change":"appeared","confidence":"medium","evidence":["OSM building footprints and replay-first-visible-year profile","Planning/development-zone pressure proxy","Sentinel/Landsat NDBI source availability","Local raster evidence for 2018: ndbi, ndvi, rgb"]},"geometry":{"type":"Polygon","coordinates":[[[-5.848182,54.674286],[-5.834546,54.674286],[-5.834546,54.687143],[-5.848182,54.687143],[-5.848182,54.674286]]]}},{"type":"Feature","id":"belfast_12_18_2018","properties":{"cell_id":"belfast_12_18","year":2018,"row":12,"col":18,"traffic":0.225,"jobs":0.053,"electricity":0.273,"buildings":0.288,"services":0.066,"development_pressure":0.205,"green_cover":0.351,"bike_access":0.05,"transit_access":0.18,"traffic_pressure":0.178,"planning_intensity":0.094,"deprivation_weight":0.0,"bike_trip_index":0.306,"tree_canopy_context":0.0,"civic_service_context":0.0,"traffic_delta_2016":0.025,"jobs_delta_2016":0.01,"electricity_delta_2016":0.048,"buildings_delta_2016":0.065,"services_delta_2016":0.008,"traffic_delta_previous":0.014,"jobs_delta_previous":0.005,"electricity_delta_previous":0.025,"buildings_delta_previous":0.034,"services_delta_previous":0.004,"dominant_metric":"buildings","dominant_change":"appeared","confidence":"medium","evidence":["OSM building footprints and replay-first-visible-year profile","Planning/development-zone pressure proxy","Sentinel/Landsat NDBI source availability","Local raster evidence for 2018: ndbi, ndvi, rgb"]},"geometry":{"type":"Polygon","coordinates":[[[-5.834545,54.674286],[-5.820909,54.674286],[-5.820909,54.687143],[-5.834545,54.687143],[-5.834545,54.674286]]]}},{"type":"Feature","id":"belfast_12_19_2018","properties":{"cell_id":"belfast_12_19","year":2018,"row":12,"col":19,"traffic":0.228,"jobs":0.053,"electricity":0.275,"buildings":0.293,"services":0.066,"development_pressure":0.212,"green_cover":0.33,"bike_access":0.05,"transit_access":0.18,"traffic_pressure":0.181,"planning_intensity":0.097,"deprivation_weight":0.0,"bike_trip_index":0.306,"tree_canopy_context":0.0,"civic_service_context":0.0,"traffic_delta_2016":0.025,"jobs_delta_2016":0.01,"electricity_delta_2016":0.044,"buildings_delta_2016":0.059,"services_delta_2016":0.008,"traffic_delta_previous":0.014,"jobs_delta_previous":0.005,"electricity_delta_previous":0.022,"buildings_delta_previous":0.031,"services_delta_previous":0.004,"dominant_metric":"buildings","dominant_change":"appeared","confidence":"medium","evidence":["OSM building footprints and replay-first-visible-year profile","Planning/development-zone pressure proxy","Sentinel/Landsat NDBI source availability","Local raster evidence for 2018: ndbi, ndvi, rgb"]},"geometry":{"type":"Polygon","coordinates":[[[-5.820909,54.674286],[-5.807273,54.674286],[-5.807273,54.687143],[-5.820909,54.687143],[-5.820909,54.674286]]]}},{"type":"Feature","id":"belfast_12_20_2018","properties":{"cell_id":"belfast_12_20","year":2018,"row":12,"col":20,"traffic":0.228,"jobs":0.053,"electricity":0.273,"buildings":0.29,"services":0.066,"development_pressure":0.202,"green_cover":0.304,"bike_access":0.05,"transit_access":0.18,"traffic_pressure":0.182,"planning_intensity":0.093,"deprivation_weight":0.0,"bike_trip_index":0.306,"tree_canopy_context":0.0,"civic_service_context":0.0,"traffic_delta_2016":0.024,"jobs_delta_2016":0.01,"electricity_delta_2016":0.039,"buildings_delta_2016":0.051,"services_delta_2016":0.008,"traffic_delta_previous":0.013,"jobs_delta_previous":0.005,"electricity_delta_previous":0.02,"buildings_delta_previous":0.027,"services_delta_previous":0.004,"dominant_metric":"buildings","dominant_change":"appeared","confidence":"medium","evidence":["OSM building footprints and replay-first-visible-year profile","Planning/development-zone pressure proxy","Sentinel/Landsat NDBI source availability","Local raster evidence for 2018: ndbi, ndvi, rgb"]},"geometry":{"type":"Polygon","coordinates":[[[-5.807273,54.674286],[-5.793637,54.674286],[-5.793637,54.687143],[-5.807273,54.687143],[-5.807273,54.674286]]]}},{"type":"Feature","id":"belfast_12_21_2018","properties":{"cell_id":"belfast_12_21","year":2018,"row":12,"col":21,"traffic":0.223,"jobs":0.053,"electricity":0.266,"buildings":0.278,"services":0.066,"development_pressure":0.18,"green_cover":0.297,"bike_access":0.05,"transit_access":0.18,"traffic_pressure":0.179,"planning_intensity":0.082,"deprivation_weight":0.0,"bike_trip_index":0.306,"tree_canopy_context":0.0,"civic_service_context":0.0,"traffic_delta_2016":0.019,"jobs_delta_2016":0.01,"electricity_delta_2016":0.034,"buildings_delta_2016":0.042,"services_delta_2016":0.008,"traffic_delta_previous":0.009,"jobs_delta_previous":0.005,"electricity_delta_previous":0.018,"buildings_delta_previous":0.022,"services_delta_previous":0.004,"dominant_metric":"buildings","dominant_change":"appeared","confidence":"medium","evidence":["OSM building footprints and replay-first-visible-year profile","Planning/development-zone pressure proxy","Sentinel/Landsat NDBI source availability","Local raster evidence for 2018: ndbi, ndvi, rgb"]},"geometry":{"type":"Polygon","coordinates":[[[-5.793636,54.674286],[-5.78,54.674286],[-5.78,54.687143],[-5.793636,54.687143],[-5.793636,54.674286]]]}},{"type":"Feature","id":"belfast_13_00_2018","properties":{"cell_id":"belfast_13_00","year":2018,"row":13,"col":0,"traffic":0.226,"jobs":0.053,"electricity":0.272,"buildings":0.288,"services":0.066,"development_pressure":0.203,"green_cover":0.336,"bike_access":0.05,"transit_access":0.18,"traffic_pressure":0.179,"planning_intensity":0.093,"deprivation_weight":0.0,"bike_trip_index":0.306,"tree_canopy_context":0.0,"civic_service_context":0.0,"traffic_delta_2016":0.021,"jobs_delta_2016":0.01,"electricity_delta_2016":0.038,"buildings_delta_2016":0.049,"services_delta_2016":0.008,"traffic_delta_previous":0.012,"jobs_delta_previous":0.005,"electricity_delta_previous":0.019,"buildings_delta_previous":0.026,"services_delta_previous":0.004,"dominant_metric":"buildings","dominant_change":"appeared","confidence":"medium","evidence":["OSM building footprints and replay-first-visible-year profile","Planning/development-zone pressure proxy","Sentinel/Landsat NDBI source availability","Local raster evidence for 2018: ndbi, ndvi, rgb"]},"geometry":{"type":"Polygon","coordinates":[[[-6.08,54.687143],[-6.066364,54.687143],[-6.066364,54.7],[-6.08,54.7],[-6.08,54.687143]]]}},{"type":"Feature","id":"belfast_13_01_2018","properties":{"cell_id":"belfast_13_01","year":2018,"row":13,"col":1,"traffic":0.222,"jobs":0.053,"electricity":0.266,"buildings":0.277,"services":0.066,"development_pressure":0.182,"green_cover":0.311,"bike_access":0.05,"transit_access":0.18,"traffic_pressure":0.178,"planning_intensity":0.082,"deprivation_weight":0.0,"bike_trip_index":0.306,"tree_canopy_context":0.0,"civic_service_context":0.0,"traffic_delta_2016":0.019,"jobs_delta_2016":0.01,"electricity_delta_2016":0.034,"buildings_delta_2016":0.042,"services_delta_2016":0.008,"traffic_delta_previous":0.01,"jobs_delta_previous":0.005,"electricity_delta_previous":0.018,"buildings_delta_previous":0.022,"services_delta_previous":0.004,"dominant_metric":"buildings","dominant_change":"appeared","confidence":"medium","evidence":["OSM building footprints and replay-first-visible-year profile","Planning/development-zone pressure proxy","Sentinel/Landsat NDBI source availability","Local raster evidence for 2018: ndbi, ndvi, rgb"]},"geometry":{"type":"Polygon","coordinates":[[[-6.066364,54.687143],[-6.052728,54.687143],[-6.052728,54.7],[-6.066364,54.7],[-6.066364,54.687143]]]}},{"type":"Feature","id":"belfast_13_02_2018","properties":{"cell_id":"belfast_13_02","year":2018,"row":13,"col":2,"traffic":0.218,"jobs":0.053,"electricity":0.259,"buildings":0.265,"services":0.066,"development_pressure":0.158,"green_cover":0.301,"bike_access":0.05,"transit_access":0.18,"traffic_pressure":0.175,"planning_intensity":0.071,"deprivation_weight":0.0,"bike_trip_index":0.306,"tree_canopy_context":0.0,"civic_service_context":0.0,"traffic_delta_2016":0.019,"jobs_delta_2016":0.01,"electricity_delta_2016":0.033,"buildings_delta_2016":0.041,"services_delta_2016":0.008,"traffic_delta_previous":0.01,"jobs_delta_previous":0.005,"electricity_delta_previous":0.018,"buildings_delta_previous":0.022,"services_delta_previous":0.004,"dominant_metric":"buildings","dominant_change":"appeared","confidence":"medium","evidence":["OSM building footprints and replay-first-visible-year profile","Planning/development-zone pressure proxy","Sentinel/Landsat NDBI source availability","Local raster evidence for 2018: ndbi, ndvi, rgb"]},"geometry":{"type":"Polygon","coordinates":[[[-6.052727,54.687143],[-6.039091,54.687143],[-6.039091,54.7],[-6.052727,54.7],[-6.052727,54.687143]]]}},{"type":"Feature","id":"belfast_13_03_2018","properties":{"cell_id":"belfast_13_03","year":2018,"row":13,"col":3,"traffic":0.213,"jobs":0.053,"electricity":0.255,"buildings":0.255,"services":0.066,"development_pressure":0.143,"green_cover":0.316,"bike_access":0.05,"transit_access":0.18,"traffic_pressure":0.171,"planning_intensity":0.063,"deprivation_weight":0.0,"bike_trip_index":0.306,"tree_canopy_context":0.0,"civic_service_context":0.0,"traffic_delta_2016":0.018,"jobs_delta_2016":0.01,"electricity_delta_2016":0.036,"buildings_delta_2016":0.043,"services_delta_2016":0.008,"traffic_delta_previous":0.009,"jobs_delta_previous":0.005,"electricity_delta_previous":0.02,"buildings_delta_previous":0.023,"services_delta_previous":0.004,"dominant_metric":"buildings","dominant_change":"appeared","confidence":"medium","evidence":["OSM building footprints and replay-first-visible-year profile","Planning/development-zone pressure proxy","Sentinel/Landsat NDBI source availability","Local raster evidence for 2018: ndbi, ndvi, rgb"]},"geometry":{"type":"Polygon","coordinates":[[[-6.039091,54.687143],[-6.025455,54.687143],[-6.025455,54.7],[-6.039091,54.7],[-6.039091,54.687143]]]}},{"type":"Feature","id":"belfast_13_04_2018","properties":{"cell_id":"belfast_13_04","year":2018,"row":13,"col":4,"traffic":0.21,"jobs":0.053,"electricity":0.255,"buildings":0.252,"services":0.066,"development_pressure":0.144,"green_cover":0.368,"bike_access":0.05,"transit_access":0.18,"traffic_pressure":0.167,"planning_intensity":0.064,"deprivation_weight":0.0,"bike_trip_index":0.306,"tree_canopy_context":0.0,"civic_service_context":0.0,"traffic_delta_2016":0.019,"jobs_delta_2016":0.01,"electricity_delta_2016":0.041,"buildings_delta_2016":0.05,"services_delta_2016":0.008,"traffic_delta_previous":0.011,"jobs_delta_previous":0.005,"electricity_delta_previous":0.023,"buildings_delta_previous":0.028,"services_delta_previous":0.004,"dominant_metric":"buildings","dominant_change":"appeared","confidence":"medium","evidence":["OSM building footprints and replay-first-visible-year profile","Planning/development-zone pressure proxy","Sentinel/Landsat NDBI source availability","Local raster evidence for 2018: ndbi, ndvi, rgb"]},"geometry":{"type":"Polygon","coordinates":[[[-6.025455,54.687143],[-6.011819,54.687143],[-6.011819,54.7],[-6.025455,54.7],[-6.025455,54.687143]]]}},{"type":"Feature","id":"belfast_13_05_2018","properties":{"cell_id":"belfast_13_05","year":2018,"row":13,"col":5,"traffic":0.21,"jobs":0.068,"electricity":0.262,"buildings":0.258,"services":0.112,"development_pressure":0.161,"green_cover":0.41,"bike_access":0.05,"transit_access":0.18,"traffic_pressure":0.166,"planning_intensity":0.072,"deprivation_weight":0.0,"bike_trip_index":0.306,"tree_canopy_context":0.012,"civic_service_context":0.2,"traffic_delta_2016":0.023,"jobs_delta_2016":0.01,"electricity_delta_2016":0.046,"buildings_delta_2016":0.06,"services_delta_2016":0.008,"traffic_delta_previous":0.013,"jobs_delta_previous":0.005,"electricity_delta_previous":0.025,"buildings_delta_previous":0.033,"services_delta_previous":0.004,"dominant_metric":"buildings","dominant_change":"appeared","confidence":"medium","evidence":["OSM building footprints and replay-first-visible-year profile","Planning/development-zone pressure proxy","Sentinel/Landsat NDBI source availability","Local raster evidence for 2018: ndbi, ndvi, rgb"]},"geometry":{"type":"Polygon","coordinates":[[[-6.011818,54.687143],[-5.998182,54.687143],[-5.998182,54.7],[-6.011818,54.7],[-6.011818,54.687143]]]}},{"type":"Feature","id":"belfast_13_06_2018","properties":{"cell_id":"belfast_13_06","year":2018,"row":13,"col":6,"traffic":0.217,"jobs":0.083,"electricity":0.272,"buildings":0.273,"services":0.158,"development_pressure":0.184,"green_cover":0.393,"bike_access":0.05,"transit_access":0.18,"traffic_pressure":0.171,"planning_intensity":0.084,"deprivation_weight":0.0,"bike_trip_index":0.306,"tree_canopy_context":0.0,"civic_service_context":0.4,"traffic_delta_2016":0.028,"jobs_delta_2016":0.01,"electricity_delta_2016":0.049,"buildings_delta_2016":0.068,"services_delta_2016":0.008,"traffic_delta_previous":0.016,"jobs_delta_previous":0.005,"electricity_delta_previous":0.026,"buildings_delta_previous":0.037,"services_delta_previous":0.004,"dominant_metric":"buildings","dominant_change":"appeared","confidence":"medium","evidence":["OSM building footprints and replay-first-visible-year profile","Planning/development-zone pressure proxy","Sentinel/Landsat NDBI source availability","Local raster evidence for 2018: ndbi, ndvi, rgb"]},"geometry":{"type":"Polygon","coordinates":[[[-5.998182,54.687143],[-5.984546,54.687143],[-5.984546,54.7],[-5.998182,54.7],[-5.998182,54.687143]]]}},{"type":"Feature","id":"belfast_13_07_2018","properties":{"cell_id":"belfast_13_07","year":2018,"row":13,"col":7,"traffic":0.224,"jobs":0.053,"electricity":0.273,"buildings":0.287,"services":0.066,"development_pressure":0.205,"green_cover":0.362,"bike_access":0.05,"transit_access":0.18,"traffic_pressure":0.177,"planning_intensity":0.094,"deprivation_weight":0.0,"bike_trip_index":0.306,"tree_canopy_context":0.0,"civic_service_context":0.0,"traffic_delta_2016":0.031,"jobs_delta_2016":0.01,"electricity_delta_2016":0.049,"buildings_delta_2016":0.07,"services_delta_2016":0.008,"traffic_delta_previous":0.017,"jobs_delta_previous":0.005,"electricity_delta_previous":0.026,"buildings_delta_previous":0.037,"services_delta_previous":0.004,"dominant_metric":"buildings","dominant_change":"appeared","confidence":"medium","evidence":["OSM building footprints and replay-first-visible-year profile","Planning/development-zone pressure proxy","Sentinel/Landsat NDBI source availability","Local raster evidence for 2018: ndbi, ndvi, rgb"]},"geometry":{"type":"Polygon","coordinates":[[[-5.984545,54.687143],[-5.970909,54.687143],[-5.970909,54.7],[-5.984545,54.7],[-5.984545,54.687143]]]}},{"type":"Feature","id":"belfast_13_08_2018","properties":{"cell_id":"belfast_13_08","year":2018,"row":13,"col":8,"traffic":0.231,"jobs":0.053,"electricity":0.276,"buildings":0.296,"services":0.066,"development_pressure":0.212,"green_cover":0.292,"bike_access":0.05,"transit_access":0.18,"traffic_pressure":0.185,"planning_intensity":0.097,"deprivation_weight":0.0,"bike_trip_index":0.306,"tree_canopy_context":0.0,"civic_service_context":0.0,"traffic_delta_2016":0.028,"jobs_delta_2016":0.01,"electricity_delta_2016":0.045,"buildings_delta_2016":0.062,"services_delta_2016":0.008,"traffic_delta_previous":0.014,"jobs_delta_previous":0.005,"electricity_delta_previous":0.023,"buildings_delta_previous":0.031,"services_delta_previous":0.004,"dominant_metric":"buildings","dominant_change":"appeared","confidence":"medium","evidence":["OSM building footprints and replay-first-visible-year profile","Planning/development-zone pressure proxy","Sentinel/Landsat NDBI source availability","Local raster evidence for 2018: ndbi, ndvi, rgb"]},"geometry":{"type":"Polygon","coordinates":[[[-5.970909,54.687143],[-5.957273,54.687143],[-5.957273,54.7],[-5.970909,54.7],[-5.970909,54.687143]]]}},{"type":"Feature","id":"belfast_13_09_2018","properties":{"cell_id":"belfast_13_09","year":2018,"row":13,"col":9,"traffic":0.219,"jobs":0.053,"electricity":0.271,"buildings":0.281,"services":0.066,"development_pressure":0.202,"green_cover":0.427,"bike_access":0.05,"transit_access":0.18,"traffic_pressure":0.171,"planning_intensity":0.093,"deprivation_weight":0.0,"bike_trip_index":0.306,"tree_canopy_context":0.424,"civic_service_context":0.0,"traffic_delta_2016":0.021,"jobs_delta_2016":0.01,"electricity_delta_2016":0.038,"buildings_delta_2016":0.049,"services_delta_2016":0.008,"traffic_delta_previous":0.01,"jobs_delta_previous":0.005,"electricity_delta_previous":0.019,"buildings_delta_previous":0.024,"services_delta_previous":0.004,"dominant_metric":"buildings","dominant_change":"appeared","confidence":"medium","evidence":["OSM building footprints and replay-first-visible-year profile","Planning/development-zone pressure proxy","Sentinel/Landsat NDBI source availability","Local raster evidence for 2018: ndbi, ndvi, rgb"]},"geometry":{"type":"Polygon","coordinates":[[[-5.957273,54.687143],[-5.943637,54.687143],[-5.943637,54.7],[-5.957273,54.7],[-5.957273,54.687143]]]}},{"type":"Feature","id":"belfast_13_10_2018","properties":{"cell_id":"belfast_13_10","year":2018,"row":13,"col":10,"traffic":0.21,"jobs":0.053,"electricity":0.264,"buildings":0.266,"services":0.066,"development_pressure":0.181,"green_cover":0.475,"bike_access":0.05,"transit_access":0.18,"traffic_pressure":0.163,"planning_intensity":0.082,"deprivation_weight":0.0,"bike_trip_index":0.306,"tree_canopy_context":0.482,"civic_service_context":0.0,"traffic_delta_2016":0.014,"jobs_delta_2016":0.01,"electricity_delta_2016":0.033,"buildings_delta_2016":0.038,"services_delta_2016":0.008,"traffic_delta_previous":0.007,"jobs_delta_previous":0.005,"electricity_delta_previous":0.017,"buildings_delta_previous":0.019,"services_delta_previous":0.004,"dominant_metric":"buildings","dominant_change":"appeared","confidence":"medium","evidence":["OSM building footprints and replay-first-visible-year profile","Planning/development-zone pressure proxy","Sentinel/Landsat NDBI source availability","Local raster evidence for 2018: ndbi, ndvi, rgb"]},"geometry":{"type":"Polygon","coordinates":[[[-5.943636,54.687143],[-5.93,54.687143],[-5.93,54.7],[-5.943636,54.7],[-5.943636,54.687143]]]}},{"type":"Feature","id":"belfast_13_11_2018","properties":{"cell_id":"belfast_13_11","year":2018,"row":13,"col":11,"traffic":0.205,"jobs":0.053,"electricity":0.257,"buildings":0.252,"services":0.066,"development_pressure":0.158,"green_cover":0.478,"bike_access":0.05,"transit_access":0.18,"traffic_pressure":0.159,"planning_intensity":0.07,"deprivation_weight":0.0,"bike_trip_index":0.306,"tree_canopy_context":0.4,"civic_service_context":0.0,"traffic_delta_2016":0.012,"jobs_delta_2016":0.01,"electricity_delta_2016":0.032,"buildings_delta_2016":0.034,"services_delta_2016":0.008,"traffic_delta_previous":0.007,"jobs_delta_previous":0.005,"electricity_delta_previous":0.017,"buildings_delta_previous":0.019,"services_delta_previous":0.004,"dominant_metric":"buildings","dominant_change":"stable","confidence":"medium","evidence":["OSM building footprints and replay-first-visible-year profile","Planning/development-zone pressure proxy","Sentinel/Landsat NDBI source availability","Local raster evidence for 2018: ndbi, ndvi, rgb"]},"geometry":{"type":"Polygon","coordinates":[[[-5.93,54.687143],[-5.916364,54.687143],[-5.916364,54.7],[-5.93,54.7],[-5.93,54.687143]]]}},{"type":"Feature","id":"belfast_13_12_2018","properties":{"cell_id":"belfast_13_12","year":2018,"row":13,"col":12,"traffic":0.209,"jobs":0.053,"electricity":0.254,"buildings":0.251,"services":0.066,"development_pressure":0.143,"green_cover":0.377,"bike_access":0.05,"transit_access":0.18,"traffic_pressure":0.166,"planning_intensity":0.063,"deprivation_weight":0.0,"bike_trip_index":0.306,"tree_canopy_context":0.059,"civic_service_context":0.0,"traffic_delta_2016":0.016,"jobs_delta_2016":0.01,"electricity_delta_2016":0.036,"buildings_delta_2016":0.042,"services_delta_2016":0.008,"traffic_delta_previous":0.011,"jobs_delta_previous":0.005,"electricity_delta_previous":0.02,"buildings_delta_previous":0.025,"services_delta_previous":0.004,"dominant_metric":"buildings","dominant_change":"appeared","confidence":"medium","evidence":["OSM building footprints and replay-first-visible-year profile","Planning/development-zone pressure proxy","Sentinel/Landsat NDBI source availability","Local raster evidence for 2018: ndbi, ndvi, rgb"]},"geometry":{"type":"Polygon","coordinates":[[[-5.916364,54.687143],[-5.902728,54.687143],[-5.902728,54.7],[-5.916364,54.7],[-5.916364,54.687143]]]}},{"type":"Feature","id":"belfast_13_13_2018","properties":{"cell_id":"belfast_13_13","year":2018,"row":13,"col":13,"traffic":0.212,"jobs":0.053,"electricity":0.255,"buildings":0.255,"services":0.066,"development_pressure":0.145,"green_cover":0.334,"bike_access":0.05,"transit_access":0.18,"traffic_pressure":0.17,"planning_intensity":0.064,"deprivation_weight":0.0,"bike_trip_index":0.306,"tree_canopy_context":0.0,"civic_service_context":0.0,"traffic_delta_2016":0.024,"jobs_delta_2016":0.01,"electricity_delta_2016":0.042,"buildings_delta_2016":0.055,"services_delta_2016":0.008,"traffic_delta_previous":0.014,"jobs_delta_previous":0.005,"electricity_delta_previous":0.023,"buildings_delta_previous":0.032,"services_delta_previous":0.004,"dominant_metric":"buildings","dominant_change":"appeared","confidence":"medium","evidence":["OSM building footprints and replay-first-visible-year profile","Planning/development-zone pressure proxy","Sentinel/Landsat NDBI source availability","Local raster evidence for 2018: ndbi, ndvi, rgb"]},"geometry":{"type":"Polygon","coordinates":[[[-5.902727,54.687143],[-5.889091,54.687143],[-5.889091,54.7],[-5.902727,54.7],[-5.902727,54.687143]]]}},{"type":"Feature","id":"belfast_13_14_2018","properties":{"cell_id":"belfast_13_14","year":2018,"row":13,"col":14,"traffic":0.218,"jobs":0.053,"electricity":0.26,"buildings":0.266,"services":0.066,"development_pressure":0.161,"green_cover":0.305,"bike_access":0.05,"transit_access":0.18,"traffic_pressure":0.175,"planning_intensity":0.072,"deprivation_weight":0.0,"bike_trip_index":0.306,"tree_canopy_context":0.0,"civic_service_context":0.0,"traffic_delta_2016":0.03,"jobs_delta_2016":0.01,"electricity_delta_2016":0.047,"buildings_delta_2016":0.067,"services_delta_2016":0.008,"traffic_delta_previous":0.017,"jobs_delta_previous":0.005,"electricity_delta_previous":0.025,"buildings_delta_previous":0.037,"services_delta_previous":0.004,"dominant_metric":"buildings","dominant_change":"appeared","confidence":"medium","evidence":["OSM building footprints and replay-first-visible-year profile","Planning/development-zone pressure proxy","Sentinel/Landsat NDBI source availability","Local raster evidence for 2018: ndbi, ndvi, rgb"]},"geometry":{"type":"Polygon","coordinates":[[[-5.889091,54.687143],[-5.875455,54.687143],[-5.875455,54.7],[-5.889091,54.7],[-5.889091,54.687143]]]}},{"type":"Feature","id":"belfast_13_15_2018","properties":{"cell_id":"belfast_13_15","year":2018,"row":13,"col":15,"traffic":0.224,"jobs":0.053,"electricity":0.268,"buildings":0.28,"services":0.066,"development_pressure":0.185,"green_cover":0.298,"bike_access":0.05,"transit_access":0.18,"traffic_pressure":0.18,"planning_intensity":0.084,"deprivation_weight":0.0,"bike_trip_index":0.306,"tree_canopy_context":0.0,"civic_service_context":0.0,"traffic_delta_2016":0.031,"jobs_delta_2016":0.01,"electricity_delta_2016":0.05,"buildings_delta_2016":0.071,"services_delta_2016":0.008,"traffic_delta_previous":0.016,"jobs_delta_previous":0.005,"electricity_delta_previous":0.027,"buildings_delta_previous":0.037,"services_delta_previous":0.004,"dominant_metric":"buildings","dominant_change":"appeared","confidence":"medium","evidence":["OSM building footprints and replay-first-visible-year profile","Planning/development-zone pressure proxy","Sentinel/Landsat NDBI source availability","Local raster evidence for 2018: ndbi, ndvi, rgb"]},"geometry":{"type":"Polygon","coordinates":[[[-5.875455,54.687143],[-5.861819,54.687143],[-5.861819,54.7],[-5.875455,54.7],[-5.875455,54.687143]]]}},{"type":"Feature","id":"belfast_13_16_2018","properties":{"cell_id":"belfast_13_16","year":2018,"row":13,"col":16,"traffic":0.228,"jobs":0.053,"electricity":0.273,"buildings":0.29,"services":0.066,"development_pressure":0.205,"green_cover":0.316,"bike_access":0.05,"transit_access":0.18,"traffic_pressure":0.181,"planning_intensity":0.094,"deprivation_weight":0.0,"bike_trip_index":0.306,"tree_canopy_context":0.0,"civic_service_context":0.0,"traffic_delta_2016":0.027,"jobs_delta_2016":0.01,"electricity_delta_2016":0.048,"buildings_delta_2016":0.065,"services_delta_2016":0.008,"traffic_delta_previous":0.013,"jobs_delta_previous":0.005,"electricity_delta_previous":0.024,"buildings_delta_previous":0.033,"services_delta_previous":0.004,"dominant_metric":"buildings","dominant_change":"appeared","confidence":"medium","evidence":["OSM building footprints and replay-first-visible-year profile","Planning/development-zone pressure proxy","Sentinel/Landsat NDBI source availability","Local raster evidence for 2018: ndbi, ndvi, rgb"]},"geometry":{"type":"Polygon","coordinates":[[[-5.861818,54.687143],[-5.848182,54.687143],[-5.848182,54.7],[-5.861818,54.7],[-5.861818,54.687143]]]}},{"type":"Feature","id":"belfast_13_17_2018","properties":{"cell_id":"belfast_13_17","year":2018,"row":13,"col":17,"traffic":0.227,"jobs":0.053,"electricity":0.275,"buildings":0.292,"services":0.066,"development_pressure":0.212,"green_cover":0.343,"bike_access":0.05,"transit_access":0.18,"traffic_pressure":0.18,"planning_intensity":0.097,"deprivation_weight":0.0,"bike_trip_index":0.306,"tree_canopy_context":0.0,"civic_service_context":0.0,"traffic_delta_2016":0.021,"jobs_delta_2016":0.01,"electricity_delta_2016":0.043,"buildings_delta_2016":0.055,"services_delta_2016":0.008,"traffic_delta_previous":0.01,"jobs_delta_previous":0.005,"electricity_delta_previous":0.022,"buildings_delta_previous":0.027,"services_delta_previous":0.004,"dominant_metric":"buildings","dominant_change":"appeared","confidence":"medium","evidence":["OSM building footprints and replay-first-visible-year profile","Planning/development-zone pressure proxy","Sentinel/Landsat NDBI source availability","Local raster evidence for 2018: ndbi, ndvi, rgb"]},"geometry":{"type":"Polygon","coordinates":[[[-5.848182,54.687143],[-5.834546,54.687143],[-5.834546,54.7],[-5.848182,54.7],[-5.848182,54.687143]]]}},{"type":"Feature","id":"belfast_13_18_2018","properties":{"cell_id":"belfast_13_18","year":2018,"row":13,"col":18,"traffic":0.224,"jobs":0.053,"electricity":0.272,"buildings":0.286,"services":0.066,"development_pressure":0.202,"green_cover":0.352,"bike_access":0.05,"transit_access":0.18,"traffic_pressure":0.178,"planning_intensity":0.093,"deprivation_weight":0.0,"bike_trip_index":0.306,"tree_canopy_context":0.0,"civic_service_context":0.0,"traffic_delta_2016":0.017,"jobs_delta_2016":0.01,"electricity_delta_2016":0.038,"buildings_delta_2016":0.045,"services_delta_2016":0.008,"traffic_delta_previous":0.009,"jobs_delta_previous":0.005,"electricity_delta_previous":0.019,"buildings_delta_previous":0.023,"services_delta_previous":0.004,"dominant_metric":"buildings","dominant_change":"appeared","confidence":"medium","evidence":["OSM building footprints and replay-first-visible-year profile","Planning/development-zone pressure proxy","Sentinel/Landsat NDBI source availability","Local raster evidence for 2018: ndbi, ndvi, rgb"]},"geometry":{"type":"Polygon","coordinates":[[[-5.834545,54.687143],[-5.820909,54.687143],[-5.820909,54.7],[-5.834545,54.7],[-5.834545,54.687143]]]}},{"type":"Feature","id":"belfast_13_19_2018","properties":{"cell_id":"belfast_13_19","year":2018,"row":13,"col":19,"traffic":0.22,"jobs":0.053,"electricity":0.266,"buildings":0.275,"services":0.066,"development_pressure":0.18,"green_cover":0.336,"bike_access":0.05,"transit_access":0.18,"traffic_pressure":0.176,"planning_intensity":0.082,"deprivation_weight":0.0,"bike_trip_index":0.306,"tree_canopy_context":0.0,"civic_service_context":0.0,"traffic_delta_2016":0.017,"jobs_delta_2016":0.01,"electricity_delta_2016":0.034,"buildings_delta_2016":0.04,"services_delta_2016":0.008,"traffic_delta_previous":0.01,"jobs_delta_previous":0.005,"electricity_delta_previous":0.018,"buildings_delta_previous":0.022,"services_delta_previous":0.004,"dominant_metric":"buildings","dominant_change":"appeared","confidence":"medium","evidence":["OSM building footprints and replay-first-visible-year profile","Planning/development-zone pressure proxy","Sentinel/Landsat NDBI source availability","Local raster evidence for 2018: ndbi, ndvi, rgb"]},"geometry":{"type":"Polygon","coordinates":[[[-5.820909,54.687143],[-5.807273,54.687143],[-5.807273,54.7],[-5.820909,54.7],[-5.820909,54.687143]]]}},{"type":"Feature","id":"belfast_13_20_2018","properties":{"cell_id":"belfast_13_20","year":2018,"row":13,"col":20,"traffic":0.217,"jobs":0.053,"electricity":0.259,"buildings":0.263,"services":0.066,"development_pressure":0.157,"green_cover":0.312,"bike_access":0.05,"transit_access":0.18,"traffic_pressure":0.174,"planning_intensity":0.07,"deprivation_weight":0.0,"bike_trip_index":0.306,"tree_canopy_context":0.0,"civic_service_context":0.0,"traffic_delta_2016":0.019,"jobs_delta_2016":0.01,"electricity_delta_2016":0.034,"buildings_delta_2016":0.041,"services_delta_2016":0.008,"traffic_delta_previous":0.011,"jobs_delta_previous":0.005,"electricity_delta_previous":0.018,"buildings_delta_previous":0.023,"services_delta_previous":0.004,"dominant_metric":"buildings","dominant_change":"appeared","confidence":"medium","evidence":["OSM building footprints and replay-first-visible-year profile","Planning/development-zone pressure proxy","Sentinel/Landsat NDBI source availability","Local raster evidence for 2018: ndbi, ndvi, rgb"]},"geometry":{"type":"Polygon","coordinates":[[[-5.807273,54.687143],[-5.793637,54.687143],[-5.793637,54.7],[-5.807273,54.7],[-5.807273,54.687143]]]}},{"type":"Feature","id":"belfast_13_21_2018","properties":{"cell_id":"belfast_13_21","year":2018,"row":13,"col":21,"traffic":0.214,"jobs":0.053,"electricity":0.255,"buildings":0.256,"services":0.066,"development_pressure":0.143,"green_cover":0.304,"bike_access":0.05,"transit_access":0.18,"traffic_pressure":0.173,"planning_intensity":0.063,"deprivation_weight":0.0,"bike_trip_index":0.306,"tree_canopy_context":0.0,"civic_service_context":0.0,"traffic_delta_2016":0.021,"jobs_delta_2016":0.01,"electricity_delta_2016":0.037,"buildings_delta_2016":0.046,"services_delta_2016":0.008,"traffic_delta_previous":0.011,"jobs_delta_previous":0.005,"electricity_delta_previous":0.02,"buildings_delta_previous":0.026,"services_delta_previous":0.004,"dominant_metric":"buildings","dominant_change":"appeared","confidence":"medium","evidence":["OSM building footprints and replay-first-visible-year profile","Planning/development-zone pressure proxy","Sentinel/Landsat NDBI source availability","Local raster evidence for 2018: ndbi, ndvi, rgb"]},"geometry":{"type":"Polygon","coordinates":[[[-5.793636,54.687143],[-5.78,54.687143],[-5.78,54.7],[-5.793636,54.7],[-5.793636,54.687143]]]}}]}