{"type":"FeatureCollection","name":"mode_a_grid_2024","metadata":{"year":2024,"generated_at":"2026-04-25T13:55:50.473945+00:00","bbox":[-6.08,54.52,-5.78,54.7],"cell_count":216,"resolution_note":"Regular demo grid approximating 250m-500m cells across Belfast NI."},"features":[{"type":"Feature","id":"belfast_00_00_2024","properties":{"cell_id":"belfast_00_00","year":2024,"row":0,"col":0,"development_pressure":0.142,"planning_intensity":0.081,"green_cover":0.329,"mobility_access":0.2,"bike_activity":0.05,"air_quality":0.863,"opportunity_access":0.332,"fairness_context":0.0,"deprivation_weighted_opportunity":0.246,"development_pressure_delta_2016":0.025,"planning_intensity_delta_2016":0.013,"green_cover_delta_2016":-0.011,"mobility_access_delta_2016":0.0,"bike_activity_delta_2016":0.0,"air_quality_delta_2016":0.224,"opportunity_access_delta_2016":-0.004,"fairness_context_delta_2016":0.0,"deprivation_weighted_opportunity_delta_2016":-0.003,"development_pressure_delta_previous":-0.026,"planning_intensity_delta_previous":-0.013,"green_cover_delta_previous":-0.004,"mobility_access_delta_previous":0.0,"bike_activity_delta_previous":0.0,"air_quality_delta_previous":0.037,"opportunity_access_delta_previous":0.001,"fairness_context_delta_previous":0.0,"deprivation_weighted_opportunity_delta_previous":0.001,"dominant_change":"improved","confidence":"low","evidence":["OpenStreetMap building export clipped to Belfast NI core","250m-style grid proxy generated from local spatial anchors","NI Air annual trend proxy included","Opportunity and exposure scores are normalized directional indicators"]},"geometry":{"type":"Polygon","coordinates":[[[-6.08,54.52],[-6.0633333333333335,54.52],[-6.0633333333333335,54.535000000000004],[-6.08,54.535000000000004],[-6.08,54.52]]]}},{"type":"Feature","id":"belfast_00_01_2024","properties":{"cell_id":"belfast_00_01","year":2024,"row":0,"col":1,"development_pressure":0.118,"planning_intensity":0.069,"green_cover":0.306,"mobility_access":0.2,"bike_activity":0.05,"air_quality":0.862,"opportunity_access":0.33,"fairness_context":0.0,"deprivation_weighted_opportunity":0.244,"development_pressure_delta_2016":0.016,"planning_intensity_delta_2016":0.008,"green_cover_delta_2016":-0.048,"mobility_access_delta_2016":0.0,"bike_activity_delta_2016":0.0,"air_quality_delta_2016":0.218,"opportunity_access_delta_2016":-0.009,"fairness_context_delta_2016":0.0,"deprivation_weighted_opportunity_delta_2016":-0.007,"development_pressure_delta_previous":-0.027,"planning_intensity_delta_previous":-0.014,"green_cover_delta_previous":-0.023,"mobility_access_delta_previous":0.0,"bike_activity_delta_previous":0.0,"air_quality_delta_previous":0.034,"opportunity_access_delta_previous":-0.002,"fairness_context_delta_previous":0.0,"deprivation_weighted_opportunity_delta_previous":-0.001,"dominant_change":"improved","confidence":"low","evidence":["OpenStreetMap building export clipped to Belfast NI core","250m-style grid proxy generated from local spatial anchors","NI Air annual trend proxy included","Opportunity and exposure scores are normalized directional indicators"]},"geometry":{"type":"Polygon","coordinates":[[[-6.0633333333333335,54.52],[-6.046666666666667,54.52],[-6.046666666666667,54.535000000000004],[-6.0633333333333335,54.535000000000004],[-6.0633333333333335,54.52]]]}},{"type":"Feature","id":"belfast_00_02_2024","properties":{"cell_id":"belfast_00_02","year":2024,"row":0,"col":2,"development_pressure":0.103,"planning_intensity":0.061,"green_cover":0.289,"mobility_access":0.2,"bike_activity":0.05,"air_quality":0.861,"opportunity_access":0.328,"fairness_context":0.0,"deprivation_weighted_opportunity":0.243,"development_pressure_delta_2016":0.001,"planning_intensity_delta_2016":0.0,"green_cover_delta_2016":-0.048,"mobility_access_delta_2016":0.0,"bike_activity_delta_2016":0.0,"air_quality_delta_2016":0.22,"opportunity_access_delta_2016":-0.009,"fairness_context_delta_2016":0.0,"deprivation_weighted_opportunity_delta_2016":-0.006,"development_pressure_delta_previous":-0.018,"planning_intensity_delta_previous":-0.009,"green_cover_delta_previous":-0.018,"mobility_access_delta_previous":0.0,"bike_activity_delta_previous":0.0,"air_quality_delta_previous":0.033,"opportunity_access_delta_previous":-0.002,"fairness_context_delta_previous":0.0,"deprivation_weighted_opportunity_delta_previous":-0.001,"dominant_change":"improved","confidence":"low","evidence":["OpenStreetMap building export clipped to Belfast NI core","250m-style grid proxy generated from local spatial anchors","NI Air annual trend proxy included","Opportunity and exposure scores are normalized directional indicators"]},"geometry":{"type":"Polygon","coordinates":[[[-6.046666666666667,54.52],[-6.03,54.52],[-6.03,54.535000000000004],[-6.046666666666667,54.535000000000004],[-6.046666666666667,54.52]]]}},{"type":"Feature","id":"belfast_00_03_2024","properties":{"cell_id":"belfast_00_03","year":2024,"row":0,"col":3,"development_pressure":0.101,"planning_intensity":0.061,"green_cover":0.294,"mobility_access":0.2,"bike_activity":0.05,"air_quality":0.863,"opportunity_access":0.329,"fairness_context":0.0,"deprivation_weighted_opportunity":0.243,"development_pressure_delta_2016":-0.016,"planning_intensity_delta_2016":-0.007,"green_cover_delta_2016":-0.012,"mobility_access_delta_2016":0.0,"bike_activity_delta_2016":0.0,"air_quality_delta_2016":0.231,"opportunity_access_delta_2016":-0.001,"fairness_context_delta_2016":0.0,"deprivation_weighted_opportunity_delta_2016":-0.001,"development_pressure_delta_previous":-0.003,"planning_intensity_delta_previous":-0.001,"green_cover_delta_previous":0.005,"mobility_access_delta_previous":0.0,"bike_activity_delta_previous":0.0,"air_quality_delta_previous":0.036,"opportunity_access_delta_previous":0.001,"fairness_context_delta_previous":0.0,"deprivation_weighted_opportunity_delta_previous":0.0,"dominant_change":"improved","confidence":"low","evidence":["OpenStreetMap building export clipped to Belfast NI core","250m-style grid proxy generated from local spatial anchors","NI Air annual trend proxy included","Opportunity and exposure scores are normalized directional indicators"]},"geometry":{"type":"Polygon","coordinates":[[[-6.03,54.52],[-6.013333333333334,54.52],[-6.013333333333334,54.535000000000004],[-6.03,54.535000000000004],[-6.03,54.52]]]}},{"type":"Feature","id":"belfast_00_04_2024","properties":{"cell_id":"belfast_00_04","year":2024,"row":0,"col":4,"development_pressure":0.115,"planning_intensity":0.067,"green_cover":0.317,"mobility_access":0.2,"bike_activity":0.05,"air_quality":0.865,"opportunity_access":0.332,"fairness_context":0.0,"deprivation_weighted_opportunity":0.246,"development_pressure_delta_2016":-0.025,"planning_intensity_delta_2016":-0.013,"green_cover_delta_2016":0.029,"mobility_access_delta_2016":0.0,"bike_activity_delta_2016":0.0,"air_quality_delta_2016":0.24,"opportunity_access_delta_2016":0.007,"fairness_context_delta_2016":0.0,"deprivation_weighted_opportunity_delta_2016":0.006,"development_pressure_delta_previous":0.014,"planning_intensity_delta_previous":0.007,"green_cover_delta_previous":0.022,"mobility_access_delta_previous":0.0,"bike_activity_delta_previous":0.0,"air_quality_delta_previous":0.036,"opportunity_access_delta_previous":0.003,"fairness_context_delta_previous":0.0,"deprivation_weighted_opportunity_delta_previous":0.003,"dominant_change":"improved","confidence":"low","evidence":["OpenStreetMap building export clipped to Belfast NI core","250m-style grid proxy generated from local spatial anchors","NI Air annual trend proxy included","Opportunity and exposure scores are normalized directional indicators"]},"geometry":{"type":"Polygon","coordinates":[[[-6.013333333333334,54.52],[-5.996666666666667,54.52],[-5.996666666666667,54.535000000000004],[-6.013333333333334,54.535000000000004],[-6.013333333333334,54.52]]]}},{"type":"Feature","id":"belfast_00_05_2024","properties":{"cell_id":"belfast_00_05","year":2024,"row":0,"col":5,"development_pressure":0.138,"planning_intensity":0.079,"green_cover":0.336,"mobility_access":0.2,"bike_activity":0.05,"air_quality":0.865,"opportunity_access":0.333,"fairness_context":0.0,"deprivation_weighted_opportunity":0.247,"development_pressure_delta_2016":-0.026,"planning_intensity_delta_2016":-0.013,"green_cover_delta_2016":0.039,"mobility_access_delta_2016":0.0,"bike_activity_delta_2016":0.0,"air_quality_delta_2016":0.242,"opportunity_access_delta_2016":0.009,"fairness_context_delta_2016":0.0,"deprivation_weighted_opportunity_delta_2016":0.007,"development_pressure_delta_previous":0.025,"planning_intensity_delta_previous":0.013,"green_cover_delta_previous":0.017,"mobility_access_delta_previous":0.0,"bike_activity_delta_previous":0.0,"air_quality_delta_previous":0.034,"opportunity_access_delta_previous":0.001,"fairness_context_delta_previous":0.0,"deprivation_weighted_opportunity_delta_previous":0.001,"dominant_change":"improved","confidence":"low","evidence":["OpenStreetMap building export clipped to Belfast NI core","250m-style grid proxy generated from local spatial anchors","NI Air annual trend proxy included","Opportunity and exposure scores are normalized directional indicators"]},"geometry":{"type":"Polygon","coordinates":[[[-5.996666666666667,54.52],[-5.98,54.52],[-5.98,54.535000000000004],[-5.996666666666667,54.535000000000004],[-5.996666666666667,54.52]]]}},{"type":"Feature","id":"belfast_00_06_2024","properties":{"cell_id":"belfast_00_06","year":2024,"row":0,"col":6,"development_pressure":0.162,"planning_intensity":0.091,"green_cover":0.33,"mobility_access":0.2,"bike_activity":0.05,"air_quality":0.86,"opportunity_access":0.33,"fairness_context":0.0,"deprivation_weighted_opportunity":0.244,"development_pressure_delta_2016":-0.016,"planning_intensity_delta_2016":-0.008,"green_cover_delta_2016":0.007,"mobility_access_delta_2016":0.0,"bike_activity_delta_2016":0.0,"air_quality_delta_2016":0.234,"opportunity_access_delta_2016":0.002,"fairness_context_delta_2016":0.0,"deprivation_weighted_opportunity_delta_2016":0.001,"development_pressure_delta_previous":0.027,"planning_intensity_delta_previous":0.013,"green_cover_delta_previous":-0.008,"mobility_access_delta_previous":0.0,"bike_activity_delta_previous":0.0,"air_quality_delta_previous":0.028,"opportunity_access_delta_previous":-0.004,"fairness_context_delta_previous":0.0,"deprivation_weighted_opportunity_delta_previous":-0.003,"dominant_change":"improved","confidence":"low","evidence":["OpenStreetMap building export clipped to Belfast NI core","250m-style grid proxy generated from local spatial anchors","NI Air annual trend proxy included","Opportunity and exposure scores are normalized directional indicators"]},"geometry":{"type":"Polygon","coordinates":[[[-5.98,54.52],[-5.963333333333334,54.52],[-5.963333333333334,54.535000000000004],[-5.98,54.535000000000004],[-5.98,54.52]]]}},{"type":"Feature","id":"belfast_00_07_2024","properties":{"cell_id":"belfast_00_07","year":2024,"row":0,"col":7,"development_pressure":0.177,"planning_intensity":0.099,"green_cover":0.301,"mobility_access":0.2,"bike_activity":0.05,"air_quality":0.852,"opportunity_access":0.324,"fairness_context":0.0,"deprivation_weighted_opportunity":0.24,"development_pressure_delta_2016":-0.001,"planning_intensity_delta_2016":0.0,"green_cover_delta_2016":-0.04,"mobility_access_delta_2016":0.0,"bike_activity_delta_2016":0.0,"air_quality_delta_2016":0.223,"opportunity_access_delta_2016":-0.007,"fairness_context_delta_2016":0.0,"deprivation_weighted_opportunity_delta_2016":-0.005,"development_pressure_delta_previous":0.017,"planning_intensity_delta_previous":0.009,"green_cover_delta_previous":-0.03,"mobility_access_delta_previous":0.0,"bike_activity_delta_previous":0.0,"air_quality_delta_previous":0.026,"opportunity_access_delta_previous":-0.007,"fairness_context_delta_previous":0.0,"deprivation_weighted_opportunity_delta_previous":-0.005,"dominant_change":"improved","confidence":"low","evidence":["OpenStreetMap building export clipped to Belfast NI core","250m-style grid proxy generated from local spatial anchors","NI Air annual trend proxy included","Opportunity and exposure scores are normalized directional indicators"]},"geometry":{"type":"Polygon","coordinates":[[[-5.963333333333334,54.52],[-5.946666666666667,54.52],[-5.946666666666667,54.535000000000004],[-5.963333333333334,54.535000000000004],[-5.963333333333334,54.52]]]}},{"type":"Feature","id":"belfast_00_08_2024","properties":{"cell_id":"belfast_00_08","year":2024,"row":0,"col":8,"development_pressure":0.179,"planning_intensity":0.099,"green_cover":0.275,"mobility_access":0.2,"bike_activity":0.05,"air_quality":0.847,"opportunity_access":0.319,"fairness_context":0.0,"deprivation_weighted_opportunity":0.236,"development_pressure_delta_2016":0.016,"planning_intensity_delta_2016":0.007,"green_cover_delta_2016":-0.059,"mobility_access_delta_2016":0.0,"bike_activity_delta_2016":0.0,"air_quality_delta_2016":0.217,"opportunity_access_delta_2016":-0.012,"fairness_context_delta_2016":0.0,"deprivation_weighted_opportunity_delta_2016":-0.009,"development_pressure_delta_previous":0.003,"planning_intensity_delta_previous":0.001,"green_cover_delta_previous":-0.028,"mobility_access_delta_previous":0.0,"bike_activity_delta_previous":0.0,"air_quality_delta_previous":0.029,"opportunity_access_delta_previous":-0.005,"fairness_context_delta_previous":0.0,"deprivation_weighted_opportunity_delta_previous":-0.004,"dominant_change":"improved","confidence":"low","evidence":["OpenStreetMap building export clipped to Belfast NI core","250m-style grid proxy generated from local spatial anchors","NI Air annual trend proxy included","Opportunity and exposure scores are normalized directional indicators"]},"geometry":{"type":"Polygon","coordinates":[[[-5.946666666666667,54.52],[-5.930000000000001,54.52],[-5.930000000000001,54.535000000000004],[-5.946666666666667,54.535000000000004],[-5.946666666666667,54.52]]]}},{"type":"Feature","id":"belfast_00_09_2024","properties":{"cell_id":"belfast_00_09","year":2024,"row":0,"col":9,"development_pressure":0.165,"planning_intensity":0.092,"green_cover":0.275,"mobility_access":0.2,"bike_activity":0.05,"air_quality":0.849,"opportunity_access":0.32,"fairness_context":0.0,"deprivation_weighted_opportunity":0.237,"development_pressure_delta_2016":0.025,"planning_intensity_delta_2016":0.012,"green_cover_delta_2016":-0.035,"mobility_access_delta_2016":0.0,"bike_activity_delta_2016":0.0,"air_quality_delta_2016":0.22,"opportunity_access_delta_2016":-0.009,"fairness_context_delta_2016":0.0,"deprivation_weighted_opportunity_delta_2016":-0.006,"development_pressure_delta_previous":-0.014,"planning_intensity_delta_previous":-0.008,"green_cover_delta_previous":-0.002,"mobility_access_delta_previous":0.0,"bike_activity_delta_previous":0.0,"air_quality_delta_previous":0.037,"opportunity_access_delta_previous":0.001,"fairness_context_delta_previous":0.0,"deprivation_weighted_opportunity_delta_previous":0.001,"dominant_change":"improved","confidence":"low","evidence":["OpenStreetMap building export clipped to Belfast NI core","250m-style grid proxy generated from local spatial anchors","NI Air annual trend proxy included","Opportunity and exposure scores are normalized directional indicators"]},"geometry":{"type":"Polygon","coordinates":[[[-5.93,54.52],[-5.913333333333333,54.52],[-5.913333333333333,54.535000000000004],[-5.93,54.535000000000004],[-5.93,54.52]]]}},{"type":"Feature","id":"belfast_00_10_2024","properties":{"cell_id":"belfast_00_10","year":2024,"row":0,"col":10,"development_pressure":0.142,"planning_intensity":0.081,"green_cover":0.303,"mobility_access":0.2,"bike_activity":0.05,"air_quality":0.858,"opportunity_access":0.327,"fairness_context":0.0,"deprivation_weighted_opportunity":0.242,"development_pressure_delta_2016":0.026,"planning_intensity_delta_2016":0.013,"green_cover_delta_2016":0.01,"mobility_access_delta_2016":0.0,"bike_activity_delta_2016":0.0,"air_quality_delta_2016":0.228,"opportunity_access_delta_2016":0.0,"fairness_context_delta_2016":0.0,"deprivation_weighted_opportunity_delta_2016":0.0,"development_pressure_delta_previous":-0.025,"planning_intensity_delta_previous":-0.013,"green_cover_delta_previous":0.027,"mobility_access_delta_previous":0.0,"bike_activity_delta_previous":0.0,"air_quality_delta_previous":0.044,"opportunity_access_delta_previous":0.007,"fairness_context_delta_previous":0.0,"deprivation_weighted_opportunity_delta_previous":0.005,"dominant_change":"improved","confidence":"low","evidence":["OpenStreetMap building export clipped to Belfast NI core","250m-style grid proxy generated from local spatial anchors","NI Air annual trend proxy included","Opportunity and exposure scores are normalized directional indicators"]},"geometry":{"type":"Polygon","coordinates":[[[-5.913333333333333,54.52],[-5.8966666666666665,54.52],[-5.8966666666666665,54.535000000000004],[-5.913333333333333,54.535000000000004],[-5.913333333333333,54.52]]]}},{"type":"Feature","id":"belfast_00_11_2024","properties":{"cell_id":"belfast_00_11","year":2024,"row":0,"col":11,"development_pressure":0.118,"planning_intensity":0.069,"green_cover":0.336,"mobility_access":0.2,"bike_activity":0.05,"air_quality":0.868,"opportunity_access":0.335,"fairness_context":0.0,"deprivation_weighted_opportunity":0.248,"development_pressure_delta_2016":0.016,"planning_intensity_delta_2016":0.008,"green_cover_delta_2016":0.036,"mobility_access_delta_2016":0.0,"bike_activity_delta_2016":0.0,"air_quality_delta_2016":0.235,"opportunity_access_delta_2016":0.005,"fairness_context_delta_2016":0.0,"deprivation_weighted_opportunity_delta_2016":0.004,"development_pressure_delta_previous":-0.026,"planning_intensity_delta_previous":-0.013,"green_cover_delta_previous":0.033,"mobility_access_delta_previous":0.0,"bike_activity_delta_previous":0.0,"air_quality_delta_previous":0.045,"opportunity_access_delta_previous":0.008,"fairness_context_delta_previous":0.0,"deprivation_weighted_opportunity_delta_previous":0.006,"dominant_change":"improved","confidence":"low","evidence":["OpenStreetMap building export clipped to Belfast NI core","250m-style grid proxy generated from local spatial anchors","NI Air annual trend proxy included","Opportunity and exposure scores are normalized directional indicators"]},"geometry":{"type":"Polygon","coordinates":[[[-5.8966666666666665,54.52],[-5.88,54.52],[-5.88,54.535000000000004],[-5.8966666666666665,54.535000000000004],[-5.8966666666666665,54.52]]]}},{"type":"Feature","id":"belfast_00_12_2024","properties":{"cell_id":"belfast_00_12","year":2024,"row":0,"col":12,"development_pressure":0.102,"planning_intensity":0.061,"green_cover":0.346,"mobility_access":0.2,"bike_activity":0.05,"air_quality":0.873,"opportunity_access":0.338,"fairness_context":0.0,"deprivation_weighted_opportunity":0.25,"development_pressure_delta_2016":0.0,"planning_intensity_delta_2016":0.0,"green_cover_delta_2016":0.019,"mobility_access_delta_2016":0.0,"bike_activity_delta_2016":0.0,"air_quality_delta_2016":0.234,"opportunity_access_delta_2016":0.003,"fairness_context_delta_2016":0.0,"deprivation_weighted_opportunity_delta_2016":0.002,"development_pressure_delta_previous":-0.018,"planning_intensity_delta_previous":-0.009,"green_cover_delta_previous":0.01,"mobility_access_delta_previous":0.0,"bike_activity_delta_previous":0.0,"air_quality_delta_previous":0.039,"opportunity_access_delta_previous":0.003,"fairness_context_delta_previous":0.0,"deprivation_weighted_opportunity_delta_previous":0.002,"dominant_change":"improved","confidence":"low","evidence":["OpenStreetMap building export clipped to Belfast NI core","250m-style grid proxy generated from local spatial anchors","NI Air annual trend proxy included","Opportunity and exposure scores are normalized directional indicators"]},"geometry":{"type":"Polygon","coordinates":[[[-5.88,54.52],[-5.863333333333333,54.52],[-5.863333333333333,54.535000000000004],[-5.88,54.535000000000004],[-5.88,54.52]]]}},{"type":"Feature","id":"belfast_00_13_2024","properties":{"cell_id":"belfast_00_13","year":2024,"row":0,"col":13,"development_pressure":0.102,"planning_intensity":0.061,"green_cover":0.327,"mobility_access":0.2,"bike_activity":0.05,"air_quality":0.869,"opportunity_access":0.335,"fairness_context":0.0,"deprivation_weighted_opportunity":0.248,"development_pressure_delta_2016":-0.015,"planning_intensity_delta_2016":-0.008,"green_cover_delta_2016":-0.021,"mobility_access_delta_2016":0.0,"bike_activity_delta_2016":0.0,"air_quality_delta_2016":0.228,"opportunity_access_delta_2016":-0.002,"fairness_context_delta_2016":0.0,"deprivation_weighted_opportunity_delta_2016":-0.002,"development_pressure_delta_previous":-0.002,"planning_intensity_delta_previous":-0.001,"green_cover_delta_previous":-0.02,"mobility_access_delta_previous":0.0,"bike_activity_delta_previous":0.0,"air_quality_delta_previous":0.031,"opportunity_access_delta_previous":-0.003,"fairness_context_delta_previous":0.0,"deprivation_weighted_opportunity_delta_previous":-0.002,"dominant_change":"improved","confidence":"low","evidence":["OpenStreetMap building export clipped to Belfast NI core","250m-style grid proxy generated from local spatial anchors","NI Air annual trend proxy included","Opportunity and exposure scores are normalized directional indicators"]},"geometry":{"type":"Polygon","coordinates":[[[-5.863333333333333,54.52],[-5.846666666666667,54.52],[-5.846666666666667,54.535000000000004],[-5.863333333333333,54.535000000000004],[-5.863333333333333,54.52]]]}},{"type":"Feature","id":"belfast_00_14_2024","properties":{"cell_id":"belfast_00_14","year":2024,"row":0,"col":14,"development_pressure":0.115,"planning_intensity":0.068,"green_cover":0.295,"mobility_access":0.2,"bike_activity":0.05,"air_quality":0.861,"opportunity_access":0.328,"fairness_context":0.0,"deprivation_weighted_opportunity":0.243,"development_pressure_delta_2016":-0.026,"planning_intensity_delta_2016":-0.012,"green_cover_delta_2016":-0.048,"mobility_access_delta_2016":0.0,"bike_activity_delta_2016":0.0,"air_quality_delta_2016":0.225,"opportunity_access_delta_2016":-0.007,"fairness_context_delta_2016":0.0,"deprivation_weighted_opportunity_delta_2016":-0.005,"development_pressure_delta_previous":0.014,"planning_intensity_delta_previous":0.008,"green_cover_delta_previous":-0.033,"mobility_access_delta_previous":0.0,"bike_activity_delta_previous":0.0,"air_quality_delta_previous":0.026,"opportunity_access_delta_previous":-0.007,"fairness_context_delta_previous":0.0,"deprivation_weighted_opportunity_delta_previous":-0.005,"dominant_change":"improved","confidence":"low","evidence":["OpenStreetMap building export clipped to Belfast NI core","250m-style grid proxy generated from local spatial anchors","NI Air annual trend proxy included","Opportunity and exposure scores are normalized directional indicators"]},"geometry":{"type":"Polygon","coordinates":[[[-5.846666666666667,54.52],[-5.83,54.52],[-5.83,54.535000000000004],[-5.846666666666667,54.535000000000004],[-5.846666666666667,54.52]]]}},{"type":"Feature","id":"belfast_00_15_2024","properties":{"cell_id":"belfast_00_15","year":2024,"row":0,"col":15,"development_pressure":0.139,"planning_intensity":0.079,"green_cover":0.279,"mobility_access":0.2,"bike_activity":0.05,"air_quality":0.854,"opportunity_access":0.323,"fairness_context":0.0,"deprivation_weighted_opportunity":0.239,"development_pressure_delta_2016":-0.025,"planning_intensity_delta_2016":-0.013,"green_cover_delta_2016":-0.036,"mobility_access_delta_2016":0.0,"bike_activity_delta_2016":0.0,"air_quality_delta_2016":0.228,"opportunity_access_delta_2016":-0.005,"fairness_context_delta_2016":0.0,"deprivation_weighted_opportunity_delta_2016":-0.003,"development_pressure_delta_previous":0.026,"planning_intensity_delta_previous":0.012,"green_cover_delta_previous":-0.018,"mobility_access_delta_previous":0.0,"bike_activity_delta_previous":0.0,"air_quality_delta_previous":0.027,"opportunity_access_delta_previous":-0.005,"fairness_context_delta_previous":0.0,"deprivation_weighted_opportunity_delta_previous":-0.004,"dominant_change":"improved","confidence":"low","evidence":["OpenStreetMap building export clipped to Belfast NI core","250m-style grid proxy generated from local spatial anchors","NI Air annual trend proxy included","Opportunity and exposure scores are normalized directional indicators"]},"geometry":{"type":"Polygon","coordinates":[[[-5.83,54.52],[-5.8133333333333335,54.52],[-5.8133333333333335,54.535000000000004],[-5.83,54.535000000000004],[-5.83,54.52]]]}},{"type":"Feature","id":"belfast_00_16_2024","properties":{"cell_id":"belfast_00_16","year":2024,"row":0,"col":16,"development_pressure":0.162,"planning_intensity":0.091,"green_cover":0.29,"mobility_access":0.2,"bike_activity":0.05,"air_quality":0.852,"opportunity_access":0.323,"fairness_context":0.0,"deprivation_weighted_opportunity":0.239,"development_pressure_delta_2016":-0.016,"planning_intensity_delta_2016":-0.008,"green_cover_delta_2016":0.003,"mobility_access_delta_2016":0.0,"bike_activity_delta_2016":0.0,"air_quality_delta_2016":0.233,"opportunity_access_delta_2016":0.002,"fairness_context_delta_2016":0.0,"deprivation_weighted_opportunity_delta_2016":0.001,"development_pressure_delta_previous":0.026,"planning_intensity_delta_previous":0.013,"green_cover_delta_previous":0.009,"mobility_access_delta_previous":0.0,"bike_activity_delta_previous":0.0,"air_quality_delta_previous":0.032,"opportunity_access_delta_previous":-0.001,"fairness_context_delta_previous":0.0,"deprivation_weighted_opportunity_delta_previous":-0.001,"dominant_change":"improved","confidence":"low","evidence":["OpenStreetMap building export clipped to Belfast NI core","250m-style grid proxy generated from local spatial anchors","NI Air annual trend proxy included","Opportunity and exposure scores are normalized directional indicators"]},"geometry":{"type":"Polygon","coordinates":[[[-5.8133333333333335,54.52],[-5.796666666666667,54.52],[-5.796666666666667,54.535000000000004],[-5.8133333333333335,54.535000000000004],[-5.8133333333333335,54.52]]]}},{"type":"Feature","id":"belfast_00_17_2024","properties":{"cell_id":"belfast_00_17","year":2024,"row":0,"col":17,"development_pressure":0.178,"planning_intensity":0.099,"green_cover":0.316,"mobility_access":0.2,"bike_activity":0.05,"air_quality":0.855,"opportunity_access":0.327,"fairness_context":0.0,"deprivation_weighted_opportunity":0.242,"development_pressure_delta_2016":0.0,"planning_intensity_delta_2016":0.0,"green_cover_delta_2016":0.032,"mobility_access_delta_2016":0.0,"bike_activity_delta_2016":0.0,"air_quality_delta_2016":0.237,"opportunity_access_delta_2016":0.006,"fairness_context_delta_2016":0.0,"deprivation_weighted_opportunity_delta_2016":0.005,"development_pressure_delta_previous":0.018,"planning_intensity_delta_previous":0.009,"green_cover_delta_previous":0.024,"mobility_access_delta_previous":0.0,"bike_activity_delta_previous":0.0,"air_quality_delta_previous":0.037,"opportunity_access_delta_previous":0.003,"fairness_context_delta_previous":0.0,"deprivation_weighted_opportunity_delta_previous":0.002,"dominant_change":"improved","confidence":"low","evidence":["OpenStreetMap building export clipped to Belfast NI core","250m-style grid proxy generated from local spatial anchors","NI Air annual trend proxy included","Opportunity and exposure scores are normalized directional indicators"]},"geometry":{"type":"Polygon","coordinates":[[[-5.796666666666667,54.52],[-5.78,54.52],[-5.78,54.535000000000004],[-5.796666666666667,54.535000000000004],[-5.796666666666667,54.52]]]}},{"type":"Feature","id":"belfast_01_00_2024","properties":{"cell_id":"belfast_01_00","year":2024,"row":1,"col":0,"development_pressure":0.104,"planning_intensity":0.062,"green_cover":0.337,"mobility_access":0.2,"bike_activity":0.05,"air_quality":0.871,"opportunity_access":0.336,"fairness_context":0.0,"deprivation_weighted_opportunity":0.249,"development_pressure_delta_2016":0.003,"planning_intensity_delta_2016":0.001,"green_cover_delta_2016":-0.005,"mobility_access_delta_2016":0.0,"bike_activity_delta_2016":0.0,"air_quality_delta_2016":0.229,"opportunity_access_delta_2016":-0.002,"fairness_context_delta_2016":0.0,"deprivation_weighted_opportunity_delta_2016":-0.001,"development_pressure_delta_previous":-0.019,"planning_intensity_delta_previous":-0.01,"green_cover_delta_previous":-0.006,"mobility_access_delta_previous":0.0,"bike_activity_delta_previous":0.0,"air_quality_delta_previous":0.036,"opportunity_access_delta_previous":0.0,"fairness_context_delta_previous":0.0,"deprivation_weighted_opportunity_delta_previous":0.0,"dominant_change":"improved","confidence":"low","evidence":["OpenStreetMap building export clipped to Belfast NI core","250m-style grid proxy generated from local spatial anchors","NI Air annual trend proxy included","Opportunity and exposure scores are normalized directional indicators"]},"geometry":{"type":"Polygon","coordinates":[[[-6.08,54.535000000000004],[-6.0633333333333335,54.535000000000004],[-6.0633333333333335,54.550000000000004],[-6.08,54.550000000000004],[-6.08,54.535000000000004]]]}},{"type":"Feature","id":"belfast_01_01_2024","properties":{"cell_id":"belfast_01_01","year":2024,"row":1,"col":1,"development_pressure":0.101,"planning_intensity":0.06,"green_cover":0.31,"mobility_access":0.2,"bike_activity":0.05,"air_quality":0.866,"opportunity_access":0.332,"fairness_context":0.0,"deprivation_weighted_opportunity":0.246,"development_pressure_delta_2016":-0.013,"planning_intensity_delta_2016":-0.007,"green_cover_delta_2016":-0.042,"mobility_access_delta_2016":0.0,"bike_activity_delta_2016":0.0,"air_quality_delta_2016":0.224,"opportunity_access_delta_2016":-0.006,"fairness_context_delta_2016":0.0,"deprivation_weighted_opportunity_delta_2016":-0.004,"development_pressure_delta_previous":-0.004,"planning_intensity_delta_previous":-0.003,"green_cover_delta_previous":-0.028,"mobility_access_delta_previous":0.0,"bike_activity_delta_previous":0.0,"air_quality_delta_previous":0.03,"opportunity_access_delta_previous":-0.004,"fairness_context_delta_previous":0.0,"deprivation_weighted_opportunity_delta_previous":-0.003,"dominant_change":"improved","confidence":"low","evidence":["OpenStreetMap building export clipped to Belfast NI core","250m-style grid proxy generated from local spatial anchors","NI Air annual trend proxy included","Opportunity and exposure scores are normalized directional indicators"]},"geometry":{"type":"Polygon","coordinates":[[[-6.0633333333333335,54.535000000000004],[-6.046666666666667,54.535000000000004],[-6.046666666666667,54.550000000000004],[-6.0633333333333335,54.550000000000004],[-6.0633333333333335,54.535000000000004]]]}},{"type":"Feature","id":"belfast_01_02_2024","properties":{"cell_id":"belfast_01_02","year":2024,"row":1,"col":2,"development_pressure":0.113,"planning_intensity":0.066,"green_cover":0.286,"mobility_access":0.2,"bike_activity":0.05,"air_quality":0.859,"opportunity_access":0.327,"fairness_context":0.0,"deprivation_weighted_opportunity":0.242,"development_pressure_delta_2016":-0.024,"planning_intensity_delta_2016":-0.013,"green_cover_delta_2016":-0.046,"mobility_access_delta_2016":0.0,"bike_activity_delta_2016":0.0,"air_quality_delta_2016":0.225,"opportunity_access_delta_2016":-0.006,"fairness_context_delta_2016":0.0,"deprivation_weighted_opportunity_delta_2016":-0.004,"development_pressure_delta_previous":0.013,"planning_intensity_delta_previous":0.006,"green_cover_delta_previous":-0.025,"mobility_access_delta_previous":0.0,"bike_activity_delta_previous":0.0,"air_quality_delta_previous":0.027,"opportunity_access_delta_previous":-0.005,"fairness_context_delta_previous":0.0,"deprivation_weighted_opportunity_delta_previous":-0.004,"dominant_change":"improved","confidence":"low","evidence":["OpenStreetMap building export clipped to Belfast NI core","250m-style grid proxy generated from local spatial anchors","NI Air annual trend proxy included","Opportunity and exposure scores are normalized directional indicators"]},"geometry":{"type":"Polygon","coordinates":[[[-6.046666666666667,54.535000000000004],[-6.03,54.535000000000004],[-6.03,54.550000000000004],[-6.046666666666667,54.550000000000004],[-6.046666666666667,54.535000000000004]]]}},{"type":"Feature","id":"belfast_01_03_2024","properties":{"cell_id":"belfast_01_03","year":2024,"row":1,"col":3,"development_pressure":0.135,"planning_intensity":0.078,"green_cover":0.286,"mobility_access":0.2,"bike_activity":0.05,"air_quality":0.856,"opportunity_access":0.325,"fairness_context":0.0,"deprivation_weighted_opportunity":0.24,"development_pressure_delta_2016":-0.026,"planning_intensity_delta_2016":-0.013,"green_cover_delta_2016":-0.013,"mobility_access_delta_2016":0.0,"bike_activity_delta_2016":0.0,"air_quality_delta_2016":0.232,"opportunity_access_delta_2016":0.0,"fairness_context_delta_2016":0.0,"deprivation_weighted_opportunity_delta_2016":0.0,"development_pressure_delta_previous":0.024,"planning_intensity_delta_previous":0.013,"green_cover_delta_previous":-0.002,"mobility_access_delta_previous":0.0,"bike_activity_delta_previous":0.0,"air_quality_delta_previous":0.031,"opportunity_access_delta_previous":-0.002,"fairness_context_delta_previous":0.0,"deprivation_weighted_opportunity_delta_previous":-0.002,"dominant_change":"improved","confidence":"low","evidence":["OpenStreetMap building export clipped to Belfast NI core","250m-style grid proxy generated from local spatial anchors","NI Air annual trend proxy included","Opportunity and exposure scores are normalized directional indicators"]},"geometry":{"type":"Polygon","coordinates":[[[-6.03,54.535000000000004],[-6.013333333333334,54.535000000000004],[-6.013333333333334,54.550000000000004],[-6.03,54.550000000000004],[-6.03,54.535000000000004]]]}},{"type":"Feature","id":"belfast_01_04_2024","properties":{"cell_id":"belfast_01_04","year":2024,"row":1,"col":4,"development_pressure":0.16,"planning_intensity":0.09,"green_cover":0.307,"mobility_access":0.2,"bike_activity":0.05,"air_quality":0.856,"opportunity_access":0.327,"fairness_context":0.0,"deprivation_weighted_opportunity":0.242,"development_pressure_delta_2016":-0.017,"planning_intensity_delta_2016":-0.009,"green_cover_delta_2016":0.025,"mobility_access_delta_2016":0.0,"bike_activity_delta_2016":0.0,"air_quality_delta_2016":0.238,"opportunity_access_delta_2016":0.006,"fairness_context_delta_2016":0.0,"deprivation_weighted_opportunity_delta_2016":0.005,"development_pressure_delta_previous":0.028,"planning_intensity_delta_previous":0.014,"green_cover_delta_previous":0.019,"mobility_access_delta_previous":0.0,"bike_activity_delta_previous":0.0,"air_quality_delta_previous":0.034,"opportunity_access_delta_previous":0.002,"fairness_context_delta_previous":0.0,"deprivation_weighted_opportunity_delta_previous":0.001,"dominant_change":"improved","confidence":"low","evidence":["OpenStreetMap building export clipped to Belfast NI core","250m-style grid proxy generated from local spatial anchors","NI Air annual trend proxy included","Opportunity and exposure scores are normalized directional indicators"]},"geometry":{"type":"Polygon","coordinates":[[[-6.013333333333334,54.535000000000004],[-5.996666666666667,54.535000000000004],[-5.996666666666667,54.550000000000004],[-6.013333333333334,54.550000000000004],[-6.013333333333334,54.535000000000004]]]}},{"type":"Feature","id":"belfast_01_05_2024","properties":{"cell_id":"belfast_01_05","year":2024,"row":1,"col":5,"development_pressure":0.176,"planning_intensity":0.098,"green_cover":0.327,"mobility_access":0.2,"bike_activity":0.05,"air_quality":0.857,"opportunity_access":0.329,"fairness_context":0.009,"deprivation_weighted_opportunity":0.244,"development_pressure_delta_2016":-0.003,"planning_intensity_delta_2016":-0.001,"green_cover_delta_2016":0.033,"mobility_access_delta_2016":0.0,"bike_activity_delta_2016":0.0,"air_quality_delta_2016":0.237,"opportunity_access_delta_2016":0.006,"fairness_context_delta_2016":0.0,"deprivation_weighted_opportunity_delta_2016":0.004,"development_pressure_delta_previous":0.019,"planning_intensity_delta_previous":0.009,"green_cover_delta_previous":0.018,"mobility_access_delta_previous":0.0,"bike_activity_delta_previous":0.0,"air_quality_delta_previous":0.035,"opportunity_access_delta_previous":0.002,"fairness_context_delta_previous":0.0,"deprivation_weighted_opportunity_delta_previous":0.001,"dominant_change":"improved","confidence":"low","evidence":["OpenStreetMap building export clipped to Belfast NI core","250m-style grid proxy generated from local spatial anchors","NI Air annual trend proxy included","Opportunity and exposure scores are normalized directional indicators"]},"geometry":{"type":"Polygon","coordinates":[[[-5.996666666666667,54.535000000000004],[-5.98,54.535000000000004],[-5.98,54.550000000000004],[-5.996666666666667,54.550000000000004],[-5.996666666666667,54.535000000000004]]]}},{"type":"Feature","id":"belfast_01_06_2024","properties":{"cell_id":"belfast_01_06","year":2024,"row":1,"col":6,"development_pressure":0.179,"planning_intensity":0.1,"green_cover":0.326,"mobility_access":0.2,"bike_activity":0.05,"air_quality":0.856,"opportunity_access":0.328,"fairness_context":0.026,"deprivation_weighted_opportunity":0.245,"development_pressure_delta_2016":0.014,"planning_intensity_delta_2016":0.007,"green_cover_delta_2016":0.001,"mobility_access_delta_2016":0.0,"bike_activity_delta_2016":0.0,"air_quality_delta_2016":0.228,"opportunity_access_delta_2016":-0.001,"fairness_context_delta_2016":0.0,"deprivation_weighted_opportunity_delta_2016":-0.001,"development_pressure_delta_previous":0.004,"planning_intensity_delta_previous":0.002,"green_cover_delta_previous":-0.003,"mobility_access_delta_previous":0.0,"bike_activity_delta_previous":0.0,"air_quality_delta_previous":0.033,"opportunity_access_delta_previous":-0.001,"fairness_context_delta_previous":0.0,"deprivation_weighted_opportunity_delta_previous":-0.001,"dominant_change":"improved","confidence":"low","evidence":["OpenStreetMap building export clipped to Belfast NI core","250m-style grid proxy generated from local spatial anchors","NI Air annual trend proxy included","Opportunity and exposure scores are normalized directional indicators"]},"geometry":{"type":"Polygon","coordinates":[[[-5.98,54.535000000000004],[-5.963333333333334,54.535000000000004],[-5.963333333333334,54.550000000000004],[-5.98,54.550000000000004],[-5.98,54.535000000000004]]]}},{"type":"Feature","id":"belfast_01_07_2024","properties":{"cell_id":"belfast_01_07","year":2024,"row":1,"col":7,"development_pressure":0.171,"planning_intensity":0.098,"green_cover":0.303,"mobility_access":0.2,"bike_activity":0.05,"air_quality":0.853,"opportunity_access":0.325,"fairness_context":0.0,"deprivation_weighted_opportunity":0.24,"development_pressure_delta_2016":0.026,"planning_intensity_delta_2016":0.015,"green_cover_delta_2016":-0.043,"mobility_access_delta_2016":0.0,"bike_activity_delta_2016":0.0,"air_quality_delta_2016":0.217,"opportunity_access_delta_2016":-0.01,"fairness_context_delta_2016":0.0,"deprivation_weighted_opportunity_delta_2016":-0.008,"development_pressure_delta_previous":-0.013,"planning_intensity_delta_previous":-0.006,"green_cover_delta_previous":-0.023,"mobility_access_delta_previous":0.0,"bike_activity_delta_previous":0.0,"air_quality_delta_previous":0.031,"opportunity_access_delta_previous":-0.003,"fairness_context_delta_previous":0.0,"deprivation_weighted_opportunity_delta_previous":-0.003,"dominant_change":"improved","confidence":"low","evidence":["OpenStreetMap building export clipped to Belfast NI core","250m-style grid proxy generated from local spatial anchors","NI Air annual trend proxy included","Opportunity and exposure scores are normalized directional indicators"]},"geometry":{"type":"Polygon","coordinates":[[[-5.963333333333334,54.535000000000004],[-5.946666666666667,54.535000000000004],[-5.946666666666667,54.550000000000004],[-5.963333333333334,54.550000000000004],[-5.963333333333334,54.535000000000004]]]}},{"type":"Feature","id":"belfast_01_08_2024","properties":{"cell_id":"belfast_01_08","year":2024,"row":1,"col":8,"development_pressure":0.162,"planning_intensity":0.099,"green_cover":0.279,"mobility_access":0.2,"bike_activity":0.05,"air_quality":0.85,"opportunity_access":0.321,"fairness_context":0.0,"deprivation_weighted_opportunity":0.238,"development_pressure_delta_2016":0.033,"planning_intensity_delta_2016":0.021,"green_cover_delta_2016":-0.061,"mobility_access_delta_2016":0.0,"bike_activity_delta_2016":0.0,"air_quality_delta_2016":0.213,"opportunity_access_delta_2016":-0.014,"fairness_context_delta_2016":0.0,"deprivation_weighted_opportunity_delta_2016":-0.01,"development_pressure_delta_previous":-0.024,"planning_intensity_delta_previous":-0.012,"green_cover_delta_previous":-0.022,"mobility_access_delta_previous":0.0,"bike_activity_delta_previous":0.0,"air_quality_delta_previous":0.034,"opportunity_access_delta_previous":-0.002,"fairness_context_delta_previous":0.0,"deprivation_weighted_opportunity_delta_previous":-0.001,"dominant_change":"improved","confidence":"low","evidence":["OpenStreetMap building export clipped to Belfast NI core","250m-style grid proxy generated from local spatial anchors","NI Air annual trend proxy included","Opportunity and exposure scores are normalized directional indicators"]},"geometry":{"type":"Polygon","coordinates":[[[-5.946666666666667,54.535000000000004],[-5.930000000000001,54.535000000000004],[-5.930000000000001,54.550000000000004],[-5.946666666666667,54.550000000000004],[-5.946666666666667,54.535000000000004]]]}},{"type":"Feature","id":"belfast_01_09_2024","properties":{"cell_id":"belfast_01_09","year":2024,"row":1,"col":9,"development_pressure":0.13,"planning_intensity":0.092,"green_cover":0.295,"mobility_access":0.2,"bike_activity":0.05,"air_quality":0.858,"opportunity_access":0.327,"fairness_context":0.0,"deprivation_weighted_opportunity":0.242,"development_pressure_delta_2016":0.021,"planning_intensity_delta_2016":0.014,"green_cover_delta_2016":-0.032,"mobility_access_delta_2016":0.0,"bike_activity_delta_2016":0.0,"air_quality_delta_2016":0.22,"opportunity_access_delta_2016":-0.007,"fairness_context_delta_2016":0.0,"deprivation_weighted_opportunity_delta_2016":-0.005,"development_pressure_delta_previous":-0.027,"planning_intensity_delta_previous":-0.013,"green_cover_delta_previous":0.002,"mobility_access_delta_previous":0.0,"bike_activity_delta_previous":0.0,"air_quality_delta_previous":0.039,"opportunity_access_delta_previous":0.003,"fairness_context_delta_previous":0.0,"deprivation_weighted_opportunity_delta_previous":0.002,"dominant_change":"improved","confidence":"low","evidence":["OpenStreetMap building export clipped to Belfast NI core","250m-style grid proxy generated from local spatial anchors","NI Air annual trend proxy included","Opportunity and exposure scores are normalized directional indicators"]},"geometry":{"type":"Polygon","coordinates":[[[-5.93,54.535000000000004],[-5.913333333333333,54.535000000000004],[-5.913333333333333,54.550000000000004],[-5.93,54.550000000000004],[-5.93,54.535000000000004]]]}},{"type":"Feature","id":"belfast_01_10_2024","properties":{"cell_id":"belfast_01_10","year":2024,"row":1,"col":10,"development_pressure":0.104,"planning_intensity":0.071,"green_cover":0.32,"mobility_access":0.2,"bike_activity":0.05,"air_quality":0.867,"opportunity_access":0.333,"fairness_context":0.0,"deprivation_weighted_opportunity":0.247,"development_pressure_delta_2016":0.003,"planning_intensity_delta_2016":0.002,"green_cover_delta_2016":0.016,"mobility_access_delta_2016":0.0,"bike_activity_delta_2016":0.0,"air_quality_delta_2016":0.233,"opportunity_access_delta_2016":0.002,"fairness_context_delta_2016":0.0,"deprivation_weighted_opportunity_delta_2016":0.002,"development_pressure_delta_previous":-0.019,"planning_intensity_delta_previous":-0.009,"green_cover_delta_previous":0.025,"mobility_access_delta_previous":0.0,"bike_activity_delta_previous":0.0,"air_quality_delta_previous":0.042,"opportunity_access_delta_previous":0.006,"fairness_context_delta_previous":0.0,"deprivation_weighted_opportunity_delta_previous":0.005,"dominant_change":"improved","confidence":"low","evidence":["OpenStreetMap building export clipped to Belfast NI core","250m-style grid proxy generated from local spatial anchors","NI Air annual trend proxy included","Opportunity and exposure scores are normalized directional indicators"]},"geometry":{"type":"Polygon","coordinates":[[[-5.913333333333333,54.535000000000004],[-5.8966666666666665,54.535000000000004],[-5.8966666666666665,54.550000000000004],[-5.913333333333333,54.550000000000004],[-5.913333333333333,54.535000000000004]]]}},{"type":"Feature","id":"belfast_01_11_2024","properties":{"cell_id":"belfast_01_11","year":2024,"row":1,"col":11,"development_pressure":0.101,"planning_intensity":0.06,"green_cover":0.339,"mobility_access":0.2,"bike_activity":0.05,"air_quality":0.872,"opportunity_access":0.337,"fairness_context":0.0,"deprivation_weighted_opportunity":0.249,"development_pressure_delta_2016":-0.014,"planning_intensity_delta_2016":-0.007,"green_cover_delta_2016":0.041,"mobility_access_delta_2016":0.0,"bike_activity_delta_2016":0.0,"air_quality_delta_2016":0.241,"opportunity_access_delta_2016":0.009,"fairness_context_delta_2016":0.0,"deprivation_weighted_opportunity_delta_2016":0.006,"development_pressure_delta_previous":-0.004,"planning_intensity_delta_previous":-0.002,"green_cover_delta_previous":0.027,"mobility_access_delta_previous":0.0,"bike_activity_delta_previous":0.0,"air_quality_delta_previous":0.041,"opportunity_access_delta_previous":0.005,"fairness_context_delta_previous":0.0,"deprivation_weighted_opportunity_delta_previous":0.003,"dominant_change":"improved","confidence":"low","evidence":["OpenStreetMap building export clipped to Belfast NI core","250m-style grid proxy generated from local spatial anchors","NI Air annual trend proxy included","Opportunity and exposure scores are normalized directional indicators"]},"geometry":{"type":"Polygon","coordinates":[[[-5.8966666666666665,54.535000000000004],[-5.88,54.535000000000004],[-5.88,54.550000000000004],[-5.8966666666666665,54.550000000000004],[-5.8966666666666665,54.535000000000004]]]}},{"type":"Feature","id":"belfast_01_12_2024","properties":{"cell_id":"belfast_01_12","year":2024,"row":1,"col":12,"development_pressure":0.113,"planning_intensity":0.067,"green_cover":0.344,"mobility_access":0.2,"bike_activity":0.05,"air_quality":0.871,"opportunity_access":0.337,"fairness_context":0.0,"deprivation_weighted_opportunity":0.249,"development_pressure_delta_2016":-0.025,"planning_intensity_delta_2016":-0.012,"green_cover_delta_2016":0.023,"mobility_access_delta_2016":0.0,"bike_activity_delta_2016":0.0,"air_quality_delta_2016":0.239,"opportunity_access_delta_2016":0.006,"fairness_context_delta_2016":0.0,"deprivation_weighted_opportunity_delta_2016":0.004,"development_pressure_delta_previous":0.013,"planning_intensity_delta_previous":0.007,"green_cover_delta_previous":0.004,"mobility_access_delta_previous":0.0,"bike_activity_delta_previous":0.0,"air_quality_delta_previous":0.033,"opportunity_access_delta_previous":0.0,"fairness_context_delta_previous":0.0,"deprivation_weighted_opportunity_delta_previous":-0.001,"dominant_change":"improved","confidence":"low","evidence":["OpenStreetMap building export clipped to Belfast NI core","250m-style grid proxy generated from local spatial anchors","NI Air annual trend proxy included","Opportunity and exposure scores are normalized directional indicators"]},"geometry":{"type":"Polygon","coordinates":[[[-5.88,54.535000000000004],[-5.863333333333333,54.535000000000004],[-5.863333333333333,54.550000000000004],[-5.88,54.550000000000004],[-5.88,54.535000000000004]]]}},{"type":"Feature","id":"belfast_01_13_2024","properties":{"cell_id":"belfast_01_13","year":2024,"row":1,"col":13,"development_pressure":0.136,"planning_intensity":0.078,"green_cover":0.319,"mobility_access":0.2,"bike_activity":0.05,"air_quality":0.862,"opportunity_access":0.331,"fairness_context":0.0,"deprivation_weighted_opportunity":0.245,"development_pressure_delta_2016":-0.026,"planning_intensity_delta_2016":-0.013,"green_cover_delta_2016":-0.022,"mobility_access_delta_2016":0.0,"bike_activity_delta_2016":0.0,"air_quality_delta_2016":0.23,"opportunity_access_delta_2016":-0.001,"fairness_context_delta_2016":0.0,"deprivation_weighted_opportunity_delta_2016":-0.001,"development_pressure_delta_previous":0.025,"planning_intensity_delta_previous":0.012,"green_cover_delta_previous":-0.026,"mobility_access_delta_previous":0.0,"bike_activity_delta_previous":0.0,"air_quality_delta_previous":0.025,"opportunity_access_delta_previous":-0.006,"fairness_context_delta_previous":0.0,"deprivation_weighted_opportunity_delta_previous":-0.005,"dominant_change":"improved","confidence":"low","evidence":["OpenStreetMap building export clipped to Belfast NI core","250m-style grid proxy generated from local spatial anchors","NI Air annual trend proxy included","Opportunity and exposure scores are normalized directional indicators"]},"geometry":{"type":"Polygon","coordinates":[[[-5.863333333333333,54.535000000000004],[-5.846666666666667,54.535000000000004],[-5.846666666666667,54.550000000000004],[-5.863333333333333,54.550000000000004],[-5.863333333333333,54.535000000000004]]]}},{"type":"Feature","id":"belfast_01_14_2024","properties":{"cell_id":"belfast_01_14","year":2024,"row":1,"col":14,"development_pressure":0.16,"planning_intensity":0.09,"green_cover":0.285,"mobility_access":0.2,"bike_activity":0.05,"air_quality":0.851,"opportunity_access":0.323,"fairness_context":0.0,"deprivation_weighted_opportunity":0.239,"development_pressure_delta_2016":-0.017,"planning_intensity_delta_2016":-0.009,"green_cover_delta_2016":-0.052,"mobility_access_delta_2016":0.0,"bike_activity_delta_2016":0.0,"air_quality_delta_2016":0.222,"opportunity_access_delta_2016":-0.008,"fairness_context_delta_2016":0.0,"deprivation_weighted_opportunity_delta_2016":-0.006,"development_pressure_delta_previous":0.027,"planning_intensity_delta_previous":0.013,"green_cover_delta_previous":-0.036,"mobility_access_delta_previous":0.0,"bike_activity_delta_previous":0.0,"air_quality_delta_previous":0.022,"opportunity_access_delta_previous":-0.008,"fairness_context_delta_previous":0.0,"deprivation_weighted_opportunity_delta_previous":-0.006,"dominant_change":"improved","confidence":"low","evidence":["OpenStreetMap building export clipped to Belfast NI core","250m-style grid proxy generated from local spatial anchors","NI Air annual trend proxy included","Opportunity and exposure scores are normalized directional indicators"]},"geometry":{"type":"Polygon","coordinates":[[[-5.846666666666667,54.535000000000004],[-5.83,54.535000000000004],[-5.83,54.550000000000004],[-5.846666666666667,54.550000000000004],[-5.846666666666667,54.535000000000004]]]}},{"type":"Feature","id":"belfast_01_15_2024","properties":{"cell_id":"belfast_01_15","year":2024,"row":1,"col":15,"development_pressure":0.177,"planning_intensity":0.098,"green_cover":0.271,"mobility_access":0.2,"bike_activity":0.05,"air_quality":0.846,"opportunity_access":0.319,"fairness_context":0.0,"deprivation_weighted_opportunity":0.236,"development_pressure_delta_2016":-0.002,"planning_intensity_delta_2016":-0.001,"green_cover_delta_2016":-0.042,"mobility_access_delta_2016":0.0,"bike_activity_delta_2016":0.0,"air_quality_delta_2016":0.222,"opportunity_access_delta_2016":-0.007,"fairness_context_delta_2016":0.0,"deprivation_weighted_opportunity_delta_2016":-0.005,"development_pressure_delta_previous":0.019,"planning_intensity_delta_previous":0.009,"green_cover_delta_previous":-0.016,"mobility_access_delta_previous":0.0,"bike_activity_delta_previous":0.0,"air_quality_delta_previous":0.028,"opportunity_access_delta_previous":-0.004,"fairness_context_delta_previous":0.0,"deprivation_weighted_opportunity_delta_previous":-0.003,"dominant_change":"improved","confidence":"low","evidence":["OpenStreetMap building export clipped to Belfast NI core","250m-style grid proxy generated from local spatial anchors","NI Air annual trend proxy included","Opportunity and exposure scores are normalized directional indicators"]},"geometry":{"type":"Polygon","coordinates":[[[-5.83,54.535000000000004],[-5.8133333333333335,54.535000000000004],[-5.8133333333333335,54.550000000000004],[-5.83,54.550000000000004],[-5.83,54.535000000000004]]]}},{"type":"Feature","id":"belfast_01_16_2024","properties":{"cell_id":"belfast_01_16","year":2024,"row":1,"col":16,"development_pressure":0.179,"planning_intensity":0.1,"green_cover":0.286,"mobility_access":0.2,"bike_activity":0.05,"air_quality":0.849,"opportunity_access":0.321,"fairness_context":0.0,"deprivation_weighted_opportunity":0.238,"development_pressure_delta_2016":0.014,"planning_intensity_delta_2016":0.008,"green_cover_delta_2016":-0.003,"mobility_access_delta_2016":0.0,"bike_activity_delta_2016":0.0,"air_quality_delta_2016":0.228,"opportunity_access_delta_2016":-0.002,"fairness_context_delta_2016":0.0,"deprivation_weighted_opportunity_delta_2016":-0.001,"development_pressure_delta_previous":0.004,"planning_intensity_delta_previous":0.002,"green_cover_delta_previous":0.014,"mobility_access_delta_previous":0.0,"bike_activity_delta_previous":0.0,"air_quality_delta_previous":0.037,"opportunity_access_delta_previous":0.002,"fairness_context_delta_previous":0.0,"deprivation_weighted_opportunity_delta_previous":0.002,"dominant_change":"improved","confidence":"low","evidence":["OpenStreetMap building export clipped to Belfast NI core","250m-style grid proxy generated from local spatial anchors","NI Air annual trend proxy included","Opportunity and exposure scores are normalized directional indicators"]},"geometry":{"type":"Polygon","coordinates":[[[-5.8133333333333335,54.535000000000004],[-5.796666666666667,54.535000000000004],[-5.796666666666667,54.550000000000004],[-5.8133333333333335,54.550000000000004],[-5.8133333333333335,54.535000000000004]]]}},{"type":"Feature","id":"belfast_01_17_2024","properties":{"cell_id":"belfast_01_17","year":2024,"row":1,"col":17,"development_pressure":0.167,"planning_intensity":0.093,"green_cover":0.318,"mobility_access":0.2,"bike_activity":0.05,"air_quality":0.857,"opportunity_access":0.328,"fairness_context":0.0,"deprivation_weighted_opportunity":0.243,"development_pressure_delta_2016":0.025,"planning_intensity_delta_2016":0.012,"green_cover_delta_2016":0.028,"mobility_access_delta_2016":0.0,"bike_activity_delta_2016":0.0,"air_quality_delta_2016":0.232,"opportunity_access_delta_2016":0.003,"fairness_context_delta_2016":0.0,"deprivation_weighted_opportunity_delta_2016":0.003,"development_pressure_delta_previous":-0.013,"planning_intensity_delta_previous":-0.007,"green_cover_delta_previous":0.03,"mobility_access_delta_previous":0.0,"bike_activity_delta_previous":0.0,"air_quality_delta_previous":0.042,"opportunity_access_delta_previous":0.007,"fairness_context_delta_previous":0.0,"deprivation_weighted_opportunity_delta_previous":0.005,"dominant_change":"improved","confidence":"low","evidence":["OpenStreetMap building export clipped to Belfast NI core","250m-style grid proxy generated from local spatial anchors","NI Air annual trend proxy included","Opportunity and exposure scores are normalized directional indicators"]},"geometry":{"type":"Polygon","coordinates":[[[-5.796666666666667,54.535000000000004],[-5.78,54.535000000000004],[-5.78,54.550000000000004],[-5.796666666666667,54.550000000000004],[-5.796666666666667,54.535000000000004]]]}},{"type":"Feature","id":"belfast_02_00_2024","properties":{"cell_id":"belfast_02_00","year":2024,"row":2,"col":0,"development_pressure":0.111,"planning_intensity":0.065,"green_cover":0.336,"mobility_access":0.2,"bike_activity":0.05,"air_quality":0.869,"opportunity_access":0.336,"fairness_context":0.0,"deprivation_weighted_opportunity":0.248,"development_pressure_delta_2016":-0.024,"planning_intensity_delta_2016":-0.012,"green_cover_delta_2016":-0.001,"mobility_access_delta_2016":0.0,"bike_activity_delta_2016":0.0,"air_quality_delta_2016":0.233,"opportunity_access_delta_2016":0.002,"fairness_context_delta_2016":0.0,"deprivation_weighted_opportunity_delta_2016":0.001,"development_pressure_delta_previous":0.011,"planning_intensity_delta_previous":0.005,"green_cover_delta_previous":-0.012,"mobility_access_delta_previous":0.0,"bike_activity_delta_previous":0.0,"air_quality_delta_previous":0.03,"opportunity_access_delta_previous":-0.003,"fairness_context_delta_previous":0.0,"deprivation_weighted_opportunity_delta_previous":-0.003,"dominant_change":"improved","confidence":"low","evidence":["OpenStreetMap building export clipped to Belfast NI core","250m-style grid proxy generated from local spatial anchors","NI Air annual trend proxy included","Opportunity and exposure scores are normalized directional indicators"]},"geometry":{"type":"Polygon","coordinates":[[[-6.08,54.550000000000004],[-6.0633333333333335,54.550000000000004],[-6.0633333333333335,54.565000000000005],[-6.08,54.565000000000005],[-6.08,54.550000000000004]]]}},{"type":"Feature","id":"belfast_02_01_2024","properties":{"cell_id":"belfast_02_01","year":2024,"row":2,"col":1,"development_pressure":0.132,"planning_intensity":0.076,"green_cover":0.303,"mobility_access":0.2,"bike_activity":0.05,"air_quality":0.859,"opportunity_access":0.328,"fairness_context":0.0,"deprivation_weighted_opportunity":0.243,"development_pressure_delta_2016":-0.027,"planning_intensity_delta_2016":-0.013,"green_cover_delta_2016":-0.041,"mobility_access_delta_2016":0.0,"bike_activity_delta_2016":0.0,"air_quality_delta_2016":0.226,"opportunity_access_delta_2016":-0.005,"fairness_context_delta_2016":0.0,"deprivation_weighted_opportunity_delta_2016":-0.004,"development_pressure_delta_previous":0.023,"planning_intensity_delta_previous":0.012,"green_cover_delta_previous":-0.034,"mobility_access_delta_previous":0.0,"bike_activity_delta_previous":0.0,"air_quality_delta_previous":0.023,"opportunity_access_delta_previous":-0.008,"fairness_context_delta_previous":0.0,"deprivation_weighted_opportunity_delta_previous":-0.006,"dominant_change":"improved","confidence":"low","evidence":["OpenStreetMap building export clipped to Belfast NI core","250m-style grid proxy generated from local spatial anchors","NI Air annual trend proxy included","Opportunity and exposure scores are normalized directional indicators"]},"geometry":{"type":"Polygon","coordinates":[[[-6.0633333333333335,54.550000000000004],[-6.046666666666667,54.550000000000004],[-6.046666666666667,54.565000000000005],[-6.0633333333333335,54.565000000000005],[-6.0633333333333335,54.550000000000004]]]}},{"type":"Feature","id":"belfast_02_02_2024","properties":{"cell_id":"belfast_02_02","year":2024,"row":2,"col":2,"development_pressure":0.157,"planning_intensity":0.089,"green_cover":0.276,"mobility_access":0.2,"bike_activity":0.05,"air_quality":0.85,"opportunity_access":0.321,"fairness_context":0.0,"deprivation_weighted_opportunity":0.238,"development_pressure_delta_2016":-0.019,"planning_intensity_delta_2016":-0.009,"green_cover_delta_2016":-0.05,"mobility_access_delta_2016":0.0,"bike_activity_delta_2016":0.0,"air_quality_delta_2016":0.223,"opportunity_access_delta_2016":-0.008,"fairness_context_delta_2016":0.0,"deprivation_weighted_opportunity_delta_2016":-0.005,"development_pressure_delta_previous":0.027,"planning_intensity_delta_previous":0.014,"green_cover_delta_previous":-0.029,"mobility_access_delta_previous":0.0,"bike_activity_delta_previous":0.0,"air_quality_delta_previous":0.024,"opportunity_access_delta_previous":-0.007,"fairness_context_delta_previous":0.0,"deprivation_weighted_opportunity_delta_previous":-0.005,"dominant_change":"improved","confidence":"low","evidence":["OpenStreetMap building export clipped to Belfast NI core","250m-style grid proxy generated from local spatial anchors","NI Air annual trend proxy included","Opportunity and exposure scores are normalized directional indicators"]},"geometry":{"type":"Polygon","coordinates":[[[-6.046666666666667,54.550000000000004],[-6.03,54.550000000000004],[-6.03,54.565000000000005],[-6.046666666666667,54.565000000000005],[-6.046666666666667,54.550000000000004]]]}},{"type":"Feature","id":"belfast_02_03_2024","properties":{"cell_id":"belfast_02_03","year":2024,"row":2,"col":3,"development_pressure":0.175,"planning_intensity":0.098,"green_cover":0.277,"mobility_access":0.2,"bike_activity":0.05,"air_quality":0.847,"opportunity_access":0.32,"fairness_context":0.103,"deprivation_weighted_opportunity":0.245,"development_pressure_delta_2016":-0.004,"planning_intensity_delta_2016":-0.002,"green_cover_delta_2016":-0.019,"mobility_access_delta_2016":0.0,"bike_activity_delta_2016":0.0,"air_quality_delta_2016":0.227,"opportunity_access_delta_2016":-0.003,"fairness_context_delta_2016":0.0,"deprivation_weighted_opportunity_delta_2016":-0.003,"development_pressure_delta_previous":0.021,"planning_intensity_delta_previous":0.011,"green_cover_delta_previous":-0.001,"mobility_access_delta_previous":0.0,"bike_activity_delta_previous":0.0,"air_quality_delta_previous":0.03,"opportunity_access_delta_previous":-0.002,"fairness_context_delta_previous":0.0,"deprivation_weighted_opportunity_delta_previous":-0.002,"dominant_change":"improved","confidence":"low","evidence":["OpenStreetMap building export clipped to Belfast NI core","250m-style grid proxy generated from local spatial anchors","NI Air annual trend proxy included","Opportunity and exposure scores are normalized directional indicators"]},"geometry":{"type":"Polygon","coordinates":[[[-6.03,54.550000000000004],[-6.013333333333334,54.550000000000004],[-6.013333333333334,54.565000000000005],[-6.03,54.565000000000005],[-6.03,54.550000000000004]]]}},{"type":"Feature","id":"belfast_02_04_2024","properties":{"cell_id":"belfast_02_04","year":2024,"row":2,"col":4,"development_pressure":0.18,"planning_intensity":0.1,"green_cover":0.303,"mobility_access":0.2,"bike_activity":0.05,"air_quality":0.852,"opportunity_access":0.324,"fairness_context":0.257,"deprivation_weighted_opportunity":0.261,"development_pressure_delta_2016":0.012,"planning_intensity_delta_2016":0.006,"green_cover_delta_2016":0.02,"mobility_access_delta_2016":0.0,"bike_activity_delta_2016":0.0,"air_quality_delta_2016":0.232,"opportunity_access_delta_2016":0.002,"fairness_context_delta_2016":0.0,"deprivation_weighted_opportunity_delta_2016":0.002,"development_pressure_delta_previous":0.006,"planning_intensity_delta_previous":0.003,"green_cover_delta_previous":0.024,"mobility_access_delta_previous":0.0,"bike_activity_delta_previous":0.0,"air_quality_delta_previous":0.038,"opportunity_access_delta_previous":0.004,"fairness_context_delta_previous":0.0,"deprivation_weighted_opportunity_delta_previous":0.003,"dominant_change":"improved","confidence":"low","evidence":["OpenStreetMap building export clipped to Belfast NI core","250m-style grid proxy generated from local spatial anchors","NI Air annual trend proxy included","Opportunity and exposure scores are normalized directional indicators"]},"geometry":{"type":"Polygon","coordinates":[[[-6.013333333333334,54.550000000000004],[-5.996666666666667,54.550000000000004],[-5.996666666666667,54.565000000000005],[-6.013333333333334,54.565000000000005],[-6.013333333333334,54.550000000000004]]]}},{"type":"Feature","id":"belfast_02_05_2024","properties":{"cell_id":"belfast_02_05","year":2024,"row":2,"col":5,"development_pressure":0.197,"planning_intensity":0.121,"green_cover":0.323,"mobility_access":0.2,"bike_activity":0.05,"air_quality":0.853,"opportunity_access":0.326,"fairness_context":0.359,"deprivation_weighted_opportunity":0.272,"development_pressure_delta_2016":0.035,"planning_intensity_delta_2016":0.025,"green_cover_delta_2016":0.026,"mobility_access_delta_2016":0.0,"bike_activity_delta_2016":0.0,"air_quality_delta_2016":0.23,"opportunity_access_delta_2016":0.002,"fairness_context_delta_2016":0.0,"deprivation_weighted_opportunity_delta_2016":0.002,"development_pressure_delta_previous":-0.009,"planning_intensity_delta_previous":-0.004,"green_cover_delta_previous":0.025,"mobility_access_delta_previous":0.0,"bike_activity_delta_previous":0.0,"air_quality_delta_previous":0.041,"opportunity_access_delta_previous":0.005,"fairness_context_delta_previous":0.0,"deprivation_weighted_opportunity_delta_previous":0.004,"dominant_change":"improved","confidence":"low","evidence":["OpenStreetMap building export clipped to Belfast NI core","250m-style grid proxy generated from local spatial anchors","NI Air annual trend proxy included","Opportunity and exposure scores are normalized directional indicators"]},"geometry":{"type":"Polygon","coordinates":[[[-5.996666666666667,54.550000000000004],[-5.98,54.550000000000004],[-5.98,54.565000000000005],[-5.996666666666667,54.565000000000005],[-5.996666666666667,54.550000000000004]]]}},{"type":"Feature","id":"belfast_02_06_2024","properties":{"cell_id":"belfast_02_06","year":2024,"row":2,"col":6,"development_pressure":0.249,"planning_intensity":0.171,"green_cover":0.358,"mobility_access":0.236,"bike_activity":0.091,"air_quality":0.848,"opportunity_access":0.359,"fairness_context":0.385,"deprivation_weighted_opportunity":0.302,"development_pressure_delta_2016":0.063,"planning_intensity_delta_2016":0.056,"green_cover_delta_2016":-0.012,"mobility_access_delta_2016":0.015,"bike_activity_delta_2016":0.022,"air_quality_delta_2016":0.218,"opportunity_access_delta_2016":-0.002,"fairness_context_delta_2016":0.0,"deprivation_weighted_opportunity_delta_2016":-0.001,"development_pressure_delta_previous":-0.019,"planning_intensity_delta_previous":-0.007,"green_cover_delta_previous":0.001,"mobility_access_delta_previous":0.002,"bike_activity_delta_previous":0.0,"air_quality_delta_previous":0.038,"opportunity_access_delta_previous":0.002,"fairness_context_delta_previous":0.0,"deprivation_weighted_opportunity_delta_previous":0.002,"dominant_change":"improved","confidence":"low","evidence":["OpenStreetMap building export clipped to Belfast NI core","250m-style grid proxy generated from local spatial anchors","NI Air annual trend proxy included","Opportunity and exposure scores are normalized directional indicators"]},"geometry":{"type":"Polygon","coordinates":[[[-5.98,54.550000000000004],[-5.963333333333334,54.550000000000004],[-5.963333333333334,54.565000000000005],[-5.98,54.565000000000005],[-5.98,54.550000000000004]]]}},{"type":"Feature","id":"belfast_02_07_2024","properties":{"cell_id":"belfast_02_07","year":2024,"row":2,"col":7,"development_pressure":0.283,"planning_intensity":0.204,"green_cover":0.387,"mobility_access":0.263,"bike_activity":0.122,"air_quality":0.844,"opportunity_access":0.39,"fairness_context":0.326,"deprivation_weighted_opportunity":0.322,"development_pressure_delta_2016":0.074,"planning_intensity_delta_2016":0.075,"green_cover_delta_2016":-0.058,"mobility_access_delta_2016":0.023,"bike_activity_delta_2016":0.037,"air_quality_delta_2016":0.207,"opportunity_access_delta_2016":-0.007,"fairness_context_delta_2016":0.0,"deprivation_weighted_opportunity_delta_2016":-0.005,"development_pressure_delta_previous":-0.02,"planning_intensity_delta_previous":-0.005,"green_cover_delta_previous":-0.023,"mobility_access_delta_previous":0.003,"bike_activity_delta_previous":0.0,"air_quality_delta_previous":0.033,"opportunity_access_delta_previous":-0.002,"fairness_context_delta_previous":0.0,"deprivation_weighted_opportunity_delta_previous":-0.001,"dominant_change":"improved","confidence":"low","evidence":["OpenStreetMap building export clipped to Belfast NI core","250m-style grid proxy generated from local spatial anchors","NI Air annual trend proxy included","Opportunity and exposure scores are normalized directional indicators"]},"geometry":{"type":"Polygon","coordinates":[[[-5.963333333333334,54.550000000000004],[-5.946666666666667,54.550000000000004],[-5.946666666666667,54.565000000000005],[-5.963333333333334,54.565000000000005],[-5.963333333333334,54.550000000000004]]]}},{"type":"Feature","id":"belfast_02_08_2024","properties":{"cell_id":"belfast_02_08","year":2024,"row":2,"col":8,"development_pressure":0.292,"planning_intensity":0.251,"green_cover":0.416,"mobility_access":0.257,"bike_activity":0.112,"air_quality":0.846,"opportunity_access":0.401,"fairness_context":0.2,"deprivation_weighted_opportunity":0.318,"development_pressure_delta_2016":0.067,"planning_intensity_delta_2016":0.077,"green_cover_delta_2016":-0.074,"mobility_access_delta_2016":0.016,"bike_activity_delta_2016":0.026,"air_quality_delta_2016":0.205,"opportunity_access_delta_2016":-0.012,"fairness_context_delta_2016":0.0,"deprivation_weighted_opportunity_delta_2016":-0.009,"development_pressure_delta_previous":-0.012,"planning_intensity_delta_previous":-0.001,"green_cover_delta_previous":-0.025,"mobility_access_delta_previous":0.002,"bike_activity_delta_previous":0.0,"air_quality_delta_previous":0.031,"opportunity_access_delta_previous":-0.003,"fairness_context_delta_previous":0.0,"deprivation_weighted_opportunity_delta_previous":-0.002,"dominant_change":"improved","confidence":"low","evidence":["OpenStreetMap building export clipped to Belfast NI core","250m-style grid proxy generated from local spatial anchors","NI Air annual trend proxy included","Opportunity and exposure scores are normalized directional indicators"]},"geometry":{"type":"Polygon","coordinates":[[[-5.946666666666667,54.550000000000004],[-5.930000000000001,54.550000000000004],[-5.930000000000001,54.565000000000005],[-5.946666666666667,54.565000000000005],[-5.946666666666667,54.550000000000004]]]}},{"type":"Feature","id":"belfast_02_09_2024","properties":{"cell_id":"belfast_02_09","year":2024,"row":2,"col":9,"development_pressure":0.276,"planning_intensity":0.293,"green_cover":0.443,"mobility_access":0.238,"bike_activity":0.086,"air_quality":0.854,"opportunity_access":0.399,"fairness_context":0.033,"deprivation_weighted_opportunity":0.299,"development_pressure_delta_2016":0.046,"planning_intensity_delta_2016":0.064,"green_cover_delta_2016":-0.045,"mobility_access_delta_2016":0.005,"bike_activity_delta_2016":0.008,"air_quality_delta_2016":0.214,"opportunity_access_delta_2016":-0.01,"fairness_context_delta_2016":0.0,"deprivation_weighted_opportunity_delta_2016":-0.007,"development_pressure_delta_previous":0.002,"planning_intensity_delta_previous":0.005,"green_cover_delta_previous":-0.005,"mobility_access_delta_previous":0.001,"bike_activity_delta_previous":0.0,"air_quality_delta_previous":0.033,"opportunity_access_delta_previous":-0.001,"fairness_context_delta_previous":0.0,"deprivation_weighted_opportunity_delta_previous":-0.001,"dominant_change":"improved","confidence":"low","evidence":["OpenStreetMap building export clipped to Belfast NI core","250m-style grid proxy generated from local spatial anchors","NI Air annual trend proxy included","Opportunity and exposure scores are normalized directional indicators"]},"geometry":{"type":"Polygon","coordinates":[[[-5.93,54.550000000000004],[-5.913333333333333,54.550000000000004],[-5.913333333333333,54.565000000000005],[-5.93,54.565000000000005],[-5.93,54.550000000000004]]]}},{"type":"Feature","id":"belfast_02_10_2024","properties":{"cell_id":"belfast_02_10","year":2024,"row":2,"col":10,"development_pressure":0.24,"planning_intensity":0.25,"green_cover":0.395,"mobility_access":0.223,"bike_activity":0.07,"air_quality":0.852,"opportunity_access":0.378,"fairness_context":0.0,"deprivation_weighted_opportunity":0.28,"development_pressure_delta_2016":0.018,"planning_intensity_delta_2016":0.039,"green_cover_delta_2016":0.005,"mobility_access_delta_2016":0.0,"bike_activity_delta_2016":0.0,"air_quality_delta_2016":0.228,"opportunity_access_delta_2016":-0.001,"fairness_context_delta_2016":0.0,"deprivation_weighted_opportunity_delta_2016":0.0,"development_pressure_delta_previous":0.016,"planning_intensity_delta_previous":0.012,"green_cover_delta_previous":0.017,"mobility_access_delta_previous":0.0,"bike_activity_delta_previous":0.0,"air_quality_delta_previous":0.035,"opportunity_access_delta_previous":0.002,"fairness_context_delta_previous":0.0,"deprivation_weighted_opportunity_delta_previous":0.002,"dominant_change":"improved","confidence":"low","evidence":["OpenStreetMap building export clipped to Belfast NI core","250m-style grid proxy generated from local spatial anchors","NI Air annual trend proxy included","Opportunity and exposure scores are normalized directional indicators"]},"geometry":{"type":"Polygon","coordinates":[[[-5.913333333333333,54.550000000000004],[-5.8966666666666665,54.550000000000004],[-5.8966666666666665,54.565000000000005],[-5.913333333333333,54.565000000000005],[-5.913333333333333,54.550000000000004]]]}},{"type":"Feature","id":"belfast_02_11_2024","properties":{"cell_id":"belfast_02_11","year":2024,"row":2,"col":11,"development_pressure":0.196,"planning_intensity":0.152,"green_cover":0.343,"mobility_access":0.211,"bike_activity":0.059,"air_quality":0.853,"opportunity_access":0.35,"fairness_context":0.0,"deprivation_weighted_opportunity":0.259,"development_pressure_delta_2016":-0.006,"planning_intensity_delta_2016":0.012,"green_cover_delta_2016":0.034,"mobility_access_delta_2016":0.0,"bike_activity_delta_2016":0.0,"air_quality_delta_2016":0.238,"opportunity_access_delta_2016":0.006,"fairness_context_delta_2016":0.0,"deprivation_weighted_opportunity_delta_2016":0.005,"development_pressure_delta_previous":0.026,"planning_intensity_delta_previous":0.015,"green_cover_delta_previous":0.02,"mobility_access_delta_previous":0.0,"bike_activity_delta_previous":0.0,"air_quality_delta_previous":0.034,"opportunity_access_delta_previous":0.001,"fairness_context_delta_previous":0.0,"deprivation_weighted_opportunity_delta_previous":0.001,"dominant_change":"improved","confidence":"low","evidence":["OpenStreetMap building export clipped to Belfast NI core","250m-style grid proxy generated from local spatial anchors","NI Air annual trend proxy included","Opportunity and exposure scores are normalized directional indicators"]},"geometry":{"type":"Polygon","coordinates":[[[-5.8966666666666665,54.550000000000004],[-5.88,54.550000000000004],[-5.88,54.565000000000005],[-5.8966666666666665,54.565000000000005],[-5.8966666666666665,54.550000000000004]]]}},{"type":"Feature","id":"belfast_02_12_2024","properties":{"cell_id":"belfast_02_12","year":2024,"row":2,"col":12,"development_pressure":0.158,"planning_intensity":0.089,"green_cover":0.334,"mobility_access":0.2,"bike_activity":0.05,"air_quality":0.862,"opportunity_access":0.331,"fairness_context":0.0,"deprivation_weighted_opportunity":0.245,"development_pressure_delta_2016":-0.018,"planning_intensity_delta_2016":-0.009,"green_cover_delta_2016":0.019,"mobility_access_delta_2016":0.0,"bike_activity_delta_2016":0.0,"air_quality_delta_2016":0.238,"opportunity_access_delta_2016":0.004,"fairness_context_delta_2016":0.0,"deprivation_weighted_opportunity_delta_2016":0.003,"development_pressure_delta_previous":0.028,"planning_intensity_delta_previous":0.014,"green_cover_delta_previous":0.0,"mobility_access_delta_previous":0.0,"bike_activity_delta_previous":0.0,"air_quality_delta_previous":0.03,"opportunity_access_delta_previous":-0.003,"fairness_context_delta_previous":0.0,"deprivation_weighted_opportunity_delta_previous":-0.002,"dominant_change":"improved","confidence":"low","evidence":["OpenStreetMap building export clipped to Belfast NI core","250m-style grid proxy generated from local spatial anchors","NI Air annual trend proxy included","Opportunity and exposure scores are normalized directional indicators"]},"geometry":{"type":"Polygon","coordinates":[[[-5.88,54.550000000000004],[-5.863333333333333,54.550000000000004],[-5.863333333333333,54.565000000000005],[-5.88,54.565000000000005],[-5.88,54.550000000000004]]]}},{"type":"Feature","id":"belfast_02_13_2024","properties":{"cell_id":"belfast_02_13","year":2024,"row":2,"col":13,"development_pressure":0.175,"planning_intensity":0.098,"green_cover":0.31,"mobility_access":0.2,"bike_activity":0.05,"air_quality":0.854,"opportunity_access":0.326,"fairness_context":0.0,"deprivation_weighted_opportunity":0.241,"development_pressure_delta_2016":-0.004,"planning_intensity_delta_2016":-0.002,"green_cover_delta_2016":-0.028,"mobility_access_delta_2016":0.0,"bike_activity_delta_2016":0.0,"air_quality_delta_2016":0.225,"opportunity_access_delta_2016":-0.005,"fairness_context_delta_2016":0.0,"deprivation_weighted_opportunity_delta_2016":-0.004,"development_pressure_delta_previous":0.02,"planning_intensity_delta_previous":0.01,"green_cover_delta_previous":-0.026,"mobility_access_delta_previous":0.0,"bike_activity_delta_previous":0.0,"air_quality_delta_previous":0.026,"opportunity_access_delta_previous":-0.006,"fairness_context_delta_previous":0.0,"deprivation_weighted_opportunity_delta_previous":-0.005,"dominant_change":"improved","confidence":"low","evidence":["OpenStreetMap building export clipped to Belfast NI core","250m-style grid proxy generated from local spatial anchors","NI Air annual trend proxy included","Opportunity and exposure scores are normalized directional indicators"]},"geometry":{"type":"Polygon","coordinates":[[[-5.863333333333333,54.550000000000004],[-5.846666666666667,54.550000000000004],[-5.846666666666667,54.565000000000005],[-5.863333333333333,54.565000000000005],[-5.863333333333333,54.550000000000004]]]}},{"type":"Feature","id":"belfast_02_14_2024","properties":{"cell_id":"belfast_02_14","year":2024,"row":2,"col":14,"development_pressure":0.18,"planning_intensity":0.1,"green_cover":0.281,"mobility_access":0.2,"bike_activity":0.05,"air_quality":0.847,"opportunity_access":0.32,"fairness_context":0.0,"deprivation_weighted_opportunity":0.237,"development_pressure_delta_2016":0.013,"planning_intensity_delta_2016":0.006,"green_cover_delta_2016":-0.058,"mobility_access_delta_2016":0.0,"bike_activity_delta_2016":0.0,"air_quality_delta_2016":0.216,"opportunity_access_delta_2016":-0.012,"fairness_context_delta_2016":0.0,"deprivation_weighted_opportunity_delta_2016":-0.008,"development_pressure_delta_previous":0.006,"planning_intensity_delta_previous":0.003,"green_cover_delta_previous":-0.031,"mobility_access_delta_previous":0.0,"bike_activity_delta_previous":0.0,"air_quality_delta_previous":0.027,"opportunity_access_delta_previous":-0.006,"fairness_context_delta_previous":0.0,"deprivation_weighted_opportunity_delta_previous":-0.004,"dominant_change":"improved","confidence":"low","evidence":["OpenStreetMap building export clipped to Belfast NI core","250m-style grid proxy generated from local spatial anchors","NI Air annual trend proxy included","Opportunity and exposure scores are normalized directional indicators"]},"geometry":{"type":"Polygon","coordinates":[[[-5.846666666666667,54.550000000000004],[-5.83,54.550000000000004],[-5.83,54.565000000000005],[-5.846666666666667,54.565000000000005],[-5.846666666666667,54.550000000000004]]]}},{"type":"Feature","id":"belfast_02_15_2024","properties":{"cell_id":"belfast_02_15","year":2024,"row":2,"col":15,"development_pressure":0.169,"planning_intensity":0.094,"green_cover":0.272,"mobility_access":0.2,"bike_activity":0.05,"air_quality":0.848,"opportunity_access":0.32,"fairness_context":0.0,"deprivation_weighted_opportunity":0.236,"development_pressure_delta_2016":0.025,"planning_intensity_delta_2016":0.012,"green_cover_delta_2016":-0.046,"mobility_access_delta_2016":0.0,"bike_activity_delta_2016":0.0,"air_quality_delta_2016":0.218,"opportunity_access_delta_2016":-0.01,"fairness_context_delta_2016":0.0,"deprivation_weighted_opportunity_delta_2016":-0.008,"development_pressure_delta_previous":-0.011,"planning_intensity_delta_previous":-0.006,"green_cover_delta_previous":-0.01,"mobility_access_delta_previous":0.0,"bike_activity_delta_previous":0.0,"air_quality_delta_previous":0.035,"opportunity_access_delta_previous":0.0,"fairness_context_delta_previous":0.0,"deprivation_weighted_opportunity_delta_previous":-0.001,"dominant_change":"improved","confidence":"low","evidence":["OpenStreetMap building export clipped to Belfast NI core","250m-style grid proxy generated from local spatial anchors","NI Air annual trend proxy included","Opportunity and exposure scores are normalized directional indicators"]},"geometry":{"type":"Polygon","coordinates":[[[-5.83,54.550000000000004],[-5.8133333333333335,54.550000000000004],[-5.8133333333333335,54.565000000000005],[-5.83,54.565000000000005],[-5.83,54.550000000000004]]]}},{"type":"Feature","id":"belfast_02_16_2024","properties":{"cell_id":"belfast_02_16","year":2024,"row":2,"col":16,"development_pressure":0.147,"planning_intensity":0.083,"green_cover":0.294,"mobility_access":0.2,"bike_activity":0.05,"air_quality":0.855,"opportunity_access":0.325,"fairness_context":0.0,"deprivation_weighted_opportunity":0.241,"development_pressure_delta_2016":0.027,"planning_intensity_delta_2016":0.013,"green_cover_delta_2016":-0.002,"mobility_access_delta_2016":0.0,"bike_activity_delta_2016":0.0,"air_quality_delta_2016":0.225,"opportunity_access_delta_2016":-0.003,"fairness_context_delta_2016":0.0,"deprivation_weighted_opportunity_delta_2016":-0.001,"development_pressure_delta_previous":-0.023,"planning_intensity_delta_previous":-0.012,"green_cover_delta_previous":0.021,"mobility_access_delta_previous":0.0,"bike_activity_delta_previous":0.0,"air_quality_delta_previous":0.042,"opportunity_access_delta_previous":0.005,"fairness_context_delta_previous":0.0,"deprivation_weighted_opportunity_delta_previous":0.005,"dominant_change":"improved","confidence":"low","evidence":["OpenStreetMap building export clipped to Belfast NI core","250m-style grid proxy generated from local spatial anchors","NI Air annual trend proxy included","Opportunity and exposure scores are normalized directional indicators"]},"geometry":{"type":"Polygon","coordinates":[[[-5.8133333333333335,54.550000000000004],[-5.796666666666667,54.550000000000004],[-5.796666666666667,54.565000000000005],[-5.8133333333333335,54.565000000000005],[-5.8133333333333335,54.550000000000004]]]}},{"type":"Feature","id":"belfast_02_17_2024","properties":{"cell_id":"belfast_02_17","year":2024,"row":2,"col":17,"development_pressure":0.122,"planning_intensity":0.071,"green_cover":0.328,"mobility_access":0.2,"bike_activity":0.05,"air_quality":0.866,"opportunity_access":0.333,"fairness_context":0.0,"deprivation_weighted_opportunity":0.247,"development_pressure_delta_2016":0.018,"planning_intensity_delta_2016":0.009,"green_cover_delta_2016":0.032,"mobility_access_delta_2016":0.0,"bike_activity_delta_2016":0.0,"air_quality_delta_2016":0.234,"opportunity_access_delta_2016":0.004,"fairness_context_delta_2016":0.0,"deprivation_weighted_opportunity_delta_2016":0.004,"development_pressure_delta_previous":-0.027,"planning_intensity_delta_previous":-0.014,"green_cover_delta_previous":0.034,"mobility_access_delta_previous":0.0,"bike_activity_delta_previous":0.0,"air_quality_delta_previous":0.045,"opportunity_access_delta_previous":0.008,"fairness_context_delta_previous":0.0,"deprivation_weighted_opportunity_delta_previous":0.006,"dominant_change":"improved","confidence":"low","evidence":["OpenStreetMap building export clipped to Belfast NI core","250m-style grid proxy generated from local spatial anchors","NI Air annual trend proxy included","Opportunity and exposure scores are normalized directional indicators"]},"geometry":{"type":"Polygon","coordinates":[[[-5.796666666666667,54.550000000000004],[-5.78,54.550000000000004],[-5.78,54.565000000000005],[-5.796666666666667,54.565000000000005],[-5.796666666666667,54.550000000000004]]]}},{"type":"Feature","id":"belfast_03_00_2024","properties":{"cell_id":"belfast_03_00","year":2024,"row":3,"col":0,"development_pressure":0.154,"planning_intensity":0.087,"green_cover":0.326,"mobility_access":0.2,"bike_activity":0.05,"air_quality":0.86,"opportunity_access":0.33,"fairness_context":0.0,"deprivation_weighted_opportunity":0.244,"development_pressure_delta_2016":-0.021,"planning_intensity_delta_2016":-0.01,"green_cover_delta_2016":-0.005,"mobility_access_delta_2016":0.0,"bike_activity_delta_2016":0.0,"air_quality_delta_2016":0.232,"opportunity_access_delta_2016":0.0,"fairness_context_delta_2016":0.0,"deprivation_weighted_opportunity_delta_2016":0.0,"development_pressure_delta_previous":0.027,"planning_intensity_delta_previous":0.013,"green_cover_delta_previous":-0.016,"mobility_access_delta_previous":0.0,"bike_activity_delta_previous":0.0,"air_quality_delta_previous":0.026,"opportunity_access_delta_previous":-0.005,"fairness_context_delta_previous":0.0,"deprivation_weighted_opportunity_delta_previous":-0.004,"dominant_change":"improved","confidence":"low","evidence":["OpenStreetMap building export clipped to Belfast NI core","250m-style grid proxy generated from local spatial anchors","NI Air annual trend proxy included","Opportunity and exposure scores are normalized directional indicators"]},"geometry":{"type":"Polygon","coordinates":[[[-6.08,54.565000000000005],[-6.0633333333333335,54.565000000000005],[-6.0633333333333335,54.580000000000005],[-6.08,54.580000000000005],[-6.08,54.565000000000005]]]}},{"type":"Feature","id":"belfast_03_01_2024","properties":{"cell_id":"belfast_03_01","year":2024,"row":3,"col":1,"development_pressure":0.174,"planning_intensity":0.097,"green_cover":0.294,"mobility_access":0.2,"bike_activity":0.05,"air_quality":0.851,"opportunity_access":0.323,"fairness_context":0.0,"deprivation_weighted_opportunity":0.239,"development_pressure_delta_2016":-0.006,"planning_intensity_delta_2016":-0.003,"green_cover_delta_2016":-0.047,"mobility_access_delta_2016":0.0,"bike_activity_delta_2016":0.0,"air_quality_delta_2016":0.222,"opportunity_access_delta_2016":-0.008,"fairness_context_delta_2016":0.0,"deprivation_weighted_opportunity_delta_2016":-0.006,"development_pressure_delta_previous":0.022,"planning_intensity_delta_previous":0.011,"green_cover_delta_previous":-0.034,"mobility_access_delta_previous":0.0,"bike_activity_delta_previous":0.0,"air_quality_delta_previous":0.024,"opportunity_access_delta_previous":-0.008,"fairness_context_delta_previous":0.0,"deprivation_weighted_opportunity_delta_previous":-0.006,"dominant_change":"improved","confidence":"low","evidence":["OpenStreetMap building export clipped to Belfast NI core","250m-style grid proxy generated from local spatial anchors","NI Air annual trend proxy included","Opportunity and exposure scores are normalized directional indicators"]},"geometry":{"type":"Polygon","coordinates":[[[-6.0633333333333335,54.565000000000005],[-6.046666666666667,54.565000000000005],[-6.046666666666667,54.580000000000005],[-6.0633333333333335,54.580000000000005],[-6.0633333333333335,54.565000000000005]]]}},{"type":"Feature","id":"belfast_03_02_2024","properties":{"cell_id":"belfast_03_02","year":2024,"row":3,"col":2,"development_pressure":0.18,"planning_intensity":0.1,"green_cover":0.271,"mobility_access":0.2,"bike_activity":0.05,"air_quality":0.845,"opportunity_access":0.318,"fairness_context":0.077,"deprivation_weighted_opportunity":0.242,"development_pressure_delta_2016":0.011,"planning_intensity_delta_2016":0.005,"green_cover_delta_2016":-0.056,"mobility_access_delta_2016":0.0,"bike_activity_delta_2016":0.0,"air_quality_delta_2016":0.217,"opportunity_access_delta_2016":-0.011,"fairness_context_delta_2016":0.0,"deprivation_weighted_opportunity_delta_2016":-0.008,"development_pressure_delta_previous":0.008,"planning_intensity_delta_previous":0.004,"green_cover_delta_previous":-0.025,"mobility_access_delta_previous":0.0,"bike_activity_delta_previous":0.0,"air_quality_delta_previous":0.028,"opportunity_access_delta_previous":-0.005,"fairness_context_delta_previous":0.0,"deprivation_weighted_opportunity_delta_previous":-0.004,"dominant_change":"improved","confidence":"low","evidence":["OpenStreetMap building export clipped to Belfast NI core","250m-style grid proxy generated from local spatial anchors","NI Air annual trend proxy included","Opportunity and exposure scores are normalized directional indicators"]},"geometry":{"type":"Polygon","coordinates":[[[-6.046666666666667,54.565000000000005],[-6.03,54.565000000000005],[-6.03,54.580000000000005],[-6.046666666666667,54.580000000000005],[-6.046666666666667,54.565000000000005]]]}},{"type":"Feature","id":"belfast_03_03_2024","properties":{"cell_id":"belfast_03_03","year":2024,"row":3,"col":3,"development_pressure":0.171,"planning_intensity":0.095,"green_cover":0.278,"mobility_access":0.2,"bike_activity":0.05,"air_quality":0.848,"opportunity_access":0.32,"fairness_context":0.298,"deprivation_weighted_opportunity":0.262,"development_pressure_delta_2016":0.023,"planning_intensity_delta_2016":0.011,"green_cover_delta_2016":-0.023,"mobility_access_delta_2016":0.0,"bike_activity_delta_2016":0.0,"air_quality_delta_2016":0.222,"opportunity_access_delta_2016":-0.006,"fairness_context_delta_2016":0.0,"deprivation_weighted_opportunity_delta_2016":-0.005,"development_pressure_delta_previous":-0.009,"planning_intensity_delta_previous":-0.005,"green_cover_delta_previous":0.005,"mobility_access_delta_previous":0.0,"bike_activity_delta_previous":0.0,"air_quality_delta_previous":0.037,"opportunity_access_delta_previous":0.001,"fairness_context_delta_previous":0.0,"deprivation_weighted_opportunity_delta_previous":0.001,"dominant_change":"improved","confidence":"low","evidence":["OpenStreetMap building export clipped to Belfast NI core","250m-style grid proxy generated from local spatial anchors","NI Air annual trend proxy included","Opportunity and exposure scores are normalized directional indicators"]},"geometry":{"type":"Polygon","coordinates":[[[-6.03,54.565000000000005],[-6.013333333333334,54.565000000000005],[-6.013333333333334,54.580000000000005],[-6.03,54.580000000000005],[-6.03,54.565000000000005]]]}},{"type":"Feature","id":"belfast_03_04_2024","properties":{"cell_id":"belfast_03_04","year":2024,"row":3,"col":4,"development_pressure":0.165,"planning_intensity":0.099,"green_cover":0.31,"mobility_access":0.202,"bike_activity":0.052,"air_quality":0.855,"opportunity_access":0.329,"fairness_context":0.509,"deprivation_weighted_opportunity":0.287,"development_pressure_delta_2016":0.032,"planning_intensity_delta_2016":0.02,"green_cover_delta_2016":0.017,"mobility_access_delta_2016":0.0,"bike_activity_delta_2016":0.001,"air_quality_delta_2016":0.228,"opportunity_access_delta_2016":0.001,"fairness_context_delta_2016":0.0,"deprivation_weighted_opportunity_delta_2016":0.001,"development_pressure_delta_previous":-0.022,"planning_intensity_delta_previous":-0.01,"green_cover_delta_previous":0.03,"mobility_access_delta_previous":0.0,"bike_activity_delta_previous":0.0,"air_quality_delta_previous":0.044,"opportunity_access_delta_previous":0.007,"fairness_context_delta_previous":0.0,"deprivation_weighted_opportunity_delta_previous":0.006,"dominant_change":"improved","confidence":"low","evidence":["OpenStreetMap building export clipped to Belfast NI core","250m-style grid proxy generated from local spatial anchors","NI Air annual trend proxy included","Opportunity and exposure scores are normalized directional indicators"]},"geometry":{"type":"Polygon","coordinates":[[[-6.013333333333334,54.565000000000005],[-5.996666666666667,54.565000000000005],[-5.996666666666667,54.580000000000005],[-6.013333333333334,54.580000000000005],[-6.013333333333334,54.565000000000005]]]}},{"type":"Feature","id":"belfast_03_05_2024","properties":{"cell_id":"belfast_03_05","year":2024,"row":3,"col":5,"development_pressure":0.25,"planning_intensity":0.17,"green_cover":0.415,"mobility_access":0.39,"bike_activity":0.21,"air_quality":0.855,"opportunity_access":0.452,"fairness_context":0.686,"deprivation_weighted_opportunity":0.415,"development_pressure_delta_2016":0.061,"planning_intensity_delta_2016":0.058,"green_cover_delta_2016":0.019,"mobility_access_delta_2016":0.063,"bike_activity_delta_2016":0.098,"air_quality_delta_2016":0.225,"opportunity_access_delta_2016":0.024,"fairness_context_delta_2016":0.0,"deprivation_weighted_opportunity_delta_2016":0.022,"development_pressure_delta_previous":-0.022,"planning_intensity_delta_previous":-0.008,"green_cover_delta_previous":0.027,"mobility_access_delta_previous":0.008,"bike_activity_delta_previous":0.0,"air_quality_delta_previous":0.044,"opportunity_access_delta_previous":0.01,"fairness_context_delta_previous":0.0,"deprivation_weighted_opportunity_delta_previous":0.009,"dominant_change":"improved","confidence":"low","evidence":["OpenStreetMap building export clipped to Belfast NI core","250m-style grid proxy generated from local spatial anchors","NI Air annual trend proxy included","Opportunity and exposure scores are normalized directional indicators"]},"geometry":{"type":"Polygon","coordinates":[[[-5.996666666666667,54.565000000000005],[-5.98,54.565000000000005],[-5.98,54.580000000000005],[-5.996666666666667,54.580000000000005],[-5.996666666666667,54.565000000000005]]]}},{"type":"Feature","id":"belfast_03_06_2024","properties":{"cell_id":"belfast_03_06","year":2024,"row":3,"col":6,"development_pressure":0.334,"planning_intensity":0.24,"green_cover":0.471,"mobility_access":0.561,"bike_activity":0.341,"air_quality":0.845,"opportunity_access":0.557,"fairness_context":0.743,"deprivation_weighted_opportunity":0.52,"development_pressure_delta_2016":0.079,"planning_intensity_delta_2016":0.091,"green_cover_delta_2016":-0.019,"mobility_access_delta_2016":0.114,"bike_activity_delta_2016":0.177,"air_quality_delta_2016":0.214,"opportunity_access_delta_2016":0.038,"fairness_context_delta_2016":0.0,"deprivation_weighted_opportunity_delta_2016":0.036,"development_pressure_delta_previous":-0.012,"planning_intensity_delta_previous":0.0,"green_cover_delta_previous":-0.001,"mobility_access_delta_previous":0.014,"bike_activity_delta_previous":0.0,"air_quality_delta_previous":0.036,"opportunity_access_delta_previous":0.007,"fairness_context_delta_previous":0.0,"deprivation_weighted_opportunity_delta_previous":0.007,"dominant_change":"improved","confidence":"medium","evidence":["OpenStreetMap building export clipped to Belfast NI core","250m-style grid proxy generated from local spatial anchors","NI Air annual trend proxy included","Opportunity and exposure scores are normalized directional indicators"]},"geometry":{"type":"Polygon","coordinates":[[[-5.98,54.565000000000005],[-5.963333333333334,54.565000000000005],[-5.963333333333334,54.580000000000005],[-5.98,54.580000000000005],[-5.98,54.565000000000005]]]}},{"type":"Feature","id":"belfast_03_07_2024","properties":{"cell_id":"belfast_03_07","year":2024,"row":3,"col":7,"development_pressure":0.417,"planning_intensity":0.308,"green_cover":0.529,"mobility_access":0.64,"bike_activity":0.397,"air_quality":0.837,"opportunity_access":0.617,"fairness_context":0.623,"deprivation_weighted_opportunity":0.556,"development_pressure_delta_2016":0.092,"planning_intensity_delta_2016":0.118,"green_cover_delta_2016":-0.069,"mobility_access_delta_2016":0.133,"bike_activity_delta_2016":0.206,"air_quality_delta_2016":0.201,"opportunity_access_delta_2016":0.036,"fairness_context_delta_2016":0.0,"deprivation_weighted_opportunity_delta_2016":0.032,"development_pressure_delta_previous":0.005,"planning_intensity_delta_previous":0.012,"green_cover_delta_previous":-0.029,"mobility_access_delta_previous":0.017,"bike_activity_delta_previous":0.0,"air_quality_delta_previous":0.027,"opportunity_access_delta_previous":0.001,"fairness_context_delta_previous":0.0,"deprivation_weighted_opportunity_delta_previous":0.001,"dominant_change":"improved","confidence":"medium","evidence":["OpenStreetMap building export clipped to Belfast NI core","250m-style grid proxy generated from local spatial anchors","NI Air annual trend proxy included","Opportunity and exposure scores are normalized directional indicators"]},"geometry":{"type":"Polygon","coordinates":[[[-5.963333333333334,54.565000000000005],[-5.946666666666667,54.565000000000005],[-5.946666666666667,54.580000000000005],[-5.963333333333334,54.580000000000005],[-5.963333333333334,54.565000000000005]]]}},{"type":"Feature","id":"belfast_03_08_2024","properties":{"cell_id":"belfast_03_08","year":2024,"row":3,"col":8,"development_pressure":0.477,"planning_intensity":0.361,"green_cover":0.542,"mobility_access":0.619,"bike_activity":0.39,"air_quality":0.827,"opportunity_access":0.619,"fairness_context":0.427,"deprivation_weighted_opportunity":0.527,"development_pressure_delta_2016":0.096,"planning_intensity_delta_2016":0.132,"green_cover_delta_2016":-0.091,"mobility_access_delta_2016":0.126,"bike_activity_delta_2016":0.196,"air_quality_delta_2016":0.197,"opportunity_access_delta_2016":0.028,"fairness_context_delta_2016":0.0,"deprivation_weighted_opportunity_delta_2016":0.024,"development_pressure_delta_previous":0.024,"planning_intensity_delta_previous":0.023,"green_cover_delta_previous":-0.035,"mobility_access_delta_previous":0.016,"bike_activity_delta_previous":0.0,"air_quality_delta_previous":0.024,"opportunity_access_delta_previous":-0.002,"fairness_context_delta_previous":0.0,"deprivation_weighted_opportunity_delta_previous":-0.002,"dominant_change":"improved","confidence":"medium","evidence":["OpenStreetMap building export clipped to Belfast NI core","250m-style grid proxy generated from local spatial anchors","NI Air annual trend proxy included","Opportunity and exposure scores are normalized directional indicators"]},"geometry":{"type":"Polygon","coordinates":[[[-5.946666666666667,54.565000000000005],[-5.930000000000001,54.565000000000005],[-5.930000000000001,54.580000000000005],[-5.946666666666667,54.580000000000005],[-5.946666666666667,54.565000000000005]]]}},{"type":"Feature","id":"belfast_03_09_2024","properties":{"cell_id":"belfast_03_09","year":2024,"row":3,"col":9,"development_pressure":0.5,"planning_intensity":0.405,"green_cover":0.504,"mobility_access":0.555,"bike_activity":0.341,"air_quality":0.816,"opportunity_access":0.584,"fairness_context":0.211,"deprivation_weighted_opportunity":0.464,"development_pressure_delta_2016":0.093,"planning_intensity_delta_2016":0.13,"green_cover_delta_2016":-0.067,"mobility_access_delta_2016":0.103,"bike_activity_delta_2016":0.161,"air_quality_delta_2016":0.202,"opportunity_access_delta_2016":0.024,"fairness_context_delta_2016":0.0,"deprivation_weighted_opportunity_delta_2016":0.019,"development_pressure_delta_previous":0.038,"planning_intensity_delta_previous":0.029,"green_cover_delta_previous":-0.015,"mobility_access_delta_previous":0.013,"bike_activity_delta_previous":0.0,"air_quality_delta_previous":0.025,"opportunity_access_delta_previous":0.0,"fairness_context_delta_previous":0.0,"deprivation_weighted_opportunity_delta_previous":0.0,"dominant_change":"improved","confidence":"medium","evidence":["OpenStreetMap building export clipped to Belfast NI core","250m-style grid proxy generated from local spatial anchors","NI Air annual trend proxy included","Opportunity and exposure scores are normalized directional indicators"]},"geometry":{"type":"Polygon","coordinates":[[[-5.93,54.565000000000005],[-5.913333333333333,54.565000000000005],[-5.913333333333333,54.580000000000005],[-5.93,54.580000000000005],[-5.93,54.565000000000005]]]}},{"type":"Feature","id":"belfast_03_10_2024","properties":{"cell_id":"belfast_03_10","year":2024,"row":3,"col":10,"development_pressure":0.509,"planning_intensity":0.407,"green_cover":0.414,"mobility_access":0.442,"bike_activity":0.219,"air_quality":0.8,"opportunity_access":0.506,"fairness_context":0.0,"deprivation_weighted_opportunity":0.374,"development_pressure_delta_2016":0.098,"planning_intensity_delta_2016":0.13,"green_cover_delta_2016":-0.025,"mobility_access_delta_2016":0.053,"bike_activity_delta_2016":0.082,"air_quality_delta_2016":0.21,"opportunity_access_delta_2016":0.01,"fairness_context_delta_2016":0.0,"deprivation_weighted_opportunity_delta_2016":0.007,"development_pressure_delta_previous":0.042,"planning_intensity_delta_previous":0.031,"green_cover_delta_previous":0.009,"mobility_access_delta_previous":0.007,"bike_activity_delta_previous":0.0,"air_quality_delta_previous":0.03,"opportunity_access_delta_previous":0.001,"fairness_context_delta_previous":0.0,"deprivation_weighted_opportunity_delta_previous":0.001,"dominant_change":"improved","confidence":"low","evidence":["OpenStreetMap building export clipped to Belfast NI core","250m-style grid proxy generated from local spatial anchors","NI Air annual trend proxy included","Opportunity and exposure scores are normalized directional indicators"]},"geometry":{"type":"Polygon","coordinates":[[[-5.913333333333333,54.565000000000005],[-5.8966666666666665,54.565000000000005],[-5.8966666666666665,54.580000000000005],[-5.913333333333333,54.580000000000005],[-5.913333333333333,54.565000000000005]]]}},{"type":"Feature","id":"belfast_03_11_2024","properties":{"cell_id":"belfast_03_11","year":2024,"row":3,"col":11,"development_pressure":0.452,"planning_intensity":0.323,"green_cover":0.426,"mobility_access":0.371,"bike_activity":0.192,"air_quality":0.817,"opportunity_access":0.459,"fairness_context":0.0,"deprivation_weighted_opportunity":0.34,"development_pressure_delta_2016":0.088,"planning_intensity_delta_2016":0.109,"green_cover_delta_2016":0.002,"mobility_access_delta_2016":0.047,"bike_activity_delta_2016":0.073,"air_quality_delta_2016":0.217,"opportunity_access_delta_2016":0.013,"fairness_context_delta_2016":0.0,"deprivation_weighted_opportunity_delta_2016":0.01,"development_pressure_delta_previous":0.033,"planning_intensity_delta_previous":0.025,"green_cover_delta_previous":0.017,"mobility_access_delta_previous":0.005,"bike_activity_delta_previous":0.0,"air_quality_delta_previous":0.032,"opportunity_access_delta_previous":0.003,"fairness_context_delta_previous":0.0,"deprivation_weighted_opportunity_delta_previous":0.002,"dominant_change":"improved","confidence":"low","evidence":["OpenStreetMap building export clipped to Belfast NI core","250m-style grid proxy generated from local spatial anchors","NI Air annual trend proxy included","Opportunity and exposure scores are normalized directional indicators"]},"geometry":{"type":"Polygon","coordinates":[[[-5.8966666666666665,54.565000000000005],[-5.88,54.565000000000005],[-5.88,54.580000000000005],[-5.8966666666666665,54.580000000000005],[-5.8966666666666665,54.565000000000005]]]}},{"type":"Feature","id":"belfast_03_12_2024","properties":{"cell_id":"belfast_03_12","year":2024,"row":3,"col":12,"development_pressure":0.345,"planning_intensity":0.237,"green_cover":0.413,"mobility_access":0.253,"bike_activity":0.108,"air_quality":0.839,"opportunity_access":0.386,"fairness_context":0.0,"deprivation_weighted_opportunity":0.286,"development_pressure_delta_2016":0.067,"planning_intensity_delta_2016":0.074,"green_cover_delta_2016":-0.007,"mobility_access_delta_2016":0.017,"bike_activity_delta_2016":0.026,"air_quality_delta_2016":0.218,"opportunity_access_delta_2016":0.0,"fairness_context_delta_2016":0.0,"deprivation_weighted_opportunity_delta_2016":0.0,"development_pressure_delta_previous":0.014,"planning_intensity_delta_previous":0.012,"green_cover_delta_previous":0.002,"mobility_access_delta_previous":0.002,"bike_activity_delta_previous":0.0,"air_quality_delta_previous":0.032,"opportunity_access_delta_previous":0.0,"fairness_context_delta_previous":0.0,"deprivation_weighted_opportunity_delta_previous":0.0,"dominant_change":"improved","confidence":"low","evidence":["OpenStreetMap building export clipped to Belfast NI core","250m-style grid proxy generated from local spatial anchors","NI Air annual trend proxy included","Opportunity and exposure scores are normalized directional indicators"]},"geometry":{"type":"Polygon","coordinates":[[[-5.88,54.565000000000005],[-5.863333333333333,54.565000000000005],[-5.863333333333333,54.580000000000005],[-5.88,54.580000000000005],[-5.88,54.565000000000005]]]}},{"type":"Feature","id":"belfast_03_13_2024","properties":{"cell_id":"belfast_03_13","year":2024,"row":3,"col":13,"development_pressure":0.204,"planning_intensity":0.126,"green_cover":0.344,"mobility_access":0.201,"bike_activity":0.051,"air_quality":0.856,"opportunity_access":0.331,"fairness_context":0.0,"deprivation_weighted_opportunity":0.245,"development_pressure_delta_2016":0.037,"planning_intensity_delta_2016":0.027,"green_cover_delta_2016":-0.036,"mobility_access_delta_2016":0.0,"bike_activity_delta_2016":0.0,"air_quality_delta_2016":0.217,"opportunity_access_delta_2016":-0.01,"fairness_context_delta_2016":0.0,"deprivation_weighted_opportunity_delta_2016":-0.007,"development_pressure_delta_previous":-0.008,"planning_intensity_delta_previous":-0.003,"green_cover_delta_previous":-0.02,"mobility_access_delta_previous":0.0,"bike_activity_delta_previous":0.0,"air_quality_delta_previous":0.032,"opportunity_access_delta_previous":-0.003,"fairness_context_delta_previous":0.0,"deprivation_weighted_opportunity_delta_previous":-0.002,"dominant_change":"improved","confidence":"low","evidence":["OpenStreetMap building export clipped to Belfast NI core","250m-style grid proxy generated from local spatial anchors","NI Air annual trend proxy included","Opportunity and exposure scores are normalized directional indicators"]},"geometry":{"type":"Polygon","coordinates":[[[-5.863333333333333,54.565000000000005],[-5.846666666666667,54.565000000000005],[-5.846666666666667,54.580000000000005],[-5.863333333333333,54.580000000000005],[-5.863333333333333,54.565000000000005]]]}},{"type":"Feature","id":"belfast_03_14_2024","properties":{"cell_id":"belfast_03_14","year":2024,"row":3,"col":14,"development_pressure":0.149,"planning_intensity":0.085,"green_cover":0.288,"mobility_access":0.2,"bike_activity":0.05,"air_quality":0.854,"opportunity_access":0.324,"fairness_context":0.0,"deprivation_weighted_opportunity":0.24,"development_pressure_delta_2016":0.026,"planning_intensity_delta_2016":0.014,"green_cover_delta_2016":-0.058,"mobility_access_delta_2016":0.0,"bike_activity_delta_2016":0.0,"air_quality_delta_2016":0.215,"opportunity_access_delta_2016":-0.013,"fairness_context_delta_2016":0.0,"deprivation_weighted_opportunity_delta_2016":-0.009,"development_pressure_delta_previous":-0.023,"planning_intensity_delta_previous":-0.011,"green_cover_delta_previous":-0.024,"mobility_access_delta_previous":0.0,"bike_activity_delta_previous":0.0,"air_quality_delta_previous":0.033,"opportunity_access_delta_previous":-0.002,"fairness_context_delta_previous":0.0,"deprivation_weighted_opportunity_delta_previous":-0.002,"dominant_change":"improved","confidence":"low","evidence":["OpenStreetMap building export clipped to Belfast NI core","250m-style grid proxy generated from local spatial anchors","NI Air annual trend proxy included","Opportunity and exposure scores are normalized directional indicators"]},"geometry":{"type":"Polygon","coordinates":[[[-5.846666666666667,54.565000000000005],[-5.83,54.565000000000005],[-5.83,54.580000000000005],[-5.846666666666667,54.580000000000005],[-5.846666666666667,54.565000000000005]]]}},{"type":"Feature","id":"belfast_03_15_2024","properties":{"cell_id":"belfast_03_15","year":2024,"row":3,"col":15,"development_pressure":0.125,"planning_intensity":0.072,"green_cover":0.282,"mobility_access":0.2,"bike_activity":0.05,"air_quality":0.857,"opportunity_access":0.325,"fairness_context":0.0,"deprivation_weighted_opportunity":0.24,"development_pressure_delta_2016":0.02,"planning_intensity_delta_2016":0.01,"green_cover_delta_2016":-0.042,"mobility_access_delta_2016":0.0,"bike_activity_delta_2016":0.0,"air_quality_delta_2016":0.219,"opportunity_access_delta_2016":-0.009,"fairness_context_delta_2016":0.0,"deprivation_weighted_opportunity_delta_2016":-0.007,"development_pressure_delta_previous":-0.027,"planning_intensity_delta_previous":-0.014,"green_cover_delta_previous":-0.006,"mobility_access_delta_previous":0.0,"bike_activity_delta_previous":0.0,"air_quality_delta_previous":0.038,"opportunity_access_delta_previous":0.001,"fairness_context_delta_previous":0.0,"deprivation_weighted_opportunity_delta_previous":0.0,"dominant_change":"improved","confidence":"low","evidence":["OpenStreetMap building export clipped to Belfast NI core","250m-style grid proxy generated from local spatial anchors","NI Air annual trend proxy included","Opportunity and exposure scores are normalized directional indicators"]},"geometry":{"type":"Polygon","coordinates":[[[-5.83,54.565000000000005],[-5.8133333333333335,54.565000000000005],[-5.8133333333333335,54.580000000000005],[-5.83,54.580000000000005],[-5.83,54.565000000000005]]]}},{"type":"Feature","id":"belfast_03_16_2024","properties":{"cell_id":"belfast_03_16","year":2024,"row":3,"col":16,"development_pressure":0.106,"planning_intensity":0.063,"green_cover":0.303,"mobility_access":0.2,"bike_activity":0.05,"air_quality":0.864,"opportunity_access":0.33,"fairness_context":0.0,"deprivation_weighted_opportunity":0.244,"development_pressure_delta_2016":0.006,"planning_intensity_delta_2016":0.003,"green_cover_delta_2016":0.004,"mobility_access_delta_2016":0.0,"bike_activity_delta_2016":0.0,"air_quality_delta_2016":0.231,"opportunity_access_delta_2016":0.0,"fairness_context_delta_2016":0.0,"deprivation_weighted_opportunity_delta_2016":0.0,"development_pressure_delta_previous":-0.021,"planning_intensity_delta_previous":-0.011,"green_cover_delta_previous":0.02,"mobility_access_delta_previous":0.0,"bike_activity_delta_previous":0.0,"air_quality_delta_previous":0.042,"opportunity_access_delta_previous":0.005,"fairness_context_delta_previous":0.0,"deprivation_weighted_opportunity_delta_previous":0.004,"dominant_change":"improved","confidence":"low","evidence":["OpenStreetMap building export clipped to Belfast NI core","250m-style grid proxy generated from local spatial anchors","NI Air annual trend proxy included","Opportunity and exposure scores are normalized directional indicators"]},"geometry":{"type":"Polygon","coordinates":[[[-5.8133333333333335,54.565000000000005],[-5.796666666666667,54.565000000000005],[-5.796666666666667,54.580000000000005],[-5.8133333333333335,54.580000000000005],[-5.8133333333333335,54.565000000000005]]]}},{"type":"Feature","id":"belfast_03_17_2024","properties":{"cell_id":"belfast_03_17","year":2024,"row":3,"col":17,"development_pressure":0.1,"planning_intensity":0.06,"green_cover":0.333,"mobility_access":0.2,"bike_activity":0.05,"air_quality":0.871,"opportunity_access":0.336,"fairness_context":0.0,"deprivation_weighted_opportunity":0.249,"development_pressure_delta_2016":-0.011,"planning_intensity_delta_2016":-0.006,"green_cover_delta_2016":0.039,"mobility_access_delta_2016":0.0,"bike_activity_delta_2016":0.0,"air_quality_delta_2016":0.24,"opportunity_access_delta_2016":0.008,"fairness_context_delta_2016":0.0,"deprivation_weighted_opportunity_delta_2016":0.006,"development_pressure_delta_previous":-0.007,"planning_intensity_delta_previous":-0.004,"green_cover_delta_previous":0.03,"mobility_access_delta_previous":0.0,"bike_activity_delta_previous":0.0,"air_quality_delta_previous":0.042,"opportunity_access_delta_previous":0.006,"fairness_context_delta_previous":0.0,"deprivation_weighted_opportunity_delta_previous":0.005,"dominant_change":"improved","confidence":"low","evidence":["OpenStreetMap building export clipped to Belfast NI core","250m-style grid proxy generated from local spatial anchors","NI Air annual trend proxy included","Opportunity and exposure scores are normalized directional indicators"]},"geometry":{"type":"Polygon","coordinates":[[[-5.796666666666667,54.565000000000005],[-5.78,54.565000000000005],[-5.78,54.580000000000005],[-5.796666666666667,54.580000000000005],[-5.796666666666667,54.565000000000005]]]}},{"type":"Feature","id":"belfast_04_00_2024","properties":{"cell_id":"belfast_04_00","year":2024,"row":4,"col":0,"development_pressure":0.18,"planning_intensity":0.1,"green_cover":0.32,"mobility_access":0.2,"bike_activity":0.05,"air_quality":0.855,"opportunity_access":0.327,"fairness_context":0.0,"deprivation_weighted_opportunity":0.242,"development_pressure_delta_2016":0.009,"planning_intensity_delta_2016":0.004,"green_cover_delta_2016":-0.011,"mobility_access_delta_2016":0.0,"bike_activity_delta_2016":0.0,"air_quality_delta_2016":0.226,"opportunity_access_delta_2016":-0.003,"fairness_context_delta_2016":0.0,"deprivation_weighted_opportunity_delta_2016":-0.002,"development_pressure_delta_previous":0.01,"planning_intensity_delta_previous":0.005,"green_cover_delta_previous":-0.013,"mobility_access_delta_previous":0.0,"bike_activity_delta_previous":0.0,"air_quality_delta_previous":0.03,"opportunity_access_delta_previous":-0.003,"fairness_context_delta_previous":0.0,"deprivation_weighted_opportunity_delta_previous":-0.002,"dominant_change":"improved","confidence":"low","evidence":["OpenStreetMap building export clipped to Belfast NI core","250m-style grid proxy generated from local spatial anchors","NI Air annual trend proxy included","Opportunity and exposure scores are normalized directional indicators"]},"geometry":{"type":"Polygon","coordinates":[[[-6.08,54.580000000000005],[-6.0633333333333335,54.580000000000005],[-6.0633333333333335,54.595000000000006],[-6.08,54.595000000000006],[-6.08,54.580000000000005]]]}},{"type":"Feature","id":"belfast_04_01_2024","properties":{"cell_id":"belfast_04_01","year":2024,"row":4,"col":1,"development_pressure":0.173,"planning_intensity":0.096,"green_cover":0.294,"mobility_access":0.2,"bike_activity":0.05,"air_quality":0.851,"opportunity_access":0.323,"fairness_context":0.0,"deprivation_weighted_opportunity":0.239,"development_pressure_delta_2016":0.022,"planning_intensity_delta_2016":0.011,"green_cover_delta_2016":-0.052,"mobility_access_delta_2016":0.0,"bike_activity_delta_2016":0.0,"air_quality_delta_2016":0.216,"opportunity_access_delta_2016":-0.011,"fairness_context_delta_2016":0.0,"deprivation_weighted_opportunity_delta_2016":-0.008,"development_pressure_delta_previous":-0.007,"planning_intensity_delta_previous":-0.004,"green_cover_delta_previous":-0.028,"mobility_access_delta_previous":0.0,"bike_activity_delta_previous":0.0,"air_quality_delta_previous":0.03,"opportunity_access_delta_previous":-0.005,"fairness_context_delta_previous":0.0,"deprivation_weighted_opportunity_delta_previous":-0.003,"dominant_change":"improved","confidence":"low","evidence":["OpenStreetMap building export clipped to Belfast NI core","250m-style grid proxy generated from local spatial anchors","NI Air annual trend proxy included","Opportunity and exposure scores are normalized directional indicators"]},"geometry":{"type":"Polygon","coordinates":[[[-6.0633333333333335,54.580000000000005],[-6.046666666666667,54.580000000000005],[-6.046666666666667,54.595000000000006],[-6.0633333333333335,54.595000000000006],[-6.0633333333333335,54.580000000000005]]]}},{"type":"Feature","id":"belfast_04_02_2024","properties":{"cell_id":"belfast_04_02","year":2024,"row":4,"col":2,"development_pressure":0.153,"planning_intensity":0.086,"green_cover":0.277,"mobility_access":0.2,"bike_activity":0.05,"air_quality":0.851,"opportunity_access":0.322,"fairness_context":0.105,"deprivation_weighted_opportunity":0.247,"development_pressure_delta_2016":0.027,"planning_intensity_delta_2016":0.013,"green_cover_delta_2016":-0.057,"mobility_access_delta_2016":0.0,"bike_activity_delta_2016":0.0,"air_quality_delta_2016":0.215,"opportunity_access_delta_2016":-0.012,"fairness_context_delta_2016":0.0,"deprivation_weighted_opportunity_delta_2016":-0.009,"development_pressure_delta_previous":-0.021,"planning_intensity_delta_previous":-0.011,"green_cover_delta_previous":-0.018,"mobility_access_delta_previous":0.0,"bike_activity_delta_previous":0.0,"air_quality_delta_previous":0.034,"opportunity_access_delta_previous":-0.001,"fairness_context_delta_previous":0.0,"deprivation_weighted_opportunity_delta_previous":-0.001,"dominant_change":"improved","confidence":"low","evidence":["OpenStreetMap building export clipped to Belfast NI core","250m-style grid proxy generated from local spatial anchors","NI Air annual trend proxy included","Opportunity and exposure scores are normalized directional indicators"]},"geometry":{"type":"Polygon","coordinates":[[[-6.046666666666667,54.580000000000005],[-6.03,54.580000000000005],[-6.03,54.595000000000006],[-6.046666666666667,54.595000000000006],[-6.046666666666667,54.580000000000005]]]}},{"type":"Feature","id":"belfast_04_03_2024","properties":{"cell_id":"belfast_04_03","year":2024,"row":4,"col":3,"development_pressure":0.128,"planning_intensity":0.074,"green_cover":0.352,"mobility_access":0.2,"bike_activity":0.05,"air_quality":0.87,"opportunity_access":0.337,"fairness_context":0.337,"deprivation_weighted_opportunity":0.279,"development_pressure_delta_2016":0.021,"planning_intensity_delta_2016":0.011,"green_cover_delta_2016":-0.02,"mobility_access_delta_2016":0.0,"bike_activity_delta_2016":0.0,"air_quality_delta_2016":0.223,"opportunity_access_delta_2016":-0.005,"fairness_context_delta_2016":0.0,"deprivation_weighted_opportunity_delta_2016":-0.004,"development_pressure_delta_previous":-0.027,"planning_intensity_delta_previous":-0.014,"green_cover_delta_previous":0.01,"mobility_access_delta_previous":0.0,"bike_activity_delta_previous":0.0,"air_quality_delta_previous":0.041,"opportunity_access_delta_previous":0.004,"fairness_context_delta_previous":0.0,"deprivation_weighted_opportunity_delta_previous":0.003,"dominant_change":"improved","confidence":"low","evidence":["OpenStreetMap building export clipped to Belfast NI core","250m-style grid proxy generated from local spatial anchors","NI Air annual trend proxy included","Opportunity and exposure scores are normalized directional indicators"]},"geometry":{"type":"Polygon","coordinates":[[[-6.03,54.580000000000005],[-6.013333333333334,54.580000000000005],[-6.013333333333334,54.595000000000006],[-6.03,54.595000000000006],[-6.03,54.580000000000005]]]}},{"type":"Feature","id":"belfast_04_04_2024","properties":{"cell_id":"belfast_04_04","year":2024,"row":4,"col":4,"development_pressure":0.152,"planning_intensity":0.091,"green_cover":0.466,"mobility_access":0.279,"bike_activity":0.107,"air_quality":0.883,"opportunity_access":0.412,"fairness_context":0.566,"deprivation_weighted_opportunity":0.365,"development_pressure_delta_2016":0.019,"planning_intensity_delta_2016":0.017,"green_cover_delta_2016":0.021,"mobility_access_delta_2016":0.019,"bike_activity_delta_2016":0.03,"air_quality_delta_2016":0.231,"opportunity_access_delta_2016":0.01,"fairness_context_delta_2016":0.0,"deprivation_weighted_opportunity_delta_2016":0.009,"development_pressure_delta_previous":-0.021,"planning_intensity_delta_previous":-0.01,"green_cover_delta_previous":0.03,"mobility_access_delta_previous":0.003,"bike_activity_delta_previous":0.0,"air_quality_delta_previous":0.044,"opportunity_access_delta_previous":0.008,"fairness_context_delta_previous":0.0,"deprivation_weighted_opportunity_delta_previous":0.007,"dominant_change":"improved","confidence":"low","evidence":["OpenStreetMap building export clipped to Belfast NI core","250m-style grid proxy generated from local spatial anchors","NI Air annual trend proxy included","Opportunity and exposure scores are normalized directional indicators"]},"geometry":{"type":"Polygon","coordinates":[[[-6.013333333333334,54.580000000000005],[-5.996666666666667,54.580000000000005],[-5.996666666666667,54.595000000000006],[-6.013333333333334,54.595000000000006],[-6.013333333333334,54.580000000000005]]]}},{"type":"Feature","id":"belfast_04_05_2024","properties":{"cell_id":"belfast_04_05","year":2024,"row":4,"col":5,"development_pressure":0.261,"planning_intensity":0.175,"green_cover":0.523,"mobility_access":0.523,"bike_activity":0.285,"air_quality":0.868,"opportunity_access":0.553,"fairness_context":0.784,"deprivation_weighted_opportunity":0.522,"development_pressure_delta_2016":0.039,"planning_intensity_delta_2016":0.053,"green_cover_delta_2016":0.022,"mobility_access_delta_2016":0.089,"bike_activity_delta_2016":0.139,"air_quality_delta_2016":0.229,"opportunity_access_delta_2016":0.038,"fairness_context_delta_2016":0.0,"deprivation_weighted_opportunity_delta_2016":0.036,"development_pressure_delta_previous":-0.003,"planning_intensity_delta_previous":0.003,"green_cover_delta_previous":0.023,"mobility_access_delta_previous":0.011,"bike_activity_delta_previous":0.0,"air_quality_delta_previous":0.04,"opportunity_access_delta_previous":0.009,"fairness_context_delta_previous":0.0,"deprivation_weighted_opportunity_delta_previous":0.008,"dominant_change":"improved","confidence":"low","evidence":["OpenStreetMap building export clipped to Belfast NI core","250m-style grid proxy generated from local spatial anchors","NI Air annual trend proxy included","Opportunity and exposure scores are normalized directional indicators"]},"geometry":{"type":"Polygon","coordinates":[[[-5.996666666666667,54.580000000000005],[-5.98,54.580000000000005],[-5.98,54.595000000000006],[-5.996666666666667,54.595000000000006],[-5.996666666666667,54.580000000000005]]]}},{"type":"Feature","id":"belfast_04_06_2024","properties":{"cell_id":"belfast_04_06","year":2024,"row":4,"col":6,"development_pressure":0.427,"planning_intensity":0.306,"green_cover":0.592,"mobility_access":0.764,"bike_activity":0.462,"air_quality":0.846,"opportunity_access":0.69,"fairness_context":0.882,"deprivation_weighted_opportunity":0.669,"development_pressure_delta_2016":0.079,"planning_intensity_delta_2016":0.109,"green_cover_delta_2016":-0.025,"mobility_access_delta_2016":0.159,"bike_activity_delta_2016":0.247,"air_quality_delta_2016":0.213,"opportunity_access_delta_2016":0.056,"fairness_context_delta_2016":0.0,"deprivation_weighted_opportunity_delta_2016":0.054,"development_pressure_delta_previous":0.021,"planning_intensity_delta_previous":0.018,"green_cover_delta_previous":-0.009,"mobility_access_delta_previous":0.02,"bike_activity_delta_previous":0.0,"air_quality_delta_previous":0.029,"opportunity_access_delta_previous":0.005,"fairness_context_delta_previous":0.0,"deprivation_weighted_opportunity_delta_previous":0.005,"dominant_change":"improved","confidence":"medium","evidence":["OpenStreetMap building export clipped to Belfast NI core","250m-style grid proxy generated from local spatial anchors","NI Air annual trend proxy included","Opportunity and exposure scores are normalized directional indicators"]},"geometry":{"type":"Polygon","coordinates":[[[-5.98,54.580000000000005],[-5.963333333333334,54.580000000000005],[-5.963333333333334,54.595000000000006],[-5.98,54.595000000000006],[-5.98,54.580000000000005]]]}},{"type":"Feature","id":"belfast_04_07_2024","properties":{"cell_id":"belfast_04_07","year":2024,"row":4,"col":7,"development_pressure":0.602,"planning_intensity":0.467,"green_cover":0.634,"mobility_access":0.944,"bike_activity":0.582,"air_quality":0.818,"opportunity_access":0.793,"fairness_context":0.699,"deprivation_weighted_opportunity":0.731,"development_pressure_delta_2016":0.126,"planning_intensity_delta_2016":0.17,"green_cover_delta_2016":-0.087,"mobility_access_delta_2016":0.204,"bike_activity_delta_2016":0.317,"air_quality_delta_2016":0.193,"opportunity_access_delta_2016":0.06,"fairness_context_delta_2016":0.0,"deprivation_weighted_opportunity_delta_2016":0.055,"development_pressure_delta_previous":0.041,"planning_intensity_delta_previous":0.034,"green_cover_delta_previous":-0.038,"mobility_access_delta_previous":0.026,"bike_activity_delta_previous":0.0,"air_quality_delta_previous":0.02,"opportunity_access_delta_previous":0.0,"fairness_context_delta_previous":0.0,"deprivation_weighted_opportunity_delta_previous":0.0,"dominant_change":"improved","confidence":"medium","evidence":["OpenStreetMap building export clipped to Belfast NI core","250m-style grid proxy generated from local spatial anchors","NI Air annual trend proxy included","Opportunity and exposure scores are normalized directional indicators"]},"geometry":{"type":"Polygon","coordinates":[[[-5.963333333333334,54.580000000000005],[-5.946666666666667,54.580000000000005],[-5.946666666666667,54.595000000000006],[-5.963333333333334,54.595000000000006],[-5.963333333333334,54.580000000000005]]]}},{"type":"Feature","id":"belfast_04_08_2024","properties":{"cell_id":"belfast_04_08","year":2024,"row":4,"col":8,"development_pressure":0.746,"planning_intensity":0.634,"green_cover":0.606,"mobility_access":0.921,"bike_activity":0.618,"air_quality":0.783,"opportunity_access":0.793,"fairness_context":0.476,"deprivation_weighted_opportunity":0.685,"development_pressure_delta_2016":0.172,"planning_intensity_delta_2016":0.222,"green_cover_delta_2016":-0.12,"mobility_access_delta_2016":0.213,"bike_activity_delta_2016":0.331,"air_quality_delta_2016":0.179,"opportunity_access_delta_2016":0.054,"fairness_context_delta_2016":0.0,"deprivation_weighted_opportunity_delta_2016":0.047,"development_pressure_delta_previous":0.051,"planning_intensity_delta_previous":0.043,"green_cover_delta_previous":-0.043,"mobility_access_delta_previous":0.027,"bike_activity_delta_previous":0.0,"air_quality_delta_previous":0.018,"opportunity_access_delta_previous":-0.001,"fairness_context_delta_previous":0.0,"deprivation_weighted_opportunity_delta_previous":-0.001,"dominant_change":"improved","confidence":"medium","evidence":["OpenStreetMap building export clipped to Belfast NI core","250m-style grid proxy generated from local spatial anchors","NI Air annual trend proxy included","Opportunity and exposure scores are normalized directional indicators"]},"geometry":{"type":"Polygon","coordinates":[[[-5.946666666666667,54.580000000000005],[-5.930000000000001,54.580000000000005],[-5.930000000000001,54.595000000000006],[-5.946666666666667,54.595000000000006],[-5.946666666666667,54.580000000000005]]]}},{"type":"Feature","id":"belfast_04_09_2024","properties":{"cell_id":"belfast_04_09","year":2024,"row":4,"col":9,"development_pressure":0.779,"planning_intensity":0.669,"green_cover":0.523,"mobility_access":0.826,"bike_activity":0.486,"air_quality":0.761,"opportunity_access":0.735,"fairness_context":0.338,"deprivation_weighted_opportunity":0.609,"development_pressure_delta_2016":0.191,"planning_intensity_delta_2016":0.235,"green_cover_delta_2016":-0.101,"mobility_access_delta_2016":0.154,"bike_activity_delta_2016":0.239,"air_quality_delta_2016":0.18,"opportunity_access_delta_2016":0.031,"fairness_context_delta_2016":0.0,"deprivation_weighted_opportunity_delta_2016":0.026,"development_pressure_delta_previous":0.047,"planning_intensity_delta_previous":0.041,"green_cover_delta_previous":-0.02,"mobility_access_delta_previous":0.02,"bike_activity_delta_previous":0.0,"air_quality_delta_previous":0.023,"opportunity_access_delta_previous":0.0,"fairness_context_delta_previous":0.0,"deprivation_weighted_opportunity_delta_previous":0.001,"dominant_change":"improved","confidence":"medium","evidence":["OpenStreetMap building export clipped to Belfast NI core","250m-style grid proxy generated from local spatial anchors","NI Air annual trend proxy included","Opportunity and exposure scores are normalized directional indicators"]},"geometry":{"type":"Polygon","coordinates":[[[-5.93,54.580000000000005],[-5.913333333333333,54.580000000000005],[-5.913333333333333,54.595000000000006],[-5.93,54.595000000000006],[-5.93,54.580000000000005]]]}},{"type":"Feature","id":"belfast_04_10_2024","properties":{"cell_id":"belfast_04_10","year":2024,"row":4,"col":10,"development_pressure":0.752,"planning_intensity":0.602,"green_cover":0.534,"mobility_access":0.789,"bike_activity":0.477,"air_quality":0.774,"opportunity_access":0.698,"fairness_context":0.216,"deprivation_weighted_opportunity":0.555,"development_pressure_delta_2016":0.201,"planning_intensity_delta_2016":0.235,"green_cover_delta_2016":-0.058,"mobility_access_delta_2016":0.157,"bike_activity_delta_2016":0.244,"air_quality_delta_2016":0.187,"opportunity_access_delta_2016":0.04,"fairness_context_delta_2016":0.0,"deprivation_weighted_opportunity_delta_2016":0.031,"development_pressure_delta_previous":0.033,"planning_intensity_delta_previous":0.033,"green_cover_delta_previous":0.009,"mobility_access_delta_previous":0.02,"bike_activity_delta_previous":0.0,"air_quality_delta_previous":0.031,"opportunity_access_delta_previous":0.008,"fairness_context_delta_previous":0.0,"deprivation_weighted_opportunity_delta_previous":0.005,"dominant_change":"improved","confidence":"medium","evidence":["OpenStreetMap building export clipped to Belfast NI core","250m-style grid proxy generated from local spatial anchors","NI Air annual trend proxy included","Opportunity and exposure scores are normalized directional indicators"]},"geometry":{"type":"Polygon","coordinates":[[[-5.913333333333333,54.580000000000005],[-5.8966666666666665,54.580000000000005],[-5.8966666666666665,54.595000000000006],[-5.913333333333333,54.595000000000006],[-5.913333333333333,54.580000000000005]]]}},{"type":"Feature","id":"belfast_04_11_2024","properties":{"cell_id":"belfast_04_11","year":2024,"row":4,"col":11,"development_pressure":0.608,"planning_intensity":0.452,"green_cover":0.58,"mobility_access":0.669,"bike_activity":0.435,"air_quality":0.815,"opportunity_access":0.633,"fairness_context":0.202,"deprivation_weighted_opportunity":0.502,"development_pressure_delta_2016":0.17,"planning_intensity_delta_2016":0.188,"green_cover_delta_2016":-0.021,"mobility_access_delta_2016":0.147,"bike_activity_delta_2016":0.229,"air_quality_delta_2016":0.199,"opportunity_access_delta_2016":0.044,"fairness_context_delta_2016":0.0,"deprivation_weighted_opportunity_delta_2016":0.035,"development_pressure_delta_previous":0.011,"planning_intensity_delta_previous":0.019,"green_cover_delta_previous":0.02,"mobility_access_delta_previous":0.018,"bike_activity_delta_previous":0.0,"air_quality_delta_previous":0.037,"opportunity_access_delta_previous":0.01,"fairness_context_delta_previous":0.0,"deprivation_weighted_opportunity_delta_previous":0.008,"dominant_change":"improved","confidence":"medium","evidence":["OpenStreetMap building export clipped to Belfast NI core","250m-style grid proxy generated from local spatial anchors","NI Air annual trend proxy included","Opportunity and exposure scores are normalized directional indicators"]},"geometry":{"type":"Polygon","coordinates":[[[-5.8966666666666665,54.580000000000005],[-5.88,54.580000000000005],[-5.88,54.595000000000006],[-5.8966666666666665,54.595000000000006],[-5.8966666666666665,54.580000000000005]]]}},{"type":"Feature","id":"belfast_04_12_2024","properties":{"cell_id":"belfast_04_12","year":2024,"row":4,"col":12,"development_pressure":0.457,"planning_intensity":0.34,"green_cover":0.526,"mobility_access":0.474,"bike_activity":0.291,"air_quality":0.837,"opportunity_access":0.517,"fairness_context":0.124,"deprivation_weighted_opportunity":0.399,"development_pressure_delta_2016":0.132,"planning_intensity_delta_2016":0.139,"green_cover_delta_2016":-0.024,"mobility_access_delta_2016":0.093,"bike_activity_delta_2016":0.143,"air_quality_delta_2016":0.204,"opportunity_access_delta_2016":0.024,"fairness_context_delta_2016":0.0,"deprivation_weighted_opportunity_delta_2016":0.018,"development_pressure_delta_previous":-0.009,"planning_intensity_delta_previous":0.005,"green_cover_delta_previous":0.005,"mobility_access_delta_previous":0.012,"bike_activity_delta_previous":0.0,"air_quality_delta_previous":0.037,"opportunity_access_delta_previous":0.007,"fairness_context_delta_previous":0.0,"deprivation_weighted_opportunity_delta_previous":0.005,"dominant_change":"improved","confidence":"low","evidence":["OpenStreetMap building export clipped to Belfast NI core","250m-style grid proxy generated from local spatial anchors","NI Air annual trend proxy included","Opportunity and exposure scores are normalized directional indicators"]},"geometry":{"type":"Polygon","coordinates":[[[-5.88,54.580000000000005],[-5.863333333333333,54.580000000000005],[-5.863333333333333,54.595000000000006],[-5.88,54.595000000000006],[-5.88,54.580000000000005]]]}},{"type":"Feature","id":"belfast_04_13_2024","properties":{"cell_id":"belfast_04_13","year":2024,"row":4,"col":13,"development_pressure":0.291,"planning_intensity":0.217,"green_cover":0.424,"mobility_access":0.262,"bike_activity":0.124,"air_quality":0.853,"opportunity_access":0.386,"fairness_context":0.0,"deprivation_weighted_opportunity":0.286,"development_pressure_delta_2016":0.08,"planning_intensity_delta_2016":0.082,"green_cover_delta_2016":-0.049,"mobility_access_delta_2016":0.027,"bike_activity_delta_2016":0.042,"air_quality_delta_2016":0.208,"opportunity_access_delta_2016":-0.004,"fairness_context_delta_2016":0.0,"deprivation_weighted_opportunity_delta_2016":-0.002,"development_pressure_delta_previous":-0.02,"planning_intensity_delta_previous":-0.004,"green_cover_delta_previous":-0.018,"mobility_access_delta_previous":0.003,"bike_activity_delta_previous":0.0,"air_quality_delta_previous":0.034,"opportunity_access_delta_previous":0.0,"fairness_context_delta_previous":0.0,"deprivation_weighted_opportunity_delta_previous":0.0,"dominant_change":"improved","confidence":"low","evidence":["OpenStreetMap building export clipped to Belfast NI core","250m-style grid proxy generated from local spatial anchors","NI Air annual trend proxy included","Opportunity and exposure scores are normalized directional indicators"]},"geometry":{"type":"Polygon","coordinates":[[[-5.863333333333333,54.580000000000005],[-5.846666666666667,54.580000000000005],[-5.846666666666667,54.595000000000006],[-5.863333333333333,54.595000000000006],[-5.863333333333333,54.580000000000005]]]}},{"type":"Feature","id":"belfast_04_14_2024","properties":{"cell_id":"belfast_04_14","year":2024,"row":4,"col":14,"development_pressure":0.123,"planning_intensity":0.079,"green_cover":0.31,"mobility_access":0.2,"bike_activity":0.05,"air_quality":0.862,"opportunity_access":0.33,"fairness_context":0.0,"deprivation_weighted_opportunity":0.244,"development_pressure_delta_2016":0.013,"planning_intensity_delta_2016":0.011,"green_cover_delta_2016":-0.055,"mobility_access_delta_2016":0.0,"bike_activity_delta_2016":0.0,"air_quality_delta_2016":0.217,"opportunity_access_delta_2016":-0.011,"fairness_context_delta_2016":0.0,"deprivation_weighted_opportunity_delta_2016":-0.008,"development_pressure_delta_previous":-0.022,"planning_intensity_delta_previous":-0.011,"green_cover_delta_previous":-0.025,"mobility_access_delta_previous":0.0,"bike_activity_delta_previous":0.0,"air_quality_delta_previous":0.033,"opportunity_access_delta_previous":-0.003,"fairness_context_delta_previous":0.0,"deprivation_weighted_opportunity_delta_previous":-0.002,"dominant_change":"improved","confidence":"low","evidence":["OpenStreetMap building export clipped to Belfast NI core","250m-style grid proxy generated from local spatial anchors","NI Air annual trend proxy included","Opportunity and exposure scores are normalized directional indicators"]},"geometry":{"type":"Polygon","coordinates":[[[-5.846666666666667,54.580000000000005],[-5.83,54.580000000000005],[-5.83,54.595000000000006],[-5.846666666666667,54.595000000000006],[-5.846666666666667,54.580000000000005]]]}},{"type":"Feature","id":"belfast_04_15_2024","properties":{"cell_id":"belfast_04_15","year":2024,"row":4,"col":15,"development_pressure":0.1,"planning_intensity":0.06,"green_cover":0.288,"mobility_access":0.2,"bike_activity":0.05,"air_quality":0.862,"opportunity_access":0.328,"fairness_context":0.0,"deprivation_weighted_opportunity":0.243,"development_pressure_delta_2016":-0.009,"planning_intensity_delta_2016":-0.005,"green_cover_delta_2016":-0.036,"mobility_access_delta_2016":0.0,"bike_activity_delta_2016":0.0,"air_quality_delta_2016":0.225,"opportunity_access_delta_2016":-0.006,"fairness_context_delta_2016":0.0,"deprivation_weighted_opportunity_delta_2016":-0.004,"development_pressure_delta_previous":-0.009,"planning_intensity_delta_previous":-0.005,"green_cover_delta_previous":-0.01,"mobility_access_delta_previous":0.0,"bike_activity_delta_previous":0.0,"air_quality_delta_previous":0.034,"opportunity_access_delta_previous":-0.001,"fairness_context_delta_previous":0.0,"deprivation_weighted_opportunity_delta_previous":0.0,"dominant_change":"improved","confidence":"low","evidence":["OpenStreetMap building export clipped to Belfast NI core","250m-style grid proxy generated from local spatial anchors","NI Air annual trend proxy included","Opportunity and exposure scores are normalized directional indicators"]},"geometry":{"type":"Polygon","coordinates":[[[-5.83,54.580000000000005],[-5.8133333333333335,54.580000000000005],[-5.8133333333333335,54.595000000000006],[-5.83,54.595000000000006],[-5.83,54.580000000000005]]]}},{"type":"Feature","id":"belfast_04_16_2024","properties":{"cell_id":"belfast_04_16","year":2024,"row":4,"col":16,"development_pressure":0.108,"planning_intensity":0.064,"green_cover":0.302,"mobility_access":0.2,"bike_activity":0.05,"air_quality":0.863,"opportunity_access":0.33,"fairness_context":0.0,"deprivation_weighted_opportunity":0.244,"development_pressure_delta_2016":-0.022,"planning_intensity_delta_2016":-0.011,"green_cover_delta_2016":0.007,"mobility_access_delta_2016":0.0,"bike_activity_delta_2016":0.0,"air_quality_delta_2016":0.235,"opportunity_access_delta_2016":0.003,"fairness_context_delta_2016":0.0,"deprivation_weighted_opportunity_delta_2016":0.002,"development_pressure_delta_previous":0.008,"planning_intensity_delta_previous":0.004,"green_cover_delta_previous":0.013,"mobility_access_delta_previous":0.0,"bike_activity_delta_previous":0.0,"air_quality_delta_previous":0.036,"opportunity_access_delta_previous":0.002,"fairness_context_delta_previous":0.0,"deprivation_weighted_opportunity_delta_previous":0.001,"dominant_change":"improved","confidence":"low","evidence":["OpenStreetMap building export clipped to Belfast NI core","250m-style grid proxy generated from local spatial anchors","NI Air annual trend proxy included","Opportunity and exposure scores are normalized directional indicators"]},"geometry":{"type":"Polygon","coordinates":[[[-5.8133333333333335,54.580000000000005],[-5.796666666666667,54.580000000000005],[-5.796666666666667,54.595000000000006],[-5.8133333333333335,54.595000000000006],[-5.8133333333333335,54.580000000000005]]]}},{"type":"Feature","id":"belfast_04_17_2024","properties":{"cell_id":"belfast_04_17","year":2024,"row":4,"col":17,"development_pressure":0.128,"planning_intensity":0.074,"green_cover":0.327,"mobility_access":0.2,"bike_activity":0.05,"air_quality":0.865,"opportunity_access":0.333,"fairness_context":0.0,"deprivation_weighted_opportunity":0.246,"development_pressure_delta_2016":-0.027,"planning_intensity_delta_2016":-0.014,"green_cover_delta_2016":0.04,"mobility_access_delta_2016":0.0,"bike_activity_delta_2016":0.0,"air_quality_delta_2016":0.243,"opportunity_access_delta_2016":0.01,"fairness_context_delta_2016":0.0,"deprivation_weighted_opportunity_delta_2016":0.007,"development_pressure_delta_previous":0.022,"planning_intensity_delta_previous":0.011,"green_cover_delta_previous":0.023,"mobility_access_delta_previous":0.0,"bike_activity_delta_previous":0.0,"air_quality_delta_previous":0.036,"opportunity_access_delta_previous":0.003,"fairness_context_delta_previous":0.0,"deprivation_weighted_opportunity_delta_previous":0.002,"dominant_change":"improved","confidence":"low","evidence":["OpenStreetMap building export clipped to Belfast NI core","250m-style grid proxy generated from local spatial anchors","NI Air annual trend proxy included","Opportunity and exposure scores are normalized directional indicators"]},"geometry":{"type":"Polygon","coordinates":[[[-5.796666666666667,54.580000000000005],[-5.78,54.580000000000005],[-5.78,54.595000000000006],[-5.796666666666667,54.595000000000006],[-5.796666666666667,54.580000000000005]]]}},{"type":"Feature","id":"belfast_05_00_2024","properties":{"cell_id":"belfast_05_00","year":2024,"row":5,"col":0,"development_pressure":0.155,"planning_intensity":0.088,"green_cover":0.326,"mobility_access":0.2,"bike_activity":0.05,"air_quality":0.86,"opportunity_access":0.33,"fairness_context":0.0,"deprivation_weighted_opportunity":0.244,"development_pressure_delta_2016":0.027,"planning_intensity_delta_2016":0.014,"green_cover_delta_2016":-0.012,"mobility_access_delta_2016":0.0,"bike_activity_delta_2016":0.0,"air_quality_delta_2016":0.223,"opportunity_access_delta_2016":-0.005,"fairness_context_delta_2016":0.0,"deprivation_weighted_opportunity_delta_2016":-0.004,"development_pressure_delta_previous":-0.02,"planning_intensity_delta_previous":-0.01,"green_cover_delta_previous":-0.006,"mobility_access_delta_previous":0.0,"bike_activity_delta_previous":0.0,"air_quality_delta_previous":0.036,"opportunity_access_delta_previous":0.0,"fairness_context_delta_previous":0.0,"deprivation_weighted_opportunity_delta_previous":0.0,"dominant_change":"improved","confidence":"low","evidence":["OpenStreetMap building export clipped to Belfast NI core","250m-style grid proxy generated from local spatial anchors","NI Air annual trend proxy included","Opportunity and exposure scores are normalized directional indicators"]},"geometry":{"type":"Polygon","coordinates":[[[-6.08,54.595000000000006],[-6.0633333333333335,54.595000000000006],[-6.0633333333333335,54.61000000000001],[-6.08,54.61000000000001],[-6.08,54.595000000000006]]]}},{"type":"Feature","id":"belfast_05_01_2024","properties":{"cell_id":"belfast_05_01","year":2024,"row":5,"col":1,"development_pressure":0.131,"planning_intensity":0.075,"green_cover":0.304,"mobility_access":0.2,"bike_activity":0.05,"air_quality":0.86,"opportunity_access":0.328,"fairness_context":0.0,"deprivation_weighted_opportunity":0.243,"development_pressure_delta_2016":0.023,"planning_intensity_delta_2016":0.011,"green_cover_delta_2016":-0.049,"mobility_access_delta_2016":0.0,"bike_activity_delta_2016":0.0,"air_quality_delta_2016":0.217,"opportunity_access_delta_2016":-0.011,"fairness_context_delta_2016":0.0,"deprivation_weighted_opportunity_delta_2016":-0.008,"development_pressure_delta_previous":-0.027,"planning_intensity_delta_previous":-0.014,"green_cover_delta_previous":-0.023,"mobility_access_delta_previous":0.0,"bike_activity_delta_previous":0.0,"air_quality_delta_previous":0.034,"opportunity_access_delta_previous":-0.002,"fairness_context_delta_previous":0.0,"deprivation_weighted_opportunity_delta_previous":-0.001,"dominant_change":"improved","confidence":"low","evidence":["OpenStreetMap building export clipped to Belfast NI core","250m-style grid proxy generated from local spatial anchors","NI Air annual trend proxy included","Opportunity and exposure scores are normalized directional indicators"]},"geometry":{"type":"Polygon","coordinates":[[[-6.0633333333333335,54.595000000000006],[-6.046666666666667,54.595000000000006],[-6.046666666666667,54.61000000000001],[-6.0633333333333335,54.61000000000001],[-6.0633333333333335,54.595000000000006]]]}},{"type":"Feature","id":"belfast_05_02_2024","properties":{"cell_id":"belfast_05_02","year":2024,"row":5,"col":2,"development_pressure":0.109,"planning_intensity":0.065,"green_cover":0.298,"mobility_access":0.2,"bike_activity":0.05,"air_quality":0.862,"opportunity_access":0.329,"fairness_context":0.0,"deprivation_weighted_opportunity":0.243,"development_pressure_delta_2016":0.009,"planning_intensity_delta_2016":0.005,"green_cover_delta_2016":-0.051,"mobility_access_delta_2016":0.0,"bike_activity_delta_2016":0.0,"air_quality_delta_2016":0.219,"opportunity_access_delta_2016":-0.01,"fairness_context_delta_2016":0.0,"deprivation_weighted_opportunity_delta_2016":-0.008,"development_pressure_delta_previous":-0.024,"planning_intensity_delta_previous":-0.012,"green_cover_delta_previous":-0.017,"mobility_access_delta_previous":0.0,"bike_activity_delta_previous":0.0,"air_quality_delta_previous":0.035,"opportunity_access_delta_previous":-0.001,"fairness_context_delta_previous":0.0,"deprivation_weighted_opportunity_delta_previous":-0.001,"dominant_change":"improved","confidence":"low","evidence":["OpenStreetMap building export clipped to Belfast NI core","250m-style grid proxy generated from local spatial anchors","NI Air annual trend proxy included","Opportunity and exposure scores are normalized directional indicators"]},"geometry":{"type":"Polygon","coordinates":[[[-6.046666666666667,54.595000000000006],[-6.03,54.595000000000006],[-6.03,54.61000000000001],[-6.046666666666667,54.61000000000001],[-6.046666666666667,54.595000000000006]]]}},{"type":"Feature","id":"belfast_05_03_2024","properties":{"cell_id":"belfast_05_03","year":2024,"row":5,"col":3,"development_pressure":0.1,"planning_intensity":0.06,"green_cover":0.432,"mobility_access":0.2,"bike_activity":0.05,"air_quality":0.89,"opportunity_access":0.354,"fairness_context":0.195,"deprivation_weighted_opportunity":0.28,"development_pressure_delta_2016":-0.007,"planning_intensity_delta_2016":-0.004,"green_cover_delta_2016":-0.014,"mobility_access_delta_2016":0.0,"bike_activity_delta_2016":0.0,"air_quality_delta_2016":0.228,"opportunity_access_delta_2016":-0.002,"fairness_context_delta_2016":0.0,"deprivation_weighted_opportunity_delta_2016":-0.001,"development_pressure_delta_previous":-0.011,"planning_intensity_delta_previous":-0.006,"green_cover_delta_previous":0.007,"mobility_access_delta_previous":0.0,"bike_activity_delta_previous":0.0,"air_quality_delta_previous":0.037,"opportunity_access_delta_previous":0.002,"fairness_context_delta_previous":0.0,"deprivation_weighted_opportunity_delta_previous":0.002,"dominant_change":"improved","confidence":"low","evidence":["OpenStreetMap building export clipped to Belfast NI core","250m-style grid proxy generated from local spatial anchors","NI Air annual trend proxy included","Opportunity and exposure scores are normalized directional indicators"]},"geometry":{"type":"Polygon","coordinates":[[[-6.03,54.595000000000006],[-6.013333333333334,54.595000000000006],[-6.013333333333334,54.61000000000001],[-6.03,54.61000000000001],[-6.03,54.595000000000006]]]}},{"type":"Feature","id":"belfast_05_04_2024","properties":{"cell_id":"belfast_05_04","year":2024,"row":5,"col":4,"development_pressure":0.124,"planning_intensity":0.063,"green_cover":0.579,"mobility_access":0.229,"bike_activity":0.066,"air_quality":0.909,"opportunity_access":0.417,"fairness_context":0.37,"deprivation_weighted_opportunity":0.348,"development_pressure_delta_2016":-0.021,"planning_intensity_delta_2016":-0.011,"green_cover_delta_2016":0.028,"mobility_access_delta_2016":0.0,"bike_activity_delta_2016":0.0,"air_quality_delta_2016":0.239,"opportunity_access_delta_2016":0.007,"fairness_context_delta_2016":0.0,"deprivation_weighted_opportunity_delta_2016":0.005,"development_pressure_delta_previous":0.005,"planning_intensity_delta_previous":0.003,"green_cover_delta_previous":0.024,"mobility_access_delta_previous":0.0,"bike_activity_delta_previous":0.0,"air_quality_delta_previous":0.038,"opportunity_access_delta_previous":0.004,"fairness_context_delta_previous":0.0,"deprivation_weighted_opportunity_delta_previous":0.003,"dominant_change":"improved","confidence":"low","evidence":["OpenStreetMap building export clipped to Belfast NI core","250m-style grid proxy generated from local spatial anchors","NI Air annual trend proxy included","Opportunity and exposure scores are normalized directional indicators"]},"geometry":{"type":"Polygon","coordinates":[[[-6.013333333333334,54.595000000000006],[-5.996666666666667,54.595000000000006],[-5.996666666666667,54.61000000000001],[-6.013333333333334,54.61000000000001],[-6.013333333333334,54.595000000000006]]]}},{"type":"Feature","id":"belfast_05_05_2024","properties":{"cell_id":"belfast_05_05","year":2024,"row":5,"col":5,"development_pressure":0.301,"planning_intensity":0.199,"green_cover":0.685,"mobility_access":0.413,"bike_activity":0.177,"air_quality":0.893,"opportunity_access":0.537,"fairness_context":0.52,"deprivation_weighted_opportunity":0.47,"development_pressure_delta_2016":0.026,"planning_intensity_delta_2016":0.05,"green_cover_delta_2016":0.021,"mobility_access_delta_2016":0.039,"bike_activity_delta_2016":0.062,"air_quality_delta_2016":0.231,"opportunity_access_delta_2016":0.018,"fairness_context_delta_2016":0.0,"deprivation_weighted_opportunity_delta_2016":0.016,"development_pressure_delta_previous":0.027,"planning_intensity_delta_previous":0.019,"green_cover_delta_previous":0.016,"mobility_access_delta_previous":0.005,"bike_activity_delta_previous":0.0,"air_quality_delta_previous":0.033,"opportunity_access_delta_previous":0.003,"fairness_context_delta_previous":0.0,"deprivation_weighted_opportunity_delta_previous":0.002,"dominant_change":"improved","confidence":"low","evidence":["OpenStreetMap building export clipped to Belfast NI core","250m-style grid proxy generated from local spatial anchors","NI Air annual trend proxy included","Opportunity and exposure scores are normalized directional indicators"]},"geometry":{"type":"Polygon","coordinates":[[[-5.996666666666667,54.595000000000006],[-5.98,54.595000000000006],[-5.98,54.61000000000001],[-5.996666666666667,54.61000000000001],[-5.996666666666667,54.595000000000006]]]}},{"type":"Feature","id":"belfast_05_06_2024","properties":{"cell_id":"belfast_05_06","year":2024,"row":5,"col":6,"development_pressure":0.499,"planning_intensity":0.353,"green_cover":0.626,"mobility_access":0.591,"bike_activity":0.294,"air_quality":0.84,"opportunity_access":0.623,"fairness_context":0.743,"deprivation_weighted_opportunity":0.581,"development_pressure_delta_2016":0.089,"planning_intensity_delta_2016":0.122,"green_cover_delta_2016":-0.031,"mobility_access_delta_2016":0.082,"bike_activity_delta_2016":0.128,"air_quality_delta_2016":0.21,"opportunity_access_delta_2016":0.022,"fairness_context_delta_2016":0.0,"deprivation_weighted_opportunity_delta_2016":0.02,"development_pressure_delta_previous":0.041,"planning_intensity_delta_previous":0.03,"green_cover_delta_previous":-0.013,"mobility_access_delta_previous":0.01,"bike_activity_delta_previous":0.0,"air_quality_delta_previous":0.025,"opportunity_access_delta_previous":-0.002,"fairness_context_delta_previous":0.0,"deprivation_weighted_opportunity_delta_previous":-0.002,"dominant_change":"improved","confidence":"medium","evidence":["OpenStreetMap building export clipped to Belfast NI core","250m-style grid proxy generated from local spatial anchors","NI Air annual trend proxy included","Opportunity and exposure scores are normalized directional indicators"]},"geometry":{"type":"Polygon","coordinates":[[[-5.98,54.595000000000006],[-5.963333333333334,54.595000000000006],[-5.963333333333334,54.61000000000001],[-5.98,54.61000000000001],[-5.98,54.595000000000006]]]}},{"type":"Feature","id":"belfast_05_07_2024","properties":{"cell_id":"belfast_05_07","year":2024,"row":5,"col":7,"development_pressure":0.691,"planning_intensity":0.513,"green_cover":0.495,"mobility_access":0.709,"bike_activity":0.379,"air_quality":0.774,"opportunity_access":0.671,"fairness_context":0.892,"deprivation_weighted_opportunity":0.652,"development_pressure_delta_2016":0.16,"planning_intensity_delta_2016":0.199,"green_cover_delta_2016":-0.098,"mobility_access_delta_2016":0.11,"bike_activity_delta_2016":0.172,"air_quality_delta_2016":0.186,"opportunity_access_delta_2016":0.016,"fairness_context_delta_2016":0.0,"deprivation_weighted_opportunity_delta_2016":0.016,"development_pressure_delta_previous":0.045,"planning_intensity_delta_previous":0.038,"green_cover_delta_previous":-0.04,"mobility_access_delta_previous":0.013,"bike_activity_delta_previous":0.0,"air_quality_delta_previous":0.02,"opportunity_access_delta_previous":-0.005,"fairness_context_delta_previous":0.0,"deprivation_weighted_opportunity_delta_previous":-0.005,"dominant_change":"increased","confidence":"medium","evidence":["OpenStreetMap building export clipped to Belfast NI core","250m-style grid proxy generated from local spatial anchors","NI Air annual trend proxy included","Development pressure proxy uses waterfront and city-centre intensity"]},"geometry":{"type":"Polygon","coordinates":[[[-5.963333333333334,54.595000000000006],[-5.946666666666667,54.595000000000006],[-5.946666666666667,54.61000000000001],[-5.963333333333334,54.61000000000001],[-5.963333333333334,54.595000000000006]]]}},{"type":"Feature","id":"belfast_05_08_2024","properties":{"cell_id":"belfast_05_08","year":2024,"row":5,"col":8,"development_pressure":0.857,"planning_intensity":0.703,"green_cover":0.437,"mobility_access":0.923,"bike_activity":0.532,"air_quality":0.727,"opportunity_access":0.77,"fairness_context":0.743,"deprivation_weighted_opportunity":0.718,"development_pressure_delta_2016":0.23,"planning_intensity_delta_2016":0.271,"green_cover_delta_2016":-0.136,"mobility_access_delta_2016":0.171,"bike_activity_delta_2016":0.265,"air_quality_delta_2016":0.166,"opportunity_access_delta_2016":0.029,"fairness_context_delta_2016":0.0,"deprivation_weighted_opportunity_delta_2016":0.026,"development_pressure_delta_previous":0.039,"planning_intensity_delta_previous":0.039,"green_cover_delta_previous":-0.041,"mobility_access_delta_previous":0.021,"bike_activity_delta_previous":0.0,"air_quality_delta_previous":0.02,"opportunity_access_delta_previous":-0.001,"fairness_context_delta_previous":0.0,"deprivation_weighted_opportunity_delta_previous":-0.002,"dominant_change":"increased","confidence":"medium","evidence":["OpenStreetMap building export clipped to Belfast NI core","250m-style grid proxy generated from local spatial anchors","NI Air annual trend proxy included","Development pressure proxy uses waterfront and city-centre intensity"]},"geometry":{"type":"Polygon","coordinates":[[[-5.946666666666667,54.595000000000006],[-5.930000000000001,54.595000000000006],[-5.930000000000001,54.61000000000001],[-5.946666666666667,54.61000000000001],[-5.946666666666667,54.595000000000006]]]}},{"type":"Feature","id":"belfast_05_09_2024","properties":{"cell_id":"belfast_05_09","year":2024,"row":5,"col":9,"development_pressure":0.864,"planning_intensity":0.745,"green_cover":0.431,"mobility_access":0.966,"bike_activity":0.642,"air_quality":0.725,"opportunity_access":0.786,"fairness_context":0.548,"deprivation_weighted_opportunity":0.694,"development_pressure_delta_2016":0.249,"planning_intensity_delta_2016":0.285,"green_cover_delta_2016":-0.116,"mobility_access_delta_2016":0.22,"bike_activity_delta_2016":0.342,"air_quality_delta_2016":0.167,"opportunity_access_delta_2016":0.052,"fairness_context_delta_2016":0.0,"deprivation_weighted_opportunity_delta_2016":0.046,"development_pressure_delta_previous":0.023,"planning_intensity_delta_previous":0.032,"green_cover_delta_previous":-0.015,"mobility_access_delta_previous":0.028,"bike_activity_delta_previous":0.0,"air_quality_delta_previous":0.028,"opportunity_access_delta_previous":0.007,"fairness_context_delta_previous":0.0,"deprivation_weighted_opportunity_delta_previous":0.007,"dominant_change":"improved","confidence":"medium","evidence":["OpenStreetMap building export clipped to Belfast NI core","250m-style grid proxy generated from local spatial anchors","NI Air annual trend proxy included","Opportunity and exposure scores are normalized directional indicators"]},"geometry":{"type":"Polygon","coordinates":[[[-5.93,54.595000000000006],[-5.913333333333333,54.595000000000006],[-5.913333333333333,54.61000000000001],[-5.93,54.61000000000001],[-5.93,54.595000000000006]]]}},{"type":"Feature","id":"belfast_05_10_2024","properties":{"cell_id":"belfast_05_10","year":2024,"row":5,"col":10,"development_pressure":0.859,"planning_intensity":0.723,"green_cover":0.503,"mobility_access":0.916,"bike_activity":0.519,"air_quality":0.749,"opportunity_access":0.745,"fairness_context":0.574,"deprivation_weighted_opportunity":0.663,"development_pressure_delta_2016":0.27,"planning_intensity_delta_2016":0.304,"green_cover_delta_2016":-0.075,"mobility_access_delta_2016":0.173,"bike_activity_delta_2016":0.27,"air_quality_delta_2016":0.173,"opportunity_access_delta_2016":0.038,"fairness_context_delta_2016":0.0,"deprivation_weighted_opportunity_delta_2016":0.034,"development_pressure_delta_previous":0.01,"planning_intensity_delta_previous":0.026,"green_cover_delta_previous":0.014,"mobility_access_delta_previous":0.021,"bike_activity_delta_previous":0.0,"air_quality_delta_previous":0.036,"opportunity_access_delta_previous":0.01,"fairness_context_delta_previous":0.0,"deprivation_weighted_opportunity_delta_previous":0.01,"dominant_change":"increased","confidence":"medium","evidence":["OpenStreetMap building export clipped to Belfast NI core","250m-style grid proxy generated from local spatial anchors","NI Air annual trend proxy included","Development pressure proxy uses waterfront and city-centre intensity"]},"geometry":{"type":"Polygon","coordinates":[[[-5.913333333333333,54.595000000000006],[-5.8966666666666665,54.595000000000006],[-5.8966666666666665,54.61000000000001],[-5.913333333333333,54.61000000000001],[-5.913333333333333,54.595000000000006]]]}},{"type":"Feature","id":"belfast_05_11_2024","properties":{"cell_id":"belfast_05_11","year":2024,"row":5,"col":11,"development_pressure":0.745,"planning_intensity":0.6,"green_cover":0.526,"mobility_access":0.766,"bike_activity":0.463,"air_quality":0.781,"opportunity_access":0.658,"fairness_context":0.549,"deprivation_weighted_opportunity":0.581,"development_pressure_delta_2016":0.24,"planning_intensity_delta_2016":0.272,"green_cover_delta_2016":-0.04,"mobility_access_delta_2016":0.158,"bike_activity_delta_2016":0.246,"air_quality_delta_2016":0.184,"opportunity_access_delta_2016":0.04,"fairness_context_delta_2016":0.0,"deprivation_weighted_opportunity_delta_2016":0.035,"development_pressure_delta_previous":0.0,"planning_intensity_delta_previous":0.019,"green_cover_delta_previous":0.022,"mobility_access_delta_previous":0.02,"bike_activity_delta_previous":0.0,"air_quality_delta_previous":0.039,"opportunity_access_delta_previous":0.012,"fairness_context_delta_previous":0.0,"deprivation_weighted_opportunity_delta_previous":0.011,"dominant_change":"increased","confidence":"medium","evidence":["OpenStreetMap building export clipped to Belfast NI core","250m-style grid proxy generated from local spatial anchors","NI Air annual trend proxy included","Development pressure proxy uses waterfront and city-centre intensity"]},"geometry":{"type":"Polygon","coordinates":[[[-5.8966666666666665,54.595000000000006],[-5.88,54.595000000000006],[-5.88,54.61000000000001],[-5.8966666666666665,54.61000000000001],[-5.8966666666666665,54.595000000000006]]]}},{"type":"Feature","id":"belfast_05_12_2024","properties":{"cell_id":"belfast_05_12","year":2024,"row":5,"col":12,"development_pressure":0.555,"planning_intensity":0.452,"green_cover":0.491,"mobility_access":0.538,"bike_activity":0.308,"air_quality":0.813,"opportunity_access":0.534,"fairness_context":0.422,"deprivation_weighted_opportunity":0.454,"development_pressure_delta_2016":0.17,"planning_intensity_delta_2016":0.197,"green_cover_delta_2016":-0.037,"mobility_access_delta_2016":0.098,"bike_activity_delta_2016":0.154,"air_quality_delta_2016":0.195,"opportunity_access_delta_2016":0.021,"fairness_context_delta_2016":0.0,"deprivation_weighted_opportunity_delta_2016":0.018,"development_pressure_delta_previous":-0.004,"planning_intensity_delta_previous":0.012,"green_cover_delta_previous":0.003,"mobility_access_delta_previous":0.012,"bike_activity_delta_previous":0.0,"air_quality_delta_previous":0.035,"opportunity_access_delta_previous":0.006,"fairness_context_delta_previous":0.0,"deprivation_weighted_opportunity_delta_previous":0.005,"dominant_change":"increased","confidence":"medium","evidence":["OpenStreetMap building export clipped to Belfast NI core","250m-style grid proxy generated from local spatial anchors","NI Air annual trend proxy included","Development pressure proxy uses waterfront and city-centre intensity"]},"geometry":{"type":"Polygon","coordinates":[[[-5.88,54.595000000000006],[-5.863333333333333,54.595000000000006],[-5.863333333333333,54.61000000000001],[-5.88,54.61000000000001],[-5.88,54.595000000000006]]]}},{"type":"Feature","id":"belfast_05_13_2024","properties":{"cell_id":"belfast_05_13","year":2024,"row":5,"col":13,"development_pressure":0.367,"planning_intensity":0.301,"green_cover":0.399,"mobility_access":0.297,"bike_activity":0.135,"air_quality":0.835,"opportunity_access":0.393,"fairness_context":0.242,"deprivation_weighted_opportunity":0.316,"development_pressure_delta_2016":0.092,"planning_intensity_delta_2016":0.116,"green_cover_delta_2016":-0.056,"mobility_access_delta_2016":0.031,"bike_activity_delta_2016":0.049,"air_quality_delta_2016":0.205,"opportunity_access_delta_2016":-0.004,"fairness_context_delta_2016":0.0,"deprivation_weighted_opportunity_delta_2016":-0.003,"development_pressure_delta_previous":0.001,"planning_intensity_delta_previous":0.01,"green_cover_delta_previous":-0.023,"mobility_access_delta_previous":0.003,"bike_activity_delta_previous":0.0,"air_quality_delta_previous":0.03,"opportunity_access_delta_previous":-0.003,"fairness_context_delta_previous":0.0,"deprivation_weighted_opportunity_delta_previous":-0.002,"dominant_change":"improved","confidence":"low","evidence":["OpenStreetMap building export clipped to Belfast NI core","250m-style grid proxy generated from local spatial anchors","NI Air annual trend proxy included","Opportunity and exposure scores are normalized directional indicators"]},"geometry":{"type":"Polygon","coordinates":[[[-5.863333333333333,54.595000000000006],[-5.846666666666667,54.595000000000006],[-5.846666666666667,54.61000000000001],[-5.863333333333333,54.61000000000001],[-5.863333333333333,54.595000000000006]]]}},{"type":"Feature","id":"belfast_05_14_2024","properties":{"cell_id":"belfast_05_14","year":2024,"row":5,"col":14,"development_pressure":0.201,"planning_intensity":0.155,"green_cover":0.287,"mobility_access":0.2,"bike_activity":0.05,"air_quality":0.845,"opportunity_access":0.32,"fairness_context":0.039,"deprivation_weighted_opportunity":0.24,"development_pressure_delta_2016":0.016,"planning_intensity_delta_2016":0.035,"green_cover_delta_2016":-0.06,"mobility_access_delta_2016":0.0,"bike_activity_delta_2016":0.0,"air_quality_delta_2016":0.215,"opportunity_access_delta_2016":-0.012,"fairness_context_delta_2016":0.0,"deprivation_weighted_opportunity_delta_2016":-0.009,"development_pressure_delta_previous":0.011,"planning_intensity_delta_previous":0.009,"green_cover_delta_previous":-0.032,"mobility_access_delta_previous":0.0,"bike_activity_delta_previous":0.0,"air_quality_delta_previous":0.026,"opportunity_access_delta_previous":-0.006,"fairness_context_delta_previous":0.0,"deprivation_weighted_opportunity_delta_previous":-0.005,"dominant_change":"improved","confidence":"low","evidence":["OpenStreetMap building export clipped to Belfast NI core","250m-style grid proxy generated from local spatial anchors","NI Air annual trend proxy included","Opportunity and exposure scores are normalized directional indicators"]},"geometry":{"type":"Polygon","coordinates":[[[-5.846666666666667,54.595000000000006],[-5.83,54.595000000000006],[-5.83,54.61000000000001],[-5.846666666666667,54.61000000000001],[-5.846666666666667,54.595000000000006]]]}},{"type":"Feature","id":"belfast_05_15_2024","properties":{"cell_id":"belfast_05_15","year":2024,"row":5,"col":15,"development_pressure":0.126,"planning_intensity":0.073,"green_cover":0.282,"mobility_access":0.2,"bike_activity":0.05,"air_quality":0.856,"opportunity_access":0.325,"fairness_context":0.0,"deprivation_weighted_opportunity":0.24,"development_pressure_delta_2016":-0.026,"planning_intensity_delta_2016":-0.013,"green_cover_delta_2016":-0.035,"mobility_access_delta_2016":0.0,"bike_activity_delta_2016":0.0,"air_quality_delta_2016":0.227,"opportunity_access_delta_2016":-0.004,"fairness_context_delta_2016":0.0,"deprivation_weighted_opportunity_delta_2016":-0.003,"development_pressure_delta_previous":0.021,"planning_intensity_delta_previous":0.011,"green_cover_delta_previous":-0.017,"mobility_access_delta_previous":0.0,"bike_activity_delta_previous":0.0,"air_quality_delta_previous":0.027,"opportunity_access_delta_previous":-0.004,"fairness_context_delta_previous":0.0,"deprivation_weighted_opportunity_delta_previous":-0.004,"dominant_change":"improved","confidence":"low","evidence":["OpenStreetMap building export clipped to Belfast NI core","250m-style grid proxy generated from local spatial anchors","NI Air annual trend proxy included","Opportunity and exposure scores are normalized directional indicators"]},"geometry":{"type":"Polygon","coordinates":[[[-5.83,54.595000000000006],[-5.8133333333333335,54.595000000000006],[-5.8133333333333335,54.61000000000001],[-5.83,54.61000000000001],[-5.83,54.595000000000006]]]}},{"type":"Feature","id":"belfast_05_16_2024","properties":{"cell_id":"belfast_05_16","year":2024,"row":5,"col":16,"development_pressure":0.15,"planning_intensity":0.085,"green_cover":0.293,"mobility_access":0.2,"bike_activity":0.05,"air_quality":0.855,"opportunity_access":0.325,"fairness_context":0.0,"deprivation_weighted_opportunity":0.24,"development_pressure_delta_2016":-0.022,"planning_intensity_delta_2016":-0.011,"green_cover_delta_2016":0.005,"mobility_access_delta_2016":0.0,"bike_activity_delta_2016":0.0,"air_quality_delta_2016":0.235,"opportunity_access_delta_2016":0.003,"fairness_context_delta_2016":0.0,"deprivation_weighted_opportunity_delta_2016":0.002,"development_pressure_delta_previous":0.027,"planning_intensity_delta_previous":0.013,"green_cover_delta_previous":0.009,"mobility_access_delta_previous":0.0,"bike_activity_delta_previous":0.0,"air_quality_delta_previous":0.032,"opportunity_access_delta_previous":0.0,"fairness_context_delta_previous":0.0,"deprivation_weighted_opportunity_delta_previous":-0.001,"dominant_change":"improved","confidence":"low","evidence":["OpenStreetMap building export clipped to Belfast NI core","250m-style grid proxy generated from local spatial anchors","NI Air annual trend proxy included","Opportunity and exposure scores are normalized directional indicators"]},"geometry":{"type":"Polygon","coordinates":[[[-5.8133333333333335,54.595000000000006],[-5.796666666666667,54.595000000000006],[-5.796666666666667,54.61000000000001],[-5.8133333333333335,54.61000000000001],[-5.8133333333333335,54.595000000000006]]]}},{"type":"Feature","id":"belfast_05_17_2024","properties":{"cell_id":"belfast_05_17","year":2024,"row":5,"col":17,"development_pressure":0.171,"planning_intensity":0.096,"green_cover":0.317,"mobility_access":0.2,"bike_activity":0.05,"air_quality":0.856,"opportunity_access":0.327,"fairness_context":0.0,"deprivation_weighted_opportunity":0.242,"development_pressure_delta_2016":-0.009,"planning_intensity_delta_2016":-0.004,"green_cover_delta_2016":0.034,"mobility_access_delta_2016":0.0,"bike_activity_delta_2016":0.0,"air_quality_delta_2016":0.238,"opportunity_access_delta_2016":0.006,"fairness_context_delta_2016":0.0,"deprivation_weighted_opportunity_delta_2016":0.005,"development_pressure_delta_previous":0.023,"planning_intensity_delta_previous":0.012,"green_cover_delta_previous":0.022,"mobility_access_delta_previous":0.0,"bike_activity_delta_previous":0.0,"air_quality_delta_previous":0.035,"opportunity_access_delta_previous":0.002,"fairness_context_delta_previous":0.0,"deprivation_weighted_opportunity_delta_previous":0.001,"dominant_change":"improved","confidence":"low","evidence":["OpenStreetMap building export clipped to Belfast NI core","250m-style grid proxy generated from local spatial anchors","NI Air annual trend proxy included","Opportunity and exposure scores are normalized directional indicators"]},"geometry":{"type":"Polygon","coordinates":[[[-5.796666666666667,54.595000000000006],[-5.78,54.595000000000006],[-5.78,54.61000000000001],[-5.796666666666667,54.61000000000001],[-5.796666666666667,54.595000000000006]]]}},{"type":"Feature","id":"belfast_06_00_2024","properties":{"cell_id":"belfast_06_00","year":2024,"row":6,"col":0,"development_pressure":0.111,"planning_intensity":0.066,"green_cover":0.336,"mobility_access":0.2,"bike_activity":0.05,"air_quality":0.869,"opportunity_access":0.336,"fairness_context":0.0,"deprivation_weighted_opportunity":0.248,"development_pressure_delta_2016":0.011,"planning_intensity_delta_2016":0.006,"green_cover_delta_2016":-0.007,"mobility_access_delta_2016":0.0,"bike_activity_delta_2016":0.0,"air_quality_delta_2016":0.227,"opportunity_access_delta_2016":-0.002,"fairness_context_delta_2016":0.0,"deprivation_weighted_opportunity_delta_2016":-0.002,"development_pressure_delta_previous":-0.025,"planning_intensity_delta_previous":-0.012,"green_cover_delta_previous":-0.004,"mobility_access_delta_previous":0.0,"bike_activity_delta_previous":0.0,"air_quality_delta_previous":0.037,"opportunity_access_delta_previous":0.002,"fairness_context_delta_previous":0.0,"deprivation_weighted_opportunity_delta_previous":0.001,"dominant_change":"improved","confidence":"low","evidence":["OpenStreetMap building export clipped to Belfast NI core","250m-style grid proxy generated from local spatial anchors","NI Air annual trend proxy included","Opportunity and exposure scores are normalized directional indicators"]},"geometry":{"type":"Polygon","coordinates":[[[-6.08,54.61],[-6.0633333333333335,54.61],[-6.0633333333333335,54.625],[-6.08,54.625],[-6.08,54.61]]]}},{"type":"Feature","id":"belfast_06_01_2024","properties":{"cell_id":"belfast_06_01","year":2024,"row":6,"col":1,"development_pressure":0.1,"planning_intensity":0.06,"green_cover":0.31,"mobility_access":0.2,"bike_activity":0.05,"air_quality":0.866,"opportunity_access":0.332,"fairness_context":0.0,"deprivation_weighted_opportunity":0.246,"development_pressure_delta_2016":-0.006,"planning_intensity_delta_2016":-0.003,"green_cover_delta_2016":-0.043,"mobility_access_delta_2016":0.0,"bike_activity_delta_2016":0.0,"air_quality_delta_2016":0.223,"opportunity_access_delta_2016":-0.007,"fairness_context_delta_2016":0.0,"deprivation_weighted_opportunity_delta_2016":-0.005,"development_pressure_delta_previous":-0.013,"planning_intensity_delta_previous":-0.007,"green_cover_delta_previous":-0.026,"mobility_access_delta_previous":0.0,"bike_activity_delta_previous":0.0,"air_quality_delta_previous":0.031,"opportunity_access_delta_previous":-0.003,"fairness_context_delta_previous":0.0,"deprivation_weighted_opportunity_delta_previous":-0.002,"dominant_change":"improved","confidence":"low","evidence":["OpenStreetMap building export clipped to Belfast NI core","250m-style grid proxy generated from local spatial anchors","NI Air annual trend proxy included","Opportunity and exposure scores are normalized directional indicators"]},"geometry":{"type":"Polygon","coordinates":[[[-6.0633333333333335,54.61],[-6.046666666666667,54.61],[-6.046666666666667,54.625],[-6.0633333333333335,54.625],[-6.0633333333333335,54.61]]]}},{"type":"Feature","id":"belfast_06_02_2024","properties":{"cell_id":"belfast_06_02","year":2024,"row":6,"col":2,"development_pressure":0.105,"planning_intensity":0.062,"green_cover":0.288,"mobility_access":0.2,"bike_activity":0.05,"air_quality":0.861,"opportunity_access":0.327,"fairness_context":0.0,"deprivation_weighted_opportunity":0.242,"development_pressure_delta_2016":-0.019,"planning_intensity_delta_2016":-0.01,"green_cover_delta_2016":-0.046,"mobility_access_delta_2016":0.0,"bike_activity_delta_2016":0.0,"air_quality_delta_2016":0.224,"opportunity_access_delta_2016":-0.007,"fairness_context_delta_2016":0.0,"deprivation_weighted_opportunity_delta_2016":-0.005,"development_pressure_delta_previous":0.004,"planning_intensity_delta_previous":0.002,"green_cover_delta_previous":-0.023,"mobility_access_delta_previous":0.0,"bike_activity_delta_previous":0.0,"air_quality_delta_previous":0.029,"opportunity_access_delta_previous":-0.005,"fairness_context_delta_previous":0.0,"deprivation_weighted_opportunity_delta_previous":-0.004,"dominant_change":"improved","confidence":"low","evidence":["OpenStreetMap building export clipped to Belfast NI core","250m-style grid proxy generated from local spatial anchors","NI Air annual trend proxy included","Opportunity and exposure scores are normalized directional indicators"]},"geometry":{"type":"Polygon","coordinates":[[[-6.046666666666667,54.61],[-6.03,54.61],[-6.03,54.625],[-6.046666666666667,54.625],[-6.046666666666667,54.61]]]}},{"type":"Feature","id":"belfast_06_03_2024","properties":{"cell_id":"belfast_06_03","year":2024,"row":6,"col":3,"development_pressure":0.122,"planning_intensity":0.071,"green_cover":0.388,"mobility_access":0.2,"bike_activity":0.05,"air_quality":0.878,"opportunity_access":0.344,"fairness_context":0.032,"deprivation_weighted_opportunity":0.257,"development_pressure_delta_2016":-0.027,"planning_intensity_delta_2016":-0.014,"green_cover_delta_2016":-0.012,"mobility_access_delta_2016":0.0,"bike_activity_delta_2016":0.0,"air_quality_delta_2016":0.232,"opportunity_access_delta_2016":0.0,"fairness_context_delta_2016":0.0,"deprivation_weighted_opportunity_delta_2016":-0.001,"development_pressure_delta_previous":0.019,"planning_intensity_delta_previous":0.009,"green_cover_delta_previous":0.0,"mobility_access_delta_previous":0.0,"bike_activity_delta_previous":0.0,"air_quality_delta_previous":0.031,"opportunity_access_delta_previous":-0.002,"fairness_context_delta_previous":0.0,"deprivation_weighted_opportunity_delta_previous":-0.002,"dominant_change":"improved","confidence":"low","evidence":["OpenStreetMap building export clipped to Belfast NI core","250m-style grid proxy generated from local spatial anchors","NI Air annual trend proxy included","Opportunity and exposure scores are normalized directional indicators"]},"geometry":{"type":"Polygon","coordinates":[[[-6.03,54.61],[-6.013333333333334,54.61],[-6.013333333333334,54.625],[-6.03,54.625],[-6.03,54.61]]]}},{"type":"Feature","id":"belfast_06_04_2024","properties":{"cell_id":"belfast_06_04","year":2024,"row":6,"col":4,"development_pressure":0.154,"planning_intensity":0.084,"green_cover":0.513,"mobility_access":0.207,"bike_activity":0.056,"air_quality":0.895,"opportunity_access":0.377,"fairness_context":0.255,"deprivation_weighted_opportunity":0.304,"development_pressure_delta_2016":-0.023,"planning_intensity_delta_2016":-0.011,"green_cover_delta_2016":0.027,"mobility_access_delta_2016":0.0,"bike_activity_delta_2016":0.0,"air_quality_delta_2016":0.239,"opportunity_access_delta_2016":0.007,"fairness_context_delta_2016":0.0,"deprivation_weighted_opportunity_delta_2016":0.005,"development_pressure_delta_previous":0.027,"planning_intensity_delta_previous":0.014,"green_cover_delta_previous":0.02,"mobility_access_delta_previous":0.0,"bike_activity_delta_previous":0.0,"air_quality_delta_previous":0.033,"opportunity_access_delta_previous":0.001,"fairness_context_delta_previous":0.0,"deprivation_weighted_opportunity_delta_previous":0.001,"dominant_change":"improved","confidence":"low","evidence":["OpenStreetMap building export clipped to Belfast NI core","250m-style grid proxy generated from local spatial anchors","NI Air annual trend proxy included","Opportunity and exposure scores are normalized directional indicators"]},"geometry":{"type":"Polygon","coordinates":[[[-6.013333333333334,54.61],[-5.996666666666667,54.61],[-5.996666666666667,54.625],[-6.013333333333334,54.625],[-6.013333333333334,54.61]]]}},{"type":"Feature","id":"belfast_06_05_2024","properties":{"cell_id":"belfast_06_05","year":2024,"row":6,"col":5,"development_pressure":0.262,"planning_intensity":0.155,"green_cover":0.585,"mobility_access":0.231,"bike_activity":0.076,"air_quality":0.884,"opportunity_access":0.425,"fairness_context":0.469,"deprivation_weighted_opportunity":0.367,"development_pressure_delta_2016":0.014,"planning_intensity_delta_2016":0.025,"green_cover_delta_2016":0.025,"mobility_access_delta_2016":0.0,"bike_activity_delta_2016":0.0,"air_quality_delta_2016":0.233,"opportunity_access_delta_2016":0.003,"fairness_context_delta_2016":0.0,"deprivation_weighted_opportunity_delta_2016":0.003,"development_pressure_delta_previous":0.028,"planning_intensity_delta_previous":0.017,"green_cover_delta_previous":0.015,"mobility_access_delta_previous":0.0,"bike_activity_delta_previous":0.0,"air_quality_delta_previous":0.033,"opportunity_access_delta_previous":0.0,"fairness_context_delta_previous":0.0,"deprivation_weighted_opportunity_delta_previous":0.001,"dominant_change":"improved","confidence":"low","evidence":["OpenStreetMap building export clipped to Belfast NI core","250m-style grid proxy generated from local spatial anchors","NI Air annual trend proxy included","Opportunity and exposure scores are normalized directional indicators"]},"geometry":{"type":"Polygon","coordinates":[[[-5.996666666666667,54.61],[-5.98,54.61],[-5.98,54.625],[-5.996666666666667,54.625],[-5.996666666666667,54.61]]]}},{"type":"Feature","id":"belfast_06_06_2024","properties":{"cell_id":"belfast_06_06","year":2024,"row":6,"col":6,"development_pressure":0.413,"planning_intensity":0.274,"green_cover":0.545,"mobility_access":0.314,"bike_activity":0.095,"air_quality":0.844,"opportunity_access":0.472,"fairness_context":0.656,"deprivation_weighted_opportunity":0.43,"development_pressure_delta_2016":0.078,"planning_intensity_delta_2016":0.089,"green_cover_delta_2016":-0.024,"mobility_access_delta_2016":0.0,"bike_activity_delta_2016":0.0,"air_quality_delta_2016":0.213,"opportunity_access_delta_2016":-0.011,"fairness_context_delta_2016":0.0,"deprivation_weighted_opportunity_delta_2016":-0.01,"development_pressure_delta_previous":0.022,"planning_intensity_delta_previous":0.017,"green_cover_delta_previous":-0.009,"mobility_access_delta_previous":0.0,"bike_activity_delta_previous":0.0,"air_quality_delta_previous":0.029,"opportunity_access_delta_previous":-0.004,"fairness_context_delta_previous":0.0,"deprivation_weighted_opportunity_delta_previous":-0.003,"dominant_change":"improved","confidence":"low","evidence":["OpenStreetMap building export clipped to Belfast NI core","250m-style grid proxy generated from local spatial anchors","NI Air annual trend proxy included","Opportunity and exposure scores are normalized directional indicators"]},"geometry":{"type":"Polygon","coordinates":[[[-5.98,54.61],[-5.963333333333334,54.61],[-5.963333333333334,54.625],[-5.98,54.625],[-5.98,54.61]]]}},{"type":"Feature","id":"belfast_06_07_2024","properties":{"cell_id":"belfast_06_07","year":2024,"row":6,"col":7,"development_pressure":0.533,"planning_intensity":0.374,"green_cover":0.415,"mobility_access":0.478,"bike_activity":0.209,"air_quality":0.792,"opportunity_access":0.535,"fairness_context":0.789,"deprivation_weighted_opportunity":0.505,"development_pressure_delta_2016":0.134,"planning_intensity_delta_2016":0.147,"green_cover_delta_2016":-0.083,"mobility_access_delta_2016":0.044,"bike_activity_delta_2016":0.068,"air_quality_delta_2016":0.192,"opportunity_access_delta_2016":-0.007,"fairness_context_delta_2016":0.0,"deprivation_weighted_opportunity_delta_2016":-0.007,"development_pressure_delta_previous":0.01,"planning_intensity_delta_previous":0.015,"green_cover_delta_previous":-0.031,"mobility_access_delta_previous":0.006,"bike_activity_delta_previous":0.0,"air_quality_delta_previous":0.026,"opportunity_access_delta_previous":-0.004,"fairness_context_delta_previous":0.0,"deprivation_weighted_opportunity_delta_previous":-0.004,"dominant_change":"improved","confidence":"low","evidence":["OpenStreetMap building export clipped to Belfast NI core","250m-style grid proxy generated from local spatial anchors","NI Air annual trend proxy included","Opportunity and exposure scores are normalized directional indicators"]},"geometry":{"type":"Polygon","coordinates":[[[-5.963333333333334,54.61],[-5.946666666666667,54.61],[-5.946666666666667,54.625],[-5.963333333333334,54.625],[-5.963333333333334,54.61]]]}},{"type":"Feature","id":"belfast_06_08_2024","properties":{"cell_id":"belfast_06_08","year":2024,"row":6,"col":8,"development_pressure":0.595,"planning_intensity":0.466,"green_cover":0.485,"mobility_access":0.617,"bike_activity":0.333,"air_quality":0.792,"opportunity_access":0.617,"fairness_context":0.974,"deprivation_weighted_opportunity":0.613,"development_pressure_delta_2016":0.169,"planning_intensity_delta_2016":0.184,"green_cover_delta_2016":-0.111,"mobility_access_delta_2016":0.096,"bike_activity_delta_2016":0.148,"air_quality_delta_2016":0.181,"opportunity_access_delta_2016":0.007,"fairness_context_delta_2016":0.0,"deprivation_weighted_opportunity_delta_2016":0.007,"development_pressure_delta_previous":-0.001,"planning_intensity_delta_previous":0.012,"green_cover_delta_previous":-0.031,"mobility_access_delta_previous":0.012,"bike_activity_delta_previous":0.0,"air_quality_delta_previous":0.028,"opportunity_access_delta_previous":0.0,"fairness_context_delta_previous":0.0,"deprivation_weighted_opportunity_delta_previous":0.0,"dominant_change":"increased","confidence":"medium","evidence":["OpenStreetMap building export clipped to Belfast NI core","250m-style grid proxy generated from local spatial anchors","NI Air annual trend proxy included","Development pressure proxy uses waterfront and city-centre intensity"]},"geometry":{"type":"Polygon","coordinates":[[[-5.946666666666667,54.61],[-5.930000000000001,54.61],[-5.930000000000001,54.625],[-5.946666666666667,54.625],[-5.946666666666667,54.61]]]}},{"type":"Feature","id":"belfast_06_09_2024","properties":{"cell_id":"belfast_06_09","year":2024,"row":6,"col":9,"development_pressure":0.675,"planning_intensity":0.571,"green_cover":0.601,"mobility_access":0.696,"bike_activity":0.434,"air_quality":0.803,"opportunity_access":0.664,"fairness_context":0.743,"deprivation_weighted_opportunity":0.62,"development_pressure_delta_2016":0.207,"planning_intensity_delta_2016":0.233,"green_cover_delta_2016":-0.097,"mobility_access_delta_2016":0.141,"bike_activity_delta_2016":0.219,"air_quality_delta_2016":0.178,"opportunity_access_delta_2016":0.025,"fairness_context_delta_2016":0.0,"deprivation_weighted_opportunity_delta_2016":0.024,"development_pressure_delta_previous":-0.004,"planning_intensity_delta_previous":0.014,"green_cover_delta_previous":-0.007,"mobility_access_delta_previous":0.018,"bike_activity_delta_previous":0.0,"air_quality_delta_previous":0.034,"opportunity_access_delta_previous":0.006,"fairness_context_delta_previous":0.0,"deprivation_weighted_opportunity_delta_previous":0.006,"dominant_change":"increased","confidence":"medium","evidence":["OpenStreetMap building export clipped to Belfast NI core","250m-style grid proxy generated from local spatial anchors","NI Air annual trend proxy included","Development pressure proxy uses waterfront and city-centre intensity"]},"geometry":{"type":"Polygon","coordinates":[[[-5.93,54.61],[-5.913333333333333,54.61],[-5.913333333333333,54.625],[-5.93,54.625],[-5.93,54.61]]]}},{"type":"Feature","id":"belfast_06_10_2024","properties":{"cell_id":"belfast_06_10","year":2024,"row":6,"col":10,"development_pressure":0.726,"planning_intensity":0.615,"green_cover":0.563,"mobility_access":0.7,"bike_activity":0.419,"air_quality":0.791,"opportunity_access":0.639,"fairness_context":0.908,"deprivation_weighted_opportunity":0.623,"development_pressure_delta_2016":0.228,"planning_intensity_delta_2016":0.267,"green_cover_delta_2016":-0.06,"mobility_access_delta_2016":0.138,"bike_activity_delta_2016":0.215,"air_quality_delta_2016":0.182,"opportunity_access_delta_2016":0.029,"fairness_context_delta_2016":0.0,"deprivation_weighted_opportunity_delta_2016":0.028,"development_pressure_delta_previous":0.002,"planning_intensity_delta_previous":0.021,"green_cover_delta_previous":0.016,"mobility_access_delta_previous":0.017,"bike_activity_delta_previous":0.0,"air_quality_delta_previous":0.037,"opportunity_access_delta_previous":0.01,"fairness_context_delta_previous":0.0,"deprivation_weighted_opportunity_delta_previous":0.009,"dominant_change":"increased","confidence":"medium","evidence":["OpenStreetMap building export clipped to Belfast NI core","250m-style grid proxy generated from local spatial anchors","NI Air annual trend proxy included","Development pressure proxy uses waterfront and city-centre intensity"]},"geometry":{"type":"Polygon","coordinates":[[[-5.913333333333333,54.61],[-5.8966666666666665,54.61],[-5.8966666666666665,54.625],[-5.913333333333333,54.625],[-5.913333333333333,54.61]]]}},{"type":"Feature","id":"belfast_06_11_2024","properties":{"cell_id":"belfast_06_11","year":2024,"row":6,"col":11,"development_pressure":0.653,"planning_intensity":0.543,"green_cover":0.459,"mobility_access":0.56,"bike_activity":0.297,"air_quality":0.789,"opportunity_access":0.541,"fairness_context":0.826,"deprivation_weighted_opportunity":0.516,"development_pressure_delta_2016":0.194,"planning_intensity_delta_2016":0.237,"green_cover_delta_2016":-0.028,"mobility_access_delta_2016":0.09,"bike_activity_delta_2016":0.141,"air_quality_delta_2016":0.194,"opportunity_access_delta_2016":0.018,"fairness_context_delta_2016":0.0,"deprivation_weighted_opportunity_delta_2016":0.016,"development_pressure_delta_previous":0.012,"planning_intensity_delta_previous":0.024,"green_cover_delta_previous":0.019,"mobility_access_delta_previous":0.011,"bike_activity_delta_previous":0.0,"air_quality_delta_previous":0.037,"opportunity_access_delta_previous":0.007,"fairness_context_delta_previous":0.0,"deprivation_weighted_opportunity_delta_previous":0.006,"dominant_change":"increased","confidence":"medium","evidence":["OpenStreetMap building export clipped to Belfast NI core","250m-style grid proxy generated from local spatial anchors","NI Air annual trend proxy included","Development pressure proxy uses waterfront and city-centre intensity"]},"geometry":{"type":"Polygon","coordinates":[[[-5.8966666666666665,54.61],[-5.88,54.61],[-5.88,54.625],[-5.8966666666666665,54.625],[-5.8966666666666665,54.61]]]}},{"type":"Feature","id":"belfast_06_12_2024","properties":{"cell_id":"belfast_06_12","year":2024,"row":6,"col":12,"development_pressure":0.512,"planning_intensity":0.426,"green_cover":0.372,"mobility_access":0.36,"bike_activity":0.141,"air_quality":0.802,"opportunity_access":0.421,"fairness_context":0.598,"deprivation_weighted_opportunity":0.377,"development_pressure_delta_2016":0.131,"planning_intensity_delta_2016":0.171,"green_cover_delta_2016":-0.028,"mobility_access_delta_2016":0.03,"bike_activity_delta_2016":0.045,"air_quality_delta_2016":0.204,"opportunity_access_delta_2016":-0.003,"fairness_context_delta_2016":0.0,"deprivation_weighted_opportunity_delta_2016":-0.003,"development_pressure_delta_previous":0.023,"planning_intensity_delta_previous":0.025,"green_cover_delta_previous":-0.002,"mobility_access_delta_previous":0.004,"bike_activity_delta_previous":0.0,"air_quality_delta_previous":0.031,"opportunity_access_delta_previous":0.0,"fairness_context_delta_previous":0.0,"deprivation_weighted_opportunity_delta_previous":0.0,"dominant_change":"improved","confidence":"low","evidence":["OpenStreetMap building export clipped to Belfast NI core","250m-style grid proxy generated from local spatial anchors","NI Air annual trend proxy included","Opportunity and exposure scores are normalized directional indicators"]},"geometry":{"type":"Polygon","coordinates":[[[-5.88,54.61],[-5.863333333333333,54.61],[-5.863333333333333,54.625],[-5.88,54.625],[-5.88,54.61]]]}},{"type":"Feature","id":"belfast_06_13_2024","properties":{"cell_id":"belfast_06_13","year":2024,"row":6,"col":13,"development_pressure":0.362,"planning_intensity":0.296,"green_cover":0.29,"mobility_access":0.207,"bike_activity":0.056,"air_quality":0.818,"opportunity_access":0.32,"fairness_context":0.367,"deprivation_weighted_opportunity":0.267,"development_pressure_delta_2016":0.066,"planning_intensity_delta_2016":0.098,"green_cover_delta_2016":-0.051,"mobility_access_delta_2016":0.0,"bike_activity_delta_2016":0.0,"air_quality_delta_2016":0.21,"opportunity_access_delta_2016":-0.014,"fairness_context_delta_2016":0.0,"deprivation_weighted_opportunity_delta_2016":-0.012,"development_pressure_delta_previous":0.031,"planning_intensity_delta_previous":0.024,"green_cover_delta_previous":-0.029,"mobility_access_delta_previous":0.0,"bike_activity_delta_previous":0.0,"air_quality_delta_previous":0.024,"opportunity_access_delta_previous":-0.007,"fairness_context_delta_previous":0.0,"deprivation_weighted_opportunity_delta_previous":-0.006,"dominant_change":"improved","confidence":"low","evidence":["OpenStreetMap building export clipped to Belfast NI core","250m-style grid proxy generated from local spatial anchors","NI Air annual trend proxy included","Opportunity and exposure scores are normalized directional indicators"]},"geometry":{"type":"Polygon","coordinates":[[[-5.863333333333333,54.61],[-5.846666666666667,54.61],[-5.846666666666667,54.625],[-5.863333333333333,54.625],[-5.863333333333333,54.61]]]}},{"type":"Feature","id":"belfast_06_14_2024","properties":{"cell_id":"belfast_06_14","year":2024,"row":6,"col":14,"development_pressure":0.23,"planning_intensity":0.163,"green_cover":0.27,"mobility_access":0.2,"bike_activity":0.05,"air_quality":0.837,"opportunity_access":0.314,"fairness_context":0.134,"deprivation_weighted_opportunity":0.243,"development_pressure_delta_2016":0.01,"planning_intensity_delta_2016":0.028,"green_cover_delta_2016":-0.061,"mobility_access_delta_2016":0.0,"bike_activity_delta_2016":0.0,"air_quality_delta_2016":0.216,"opportunity_access_delta_2016":-0.012,"fairness_context_delta_2016":0.0,"deprivation_weighted_opportunity_delta_2016":-0.01,"development_pressure_delta_previous":0.031,"planning_intensity_delta_previous":0.018,"green_cover_delta_previous":-0.037,"mobility_access_delta_previous":0.0,"bike_activity_delta_previous":0.0,"air_quality_delta_previous":0.022,"opportunity_access_delta_previous":-0.009,"fairness_context_delta_previous":0.0,"deprivation_weighted_opportunity_delta_previous":-0.007,"dominant_change":"improved","confidence":"low","evidence":["OpenStreetMap building export clipped to Belfast NI core","250m-style grid proxy generated from local spatial anchors","NI Air annual trend proxy included","Opportunity and exposure scores are normalized directional indicators"]},"geometry":{"type":"Polygon","coordinates":[[[-5.846666666666667,54.61],[-5.83,54.61],[-5.83,54.625],[-5.846666666666667,54.625],[-5.846666666666667,54.61]]]}},{"type":"Feature","id":"belfast_06_15_2024","properties":{"cell_id":"belfast_06_15","year":2024,"row":6,"col":15,"development_pressure":0.169,"planning_intensity":0.095,"green_cover":0.272,"mobility_access":0.2,"bike_activity":0.05,"air_quality":0.847,"opportunity_access":0.319,"fairness_context":0.0,"deprivation_weighted_opportunity":0.236,"development_pressure_delta_2016":-0.011,"planning_intensity_delta_2016":-0.005,"green_cover_delta_2016":-0.04,"mobility_access_delta_2016":0.0,"bike_activity_delta_2016":0.0,"air_quality_delta_2016":0.224,"opportunity_access_delta_2016":-0.007,"fairness_context_delta_2016":0.0,"deprivation_weighted_opportunity_delta_2016":-0.005,"development_pressure_delta_previous":0.024,"planning_intensity_delta_previous":0.013,"green_cover_delta_previous":-0.018,"mobility_access_delta_previous":0.0,"bike_activity_delta_previous":0.0,"air_quality_delta_previous":0.027,"opportunity_access_delta_previous":-0.006,"fairness_context_delta_previous":0.0,"deprivation_weighted_opportunity_delta_previous":-0.004,"dominant_change":"improved","confidence":"low","evidence":["OpenStreetMap building export clipped to Belfast NI core","250m-style grid proxy generated from local spatial anchors","NI Air annual trend proxy included","Opportunity and exposure scores are normalized directional indicators"]},"geometry":{"type":"Polygon","coordinates":[[[-5.83,54.61],[-5.8133333333333335,54.61],[-5.8133333333333335,54.625],[-5.83,54.625],[-5.83,54.61]]]}},{"type":"Feature","id":"belfast_06_16_2024","properties":{"cell_id":"belfast_06_16","year":2024,"row":6,"col":16,"development_pressure":0.18,"planning_intensity":0.1,"green_cover":0.286,"mobility_access":0.2,"bike_activity":0.05,"air_quality":0.849,"opportunity_access":0.321,"fairness_context":0.0,"deprivation_weighted_opportunity":0.238,"development_pressure_delta_2016":0.006,"planning_intensity_delta_2016":0.003,"green_cover_delta_2016":-0.002,"mobility_access_delta_2016":0.0,"bike_activity_delta_2016":0.0,"air_quality_delta_2016":0.23,"opportunity_access_delta_2016":-0.001,"fairness_context_delta_2016":0.0,"deprivation_weighted_opportunity_delta_2016":0.0,"development_pressure_delta_previous":0.013,"planning_intensity_delta_previous":0.006,"green_cover_delta_previous":0.012,"mobility_access_delta_previous":0.0,"bike_activity_delta_previous":0.0,"air_quality_delta_previous":0.035,"opportunity_access_delta_previous":0.001,"fairness_context_delta_previous":0.0,"deprivation_weighted_opportunity_delta_previous":0.001,"dominant_change":"improved","confidence":"low","evidence":["OpenStreetMap building export clipped to Belfast NI core","250m-style grid proxy generated from local spatial anchors","NI Air annual trend proxy included","Opportunity and exposure scores are normalized directional indicators"]},"geometry":{"type":"Polygon","coordinates":[[[-5.8133333333333335,54.61],[-5.796666666666667,54.61],[-5.796666666666667,54.625],[-5.8133333333333335,54.625],[-5.8133333333333335,54.61]]]}},{"type":"Feature","id":"belfast_06_17_2024","properties":{"cell_id":"belfast_06_17","year":2024,"row":6,"col":17,"development_pressure":0.175,"planning_intensity":0.097,"green_cover":0.316,"mobility_access":0.2,"bike_activity":0.05,"air_quality":0.855,"opportunity_access":0.327,"fairness_context":0.0,"deprivation_weighted_opportunity":0.242,"development_pressure_delta_2016":0.02,"planning_intensity_delta_2016":0.01,"green_cover_delta_2016":0.028,"mobility_access_delta_2016":0.0,"bike_activity_delta_2016":0.0,"air_quality_delta_2016":0.233,"opportunity_access_delta_2016":0.004,"fairness_context_delta_2016":0.0,"deprivation_weighted_opportunity_delta_2016":0.003,"development_pressure_delta_previous":-0.004,"planning_intensity_delta_previous":-0.003,"green_cover_delta_previous":0.028,"mobility_access_delta_previous":0.0,"bike_activity_delta_previous":0.0,"air_quality_delta_previous":0.04,"opportunity_access_delta_previous":0.006,"fairness_context_delta_previous":0.0,"deprivation_weighted_opportunity_delta_previous":0.004,"dominant_change":"improved","confidence":"low","evidence":["OpenStreetMap building export clipped to Belfast NI core","250m-style grid proxy generated from local spatial anchors","NI Air annual trend proxy included","Opportunity and exposure scores are normalized directional indicators"]},"geometry":{"type":"Polygon","coordinates":[[[-5.796666666666667,54.61],[-5.78,54.61],[-5.78,54.625],[-5.796666666666667,54.625],[-5.796666666666667,54.61]]]}},{"type":"Feature","id":"belfast_07_00_2024","properties":{"cell_id":"belfast_07_00","year":2024,"row":7,"col":0,"development_pressure":0.103,"planning_intensity":0.062,"green_cover":0.337,"mobility_access":0.2,"bike_activity":0.05,"air_quality":0.871,"opportunity_access":0.336,"fairness_context":0.0,"deprivation_weighted_opportunity":0.249,"development_pressure_delta_2016":-0.019,"planning_intensity_delta_2016":-0.009,"green_cover_delta_2016":-0.002,"mobility_access_delta_2016":0.0,"bike_activity_delta_2016":0.0,"air_quality_delta_2016":0.233,"opportunity_access_delta_2016":0.001,"fairness_context_delta_2016":0.0,"deprivation_weighted_opportunity_delta_2016":0.001,"development_pressure_delta_previous":0.001,"planning_intensity_delta_previous":0.001,"green_cover_delta_previous":-0.011,"mobility_access_delta_previous":0.0,"bike_activity_delta_previous":0.0,"air_quality_delta_previous":0.032,"opportunity_access_delta_previous":-0.002,"fairness_context_delta_previous":0.0,"deprivation_weighted_opportunity_delta_previous":-0.001,"dominant_change":"improved","confidence":"low","evidence":["OpenStreetMap building export clipped to Belfast NI core","250m-style grid proxy generated from local spatial anchors","NI Air annual trend proxy included","Opportunity and exposure scores are normalized directional indicators"]},"geometry":{"type":"Polygon","coordinates":[[[-6.08,54.625],[-6.0633333333333335,54.625],[-6.0633333333333335,54.64],[-6.08,54.64],[-6.08,54.625]]]}},{"type":"Feature","id":"belfast_07_01_2024","properties":{"cell_id":"belfast_07_01","year":2024,"row":7,"col":1,"development_pressure":0.12,"planning_intensity":0.07,"green_cover":0.306,"mobility_access":0.2,"bike_activity":0.05,"air_quality":0.862,"opportunity_access":0.329,"fairness_context":0.0,"deprivation_weighted_opportunity":0.244,"development_pressure_delta_2016":-0.026,"planning_intensity_delta_2016":-0.013,"green_cover_delta_2016":-0.04,"mobility_access_delta_2016":0.0,"bike_activity_delta_2016":0.0,"air_quality_delta_2016":0.226,"opportunity_access_delta_2016":-0.006,"fairness_context_delta_2016":0.0,"deprivation_weighted_opportunity_delta_2016":-0.004,"development_pressure_delta_previous":0.018,"planning_intensity_delta_previous":0.009,"green_cover_delta_previous":-0.032,"mobility_access_delta_previous":0.0,"bike_activity_delta_previous":0.0,"air_quality_delta_previous":0.025,"opportunity_access_delta_previous":-0.008,"fairness_context_delta_previous":0.0,"deprivation_weighted_opportunity_delta_previous":-0.005,"dominant_change":"improved","confidence":"low","evidence":["OpenStreetMap building export clipped to Belfast NI core","250m-style grid proxy generated from local spatial anchors","NI Air annual trend proxy included","Opportunity and exposure scores are normalized directional indicators"]},"geometry":{"type":"Polygon","coordinates":[[[-6.0633333333333335,54.625],[-6.046666666666667,54.625],[-6.046666666666667,54.64],[-6.0633333333333335,54.64],[-6.0633333333333335,54.625]]]}},{"type":"Feature","id":"belfast_07_02_2024","properties":{"cell_id":"belfast_07_02","year":2024,"row":7,"col":2,"development_pressure":0.144,"planning_intensity":0.082,"green_cover":0.279,"mobility_access":0.2,"bike_activity":0.05,"air_quality":0.853,"opportunity_access":0.323,"fairness_context":0.0,"deprivation_weighted_opportunity":0.239,"development_pressure_delta_2016":-0.024,"planning_intensity_delta_2016":-0.012,"green_cover_delta_2016":-0.048,"mobility_access_delta_2016":0.0,"bike_activity_delta_2016":0.0,"air_quality_delta_2016":0.225,"opportunity_access_delta_2016":-0.006,"fairness_context_delta_2016":0.0,"deprivation_weighted_opportunity_delta_2016":-0.005,"development_pressure_delta_previous":0.026,"planning_intensity_delta_previous":0.013,"green_cover_delta_previous":-0.028,"mobility_access_delta_previous":0.0,"bike_activity_delta_previous":0.0,"air_quality_delta_previous":0.025,"opportunity_access_delta_previous":-0.007,"fairness_context_delta_previous":0.0,"deprivation_weighted_opportunity_delta_previous":-0.005,"dominant_change":"improved","confidence":"low","evidence":["OpenStreetMap building export clipped to Belfast NI core","250m-style grid proxy generated from local spatial anchors","NI Air annual trend proxy included","Opportunity and exposure scores are normalized directional indicators"]},"geometry":{"type":"Polygon","coordinates":[[[-6.046666666666667,54.625],[-6.03,54.625],[-6.03,54.64],[-6.046666666666667,54.64],[-6.046666666666667,54.625]]]}},{"type":"Feature","id":"belfast_07_03_2024","properties":{"cell_id":"belfast_07_03","year":2024,"row":7,"col":3,"development_pressure":0.167,"planning_intensity":0.093,"green_cover":0.279,"mobility_access":0.2,"bike_activity":0.05,"air_quality":0.849,"opportunity_access":0.321,"fairness_context":0.0,"deprivation_weighted_opportunity":0.237,"development_pressure_delta_2016":-0.013,"planning_intensity_delta_2016":-0.007,"green_cover_delta_2016":-0.017,"mobility_access_delta_2016":0.0,"bike_activity_delta_2016":0.0,"air_quality_delta_2016":0.229,"opportunity_access_delta_2016":-0.002,"fairness_context_delta_2016":0.0,"deprivation_weighted_opportunity_delta_2016":-0.002,"development_pressure_delta_previous":0.026,"planning_intensity_delta_previous":0.012,"green_cover_delta_previous":-0.002,"mobility_access_delta_previous":0.0,"bike_activity_delta_previous":0.0,"air_quality_delta_previous":0.03,"opportunity_access_delta_previous":-0.002,"fairness_context_delta_previous":0.0,"deprivation_weighted_opportunity_delta_previous":-0.002,"dominant_change":"improved","confidence":"low","evidence":["OpenStreetMap building export clipped to Belfast NI core","250m-style grid proxy generated from local spatial anchors","NI Air annual trend proxy included","Opportunity and exposure scores are normalized directional indicators"]},"geometry":{"type":"Polygon","coordinates":[[[-6.03,54.625],[-6.013333333333334,54.625],[-6.013333333333334,54.64],[-6.03,54.64],[-6.03,54.625]]]}},{"type":"Feature","id":"belfast_07_04_2024","properties":{"cell_id":"belfast_07_04","year":2024,"row":7,"col":4,"development_pressure":0.179,"planning_intensity":0.1,"green_cover":0.349,"mobility_access":0.2,"bike_activity":0.05,"air_quality":0.861,"opportunity_access":0.332,"fairness_context":0.069,"deprivation_weighted_opportunity":0.252,"development_pressure_delta_2016":0.004,"planning_intensity_delta_2016":0.002,"green_cover_delta_2016":0.021,"mobility_access_delta_2016":0.0,"bike_activity_delta_2016":0.0,"air_quality_delta_2016":0.234,"opportunity_access_delta_2016":0.003,"fairness_context_delta_2016":0.0,"deprivation_weighted_opportunity_delta_2016":0.003,"development_pressure_delta_previous":0.014,"planning_intensity_delta_previous":0.008,"green_cover_delta_previous":0.022,"mobility_access_delta_previous":0.0,"bike_activity_delta_previous":0.0,"air_quality_delta_previous":0.036,"opportunity_access_delta_previous":0.002,"fairness_context_delta_previous":0.0,"deprivation_weighted_opportunity_delta_previous":0.002,"dominant_change":"improved","confidence":"low","evidence":["OpenStreetMap building export clipped to Belfast NI core","250m-style grid proxy generated from local spatial anchors","NI Air annual trend proxy included","Opportunity and exposure scores are normalized directional indicators"]},"geometry":{"type":"Polygon","coordinates":[[[-6.013333333333334,54.625],[-5.996666666666667,54.625],[-5.996666666666667,54.64],[-6.013333333333334,54.64],[-6.013333333333334,54.625]]]}},{"type":"Feature","id":"belfast_07_05_2024","properties":{"cell_id":"belfast_07_05","year":2024,"row":7,"col":5,"development_pressure":0.181,"planning_intensity":0.098,"green_cover":0.412,"mobility_access":0.205,"bike_activity":0.054,"air_quality":0.872,"opportunity_access":0.353,"fairness_context":0.238,"deprivation_weighted_opportunity":0.283,"development_pressure_delta_2016":0.018,"planning_intensity_delta_2016":0.009,"green_cover_delta_2016":0.03,"mobility_access_delta_2016":0.0,"bike_activity_delta_2016":0.0,"air_quality_delta_2016":0.234,"opportunity_access_delta_2016":0.004,"fairness_context_delta_2016":0.0,"deprivation_weighted_opportunity_delta_2016":0.003,"development_pressure_delta_previous":-0.002,"planning_intensity_delta_previous":-0.001,"green_cover_delta_previous":0.023,"mobility_access_delta_previous":0.0,"bike_activity_delta_previous":0.0,"air_quality_delta_previous":0.04,"opportunity_access_delta_previous":0.005,"fairness_context_delta_previous":0.0,"deprivation_weighted_opportunity_delta_previous":0.004,"dominant_change":"improved","confidence":"low","evidence":["OpenStreetMap building export clipped to Belfast NI core","250m-style grid proxy generated from local spatial anchors","NI Air annual trend proxy included","Opportunity and exposure scores are normalized directional indicators"]},"geometry":{"type":"Polygon","coordinates":[[[-5.996666666666667,54.625],[-5.98,54.625],[-5.98,54.64],[-5.996666666666667,54.64],[-5.996666666666667,54.625]]]}},{"type":"Feature","id":"belfast_07_06_2024","properties":{"cell_id":"belfast_07_06","year":2024,"row":7,"col":6,"development_pressure":0.234,"planning_intensity":0.141,"green_cover":0.396,"mobility_access":0.222,"bike_activity":0.069,"air_quality":0.854,"opportunity_access":0.377,"fairness_context":0.436,"deprivation_weighted_opportunity":0.322,"development_pressure_delta_2016":0.047,"planning_intensity_delta_2016":0.039,"green_cover_delta_2016":-0.008,"mobility_access_delta_2016":0.0,"bike_activity_delta_2016":0.0,"air_quality_delta_2016":0.221,"opportunity_access_delta_2016":-0.005,"fairness_context_delta_2016":0.0,"deprivation_weighted_opportunity_delta_2016":-0.004,"development_pressure_delta_previous":-0.015,"planning_intensity_delta_previous":-0.005,"green_cover_delta_previous":0.0,"mobility_access_delta_previous":0.0,"bike_activity_delta_previous":0.0,"air_quality_delta_previous":0.037,"opportunity_access_delta_previous":0.001,"fairness_context_delta_previous":0.0,"deprivation_weighted_opportunity_delta_previous":0.001,"dominant_change":"improved","confidence":"low","evidence":["OpenStreetMap building export clipped to Belfast NI core","250m-style grid proxy generated from local spatial anchors","NI Air annual trend proxy included","Opportunity and exposure scores are normalized directional indicators"]},"geometry":{"type":"Polygon","coordinates":[[[-5.98,54.625],[-5.963333333333334,54.625],[-5.963333333333334,54.64],[-5.98,54.64],[-5.98,54.625]]]}},{"type":"Feature","id":"belfast_07_07_2024","properties":{"cell_id":"belfast_07_07","year":2024,"row":7,"col":7,"development_pressure":0.295,"planning_intensity":0.199,"green_cover":0.379,"mobility_access":0.235,"bike_activity":0.08,"air_quality":0.836,"opportunity_access":0.393,"fairness_context":0.593,"deprivation_weighted_opportunity":0.351,"development_pressure_delta_2016":0.074,"planning_intensity_delta_2016":0.073,"green_cover_delta_2016":-0.059,"mobility_access_delta_2016":0.0,"bike_activity_delta_2016":0.0,"air_quality_delta_2016":0.207,"opportunity_access_delta_2016":-0.016,"fairness_context_delta_2016":0.0,"deprivation_weighted_opportunity_delta_2016":-0.015,"development_pressure_delta_previous":-0.021,"planning_intensity_delta_previous":-0.005,"green_cover_delta_previous":-0.022,"mobility_access_delta_previous":0.0,"bike_activity_delta_previous":0.0,"air_quality_delta_previous":0.033,"opportunity_access_delta_previous":-0.002,"fairness_context_delta_previous":0.0,"deprivation_weighted_opportunity_delta_previous":-0.002,"dominant_change":"improved","confidence":"low","evidence":["OpenStreetMap building export clipped to Belfast NI core","250m-style grid proxy generated from local spatial anchors","NI Air annual trend proxy included","Opportunity and exposure scores are normalized directional indicators"]},"geometry":{"type":"Polygon","coordinates":[[[-5.963333333333334,54.625],[-5.946666666666667,54.625],[-5.946666666666667,54.64],[-5.963333333333334,54.64],[-5.963333333333334,54.625]]]}},{"type":"Feature","id":"belfast_07_08_2024","properties":{"cell_id":"belfast_07_08","year":2024,"row":7,"col":8,"development_pressure":0.333,"planning_intensity":0.271,"green_cover":0.482,"mobility_access":0.281,"bike_activity":0.111,"air_quality":0.848,"opportunity_access":0.438,"fairness_context":0.651,"deprivation_weighted_opportunity":0.398,"development_pressure_delta_2016":0.084,"planning_intensity_delta_2016":0.091,"green_cover_delta_2016":-0.08,"mobility_access_delta_2016":0.012,"bike_activity_delta_2016":0.017,"air_quality_delta_2016":0.201,"opportunity_access_delta_2016":-0.016,"fairness_context_delta_2016":0.0,"deprivation_weighted_opportunity_delta_2016":-0.015,"development_pressure_delta_previous":-0.016,"planning_intensity_delta_previous":-0.002,"green_cover_delta_previous":-0.025,"mobility_access_delta_previous":0.002,"bike_activity_delta_previous":0.0,"air_quality_delta_previous":0.032,"opportunity_access_delta_previous":-0.002,"fairness_context_delta_previous":0.0,"deprivation_weighted_opportunity_delta_previous":-0.002,"dominant_change":"improved","confidence":"low","evidence":["OpenStreetMap building export clipped to Belfast NI core","250m-style grid proxy generated from local spatial anchors","NI Air annual trend proxy included","Opportunity and exposure scores are normalized directional indicators"]},"geometry":{"type":"Polygon","coordinates":[[[-5.946666666666667,54.625],[-5.930000000000001,54.625],[-5.930000000000001,54.64],[-5.946666666666667,54.64],[-5.946666666666667,54.625]]]}},{"type":"Feature","id":"belfast_07_09_2024","properties":{"cell_id":"belfast_07_09","year":2024,"row":7,"col":9,"development_pressure":0.406,"planning_intensity":0.404,"green_cover":0.589,"mobility_access":0.332,"bike_activity":0.165,"air_quality":0.858,"opportunity_access":0.473,"fairness_context":0.573,"deprivation_weighted_opportunity":0.42,"development_pressure_delta_2016":0.101,"planning_intensity_delta_2016":0.124,"green_cover_delta_2016":-0.063,"mobility_access_delta_2016":0.035,"bike_activity_delta_2016":0.055,"air_quality_delta_2016":0.202,"opportunity_access_delta_2016":-0.004,"fairness_context_delta_2016":0.0,"deprivation_weighted_opportunity_delta_2016":-0.004,"development_pressure_delta_previous":-0.002,"planning_intensity_delta_previous":0.008,"green_cover_delta_previous":-0.006,"mobility_access_delta_previous":0.004,"bike_activity_delta_previous":0.0,"air_quality_delta_previous":0.033,"opportunity_access_delta_previous":0.001,"fairness_context_delta_previous":0.0,"deprivation_weighted_opportunity_delta_previous":0.001,"dominant_change":"improved","confidence":"low","evidence":["OpenStreetMap building export clipped to Belfast NI core","250m-style grid proxy generated from local spatial anchors","NI Air annual trend proxy included","Opportunity and exposure scores are normalized directional indicators"]},"geometry":{"type":"Polygon","coordinates":[[[-5.93,54.625],[-5.913333333333333,54.625],[-5.913333333333333,54.64],[-5.93,54.64],[-5.93,54.625]]]}},{"type":"Feature","id":"belfast_07_10_2024","properties":{"cell_id":"belfast_07_10","year":2024,"row":7,"col":10,"development_pressure":0.442,"planning_intensity":0.44,"green_cover":0.59,"mobility_access":0.333,"bike_activity":0.156,"air_quality":0.855,"opportunity_access":0.46,"fairness_context":0.692,"deprivation_weighted_opportunity":0.423,"development_pressure_delta_2016":0.102,"planning_intensity_delta_2016":0.136,"green_cover_delta_2016":-0.022,"mobility_access_delta_2016":0.034,"bike_activity_delta_2016":0.053,"air_quality_delta_2016":0.21,"opportunity_access_delta_2016":0.002,"fairness_context_delta_2016":0.0,"deprivation_weighted_opportunity_delta_2016":0.002,"development_pressure_delta_previous":0.017,"planning_intensity_delta_previous":0.019,"green_cover_delta_previous":0.015,"mobility_access_delta_previous":0.004,"bike_activity_delta_previous":0.0,"air_quality_delta_previous":0.035,"opportunity_access_delta_previous":0.003,"fairness_context_delta_previous":0.0,"deprivation_weighted_opportunity_delta_previous":0.002,"dominant_change":"improved","confidence":"low","evidence":["OpenStreetMap building export clipped to Belfast NI core","250m-style grid proxy generated from local spatial anchors","NI Air annual trend proxy included","Opportunity and exposure scores are normalized directional indicators"]},"geometry":{"type":"Polygon","coordinates":[[[-5.913333333333333,54.625],[-5.8966666666666665,54.625],[-5.8966666666666665,54.64],[-5.913333333333333,54.64],[-5.913333333333333,54.625]]]}},{"type":"Feature","id":"belfast_07_11_2024","properties":{"cell_id":"belfast_07_11","year":2024,"row":7,"col":11,"development_pressure":0.427,"planning_intensity":0.374,"green_cover":0.484,"mobility_access":0.255,"bike_activity":0.088,"air_quality":0.841,"opportunity_access":0.391,"fairness_context":0.658,"deprivation_weighted_opportunity":0.356,"development_pressure_delta_2016":0.087,"planning_intensity_delta_2016":0.124,"green_cover_delta_2016":0.004,"mobility_access_delta_2016":0.009,"bike_activity_delta_2016":0.014,"air_quality_delta_2016":0.217,"opportunity_access_delta_2016":-0.003,"fairness_context_delta_2016":0.0,"deprivation_weighted_opportunity_delta_2016":-0.003,"development_pressure_delta_previous":0.032,"planning_intensity_delta_previous":0.026,"green_cover_delta_previous":0.017,"mobility_access_delta_previous":0.001,"bike_activity_delta_previous":0.0,"air_quality_delta_previous":0.033,"opportunity_access_delta_previous":0.001,"fairness_context_delta_previous":0.0,"deprivation_weighted_opportunity_delta_previous":0.001,"dominant_change":"improved","confidence":"low","evidence":["OpenStreetMap building export clipped to Belfast NI core","250m-style grid proxy generated from local spatial anchors","NI Air annual trend proxy included","Opportunity and exposure scores are normalized directional indicators"]},"geometry":{"type":"Polygon","coordinates":[[[-5.8966666666666665,54.625],[-5.88,54.625],[-5.88,54.64],[-5.8966666666666665,54.64],[-5.8966666666666665,54.625]]]}},{"type":"Feature","id":"belfast_07_12_2024","properties":{"cell_id":"belfast_07_12","year":2024,"row":7,"col":12,"development_pressure":0.362,"planning_intensity":0.288,"green_cover":0.369,"mobility_access":0.205,"bike_activity":0.054,"air_quality":0.834,"opportunity_access":0.33,"fairness_context":0.502,"deprivation_weighted_opportunity":0.287,"development_pressure_delta_2016":0.061,"planning_intensity_delta_2016":0.09,"green_cover_delta_2016":-0.007,"mobility_access_delta_2016":0.0,"bike_activity_delta_2016":0.0,"air_quality_delta_2016":0.219,"opportunity_access_delta_2016":-0.006,"fairness_context_delta_2016":0.0,"deprivation_weighted_opportunity_delta_2016":-0.006,"development_pressure_delta_previous":0.037,"planning_intensity_delta_previous":0.026,"green_cover_delta_previous":-0.004,"mobility_access_delta_previous":0.0,"bike_activity_delta_previous":0.0,"air_quality_delta_previous":0.027,"opportunity_access_delta_previous":-0.004,"fairness_context_delta_previous":0.0,"deprivation_weighted_opportunity_delta_previous":-0.003,"dominant_change":"improved","confidence":"low","evidence":["OpenStreetMap building export clipped to Belfast NI core","250m-style grid proxy generated from local spatial anchors","NI Air annual trend proxy included","Opportunity and exposure scores are normalized directional indicators"]},"geometry":{"type":"Polygon","coordinates":[[[-5.88,54.625],[-5.863333333333333,54.625],[-5.863333333333333,54.64],[-5.88,54.64],[-5.88,54.625]]]}},{"type":"Feature","id":"belfast_07_13_2024","properties":{"cell_id":"belfast_07_13","year":2024,"row":7,"col":13,"development_pressure":0.275,"planning_intensity":0.197,"green_cover":0.288,"mobility_access":0.2,"bike_activity":0.05,"air_quality":0.834,"opportunity_access":0.314,"fairness_context":0.302,"deprivation_weighted_opportunity":0.257,"development_pressure_delta_2016":0.031,"planning_intensity_delta_2016":0.045,"green_cover_delta_2016":-0.04,"mobility_access_delta_2016":0.0,"bike_activity_delta_2016":0.0,"air_quality_delta_2016":0.218,"opportunity_access_delta_2016":-0.009,"fairness_context_delta_2016":0.0,"deprivation_weighted_opportunity_delta_2016":-0.008,"development_pressure_delta_previous":0.031,"planning_intensity_delta_previous":0.019,"green_cover_delta_previous":-0.028,"mobility_access_delta_previous":0.0,"bike_activity_delta_previous":0.0,"air_quality_delta_previous":0.024,"opportunity_access_delta_previous":-0.007,"fairness_context_delta_previous":0.0,"deprivation_weighted_opportunity_delta_previous":-0.006,"dominant_change":"improved","confidence":"low","evidence":["OpenStreetMap building export clipped to Belfast NI core","250m-style grid proxy generated from local spatial anchors","NI Air annual trend proxy included","Opportunity and exposure scores are normalized directional indicators"]},"geometry":{"type":"Polygon","coordinates":[[[-5.863333333333333,54.625],[-5.846666666666667,54.625],[-5.846666666666667,54.64],[-5.863333333333333,54.64],[-5.863333333333333,54.625]]]}},{"type":"Feature","id":"belfast_07_14_2024","properties":{"cell_id":"belfast_07_14","year":2024,"row":7,"col":14,"development_pressure":0.179,"planning_intensity":0.1,"green_cover":0.281,"mobility_access":0.2,"bike_activity":0.05,"air_quality":0.848,"opportunity_access":0.32,"fairness_context":0.085,"deprivation_weighted_opportunity":0.244,"development_pressure_delta_2016":0.004,"planning_intensity_delta_2016":0.002,"green_cover_delta_2016":-0.057,"mobility_access_delta_2016":0.0,"bike_activity_delta_2016":0.0,"air_quality_delta_2016":0.219,"opportunity_access_delta_2016":-0.011,"fairness_context_delta_2016":0.0,"deprivation_weighted_opportunity_delta_2016":-0.008,"development_pressure_delta_previous":0.014,"planning_intensity_delta_previous":0.007,"green_cover_delta_previous":-0.033,"mobility_access_delta_previous":0.0,"bike_activity_delta_previous":0.0,"air_quality_delta_previous":0.026,"opportunity_access_delta_previous":-0.007,"fairness_context_delta_previous":0.0,"deprivation_weighted_opportunity_delta_previous":-0.005,"dominant_change":"improved","confidence":"low","evidence":["OpenStreetMap building export clipped to Belfast NI core","250m-style grid proxy generated from local spatial anchors","NI Air annual trend proxy included","Opportunity and exposure scores are normalized directional indicators"]},"geometry":{"type":"Polygon","coordinates":[[[-5.846666666666667,54.625],[-5.83,54.625],[-5.83,54.64],[-5.846666666666667,54.64],[-5.846666666666667,54.625]]]}},{"type":"Feature","id":"belfast_07_15_2024","properties":{"cell_id":"belfast_07_15","year":2024,"row":7,"col":15,"development_pressure":0.176,"planning_intensity":0.098,"green_cover":0.271,"mobility_access":0.2,"bike_activity":0.05,"air_quality":0.846,"opportunity_access":0.319,"fairness_context":0.0,"deprivation_weighted_opportunity":0.236,"development_pressure_delta_2016":0.019,"planning_intensity_delta_2016":0.009,"green_cover_delta_2016":-0.045,"mobility_access_delta_2016":0.0,"bike_activity_delta_2016":0.0,"air_quality_delta_2016":0.218,"opportunity_access_delta_2016":-0.009,"fairness_context_delta_2016":0.0,"deprivation_weighted_opportunity_delta_2016":-0.007,"development_pressure_delta_previous":-0.003,"planning_intensity_delta_previous":-0.001,"green_cover_delta_previous":-0.012,"mobility_access_delta_previous":0.0,"bike_activity_delta_previous":0.0,"air_quality_delta_previous":0.032,"opportunity_access_delta_previous":-0.002,"fairness_context_delta_previous":0.0,"deprivation_weighted_opportunity_delta_previous":-0.001,"dominant_change":"improved","confidence":"low","evidence":["OpenStreetMap building export clipped to Belfast NI core","250m-style grid proxy generated from local spatial anchors","NI Air annual trend proxy included","Opportunity and exposure scores are normalized directional indicators"]},"geometry":{"type":"Polygon","coordinates":[[[-5.83,54.625],[-5.8133333333333335,54.625],[-5.8133333333333335,54.64],[-5.83,54.64],[-5.83,54.625]]]}},{"type":"Feature","id":"belfast_07_16_2024","properties":{"cell_id":"belfast_07_16","year":2024,"row":7,"col":16,"development_pressure":0.159,"planning_intensity":0.09,"green_cover":0.291,"mobility_access":0.2,"bike_activity":0.05,"air_quality":0.853,"opportunity_access":0.324,"fairness_context":0.0,"deprivation_weighted_opportunity":0.239,"development_pressure_delta_2016":0.026,"planning_intensity_delta_2016":0.014,"green_cover_delta_2016":-0.003,"mobility_access_delta_2016":0.0,"bike_activity_delta_2016":0.0,"air_quality_delta_2016":0.226,"opportunity_access_delta_2016":-0.002,"fairness_context_delta_2016":0.0,"deprivation_weighted_opportunity_delta_2016":-0.002,"development_pressure_delta_previous":-0.018,"planning_intensity_delta_previous":-0.009,"green_cover_delta_previous":0.019,"mobility_access_delta_previous":0.0,"bike_activity_delta_previous":0.0,"air_quality_delta_previous":0.041,"opportunity_access_delta_previous":0.005,"fairness_context_delta_previous":0.0,"deprivation_weighted_opportunity_delta_previous":0.003,"dominant_change":"improved","confidence":"low","evidence":["OpenStreetMap building export clipped to Belfast NI core","250m-style grid proxy generated from local spatial anchors","NI Air annual trend proxy included","Opportunity and exposure scores are normalized directional indicators"]},"geometry":{"type":"Polygon","coordinates":[[[-5.8133333333333335,54.625],[-5.796666666666667,54.625],[-5.796666666666667,54.64],[-5.8133333333333335,54.64],[-5.8133333333333335,54.625]]]}},{"type":"Feature","id":"belfast_07_17_2024","properties":{"cell_id":"belfast_07_17","year":2024,"row":7,"col":17,"development_pressure":0.135,"planning_intensity":0.077,"green_cover":0.325,"mobility_access":0.2,"bike_activity":0.05,"air_quality":0.863,"opportunity_access":0.332,"fairness_context":0.0,"deprivation_weighted_opportunity":0.245,"development_pressure_delta_2016":0.024,"planning_intensity_delta_2016":0.012,"green_cover_delta_2016":0.03,"mobility_access_delta_2016":0.0,"bike_activity_delta_2016":0.0,"air_quality_delta_2016":0.232,"opportunity_access_delta_2016":0.004,"fairness_context_delta_2016":0.0,"deprivation_weighted_opportunity_delta_2016":0.002,"development_pressure_delta_previous":-0.027,"planning_intensity_delta_previous":-0.014,"green_cover_delta_previous":0.033,"mobility_access_delta_previous":0.0,"bike_activity_delta_previous":0.0,"air_quality_delta_previous":0.045,"opportunity_access_delta_previous":0.008,"fairness_context_delta_previous":0.0,"deprivation_weighted_opportunity_delta_previous":0.006,"dominant_change":"improved","confidence":"low","evidence":["OpenStreetMap building export clipped to Belfast NI core","250m-style grid proxy generated from local spatial anchors","NI Air annual trend proxy included","Opportunity and exposure scores are normalized directional indicators"]},"geometry":{"type":"Polygon","coordinates":[[[-5.796666666666667,54.625],[-5.78,54.625],[-5.78,54.64],[-5.796666666666667,54.64],[-5.796666666666667,54.625]]]}},{"type":"Feature","id":"belfast_08_00_2024","properties":{"cell_id":"belfast_08_00","year":2024,"row":8,"col":0,"development_pressure":0.141,"planning_intensity":0.081,"green_cover":0.329,"mobility_access":0.2,"bike_activity":0.05,"air_quality":0.863,"opportunity_access":0.332,"fairness_context":0.0,"deprivation_weighted_opportunity":0.246,"development_pressure_delta_2016":-0.025,"planning_intensity_delta_2016":-0.012,"green_cover_delta_2016":-0.003,"mobility_access_delta_2016":0.0,"bike_activity_delta_2016":0.0,"air_quality_delta_2016":0.234,"opportunity_access_delta_2016":0.002,"fairness_context_delta_2016":0.0,"deprivation_weighted_opportunity_delta_2016":0.001,"development_pressure_delta_previous":0.026,"planning_intensity_delta_previous":0.013,"green_cover_delta_previous":-0.016,"mobility_access_delta_previous":0.0,"bike_activity_delta_previous":0.0,"air_quality_delta_previous":0.027,"opportunity_access_delta_previous":-0.005,"fairness_context_delta_previous":0.0,"deprivation_weighted_opportunity_delta_previous":-0.003,"dominant_change":"improved","confidence":"low","evidence":["OpenStreetMap building export clipped to Belfast NI core","250m-style grid proxy generated from local spatial anchors","NI Air annual trend proxy included","Opportunity and exposure scores are normalized directional indicators"]},"geometry":{"type":"Polygon","coordinates":[[[-6.08,54.64],[-6.0633333333333335,54.64],[-6.0633333333333335,54.655],[-6.08,54.655],[-6.08,54.64]]]}},{"type":"Feature","id":"belfast_08_01_2024","properties":{"cell_id":"belfast_08_01","year":2024,"row":8,"col":1,"development_pressure":0.165,"planning_intensity":0.092,"green_cover":0.296,"mobility_access":0.2,"bike_activity":0.05,"air_quality":0.853,"opportunity_access":0.324,"fairness_context":0.0,"deprivation_weighted_opportunity":0.24,"development_pressure_delta_2016":-0.014,"planning_intensity_delta_2016":-0.008,"green_cover_delta_2016":-0.045,"mobility_access_delta_2016":0.0,"bike_activity_delta_2016":0.0,"air_quality_delta_2016":0.224,"opportunity_access_delta_2016":-0.007,"fairness_context_delta_2016":0.0,"deprivation_weighted_opportunity_delta_2016":-0.005,"development_pressure_delta_previous":0.026,"planning_intensity_delta_previous":0.013,"green_cover_delta_previous":-0.035,"mobility_access_delta_previous":0.0,"bike_activity_delta_previous":0.0,"air_quality_delta_previous":0.023,"opportunity_access_delta_previous":-0.008,"fairness_context_delta_previous":0.0,"deprivation_weighted_opportunity_delta_previous":-0.006,"dominant_change":"improved","confidence":"low","evidence":["OpenStreetMap building export clipped to Belfast NI core","250m-style grid proxy generated from local spatial anchors","NI Air annual trend proxy included","Opportunity and exposure scores are normalized directional indicators"]},"geometry":{"type":"Polygon","coordinates":[[[-6.0633333333333335,54.64],[-6.046666666666667,54.64],[-6.046666666666667,54.655],[-6.0633333333333335,54.655],[-6.0633333333333335,54.64]]]}},{"type":"Feature","id":"belfast_08_02_2024","properties":{"cell_id":"belfast_08_02","year":2024,"row":8,"col":2,"development_pressure":0.179,"planning_intensity":0.099,"green_cover":0.272,"mobility_access":0.2,"bike_activity":0.05,"air_quality":0.846,"opportunity_access":0.319,"fairness_context":0.0,"deprivation_weighted_opportunity":0.236,"development_pressure_delta_2016":0.002,"planning_intensity_delta_2016":0.001,"green_cover_delta_2016":-0.053,"mobility_access_delta_2016":0.0,"bike_activity_delta_2016":0.0,"air_quality_delta_2016":0.22,"opportunity_access_delta_2016":-0.009,"fairness_context_delta_2016":0.0,"deprivation_weighted_opportunity_delta_2016":-0.007,"development_pressure_delta_previous":0.017,"planning_intensity_delta_previous":0.008,"green_cover_delta_previous":-0.026,"mobility_access_delta_previous":0.0,"bike_activity_delta_previous":0.0,"air_quality_delta_previous":0.027,"opportunity_access_delta_previous":-0.006,"fairness_context_delta_previous":0.0,"deprivation_weighted_opportunity_delta_previous":-0.004,"dominant_change":"improved","confidence":"low","evidence":["OpenStreetMap building export clipped to Belfast NI core","250m-style grid proxy generated from local spatial anchors","NI Air annual trend proxy included","Opportunity and exposure scores are normalized directional indicators"]},"geometry":{"type":"Polygon","coordinates":[[[-6.046666666666667,54.64],[-6.03,54.64],[-6.03,54.655],[-6.046666666666667,54.655],[-6.046666666666667,54.64]]]}},{"type":"Feature","id":"belfast_08_03_2024","properties":{"cell_id":"belfast_08_03","year":2024,"row":8,"col":3,"development_pressure":0.177,"planning_intensity":0.099,"green_cover":0.277,"mobility_access":0.2,"bike_activity":0.05,"air_quality":0.847,"opportunity_access":0.32,"fairness_context":0.0,"deprivation_weighted_opportunity":0.237,"development_pressure_delta_2016":0.017,"planning_intensity_delta_2016":0.009,"green_cover_delta_2016":-0.022,"mobility_access_delta_2016":0.0,"bike_activity_delta_2016":0.0,"air_quality_delta_2016":0.223,"opportunity_access_delta_2016":-0.005,"fairness_context_delta_2016":0.0,"deprivation_weighted_opportunity_delta_2016":-0.004,"development_pressure_delta_previous":-0.001,"planning_intensity_delta_previous":0.0,"green_cover_delta_previous":0.004,"mobility_access_delta_previous":0.0,"bike_activity_delta_previous":0.0,"air_quality_delta_previous":0.035,"opportunity_access_delta_previous":0.001,"fairness_context_delta_previous":0.0,"deprivation_weighted_opportunity_delta_previous":0.001,"dominant_change":"improved","confidence":"low","evidence":["OpenStreetMap building export clipped to Belfast NI core","250m-style grid proxy generated from local spatial anchors","NI Air annual trend proxy included","Opportunity and exposure scores are normalized directional indicators"]},"geometry":{"type":"Polygon","coordinates":[[[-6.03,54.64],[-6.013333333333334,54.64],[-6.013333333333334,54.655],[-6.03,54.655],[-6.03,54.64]]]}},{"type":"Feature","id":"belfast_08_04_2024","properties":{"cell_id":"belfast_08_04","year":2024,"row":8,"col":4,"development_pressure":0.162,"planning_intensity":0.091,"green_cover":0.307,"mobility_access":0.2,"bike_activity":0.05,"air_quality":0.855,"opportunity_access":0.326,"fairness_context":0.0,"deprivation_weighted_opportunity":0.241,"development_pressure_delta_2016":0.026,"planning_intensity_delta_2016":0.013,"green_cover_delta_2016":0.019,"mobility_access_delta_2016":0.0,"bike_activity_delta_2016":0.0,"air_quality_delta_2016":0.229,"opportunity_access_delta_2016":0.001,"fairness_context_delta_2016":0.0,"deprivation_weighted_opportunity_delta_2016":0.0,"development_pressure_delta_previous":-0.016,"planning_intensity_delta_previous":-0.008,"green_cover_delta_previous":0.029,"mobility_access_delta_previous":0.0,"bike_activity_delta_previous":0.0,"air_quality_delta_previous":0.042,"opportunity_access_delta_previous":0.006,"fairness_context_delta_previous":0.0,"deprivation_weighted_opportunity_delta_previous":0.004,"dominant_change":"improved","confidence":"low","evidence":["OpenStreetMap building export clipped to Belfast NI core","250m-style grid proxy generated from local spatial anchors","NI Air annual trend proxy included","Opportunity and exposure scores are normalized directional indicators"]},"geometry":{"type":"Polygon","coordinates":[[[-6.013333333333334,54.64],[-5.996666666666667,54.64],[-5.996666666666667,54.655],[-6.013333333333334,54.655],[-6.013333333333334,54.64]]]}},{"type":"Feature","id":"belfast_08_05_2024","properties":{"cell_id":"belfast_08_05","year":2024,"row":8,"col":5,"development_pressure":0.138,"planning_intensity":0.079,"green_cover":0.336,"mobility_access":0.2,"bike_activity":0.05,"air_quality":0.865,"opportunity_access":0.333,"fairness_context":0.02,"deprivation_weighted_opportunity":0.248,"development_pressure_delta_2016":0.025,"planning_intensity_delta_2016":0.012,"green_cover_delta_2016":0.031,"mobility_access_delta_2016":0.0,"bike_activity_delta_2016":0.0,"air_quality_delta_2016":0.233,"opportunity_access_delta_2016":0.003,"fairness_context_delta_2016":0.0,"deprivation_weighted_opportunity_delta_2016":0.002,"development_pressure_delta_previous":-0.026,"planning_intensity_delta_previous":-0.013,"green_cover_delta_previous":0.028,"mobility_access_delta_previous":0.0,"bike_activity_delta_previous":0.0,"air_quality_delta_previous":0.044,"opportunity_access_delta_previous":0.007,"fairness_context_delta_previous":0.0,"deprivation_weighted_opportunity_delta_previous":0.005,"dominant_change":"improved","confidence":"low","evidence":["OpenStreetMap building export clipped to Belfast NI core","250m-style grid proxy generated from local spatial anchors","NI Air annual trend proxy included","Opportunity and exposure scores are normalized directional indicators"]},"geometry":{"type":"Polygon","coordinates":[[[-5.996666666666667,54.64],[-5.98,54.64],[-5.98,54.655],[-5.996666666666667,54.655],[-5.996666666666667,54.64]]]}},{"type":"Feature","id":"belfast_08_06_2024","properties":{"cell_id":"belfast_08_06","year":2024,"row":8,"col":6,"development_pressure":0.115,"planning_intensity":0.067,"green_cover":0.34,"mobility_access":0.2,"bike_activity":0.05,"air_quality":0.87,"opportunity_access":0.336,"fairness_context":0.164,"deprivation_weighted_opportunity":0.263,"development_pressure_delta_2016":0.014,"planning_intensity_delta_2016":0.007,"green_cover_delta_2016":0.005,"mobility_access_delta_2016":0.0,"bike_activity_delta_2016":0.0,"air_quality_delta_2016":0.229,"opportunity_access_delta_2016":0.0,"fairness_context_delta_2016":0.0,"deprivation_weighted_opportunity_delta_2016":0.0,"development_pressure_delta_previous":-0.026,"planning_intensity_delta_previous":-0.013,"green_cover_delta_previous":0.004,"mobility_access_delta_previous":0.0,"bike_activity_delta_previous":0.0,"air_quality_delta_previous":0.04,"opportunity_access_delta_previous":0.003,"fairness_context_delta_previous":0.0,"deprivation_weighted_opportunity_delta_previous":0.002,"dominant_change":"improved","confidence":"low","evidence":["OpenStreetMap building export clipped to Belfast NI core","250m-style grid proxy generated from local spatial anchors","NI Air annual trend proxy included","Opportunity and exposure scores are normalized directional indicators"]},"geometry":{"type":"Polygon","coordinates":[[[-5.98,54.64],[-5.963333333333334,54.64],[-5.963333333333334,54.655],[-5.98,54.655],[-5.98,54.64]]]}},{"type":"Feature","id":"belfast_08_07_2024","properties":{"cell_id":"belfast_08_07","year":2024,"row":8,"col":7,"development_pressure":0.101,"planning_intensity":0.061,"green_cover":0.318,"mobility_access":0.2,"bike_activity":0.05,"air_quality":0.867,"opportunity_access":0.333,"fairness_context":0.261,"deprivation_weighted_opportunity":0.269,"development_pressure_delta_2016":-0.002,"planning_intensity_delta_2016":-0.001,"green_cover_delta_2016":-0.035,"mobility_access_delta_2016":0.0,"bike_activity_delta_2016":0.0,"air_quality_delta_2016":0.223,"opportunity_access_delta_2016":-0.006,"fairness_context_delta_2016":0.0,"deprivation_weighted_opportunity_delta_2016":-0.005,"development_pressure_delta_previous":-0.016,"planning_intensity_delta_previous":-0.008,"green_cover_delta_previous":-0.023,"mobility_access_delta_previous":0.0,"bike_activity_delta_previous":0.0,"air_quality_delta_previous":0.032,"opportunity_access_delta_previous":-0.003,"fairness_context_delta_previous":0.0,"deprivation_weighted_opportunity_delta_previous":-0.002,"dominant_change":"improved","confidence":"low","evidence":["OpenStreetMap building export clipped to Belfast NI core","250m-style grid proxy generated from local spatial anchors","NI Air annual trend proxy included","Opportunity and exposure scores are normalized directional indicators"]},"geometry":{"type":"Polygon","coordinates":[[[-5.963333333333334,54.64],[-5.946666666666667,54.64],[-5.946666666666667,54.655],[-5.963333333333334,54.655],[-5.963333333333334,54.64]]]}},{"type":"Feature","id":"belfast_08_08_2024","properties":{"cell_id":"belfast_08_08","year":2024,"row":8,"col":8,"development_pressure":0.103,"planning_intensity":0.067,"green_cover":0.347,"mobility_access":0.201,"bike_activity":0.051,"air_quality":0.873,"opportunity_access":0.339,"fairness_context":0.291,"deprivation_weighted_opportunity":0.277,"development_pressure_delta_2016":-0.018,"planning_intensity_delta_2016":-0.009,"green_cover_delta_2016":-0.049,"mobility_access_delta_2016":0.0,"bike_activity_delta_2016":0.0,"air_quality_delta_2016":0.224,"opportunity_access_delta_2016":-0.008,"fairness_context_delta_2016":0.0,"deprivation_weighted_opportunity_delta_2016":-0.006,"development_pressure_delta_previous":0.0,"planning_intensity_delta_previous":0.0,"green_cover_delta_previous":-0.026,"mobility_access_delta_previous":0.0,"bike_activity_delta_previous":0.0,"air_quality_delta_previous":0.029,"opportunity_access_delta_previous":-0.005,"fairness_context_delta_previous":0.0,"deprivation_weighted_opportunity_delta_previous":-0.004,"dominant_change":"improved","confidence":"low","evidence":["OpenStreetMap building export clipped to Belfast NI core","250m-style grid proxy generated from local spatial anchors","NI Air annual trend proxy included","Opportunity and exposure scores are normalized directional indicators"]},"geometry":{"type":"Polygon","coordinates":[[[-5.946666666666667,54.64],[-5.930000000000001,54.64],[-5.930000000000001,54.655],[-5.946666666666667,54.655],[-5.946666666666667,54.64]]]}},{"type":"Feature","id":"belfast_08_09_2024","properties":{"cell_id":"belfast_08_09","year":2024,"row":8,"col":9,"development_pressure":0.156,"planning_intensity":0.145,"green_cover":0.404,"mobility_access":0.201,"bike_activity":0.051,"air_quality":0.876,"opportunity_access":0.345,"fairness_context":0.273,"deprivation_weighted_opportunity":0.28,"development_pressure_delta_2016":-0.011,"planning_intensity_delta_2016":0.005,"green_cover_delta_2016":-0.028,"mobility_access_delta_2016":0.0,"bike_activity_delta_2016":0.0,"air_quality_delta_2016":0.227,"opportunity_access_delta_2016":-0.005,"fairness_context_delta_2016":0.0,"deprivation_weighted_opportunity_delta_2016":-0.004,"development_pressure_delta_previous":0.019,"planning_intensity_delta_previous":0.011,"green_cover_delta_previous":-0.008,"mobility_access_delta_previous":0.0,"bike_activity_delta_previous":0.0,"air_quality_delta_previous":0.03,"opportunity_access_delta_previous":-0.003,"fairness_context_delta_previous":0.0,"deprivation_weighted_opportunity_delta_previous":-0.002,"dominant_change":"improved","confidence":"low","evidence":["OpenStreetMap building export clipped to Belfast NI core","250m-style grid proxy generated from local spatial anchors","NI Air annual trend proxy included","Opportunity and exposure scores are normalized directional indicators"]},"geometry":{"type":"Polygon","coordinates":[[[-5.93,54.64],[-5.913333333333333,54.64],[-5.913333333333333,54.655],[-5.93,54.655],[-5.93,54.64]]]}},{"type":"Feature","id":"belfast_08_10_2024","properties":{"cell_id":"belfast_08_10","year":2024,"row":8,"col":10,"development_pressure":0.205,"planning_intensity":0.18,"green_cover":0.409,"mobility_access":0.2,"bike_activity":0.05,"air_quality":0.869,"opportunity_access":0.341,"fairness_context":0.335,"deprivation_weighted_opportunity":0.282,"development_pressure_delta_2016":0.001,"planning_intensity_delta_2016":0.018,"green_cover_delta_2016":0.01,"mobility_access_delta_2016":0.0,"bike_activity_delta_2016":0.0,"air_quality_delta_2016":0.232,"opportunity_access_delta_2016":0.002,"fairness_context_delta_2016":0.0,"deprivation_weighted_opportunity_delta_2016":0.001,"development_pressure_delta_previous":0.03,"planning_intensity_delta_previous":0.017,"green_cover_delta_previous":0.014,"mobility_access_delta_previous":0.0,"bike_activity_delta_previous":0.0,"air_quality_delta_previous":0.032,"opportunity_access_delta_previous":0.0,"fairness_context_delta_previous":0.0,"deprivation_weighted_opportunity_delta_previous":0.0,"dominant_change":"improved","confidence":"low","evidence":["OpenStreetMap building export clipped to Belfast NI core","250m-style grid proxy generated from local spatial anchors","NI Air annual trend proxy included","Opportunity and exposure scores are normalized directional indicators"]},"geometry":{"type":"Polygon","coordinates":[[[-5.913333333333333,54.64],[-5.8966666666666665,54.64],[-5.8966666666666665,54.655],[-5.913333333333333,54.655],[-5.913333333333333,54.64]]]}},{"type":"Feature","id":"belfast_08_11_2024","properties":{"cell_id":"belfast_08_11","year":2024,"row":8,"col":11,"development_pressure":0.216,"planning_intensity":0.145,"green_cover":0.354,"mobility_access":0.2,"bike_activity":0.05,"air_quality":0.856,"opportunity_access":0.33,"fairness_context":0.319,"deprivation_weighted_opportunity":0.272,"development_pressure_delta_2016":0.007,"planning_intensity_delta_2016":0.017,"green_cover_delta_2016":0.03,"mobility_access_delta_2016":0.0,"bike_activity_delta_2016":0.0,"air_quality_delta_2016":0.235,"opportunity_access_delta_2016":0.005,"fairness_context_delta_2016":0.0,"deprivation_weighted_opportunity_delta_2016":0.004,"development_pressure_delta_previous":0.029,"planning_intensity_delta_previous":0.016,"green_cover_delta_previous":0.019,"mobility_access_delta_previous":0.0,"bike_activity_delta_previous":0.0,"air_quality_delta_previous":0.033,"opportunity_access_delta_previous":0.001,"fairness_context_delta_previous":0.0,"deprivation_weighted_opportunity_delta_previous":0.001,"dominant_change":"improved","confidence":"low","evidence":["OpenStreetMap building export clipped to Belfast NI core","250m-style grid proxy generated from local spatial anchors","NI Air annual trend proxy included","Opportunity and exposure scores are normalized directional indicators"]},"geometry":{"type":"Polygon","coordinates":[[[-5.8966666666666665,54.64],[-5.88,54.64],[-5.88,54.655],[-5.8966666666666665,54.655],[-5.8966666666666665,54.64]]]}},{"type":"Feature","id":"belfast_08_12_2024","properties":{"cell_id":"belfast_08_12","year":2024,"row":8,"col":12,"development_pressure":0.181,"planning_intensity":0.102,"green_cover":0.329,"mobility_access":0.2,"bike_activity":0.05,"air_quality":0.857,"opportunity_access":0.329,"fairness_context":0.229,"deprivation_weighted_opportunity":0.263,"development_pressure_delta_2016":0.003,"planning_intensity_delta_2016":0.003,"green_cover_delta_2016":0.014,"mobility_access_delta_2016":0.0,"bike_activity_delta_2016":0.0,"air_quality_delta_2016":0.233,"opportunity_access_delta_2016":0.003,"fairness_context_delta_2016":0.0,"deprivation_weighted_opportunity_delta_2016":0.002,"development_pressure_delta_previous":0.016,"planning_intensity_delta_previous":0.008,"green_cover_delta_previous":0.003,"mobility_access_delta_previous":0.0,"bike_activity_delta_previous":0.0,"air_quality_delta_previous":0.033,"opportunity_access_delta_previous":0.0,"fairness_context_delta_previous":0.0,"deprivation_weighted_opportunity_delta_previous":0.0,"dominant_change":"improved","confidence":"low","evidence":["OpenStreetMap building export clipped to Belfast NI core","250m-style grid proxy generated from local spatial anchors","NI Air annual trend proxy included","Opportunity and exposure scores are normalized directional indicators"]},"geometry":{"type":"Polygon","coordinates":[[[-5.88,54.64],[-5.863333333333333,54.64],[-5.863333333333333,54.655],[-5.88,54.655],[-5.88,54.64]]]}},{"type":"Feature","id":"belfast_08_13_2024","properties":{"cell_id":"belfast_08_13","year":2024,"row":8,"col":13,"development_pressure":0.177,"planning_intensity":0.099,"green_cover":0.31,"mobility_access":0.2,"bike_activity":0.05,"air_quality":0.854,"opportunity_access":0.326,"fairness_context":0.087,"deprivation_weighted_opportunity":0.248,"development_pressure_delta_2016":0.017,"planning_intensity_delta_2016":0.009,"green_cover_delta_2016":-0.031,"mobility_access_delta_2016":0.0,"bike_activity_delta_2016":0.0,"air_quality_delta_2016":0.222,"opportunity_access_delta_2016":-0.007,"fairness_context_delta_2016":0.0,"deprivation_weighted_opportunity_delta_2016":-0.006,"development_pressure_delta_previous":-0.001,"planning_intensity_delta_previous":0.0,"green_cover_delta_previous":-0.021,"mobility_access_delta_previous":0.0,"bike_activity_delta_previous":0.0,"air_quality_delta_previous":0.031,"opportunity_access_delta_previous":-0.003,"fairness_context_delta_previous":0.0,"deprivation_weighted_opportunity_delta_previous":-0.003,"dominant_change":"improved","confidence":"low","evidence":["OpenStreetMap building export clipped to Belfast NI core","250m-style grid proxy generated from local spatial anchors","NI Air annual trend proxy included","Opportunity and exposure scores are normalized directional indicators"]},"geometry":{"type":"Polygon","coordinates":[[[-5.863333333333333,54.64],[-5.846666666666667,54.64],[-5.846666666666667,54.655],[-5.863333333333333,54.655],[-5.863333333333333,54.64]]]}},{"type":"Feature","id":"belfast_08_14_2024","properties":{"cell_id":"belfast_08_14","year":2024,"row":8,"col":14,"development_pressure":0.162,"planning_intensity":0.091,"green_cover":0.285,"mobility_access":0.2,"bike_activity":0.05,"air_quality":0.851,"opportunity_access":0.322,"fairness_context":0.0,"deprivation_weighted_opportunity":0.239,"development_pressure_delta_2016":0.027,"planning_intensity_delta_2016":0.013,"green_cover_delta_2016":-0.059,"mobility_access_delta_2016":0.0,"bike_activity_delta_2016":0.0,"air_quality_delta_2016":0.214,"opportunity_access_delta_2016":-0.013,"fairness_context_delta_2016":0.0,"deprivation_weighted_opportunity_delta_2016":-0.009,"development_pressure_delta_previous":-0.016,"planning_intensity_delta_previous":-0.008,"green_cover_delta_previous":-0.026,"mobility_access_delta_previous":0.0,"bike_activity_delta_previous":0.0,"air_quality_delta_previous":0.032,"opportunity_access_delta_previous":-0.004,"fairness_context_delta_previous":0.0,"deprivation_weighted_opportunity_delta_previous":-0.002,"dominant_change":"improved","confidence":"low","evidence":["OpenStreetMap building export clipped to Belfast NI core","250m-style grid proxy generated from local spatial anchors","NI Air annual trend proxy included","Opportunity and exposure scores are normalized directional indicators"]},"geometry":{"type":"Polygon","coordinates":[[[-5.846666666666667,54.64],[-5.83,54.64],[-5.83,54.655],[-5.846666666666667,54.655],[-5.846666666666667,54.64]]]}},{"type":"Feature","id":"belfast_08_15_2024","properties":{"cell_id":"belfast_08_15","year":2024,"row":8,"col":15,"development_pressure":0.138,"planning_intensity":0.079,"green_cover":0.279,"mobility_access":0.2,"bike_activity":0.05,"air_quality":0.854,"opportunity_access":0.323,"fairness_context":0.0,"deprivation_weighted_opportunity":0.239,"development_pressure_delta_2016":0.025,"planning_intensity_delta_2016":0.013,"green_cover_delta_2016":-0.044,"mobility_access_delta_2016":0.0,"bike_activity_delta_2016":0.0,"air_quality_delta_2016":0.218,"opportunity_access_delta_2016":-0.01,"fairness_context_delta_2016":0.0,"deprivation_weighted_opportunity_delta_2016":-0.008,"development_pressure_delta_previous":-0.026,"planning_intensity_delta_previous":-0.013,"green_cover_delta_previous":-0.007,"mobility_access_delta_previous":0.0,"bike_activity_delta_previous":0.0,"air_quality_delta_previous":0.037,"opportunity_access_delta_previous":0.001,"fairness_context_delta_previous":0.0,"deprivation_weighted_opportunity_delta_previous":0.0,"dominant_change":"improved","confidence":"low","evidence":["OpenStreetMap building export clipped to Belfast NI core","250m-style grid proxy generated from local spatial anchors","NI Air annual trend proxy included","Opportunity and exposure scores are normalized directional indicators"]},"geometry":{"type":"Polygon","coordinates":[[[-5.83,54.64],[-5.8133333333333335,54.64],[-5.8133333333333335,54.655],[-5.83,54.655],[-5.83,54.64]]]}},{"type":"Feature","id":"belfast_08_16_2024","properties":{"cell_id":"belfast_08_16","year":2024,"row":8,"col":16,"development_pressure":0.114,"planning_intensity":0.067,"green_cover":0.301,"mobility_access":0.2,"bike_activity":0.05,"air_quality":0.862,"opportunity_access":0.329,"fairness_context":0.0,"deprivation_weighted_opportunity":0.243,"development_pressure_delta_2016":0.013,"planning_intensity_delta_2016":0.007,"green_cover_delta_2016":0.002,"mobility_access_delta_2016":0.0,"bike_activity_delta_2016":0.0,"air_quality_delta_2016":0.229,"opportunity_access_delta_2016":-0.001,"fairness_context_delta_2016":0.0,"deprivation_weighted_opportunity_delta_2016":-0.001,"development_pressure_delta_previous":-0.026,"planning_intensity_delta_previous":-0.013,"green_cover_delta_previous":0.021,"mobility_access_delta_previous":0.0,"bike_activity_delta_previous":0.0,"air_quality_delta_previous":0.043,"opportunity_access_delta_previous":0.006,"fairness_context_delta_previous":0.0,"deprivation_weighted_opportunity_delta_previous":0.004,"dominant_change":"improved","confidence":"low","evidence":["OpenStreetMap building export clipped to Belfast NI core","250m-style grid proxy generated from local spatial anchors","NI Air annual trend proxy included","Opportunity and exposure scores are normalized directional indicators"]},"geometry":{"type":"Polygon","coordinates":[[[-5.8133333333333335,54.64],[-5.796666666666667,54.64],[-5.796666666666667,54.655],[-5.8133333333333335,54.655],[-5.8133333333333335,54.64]]]}},{"type":"Feature","id":"belfast_08_17_2024","properties":{"cell_id":"belfast_08_17","year":2024,"row":8,"col":17,"development_pressure":0.101,"planning_intensity":0.061,"green_cover":0.333,"mobility_access":0.2,"bike_activity":0.05,"air_quality":0.87,"opportunity_access":0.336,"fairness_context":0.0,"deprivation_weighted_opportunity":0.248,"development_pressure_delta_2016":-0.003,"planning_intensity_delta_2016":-0.001,"green_cover_delta_2016":0.037,"mobility_access_delta_2016":0.0,"bike_activity_delta_2016":0.0,"air_quality_delta_2016":0.238,"opportunity_access_delta_2016":0.007,"fairness_context_delta_2016":0.0,"deprivation_weighted_opportunity_delta_2016":0.005,"development_pressure_delta_previous":-0.016,"planning_intensity_delta_previous":-0.007,"green_cover_delta_previous":0.032,"mobility_access_delta_previous":0.0,"bike_activity_delta_previous":0.0,"air_quality_delta_previous":0.043,"opportunity_access_delta_previous":0.007,"fairness_context_delta_previous":0.0,"deprivation_weighted_opportunity_delta_previous":0.005,"dominant_change":"improved","confidence":"low","evidence":["OpenStreetMap building export clipped to Belfast NI core","250m-style grid proxy generated from local spatial anchors","NI Air annual trend proxy included","Opportunity and exposure scores are normalized directional indicators"]},"geometry":{"type":"Polygon","coordinates":[[[-5.796666666666667,54.64],[-5.78,54.64],[-5.78,54.655],[-5.796666666666667,54.655],[-5.796666666666667,54.64]]]}},{"type":"Feature","id":"belfast_09_00_2024","properties":{"cell_id":"belfast_09_00","year":2024,"row":9,"col":0,"development_pressure":0.178,"planning_intensity":0.099,"green_cover":0.321,"mobility_access":0.2,"bike_activity":0.05,"air_quality":0.856,"opportunity_access":0.328,"fairness_context":0.0,"deprivation_weighted_opportunity":0.242,"development_pressure_delta_2016":0.0,"planning_intensity_delta_2016":0.0,"green_cover_delta_2016":-0.009,"mobility_access_delta_2016":0.0,"bike_activity_delta_2016":0.0,"air_quality_delta_2016":0.229,"opportunity_access_delta_2016":-0.001,"fairness_context_delta_2016":0.0,"deprivation_weighted_opportunity_delta_2016":-0.002,"development_pressure_delta_previous":0.018,"planning_intensity_delta_previous":0.009,"green_cover_delta_previous":-0.014,"mobility_access_delta_previous":0.0,"bike_activity_delta_previous":0.0,"air_quality_delta_previous":0.029,"opportunity_access_delta_previous":-0.003,"fairness_context_delta_previous":0.0,"deprivation_weighted_opportunity_delta_previous":-0.003,"dominant_change":"improved","confidence":"low","evidence":["OpenStreetMap building export clipped to Belfast NI core","250m-style grid proxy generated from local spatial anchors","NI Air annual trend proxy included","Opportunity and exposure scores are normalized directional indicators"]},"geometry":{"type":"Polygon","coordinates":[[[-6.08,54.655],[-6.0633333333333335,54.655],[-6.0633333333333335,54.67],[-6.08,54.67],[-6.08,54.655]]]}},{"type":"Feature","id":"belfast_09_01_2024","properties":{"cell_id":"belfast_09_01","year":2024,"row":9,"col":1,"development_pressure":0.178,"planning_intensity":0.099,"green_cover":0.293,"mobility_access":0.2,"bike_activity":0.05,"air_quality":0.85,"opportunity_access":0.322,"fairness_context":0.0,"deprivation_weighted_opportunity":0.239,"development_pressure_delta_2016":0.015,"planning_intensity_delta_2016":0.008,"green_cover_delta_2016":-0.051,"mobility_access_delta_2016":0.0,"bike_activity_delta_2016":0.0,"air_quality_delta_2016":0.218,"opportunity_access_delta_2016":-0.011,"fairness_context_delta_2016":0.0,"deprivation_weighted_opportunity_delta_2016":-0.007,"development_pressure_delta_previous":0.001,"planning_intensity_delta_previous":0.001,"green_cover_delta_previous":-0.029,"mobility_access_delta_previous":0.0,"bike_activity_delta_previous":0.0,"air_quality_delta_previous":0.028,"opportunity_access_delta_previous":-0.006,"fairness_context_delta_previous":0.0,"deprivation_weighted_opportunity_delta_previous":-0.004,"dominant_change":"improved","confidence":"low","evidence":["OpenStreetMap building export clipped to Belfast NI core","250m-style grid proxy generated from local spatial anchors","NI Air annual trend proxy included","Opportunity and exposure scores are normalized directional indicators"]},"geometry":{"type":"Polygon","coordinates":[[[-6.0633333333333335,54.655],[-6.046666666666667,54.655],[-6.046666666666667,54.67],[-6.0633333333333335,54.67],[-6.0633333333333335,54.655]]]}},{"type":"Feature","id":"belfast_09_02_2024","properties":{"cell_id":"belfast_09_02","year":2024,"row":9,"col":2,"development_pressure":0.164,"planning_intensity":0.092,"green_cover":0.275,"mobility_access":0.2,"bike_activity":0.05,"air_quality":0.849,"opportunity_access":0.32,"fairness_context":0.0,"deprivation_weighted_opportunity":0.237,"development_pressure_delta_2016":0.025,"planning_intensity_delta_2016":0.013,"green_cover_delta_2016":-0.056,"mobility_access_delta_2016":0.0,"bike_activity_delta_2016":0.0,"air_quality_delta_2016":0.215,"opportunity_access_delta_2016":-0.013,"fairness_context_delta_2016":0.0,"deprivation_weighted_opportunity_delta_2016":-0.009,"development_pressure_delta_previous":-0.015,"planning_intensity_delta_previous":-0.008,"green_cover_delta_previous":-0.019,"mobility_access_delta_previous":0.0,"bike_activity_delta_previous":0.0,"air_quality_delta_previous":0.033,"opportunity_access_delta_previous":-0.003,"fairness_context_delta_previous":0.0,"deprivation_weighted_opportunity_delta_previous":-0.002,"dominant_change":"improved","confidence":"low","evidence":["OpenStreetMap building export clipped to Belfast NI core","250m-style grid proxy generated from local spatial anchors","NI Air annual trend proxy included","Opportunity and exposure scores are normalized directional indicators"]},"geometry":{"type":"Polygon","coordinates":[[[-6.046666666666667,54.655],[-6.03,54.655],[-6.03,54.67],[-6.046666666666667,54.67],[-6.046666666666667,54.655]]]}},{"type":"Feature","id":"belfast_09_03_2024","properties":{"cell_id":"belfast_09_03","year":2024,"row":9,"col":3,"development_pressure":0.141,"planning_intensity":0.08,"green_cover":0.285,"mobility_access":0.2,"bike_activity":0.05,"air_quality":0.854,"opportunity_access":0.324,"fairness_context":0.0,"deprivation_weighted_opportunity":0.24,"development_pressure_delta_2016":0.025,"planning_intensity_delta_2016":0.012,"green_cover_delta_2016":-0.021,"mobility_access_delta_2016":0.0,"bike_activity_delta_2016":0.0,"air_quality_delta_2016":0.222,"opportunity_access_delta_2016":-0.006,"fairness_context_delta_2016":0.0,"deprivation_weighted_opportunity_delta_2016":-0.004,"development_pressure_delta_previous":-0.026,"planning_intensity_delta_previous":-0.013,"green_cover_delta_previous":0.009,"mobility_access_delta_previous":0.0,"bike_activity_delta_previous":0.0,"air_quality_delta_previous":0.04,"opportunity_access_delta_previous":0.004,"fairness_context_delta_previous":0.0,"deprivation_weighted_opportunity_delta_previous":0.003,"dominant_change":"improved","confidence":"low","evidence":["OpenStreetMap building export clipped to Belfast NI core","250m-style grid proxy generated from local spatial anchors","NI Air annual trend proxy included","Opportunity and exposure scores are normalized directional indicators"]},"geometry":{"type":"Polygon","coordinates":[[[-6.03,54.655],[-6.013333333333334,54.655],[-6.013333333333334,54.67],[-6.03,54.67],[-6.03,54.655]]]}},{"type":"Feature","id":"belfast_09_04_2024","properties":{"cell_id":"belfast_09_04","year":2024,"row":9,"col":4,"development_pressure":0.117,"planning_intensity":0.069,"green_cover":0.317,"mobility_access":0.2,"bike_activity":0.05,"air_quality":0.865,"opportunity_access":0.332,"fairness_context":0.0,"deprivation_weighted_opportunity":0.245,"development_pressure_delta_2016":0.015,"planning_intensity_delta_2016":0.008,"green_cover_delta_2016":0.023,"mobility_access_delta_2016":0.0,"bike_activity_delta_2016":0.0,"air_quality_delta_2016":0.233,"opportunity_access_delta_2016":0.003,"fairness_context_delta_2016":0.0,"deprivation_weighted_opportunity_delta_2016":0.002,"development_pressure_delta_previous":-0.027,"planning_intensity_delta_previous":-0.013,"green_cover_delta_previous":0.032,"mobility_access_delta_previous":0.0,"bike_activity_delta_previous":0.0,"air_quality_delta_previous":0.045,"opportunity_access_delta_previous":0.008,"fairness_context_delta_previous":0.0,"deprivation_weighted_opportunity_delta_previous":0.005,"dominant_change":"improved","confidence":"low","evidence":["OpenStreetMap building export clipped to Belfast NI core","250m-style grid proxy generated from local spatial anchors","NI Air annual trend proxy included","Opportunity and exposure scores are normalized directional indicators"]},"geometry":{"type":"Polygon","coordinates":[[[-6.013333333333334,54.655],[-5.996666666666667,54.655],[-5.996666666666667,54.67],[-6.013333333333334,54.67],[-6.013333333333334,54.655]]]}},{"type":"Feature","id":"belfast_09_05_2024","properties":{"cell_id":"belfast_09_05","year":2024,"row":9,"col":5,"development_pressure":0.102,"planning_intensity":0.061,"green_cover":0.344,"mobility_access":0.2,"bike_activity":0.05,"air_quality":0.872,"opportunity_access":0.338,"fairness_context":0.0,"deprivation_weighted_opportunity":0.25,"development_pressure_delta_2016":0.0,"planning_intensity_delta_2016":0.0,"green_cover_delta_2016":0.038,"mobility_access_delta_2016":0.0,"bike_activity_delta_2016":0.0,"air_quality_delta_2016":0.237,"opportunity_access_delta_2016":0.007,"fairness_context_delta_2016":0.0,"deprivation_weighted_opportunity_delta_2016":0.005,"development_pressure_delta_previous":-0.018,"planning_intensity_delta_previous":-0.009,"green_cover_delta_previous":0.027,"mobility_access_delta_previous":0.0,"bike_activity_delta_previous":0.0,"air_quality_delta_previous":0.042,"opportunity_access_delta_previous":0.006,"fairness_context_delta_previous":0.0,"deprivation_weighted_opportunity_delta_previous":0.005,"dominant_change":"improved","confidence":"low","evidence":["OpenStreetMap building export clipped to Belfast NI core","250m-style grid proxy generated from local spatial anchors","NI Air annual trend proxy included","Opportunity and exposure scores are normalized directional indicators"]},"geometry":{"type":"Polygon","coordinates":[[[-5.996666666666667,54.655],[-5.98,54.655],[-5.98,54.67],[-5.996666666666667,54.67],[-5.996666666666667,54.655]]]}},{"type":"Feature","id":"belfast_09_06_2024","properties":{"cell_id":"belfast_09_06","year":2024,"row":9,"col":6,"development_pressure":0.102,"planning_intensity":0.061,"green_cover":0.343,"mobility_access":0.2,"bike_activity":0.05,"air_quality":0.872,"opportunity_access":0.338,"fairness_context":0.0,"deprivation_weighted_opportunity":0.25,"development_pressure_delta_2016":-0.016,"planning_intensity_delta_2016":-0.008,"green_cover_delta_2016":0.011,"mobility_access_delta_2016":0.0,"bike_activity_delta_2016":0.0,"air_quality_delta_2016":0.235,"opportunity_access_delta_2016":0.004,"fairness_context_delta_2016":0.0,"deprivation_weighted_opportunity_delta_2016":0.003,"development_pressure_delta_previous":-0.001,"planning_intensity_delta_previous":-0.001,"green_cover_delta_previous":-0.001,"mobility_access_delta_previous":0.0,"bike_activity_delta_previous":0.0,"air_quality_delta_previous":0.034,"opportunity_access_delta_previous":0.0,"fairness_context_delta_previous":0.0,"deprivation_weighted_opportunity_delta_previous":0.0,"dominant_change":"improved","confidence":"low","evidence":["OpenStreetMap building export clipped to Belfast NI core","250m-style grid proxy generated from local spatial anchors","NI Air annual trend proxy included","Opportunity and exposure scores are normalized directional indicators"]},"geometry":{"type":"Polygon","coordinates":[[[-5.98,54.655],[-5.963333333333334,54.655],[-5.963333333333334,54.67],[-5.98,54.67],[-5.98,54.655]]]}},{"type":"Feature","id":"belfast_09_07_2024","properties":{"cell_id":"belfast_09_07","year":2024,"row":9,"col":7,"development_pressure":0.116,"planning_intensity":0.068,"green_cover":0.315,"mobility_access":0.2,"bike_activity":0.05,"air_quality":0.864,"opportunity_access":0.331,"fairness_context":0.0,"deprivation_weighted_opportunity":0.245,"development_pressure_delta_2016":-0.025,"planning_intensity_delta_2016":-0.013,"green_cover_delta_2016":-0.032,"mobility_access_delta_2016":0.0,"bike_activity_delta_2016":0.0,"air_quality_delta_2016":0.228,"opportunity_access_delta_2016":-0.004,"fairness_context_delta_2016":0.0,"deprivation_weighted_opportunity_delta_2016":-0.003,"development_pressure_delta_previous":0.015,"planning_intensity_delta_previous":0.007,"green_cover_delta_previous":-0.029,"mobility_access_delta_previous":0.0,"bike_activity_delta_previous":0.0,"air_quality_delta_previous":0.026,"opportunity_access_delta_previous":-0.007,"fairness_context_delta_previous":0.0,"deprivation_weighted_opportunity_delta_previous":-0.005,"dominant_change":"improved","confidence":"low","evidence":["OpenStreetMap building export clipped to Belfast NI core","250m-style grid proxy generated from local spatial anchors","NI Air annual trend proxy included","Opportunity and exposure scores are normalized directional indicators"]},"geometry":{"type":"Polygon","coordinates":[[[-5.963333333333334,54.655],[-5.946666666666667,54.655],[-5.946666666666667,54.67],[-5.963333333333334,54.67],[-5.963333333333334,54.655]]]}},{"type":"Feature","id":"belfast_09_08_2024","properties":{"cell_id":"belfast_09_08","year":2024,"row":9,"col":8,"development_pressure":0.139,"planning_intensity":0.08,"green_cover":0.284,"mobility_access":0.2,"bike_activity":0.05,"air_quality":0.855,"opportunity_access":0.324,"fairness_context":0.0,"deprivation_weighted_opportunity":0.24,"development_pressure_delta_2016":-0.026,"planning_intensity_delta_2016":-0.012,"green_cover_delta_2016":-0.05,"mobility_access_delta_2016":0.0,"bike_activity_delta_2016":0.0,"air_quality_delta_2016":0.225,"opportunity_access_delta_2016":-0.007,"fairness_context_delta_2016":0.0,"deprivation_weighted_opportunity_delta_2016":-0.005,"development_pressure_delta_previous":0.025,"planning_intensity_delta_previous":0.013,"green_cover_delta_previous":-0.033,"mobility_access_delta_previous":0.0,"bike_activity_delta_previous":0.0,"air_quality_delta_previous":0.024,"opportunity_access_delta_previous":-0.008,"fairness_context_delta_previous":0.0,"deprivation_weighted_opportunity_delta_previous":-0.006,"dominant_change":"improved","confidence":"low","evidence":["OpenStreetMap building export clipped to Belfast NI core","250m-style grid proxy generated from local spatial anchors","NI Air annual trend proxy included","Opportunity and exposure scores are normalized directional indicators"]},"geometry":{"type":"Polygon","coordinates":[[[-5.946666666666667,54.655],[-5.930000000000001,54.655],[-5.930000000000001,54.67],[-5.946666666666667,54.67],[-5.946666666666667,54.655]]]}},{"type":"Feature","id":"belfast_09_09_2024","properties":{"cell_id":"belfast_09_09","year":2024,"row":9,"col":9,"development_pressure":0.163,"planning_intensity":0.141,"green_cover":0.325,"mobility_access":0.2,"bike_activity":0.05,"air_quality":0.859,"opportunity_access":0.329,"fairness_context":0.0,"deprivation_weighted_opportunity":0.244,"development_pressure_delta_2016":-0.016,"planning_intensity_delta_2016":-0.008,"green_cover_delta_2016":-0.029,"mobility_access_delta_2016":0.0,"bike_activity_delta_2016":0.0,"air_quality_delta_2016":0.227,"opportunity_access_delta_2016":-0.004,"fairness_context_delta_2016":0.0,"deprivation_weighted_opportunity_delta_2016":-0.003,"development_pressure_delta_previous":0.026,"planning_intensity_delta_previous":0.013,"green_cover_delta_previous":-0.01,"mobility_access_delta_previous":0.0,"bike_activity_delta_previous":0.0,"air_quality_delta_previous":0.028,"opportunity_access_delta_previous":-0.004,"fairness_context_delta_previous":0.0,"deprivation_weighted_opportunity_delta_previous":-0.003,"dominant_change":"improved","confidence":"low","evidence":["OpenStreetMap building export clipped to Belfast NI core","250m-style grid proxy generated from local spatial anchors","NI Air annual trend proxy included","Opportunity and exposure scores are normalized directional indicators"]},"geometry":{"type":"Polygon","coordinates":[[[-5.93,54.655],[-5.913333333333333,54.655],[-5.913333333333333,54.67],[-5.93,54.67],[-5.93,54.655]]]}},{"type":"Feature","id":"belfast_09_10_2024","properties":{"cell_id":"belfast_09_10","year":2024,"row":9,"col":10,"development_pressure":0.178,"planning_intensity":0.201,"green_cover":0.396,"mobility_access":0.2,"bike_activity":0.05,"air_quality":0.871,"opportunity_access":0.341,"fairness_context":0.0,"deprivation_weighted_opportunity":0.252,"development_pressure_delta_2016":0.001,"planning_intensity_delta_2016":0.001,"green_cover_delta_2016":0.011,"mobility_access_delta_2016":0.0,"bike_activity_delta_2016":0.0,"air_quality_delta_2016":0.233,"opportunity_access_delta_2016":0.002,"fairness_context_delta_2016":0.0,"deprivation_weighted_opportunity_delta_2016":0.001,"development_pressure_delta_previous":0.017,"planning_intensity_delta_previous":0.009,"green_cover_delta_previous":0.017,"mobility_access_delta_previous":0.0,"bike_activity_delta_previous":0.0,"air_quality_delta_previous":0.035,"opportunity_access_delta_previous":0.002,"fairness_context_delta_previous":0.0,"deprivation_weighted_opportunity_delta_previous":0.001,"dominant_change":"improved","confidence":"low","evidence":["OpenStreetMap building export clipped to Belfast NI core","250m-style grid proxy generated from local spatial anchors","NI Air annual trend proxy included","Opportunity and exposure scores are normalized directional indicators"]},"geometry":{"type":"Polygon","coordinates":[[[-5.913333333333333,54.655],[-5.8966666666666665,54.655],[-5.8966666666666665,54.67],[-5.913333333333333,54.67],[-5.913333333333333,54.655]]]}},{"type":"Feature","id":"belfast_09_11_2024","properties":{"cell_id":"belfast_09_11","year":2024,"row":9,"col":11,"development_pressure":0.178,"planning_intensity":0.169,"green_cover":0.392,"mobility_access":0.2,"bike_activity":0.05,"air_quality":0.87,"opportunity_access":0.34,"fairness_context":0.0,"deprivation_weighted_opportunity":0.252,"development_pressure_delta_2016":0.016,"planning_intensity_delta_2016":0.008,"green_cover_delta_2016":0.032,"mobility_access_delta_2016":0.0,"bike_activity_delta_2016":0.0,"air_quality_delta_2016":0.234,"opportunity_access_delta_2016":0.004,"fairness_context_delta_2016":0.0,"deprivation_weighted_opportunity_delta_2016":0.003,"development_pressure_delta_previous":0.001,"planning_intensity_delta_previous":0.001,"green_cover_delta_previous":0.026,"mobility_access_delta_previous":0.0,"bike_activity_delta_previous":0.0,"air_quality_delta_previous":0.039,"opportunity_access_delta_previous":0.004,"fairness_context_delta_previous":0.0,"deprivation_weighted_opportunity_delta_previous":0.004,"dominant_change":"improved","confidence":"low","evidence":["OpenStreetMap building export clipped to Belfast NI core","250m-style grid proxy generated from local spatial anchors","NI Air annual trend proxy included","Opportunity and exposure scores are normalized directional indicators"]},"geometry":{"type":"Polygon","coordinates":[[[-5.8966666666666665,54.655],[-5.88,54.655],[-5.88,54.67],[-5.8966666666666665,54.67],[-5.8966666666666665,54.655]]]}},{"type":"Feature","id":"belfast_09_12_2024","properties":{"cell_id":"belfast_09_12","year":2024,"row":9,"col":12,"development_pressure":0.164,"planning_intensity":0.104,"green_cover":0.345,"mobility_access":0.2,"bike_activity":0.05,"air_quality":0.863,"opportunity_access":0.333,"fairness_context":0.0,"deprivation_weighted_opportunity":0.246,"development_pressure_delta_2016":0.026,"planning_intensity_delta_2016":0.012,"green_cover_delta_2016":0.012,"mobility_access_delta_2016":0.0,"bike_activity_delta_2016":0.0,"air_quality_delta_2016":0.229,"opportunity_access_delta_2016":0.0,"fairness_context_delta_2016":0.0,"deprivation_weighted_opportunity_delta_2016":0.0,"development_pressure_delta_previous":-0.015,"planning_intensity_delta_previous":-0.008,"green_cover_delta_previous":0.009,"mobility_access_delta_previous":0.0,"bike_activity_delta_previous":0.0,"air_quality_delta_previous":0.039,"opportunity_access_delta_previous":0.003,"fairness_context_delta_previous":0.0,"deprivation_weighted_opportunity_delta_previous":0.002,"dominant_change":"improved","confidence":"low","evidence":["OpenStreetMap building export clipped to Belfast NI core","250m-style grid proxy generated from local spatial anchors","NI Air annual trend proxy included","Opportunity and exposure scores are normalized directional indicators"]},"geometry":{"type":"Polygon","coordinates":[[[-5.88,54.655],[-5.863333333333333,54.655],[-5.863333333333333,54.67],[-5.88,54.67],[-5.88,54.655]]]}},{"type":"Feature","id":"belfast_09_13_2024","properties":{"cell_id":"belfast_09_13","year":2024,"row":9,"col":13,"development_pressure":0.14,"planning_intensity":0.08,"green_cover":0.318,"mobility_access":0.2,"bike_activity":0.05,"air_quality":0.861,"opportunity_access":0.33,"fairness_context":0.0,"deprivation_weighted_opportunity":0.244,"development_pressure_delta_2016":0.025,"planning_intensity_delta_2016":0.013,"green_cover_delta_2016":-0.03,"mobility_access_delta_2016":0.0,"bike_activity_delta_2016":0.0,"air_quality_delta_2016":0.22,"opportunity_access_delta_2016":-0.008,"fairness_context_delta_2016":0.0,"deprivation_weighted_opportunity_delta_2016":-0.006,"development_pressure_delta_previous":-0.026,"planning_intensity_delta_previous":-0.013,"green_cover_delta_previous":-0.015,"mobility_access_delta_previous":0.0,"bike_activity_delta_previous":0.0,"air_quality_delta_previous":0.035,"opportunity_access_delta_previous":-0.001,"fairness_context_delta_previous":0.0,"deprivation_weighted_opportunity_delta_previous":-0.001,"dominant_change":"improved","confidence":"low","evidence":["OpenStreetMap building export clipped to Belfast NI core","250m-style grid proxy generated from local spatial anchors","NI Air annual trend proxy included","Opportunity and exposure scores are normalized directional indicators"]},"geometry":{"type":"Polygon","coordinates":[[[-5.863333333333333,54.655],[-5.846666666666667,54.655],[-5.846666666666667,54.67],[-5.863333333333333,54.67],[-5.863333333333333,54.655]]]}},{"type":"Feature","id":"belfast_09_14_2024","properties":{"cell_id":"belfast_09_14","year":2024,"row":9,"col":14,"development_pressure":0.117,"planning_intensity":0.068,"green_cover":0.295,"mobility_access":0.2,"bike_activity":0.05,"air_quality":0.86,"opportunity_access":0.328,"fairness_context":0.0,"deprivation_weighted_opportunity":0.243,"development_pressure_delta_2016":0.016,"planning_intensity_delta_2016":0.007,"green_cover_delta_2016":-0.055,"mobility_access_delta_2016":0.0,"bike_activity_delta_2016":0.0,"air_quality_delta_2016":0.217,"opportunity_access_delta_2016":-0.011,"fairness_context_delta_2016":0.0,"deprivation_weighted_opportunity_delta_2016":-0.008,"development_pressure_delta_previous":-0.026,"planning_intensity_delta_previous":-0.014,"green_cover_delta_previous":-0.024,"mobility_access_delta_previous":0.0,"bike_activity_delta_previous":0.0,"air_quality_delta_previous":0.033,"opportunity_access_delta_previous":-0.002,"fairness_context_delta_previous":0.0,"deprivation_weighted_opportunity_delta_previous":-0.001,"dominant_change":"improved","confidence":"low","evidence":["OpenStreetMap building export clipped to Belfast NI core","250m-style grid proxy generated from local spatial anchors","NI Air annual trend proxy included","Opportunity and exposure scores are normalized directional indicators"]},"geometry":{"type":"Polygon","coordinates":[[[-5.846666666666667,54.655],[-5.83,54.655],[-5.83,54.67],[-5.846666666666667,54.67],[-5.846666666666667,54.655]]]}},{"type":"Feature","id":"belfast_09_15_2024","properties":{"cell_id":"belfast_09_15","year":2024,"row":9,"col":15,"development_pressure":0.102,"planning_intensity":0.061,"green_cover":0.287,"mobility_access":0.2,"bike_activity":0.05,"air_quality":0.861,"opportunity_access":0.328,"fairness_context":0.0,"deprivation_weighted_opportunity":0.242,"development_pressure_delta_2016":-0.001,"planning_intensity_delta_2016":0.0,"green_cover_delta_2016":-0.038,"mobility_access_delta_2016":0.0,"bike_activity_delta_2016":0.0,"air_quality_delta_2016":0.223,"opportunity_access_delta_2016":-0.006,"fairness_context_delta_2016":0.0,"deprivation_weighted_opportunity_delta_2016":-0.005,"development_pressure_delta_previous":-0.017,"planning_intensity_delta_previous":-0.009,"green_cover_delta_previous":-0.008,"mobility_access_delta_previous":0.0,"bike_activity_delta_previous":0.0,"air_quality_delta_previous":0.035,"opportunity_access_delta_previous":0.0,"fairness_context_delta_previous":0.0,"deprivation_weighted_opportunity_delta_previous":0.0,"dominant_change":"improved","confidence":"low","evidence":["OpenStreetMap building export clipped to Belfast NI core","250m-style grid proxy generated from local spatial anchors","NI Air annual trend proxy included","Opportunity and exposure scores are normalized directional indicators"]},"geometry":{"type":"Polygon","coordinates":[[[-5.83,54.655],[-5.8133333333333335,54.655],[-5.8133333333333335,54.67],[-5.83,54.67],[-5.83,54.655]]]}},{"type":"Feature","id":"belfast_09_16_2024","properties":{"cell_id":"belfast_09_16","year":2024,"row":9,"col":16,"development_pressure":0.102,"planning_intensity":0.061,"green_cover":0.304,"mobility_access":0.2,"bike_activity":0.05,"air_quality":0.864,"opportunity_access":0.331,"fairness_context":0.0,"deprivation_weighted_opportunity":0.245,"development_pressure_delta_2016":-0.016,"planning_intensity_delta_2016":-0.008,"green_cover_delta_2016":0.007,"mobility_access_delta_2016":0.0,"bike_activity_delta_2016":0.0,"air_quality_delta_2016":0.234,"opportunity_access_delta_2016":0.003,"fairness_context_delta_2016":0.0,"deprivation_weighted_opportunity_delta_2016":0.002,"development_pressure_delta_previous":-0.001,"planning_intensity_delta_previous":0.0,"green_cover_delta_previous":0.016,"mobility_access_delta_previous":0.0,"bike_activity_delta_previous":0.0,"air_quality_delta_previous":0.037,"opportunity_access_delta_previous":0.003,"fairness_context_delta_previous":0.0,"deprivation_weighted_opportunity_delta_previous":0.003,"dominant_change":"improved","confidence":"low","evidence":["OpenStreetMap building export clipped to Belfast NI core","250m-style grid proxy generated from local spatial anchors","NI Air annual trend proxy included","Opportunity and exposure scores are normalized directional indicators"]},"geometry":{"type":"Polygon","coordinates":[[[-5.8133333333333335,54.655],[-5.796666666666667,54.655],[-5.796666666666667,54.67],[-5.8133333333333335,54.67],[-5.8133333333333335,54.655]]]}},{"type":"Feature","id":"belfast_09_17_2024","properties":{"cell_id":"belfast_09_17","year":2024,"row":9,"col":17,"development_pressure":0.116,"planning_intensity":0.068,"green_cover":0.329,"mobility_access":0.2,"bike_activity":0.05,"air_quality":0.867,"opportunity_access":0.334,"fairness_context":0.0,"deprivation_weighted_opportunity":0.247,"development_pressure_delta_2016":-0.026,"planning_intensity_delta_2016":-0.013,"green_cover_delta_2016":0.039,"mobility_access_delta_2016":0.0,"bike_activity_delta_2016":0.0,"air_quality_delta_2016":0.242,"opportunity_access_delta_2016":0.009,"fairness_context_delta_2016":0.0,"deprivation_weighted_opportunity_delta_2016":0.007,"development_pressure_delta_previous":0.015,"planning_intensity_delta_previous":0.007,"green_cover_delta_previous":0.024,"mobility_access_delta_previous":0.0,"bike_activity_delta_previous":0.0,"air_quality_delta_previous":0.037,"opportunity_access_delta_previous":0.003,"fairness_context_delta_previous":0.0,"deprivation_weighted_opportunity_delta_previous":0.002,"dominant_change":"improved","confidence":"low","evidence":["OpenStreetMap building export clipped to Belfast NI core","250m-style grid proxy generated from local spatial anchors","NI Air annual trend proxy included","Opportunity and exposure scores are normalized directional indicators"]},"geometry":{"type":"Polygon","coordinates":[[[-5.796666666666667,54.655],[-5.78,54.655],[-5.78,54.67],[-5.796666666666667,54.67],[-5.796666666666667,54.655]]]}},{"type":"Feature","id":"belfast_10_00_2024","properties":{"cell_id":"belfast_10_00","year":2024,"row":10,"col":0,"development_pressure":0.167,"planning_intensity":0.093,"green_cover":0.323,"mobility_access":0.2,"bike_activity":0.05,"air_quality":0.858,"opportunity_access":0.329,"fairness_context":0.0,"deprivation_weighted_opportunity":0.243,"development_pressure_delta_2016":0.025,"planning_intensity_delta_2016":0.012,"green_cover_delta_2016":-0.013,"mobility_access_delta_2016":0.0,"bike_activity_delta_2016":0.0,"air_quality_delta_2016":0.224,"opportunity_access_delta_2016":-0.004,"fairness_context_delta_2016":0.0,"deprivation_weighted_opportunity_delta_2016":-0.004,"development_pressure_delta_previous":-0.013,"planning_intensity_delta_previous":-0.007,"green_cover_delta_previous":-0.008,"mobility_access_delta_previous":0.0,"bike_activity_delta_previous":0.0,"air_quality_delta_previous":0.035,"opportunity_access_delta_previous":0.0,"fairness_context_delta_previous":0.0,"deprivation_weighted_opportunity_delta_previous":-0.001,"dominant_change":"improved","confidence":"low","evidence":["OpenStreetMap building export clipped to Belfast NI core","250m-style grid proxy generated from local spatial anchors","NI Air annual trend proxy included","Opportunity and exposure scores are normalized directional indicators"]},"geometry":{"type":"Polygon","coordinates":[[[-6.08,54.67],[-6.0633333333333335,54.67],[-6.0633333333333335,54.685],[-6.08,54.685],[-6.08,54.67]]]}},{"type":"Feature","id":"belfast_10_01_2024","properties":{"cell_id":"belfast_10_01","year":2024,"row":10,"col":1,"development_pressure":0.144,"planning_intensity":0.082,"green_cover":0.301,"mobility_access":0.2,"bike_activity":0.05,"air_quality":0.857,"opportunity_access":0.327,"fairness_context":0.0,"deprivation_weighted_opportunity":0.242,"development_pressure_delta_2016":0.026,"planning_intensity_delta_2016":0.013,"green_cover_delta_2016":-0.05,"mobility_access_delta_2016":0.0,"bike_activity_delta_2016":0.0,"air_quality_delta_2016":0.216,"opportunity_access_delta_2016":-0.011,"fairness_context_delta_2016":0.0,"deprivation_weighted_opportunity_delta_2016":-0.008,"development_pressure_delta_previous":-0.025,"planning_intensity_delta_previous":-0.012,"green_cover_delta_previous":-0.023,"mobility_access_delta_previous":0.0,"bike_activity_delta_previous":0.0,"air_quality_delta_previous":0.033,"opportunity_access_delta_previous":-0.002,"fairness_context_delta_previous":0.0,"deprivation_weighted_opportunity_delta_previous":-0.001,"dominant_change":"improved","confidence":"low","evidence":["OpenStreetMap building export clipped to Belfast NI core","250m-style grid proxy generated from local spatial anchors","NI Air annual trend proxy included","Opportunity and exposure scores are normalized directional indicators"]},"geometry":{"type":"Polygon","coordinates":[[[-6.0633333333333335,54.67],[-6.046666666666667,54.67],[-6.046666666666667,54.685],[-6.0633333333333335,54.685],[-6.0633333333333335,54.67]]]}},{"type":"Feature","id":"belfast_10_02_2024","properties":{"cell_id":"belfast_10_02","year":2024,"row":10,"col":2,"development_pressure":0.12,"planning_intensity":0.07,"green_cover":0.285,"mobility_access":0.2,"bike_activity":0.05,"air_quality":0.858,"opportunity_access":0.326,"fairness_context":0.0,"deprivation_weighted_opportunity":0.241,"development_pressure_delta_2016":0.018,"planning_intensity_delta_2016":0.009,"green_cover_delta_2016":-0.052,"mobility_access_delta_2016":0.0,"bike_activity_delta_2016":0.0,"air_quality_delta_2016":0.217,"opportunity_access_delta_2016":-0.011,"fairness_context_delta_2016":0.0,"deprivation_weighted_opportunity_delta_2016":-0.008,"development_pressure_delta_previous":-0.027,"planning_intensity_delta_previous":-0.013,"green_cover_delta_previous":-0.016,"mobility_access_delta_previous":0.0,"bike_activity_delta_previous":0.0,"air_quality_delta_previous":0.036,"opportunity_access_delta_previous":0.0,"fairness_context_delta_previous":0.0,"deprivation_weighted_opportunity_delta_previous":-0.001,"dominant_change":"improved","confidence":"low","evidence":["OpenStreetMap building export clipped to Belfast NI core","250m-style grid proxy generated from local spatial anchors","NI Air annual trend proxy included","Opportunity and exposure scores are normalized directional indicators"]},"geometry":{"type":"Polygon","coordinates":[[[-6.046666666666667,54.67],[-6.03,54.67],[-6.03,54.685],[-6.046666666666667,54.685],[-6.046666666666667,54.67]]]}},{"type":"Feature","id":"belfast_10_03_2024","properties":{"cell_id":"belfast_10_03","year":2024,"row":10,"col":3,"development_pressure":0.103,"planning_intensity":0.062,"green_cover":0.293,"mobility_access":0.2,"bike_activity":0.05,"air_quality":0.862,"opportunity_access":0.329,"fairness_context":0.0,"deprivation_weighted_opportunity":0.243,"development_pressure_delta_2016":0.001,"planning_intensity_delta_2016":0.001,"green_cover_delta_2016":-0.016,"mobility_access_delta_2016":0.0,"bike_activity_delta_2016":0.0,"air_quality_delta_2016":0.227,"opportunity_access_delta_2016":-0.002,"fairness_context_delta_2016":0.0,"deprivation_weighted_opportunity_delta_2016":-0.002,"development_pressure_delta_previous":-0.019,"planning_intensity_delta_previous":-0.009,"green_cover_delta_previous":0.008,"mobility_access_delta_previous":0.0,"bike_activity_delta_previous":0.0,"air_quality_delta_previous":0.039,"opportunity_access_delta_previous":0.003,"fairness_context_delta_previous":0.0,"deprivation_weighted_opportunity_delta_previous":0.002,"dominant_change":"improved","confidence":"low","evidence":["OpenStreetMap building export clipped to Belfast NI core","250m-style grid proxy generated from local spatial anchors","NI Air annual trend proxy included","Opportunity and exposure scores are normalized directional indicators"]},"geometry":{"type":"Polygon","coordinates":[[[-6.03,54.67],[-6.013333333333334,54.67],[-6.013333333333334,54.685],[-6.03,54.685],[-6.03,54.67]]]}},{"type":"Feature","id":"belfast_10_04_2024","properties":{"cell_id":"belfast_10_04","year":2024,"row":10,"col":4,"development_pressure":0.101,"planning_intensity":0.061,"green_cover":0.32,"mobility_access":0.2,"bike_activity":0.05,"air_quality":0.868,"opportunity_access":0.334,"fairness_context":0.0,"deprivation_weighted_opportunity":0.247,"development_pressure_delta_2016":-0.014,"planning_intensity_delta_2016":-0.007,"green_cover_delta_2016":0.028,"mobility_access_delta_2016":0.0,"bike_activity_delta_2016":0.0,"air_quality_delta_2016":0.238,"opportunity_access_delta_2016":0.007,"fairness_context_delta_2016":0.0,"deprivation_weighted_opportunity_delta_2016":0.005,"development_pressure_delta_previous":-0.003,"planning_intensity_delta_previous":-0.001,"green_cover_delta_previous":0.026,"mobility_access_delta_previous":0.0,"bike_activity_delta_previous":0.0,"air_quality_delta_previous":0.04,"opportunity_access_delta_previous":0.005,"fairness_context_delta_previous":0.0,"deprivation_weighted_opportunity_delta_previous":0.004,"dominant_change":"improved","confidence":"low","evidence":["OpenStreetMap building export clipped to Belfast NI core","250m-style grid proxy generated from local spatial anchors","NI Air annual trend proxy included","Opportunity and exposure scores are normalized directional indicators"]},"geometry":{"type":"Polygon","coordinates":[[[-6.013333333333334,54.67],[-5.996666666666667,54.67],[-5.996666666666667,54.685],[-6.013333333333334,54.685],[-6.013333333333334,54.67]]]}},{"type":"Feature","id":"belfast_10_05_2024","properties":{"cell_id":"belfast_10_05","year":2024,"row":10,"col":5,"development_pressure":0.114,"planning_intensity":0.067,"green_cover":0.341,"mobility_access":0.2,"bike_activity":0.05,"air_quality":0.87,"opportunity_access":0.336,"fairness_context":0.0,"deprivation_weighted_opportunity":0.249,"development_pressure_delta_2016":-0.025,"planning_intensity_delta_2016":-0.012,"green_cover_delta_2016":0.04,"mobility_access_delta_2016":0.0,"bike_activity_delta_2016":0.0,"air_quality_delta_2016":0.242,"opportunity_access_delta_2016":0.009,"fairness_context_delta_2016":0.0,"deprivation_weighted_opportunity_delta_2016":0.007,"development_pressure_delta_previous":0.014,"planning_intensity_delta_previous":0.007,"green_cover_delta_previous":0.02,"mobility_access_delta_previous":0.0,"bike_activity_delta_previous":0.0,"air_quality_delta_previous":0.036,"opportunity_access_delta_previous":0.002,"fairness_context_delta_previous":0.0,"deprivation_weighted_opportunity_delta_previous":0.002,"dominant_change":"improved","confidence":"low","evidence":["OpenStreetMap building export clipped to Belfast NI core","250m-style grid proxy generated from local spatial anchors","NI Air annual trend proxy included","Opportunity and exposure scores are normalized directional indicators"]},"geometry":{"type":"Polygon","coordinates":[[[-5.996666666666667,54.67],[-5.98,54.67],[-5.98,54.685],[-5.996666666666667,54.685],[-5.996666666666667,54.67]]]}},{"type":"Feature","id":"belfast_10_06_2024","properties":{"cell_id":"belfast_10_06","year":2024,"row":10,"col":6,"development_pressure":0.137,"planning_intensity":0.078,"green_cover":0.335,"mobility_access":0.2,"bike_activity":0.05,"air_quality":0.865,"opportunity_access":0.333,"fairness_context":0.0,"deprivation_weighted_opportunity":0.247,"development_pressure_delta_2016":-0.025,"planning_intensity_delta_2016":-0.013,"green_cover_delta_2016":0.01,"mobility_access_delta_2016":0.0,"bike_activity_delta_2016":0.0,"air_quality_delta_2016":0.236,"opportunity_access_delta_2016":0.003,"fairness_context_delta_2016":0.0,"deprivation_weighted_opportunity_delta_2016":0.003,"development_pressure_delta_previous":0.025,"planning_intensity_delta_previous":0.012,"green_cover_delta_previous":-0.008,"mobility_access_delta_previous":0.0,"bike_activity_delta_previous":0.0,"air_quality_delta_previous":0.029,"opportunity_access_delta_previous":-0.004,"fairness_context_delta_previous":0.0,"deprivation_weighted_opportunity_delta_previous":-0.002,"dominant_change":"improved","confidence":"low","evidence":["OpenStreetMap building export clipped to Belfast NI core","250m-style grid proxy generated from local spatial anchors","NI Air annual trend proxy included","Opportunity and exposure scores are normalized directional indicators"]},"geometry":{"type":"Polygon","coordinates":[[[-5.98,54.67],[-5.963333333333334,54.67],[-5.963333333333334,54.685],[-5.98,54.685],[-5.98,54.67]]]}},{"type":"Feature","id":"belfast_10_07_2024","properties":{"cell_id":"belfast_10_07","year":2024,"row":10,"col":7,"development_pressure":0.161,"planning_intensity":0.09,"green_cover":0.305,"mobility_access":0.2,"bike_activity":0.05,"air_quality":0.855,"opportunity_access":0.326,"fairness_context":0.0,"deprivation_weighted_opportunity":0.241,"development_pressure_delta_2016":-0.017,"planning_intensity_delta_2016":-0.009,"green_cover_delta_2016":-0.036,"mobility_access_delta_2016":0.0,"bike_activity_delta_2016":0.0,"air_quality_delta_2016":0.226,"opportunity_access_delta_2016":-0.005,"fairness_context_delta_2016":0.0,"deprivation_weighted_opportunity_delta_2016":-0.004,"development_pressure_delta_previous":0.027,"planning_intensity_delta_previous":0.013,"green_cover_delta_previous":-0.032,"mobility_access_delta_previous":0.0,"bike_activity_delta_previous":0.0,"air_quality_delta_previous":0.023,"opportunity_access_delta_previous":-0.008,"fairness_context_delta_previous":0.0,"deprivation_weighted_opportunity_delta_previous":-0.006,"dominant_change":"improved","confidence":"low","evidence":["OpenStreetMap building export clipped to Belfast NI core","250m-style grid proxy generated from local spatial anchors","NI Air annual trend proxy included","Opportunity and exposure scores are normalized directional indicators"]},"geometry":{"type":"Polygon","coordinates":[[[-5.963333333333334,54.67],[-5.946666666666667,54.67],[-5.946666666666667,54.685],[-5.963333333333334,54.685],[-5.963333333333334,54.67]]]}},{"type":"Feature","id":"belfast_10_08_2024","properties":{"cell_id":"belfast_10_08","year":2024,"row":10,"col":8,"development_pressure":0.177,"planning_intensity":0.098,"green_cover":0.276,"mobility_access":0.2,"bike_activity":0.05,"air_quality":0.847,"opportunity_access":0.319,"fairness_context":0.0,"deprivation_weighted_opportunity":0.236,"development_pressure_delta_2016":-0.001,"planning_intensity_delta_2016":-0.001,"green_cover_delta_2016":-0.056,"mobility_access_delta_2016":0.0,"bike_activity_delta_2016":0.0,"air_quality_delta_2016":0.219,"opportunity_access_delta_2016":-0.01,"fairness_context_delta_2016":0.0,"deprivation_weighted_opportunity_delta_2016":-0.008,"development_pressure_delta_previous":0.019,"planning_intensity_delta_previous":0.009,"green_cover_delta_previous":-0.031,"mobility_access_delta_previous":0.0,"bike_activity_delta_previous":0.0,"air_quality_delta_previous":0.025,"opportunity_access_delta_previous":-0.008,"fairness_context_delta_previous":0.0,"deprivation_weighted_opportunity_delta_previous":-0.006,"dominant_change":"improved","confidence":"low","evidence":["OpenStreetMap building export clipped to Belfast NI core","250m-style grid proxy generated from local spatial anchors","NI Air annual trend proxy included","Opportunity and exposure scores are normalized directional indicators"]},"geometry":{"type":"Polygon","coordinates":[[[-5.946666666666667,54.67],[-5.930000000000001,54.67],[-5.930000000000001,54.685],[-5.946666666666667,54.685],[-5.946666666666667,54.67]]]}},{"type":"Feature","id":"belfast_10_09_2024","properties":{"cell_id":"belfast_10_09","year":2024,"row":10,"col":9,"development_pressure":0.179,"planning_intensity":0.117,"green_cover":0.29,"mobility_access":0.2,"bike_activity":0.05,"air_quality":0.849,"opportunity_access":0.322,"fairness_context":0.0,"deprivation_weighted_opportunity":0.238,"development_pressure_delta_2016":0.015,"planning_intensity_delta_2016":0.007,"green_cover_delta_2016":-0.034,"mobility_access_delta_2016":0.0,"bike_activity_delta_2016":0.0,"air_quality_delta_2016":0.221,"opportunity_access_delta_2016":-0.007,"fairness_context_delta_2016":0.0,"deprivation_weighted_opportunity_delta_2016":-0.006,"development_pressure_delta_previous":0.003,"planning_intensity_delta_previous":0.001,"green_cover_delta_previous":-0.005,"mobility_access_delta_previous":0.0,"bike_activity_delta_previous":0.0,"air_quality_delta_previous":0.032,"opportunity_access_delta_previous":-0.001,"fairness_context_delta_previous":0.0,"deprivation_weighted_opportunity_delta_previous":-0.001,"dominant_change":"improved","confidence":"low","evidence":["OpenStreetMap building export clipped to Belfast NI core","250m-style grid proxy generated from local spatial anchors","NI Air annual trend proxy included","Opportunity and exposure scores are normalized directional indicators"]},"geometry":{"type":"Polygon","coordinates":[[[-5.93,54.67],[-5.913333333333333,54.67],[-5.913333333333333,54.685],[-5.93,54.685],[-5.93,54.67]]]}},{"type":"Feature","id":"belfast_10_10_2024","properties":{"cell_id":"belfast_10_10","year":2024,"row":10,"col":10,"development_pressure":0.166,"planning_intensity":0.137,"green_cover":0.341,"mobility_access":0.2,"bike_activity":0.05,"air_quality":0.862,"opportunity_access":0.332,"fairness_context":0.0,"deprivation_weighted_opportunity":0.246,"development_pressure_delta_2016":0.025,"planning_intensity_delta_2016":0.013,"green_cover_delta_2016":0.008,"mobility_access_delta_2016":0.0,"bike_activity_delta_2016":0.0,"air_quality_delta_2016":0.228,"opportunity_access_delta_2016":-0.001,"fairness_context_delta_2016":0.0,"deprivation_weighted_opportunity_delta_2016":0.0,"development_pressure_delta_previous":-0.013,"planning_intensity_delta_previous":-0.007,"green_cover_delta_previous":0.024,"mobility_access_delta_previous":0.0,"bike_activity_delta_previous":0.0,"air_quality_delta_previous":0.042,"opportunity_access_delta_previous":0.005,"fairness_context_delta_previous":0.0,"deprivation_weighted_opportunity_delta_previous":0.004,"dominant_change":"improved","confidence":"low","evidence":["OpenStreetMap building export clipped to Belfast NI core","250m-style grid proxy generated from local spatial anchors","NI Air annual trend proxy included","Opportunity and exposure scores are normalized directional indicators"]},"geometry":{"type":"Polygon","coordinates":[[[-5.913333333333333,54.67],[-5.8966666666666665,54.67],[-5.8966666666666665,54.685],[-5.913333333333333,54.685],[-5.913333333333333,54.67]]]}},{"type":"Feature","id":"belfast_10_11_2024","properties":{"cell_id":"belfast_10_11","year":2024,"row":10,"col":11,"development_pressure":0.143,"planning_intensity":0.112,"green_cover":0.361,"mobility_access":0.2,"bike_activity":0.05,"air_quality":0.869,"opportunity_access":0.337,"fairness_context":0.0,"deprivation_weighted_opportunity":0.25,"development_pressure_delta_2016":0.026,"planning_intensity_delta_2016":0.013,"green_cover_delta_2016":0.033,"mobility_access_delta_2016":0.0,"bike_activity_delta_2016":0.0,"air_quality_delta_2016":0.232,"opportunity_access_delta_2016":0.003,"fairness_context_delta_2016":0.0,"deprivation_weighted_opportunity_delta_2016":0.003,"development_pressure_delta_previous":-0.025,"planning_intensity_delta_previous":-0.013,"green_cover_delta_previous":0.032,"mobility_access_delta_previous":0.0,"bike_activity_delta_previous":0.0,"air_quality_delta_previous":0.044,"opportunity_access_delta_previous":0.007,"fairness_context_delta_previous":0.0,"deprivation_weighted_opportunity_delta_previous":0.006,"dominant_change":"improved","confidence":"low","evidence":["OpenStreetMap building export clipped to Belfast NI core","250m-style grid proxy generated from local spatial anchors","NI Air annual trend proxy included","Opportunity and exposure scores are normalized directional indicators"]},"geometry":{"type":"Polygon","coordinates":[[[-5.8966666666666665,54.67],[-5.88,54.67],[-5.88,54.685],[-5.8966666666666665,54.685],[-5.8966666666666665,54.67]]]}},{"type":"Feature","id":"belfast_10_12_2024","properties":{"cell_id":"belfast_10_12","year":2024,"row":10,"col":12,"development_pressure":0.119,"planning_intensity":0.07,"green_cover":0.342,"mobility_access":0.2,"bike_activity":0.05,"air_quality":0.869,"opportunity_access":0.336,"fairness_context":0.0,"deprivation_weighted_opportunity":0.249,"development_pressure_delta_2016":0.017,"planning_intensity_delta_2016":0.009,"green_cover_delta_2016":0.015,"mobility_access_delta_2016":0.0,"bike_activity_delta_2016":0.0,"air_quality_delta_2016":0.23,"opportunity_access_delta_2016":0.001,"fairness_context_delta_2016":0.0,"deprivation_weighted_opportunity_delta_2016":0.001,"development_pressure_delta_previous":-0.027,"planning_intensity_delta_previous":-0.013,"green_cover_delta_previous":0.012,"mobility_access_delta_previous":0.0,"bike_activity_delta_previous":0.0,"air_quality_delta_previous":0.041,"opportunity_access_delta_previous":0.004,"fairness_context_delta_previous":0.0,"deprivation_weighted_opportunity_delta_previous":0.003,"dominant_change":"improved","confidence":"low","evidence":["OpenStreetMap building export clipped to Belfast NI core","250m-style grid proxy generated from local spatial anchors","NI Air annual trend proxy included","Opportunity and exposure scores are normalized directional indicators"]},"geometry":{"type":"Polygon","coordinates":[[[-5.88,54.67],[-5.863333333333333,54.67],[-5.863333333333333,54.685],[-5.88,54.685],[-5.88,54.67]]]}},{"type":"Feature","id":"belfast_10_13_2024","properties":{"cell_id":"belfast_10_13","year":2024,"row":10,"col":13,"development_pressure":0.103,"planning_intensity":0.061,"green_cover":0.326,"mobility_access":0.2,"bike_activity":0.05,"air_quality":0.869,"opportunity_access":0.335,"fairness_context":0.0,"deprivation_weighted_opportunity":0.248,"development_pressure_delta_2016":0.001,"planning_intensity_delta_2016":0.0,"green_cover_delta_2016":-0.024,"mobility_access_delta_2016":0.0,"bike_activity_delta_2016":0.0,"air_quality_delta_2016":0.225,"opportunity_access_delta_2016":-0.004,"fairness_context_delta_2016":0.0,"deprivation_weighted_opportunity_delta_2016":-0.003,"development_pressure_delta_previous":-0.018,"planning_intensity_delta_previous":-0.01,"green_cover_delta_previous":-0.017,"mobility_access_delta_previous":0.0,"bike_activity_delta_previous":0.0,"air_quality_delta_previous":0.034,"opportunity_access_delta_previous":-0.001,"fairness_context_delta_previous":0.0,"deprivation_weighted_opportunity_delta_previous":-0.001,"dominant_change":"improved","confidence":"low","evidence":["OpenStreetMap building export clipped to Belfast NI core","250m-style grid proxy generated from local spatial anchors","NI Air annual trend proxy included","Opportunity and exposure scores are normalized directional indicators"]},"geometry":{"type":"Polygon","coordinates":[[[-5.863333333333333,54.67],[-5.846666666666667,54.67],[-5.846666666666667,54.685],[-5.863333333333333,54.685],[-5.863333333333333,54.67]]]}},{"type":"Feature","id":"belfast_10_14_2024","properties":{"cell_id":"belfast_10_14","year":2024,"row":10,"col":14,"development_pressure":0.101,"planning_intensity":0.061,"green_cover":0.299,"mobility_access":0.2,"bike_activity":0.05,"air_quality":0.864,"opportunity_access":0.33,"fairness_context":0.0,"deprivation_weighted_opportunity":0.244,"development_pressure_delta_2016":-0.015,"planning_intensity_delta_2016":-0.007,"green_cover_delta_2016":-0.048,"mobility_access_delta_2016":0.0,"bike_activity_delta_2016":0.0,"air_quality_delta_2016":0.223,"opportunity_access_delta_2016":-0.007,"fairness_context_delta_2016":0.0,"deprivation_weighted_opportunity_delta_2016":-0.006,"development_pressure_delta_previous":-0.003,"planning_intensity_delta_previous":-0.001,"green_cover_delta_previous":-0.028,"mobility_access_delta_previous":0.0,"bike_activity_delta_previous":0.0,"air_quality_delta_previous":0.03,"opportunity_access_delta_previous":-0.005,"fairness_context_delta_previous":0.0,"deprivation_weighted_opportunity_delta_previous":-0.004,"dominant_change":"improved","confidence":"low","evidence":["OpenStreetMap building export clipped to Belfast NI core","250m-style grid proxy generated from local spatial anchors","NI Air annual trend proxy included","Opportunity and exposure scores are normalized directional indicators"]},"geometry":{"type":"Polygon","coordinates":[[[-5.846666666666667,54.67],[-5.83,54.67],[-5.83,54.685],[-5.846666666666667,54.685],[-5.846666666666667,54.67]]]}},{"type":"Feature","id":"belfast_10_15_2024","properties":{"cell_id":"belfast_10_15","year":2024,"row":10,"col":15,"development_pressure":0.114,"planning_intensity":0.067,"green_cover":0.285,"mobility_access":0.2,"bike_activity":0.05,"air_quality":0.859,"opportunity_access":0.326,"fairness_context":0.0,"deprivation_weighted_opportunity":0.241,"development_pressure_delta_2016":-0.025,"planning_intensity_delta_2016":-0.013,"green_cover_delta_2016":-0.034,"mobility_access_delta_2016":0.0,"bike_activity_delta_2016":0.0,"air_quality_delta_2016":0.228,"opportunity_access_delta_2016":-0.004,"fairness_context_delta_2016":0.0,"deprivation_weighted_opportunity_delta_2016":-0.003,"development_pressure_delta_previous":0.013,"planning_intensity_delta_previous":0.007,"green_cover_delta_previous":-0.014,"mobility_access_delta_previous":0.0,"bike_activity_delta_previous":0.0,"air_quality_delta_previous":0.03,"opportunity_access_delta_previous":-0.004,"fairness_context_delta_previous":0.0,"deprivation_weighted_opportunity_delta_previous":-0.003,"dominant_change":"improved","confidence":"low","evidence":["OpenStreetMap building export clipped to Belfast NI core","250m-style grid proxy generated from local spatial anchors","NI Air annual trend proxy included","Opportunity and exposure scores are normalized directional indicators"]},"geometry":{"type":"Polygon","coordinates":[[[-5.83,54.67],[-5.8133333333333335,54.67],[-5.8133333333333335,54.685],[-5.83,54.685],[-5.83,54.67]]]}},{"type":"Feature","id":"belfast_10_16_2024","properties":{"cell_id":"belfast_10_16","year":2024,"row":10,"col":16,"development_pressure":0.137,"planning_intensity":0.079,"green_cover":0.296,"mobility_access":0.2,"bike_activity":0.05,"air_quality":0.857,"opportunity_access":0.326,"fairness_context":0.0,"deprivation_weighted_opportunity":0.241,"development_pressure_delta_2016":-0.026,"planning_intensity_delta_2016":-0.013,"green_cover_delta_2016":0.007,"mobility_access_delta_2016":0.0,"bike_activity_delta_2016":0.0,"air_quality_delta_2016":0.236,"opportunity_access_delta_2016":0.003,"fairness_context_delta_2016":0.0,"deprivation_weighted_opportunity_delta_2016":0.002,"development_pressure_delta_previous":0.025,"planning_intensity_delta_previous":0.013,"green_cover_delta_previous":0.01,"mobility_access_delta_previous":0.0,"bike_activity_delta_previous":0.0,"air_quality_delta_previous":0.032,"opportunity_access_delta_previous":0.0,"fairness_context_delta_previous":0.0,"deprivation_weighted_opportunity_delta_previous":-0.001,"dominant_change":"improved","confidence":"low","evidence":["OpenStreetMap building export clipped to Belfast NI core","250m-style grid proxy generated from local spatial anchors","NI Air annual trend proxy included","Opportunity and exposure scores are normalized directional indicators"]},"geometry":{"type":"Polygon","coordinates":[[[-5.8133333333333335,54.67],[-5.796666666666667,54.67],[-5.796666666666667,54.685],[-5.8133333333333335,54.685],[-5.8133333333333335,54.67]]]}},{"type":"Feature","id":"belfast_10_17_2024","properties":{"cell_id":"belfast_10_17","year":2024,"row":10,"col":17,"development_pressure":0.161,"planning_intensity":0.091,"green_cover":0.319,"mobility_access":0.2,"bike_activity":0.05,"air_quality":0.858,"opportunity_access":0.329,"fairness_context":0.0,"deprivation_weighted_opportunity":0.243,"development_pressure_delta_2016":-0.017,"planning_intensity_delta_2016":-0.008,"green_cover_delta_2016":0.035,"mobility_access_delta_2016":0.0,"bike_activity_delta_2016":0.0,"air_quality_delta_2016":0.24,"opportunity_access_delta_2016":0.008,"fairness_context_delta_2016":0.0,"deprivation_weighted_opportunity_delta_2016":0.006,"development_pressure_delta_previous":0.027,"planning_intensity_delta_previous":0.014,"green_cover_delta_previous":0.021,"mobility_access_delta_previous":0.0,"bike_activity_delta_previous":0.0,"air_quality_delta_previous":0.034,"opportunity_access_delta_previous":0.002,"fairness_context_delta_previous":0.0,"deprivation_weighted_opportunity_delta_previous":0.001,"dominant_change":"improved","confidence":"low","evidence":["OpenStreetMap building export clipped to Belfast NI core","250m-style grid proxy generated from local spatial anchors","NI Air annual trend proxy included","Opportunity and exposure scores are normalized directional indicators"]},"geometry":{"type":"Polygon","coordinates":[[[-5.796666666666667,54.67],[-5.78,54.67],[-5.78,54.685],[-5.796666666666667,54.685],[-5.796666666666667,54.67]]]}},{"type":"Feature","id":"belfast_11_00_2024","properties":{"cell_id":"belfast_11_00","year":2024,"row":11,"col":0,"development_pressure":0.122,"planning_intensity":0.071,"green_cover":0.333,"mobility_access":0.2,"bike_activity":0.05,"air_quality":0.867,"opportunity_access":0.334,"fairness_context":0.0,"deprivation_weighted_opportunity":0.247,"development_pressure_delta_2016":0.018,"planning_intensity_delta_2016":0.009,"green_cover_delta_2016":-0.009,"mobility_access_delta_2016":0.0,"bike_activity_delta_2016":0.0,"air_quality_delta_2016":0.225,"opportunity_access_delta_2016":-0.003,"fairness_context_delta_2016":0.0,"deprivation_weighted_opportunity_delta_2016":-0.003,"development_pressure_delta_previous":-0.027,"planning_intensity_delta_previous":-0.014,"green_cover_delta_previous":-0.004,"mobility_access_delta_previous":0.0,"bike_activity_delta_previous":0.0,"air_quality_delta_previous":0.038,"opportunity_access_delta_previous":0.001,"fairness_context_delta_previous":0.0,"deprivation_weighted_opportunity_delta_previous":0.001,"dominant_change":"improved","confidence":"low","evidence":["OpenStreetMap building export clipped to Belfast NI core","250m-style grid proxy generated from local spatial anchors","NI Air annual trend proxy included","Opportunity and exposure scores are normalized directional indicators"]},"geometry":{"type":"Polygon","coordinates":[[[-6.08,54.685],[-6.0633333333333335,54.685],[-6.0633333333333335,54.7],[-6.08,54.7],[-6.08,54.685]]]}},{"type":"Feature","id":"belfast_11_01_2024","properties":{"cell_id":"belfast_11_01","year":2024,"row":11,"col":1,"development_pressure":0.104,"planning_intensity":0.062,"green_cover":0.309,"mobility_access":0.2,"bike_activity":0.05,"air_quality":0.865,"opportunity_access":0.331,"fairness_context":0.0,"deprivation_weighted_opportunity":0.245,"development_pressure_delta_2016":0.003,"planning_intensity_delta_2016":0.002,"green_cover_delta_2016":-0.045,"mobility_access_delta_2016":0.0,"bike_activity_delta_2016":0.0,"air_quality_delta_2016":0.221,"opportunity_access_delta_2016":-0.009,"fairness_context_delta_2016":0.0,"deprivation_weighted_opportunity_delta_2016":-0.006,"development_pressure_delta_previous":-0.021,"planning_intensity_delta_previous":-0.01,"green_cover_delta_previous":-0.025,"mobility_access_delta_previous":0.0,"bike_activity_delta_previous":0.0,"air_quality_delta_previous":0.033,"opportunity_access_delta_previous":-0.003,"fairness_context_delta_previous":0.0,"deprivation_weighted_opportunity_delta_previous":-0.002,"dominant_change":"improved","confidence":"low","evidence":["OpenStreetMap building export clipped to Belfast NI core","250m-style grid proxy generated from local spatial anchors","NI Air annual trend proxy included","Opportunity and exposure scores are normalized directional indicators"]},"geometry":{"type":"Polygon","coordinates":[[[-6.0633333333333335,54.685],[-6.046666666666667,54.685],[-6.046666666666667,54.7],[-6.0633333333333335,54.7],[-6.0633333333333335,54.685]]]}},{"type":"Feature","id":"belfast_11_02_2024","properties":{"cell_id":"belfast_11_02","year":2024,"row":11,"col":2,"development_pressure":0.1,"planning_intensity":0.06,"green_cover":0.289,"mobility_access":0.2,"bike_activity":0.05,"air_quality":0.862,"opportunity_access":0.328,"fairness_context":0.0,"deprivation_weighted_opportunity":0.243,"development_pressure_delta_2016":-0.013,"planning_intensity_delta_2016":-0.007,"green_cover_delta_2016":-0.047,"mobility_access_delta_2016":0.0,"bike_activity_delta_2016":0.0,"air_quality_delta_2016":0.223,"opportunity_access_delta_2016":-0.007,"fairness_context_delta_2016":0.0,"deprivation_weighted_opportunity_delta_2016":-0.005,"development_pressure_delta_previous":-0.006,"planning_intensity_delta_previous":-0.003,"green_cover_delta_previous":-0.021,"mobility_access_delta_previous":0.0,"bike_activity_delta_previous":0.0,"air_quality_delta_previous":0.031,"opportunity_access_delta_previous":-0.003,"fairness_context_delta_previous":0.0,"deprivation_weighted_opportunity_delta_previous":-0.002,"dominant_change":"improved","confidence":"low","evidence":["OpenStreetMap building export clipped to Belfast NI core","250m-style grid proxy generated from local spatial anchors","NI Air annual trend proxy included","Opportunity and exposure scores are normalized directional indicators"]},"geometry":{"type":"Polygon","coordinates":[[[-6.046666666666667,54.685],[-6.03,54.685],[-6.03,54.7],[-6.046666666666667,54.7],[-6.046666666666667,54.685]]]}},{"type":"Feature","id":"belfast_11_03_2024","properties":{"cell_id":"belfast_11_03","year":2024,"row":11,"col":3,"development_pressure":0.112,"planning_intensity":0.066,"green_cover":0.292,"mobility_access":0.2,"bike_activity":0.05,"air_quality":0.86,"opportunity_access":0.328,"fairness_context":0.0,"deprivation_weighted_opportunity":0.242,"development_pressure_delta_2016":-0.024,"planning_intensity_delta_2016":-0.012,"green_cover_delta_2016":-0.011,"mobility_access_delta_2016":0.0,"bike_activity_delta_2016":0.0,"air_quality_delta_2016":0.231,"opportunity_access_delta_2016":0.0,"fairness_context_delta_2016":0.0,"deprivation_weighted_opportunity_delta_2016":0.0,"development_pressure_delta_previous":0.012,"planning_intensity_delta_previous":0.006,"green_cover_delta_previous":0.002,"mobility_access_delta_previous":0.0,"bike_activity_delta_previous":0.0,"air_quality_delta_previous":0.032,"opportunity_access_delta_previous":0.0,"fairness_context_delta_previous":0.0,"deprivation_weighted_opportunity_delta_previous":-0.001,"dominant_change":"improved","confidence":"low","evidence":["OpenStreetMap building export clipped to Belfast NI core","250m-style grid proxy generated from local spatial anchors","NI Air annual trend proxy included","Opportunity and exposure scores are normalized directional indicators"]},"geometry":{"type":"Polygon","coordinates":[[[-6.03,54.685],[-6.013333333333334,54.685],[-6.013333333333334,54.7],[-6.03,54.7],[-6.03,54.685]]]}},{"type":"Feature","id":"belfast_11_04_2024","properties":{"cell_id":"belfast_11_04","year":2024,"row":11,"col":4,"development_pressure":0.134,"planning_intensity":0.077,"green_cover":0.313,"mobility_access":0.2,"bike_activity":0.05,"air_quality":0.861,"opportunity_access":0.33,"fairness_context":0.0,"deprivation_weighted_opportunity":0.244,"development_pressure_delta_2016":-0.026,"planning_intensity_delta_2016":-0.013,"green_cover_delta_2016":0.029,"mobility_access_delta_2016":0.0,"bike_activity_delta_2016":0.0,"air_quality_delta_2016":0.24,"opportunity_access_delta_2016":0.008,"fairness_context_delta_2016":0.0,"deprivation_weighted_opportunity_delta_2016":0.005,"development_pressure_delta_previous":0.024,"planning_intensity_delta_previous":0.012,"green_cover_delta_previous":0.02,"mobility_access_delta_previous":0.0,"bike_activity_delta_previous":0.0,"air_quality_delta_previous":0.034,"opportunity_access_delta_previous":0.002,"fairness_context_delta_previous":0.0,"deprivation_weighted_opportunity_delta_previous":0.001,"dominant_change":"improved","confidence":"low","evidence":["OpenStreetMap building export clipped to Belfast NI core","250m-style grid proxy generated from local spatial anchors","NI Air annual trend proxy included","Opportunity and exposure scores are normalized directional indicators"]},"geometry":{"type":"Polygon","coordinates":[[[-6.013333333333334,54.685],[-5.996666666666667,54.685],[-5.996666666666667,54.7],[-6.013333333333334,54.7],[-6.013333333333334,54.685]]]}},{"type":"Feature","id":"belfast_11_05_2024","properties":{"cell_id":"belfast_11_05","year":2024,"row":11,"col":5,"development_pressure":0.158,"planning_intensity":0.089,"green_cover":0.331,"mobility_access":0.2,"bike_activity":0.05,"air_quality":0.861,"opportunity_access":0.331,"fairness_context":0.0,"deprivation_weighted_opportunity":0.245,"development_pressure_delta_2016":-0.019,"planning_intensity_delta_2016":-0.009,"green_cover_delta_2016":0.037,"mobility_access_delta_2016":0.0,"bike_activity_delta_2016":0.0,"air_quality_delta_2016":0.241,"opportunity_access_delta_2016":0.008,"fairness_context_delta_2016":0.0,"deprivation_weighted_opportunity_delta_2016":0.006,"development_pressure_delta_previous":0.027,"planning_intensity_delta_previous":0.013,"green_cover_delta_previous":0.016,"mobility_access_delta_previous":0.0,"bike_activity_delta_previous":0.0,"air_quality_delta_previous":0.033,"opportunity_access_delta_previous":0.001,"fairness_context_delta_previous":0.0,"deprivation_weighted_opportunity_delta_previous":0.001,"dominant_change":"improved","confidence":"low","evidence":["OpenStreetMap building export clipped to Belfast NI core","250m-style grid proxy generated from local spatial anchors","NI Air annual trend proxy included","Opportunity and exposure scores are normalized directional indicators"]},"geometry":{"type":"Polygon","coordinates":[[[-5.996666666666667,54.685],[-5.98,54.685],[-5.98,54.7],[-5.996666666666667,54.7],[-5.996666666666667,54.685]]]}},{"type":"Feature","id":"belfast_11_06_2024","properties":{"cell_id":"belfast_11_06","year":2024,"row":11,"col":6,"development_pressure":0.176,"planning_intensity":0.098,"green_cover":0.327,"mobility_access":0.2,"bike_activity":0.05,"air_quality":0.857,"opportunity_access":0.329,"fairness_context":0.0,"deprivation_weighted_opportunity":0.243,"development_pressure_delta_2016":-0.003,"planning_intensity_delta_2016":-0.002,"green_cover_delta_2016":0.004,"mobility_access_delta_2016":0.0,"bike_activity_delta_2016":0.0,"air_quality_delta_2016":0.231,"opportunity_access_delta_2016":0.001,"fairness_context_delta_2016":0.0,"deprivation_weighted_opportunity_delta_2016":0.0,"development_pressure_delta_previous":0.02,"planning_intensity_delta_previous":0.01,"green_cover_delta_previous":-0.006,"mobility_access_delta_previous":0.0,"bike_activity_delta_previous":0.0,"air_quality_delta_previous":0.03,"opportunity_access_delta_previous":-0.003,"fairness_context_delta_previous":0.0,"deprivation_weighted_opportunity_delta_previous":-0.002,"dominant_change":"improved","confidence":"low","evidence":["OpenStreetMap building export clipped to Belfast NI core","250m-style grid proxy generated from local spatial anchors","NI Air annual trend proxy included","Opportunity and exposure scores are normalized directional indicators"]},"geometry":{"type":"Polygon","coordinates":[[[-5.98,54.685],[-5.963333333333334,54.685],[-5.963333333333334,54.7],[-5.98,54.7],[-5.98,54.685]]]}},{"type":"Feature","id":"belfast_11_07_2024","properties":{"cell_id":"belfast_11_07","year":2024,"row":11,"col":7,"development_pressure":0.179,"planning_intensity":0.1,"green_cover":0.301,"mobility_access":0.2,"bike_activity":0.05,"air_quality":0.851,"opportunity_access":0.324,"fairness_context":0.0,"deprivation_weighted_opportunity":0.24,"development_pressure_delta_2016":0.012,"planning_intensity_delta_2016":0.007,"green_cover_delta_2016":-0.042,"mobility_access_delta_2016":0.0,"bike_activity_delta_2016":0.0,"air_quality_delta_2016":0.219,"opportunity_access_delta_2016":-0.008,"fairness_context_delta_2016":0.0,"deprivation_weighted_opportunity_delta_2016":-0.006,"development_pressure_delta_previous":0.005,"planning_intensity_delta_previous":0.003,"green_cover_delta_previous":-0.027,"mobility_access_delta_previous":0.0,"bike_activity_delta_previous":0.0,"air_quality_delta_previous":0.028,"opportunity_access_delta_previous":-0.005,"fairness_context_delta_previous":0.0,"deprivation_weighted_opportunity_delta_previous":-0.004,"dominant_change":"improved","confidence":"low","evidence":["OpenStreetMap building export clipped to Belfast NI core","250m-style grid proxy generated from local spatial anchors","NI Air annual trend proxy included","Opportunity and exposure scores are normalized directional indicators"]},"geometry":{"type":"Polygon","coordinates":[[[-5.963333333333334,54.685],[-5.946666666666667,54.685],[-5.946666666666667,54.7],[-5.963333333333334,54.7],[-5.963333333333334,54.685]]]}},{"type":"Feature","id":"belfast_11_08_2024","properties":{"cell_id":"belfast_11_08","year":2024,"row":11,"col":8,"development_pressure":0.168,"planning_intensity":0.094,"green_cover":0.278,"mobility_access":0.2,"bike_activity":0.05,"air_quality":0.849,"opportunity_access":0.321,"fairness_context":0.0,"deprivation_weighted_opportunity":0.237,"development_pressure_delta_2016":0.024,"planning_intensity_delta_2016":0.012,"green_cover_delta_2016":-0.06,"mobility_access_delta_2016":0.0,"bike_activity_delta_2016":0.0,"air_quality_delta_2016":0.215,"opportunity_access_delta_2016":-0.012,"fairness_context_delta_2016":0.0,"deprivation_weighted_opportunity_delta_2016":-0.01,"development_pressure_delta_previous":-0.012,"planning_intensity_delta_previous":-0.006,"green_cover_delta_previous":-0.024,"mobility_access_delta_previous":0.0,"bike_activity_delta_previous":0.0,"air_quality_delta_previous":0.032,"opportunity_access_delta_previous":-0.003,"fairness_context_delta_previous":0.0,"deprivation_weighted_opportunity_delta_previous":-0.003,"dominant_change":"improved","confidence":"low","evidence":["OpenStreetMap building export clipped to Belfast NI core","250m-style grid proxy generated from local spatial anchors","NI Air annual trend proxy included","Opportunity and exposure scores are normalized directional indicators"]},"geometry":{"type":"Polygon","coordinates":[[[-5.946666666666667,54.685],[-5.930000000000001,54.685],[-5.930000000000001,54.7],[-5.946666666666667,54.7],[-5.946666666666667,54.685]]]}},{"type":"Feature","id":"belfast_11_09_2024","properties":{"cell_id":"belfast_11_09","year":2024,"row":11,"col":9,"development_pressure":0.146,"planning_intensity":0.083,"green_cover":0.28,"mobility_access":0.2,"bike_activity":0.05,"air_quality":0.853,"opportunity_access":0.323,"fairness_context":0.0,"deprivation_weighted_opportunity":0.239,"development_pressure_delta_2016":0.026,"planning_intensity_delta_2016":0.013,"green_cover_delta_2016":-0.034,"mobility_access_delta_2016":0.0,"bike_activity_delta_2016":0.0,"air_quality_delta_2016":0.22,"opportunity_access_delta_2016":-0.008,"fairness_context_delta_2016":0.0,"deprivation_weighted_opportunity_delta_2016":-0.006,"development_pressure_delta_previous":-0.024,"planning_intensity_delta_previous":-0.012,"green_cover_delta_previous":0.001,"mobility_access_delta_previous":0.0,"bike_activity_delta_previous":0.0,"air_quality_delta_previous":0.039,"opportunity_access_delta_previous":0.002,"fairness_context_delta_previous":0.0,"deprivation_weighted_opportunity_delta_previous":0.002,"dominant_change":"improved","confidence":"low","evidence":["OpenStreetMap building export clipped to Belfast NI core","250m-style grid proxy generated from local spatial anchors","NI Air annual trend proxy included","Opportunity and exposure scores are normalized directional indicators"]},"geometry":{"type":"Polygon","coordinates":[[[-5.93,54.685],[-5.913333333333333,54.685],[-5.913333333333333,54.7],[-5.93,54.7],[-5.93,54.685]]]}},{"type":"Feature","id":"belfast_11_10_2024","properties":{"cell_id":"belfast_11_10","year":2024,"row":11,"col":10,"development_pressure":0.121,"planning_intensity":0.071,"green_cover":0.307,"mobility_access":0.2,"bike_activity":0.05,"air_quality":0.862,"opportunity_access":0.33,"fairness_context":0.0,"deprivation_weighted_opportunity":0.244,"development_pressure_delta_2016":0.018,"planning_intensity_delta_2016":0.009,"green_cover_delta_2016":0.012,"mobility_access_delta_2016":0.0,"bike_activity_delta_2016":0.0,"air_quality_delta_2016":0.23,"opportunity_access_delta_2016":0.001,"fairness_context_delta_2016":0.0,"deprivation_weighted_opportunity_delta_2016":0.001,"development_pressure_delta_previous":-0.028,"planning_intensity_delta_previous":-0.013,"green_cover_delta_previous":0.027,"mobility_access_delta_previous":0.0,"bike_activity_delta_previous":0.0,"air_quality_delta_previous":0.044,"opportunity_access_delta_previous":0.007,"fairness_context_delta_previous":0.0,"deprivation_weighted_opportunity_delta_previous":0.005,"dominant_change":"improved","confidence":"low","evidence":["OpenStreetMap building export clipped to Belfast NI core","250m-style grid proxy generated from local spatial anchors","NI Air annual trend proxy included","Opportunity and exposure scores are normalized directional indicators"]},"geometry":{"type":"Polygon","coordinates":[[[-5.913333333333333,54.685],[-5.8966666666666665,54.685],[-5.8966666666666665,54.7],[-5.913333333333333,54.7],[-5.913333333333333,54.685]]]}},{"type":"Feature","id":"belfast_11_11_2024","properties":{"cell_id":"belfast_11_11","year":2024,"row":11,"col":11,"development_pressure":0.104,"planning_intensity":0.062,"green_cover":0.339,"mobility_access":0.2,"bike_activity":0.05,"air_quality":0.871,"opportunity_access":0.337,"fairness_context":0.0,"deprivation_weighted_opportunity":0.249,"development_pressure_delta_2016":0.003,"planning_intensity_delta_2016":0.001,"green_cover_delta_2016":0.039,"mobility_access_delta_2016":0.0,"bike_activity_delta_2016":0.0,"air_quality_delta_2016":0.237,"opportunity_access_delta_2016":0.007,"fairness_context_delta_2016":0.0,"deprivation_weighted_opportunity_delta_2016":0.005,"development_pressure_delta_previous":-0.02,"planning_intensity_delta_previous":-0.01,"green_cover_delta_previous":0.031,"mobility_access_delta_previous":0.0,"bike_activity_delta_previous":0.0,"air_quality_delta_previous":0.044,"opportunity_access_delta_previous":0.008,"fairness_context_delta_previous":0.0,"deprivation_weighted_opportunity_delta_previous":0.005,"dominant_change":"improved","confidence":"low","evidence":["OpenStreetMap building export clipped to Belfast NI core","250m-style grid proxy generated from local spatial anchors","NI Air annual trend proxy included","Opportunity and exposure scores are normalized directional indicators"]},"geometry":{"type":"Polygon","coordinates":[[[-5.8966666666666665,54.685],[-5.88,54.685],[-5.88,54.7],[-5.8966666666666665,54.7],[-5.8966666666666665,54.685]]]}},{"type":"Feature","id":"belfast_11_12_2024","properties":{"cell_id":"belfast_11_12","year":2024,"row":11,"col":12,"development_pressure":0.101,"planning_intensity":0.06,"green_cover":0.347,"mobility_access":0.2,"bike_activity":0.05,"air_quality":0.873,"opportunity_access":0.338,"fairness_context":0.0,"deprivation_weighted_opportunity":0.25,"development_pressure_delta_2016":-0.013,"planning_intensity_delta_2016":-0.007,"green_cover_delta_2016":0.022,"mobility_access_delta_2016":0.0,"bike_activity_delta_2016":0.0,"air_quality_delta_2016":0.237,"opportunity_access_delta_2016":0.005,"fairness_context_delta_2016":0.0,"deprivation_weighted_opportunity_delta_2016":0.003,"development_pressure_delta_previous":-0.004,"planning_intensity_delta_previous":-0.003,"green_cover_delta_previous":0.008,"mobility_access_delta_previous":0.0,"bike_activity_delta_previous":0.0,"air_quality_delta_previous":0.036,"opportunity_access_delta_previous":0.001,"fairness_context_delta_previous":0.0,"deprivation_weighted_opportunity_delta_previous":0.001,"dominant_change":"improved","confidence":"low","evidence":["OpenStreetMap building export clipped to Belfast NI core","250m-style grid proxy generated from local spatial anchors","NI Air annual trend proxy included","Opportunity and exposure scores are normalized directional indicators"]},"geometry":{"type":"Polygon","coordinates":[[[-5.88,54.685],[-5.863333333333333,54.685],[-5.863333333333333,54.7],[-5.88,54.7],[-5.88,54.685]]]}},{"type":"Feature","id":"belfast_11_13_2024","properties":{"cell_id":"belfast_11_13","year":2024,"row":11,"col":13,"development_pressure":0.112,"planning_intensity":0.066,"green_cover":0.324,"mobility_access":0.2,"bike_activity":0.05,"air_quality":0.867,"opportunity_access":0.333,"fairness_context":0.0,"deprivation_weighted_opportunity":0.247,"development_pressure_delta_2016":-0.025,"planning_intensity_delta_2016":-0.012,"green_cover_delta_2016":-0.021,"mobility_access_delta_2016":0.0,"bike_activity_delta_2016":0.0,"air_quality_delta_2016":0.23,"opportunity_access_delta_2016":-0.002,"fairness_context_delta_2016":0.0,"deprivation_weighted_opportunity_delta_2016":-0.001,"development_pressure_delta_previous":0.012,"planning_intensity_delta_previous":0.006,"green_cover_delta_previous":-0.023,"mobility_access_delta_previous":0.0,"bike_activity_delta_previous":0.0,"air_quality_delta_previous":0.028,"opportunity_access_delta_previous":-0.006,"fairness_context_delta_previous":0.0,"deprivation_weighted_opportunity_delta_previous":-0.004,"dominant_change":"improved","confidence":"low","evidence":["OpenStreetMap building export clipped to Belfast NI core","250m-style grid proxy generated from local spatial anchors","NI Air annual trend proxy included","Opportunity and exposure scores are normalized directional indicators"]},"geometry":{"type":"Polygon","coordinates":[[[-5.863333333333333,54.685],[-5.846666666666667,54.685],[-5.846666666666667,54.7],[-5.863333333333333,54.7],[-5.863333333333333,54.685]]]}},{"type":"Feature","id":"belfast_11_14_2024","properties":{"cell_id":"belfast_11_14","year":2024,"row":11,"col":14,"development_pressure":0.134,"planning_intensity":0.077,"green_cover":0.291,"mobility_access":0.2,"bike_activity":0.05,"air_quality":0.857,"opportunity_access":0.326,"fairness_context":0.0,"deprivation_weighted_opportunity":0.241,"development_pressure_delta_2016":-0.027,"planning_intensity_delta_2016":-0.013,"green_cover_delta_2016":-0.049,"mobility_access_delta_2016":0.0,"bike_activity_delta_2016":0.0,"air_quality_delta_2016":0.225,"opportunity_access_delta_2016":-0.006,"fairness_context_delta_2016":0.0,"deprivation_weighted_opportunity_delta_2016":-0.005,"development_pressure_delta_previous":0.024,"planning_intensity_delta_previous":0.012,"green_cover_delta_previous":-0.035,"mobility_access_delta_previous":0.0,"bike_activity_delta_previous":0.0,"air_quality_delta_previous":0.024,"opportunity_access_delta_previous":-0.008,"fairness_context_delta_previous":0.0,"deprivation_weighted_opportunity_delta_previous":-0.006,"dominant_change":"improved","confidence":"low","evidence":["OpenStreetMap building export clipped to Belfast NI core","250m-style grid proxy generated from local spatial anchors","NI Air annual trend proxy included","Opportunity and exposure scores are normalized directional indicators"]},"geometry":{"type":"Polygon","coordinates":[[[-5.846666666666667,54.685],[-5.83,54.685],[-5.83,54.7],[-5.846666666666667,54.7],[-5.846666666666667,54.685]]]}},{"type":"Feature","id":"belfast_11_15_2024","properties":{"cell_id":"belfast_11_15","year":2024,"row":11,"col":15,"development_pressure":0.159,"planning_intensity":0.089,"green_cover":0.275,"mobility_access":0.2,"bike_activity":0.05,"air_quality":0.85,"opportunity_access":0.321,"fairness_context":0.0,"deprivation_weighted_opportunity":0.237,"development_pressure_delta_2016":-0.018,"planning_intensity_delta_2016":-0.009,"green_cover_delta_2016":-0.038,"mobility_access_delta_2016":0.0,"bike_activity_delta_2016":0.0,"air_quality_delta_2016":0.226,"opportunity_access_delta_2016":-0.005,"fairness_context_delta_2016":0.0,"deprivation_weighted_opportunity_delta_2016":-0.004,"development_pressure_delta_previous":0.027,"planning_intensity_delta_previous":0.013,"green_cover_delta_previous":-0.018,"mobility_access_delta_previous":0.0,"bike_activity_delta_previous":0.0,"air_quality_delta_previous":0.027,"opportunity_access_delta_previous":-0.005,"fairness_context_delta_previous":0.0,"deprivation_weighted_opportunity_delta_previous":-0.004,"dominant_change":"improved","confidence":"low","evidence":["OpenStreetMap building export clipped to Belfast NI core","250m-style grid proxy generated from local spatial anchors","NI Air annual trend proxy included","Opportunity and exposure scores are normalized directional indicators"]},"geometry":{"type":"Polygon","coordinates":[[[-5.83,54.685],[-5.8133333333333335,54.685],[-5.8133333333333335,54.7],[-5.83,54.7],[-5.83,54.685]]]}},{"type":"Feature","id":"belfast_11_16_2024","properties":{"cell_id":"belfast_11_16","year":2024,"row":11,"col":16,"development_pressure":0.176,"planning_intensity":0.098,"green_cover":0.287,"mobility_access":0.2,"bike_activity":0.05,"air_quality":0.849,"opportunity_access":0.322,"fairness_context":0.0,"deprivation_weighted_opportunity":0.238,"development_pressure_delta_2016":-0.003,"planning_intensity_delta_2016":-0.001,"green_cover_delta_2016":0.0,"mobility_access_delta_2016":0.0,"bike_activity_delta_2016":0.0,"air_quality_delta_2016":0.231,"opportunity_access_delta_2016":0.001,"fairness_context_delta_2016":0.0,"deprivation_weighted_opportunity_delta_2016":0.0,"development_pressure_delta_previous":0.02,"planning_intensity_delta_previous":0.01,"green_cover_delta_previous":0.011,"mobility_access_delta_previous":0.0,"bike_activity_delta_previous":0.0,"air_quality_delta_previous":0.033,"opportunity_access_delta_previous":0.001,"fairness_context_delta_previous":0.0,"deprivation_weighted_opportunity_delta_previous":0.0,"dominant_change":"improved","confidence":"low","evidence":["OpenStreetMap building export clipped to Belfast NI core","250m-style grid proxy generated from local spatial anchors","NI Air annual trend proxy included","Opportunity and exposure scores are normalized directional indicators"]},"geometry":{"type":"Polygon","coordinates":[[[-5.8133333333333335,54.685],[-5.796666666666667,54.685],[-5.796666666666667,54.7],[-5.8133333333333335,54.7],[-5.8133333333333335,54.685]]]}},{"type":"Feature","id":"belfast_11_17_2024","properties":{"cell_id":"belfast_11_17","year":2024,"row":11,"col":17,"development_pressure":0.179,"planning_intensity":0.1,"green_cover":0.315,"mobility_access":0.2,"bike_activity":0.05,"air_quality":0.854,"opportunity_access":0.326,"fairness_context":0.0,"deprivation_weighted_opportunity":0.242,"development_pressure_delta_2016":0.013,"planning_intensity_delta_2016":0.007,"green_cover_delta_2016":0.029,"mobility_access_delta_2016":0.0,"bike_activity_delta_2016":0.0,"air_quality_delta_2016":0.234,"opportunity_access_delta_2016":0.004,"fairness_context_delta_2016":0.0,"deprivation_weighted_opportunity_delta_2016":0.004,"development_pressure_delta_previous":0.004,"planning_intensity_delta_previous":0.003,"green_cover_delta_previous":0.026,"mobility_access_delta_previous":0.0,"bike_activity_delta_previous":0.0,"air_quality_delta_previous":0.039,"opportunity_access_delta_previous":0.004,"fairness_context_delta_previous":0.0,"deprivation_weighted_opportunity_delta_previous":0.004,"dominant_change":"improved","confidence":"low","evidence":["OpenStreetMap building export clipped to Belfast NI core","250m-style grid proxy generated from local spatial anchors","NI Air annual trend proxy included","Opportunity and exposure scores are normalized directional indicators"]},"geometry":{"type":"Polygon","coordinates":[[[-5.796666666666667,54.685],[-5.78,54.685],[-5.78,54.7],[-5.796666666666667,54.7],[-5.796666666666667,54.685]]]}}]}