{"type":"FeatureCollection","name":"mode_a_grid_2020","metadata":{"year":2020,"generated_at":"2026-04-25T13:55:50.442753+00:00","bbox":[-6.08,54.52,-5.78,54.7],"cell_count":216,"resolution_note":"Regular demo grid approximating 250m-500m cells across Belfast NI."},"features":[{"type":"Feature","id":"belfast_00_00_2020","properties":{"cell_id":"belfast_00_00","year":2020,"row":0,"col":0,"development_pressure":0.151,"planning_intensity":0.086,"green_cover":0.281,"mobility_access":0.2,"bike_activity":0.05,"air_quality":0.622,"opportunity_access":0.322,"fairness_context":0.0,"deprivation_weighted_opportunity":0.239,"development_pressure_delta_2016":0.034,"planning_intensity_delta_2016":0.018,"green_cover_delta_2016":-0.059,"mobility_access_delta_2016":0.0,"bike_activity_delta_2016":0.0,"air_quality_delta_2016":-0.017,"opportunity_access_delta_2016":-0.014,"fairness_context_delta_2016":0.0,"deprivation_weighted_opportunity_delta_2016":-0.01,"development_pressure_delta_previous":0.027,"planning_intensity_delta_previous":0.014,"green_cover_delta_previous":-0.021,"mobility_access_delta_previous":0.0,"bike_activity_delta_previous":0.0,"air_quality_delta_previous":-0.008,"opportunity_access_delta_previous":-0.006,"fairness_context_delta_previous":0.0,"deprivation_weighted_opportunity_delta_previous":-0.004,"dominant_change":"worsened","confidence":"medium","evidence":["OpenStreetMap building export clipped to Belfast NI core","250m-style grid proxy generated from local spatial anchors","Local raster source available for satellite/NDVI review","Opportunity and exposure scores are normalized directional indicators"]},"geometry":{"type":"Polygon","coordinates":[[[-6.08,54.52],[-6.0633333333333335,54.52],[-6.0633333333333335,54.535000000000004],[-6.08,54.535000000000004],[-6.08,54.52]]]}},{"type":"Feature","id":"belfast_00_01_2020","properties":{"cell_id":"belfast_00_01","year":2020,"row":0,"col":1,"development_pressure":0.172,"planning_intensity":0.096,"green_cover":0.29,"mobility_access":0.2,"bike_activity":0.05,"air_quality":0.62,"opportunity_access":0.322,"fairness_context":0.0,"deprivation_weighted_opportunity":0.239,"development_pressure_delta_2016":0.07,"planning_intensity_delta_2016":0.035,"green_cover_delta_2016":-0.064,"mobility_access_delta_2016":0.0,"bike_activity_delta_2016":0.0,"air_quality_delta_2016":-0.024,"opportunity_access_delta_2016":-0.017,"fairness_context_delta_2016":0.0,"deprivation_weighted_opportunity_delta_2016":-0.012,"development_pressure_delta_previous":0.024,"planning_intensity_delta_previous":0.012,"green_cover_delta_previous":0.007,"mobility_access_delta_previous":0.0,"bike_activity_delta_previous":0.0,"air_quality_delta_previous":-0.002,"opportunity_access_delta_previous":-0.001,"fairness_context_delta_previous":0.0,"deprivation_weighted_opportunity_delta_previous":0.0,"dominant_change":"increased","confidence":"medium","evidence":["OpenStreetMap building export clipped to Belfast NI core","250m-style grid proxy generated from local spatial anchors","Local raster source available for satellite/NDVI review","Development pressure proxy uses waterfront and city-centre intensity"]},"geometry":{"type":"Polygon","coordinates":[[[-6.0633333333333335,54.52],[-6.046666666666667,54.52],[-6.046666666666667,54.535000000000004],[-6.0633333333333335,54.535000000000004],[-6.0633333333333335,54.52]]]}},{"type":"Feature","id":"belfast_00_02_2020","properties":{"cell_id":"belfast_00_02","year":2020,"row":0,"col":2,"development_pressure":0.18,"planning_intensity":0.1,"green_cover":0.317,"mobility_access":0.2,"bike_activity":0.05,"air_quality":0.624,"opportunity_access":0.327,"fairness_context":0.0,"deprivation_weighted_opportunity":0.242,"development_pressure_delta_2016":0.078,"planning_intensity_delta_2016":0.039,"green_cover_delta_2016":-0.02,"mobility_access_delta_2016":0.0,"bike_activity_delta_2016":0.0,"air_quality_delta_2016":-0.017,"opportunity_access_delta_2016":-0.01,"fairness_context_delta_2016":0.0,"deprivation_weighted_opportunity_delta_2016":-0.007,"development_pressure_delta_previous":0.01,"planning_intensity_delta_previous":0.005,"green_cover_delta_previous":0.026,"mobility_access_delta_previous":0.0,"bike_activity_delta_previous":0.0,"air_quality_delta_previous":0.003,"opportunity_access_delta_previous":0.004,"fairness_context_delta_previous":0.0,"deprivation_weighted_opportunity_delta_previous":0.003,"dominant_change":"increased","confidence":"medium","evidence":["OpenStreetMap building export clipped to Belfast NI core","250m-style grid proxy generated from local spatial anchors","Local raster source available for satellite/NDVI review","Development pressure proxy uses waterfront and city-centre intensity"]},"geometry":{"type":"Polygon","coordinates":[[[-6.046666666666667,54.52],[-6.03,54.52],[-6.03,54.535000000000004],[-6.046666666666667,54.535000000000004],[-6.046666666666667,54.52]]]}},{"type":"Feature","id":"belfast_00_03_2020","properties":{"cell_id":"belfast_00_03","year":2020,"row":0,"col":3,"development_pressure":0.173,"planning_intensity":0.096,"green_cover":0.336,"mobility_access":0.2,"bike_activity":0.05,"air_quality":0.629,"opportunity_access":0.331,"fairness_context":0.0,"deprivation_weighted_opportunity":0.245,"development_pressure_delta_2016":0.056,"planning_intensity_delta_2016":0.028,"green_cover_delta_2016":0.03,"mobility_access_delta_2016":0.0,"bike_activity_delta_2016":0.0,"air_quality_delta_2016":-0.003,"opportunity_access_delta_2016":0.001,"fairness_context_delta_2016":0.0,"deprivation_weighted_opportunity_delta_2016":0.001,"development_pressure_delta_previous":-0.007,"planning_intensity_delta_previous":-0.004,"green_cover_delta_previous":0.018,"mobility_access_delta_previous":0.0,"bike_activity_delta_previous":0.0,"air_quality_delta_previous":0.004,"opportunity_access_delta_previous":0.004,"fairness_context_delta_previous":0.0,"deprivation_weighted_opportunity_delta_previous":0.003,"dominant_change":"increased","confidence":"medium","evidence":["OpenStreetMap building export clipped to Belfast NI core","250m-style grid proxy generated from local spatial anchors","Local raster source available for satellite/NDVI review","Development pressure proxy uses waterfront and city-centre intensity"]},"geometry":{"type":"Polygon","coordinates":[[[-6.03,54.52],[-6.013333333333334,54.52],[-6.013333333333334,54.535000000000004],[-6.03,54.535000000000004],[-6.03,54.52]]]}},{"type":"Feature","id":"belfast_00_04_2020","properties":{"cell_id":"belfast_00_04","year":2020,"row":0,"col":4,"development_pressure":0.153,"planning_intensity":0.087,"green_cover":0.331,"mobility_access":0.2,"bike_activity":0.05,"air_quality":0.631,"opportunity_access":0.331,"fairness_context":0.0,"deprivation_weighted_opportunity":0.245,"development_pressure_delta_2016":0.013,"planning_intensity_delta_2016":0.007,"green_cover_delta_2016":0.043,"mobility_access_delta_2016":0.0,"bike_activity_delta_2016":0.0,"air_quality_delta_2016":0.006,"opportunity_access_delta_2016":0.006,"fairness_context_delta_2016":0.0,"deprivation_weighted_opportunity_delta_2016":0.005,"development_pressure_delta_previous":-0.021,"planning_intensity_delta_previous":-0.01,"green_cover_delta_previous":-0.006,"mobility_access_delta_previous":0.0,"bike_activity_delta_previous":0.0,"air_quality_delta_previous":0.002,"opportunity_access_delta_previous":0.0,"fairness_context_delta_previous":0.0,"deprivation_weighted_opportunity_delta_previous":0.0,"dominant_change":"stable","confidence":"medium","evidence":["OpenStreetMap building export clipped to Belfast NI core","250m-style grid proxy generated from local spatial anchors","Local raster source available for satellite/NDVI review"]},"geometry":{"type":"Polygon","coordinates":[[[-6.013333333333334,54.52],[-5.996666666666667,54.52],[-5.996666666666667,54.535000000000004],[-6.013333333333334,54.535000000000004],[-6.013333333333334,54.52]]]}},{"type":"Feature","id":"belfast_00_05_2020","properties":{"cell_id":"belfast_00_05","year":2020,"row":0,"col":5,"development_pressure":0.128,"planning_intensity":0.074,"green_cover":0.308,"mobility_access":0.2,"bike_activity":0.05,"air_quality":0.631,"opportunity_access":0.329,"fairness_context":0.0,"deprivation_weighted_opportunity":0.244,"development_pressure_delta_2016":-0.036,"planning_intensity_delta_2016":-0.018,"green_cover_delta_2016":0.011,"mobility_access_delta_2016":0.0,"bike_activity_delta_2016":0.0,"air_quality_delta_2016":0.008,"opportunity_access_delta_2016":0.005,"fairness_context_delta_2016":0.0,"deprivation_weighted_opportunity_delta_2016":0.004,"development_pressure_delta_previous":-0.028,"planning_intensity_delta_previous":-0.014,"green_cover_delta_previous":-0.024,"mobility_access_delta_previous":0.0,"bike_activity_delta_previous":0.0,"air_quality_delta_previous":0.0,"opportunity_access_delta_previous":-0.002,"fairness_context_delta_previous":0.0,"deprivation_weighted_opportunity_delta_previous":-0.001,"dominant_change":"stable","confidence":"medium","evidence":["OpenStreetMap building export clipped to Belfast NI core","250m-style grid proxy generated from local spatial anchors","Local raster source available for satellite/NDVI review"]},"geometry":{"type":"Polygon","coordinates":[[[-5.996666666666667,54.52],[-5.98,54.52],[-5.98,54.535000000000004],[-5.996666666666667,54.535000000000004],[-5.996666666666667,54.52]]]}},{"type":"Feature","id":"belfast_00_06_2020","properties":{"cell_id":"belfast_00_06","year":2020,"row":0,"col":6,"development_pressure":0.108,"planning_intensity":0.064,"green_cover":0.291,"mobility_access":0.2,"bike_activity":0.05,"air_quality":0.631,"opportunity_access":0.328,"fairness_context":0.0,"deprivation_weighted_opportunity":0.242,"development_pressure_delta_2016":-0.07,"planning_intensity_delta_2016":-0.035,"green_cover_delta_2016":-0.032,"mobility_access_delta_2016":0.0,"bike_activity_delta_2016":0.0,"air_quality_delta_2016":0.005,"opportunity_access_delta_2016":0.0,"fairness_context_delta_2016":0.0,"deprivation_weighted_opportunity_delta_2016":-0.001,"development_pressure_delta_previous":-0.023,"planning_intensity_delta_previous":-0.012,"green_cover_delta_previous":-0.018,"mobility_access_delta_previous":0.0,"bike_activity_delta_previous":0.0,"air_quality_delta_previous":0.001,"opportunity_access_delta_previous":-0.001,"fairness_context_delta_previous":0.0,"deprivation_weighted_opportunity_delta_previous":-0.002,"dominant_change":"decreased","confidence":"medium","evidence":["OpenStreetMap building export clipped to Belfast NI core","250m-style grid proxy generated from local spatial anchors","Local raster source available for satellite/NDVI review"]},"geometry":{"type":"Polygon","coordinates":[[[-5.98,54.52],[-5.963333333333334,54.52],[-5.963333333333334,54.535000000000004],[-5.98,54.535000000000004],[-5.98,54.52]]]}},{"type":"Feature","id":"belfast_00_07_2020","properties":{"cell_id":"belfast_00_07","year":2020,"row":0,"col":7,"development_pressure":0.1,"planning_intensity":0.06,"green_cover":0.297,"mobility_access":0.2,"bike_activity":0.05,"air_quality":0.633,"opportunity_access":0.33,"fairness_context":0.0,"deprivation_weighted_opportunity":0.244,"development_pressure_delta_2016":-0.078,"planning_intensity_delta_2016":-0.039,"green_cover_delta_2016":-0.044,"mobility_access_delta_2016":0.0,"bike_activity_delta_2016":0.0,"air_quality_delta_2016":0.004,"opportunity_access_delta_2016":-0.001,"fairness_context_delta_2016":0.0,"deprivation_weighted_opportunity_delta_2016":-0.001,"development_pressure_delta_previous":-0.01,"planning_intensity_delta_previous":-0.005,"green_cover_delta_previous":0.006,"mobility_access_delta_previous":0.0,"bike_activity_delta_previous":0.0,"air_quality_delta_previous":0.003,"opportunity_access_delta_previous":0.002,"fairness_context_delta_previous":0.0,"deprivation_weighted_opportunity_delta_previous":0.002,"dominant_change":"decreased","confidence":"medium","evidence":["OpenStreetMap building export clipped to Belfast NI core","250m-style grid proxy generated from local spatial anchors","Local raster source available for satellite/NDVI review"]},"geometry":{"type":"Polygon","coordinates":[[[-5.963333333333334,54.52],[-5.946666666666667,54.52],[-5.946666666666667,54.535000000000004],[-5.963333333333334,54.535000000000004],[-5.963333333333334,54.52]]]}},{"type":"Feature","id":"belfast_00_08_2020","properties":{"cell_id":"belfast_00_08","year":2020,"row":0,"col":8,"development_pressure":0.107,"planning_intensity":0.064,"green_cover":0.322,"mobility_access":0.2,"bike_activity":0.05,"air_quality":0.637,"opportunity_access":0.333,"fairness_context":0.0,"deprivation_weighted_opportunity":0.247,"development_pressure_delta_2016":-0.056,"planning_intensity_delta_2016":-0.028,"green_cover_delta_2016":-0.012,"mobility_access_delta_2016":0.0,"bike_activity_delta_2016":0.0,"air_quality_delta_2016":0.007,"opportunity_access_delta_2016":0.002,"fairness_context_delta_2016":0.0,"deprivation_weighted_opportunity_delta_2016":0.002,"development_pressure_delta_previous":0.007,"planning_intensity_delta_previous":0.004,"green_cover_delta_previous":0.024,"mobility_access_delta_previous":0.0,"bike_activity_delta_previous":0.0,"air_quality_delta_previous":0.004,"opportunity_access_delta_previous":0.003,"fairness_context_delta_previous":0.0,"deprivation_weighted_opportunity_delta_previous":0.003,"dominant_change":"decreased","confidence":"medium","evidence":["OpenStreetMap building export clipped to Belfast NI core","250m-style grid proxy generated from local spatial anchors","Local raster source available for satellite/NDVI review"]},"geometry":{"type":"Polygon","coordinates":[[[-5.946666666666667,54.52],[-5.930000000000001,54.52],[-5.930000000000001,54.535000000000004],[-5.946666666666667,54.535000000000004],[-5.946666666666667,54.52]]]}},{"type":"Feature","id":"belfast_00_09_2020","properties":{"cell_id":"belfast_00_09","year":2020,"row":0,"col":9,"development_pressure":0.127,"planning_intensity":0.074,"green_cover":0.342,"mobility_access":0.2,"bike_activity":0.05,"air_quality":0.638,"opportunity_access":0.335,"fairness_context":0.0,"deprivation_weighted_opportunity":0.248,"development_pressure_delta_2016":-0.013,"planning_intensity_delta_2016":-0.006,"green_cover_delta_2016":0.032,"mobility_access_delta_2016":0.0,"bike_activity_delta_2016":0.0,"air_quality_delta_2016":0.009,"opportunity_access_delta_2016":0.006,"fairness_context_delta_2016":0.0,"deprivation_weighted_opportunity_delta_2016":0.005,"development_pressure_delta_previous":0.021,"planning_intensity_delta_previous":0.011,"green_cover_delta_previous":0.018,"mobility_access_delta_previous":0.0,"bike_activity_delta_previous":0.0,"air_quality_delta_previous":0.001,"opportunity_access_delta_previous":0.001,"fairness_context_delta_previous":0.0,"deprivation_weighted_opportunity_delta_previous":0.001,"dominant_change":"stable","confidence":"medium","evidence":["OpenStreetMap building export clipped to Belfast NI core","250m-style grid proxy generated from local spatial anchors","Local raster source available for satellite/NDVI review"]},"geometry":{"type":"Polygon","coordinates":[[[-5.93,54.52],[-5.913333333333333,54.52],[-5.913333333333333,54.535000000000004],[-5.93,54.535000000000004],[-5.93,54.52]]]}},{"type":"Feature","id":"belfast_00_10_2020","properties":{"cell_id":"belfast_00_10","year":2020,"row":0,"col":10,"development_pressure":0.152,"planning_intensity":0.086,"green_cover":0.337,"mobility_access":0.2,"bike_activity":0.05,"air_quality":0.633,"opportunity_access":0.332,"fairness_context":0.0,"deprivation_weighted_opportunity":0.246,"development_pressure_delta_2016":0.036,"planning_intensity_delta_2016":0.018,"green_cover_delta_2016":0.044,"mobility_access_delta_2016":0.0,"bike_activity_delta_2016":0.0,"air_quality_delta_2016":0.003,"opportunity_access_delta_2016":0.005,"fairness_context_delta_2016":0.0,"deprivation_weighted_opportunity_delta_2016":0.004,"development_pressure_delta_previous":0.028,"planning_intensity_delta_previous":0.014,"green_cover_delta_previous":-0.007,"mobility_access_delta_previous":0.0,"bike_activity_delta_previous":0.0,"air_quality_delta_previous":-0.006,"opportunity_access_delta_previous":-0.004,"fairness_context_delta_previous":0.0,"deprivation_weighted_opportunity_delta_previous":-0.003,"dominant_change":"stable","confidence":"medium","evidence":["OpenStreetMap building export clipped to Belfast NI core","250m-style grid proxy generated from local spatial anchors","Local raster source available for satellite/NDVI review"]},"geometry":{"type":"Polygon","coordinates":[[[-5.913333333333333,54.52],[-5.8966666666666665,54.52],[-5.8966666666666665,54.535000000000004],[-5.913333333333333,54.535000000000004],[-5.913333333333333,54.52]]]}},{"type":"Feature","id":"belfast_00_11_2020","properties":{"cell_id":"belfast_00_11","year":2020,"row":0,"col":11,"development_pressure":0.172,"planning_intensity":0.096,"green_cover":0.308,"mobility_access":0.2,"bike_activity":0.05,"air_quality":0.624,"opportunity_access":0.326,"fairness_context":0.0,"deprivation_weighted_opportunity":0.241,"development_pressure_delta_2016":0.07,"planning_intensity_delta_2016":0.035,"green_cover_delta_2016":0.008,"mobility_access_delta_2016":0.0,"bike_activity_delta_2016":0.0,"air_quality_delta_2016":-0.009,"opportunity_access_delta_2016":-0.004,"fairness_context_delta_2016":0.0,"deprivation_weighted_opportunity_delta_2016":-0.003,"development_pressure_delta_previous":0.023,"planning_intensity_delta_previous":0.011,"green_cover_delta_previous":-0.03,"mobility_access_delta_previous":0.0,"bike_activity_delta_previous":0.0,"air_quality_delta_previous":-0.01,"opportunity_access_delta_previous":-0.007,"fairness_context_delta_previous":0.0,"deprivation_weighted_opportunity_delta_previous":-0.005,"dominant_change":"increased","confidence":"medium","evidence":["OpenStreetMap building export clipped to Belfast NI core","250m-style grid proxy generated from local spatial anchors","Local raster source available for satellite/NDVI review","Development pressure proxy uses waterfront and city-centre intensity"]},"geometry":{"type":"Polygon","coordinates":[[[-5.8966666666666665,54.52],[-5.88,54.52],[-5.88,54.535000000000004],[-5.8966666666666665,54.535000000000004],[-5.8966666666666665,54.52]]]}},{"type":"Feature","id":"belfast_00_12_2020","properties":{"cell_id":"belfast_00_12","year":2020,"row":0,"col":12,"development_pressure":0.18,"planning_intensity":0.1,"green_cover":0.281,"mobility_access":0.2,"bike_activity":0.05,"air_quality":0.617,"opportunity_access":0.32,"fairness_context":0.0,"deprivation_weighted_opportunity":0.237,"development_pressure_delta_2016":0.078,"planning_intensity_delta_2016":0.039,"green_cover_delta_2016":-0.046,"mobility_access_delta_2016":0.0,"bike_activity_delta_2016":0.0,"air_quality_delta_2016":-0.022,"opportunity_access_delta_2016":-0.015,"fairness_context_delta_2016":0.0,"deprivation_weighted_opportunity_delta_2016":-0.011,"development_pressure_delta_previous":0.01,"planning_intensity_delta_previous":0.005,"green_cover_delta_previous":-0.029,"mobility_access_delta_previous":0.0,"bike_activity_delta_previous":0.0,"air_quality_delta_previous":-0.007,"opportunity_access_delta_previous":-0.006,"fairness_context_delta_previous":0.0,"deprivation_weighted_opportunity_delta_previous":-0.004,"dominant_change":"increased","confidence":"medium","evidence":["OpenStreetMap building export clipped to Belfast NI core","250m-style grid proxy generated from local spatial anchors","Local raster source available for satellite/NDVI review","Development pressure proxy uses waterfront and city-centre intensity"]},"geometry":{"type":"Polygon","coordinates":[[[-5.88,54.52],[-5.863333333333333,54.52],[-5.863333333333333,54.535000000000004],[-5.88,54.535000000000004],[-5.88,54.52]]]}},{"type":"Feature","id":"belfast_00_13_2020","properties":{"cell_id":"belfast_00_13","year":2020,"row":0,"col":13,"development_pressure":0.173,"planning_intensity":0.096,"green_cover":0.279,"mobility_access":0.2,"bike_activity":0.05,"air_quality":0.618,"opportunity_access":0.32,"fairness_context":0.0,"deprivation_weighted_opportunity":0.237,"development_pressure_delta_2016":0.056,"planning_intensity_delta_2016":0.027,"green_cover_delta_2016":-0.069,"mobility_access_delta_2016":0.0,"bike_activity_delta_2016":0.0,"air_quality_delta_2016":-0.023,"opportunity_access_delta_2016":-0.017,"fairness_context_delta_2016":0.0,"deprivation_weighted_opportunity_delta_2016":-0.013,"development_pressure_delta_previous":-0.007,"planning_intensity_delta_previous":-0.004,"green_cover_delta_previous":-0.003,"mobility_access_delta_previous":0.0,"bike_activity_delta_previous":0.0,"air_quality_delta_previous":0.001,"opportunity_access_delta_previous":0.0,"fairness_context_delta_previous":0.0,"deprivation_weighted_opportunity_delta_previous":0.0,"dominant_change":"worsened","confidence":"medium","evidence":["OpenStreetMap building export clipped to Belfast NI core","250m-style grid proxy generated from local spatial anchors","Local raster source available for satellite/NDVI review","Opportunity and exposure scores are normalized directional indicators"]},"geometry":{"type":"Polygon","coordinates":[[[-5.863333333333333,54.52],[-5.846666666666667,54.52],[-5.846666666666667,54.535000000000004],[-5.863333333333333,54.535000000000004],[-5.863333333333333,54.52]]]}},{"type":"Feature","id":"belfast_00_14_2020","properties":{"cell_id":"belfast_00_14","year":2020,"row":0,"col":14,"development_pressure":0.153,"planning_intensity":0.086,"green_cover":0.305,"mobility_access":0.2,"bike_activity":0.05,"air_quality":0.626,"opportunity_access":0.327,"fairness_context":0.0,"deprivation_weighted_opportunity":0.242,"development_pressure_delta_2016":0.012,"planning_intensity_delta_2016":0.006,"green_cover_delta_2016":-0.038,"mobility_access_delta_2016":0.0,"bike_activity_delta_2016":0.0,"air_quality_delta_2016":-0.01,"opportunity_access_delta_2016":-0.008,"fairness_context_delta_2016":0.0,"deprivation_weighted_opportunity_delta_2016":-0.006,"development_pressure_delta_previous":-0.021,"planning_intensity_delta_previous":-0.011,"green_cover_delta_previous":0.025,"mobility_access_delta_previous":0.0,"bike_activity_delta_previous":0.0,"air_quality_delta_previous":0.008,"opportunity_access_delta_previous":0.006,"fairness_context_delta_previous":0.0,"deprivation_weighted_opportunity_delta_previous":0.005,"dominant_change":"stable","confidence":"medium","evidence":["OpenStreetMap building export clipped to Belfast NI core","250m-style grid proxy generated from local spatial anchors","Local raster source available for satellite/NDVI review"]},"geometry":{"type":"Polygon","coordinates":[[[-5.846666666666667,54.52],[-5.83,54.52],[-5.83,54.535000000000004],[-5.846666666666667,54.535000000000004],[-5.846666666666667,54.52]]]}},{"type":"Feature","id":"belfast_00_15_2020","properties":{"cell_id":"belfast_00_15","year":2020,"row":0,"col":15,"development_pressure":0.128,"planning_intensity":0.074,"green_cover":0.337,"mobility_access":0.2,"bike_activity":0.05,"air_quality":0.637,"opportunity_access":0.334,"fairness_context":0.0,"deprivation_weighted_opportunity":0.248,"development_pressure_delta_2016":-0.036,"planning_intensity_delta_2016":-0.018,"green_cover_delta_2016":0.022,"mobility_access_delta_2016":0.0,"bike_activity_delta_2016":0.0,"air_quality_delta_2016":0.011,"opportunity_access_delta_2016":0.006,"fairness_context_delta_2016":0.0,"deprivation_weighted_opportunity_delta_2016":0.006,"development_pressure_delta_previous":-0.027,"planning_intensity_delta_previous":-0.014,"green_cover_delta_previous":0.031,"mobility_access_delta_previous":0.0,"bike_activity_delta_previous":0.0,"air_quality_delta_previous":0.011,"opportunity_access_delta_previous":0.007,"fairness_context_delta_previous":0.0,"deprivation_weighted_opportunity_delta_previous":0.006,"dominant_change":"stable","confidence":"medium","evidence":["OpenStreetMap building export clipped to Belfast NI core","250m-style grid proxy generated from local spatial anchors","Local raster source available for satellite/NDVI review"]},"geometry":{"type":"Polygon","coordinates":[[[-5.83,54.52],[-5.8133333333333335,54.52],[-5.8133333333333335,54.535000000000004],[-5.83,54.535000000000004],[-5.83,54.52]]]}},{"type":"Feature","id":"belfast_00_16_2020","properties":{"cell_id":"belfast_00_16","year":2020,"row":0,"col":16,"development_pressure":0.108,"planning_intensity":0.064,"green_cover":0.348,"mobility_access":0.2,"bike_activity":0.05,"air_quality":0.642,"opportunity_access":0.338,"fairness_context":0.0,"deprivation_weighted_opportunity":0.25,"development_pressure_delta_2016":-0.07,"planning_intensity_delta_2016":-0.035,"green_cover_delta_2016":0.061,"mobility_access_delta_2016":0.0,"bike_activity_delta_2016":0.0,"air_quality_delta_2016":0.023,"opportunity_access_delta_2016":0.017,"fairness_context_delta_2016":0.0,"deprivation_weighted_opportunity_delta_2016":0.012,"development_pressure_delta_previous":-0.023,"planning_intensity_delta_previous":-0.011,"green_cover_delta_previous":0.01,"mobility_access_delta_previous":0.0,"bike_activity_delta_previous":0.0,"air_quality_delta_previous":0.006,"opportunity_access_delta_previous":0.004,"fairness_context_delta_previous":0.0,"deprivation_weighted_opportunity_delta_previous":0.003,"dominant_change":"decreased","confidence":"medium","evidence":["OpenStreetMap building export clipped to Belfast NI core","250m-style grid proxy generated from local spatial anchors","Local raster source available for satellite/NDVI review"]},"geometry":{"type":"Polygon","coordinates":[[[-5.8133333333333335,54.52],[-5.796666666666667,54.52],[-5.796666666666667,54.535000000000004],[-5.8133333333333335,54.535000000000004],[-5.8133333333333335,54.52]]]}},{"type":"Feature","id":"belfast_00_17_2020","properties":{"cell_id":"belfast_00_17","year":2020,"row":0,"col":17,"development_pressure":0.1,"planning_intensity":0.06,"green_cover":0.33,"mobility_access":0.2,"bike_activity":0.05,"air_quality":0.64,"opportunity_access":0.335,"fairness_context":0.0,"deprivation_weighted_opportunity":0.248,"development_pressure_delta_2016":-0.078,"planning_intensity_delta_2016":-0.039,"green_cover_delta_2016":0.046,"mobility_access_delta_2016":0.0,"bike_activity_delta_2016":0.0,"air_quality_delta_2016":0.022,"opportunity_access_delta_2016":0.014,"fairness_context_delta_2016":0.0,"deprivation_weighted_opportunity_delta_2016":0.011,"development_pressure_delta_previous":-0.009,"planning_intensity_delta_previous":-0.005,"green_cover_delta_previous":-0.019,"mobility_access_delta_previous":0.0,"bike_activity_delta_previous":0.0,"air_quality_delta_previous":-0.002,"opportunity_access_delta_previous":-0.003,"fairness_context_delta_previous":0.0,"deprivation_weighted_opportunity_delta_previous":-0.002,"dominant_change":"decreased","confidence":"medium","evidence":["OpenStreetMap building export clipped to Belfast NI core","250m-style grid proxy generated from local spatial anchors","Local raster source available for satellite/NDVI review"]},"geometry":{"type":"Polygon","coordinates":[[[-5.796666666666667,54.52],[-5.78,54.52],[-5.78,54.535000000000004],[-5.796666666666667,54.535000000000004],[-5.796666666666667,54.52]]]}},{"type":"Feature","id":"belfast_01_00_2020","properties":{"cell_id":"belfast_01_00","year":2020,"row":1,"col":0,"development_pressure":0.18,"planning_intensity":0.1,"green_cover":0.276,"mobility_access":0.2,"bike_activity":0.05,"air_quality":0.616,"opportunity_access":0.319,"fairness_context":0.0,"deprivation_weighted_opportunity":0.236,"development_pressure_delta_2016":0.079,"planning_intensity_delta_2016":0.039,"green_cover_delta_2016":-0.066,"mobility_access_delta_2016":0.0,"bike_activity_delta_2016":0.0,"air_quality_delta_2016":-0.026,"opportunity_access_delta_2016":-0.019,"fairness_context_delta_2016":0.0,"deprivation_weighted_opportunity_delta_2016":-0.014,"development_pressure_delta_previous":0.012,"planning_intensity_delta_previous":0.006,"green_cover_delta_previous":-0.018,"mobility_access_delta_previous":0.0,"bike_activity_delta_previous":0.0,"air_quality_delta_previous":-0.006,"opportunity_access_delta_previous":-0.004,"fairness_context_delta_previous":0.0,"deprivation_weighted_opportunity_delta_previous":-0.003,"dominant_change":"increased","confidence":"medium","evidence":["OpenStreetMap building export clipped to Belfast NI core","250m-style grid proxy generated from local spatial anchors","Local raster source available for satellite/NDVI review","Development pressure proxy uses waterfront and city-centre intensity"]},"geometry":{"type":"Polygon","coordinates":[[[-6.08,54.535000000000004],[-6.0633333333333335,54.535000000000004],[-6.0633333333333335,54.550000000000004],[-6.08,54.550000000000004],[-6.08,54.535000000000004]]]}},{"type":"Feature","id":"belfast_01_01_2020","properties":{"cell_id":"belfast_01_01","year":2020,"row":1,"col":1,"development_pressure":0.174,"planning_intensity":0.097,"green_cover":0.289,"mobility_access":0.2,"bike_activity":0.05,"air_quality":0.62,"opportunity_access":0.322,"fairness_context":0.0,"deprivation_weighted_opportunity":0.238,"development_pressure_delta_2016":0.06,"planning_intensity_delta_2016":0.03,"green_cover_delta_2016":-0.063,"mobility_access_delta_2016":0.0,"bike_activity_delta_2016":0.0,"air_quality_delta_2016":-0.022,"opportunity_access_delta_2016":-0.016,"fairness_context_delta_2016":0.0,"deprivation_weighted_opportunity_delta_2016":-0.012,"development_pressure_delta_previous":-0.005,"planning_intensity_delta_previous":-0.003,"green_cover_delta_previous":0.012,"mobility_access_delta_previous":0.0,"bike_activity_delta_previous":0.0,"air_quality_delta_previous":0.004,"opportunity_access_delta_previous":0.002,"fairness_context_delta_previous":0.0,"deprivation_weighted_opportunity_delta_previous":0.002,"dominant_change":"worsened","confidence":"medium","evidence":["OpenStreetMap building export clipped to Belfast NI core","250m-style grid proxy generated from local spatial anchors","Local raster source available for satellite/NDVI review","Opportunity and exposure scores are normalized directional indicators"]},"geometry":{"type":"Polygon","coordinates":[[[-6.0633333333333335,54.535000000000004],[-6.046666666666667,54.535000000000004],[-6.046666666666667,54.550000000000004],[-6.0633333333333335,54.550000000000004],[-6.0633333333333335,54.535000000000004]]]}},{"type":"Feature","id":"belfast_01_02_2020","properties":{"cell_id":"belfast_01_02","year":2020,"row":1,"col":2,"development_pressure":0.156,"planning_intensity":0.088,"green_cover":0.321,"mobility_access":0.2,"bike_activity":0.05,"air_quality":0.629,"opportunity_access":0.329,"fairness_context":0.0,"deprivation_weighted_opportunity":0.244,"development_pressure_delta_2016":0.019,"planning_intensity_delta_2016":0.009,"green_cover_delta_2016":-0.011,"mobility_access_delta_2016":0.0,"bike_activity_delta_2016":0.0,"air_quality_delta_2016":-0.005,"opportunity_access_delta_2016":-0.004,"fairness_context_delta_2016":0.0,"deprivation_weighted_opportunity_delta_2016":-0.002,"development_pressure_delta_previous":-0.02,"planning_intensity_delta_previous":-0.01,"green_cover_delta_previous":0.031,"mobility_access_delta_previous":0.0,"bike_activity_delta_previous":0.0,"air_quality_delta_previous":0.009,"opportunity_access_delta_previous":0.007,"fairness_context_delta_previous":0.0,"deprivation_weighted_opportunity_delta_previous":0.006,"dominant_change":"stable","confidence":"medium","evidence":["OpenStreetMap building export clipped to Belfast NI core","250m-style grid proxy generated from local spatial anchors","Local raster source available for satellite/NDVI review"]},"geometry":{"type":"Polygon","coordinates":[[[-6.046666666666667,54.535000000000004],[-6.03,54.535000000000004],[-6.03,54.550000000000004],[-6.046666666666667,54.550000000000004],[-6.046666666666667,54.535000000000004]]]}},{"type":"Feature","id":"belfast_01_03_2020","properties":{"cell_id":"belfast_01_03","year":2020,"row":1,"col":3,"development_pressure":0.131,"planning_intensity":0.076,"green_cover":0.344,"mobility_access":0.2,"bike_activity":0.05,"air_quality":0.638,"opportunity_access":0.335,"fairness_context":0.0,"deprivation_weighted_opportunity":0.248,"development_pressure_delta_2016":-0.03,"planning_intensity_delta_2016":-0.015,"green_cover_delta_2016":0.045,"mobility_access_delta_2016":0.0,"bike_activity_delta_2016":0.0,"air_quality_delta_2016":0.014,"opportunity_access_delta_2016":0.01,"fairness_context_delta_2016":0.0,"deprivation_weighted_opportunity_delta_2016":0.008,"development_pressure_delta_previous":-0.027,"planning_intensity_delta_previous":-0.013,"green_cover_delta_previous":0.022,"mobility_access_delta_previous":0.0,"bike_activity_delta_previous":0.0,"air_quality_delta_previous":0.009,"opportunity_access_delta_previous":0.006,"fairness_context_delta_previous":0.0,"deprivation_weighted_opportunity_delta_previous":0.004,"dominant_change":"stable","confidence":"medium","evidence":["OpenStreetMap building export clipped to Belfast NI core","250m-style grid proxy generated from local spatial anchors","Local raster source available for satellite/NDVI review"]},"geometry":{"type":"Polygon","coordinates":[[[-6.03,54.535000000000004],[-6.013333333333334,54.535000000000004],[-6.013333333333334,54.550000000000004],[-6.03,54.550000000000004],[-6.03,54.535000000000004]]]}},{"type":"Feature","id":"belfast_01_04_2020","properties":{"cell_id":"belfast_01_04","year":2020,"row":1,"col":4,"development_pressure":0.11,"planning_intensity":0.065,"green_cover":0.339,"mobility_access":0.2,"bike_activity":0.05,"air_quality":0.64,"opportunity_access":0.336,"fairness_context":0.0,"deprivation_weighted_opportunity":0.249,"development_pressure_delta_2016":-0.067,"planning_intensity_delta_2016":-0.034,"green_cover_delta_2016":0.057,"mobility_access_delta_2016":0.0,"bike_activity_delta_2016":0.0,"air_quality_delta_2016":0.022,"opportunity_access_delta_2016":0.015,"fairness_context_delta_2016":0.0,"deprivation_weighted_opportunity_delta_2016":0.012,"development_pressure_delta_previous":-0.024,"planning_intensity_delta_previous":-0.012,"green_cover_delta_previous":-0.006,"mobility_access_delta_previous":0.0,"bike_activity_delta_previous":0.0,"air_quality_delta_previous":0.003,"opportunity_access_delta_previous":0.001,"fairness_context_delta_previous":0.0,"deprivation_weighted_opportunity_delta_previous":0.001,"dominant_change":"decreased","confidence":"medium","evidence":["OpenStreetMap building export clipped to Belfast NI core","250m-style grid proxy generated from local spatial anchors","Local raster source available for satellite/NDVI review"]},"geometry":{"type":"Polygon","coordinates":[[[-6.013333333333334,54.535000000000004],[-5.996666666666667,54.535000000000004],[-5.996666666666667,54.550000000000004],[-6.013333333333334,54.550000000000004],[-6.013333333333334,54.535000000000004]]]}},{"type":"Feature","id":"belfast_01_05_2020","properties":{"cell_id":"belfast_01_05","year":2020,"row":1,"col":5,"development_pressure":0.1,"planning_intensity":0.06,"green_cover":0.314,"mobility_access":0.2,"bike_activity":0.05,"air_quality":0.636,"opportunity_access":0.332,"fairness_context":0.009,"deprivation_weighted_opportunity":0.247,"development_pressure_delta_2016":-0.079,"planning_intensity_delta_2016":-0.039,"green_cover_delta_2016":0.02,"mobility_access_delta_2016":0.0,"bike_activity_delta_2016":0.0,"air_quality_delta_2016":0.016,"opportunity_access_delta_2016":0.009,"fairness_context_delta_2016":0.0,"deprivation_weighted_opportunity_delta_2016":0.007,"development_pressure_delta_previous":-0.012,"planning_intensity_delta_previous":-0.006,"green_cover_delta_previous":-0.026,"mobility_access_delta_previous":0.0,"bike_activity_delta_previous":0.0,"air_quality_delta_previous":-0.004,"opportunity_access_delta_previous":-0.004,"fairness_context_delta_previous":0.0,"deprivation_weighted_opportunity_delta_previous":-0.003,"dominant_change":"decreased","confidence":"medium","evidence":["OpenStreetMap building export clipped to Belfast NI core","250m-style grid proxy generated from local spatial anchors","Local raster source available for satellite/NDVI review"]},"geometry":{"type":"Polygon","coordinates":[[[-5.996666666666667,54.535000000000004],[-5.98,54.535000000000004],[-5.98,54.550000000000004],[-5.996666666666667,54.550000000000004],[-5.996666666666667,54.535000000000004]]]}},{"type":"Feature","id":"belfast_01_06_2020","properties":{"cell_id":"belfast_01_06","year":2020,"row":1,"col":6,"development_pressure":0.106,"planning_intensity":0.063,"green_cover":0.291,"mobility_access":0.2,"bike_activity":0.05,"air_quality":0.631,"opportunity_access":0.328,"fairness_context":0.026,"deprivation_weighted_opportunity":0.245,"development_pressure_delta_2016":-0.059,"planning_intensity_delta_2016":-0.03,"green_cover_delta_2016":-0.034,"mobility_access_delta_2016":0.0,"bike_activity_delta_2016":0.0,"air_quality_delta_2016":0.003,"opportunity_access_delta_2016":-0.001,"fairness_context_delta_2016":0.0,"deprivation_weighted_opportunity_delta_2016":-0.001,"development_pressure_delta_previous":0.005,"planning_intensity_delta_previous":0.003,"green_cover_delta_previous":-0.023,"mobility_access_delta_previous":0.0,"bike_activity_delta_previous":0.0,"air_quality_delta_previous":-0.005,"opportunity_access_delta_previous":-0.005,"fairness_context_delta_previous":0.0,"deprivation_weighted_opportunity_delta_previous":-0.003,"dominant_change":"decreased","confidence":"medium","evidence":["OpenStreetMap building export clipped to Belfast NI core","250m-style grid proxy generated from local spatial anchors","Local raster source available for satellite/NDVI review"]},"geometry":{"type":"Polygon","coordinates":[[[-5.98,54.535000000000004],[-5.963333333333334,54.535000000000004],[-5.963333333333334,54.550000000000004],[-5.98,54.550000000000004],[-5.98,54.535000000000004]]]}},{"type":"Feature","id":"belfast_01_07_2020","properties":{"cell_id":"belfast_01_07","year":2020,"row":1,"col":7,"development_pressure":0.128,"planning_intensity":0.075,"green_cover":0.292,"mobility_access":0.2,"bike_activity":0.05,"air_quality":0.628,"opportunity_access":0.326,"fairness_context":0.0,"deprivation_weighted_opportunity":0.241,"development_pressure_delta_2016":-0.017,"planning_intensity_delta_2016":-0.008,"green_cover_delta_2016":-0.054,"mobility_access_delta_2016":0.0,"bike_activity_delta_2016":0.0,"air_quality_delta_2016":-0.008,"opportunity_access_delta_2016":-0.009,"fairness_context_delta_2016":0.0,"deprivation_weighted_opportunity_delta_2016":-0.007,"development_pressure_delta_previous":0.02,"planning_intensity_delta_previous":0.01,"green_cover_delta_previous":0.0,"mobility_access_delta_previous":0.0,"bike_activity_delta_previous":0.0,"air_quality_delta_previous":-0.003,"opportunity_access_delta_previous":-0.002,"fairness_context_delta_previous":0.0,"deprivation_weighted_opportunity_delta_previous":-0.002,"dominant_change":"worsened","confidence":"medium","evidence":["OpenStreetMap building export clipped to Belfast NI core","250m-style grid proxy generated from local spatial anchors","Local raster source available for satellite/NDVI review","Opportunity and exposure scores are normalized directional indicators"]},"geometry":{"type":"Polygon","coordinates":[[[-5.963333333333334,54.535000000000004],[-5.946666666666667,54.535000000000004],[-5.946666666666667,54.550000000000004],[-5.963333333333334,54.550000000000004],[-5.963333333333334,54.535000000000004]]]}},{"type":"Feature","id":"belfast_01_08_2020","properties":{"cell_id":"belfast_01_08","year":2020,"row":1,"col":8,"development_pressure":0.163,"planning_intensity":0.097,"green_cover":0.312,"mobility_access":0.2,"bike_activity":0.05,"air_quality":0.626,"opportunity_access":0.327,"fairness_context":0.0,"deprivation_weighted_opportunity":0.242,"development_pressure_delta_2016":0.034,"planning_intensity_delta_2016":0.019,"green_cover_delta_2016":-0.028,"mobility_access_delta_2016":0.0,"bike_activity_delta_2016":0.0,"air_quality_delta_2016":-0.011,"opportunity_access_delta_2016":-0.008,"fairness_context_delta_2016":0.0,"deprivation_weighted_opportunity_delta_2016":-0.006,"development_pressure_delta_previous":0.028,"planning_intensity_delta_previous":0.014,"green_cover_delta_previous":0.02,"mobility_access_delta_previous":0.0,"bike_activity_delta_previous":0.0,"air_quality_delta_previous":0.0,"opportunity_access_delta_previous":0.001,"fairness_context_delta_previous":0.0,"deprivation_weighted_opportunity_delta_previous":0.001,"dominant_change":"stable","confidence":"medium","evidence":["OpenStreetMap building export clipped to Belfast NI core","250m-style grid proxy generated from local spatial anchors","Local raster source available for satellite/NDVI review"]},"geometry":{"type":"Polygon","coordinates":[[[-5.946666666666667,54.535000000000004],[-5.930000000000001,54.535000000000004],[-5.930000000000001,54.550000000000004],[-5.946666666666667,54.550000000000004],[-5.946666666666667,54.535000000000004]]]}},{"type":"Feature","id":"belfast_01_09_2020","properties":{"cell_id":"belfast_01_09","year":2020,"row":1,"col":9,"development_pressure":0.178,"planning_intensity":0.114,"green_cover":0.344,"mobility_access":0.2,"bike_activity":0.05,"air_quality":0.63,"opportunity_access":0.332,"fairness_context":0.0,"deprivation_weighted_opportunity":0.245,"development_pressure_delta_2016":0.069,"planning_intensity_delta_2016":0.036,"green_cover_delta_2016":0.017,"mobility_access_delta_2016":0.0,"bike_activity_delta_2016":0.0,"air_quality_delta_2016":-0.008,"opportunity_access_delta_2016":-0.002,"fairness_context_delta_2016":0.0,"deprivation_weighted_opportunity_delta_2016":-0.002,"development_pressure_delta_previous":0.024,"planning_intensity_delta_previous":0.012,"green_cover_delta_previous":0.017,"mobility_access_delta_previous":0.0,"bike_activity_delta_previous":0.0,"air_quality_delta_previous":0.0,"opportunity_access_delta_previous":0.002,"fairness_context_delta_previous":0.0,"deprivation_weighted_opportunity_delta_previous":0.0,"dominant_change":"increased","confidence":"medium","evidence":["OpenStreetMap building export clipped to Belfast NI core","250m-style grid proxy generated from local spatial anchors","Local raster source available for satellite/NDVI review","Development pressure proxy uses waterfront and city-centre intensity"]},"geometry":{"type":"Polygon","coordinates":[[[-5.93,54.535000000000004],[-5.913333333333333,54.535000000000004],[-5.913333333333333,54.550000000000004],[-5.93,54.550000000000004],[-5.93,54.535000000000004]]]}},{"type":"Feature","id":"belfast_01_10_2020","properties":{"cell_id":"belfast_01_10","year":2020,"row":1,"col":10,"development_pressure":0.18,"planning_intensity":0.109,"green_cover":0.34,"mobility_access":0.2,"bike_activity":0.05,"air_quality":0.629,"opportunity_access":0.331,"fairness_context":0.0,"deprivation_weighted_opportunity":0.245,"development_pressure_delta_2016":0.079,"planning_intensity_delta_2016":0.04,"green_cover_delta_2016":0.036,"mobility_access_delta_2016":0.0,"bike_activity_delta_2016":0.0,"air_quality_delta_2016":-0.005,"opportunity_access_delta_2016":0.0,"fairness_context_delta_2016":0.0,"deprivation_weighted_opportunity_delta_2016":0.0,"development_pressure_delta_previous":0.012,"planning_intensity_delta_previous":0.006,"green_cover_delta_previous":-0.005,"mobility_access_delta_previous":0.0,"bike_activity_delta_previous":0.0,"air_quality_delta_previous":-0.003,"opportunity_access_delta_previous":-0.002,"fairness_context_delta_previous":0.0,"deprivation_weighted_opportunity_delta_previous":-0.001,"dominant_change":"increased","confidence":"medium","evidence":["OpenStreetMap building export clipped to Belfast NI core","250m-style grid proxy generated from local spatial anchors","Local raster source available for satellite/NDVI review","Development pressure proxy uses waterfront and city-centre intensity"]},"geometry":{"type":"Polygon","coordinates":[[[-5.913333333333333,54.535000000000004],[-5.8966666666666665,54.535000000000004],[-5.8966666666666665,54.550000000000004],[-5.913333333333333,54.550000000000004],[-5.913333333333333,54.535000000000004]]]}},{"type":"Feature","id":"belfast_01_11_2020","properties":{"cell_id":"belfast_01_11","year":2020,"row":1,"col":11,"development_pressure":0.174,"planning_intensity":0.097,"green_cover":0.308,"mobility_access":0.2,"bike_activity":0.05,"air_quality":0.623,"opportunity_access":0.325,"fairness_context":0.0,"deprivation_weighted_opportunity":0.241,"development_pressure_delta_2016":0.059,"planning_intensity_delta_2016":0.03,"green_cover_delta_2016":0.01,"mobility_access_delta_2016":0.0,"bike_activity_delta_2016":0.0,"air_quality_delta_2016":-0.008,"opportunity_access_delta_2016":-0.003,"fairness_context_delta_2016":0.0,"deprivation_weighted_opportunity_delta_2016":-0.002,"development_pressure_delta_previous":-0.006,"planning_intensity_delta_previous":-0.003,"green_cover_delta_previous":-0.025,"mobility_access_delta_previous":0.0,"bike_activity_delta_previous":0.0,"air_quality_delta_previous":-0.005,"opportunity_access_delta_previous":-0.005,"fairness_context_delta_previous":0.0,"deprivation_weighted_opportunity_delta_previous":-0.003,"dominant_change":"increased","confidence":"medium","evidence":["OpenStreetMap building export clipped to Belfast NI core","250m-style grid proxy generated from local spatial anchors","Local raster source available for satellite/NDVI review","Development pressure proxy uses waterfront and city-centre intensity"]},"geometry":{"type":"Polygon","coordinates":[[[-5.8966666666666665,54.535000000000004],[-5.88,54.535000000000004],[-5.88,54.550000000000004],[-5.8966666666666665,54.550000000000004],[-5.8966666666666665,54.535000000000004]]]}},{"type":"Feature","id":"belfast_01_12_2020","properties":{"cell_id":"belfast_01_12","year":2020,"row":1,"col":12,"development_pressure":0.155,"planning_intensity":0.088,"green_cover":0.286,"mobility_access":0.2,"bike_activity":0.05,"air_quality":0.622,"opportunity_access":0.323,"fairness_context":0.0,"deprivation_weighted_opportunity":0.239,"development_pressure_delta_2016":0.017,"planning_intensity_delta_2016":0.009,"green_cover_delta_2016":-0.035,"mobility_access_delta_2016":0.0,"bike_activity_delta_2016":0.0,"air_quality_delta_2016":-0.01,"opportunity_access_delta_2016":-0.008,"fairness_context_delta_2016":0.0,"deprivation_weighted_opportunity_delta_2016":-0.006,"development_pressure_delta_previous":-0.02,"planning_intensity_delta_previous":-0.01,"green_cover_delta_previous":-0.023,"mobility_access_delta_previous":0.0,"bike_activity_delta_previous":0.0,"air_quality_delta_previous":-0.001,"opportunity_access_delta_previous":-0.003,"fairness_context_delta_previous":0.0,"deprivation_weighted_opportunity_delta_previous":-0.002,"dominant_change":"stable","confidence":"medium","evidence":["OpenStreetMap building export clipped to Belfast NI core","250m-style grid proxy generated from local spatial anchors","Local raster source available for satellite/NDVI review"]},"geometry":{"type":"Polygon","coordinates":[[[-5.88,54.535000000000004],[-5.863333333333333,54.535000000000004],[-5.863333333333333,54.550000000000004],[-5.88,54.550000000000004],[-5.88,54.535000000000004]]]}},{"type":"Feature","id":"belfast_01_13_2020","properties":{"cell_id":"belfast_01_13","year":2020,"row":1,"col":13,"development_pressure":0.131,"planning_intensity":0.075,"green_cover":0.287,"mobility_access":0.2,"bike_activity":0.05,"air_quality":0.626,"opportunity_access":0.325,"fairness_context":0.0,"deprivation_weighted_opportunity":0.241,"development_pressure_delta_2016":-0.031,"planning_intensity_delta_2016":-0.016,"green_cover_delta_2016":-0.054,"mobility_access_delta_2016":0.0,"bike_activity_delta_2016":0.0,"air_quality_delta_2016":-0.006,"opportunity_access_delta_2016":-0.007,"fairness_context_delta_2016":0.0,"deprivation_weighted_opportunity_delta_2016":-0.005,"development_pressure_delta_previous":-0.027,"planning_intensity_delta_previous":-0.014,"green_cover_delta_previous":0.001,"mobility_access_delta_previous":0.0,"bike_activity_delta_previous":0.0,"air_quality_delta_previous":0.004,"opportunity_access_delta_previous":0.002,"fairness_context_delta_previous":0.0,"deprivation_weighted_opportunity_delta_previous":0.002,"dominant_change":"worsened","confidence":"medium","evidence":["OpenStreetMap building export clipped to Belfast NI core","250m-style grid proxy generated from local spatial anchors","Local raster source available for satellite/NDVI review","Opportunity and exposure scores are normalized directional indicators"]},"geometry":{"type":"Polygon","coordinates":[[[-5.863333333333333,54.535000000000004],[-5.846666666666667,54.535000000000004],[-5.846666666666667,54.550000000000004],[-5.863333333333333,54.550000000000004],[-5.863333333333333,54.535000000000004]]]}},{"type":"Feature","id":"belfast_01_14_2020","properties":{"cell_id":"belfast_01_14","year":2020,"row":1,"col":14,"development_pressure":0.109,"planning_intensity":0.065,"green_cover":0.314,"mobility_access":0.2,"bike_activity":0.05,"air_quality":0.635,"opportunity_access":0.332,"fairness_context":0.0,"deprivation_weighted_opportunity":0.245,"development_pressure_delta_2016":-0.068,"planning_intensity_delta_2016":-0.034,"green_cover_delta_2016":-0.023,"mobility_access_delta_2016":0.0,"bike_activity_delta_2016":0.0,"air_quality_delta_2016":0.006,"opportunity_access_delta_2016":0.001,"fairness_context_delta_2016":0.0,"deprivation_weighted_opportunity_delta_2016":0.0,"development_pressure_delta_previous":-0.024,"planning_intensity_delta_previous":-0.012,"green_cover_delta_previous":0.026,"mobility_access_delta_previous":0.0,"bike_activity_delta_previous":0.0,"air_quality_delta_previous":0.009,"opportunity_access_delta_previous":0.007,"fairness_context_delta_previous":0.0,"deprivation_weighted_opportunity_delta_previous":0.004,"dominant_change":"decreased","confidence":"medium","evidence":["OpenStreetMap building export clipped to Belfast NI core","250m-style grid proxy generated from local spatial anchors","Local raster source available for satellite/NDVI review"]},"geometry":{"type":"Polygon","coordinates":[[[-5.846666666666667,54.535000000000004],[-5.83,54.535000000000004],[-5.83,54.550000000000004],[-5.846666666666667,54.550000000000004],[-5.846666666666667,54.535000000000004]]]}},{"type":"Feature","id":"belfast_01_15_2020","properties":{"cell_id":"belfast_01_15","year":2020,"row":1,"col":15,"development_pressure":0.1,"planning_intensity":0.06,"green_cover":0.343,"mobility_access":0.2,"bike_activity":0.05,"air_quality":0.642,"opportunity_access":0.338,"fairness_context":0.0,"deprivation_weighted_opportunity":0.25,"development_pressure_delta_2016":-0.079,"planning_intensity_delta_2016":-0.039,"green_cover_delta_2016":0.03,"mobility_access_delta_2016":0.0,"bike_activity_delta_2016":0.0,"air_quality_delta_2016":0.018,"opportunity_access_delta_2016":0.012,"fairness_context_delta_2016":0.0,"deprivation_weighted_opportunity_delta_2016":0.009,"development_pressure_delta_previous":-0.011,"planning_intensity_delta_previous":-0.006,"green_cover_delta_previous":0.029,"mobility_access_delta_previous":0.0,"bike_activity_delta_previous":0.0,"air_quality_delta_previous":0.007,"opportunity_access_delta_previous":0.006,"fairness_context_delta_previous":0.0,"deprivation_weighted_opportunity_delta_previous":0.005,"dominant_change":"decreased","confidence":"medium","evidence":["OpenStreetMap building export clipped to Belfast NI core","250m-style grid proxy generated from local spatial anchors","Local raster source available for satellite/NDVI review"]},"geometry":{"type":"Polygon","coordinates":[[[-5.83,54.535000000000004],[-5.8133333333333335,54.535000000000004],[-5.8133333333333335,54.550000000000004],[-5.83,54.550000000000004],[-5.83,54.535000000000004]]]}},{"type":"Feature","id":"belfast_01_16_2020","properties":{"cell_id":"belfast_01_16","year":2020,"row":1,"col":16,"development_pressure":0.106,"planning_intensity":0.063,"green_cover":0.349,"mobility_access":0.2,"bike_activity":0.05,"air_quality":0.642,"opportunity_access":0.338,"fairness_context":0.0,"deprivation_weighted_opportunity":0.25,"development_pressure_delta_2016":-0.059,"planning_intensity_delta_2016":-0.029,"green_cover_delta_2016":0.06,"mobility_access_delta_2016":0.0,"bike_activity_delta_2016":0.0,"air_quality_delta_2016":0.021,"opportunity_access_delta_2016":0.015,"fairness_context_delta_2016":0.0,"deprivation_weighted_opportunity_delta_2016":0.011,"development_pressure_delta_previous":0.006,"planning_intensity_delta_previous":0.003,"green_cover_delta_previous":0.006,"mobility_access_delta_previous":0.0,"bike_activity_delta_previous":0.0,"air_quality_delta_previous":0.0,"opportunity_access_delta_previous":0.0,"fairness_context_delta_previous":0.0,"deprivation_weighted_opportunity_delta_previous":0.0,"dominant_change":"improved","confidence":"medium","evidence":["OpenStreetMap building export clipped to Belfast NI core","250m-style grid proxy generated from local spatial anchors","Local raster source available for satellite/NDVI review","Opportunity and exposure scores are normalized directional indicators"]},"geometry":{"type":"Polygon","coordinates":[[[-5.8133333333333335,54.535000000000004],[-5.796666666666667,54.535000000000004],[-5.796666666666667,54.550000000000004],[-5.8133333333333335,54.550000000000004],[-5.8133333333333335,54.535000000000004]]]}},{"type":"Feature","id":"belfast_01_17_2020","properties":{"cell_id":"belfast_01_17","year":2020,"row":1,"col":17,"development_pressure":0.125,"planning_intensity":0.073,"green_cover":0.326,"mobility_access":0.2,"bike_activity":0.05,"air_quality":0.635,"opportunity_access":0.333,"fairness_context":0.0,"deprivation_weighted_opportunity":0.246,"development_pressure_delta_2016":-0.017,"planning_intensity_delta_2016":-0.008,"green_cover_delta_2016":0.036,"mobility_access_delta_2016":0.0,"bike_activity_delta_2016":0.0,"air_quality_delta_2016":0.01,"opportunity_access_delta_2016":0.008,"fairness_context_delta_2016":0.0,"deprivation_weighted_opportunity_delta_2016":0.006,"development_pressure_delta_previous":0.02,"planning_intensity_delta_previous":0.011,"green_cover_delta_previous":-0.024,"mobility_access_delta_previous":0.0,"bike_activity_delta_previous":0.0,"air_quality_delta_previous":-0.008,"opportunity_access_delta_previous":-0.006,"fairness_context_delta_previous":0.0,"deprivation_weighted_opportunity_delta_previous":-0.005,"dominant_change":"stable","confidence":"medium","evidence":["OpenStreetMap building export clipped to Belfast NI core","250m-style grid proxy generated from local spatial anchors","Local raster source available for satellite/NDVI review"]},"geometry":{"type":"Polygon","coordinates":[[[-5.796666666666667,54.535000000000004],[-5.78,54.535000000000004],[-5.78,54.550000000000004],[-5.796666666666667,54.550000000000004],[-5.796666666666667,54.535000000000004]]]}},{"type":"Feature","id":"belfast_02_00_2020","properties":{"cell_id":"belfast_02_00","year":2020,"row":2,"col":0,"development_pressure":0.158,"planning_intensity":0.089,"green_cover":0.28,"mobility_access":0.2,"bike_activity":0.05,"air_quality":0.62,"opportunity_access":0.322,"fairness_context":0.0,"deprivation_weighted_opportunity":0.238,"development_pressure_delta_2016":0.023,"planning_intensity_delta_2016":0.012,"green_cover_delta_2016":-0.057,"mobility_access_delta_2016":0.0,"bike_activity_delta_2016":0.0,"air_quality_delta_2016":-0.016,"opportunity_access_delta_2016":-0.012,"fairness_context_delta_2016":0.0,"deprivation_weighted_opportunity_delta_2016":-0.009,"development_pressure_delta_previous":-0.019,"planning_intensity_delta_previous":-0.009,"green_cover_delta_previous":-0.012,"mobility_access_delta_previous":0.0,"bike_activity_delta_previous":0.0,"air_quality_delta_previous":0.0,"opportunity_access_delta_previous":0.0,"fairness_context_delta_previous":0.0,"deprivation_weighted_opportunity_delta_previous":-0.001,"dominant_change":"worsened","confidence":"medium","evidence":["OpenStreetMap building export clipped to Belfast NI core","250m-style grid proxy generated from local spatial anchors","Local raster source available for satellite/NDVI review","Opportunity and exposure scores are normalized directional indicators"]},"geometry":{"type":"Polygon","coordinates":[[[-6.08,54.550000000000004],[-6.0633333333333335,54.550000000000004],[-6.0633333333333335,54.565000000000005],[-6.08,54.565000000000005],[-6.08,54.550000000000004]]]}},{"type":"Feature","id":"belfast_02_01_2020","properties":{"cell_id":"belfast_02_01","year":2020,"row":2,"col":1,"development_pressure":0.134,"planning_intensity":0.077,"green_cover":0.297,"mobility_access":0.2,"bike_activity":0.05,"air_quality":0.628,"opportunity_access":0.327,"fairness_context":0.0,"deprivation_weighted_opportunity":0.242,"development_pressure_delta_2016":-0.025,"planning_intensity_delta_2016":-0.012,"green_cover_delta_2016":-0.047,"mobility_access_delta_2016":0.0,"bike_activity_delta_2016":0.0,"air_quality_delta_2016":-0.005,"opportunity_access_delta_2016":-0.006,"fairness_context_delta_2016":0.0,"deprivation_weighted_opportunity_delta_2016":-0.005,"development_pressure_delta_previous":-0.027,"planning_intensity_delta_previous":-0.013,"green_cover_delta_previous":0.017,"mobility_access_delta_previous":0.0,"bike_activity_delta_previous":0.0,"air_quality_delta_previous":0.008,"opportunity_access_delta_previous":0.005,"fairness_context_delta_previous":0.0,"deprivation_weighted_opportunity_delta_previous":0.004,"dominant_change":"worsened","confidence":"medium","evidence":["OpenStreetMap building export clipped to Belfast NI core","250m-style grid proxy generated from local spatial anchors","Local raster source available for satellite/NDVI review","Opportunity and exposure scores are normalized directional indicators"]},"geometry":{"type":"Polygon","coordinates":[[[-6.0633333333333335,54.550000000000004],[-6.046666666666667,54.550000000000004],[-6.046666666666667,54.565000000000005],[-6.0633333333333335,54.565000000000005],[-6.0633333333333335,54.550000000000004]]]}},{"type":"Feature","id":"belfast_02_02_2020","properties":{"cell_id":"belfast_02_02","year":2020,"row":2,"col":2,"development_pressure":0.112,"planning_intensity":0.066,"green_cover":0.33,"mobility_access":0.2,"bike_activity":0.05,"air_quality":0.638,"opportunity_access":0.334,"fairness_context":0.0,"deprivation_weighted_opportunity":0.247,"development_pressure_delta_2016":-0.064,"planning_intensity_delta_2016":-0.032,"green_cover_delta_2016":0.004,"mobility_access_delta_2016":0.0,"bike_activity_delta_2016":0.0,"air_quality_delta_2016":0.011,"opportunity_access_delta_2016":0.005,"fairness_context_delta_2016":0.0,"deprivation_weighted_opportunity_delta_2016":0.004,"development_pressure_delta_previous":-0.025,"planning_intensity_delta_previous":-0.012,"green_cover_delta_previous":0.032,"mobility_access_delta_previous":0.0,"bike_activity_delta_previous":0.0,"air_quality_delta_previous":0.011,"opportunity_access_delta_previous":0.007,"fairness_context_delta_previous":0.0,"deprivation_weighted_opportunity_delta_previous":0.005,"dominant_change":"decreased","confidence":"medium","evidence":["OpenStreetMap building export clipped to Belfast NI core","250m-style grid proxy generated from local spatial anchors","Local raster source available for satellite/NDVI review"]},"geometry":{"type":"Polygon","coordinates":[[[-6.046666666666667,54.550000000000004],[-6.03,54.550000000000004],[-6.03,54.565000000000005],[-6.046666666666667,54.565000000000005],[-6.046666666666667,54.550000000000004]]]}},{"type":"Feature","id":"belfast_02_03_2020","properties":{"cell_id":"belfast_02_03","year":2020,"row":2,"col":3,"development_pressure":0.101,"planning_intensity":0.06,"green_cover":0.35,"mobility_access":0.2,"bike_activity":0.05,"air_quality":0.644,"opportunity_access":0.339,"fairness_context":0.103,"deprivation_weighted_opportunity":0.26,"development_pressure_delta_2016":-0.078,"planning_intensity_delta_2016":-0.04,"green_cover_delta_2016":0.054,"mobility_access_delta_2016":0.0,"bike_activity_delta_2016":0.0,"air_quality_delta_2016":0.024,"opportunity_access_delta_2016":0.016,"fairness_context_delta_2016":0.0,"deprivation_weighted_opportunity_delta_2016":0.012,"development_pressure_delta_previous":-0.013,"planning_intensity_delta_previous":-0.007,"green_cover_delta_previous":0.02,"mobility_access_delta_previous":0.0,"bike_activity_delta_previous":0.0,"air_quality_delta_previous":0.006,"opportunity_access_delta_previous":0.005,"fairness_context_delta_previous":0.0,"deprivation_weighted_opportunity_delta_previous":0.004,"dominant_change":"decreased","confidence":"medium","evidence":["OpenStreetMap building export clipped to Belfast NI core","250m-style grid proxy generated from local spatial anchors","Local raster source available for satellite/NDVI review"]},"geometry":{"type":"Polygon","coordinates":[[[-6.03,54.550000000000004],[-6.013333333333334,54.550000000000004],[-6.013333333333334,54.565000000000005],[-6.03,54.565000000000005],[-6.03,54.550000000000004]]]}},{"type":"Feature","id":"belfast_02_04_2020","properties":{"cell_id":"belfast_02_04","year":2020,"row":2,"col":4,"development_pressure":0.104,"planning_intensity":0.062,"green_cover":0.341,"mobility_access":0.2,"bike_activity":0.05,"air_quality":0.641,"opportunity_access":0.337,"fairness_context":0.257,"deprivation_weighted_opportunity":0.272,"development_pressure_delta_2016":-0.064,"planning_intensity_delta_2016":-0.032,"green_cover_delta_2016":0.058,"mobility_access_delta_2016":0.0,"bike_activity_delta_2016":0.0,"air_quality_delta_2016":0.021,"opportunity_access_delta_2016":0.015,"fairness_context_delta_2016":0.0,"deprivation_weighted_opportunity_delta_2016":0.013,"development_pressure_delta_previous":0.003,"planning_intensity_delta_previous":0.001,"green_cover_delta_previous":-0.01,"mobility_access_delta_previous":0.0,"bike_activity_delta_previous":0.0,"air_quality_delta_previous":-0.003,"opportunity_access_delta_previous":-0.002,"fairness_context_delta_previous":0.0,"deprivation_weighted_opportunity_delta_previous":-0.002,"dominant_change":"decreased","confidence":"medium","evidence":["OpenStreetMap building export clipped to Belfast NI core","250m-style grid proxy generated from local spatial anchors","Local raster source available for satellite/NDVI review"]},"geometry":{"type":"Polygon","coordinates":[[[-6.013333333333334,54.550000000000004],[-5.996666666666667,54.550000000000004],[-5.996666666666667,54.565000000000005],[-6.013333333333334,54.565000000000005],[-6.013333333333334,54.550000000000004]]]}},{"type":"Feature","id":"belfast_02_05_2020","properties":{"cell_id":"belfast_02_05","year":2020,"row":2,"col":5,"development_pressure":0.144,"planning_intensity":0.091,"green_cover":0.305,"mobility_access":0.2,"bike_activity":0.05,"air_quality":0.628,"opportunity_access":0.327,"fairness_context":0.359,"deprivation_weighted_opportunity":0.273,"development_pressure_delta_2016":-0.018,"planning_intensity_delta_2016":-0.005,"green_cover_delta_2016":0.008,"mobility_access_delta_2016":0.0,"bike_activity_delta_2016":0.0,"air_quality_delta_2016":0.005,"opportunity_access_delta_2016":0.003,"fairness_context_delta_2016":0.0,"deprivation_weighted_opportunity_delta_2016":0.003,"development_pressure_delta_previous":0.02,"planning_intensity_delta_previous":0.011,"green_cover_delta_previous":-0.033,"mobility_access_delta_previous":0.0,"bike_activity_delta_previous":0.0,"air_quality_delta_previous":-0.009,"opportunity_access_delta_previous":-0.008,"fairness_context_delta_previous":0.0,"deprivation_weighted_opportunity_delta_previous":-0.006,"dominant_change":"stable","confidence":"medium","evidence":["OpenStreetMap building export clipped to Belfast NI core","250m-style grid proxy generated from local spatial anchors","Local raster source available for satellite/NDVI review"]},"geometry":{"type":"Polygon","coordinates":[[[-5.996666666666667,54.550000000000004],[-5.98,54.550000000000004],[-5.98,54.565000000000005],[-5.996666666666667,54.565000000000005],[-5.996666666666667,54.550000000000004]]]}},{"type":"Feature","id":"belfast_02_06_2020","properties":{"cell_id":"belfast_02_06","year":2020,"row":2,"col":6,"development_pressure":0.23,"planning_intensity":0.149,"green_cover":0.316,"mobility_access":0.228,"bike_activity":0.084,"air_quality":0.612,"opportunity_access":0.35,"fairness_context":0.385,"deprivation_weighted_opportunity":0.294,"development_pressure_delta_2016":0.044,"planning_intensity_delta_2016":0.034,"green_cover_delta_2016":-0.054,"mobility_access_delta_2016":0.007,"bike_activity_delta_2016":0.015,"air_quality_delta_2016":-0.018,"opportunity_access_delta_2016":-0.011,"fairness_context_delta_2016":0.0,"deprivation_weighted_opportunity_delta_2016":-0.009,"development_pressure_delta_previous":0.031,"planning_intensity_delta_previous":0.019,"green_cover_delta_previous":-0.028,"mobility_access_delta_previous":0.001,"bike_activity_delta_previous":0.004,"air_quality_delta_previous":-0.011,"opportunity_access_delta_previous":-0.007,"fairness_context_delta_previous":0.0,"deprivation_weighted_opportunity_delta_previous":-0.006,"dominant_change":"worsened","confidence":"medium","evidence":["OpenStreetMap building export clipped to Belfast NI core","250m-style grid proxy generated from local spatial anchors","Local raster source available for satellite/NDVI review","Opportunity and exposure scores are normalized directional indicators"]},"geometry":{"type":"Polygon","coordinates":[[[-5.98,54.550000000000004],[-5.963333333333334,54.550000000000004],[-5.963333333333334,54.565000000000005],[-5.98,54.565000000000005],[-5.98,54.550000000000004]]]}},{"type":"Feature","id":"belfast_02_07_2020","properties":{"cell_id":"belfast_02_07","year":2020,"row":2,"col":7,"development_pressure":0.301,"planning_intensity":0.194,"green_cover":0.368,"mobility_access":0.252,"bike_activity":0.11,"air_quality":0.607,"opportunity_access":0.381,"fairness_context":0.326,"deprivation_weighted_opportunity":0.314,"development_pressure_delta_2016":0.092,"planning_intensity_delta_2016":0.065,"green_cover_delta_2016":-0.077,"mobility_access_delta_2016":0.012,"bike_activity_delta_2016":0.025,"air_quality_delta_2016":-0.03,"opportunity_access_delta_2016":-0.016,"fairness_context_delta_2016":0.0,"deprivation_weighted_opportunity_delta_2016":-0.013,"development_pressure_delta_previous":0.031,"planning_intensity_delta_previous":0.021,"green_cover_delta_previous":-0.003,"mobility_access_delta_previous":0.003,"bike_activity_delta_previous":0.006,"air_quality_delta_previous":-0.006,"opportunity_access_delta_previous":-0.001,"fairness_context_delta_previous":0.0,"deprivation_weighted_opportunity_delta_previous":-0.001,"dominant_change":"appeared","confidence":"medium","evidence":["OpenStreetMap building export clipped to Belfast NI core","250m-style grid proxy generated from local spatial anchors","Local raster source available for satellite/NDVI review","Development pressure proxy uses waterfront and city-centre intensity"]},"geometry":{"type":"Polygon","coordinates":[[[-5.963333333333334,54.550000000000004],[-5.946666666666667,54.550000000000004],[-5.946666666666667,54.565000000000005],[-5.963333333333334,54.565000000000005],[-5.963333333333334,54.550000000000004]]]}},{"type":"Feature","id":"belfast_02_08_2020","properties":{"cell_id":"belfast_02_08","year":2020,"row":2,"col":8,"development_pressure":0.335,"planning_intensity":0.251,"green_cover":0.444,"mobility_access":0.249,"bike_activity":0.103,"air_quality":0.614,"opportunity_access":0.4,"fairness_context":0.2,"deprivation_weighted_opportunity":0.316,"development_pressure_delta_2016":0.11,"planning_intensity_delta_2016":0.077,"green_cover_delta_2016":-0.046,"mobility_access_delta_2016":0.008,"bike_activity_delta_2016":0.017,"air_quality_delta_2016":-0.027,"opportunity_access_delta_2016":-0.013,"fairness_context_delta_2016":0.0,"deprivation_weighted_opportunity_delta_2016":-0.011,"development_pressure_delta_previous":0.021,"planning_intensity_delta_previous":0.016,"green_cover_delta_previous":0.02,"mobility_access_delta_previous":0.002,"bike_activity_delta_previous":0.004,"air_quality_delta_previous":0.0,"opportunity_access_delta_previous":0.003,"fairness_context_delta_previous":0.0,"deprivation_weighted_opportunity_delta_previous":0.002,"dominant_change":"appeared","confidence":"medium","evidence":["OpenStreetMap building export clipped to Belfast NI core","250m-style grid proxy generated from local spatial anchors","Local raster source available for satellite/NDVI review","Development pressure proxy uses waterfront and city-centre intensity"]},"geometry":{"type":"Polygon","coordinates":[[[-5.946666666666667,54.550000000000004],[-5.930000000000001,54.550000000000004],[-5.930000000000001,54.565000000000005],[-5.946666666666667,54.565000000000005],[-5.946666666666667,54.550000000000004]]]}},{"type":"Feature","id":"belfast_02_09_2020","properties":{"cell_id":"belfast_02_09","year":2020,"row":2,"col":9,"development_pressure":0.322,"planning_intensity":0.296,"green_cover":0.497,"mobility_access":0.235,"bike_activity":0.084,"air_quality":0.627,"opportunity_access":0.404,"fairness_context":0.033,"deprivation_weighted_opportunity":0.303,"development_pressure_delta_2016":0.092,"planning_intensity_delta_2016":0.067,"green_cover_delta_2016":0.009,"mobility_access_delta_2016":0.002,"bike_activity_delta_2016":0.006,"air_quality_delta_2016":-0.013,"opportunity_access_delta_2016":-0.005,"fairness_context_delta_2016":0.0,"deprivation_weighted_opportunity_delta_2016":-0.003,"development_pressure_delta_previous":0.004,"planning_intensity_delta_previous":0.007,"green_cover_delta_previous":0.02,"mobility_access_delta_previous":0.0,"bike_activity_delta_previous":0.002,"air_quality_delta_previous":0.003,"opportunity_access_delta_previous":0.003,"fairness_context_delta_previous":0.0,"deprivation_weighted_opportunity_delta_previous":0.003,"dominant_change":"appeared","confidence":"medium","evidence":["OpenStreetMap building export clipped to Belfast NI core","250m-style grid proxy generated from local spatial anchors","Local raster source available for satellite/NDVI review","Development pressure proxy uses waterfront and city-centre intensity"]},"geometry":{"type":"Polygon","coordinates":[[[-5.93,54.550000000000004],[-5.913333333333333,54.550000000000004],[-5.913333333333333,54.565000000000005],[-5.93,54.565000000000005],[-5.93,54.550000000000004]]]}},{"type":"Feature","id":"belfast_02_10_2020","properties":{"cell_id":"belfast_02_10","year":2020,"row":2,"col":10,"development_pressure":0.265,"planning_intensity":0.248,"green_cover":0.429,"mobility_access":0.223,"bike_activity":0.07,"air_quality":0.625,"opportunity_access":0.382,"fairness_context":0.0,"deprivation_weighted_opportunity":0.283,"development_pressure_delta_2016":0.043,"planning_intensity_delta_2016":0.037,"green_cover_delta_2016":0.039,"mobility_access_delta_2016":0.0,"bike_activity_delta_2016":0.0,"air_quality_delta_2016":0.001,"opportunity_access_delta_2016":0.003,"fairness_context_delta_2016":0.0,"deprivation_weighted_opportunity_delta_2016":0.003,"development_pressure_delta_previous":-0.014,"planning_intensity_delta_previous":-0.003,"green_cover_delta_previous":-0.001,"mobility_access_delta_previous":0.0,"bike_activity_delta_previous":0.0,"air_quality_delta_previous":0.002,"opportunity_access_delta_previous":0.001,"fairness_context_delta_previous":0.0,"deprivation_weighted_opportunity_delta_previous":0.001,"dominant_change":"stable","confidence":"medium","evidence":["OpenStreetMap building export clipped to Belfast NI core","250m-style grid proxy generated from local spatial anchors","Local raster source available for satellite/NDVI review"]},"geometry":{"type":"Polygon","coordinates":[[[-5.913333333333333,54.550000000000004],[-5.8966666666666665,54.550000000000004],[-5.8966666666666665,54.565000000000005],[-5.913333333333333,54.565000000000005],[-5.913333333333333,54.550000000000004]]]}},{"type":"Feature","id":"belfast_02_11_2020","properties":{"cell_id":"belfast_02_11","year":2020,"row":2,"col":11,"development_pressure":0.186,"planning_intensity":0.139,"green_cover":0.33,"mobility_access":0.211,"bike_activity":0.059,"air_quality":0.622,"opportunity_access":0.349,"fairness_context":0.0,"deprivation_weighted_opportunity":0.258,"development_pressure_delta_2016":-0.016,"planning_intensity_delta_2016":-0.001,"green_cover_delta_2016":0.021,"mobility_access_delta_2016":0.0,"bike_activity_delta_2016":0.0,"air_quality_delta_2016":0.007,"opportunity_access_delta_2016":0.005,"fairness_context_delta_2016":0.0,"deprivation_weighted_opportunity_delta_2016":0.004,"development_pressure_delta_previous":-0.024,"planning_intensity_delta_previous":-0.011,"green_cover_delta_previous":-0.022,"mobility_access_delta_previous":0.0,"bike_activity_delta_previous":0.0,"air_quality_delta_previous":-0.001,"opportunity_access_delta_previous":-0.002,"fairness_context_delta_previous":0.0,"deprivation_weighted_opportunity_delta_previous":-0.002,"dominant_change":"stable","confidence":"medium","evidence":["OpenStreetMap building export clipped to Belfast NI core","250m-style grid proxy generated from local spatial anchors","Local raster source available for satellite/NDVI review"]},"geometry":{"type":"Polygon","coordinates":[[[-5.8966666666666665,54.550000000000004],[-5.88,54.550000000000004],[-5.88,54.565000000000005],[-5.8966666666666665,54.565000000000005],[-5.8966666666666665,54.550000000000004]]]}},{"type":"Feature","id":"belfast_02_12_2020","properties":{"cell_id":"belfast_02_12","year":2020,"row":2,"col":12,"development_pressure":0.111,"planning_intensity":0.066,"green_cover":0.294,"mobility_access":0.2,"bike_activity":0.05,"air_quality":0.631,"opportunity_access":0.328,"fairness_context":0.0,"deprivation_weighted_opportunity":0.243,"development_pressure_delta_2016":-0.065,"planning_intensity_delta_2016":-0.032,"green_cover_delta_2016":-0.021,"mobility_access_delta_2016":0.0,"bike_activity_delta_2016":0.0,"air_quality_delta_2016":0.007,"opportunity_access_delta_2016":0.001,"fairness_context_delta_2016":0.0,"deprivation_weighted_opportunity_delta_2016":0.001,"development_pressure_delta_previous":-0.025,"planning_intensity_delta_previous":-0.012,"green_cover_delta_previous":-0.022,"mobility_access_delta_previous":0.0,"bike_activity_delta_previous":0.0,"air_quality_delta_previous":0.0,"opportunity_access_delta_previous":-0.002,"fairness_context_delta_previous":0.0,"deprivation_weighted_opportunity_delta_previous":-0.001,"dominant_change":"decreased","confidence":"medium","evidence":["OpenStreetMap building export clipped to Belfast NI core","250m-style grid proxy generated from local spatial anchors","Local raster source available for satellite/NDVI review"]},"geometry":{"type":"Polygon","coordinates":[[[-5.88,54.550000000000004],[-5.863333333333333,54.550000000000004],[-5.863333333333333,54.565000000000005],[-5.88,54.565000000000005],[-5.88,54.550000000000004]]]}},{"type":"Feature","id":"belfast_02_13_2020","properties":{"cell_id":"belfast_02_13","year":2020,"row":2,"col":13,"development_pressure":0.1,"planning_intensity":0.06,"green_cover":0.293,"mobility_access":0.2,"bike_activity":0.05,"air_quality":0.632,"opportunity_access":0.329,"fairness_context":0.0,"deprivation_weighted_opportunity":0.243,"development_pressure_delta_2016":-0.079,"planning_intensity_delta_2016":-0.04,"green_cover_delta_2016":-0.045,"mobility_access_delta_2016":0.0,"bike_activity_delta_2016":0.0,"air_quality_delta_2016":0.003,"opportunity_access_delta_2016":-0.002,"fairness_context_delta_2016":0.0,"deprivation_weighted_opportunity_delta_2016":-0.002,"development_pressure_delta_previous":-0.013,"planning_intensity_delta_previous":-0.007,"green_cover_delta_previous":-0.002,"mobility_access_delta_previous":0.0,"bike_activity_delta_previous":0.0,"air_quality_delta_previous":0.002,"opportunity_access_delta_previous":0.001,"fairness_context_delta_previous":0.0,"deprivation_weighted_opportunity_delta_previous":0.0,"dominant_change":"decreased","confidence":"medium","evidence":["OpenStreetMap building export clipped to Belfast NI core","250m-style grid proxy generated from local spatial anchors","Local raster source available for satellite/NDVI review"]},"geometry":{"type":"Polygon","coordinates":[[[-5.863333333333333,54.550000000000004],[-5.846666666666667,54.550000000000004],[-5.846666666666667,54.565000000000005],[-5.863333333333333,54.565000000000005],[-5.863333333333333,54.550000000000004]]]}},{"type":"Feature","id":"belfast_02_14_2020","properties":{"cell_id":"belfast_02_14","year":2020,"row":2,"col":14,"development_pressure":0.105,"planning_intensity":0.062,"green_cover":0.314,"mobility_access":0.2,"bike_activity":0.05,"air_quality":0.636,"opportunity_access":0.332,"fairness_context":0.0,"deprivation_weighted_opportunity":0.246,"development_pressure_delta_2016":-0.062,"planning_intensity_delta_2016":-0.032,"green_cover_delta_2016":-0.025,"mobility_access_delta_2016":0.0,"bike_activity_delta_2016":0.0,"air_quality_delta_2016":0.005,"opportunity_access_delta_2016":0.0,"fairness_context_delta_2016":0.0,"deprivation_weighted_opportunity_delta_2016":0.001,"development_pressure_delta_previous":0.004,"planning_intensity_delta_previous":0.002,"green_cover_delta_previous":0.02,"mobility_access_delta_previous":0.0,"bike_activity_delta_previous":0.0,"air_quality_delta_previous":0.004,"opportunity_access_delta_previous":0.003,"fairness_context_delta_previous":0.0,"deprivation_weighted_opportunity_delta_previous":0.003,"dominant_change":"decreased","confidence":"medium","evidence":["OpenStreetMap building export clipped to Belfast NI core","250m-style grid proxy generated from local spatial anchors","Local raster source available for satellite/NDVI review"]},"geometry":{"type":"Polygon","coordinates":[[[-5.846666666666667,54.550000000000004],[-5.83,54.550000000000004],[-5.83,54.565000000000005],[-5.846666666666667,54.565000000000005],[-5.846666666666667,54.550000000000004]]]}},{"type":"Feature","id":"belfast_02_15_2020","properties":{"cell_id":"belfast_02_15","year":2020,"row":2,"col":15,"development_pressure":0.122,"planning_intensity":0.071,"green_cover":0.338,"mobility_access":0.2,"bike_activity":0.05,"air_quality":0.638,"opportunity_access":0.335,"fairness_context":0.0,"deprivation_weighted_opportunity":0.248,"development_pressure_delta_2016":-0.022,"planning_intensity_delta_2016":-0.011,"green_cover_delta_2016":0.02,"mobility_access_delta_2016":0.0,"bike_activity_delta_2016":0.0,"air_quality_delta_2016":0.008,"opportunity_access_delta_2016":0.005,"fairness_context_delta_2016":0.0,"deprivation_weighted_opportunity_delta_2016":0.004,"development_pressure_delta_previous":0.019,"planning_intensity_delta_previous":0.009,"green_cover_delta_previous":0.022,"mobility_access_delta_previous":0.0,"bike_activity_delta_previous":0.0,"air_quality_delta_previous":0.002,"opportunity_access_delta_previous":0.002,"fairness_context_delta_previous":0.0,"deprivation_weighted_opportunity_delta_previous":0.002,"dominant_change":"stable","confidence":"medium","evidence":["OpenStreetMap building export clipped to Belfast NI core","250m-style grid proxy generated from local spatial anchors","Local raster source available for satellite/NDVI review"]},"geometry":{"type":"Polygon","coordinates":[[[-5.83,54.550000000000004],[-5.8133333333333335,54.550000000000004],[-5.8133333333333335,54.565000000000005],[-5.83,54.565000000000005],[-5.83,54.550000000000004]]]}},{"type":"Feature","id":"belfast_02_16_2020","properties":{"cell_id":"belfast_02_16","year":2020,"row":2,"col":16,"development_pressure":0.147,"planning_intensity":0.084,"green_cover":0.341,"mobility_access":0.2,"bike_activity":0.05,"air_quality":0.634,"opportunity_access":0.334,"fairness_context":0.0,"deprivation_weighted_opportunity":0.247,"development_pressure_delta_2016":0.027,"planning_intensity_delta_2016":0.014,"green_cover_delta_2016":0.045,"mobility_access_delta_2016":0.0,"bike_activity_delta_2016":0.0,"air_quality_delta_2016":0.004,"opportunity_access_delta_2016":0.006,"fairness_context_delta_2016":0.0,"deprivation_weighted_opportunity_delta_2016":0.005,"development_pressure_delta_previous":0.027,"planning_intensity_delta_previous":0.014,"green_cover_delta_previous":0.001,"mobility_access_delta_previous":0.0,"bike_activity_delta_previous":0.0,"air_quality_delta_previous":-0.004,"opportunity_access_delta_previous":-0.002,"fairness_context_delta_previous":0.0,"deprivation_weighted_opportunity_delta_previous":-0.001,"dominant_change":"improved","confidence":"medium","evidence":["OpenStreetMap building export clipped to Belfast NI core","250m-style grid proxy generated from local spatial anchors","Local raster source available for satellite/NDVI review","Opportunity and exposure scores are normalized directional indicators"]},"geometry":{"type":"Polygon","coordinates":[[[-5.8133333333333335,54.550000000000004],[-5.796666666666667,54.550000000000004],[-5.796666666666667,54.565000000000005],[-5.8133333333333335,54.565000000000005],[-5.8133333333333335,54.550000000000004]]]}},{"type":"Feature","id":"belfast_02_17_2020","properties":{"cell_id":"belfast_02_17","year":2020,"row":2,"col":17,"development_pressure":0.169,"planning_intensity":0.094,"green_cover":0.317,"mobility_access":0.2,"bike_activity":0.05,"air_quality":0.626,"opportunity_access":0.328,"fairness_context":0.0,"deprivation_weighted_opportunity":0.242,"development_pressure_delta_2016":0.065,"planning_intensity_delta_2016":0.032,"green_cover_delta_2016":0.021,"mobility_access_delta_2016":0.0,"bike_activity_delta_2016":0.0,"air_quality_delta_2016":-0.006,"opportunity_access_delta_2016":-0.001,"fairness_context_delta_2016":0.0,"deprivation_weighted_opportunity_delta_2016":-0.001,"development_pressure_delta_previous":0.025,"planning_intensity_delta_previous":0.012,"green_cover_delta_previous":-0.026,"mobility_access_delta_previous":0.0,"bike_activity_delta_previous":0.0,"air_quality_delta_previous":-0.009,"opportunity_access_delta_previous":-0.006,"fairness_context_delta_previous":0.0,"deprivation_weighted_opportunity_delta_previous":-0.005,"dominant_change":"increased","confidence":"medium","evidence":["OpenStreetMap building export clipped to Belfast NI core","250m-style grid proxy generated from local spatial anchors","Local raster source available for satellite/NDVI review","Development pressure proxy uses waterfront and city-centre intensity"]},"geometry":{"type":"Polygon","coordinates":[[[-5.796666666666667,54.550000000000004],[-5.78,54.550000000000004],[-5.78,54.565000000000005],[-5.796666666666667,54.565000000000005],[-5.796666666666667,54.550000000000004]]]}},{"type":"Feature","id":"belfast_03_00_2020","properties":{"cell_id":"belfast_03_00","year":2020,"row":3,"col":0,"development_pressure":0.114,"planning_intensity":0.067,"green_cover":0.288,"mobility_access":0.2,"bike_activity":0.05,"air_quality":0.629,"opportunity_access":0.327,"fairness_context":0.0,"deprivation_weighted_opportunity":0.242,"development_pressure_delta_2016":-0.061,"planning_intensity_delta_2016":-0.03,"green_cover_delta_2016":-0.043,"mobility_access_delta_2016":0.0,"bike_activity_delta_2016":0.0,"air_quality_delta_2016":0.001,"opportunity_access_delta_2016":-0.003,"fairness_context_delta_2016":0.0,"deprivation_weighted_opportunity_delta_2016":-0.002,"development_pressure_delta_previous":-0.026,"planning_intensity_delta_previous":-0.013,"green_cover_delta_previous":-0.011,"mobility_access_delta_previous":0.0,"bike_activity_delta_previous":0.0,"air_quality_delta_previous":0.002,"opportunity_access_delta_previous":0.0,"fairness_context_delta_previous":0.0,"deprivation_weighted_opportunity_delta_previous":0.0,"dominant_change":"decreased","confidence":"medium","evidence":["OpenStreetMap building export clipped to Belfast NI core","250m-style grid proxy generated from local spatial anchors","Local raster source available for satellite/NDVI review"]},"geometry":{"type":"Polygon","coordinates":[[[-6.08,54.565000000000005],[-6.0633333333333335,54.565000000000005],[-6.0633333333333335,54.580000000000005],[-6.08,54.580000000000005],[-6.08,54.565000000000005]]]}},{"type":"Feature","id":"belfast_03_01_2020","properties":{"cell_id":"belfast_03_01","year":2020,"row":3,"col":1,"development_pressure":0.101,"planning_intensity":0.061,"green_cover":0.303,"mobility_access":0.2,"bike_activity":0.05,"air_quality":0.634,"opportunity_access":0.331,"fairness_context":0.0,"deprivation_weighted_opportunity":0.245,"development_pressure_delta_2016":-0.079,"planning_intensity_delta_2016":-0.039,"green_cover_delta_2016":-0.038,"mobility_access_delta_2016":0.0,"bike_activity_delta_2016":0.0,"air_quality_delta_2016":0.005,"opportunity_access_delta_2016":0.0,"fairness_context_delta_2016":0.0,"deprivation_weighted_opportunity_delta_2016":0.0,"development_pressure_delta_previous":-0.015,"planning_intensity_delta_previous":-0.007,"green_cover_delta_previous":0.014,"mobility_access_delta_previous":0.0,"bike_activity_delta_previous":0.0,"air_quality_delta_previous":0.005,"opportunity_access_delta_previous":0.004,"fairness_context_delta_previous":0.0,"deprivation_weighted_opportunity_delta_previous":0.003,"dominant_change":"decreased","confidence":"medium","evidence":["OpenStreetMap building export clipped to Belfast NI core","250m-style grid proxy generated from local spatial anchors","Local raster source available for satellite/NDVI review"]},"geometry":{"type":"Polygon","coordinates":[[[-6.0633333333333335,54.565000000000005],[-6.046666666666667,54.565000000000005],[-6.046666666666667,54.580000000000005],[-6.0633333333333335,54.580000000000005],[-6.0633333333333335,54.565000000000005]]]}},{"type":"Feature","id":"belfast_03_02_2020","properties":{"cell_id":"belfast_03_02","year":2020,"row":3,"col":2,"development_pressure":0.103,"planning_intensity":0.062,"green_cover":0.331,"mobility_access":0.2,"bike_activity":0.05,"air_quality":0.639,"opportunity_access":0.335,"fairness_context":0.077,"deprivation_weighted_opportunity":0.255,"development_pressure_delta_2016":-0.066,"planning_intensity_delta_2016":-0.033,"green_cover_delta_2016":0.004,"mobility_access_delta_2016":0.0,"bike_activity_delta_2016":0.0,"air_quality_delta_2016":0.011,"opportunity_access_delta_2016":0.006,"fairness_context_delta_2016":0.0,"deprivation_weighted_opportunity_delta_2016":0.005,"development_pressure_delta_previous":0.001,"planning_intensity_delta_previous":0.001,"green_cover_delta_previous":0.027,"mobility_access_delta_previous":0.0,"bike_activity_delta_previous":0.0,"air_quality_delta_previous":0.005,"opportunity_access_delta_previous":0.004,"fairness_context_delta_previous":0.0,"deprivation_weighted_opportunity_delta_previous":0.004,"dominant_change":"decreased","confidence":"medium","evidence":["OpenStreetMap building export clipped to Belfast NI core","250m-style grid proxy generated from local spatial anchors","Local raster source available for satellite/NDVI review"]},"geometry":{"type":"Polygon","coordinates":[[[-6.046666666666667,54.565000000000005],[-6.03,54.565000000000005],[-6.03,54.580000000000005],[-6.046666666666667,54.580000000000005],[-6.046666666666667,54.565000000000005]]]}},{"type":"Feature","id":"belfast_03_03_2020","properties":{"cell_id":"belfast_03_03","year":2020,"row":3,"col":3,"development_pressure":0.119,"planning_intensity":0.07,"green_cover":0.347,"mobility_access":0.2,"bike_activity":0.05,"air_quality":0.64,"opportunity_access":0.337,"fairness_context":0.298,"deprivation_weighted_opportunity":0.275,"development_pressure_delta_2016":-0.029,"planning_intensity_delta_2016":-0.014,"green_cover_delta_2016":0.046,"mobility_access_delta_2016":0.0,"bike_activity_delta_2016":0.0,"air_quality_delta_2016":0.014,"opportunity_access_delta_2016":0.011,"fairness_context_delta_2016":0.0,"deprivation_weighted_opportunity_delta_2016":0.008,"development_pressure_delta_previous":0.017,"planning_intensity_delta_previous":0.009,"green_cover_delta_previous":0.015,"mobility_access_delta_previous":0.0,"bike_activity_delta_previous":0.0,"air_quality_delta_previous":0.0,"opportunity_access_delta_previous":0.001,"fairness_context_delta_previous":0.0,"deprivation_weighted_opportunity_delta_previous":0.001,"dominant_change":"improved","confidence":"medium","evidence":["OpenStreetMap building export clipped to Belfast NI core","250m-style grid proxy generated from local spatial anchors","Local raster source available for satellite/NDVI review","Opportunity and exposure scores are normalized directional indicators"]},"geometry":{"type":"Polygon","coordinates":[[[-6.03,54.565000000000005],[-6.013333333333334,54.565000000000005],[-6.013333333333334,54.580000000000005],[-6.03,54.580000000000005],[-6.03,54.565000000000005]]]}},{"type":"Feature","id":"belfast_03_04_2020","properties":{"cell_id":"belfast_03_04","year":2020,"row":3,"col":4,"development_pressure":0.156,"planning_intensity":0.092,"green_cover":0.335,"mobility_access":0.202,"bike_activity":0.052,"air_quality":0.631,"opportunity_access":0.334,"fairness_context":0.509,"deprivation_weighted_opportunity":0.291,"development_pressure_delta_2016":0.023,"planning_intensity_delta_2016":0.013,"green_cover_delta_2016":0.042,"mobility_access_delta_2016":0.0,"bike_activity_delta_2016":0.001,"air_quality_delta_2016":0.004,"opportunity_access_delta_2016":0.006,"fairness_context_delta_2016":0.0,"deprivation_weighted_opportunity_delta_2016":0.005,"development_pressure_delta_previous":0.027,"planning_intensity_delta_previous":0.014,"green_cover_delta_previous":-0.015,"mobility_access_delta_previous":0.0,"bike_activity_delta_previous":0.0,"air_quality_delta_previous":-0.008,"opportunity_access_delta_previous":-0.005,"fairness_context_delta_previous":0.0,"deprivation_weighted_opportunity_delta_previous":-0.005,"dominant_change":"stable","confidence":"medium","evidence":["OpenStreetMap building export clipped to Belfast NI core","250m-style grid proxy generated from local spatial anchors","Local raster source available for satellite/NDVI review"]},"geometry":{"type":"Polygon","coordinates":[[[-6.013333333333334,54.565000000000005],[-5.996666666666667,54.565000000000005],[-5.996666666666667,54.580000000000005],[-6.013333333333334,54.580000000000005],[-6.013333333333334,54.565000000000005]]]}},{"type":"Feature","id":"belfast_03_05_2020","properties":{"cell_id":"belfast_03_05","year":2020,"row":3,"col":5,"development_pressure":0.271,"planning_intensity":0.166,"green_cover":0.385,"mobility_access":0.358,"bike_activity":0.177,"air_quality":0.615,"opportunity_access":0.432,"fairness_context":0.686,"deprivation_weighted_opportunity":0.397,"development_pressure_delta_2016":0.082,"planning_intensity_delta_2016":0.054,"green_cover_delta_2016":-0.011,"mobility_access_delta_2016":0.031,"bike_activity_delta_2016":0.065,"air_quality_delta_2016":-0.015,"opportunity_access_delta_2016":0.004,"fairness_context_delta_2016":0.0,"deprivation_weighted_opportunity_delta_2016":0.004,"development_pressure_delta_previous":0.031,"planning_intensity_delta_previous":0.018,"green_cover_delta_previous":-0.035,"mobility_access_delta_previous":0.007,"bike_activity_delta_previous":0.016,"air_quality_delta_previous":-0.012,"opportunity_access_delta_previous":-0.006,"fairness_context_delta_previous":0.0,"deprivation_weighted_opportunity_delta_previous":-0.005,"dominant_change":"appeared","confidence":"medium","evidence":["OpenStreetMap building export clipped to Belfast NI core","250m-style grid proxy generated from local spatial anchors","Local raster source available for satellite/NDVI review","Development pressure proxy uses waterfront and city-centre intensity"]},"geometry":{"type":"Polygon","coordinates":[[[-5.996666666666667,54.565000000000005],[-5.98,54.565000000000005],[-5.98,54.580000000000005],[-5.996666666666667,54.580000000000005],[-5.996666666666667,54.565000000000005]]]}},{"type":"Feature","id":"belfast_03_06_2020","properties":{"cell_id":"belfast_03_06","year":2020,"row":3,"col":6,"development_pressure":0.37,"planning_intensity":0.233,"green_cover":0.42,"mobility_access":0.504,"bike_activity":0.282,"air_quality":0.599,"opportunity_access":0.521,"fairness_context":0.743,"deprivation_weighted_opportunity":0.486,"development_pressure_delta_2016":0.115,"planning_intensity_delta_2016":0.084,"green_cover_delta_2016":-0.07,"mobility_access_delta_2016":0.057,"bike_activity_delta_2016":0.118,"air_quality_delta_2016":-0.032,"opportunity_access_delta_2016":0.002,"fairness_context_delta_2016":0.0,"deprivation_weighted_opportunity_delta_2016":0.002,"development_pressure_delta_previous":0.024,"planning_intensity_delta_previous":0.019,"green_cover_delta_previous":-0.029,"mobility_access_delta_previous":0.014,"bike_activity_delta_previous":0.03,"air_quality_delta_previous":-0.009,"opportunity_access_delta_previous":-0.001,"fairness_context_delta_previous":0.0,"deprivation_weighted_opportunity_delta_previous":-0.001,"dominant_change":"improved","confidence":"medium","evidence":["OpenStreetMap building export clipped to Belfast NI core","250m-style grid proxy generated from local spatial anchors","Local raster source available for satellite/NDVI review","Opportunity and exposure scores are normalized directional indicators"]},"geometry":{"type":"Polygon","coordinates":[[[-5.98,54.565000000000005],[-5.963333333333334,54.565000000000005],[-5.963333333333334,54.580000000000005],[-5.98,54.580000000000005],[-5.98,54.565000000000005]]]}},{"type":"Feature","id":"belfast_03_07_2020","properties":{"cell_id":"belfast_03_07","year":2020,"row":3,"col":7,"development_pressure":0.443,"planning_intensity":0.285,"green_cover":0.512,"mobility_access":0.573,"bike_activity":0.328,"air_quality":0.6,"opportunity_access":0.584,"fairness_context":0.623,"deprivation_weighted_opportunity":0.527,"development_pressure_delta_2016":0.118,"planning_intensity_delta_2016":0.095,"green_cover_delta_2016":-0.086,"mobility_access_delta_2016":0.066,"bike_activity_delta_2016":0.137,"air_quality_delta_2016":-0.036,"opportunity_access_delta_2016":0.003,"fairness_context_delta_2016":0.0,"deprivation_weighted_opportunity_delta_2016":0.003,"development_pressure_delta_previous":0.012,"planning_intensity_delta_previous":0.015,"green_cover_delta_previous":-0.001,"mobility_access_delta_previous":0.016,"bike_activity_delta_previous":0.034,"air_quality_delta_previous":-0.002,"opportunity_access_delta_previous":0.006,"fairness_context_delta_previous":0.0,"deprivation_weighted_opportunity_delta_previous":0.006,"dominant_change":"improved","confidence":"high","evidence":["OpenStreetMap building export clipped to Belfast NI core","250m-style grid proxy generated from local spatial anchors","Local raster source available for satellite/NDVI review","Opportunity and exposure scores are normalized directional indicators"]},"geometry":{"type":"Polygon","coordinates":[[[-5.963333333333334,54.565000000000005],[-5.946666666666667,54.565000000000005],[-5.946666666666667,54.580000000000005],[-5.963333333333334,54.580000000000005],[-5.963333333333334,54.565000000000005]]]}},{"type":"Feature","id":"belfast_03_08_2020","properties":{"cell_id":"belfast_03_08","year":2020,"row":3,"col":8,"development_pressure":0.469,"planning_intensity":0.315,"green_cover":0.587,"mobility_access":0.556,"bike_activity":0.324,"air_quality":0.607,"opportunity_access":0.602,"fairness_context":0.427,"deprivation_weighted_opportunity":0.512,"development_pressure_delta_2016":0.088,"planning_intensity_delta_2016":0.086,"green_cover_delta_2016":-0.046,"mobility_access_delta_2016":0.063,"bike_activity_delta_2016":0.13,"air_quality_delta_2016":-0.023,"opportunity_access_delta_2016":0.011,"fairness_context_delta_2016":0.0,"deprivation_weighted_opportunity_delta_2016":0.009,"development_pressure_delta_previous":-0.002,"planning_intensity_delta_previous":0.009,"green_cover_delta_previous":0.024,"mobility_access_delta_previous":0.016,"bike_activity_delta_previous":0.032,"air_quality_delta_previous":0.005,"opportunity_access_delta_previous":0.011,"fairness_context_delta_previous":0.0,"deprivation_weighted_opportunity_delta_previous":0.009,"dominant_change":"improved","confidence":"high","evidence":["OpenStreetMap building export clipped to Belfast NI core","250m-style grid proxy generated from local spatial anchors","Local raster source available for satellite/NDVI review","Opportunity and exposure scores are normalized directional indicators"]},"geometry":{"type":"Polygon","coordinates":[[[-5.946666666666667,54.565000000000005],[-5.930000000000001,54.565000000000005],[-5.930000000000001,54.580000000000005],[-5.946666666666667,54.580000000000005],[-5.946666666666667,54.565000000000005]]]}},{"type":"Feature","id":"belfast_03_09_2020","properties":{"cell_id":"belfast_03_09","year":2020,"row":3,"col":9,"development_pressure":0.445,"planning_intensity":0.336,"green_cover":0.585,"mobility_access":0.503,"bike_activity":0.287,"air_quality":0.61,"opportunity_access":0.581,"fairness_context":0.211,"deprivation_weighted_opportunity":0.462,"development_pressure_delta_2016":0.038,"planning_intensity_delta_2016":0.061,"green_cover_delta_2016":0.014,"mobility_access_delta_2016":0.051,"bike_activity_delta_2016":0.107,"air_quality_delta_2016":-0.004,"opportunity_access_delta_2016":0.021,"fairness_context_delta_2016":0.0,"deprivation_weighted_opportunity_delta_2016":0.017,"development_pressure_delta_previous":-0.012,"planning_intensity_delta_previous":0.005,"green_cover_delta_previous":0.022,"mobility_access_delta_previous":0.013,"bike_activity_delta_previous":0.027,"air_quality_delta_previous":0.006,"opportunity_access_delta_previous":0.01,"fairness_context_delta_previous":0.0,"deprivation_weighted_opportunity_delta_previous":0.008,"dominant_change":"improved","confidence":"medium","evidence":["OpenStreetMap building export clipped to Belfast NI core","250m-style grid proxy generated from local spatial anchors","Local raster source available for satellite/NDVI review","Opportunity and exposure scores are normalized directional indicators"]},"geometry":{"type":"Polygon","coordinates":[[[-5.93,54.565000000000005],[-5.913333333333333,54.565000000000005],[-5.913333333333333,54.580000000000005],[-5.93,54.580000000000005],[-5.93,54.565000000000005]]]}},{"type":"Feature","id":"belfast_03_10_2020","properties":{"cell_id":"belfast_03_10","year":2020,"row":3,"col":10,"development_pressure":0.408,"planning_intensity":0.316,"green_cover":0.481,"mobility_access":0.415,"bike_activity":0.192,"air_quality":0.599,"opportunity_access":0.515,"fairness_context":0.0,"deprivation_weighted_opportunity":0.381,"development_pressure_delta_2016":-0.003,"planning_intensity_delta_2016":0.039,"green_cover_delta_2016":0.042,"mobility_access_delta_2016":0.026,"bike_activity_delta_2016":0.055,"air_quality_delta_2016":0.009,"opportunity_access_delta_2016":0.019,"fairness_context_delta_2016":0.0,"deprivation_weighted_opportunity_delta_2016":0.014,"development_pressure_delta_previous":-0.011,"planning_intensity_delta_previous":0.005,"green_cover_delta_previous":-0.002,"mobility_access_delta_previous":0.006,"bike_activity_delta_previous":0.014,"air_quality_delta_previous":0.001,"opportunity_access_delta_previous":0.004,"fairness_context_delta_previous":0.0,"deprivation_weighted_opportunity_delta_previous":0.003,"dominant_change":"improved","confidence":"medium","evidence":["OpenStreetMap building export clipped to Belfast NI core","250m-style grid proxy generated from local spatial anchors","Local raster source available for satellite/NDVI review","Opportunity and exposure scores are normalized directional indicators"]},"geometry":{"type":"Polygon","coordinates":[[[-5.913333333333333,54.565000000000005],[-5.8966666666666665,54.565000000000005],[-5.8966666666666665,54.580000000000005],[-5.913333333333333,54.580000000000005],[-5.913333333333333,54.565000000000005]]]}},{"type":"Feature","id":"belfast_03_11_2020","properties":{"cell_id":"belfast_03_11","year":2020,"row":3,"col":11,"development_pressure":0.332,"planning_intensity":0.23,"green_cover":0.443,"mobility_access":0.348,"bike_activity":0.168,"air_quality":0.609,"opportunity_access":0.462,"fairness_context":0.0,"deprivation_weighted_opportunity":0.342,"development_pressure_delta_2016":-0.032,"planning_intensity_delta_2016":0.016,"green_cover_delta_2016":0.019,"mobility_access_delta_2016":0.024,"bike_activity_delta_2016":0.049,"air_quality_delta_2016":0.009,"opportunity_access_delta_2016":0.016,"fairness_context_delta_2016":0.0,"deprivation_weighted_opportunity_delta_2016":0.012,"development_pressure_delta_previous":-0.003,"planning_intensity_delta_previous":0.006,"green_cover_delta_previous":-0.026,"mobility_access_delta_previous":0.006,"bike_activity_delta_previous":0.012,"air_quality_delta_previous":-0.005,"opportunity_access_delta_previous":-0.002,"fairness_context_delta_previous":0.0,"deprivation_weighted_opportunity_delta_previous":-0.001,"dominant_change":"improved","confidence":"medium","evidence":["OpenStreetMap building export clipped to Belfast NI core","250m-style grid proxy generated from local spatial anchors","Local raster source available for satellite/NDVI review","Opportunity and exposure scores are normalized directional indicators"]},"geometry":{"type":"Polygon","coordinates":[[[-5.8966666666666665,54.565000000000005],[-5.88,54.565000000000005],[-5.88,54.580000000000005],[-5.8966666666666665,54.580000000000005],[-5.8966666666666665,54.565000000000005]]]}},{"type":"Feature","id":"belfast_03_12_2020","properties":{"cell_id":"belfast_03_12","year":2020,"row":3,"col":12,"development_pressure":0.24,"planning_intensity":0.165,"green_cover":0.39,"mobility_access":0.244,"bike_activity":0.099,"air_quality":0.621,"opportunity_access":0.387,"fairness_context":0.0,"deprivation_weighted_opportunity":0.286,"development_pressure_delta_2016":-0.038,"planning_intensity_delta_2016":0.002,"green_cover_delta_2016":-0.03,"mobility_access_delta_2016":0.008,"bike_activity_delta_2016":0.017,"air_quality_delta_2016":0.0,"opportunity_access_delta_2016":0.001,"fairness_context_delta_2016":0.0,"deprivation_weighted_opportunity_delta_2016":0.0,"development_pressure_delta_previous":0.009,"planning_intensity_delta_previous":0.01,"green_cover_delta_previous":-0.029,"mobility_access_delta_previous":0.002,"bike_activity_delta_previous":0.004,"air_quality_delta_previous":-0.007,"opportunity_access_delta_previous":-0.005,"fairness_context_delta_previous":0.0,"deprivation_weighted_opportunity_delta_previous":-0.004,"dominant_change":"stable","confidence":"medium","evidence":["OpenStreetMap building export clipped to Belfast NI core","250m-style grid proxy generated from local spatial anchors","Local raster source available for satellite/NDVI review"]},"geometry":{"type":"Polygon","coordinates":[[[-5.88,54.565000000000005],[-5.863333333333333,54.565000000000005],[-5.863333333333333,54.580000000000005],[-5.88,54.580000000000005],[-5.88,54.565000000000005]]]}},{"type":"Feature","id":"belfast_03_13_2020","properties":{"cell_id":"belfast_03_13","year":2020,"row":3,"col":13,"development_pressure":0.147,"planning_intensity":0.093,"green_cover":0.324,"mobility_access":0.201,"bike_activity":0.051,"air_quality":0.631,"opportunity_access":0.332,"fairness_context":0.0,"deprivation_weighted_opportunity":0.246,"development_pressure_delta_2016":-0.02,"planning_intensity_delta_2016":-0.006,"green_cover_delta_2016":-0.056,"mobility_access_delta_2016":0.0,"bike_activity_delta_2016":0.0,"air_quality_delta_2016":-0.008,"opportunity_access_delta_2016":-0.009,"fairness_context_delta_2016":0.0,"deprivation_weighted_opportunity_delta_2016":-0.006,"development_pressure_delta_previous":0.02,"planning_intensity_delta_previous":0.01,"green_cover_delta_previous":-0.008,"mobility_access_delta_previous":0.0,"bike_activity_delta_previous":0.0,"air_quality_delta_previous":-0.004,"opportunity_access_delta_previous":-0.003,"fairness_context_delta_previous":0.0,"deprivation_weighted_opportunity_delta_previous":-0.002,"dominant_change":"worsened","confidence":"medium","evidence":["OpenStreetMap building export clipped to Belfast NI core","250m-style grid proxy generated from local spatial anchors","Local raster source available for satellite/NDVI review","Opportunity and exposure scores are normalized directional indicators"]},"geometry":{"type":"Polygon","coordinates":[[[-5.863333333333333,54.565000000000005],[-5.846666666666667,54.565000000000005],[-5.846666666666667,54.580000000000005],[-5.863333333333333,54.580000000000005],[-5.863333333333333,54.565000000000005]]]}},{"type":"Feature","id":"belfast_03_14_2020","properties":{"cell_id":"belfast_03_14","year":2020,"row":3,"col":14,"development_pressure":0.144,"planning_intensity":0.082,"green_cover":0.307,"mobility_access":0.2,"bike_activity":0.05,"air_quality":0.628,"opportunity_access":0.328,"fairness_context":0.0,"deprivation_weighted_opportunity":0.242,"development_pressure_delta_2016":0.021,"planning_intensity_delta_2016":0.011,"green_cover_delta_2016":-0.039,"mobility_access_delta_2016":0.0,"bike_activity_delta_2016":0.0,"air_quality_delta_2016":-0.011,"opportunity_access_delta_2016":-0.009,"fairness_context_delta_2016":0.0,"deprivation_weighted_opportunity_delta_2016":-0.007,"development_pressure_delta_previous":0.026,"planning_intensity_delta_previous":0.013,"green_cover_delta_previous":0.016,"mobility_access_delta_previous":0.0,"bike_activity_delta_previous":0.0,"air_quality_delta_previous":-0.001,"opportunity_access_delta_previous":0.001,"fairness_context_delta_previous":0.0,"deprivation_weighted_opportunity_delta_previous":0.0,"dominant_change":"stable","confidence":"medium","evidence":["OpenStreetMap building export clipped to Belfast NI core","250m-style grid proxy generated from local spatial anchors","Local raster source available for satellite/NDVI review"]},"geometry":{"type":"Polygon","coordinates":[[[-5.846666666666667,54.565000000000005],[-5.83,54.565000000000005],[-5.83,54.580000000000005],[-5.846666666666667,54.580000000000005],[-5.846666666666667,54.565000000000005]]]}},{"type":"Feature","id":"belfast_03_15_2020","properties":{"cell_id":"belfast_03_15","year":2020,"row":3,"col":15,"development_pressure":0.167,"planning_intensity":0.093,"green_cover":0.33,"mobility_access":0.2,"bike_activity":0.05,"air_quality":0.629,"opportunity_access":0.33,"fairness_context":0.0,"deprivation_weighted_opportunity":0.244,"development_pressure_delta_2016":0.062,"planning_intensity_delta_2016":0.031,"green_cover_delta_2016":0.006,"mobility_access_delta_2016":0.0,"bike_activity_delta_2016":0.0,"air_quality_delta_2016":-0.009,"opportunity_access_delta_2016":-0.004,"fairness_context_delta_2016":0.0,"deprivation_weighted_opportunity_delta_2016":-0.003,"development_pressure_delta_previous":0.026,"planning_intensity_delta_previous":0.012,"green_cover_delta_previous":0.021,"mobility_access_delta_previous":0.0,"bike_activity_delta_previous":0.0,"air_quality_delta_previous":0.0,"opportunity_access_delta_previous":0.002,"fairness_context_delta_previous":0.0,"deprivation_weighted_opportunity_delta_previous":0.001,"dominant_change":"increased","confidence":"medium","evidence":["OpenStreetMap building export clipped to Belfast NI core","250m-style grid proxy generated from local spatial anchors","Local raster source available for satellite/NDVI review","Development pressure proxy uses waterfront and city-centre intensity"]},"geometry":{"type":"Polygon","coordinates":[[[-5.83,54.565000000000005],[-5.8133333333333335,54.565000000000005],[-5.8133333333333335,54.580000000000005],[-5.83,54.580000000000005],[-5.83,54.565000000000005]]]}},{"type":"Feature","id":"belfast_03_16_2020","properties":{"cell_id":"belfast_03_16","year":2020,"row":3,"col":16,"development_pressure":0.179,"planning_intensity":0.1,"green_cover":0.335,"mobility_access":0.2,"bike_activity":0.05,"air_quality":0.628,"opportunity_access":0.33,"fairness_context":0.0,"deprivation_weighted_opportunity":0.244,"development_pressure_delta_2016":0.079,"planning_intensity_delta_2016":0.04,"green_cover_delta_2016":0.036,"mobility_access_delta_2016":0.0,"bike_activity_delta_2016":0.0,"air_quality_delta_2016":-0.005,"opportunity_access_delta_2016":0.0,"fairness_context_delta_2016":0.0,"deprivation_weighted_opportunity_delta_2016":0.0,"development_pressure_delta_previous":0.014,"planning_intensity_delta_previous":0.008,"green_cover_delta_previous":0.003,"mobility_access_delta_previous":0.0,"bike_activity_delta_previous":0.0,"air_quality_delta_previous":-0.002,"opportunity_access_delta_previous":-0.001,"fairness_context_delta_previous":0.0,"deprivation_weighted_opportunity_delta_previous":-0.001,"dominant_change":"increased","confidence":"medium","evidence":["OpenStreetMap building export clipped to Belfast NI core","250m-style grid proxy generated from local spatial anchors","Local raster source available for satellite/NDVI review","Development pressure proxy uses waterfront and city-centre intensity"]},"geometry":{"type":"Polygon","coordinates":[[[-5.8133333333333335,54.565000000000005],[-5.796666666666667,54.565000000000005],[-5.796666666666667,54.580000000000005],[-5.8133333333333335,54.580000000000005],[-5.8133333333333335,54.565000000000005]]]}},{"type":"Feature","id":"belfast_03_17_2020","properties":{"cell_id":"belfast_03_17","year":2020,"row":3,"col":17,"development_pressure":0.176,"planning_intensity":0.098,"green_cover":0.316,"mobility_access":0.2,"bike_activity":0.05,"air_quality":0.625,"opportunity_access":0.327,"fairness_context":0.0,"deprivation_weighted_opportunity":0.242,"development_pressure_delta_2016":0.065,"planning_intensity_delta_2016":0.032,"green_cover_delta_2016":0.022,"mobility_access_delta_2016":0.0,"bike_activity_delta_2016":0.0,"air_quality_delta_2016":-0.006,"opportunity_access_delta_2016":-0.001,"fairness_context_delta_2016":0.0,"deprivation_weighted_opportunity_delta_2016":-0.001,"development_pressure_delta_previous":-0.003,"planning_intensity_delta_previous":-0.001,"green_cover_delta_previous":-0.02,"mobility_access_delta_previous":0.0,"bike_activity_delta_previous":0.0,"air_quality_delta_previous":-0.003,"opportunity_access_delta_previous":-0.003,"fairness_context_delta_previous":0.0,"deprivation_weighted_opportunity_delta_previous":-0.002,"dominant_change":"increased","confidence":"medium","evidence":["OpenStreetMap building export clipped to Belfast NI core","250m-style grid proxy generated from local spatial anchors","Local raster source available for satellite/NDVI review","Development pressure proxy uses waterfront and city-centre intensity"]},"geometry":{"type":"Polygon","coordinates":[[[-5.796666666666667,54.565000000000005],[-5.78,54.565000000000005],[-5.78,54.580000000000005],[-5.796666666666667,54.580000000000005],[-5.796666666666667,54.565000000000005]]]}},{"type":"Feature","id":"belfast_04_00_2020","properties":{"cell_id":"belfast_04_00","year":2020,"row":4,"col":0,"development_pressure":0.102,"planning_intensity":0.061,"green_cover":0.29,"mobility_access":0.2,"bike_activity":0.05,"air_quality":0.631,"opportunity_access":0.328,"fairness_context":0.0,"deprivation_weighted_opportunity":0.243,"development_pressure_delta_2016":-0.069,"planning_intensity_delta_2016":-0.035,"green_cover_delta_2016":-0.041,"mobility_access_delta_2016":0.0,"bike_activity_delta_2016":0.0,"air_quality_delta_2016":0.002,"opportunity_access_delta_2016":-0.002,"fairness_context_delta_2016":0.0,"deprivation_weighted_opportunity_delta_2016":-0.001,"development_pressure_delta_previous":-0.001,"planning_intensity_delta_previous":0.0,"green_cover_delta_previous":-0.016,"mobility_access_delta_previous":0.0,"bike_activity_delta_previous":0.0,"air_quality_delta_previous":-0.003,"opportunity_access_delta_previous":-0.003,"fairness_context_delta_previous":0.0,"deprivation_weighted_opportunity_delta_previous":-0.002,"dominant_change":"decreased","confidence":"medium","evidence":["OpenStreetMap building export clipped to Belfast NI core","250m-style grid proxy generated from local spatial anchors","Local raster source available for satellite/NDVI review"]},"geometry":{"type":"Polygon","coordinates":[[[-6.08,54.580000000000005],[-6.0633333333333335,54.580000000000005],[-6.0633333333333335,54.595000000000006],[-6.08,54.595000000000006],[-6.08,54.580000000000005]]]}},{"type":"Feature","id":"belfast_04_01_2020","properties":{"cell_id":"belfast_04_01","year":2020,"row":4,"col":1,"development_pressure":0.117,"planning_intensity":0.069,"green_cover":0.3,"mobility_access":0.2,"bike_activity":0.05,"air_quality":0.631,"opportunity_access":0.329,"fairness_context":0.0,"deprivation_weighted_opportunity":0.243,"development_pressure_delta_2016":-0.034,"planning_intensity_delta_2016":-0.016,"green_cover_delta_2016":-0.046,"mobility_access_delta_2016":0.0,"bike_activity_delta_2016":0.0,"air_quality_delta_2016":-0.004,"opportunity_access_delta_2016":-0.005,"fairness_context_delta_2016":0.0,"deprivation_weighted_opportunity_delta_2016":-0.004,"development_pressure_delta_previous":0.016,"planning_intensity_delta_previous":0.008,"green_cover_delta_previous":0.009,"mobility_access_delta_previous":0.0,"bike_activity_delta_previous":0.0,"air_quality_delta_previous":-0.001,"opportunity_access_delta_previous":0.001,"fairness_context_delta_previous":0.0,"deprivation_weighted_opportunity_delta_previous":0.0,"dominant_change":"worsened","confidence":"medium","evidence":["OpenStreetMap building export clipped to Belfast NI core","250m-style grid proxy generated from local spatial anchors","Local raster source available for satellite/NDVI review","Opportunity and exposure scores are normalized directional indicators"]},"geometry":{"type":"Polygon","coordinates":[[[-6.0633333333333335,54.580000000000005],[-6.046666666666667,54.580000000000005],[-6.046666666666667,54.595000000000006],[-6.0633333333333335,54.595000000000006],[-6.0633333333333335,54.580000000000005]]]}},{"type":"Feature","id":"belfast_04_02_2020","properties":{"cell_id":"belfast_04_02","year":2020,"row":4,"col":2,"development_pressure":0.141,"planning_intensity":0.08,"green_cover":0.324,"mobility_access":0.2,"bike_activity":0.05,"air_quality":0.632,"opportunity_access":0.331,"fairness_context":0.105,"deprivation_weighted_opportunity":0.254,"development_pressure_delta_2016":0.015,"planning_intensity_delta_2016":0.007,"green_cover_delta_2016":-0.01,"mobility_access_delta_2016":0.0,"bike_activity_delta_2016":0.0,"air_quality_delta_2016":-0.004,"opportunity_access_delta_2016":-0.003,"fairness_context_delta_2016":0.0,"deprivation_weighted_opportunity_delta_2016":-0.002,"development_pressure_delta_previous":0.026,"planning_intensity_delta_previous":0.013,"green_cover_delta_previous":0.022,"mobility_access_delta_previous":0.0,"bike_activity_delta_previous":0.0,"air_quality_delta_previous":0.0,"opportunity_access_delta_previous":0.002,"fairness_context_delta_previous":0.0,"deprivation_weighted_opportunity_delta_previous":0.001,"dominant_change":"stable","confidence":"medium","evidence":["OpenStreetMap building export clipped to Belfast NI core","250m-style grid proxy generated from local spatial anchors","Local raster source available for satellite/NDVI review"]},"geometry":{"type":"Polygon","coordinates":[[[-6.046666666666667,54.580000000000005],[-6.03,54.580000000000005],[-6.03,54.595000000000006],[-6.046666666666667,54.595000000000006],[-6.046666666666667,54.580000000000005]]]}},{"type":"Feature","id":"belfast_04_03_2020","properties":{"cell_id":"belfast_04_03","year":2020,"row":4,"col":3,"development_pressure":0.164,"planning_intensity":0.092,"green_cover":0.402,"mobility_access":0.2,"bike_activity":0.05,"air_quality":0.644,"opportunity_access":0.343,"fairness_context":0.337,"deprivation_weighted_opportunity":0.284,"development_pressure_delta_2016":0.057,"planning_intensity_delta_2016":0.029,"green_cover_delta_2016":0.03,"mobility_access_delta_2016":0.0,"bike_activity_delta_2016":0.0,"air_quality_delta_2016":-0.003,"opportunity_access_delta_2016":0.001,"fairness_context_delta_2016":0.0,"deprivation_weighted_opportunity_delta_2016":0.001,"development_pressure_delta_previous":0.026,"planning_intensity_delta_previous":0.013,"green_cover_delta_previous":0.012,"mobility_access_delta_previous":0.0,"bike_activity_delta_previous":0.0,"air_quality_delta_previous":-0.002,"opportunity_access_delta_previous":0.0,"fairness_context_delta_previous":0.0,"deprivation_weighted_opportunity_delta_previous":0.0,"dominant_change":"increased","confidence":"medium","evidence":["OpenStreetMap building export clipped to Belfast NI core","250m-style grid proxy generated from local spatial anchors","Local raster source available for satellite/NDVI review","Development pressure proxy uses waterfront and city-centre intensity"]},"geometry":{"type":"Polygon","coordinates":[[[-6.03,54.580000000000005],[-6.013333333333334,54.580000000000005],[-6.013333333333334,54.595000000000006],[-6.03,54.595000000000006],[-6.03,54.580000000000005]]]}},{"type":"Feature","id":"belfast_04_04_2020","properties":{"cell_id":"belfast_04_04","year":2020,"row":4,"col":4,"development_pressure":0.217,"planning_intensity":0.12,"green_cover":0.476,"mobility_access":0.269,"bike_activity":0.097,"air_quality":0.644,"opportunity_access":0.405,"fairness_context":0.566,"deprivation_weighted_opportunity":0.359,"development_pressure_delta_2016":0.084,"planning_intensity_delta_2016":0.046,"green_cover_delta_2016":0.031,"mobility_access_delta_2016":0.009,"bike_activity_delta_2016":0.02,"air_quality_delta_2016":-0.008,"opportunity_access_delta_2016":0.003,"fairness_context_delta_2016":0.0,"deprivation_weighted_opportunity_delta_2016":0.003,"development_pressure_delta_previous":0.018,"planning_intensity_delta_previous":0.01,"green_cover_delta_previous":-0.013,"mobility_access_delta_previous":0.002,"bike_activity_delta_previous":0.005,"air_quality_delta_previous":-0.006,"opportunity_access_delta_previous":-0.002,"fairness_context_delta_previous":0.0,"deprivation_weighted_opportunity_delta_previous":-0.002,"dominant_change":"appeared","confidence":"medium","evidence":["OpenStreetMap building export clipped to Belfast NI core","250m-style grid proxy generated from local spatial anchors","Local raster source available for satellite/NDVI review","Development pressure proxy uses waterfront and city-centre intensity"]},"geometry":{"type":"Polygon","coordinates":[[[-6.013333333333334,54.580000000000005],[-5.996666666666667,54.580000000000005],[-5.996666666666667,54.595000000000006],[-6.013333333333334,54.595000000000006],[-6.013333333333334,54.580000000000005]]]}},{"type":"Feature","id":"belfast_04_05_2020","properties":{"cell_id":"belfast_04_05","year":2020,"row":4,"col":5,"development_pressure":0.315,"planning_intensity":0.185,"green_cover":0.486,"mobility_access":0.479,"bike_activity":0.239,"air_quality":0.622,"opportunity_access":0.524,"fairness_context":0.784,"deprivation_weighted_opportunity":0.494,"development_pressure_delta_2016":0.093,"planning_intensity_delta_2016":0.063,"green_cover_delta_2016":-0.015,"mobility_access_delta_2016":0.045,"bike_activity_delta_2016":0.093,"air_quality_delta_2016":-0.017,"opportunity_access_delta_2016":0.009,"fairness_context_delta_2016":0.0,"deprivation_weighted_opportunity_delta_2016":0.008,"development_pressure_delta_previous":0.006,"planning_intensity_delta_previous":0.007,"green_cover_delta_previous":-0.032,"mobility_access_delta_previous":0.012,"bike_activity_delta_previous":0.023,"air_quality_delta_previous":-0.007,"opportunity_access_delta_previous":-0.001,"fairness_context_delta_previous":0.0,"deprivation_weighted_opportunity_delta_previous":-0.002,"dominant_change":"appeared","confidence":"medium","evidence":["OpenStreetMap building export clipped to Belfast NI core","250m-style grid proxy generated from local spatial anchors","Local raster source available for satellite/NDVI review","Development pressure proxy uses waterfront and city-centre intensity"]},"geometry":{"type":"Polygon","coordinates":[[[-5.996666666666667,54.580000000000005],[-5.98,54.580000000000005],[-5.98,54.595000000000006],[-5.996666666666667,54.595000000000006],[-5.996666666666667,54.580000000000005]]]}},{"type":"Feature","id":"belfast_04_06_2020","properties":{"cell_id":"belfast_04_06","year":2020,"row":4,"col":6,"development_pressure":0.431,"planning_intensity":0.274,"green_cover":0.551,"mobility_access":0.685,"bike_activity":0.379,"air_quality":0.607,"opportunity_access":0.649,"fairness_context":0.882,"deprivation_weighted_opportunity":0.629,"development_pressure_delta_2016":0.083,"planning_intensity_delta_2016":0.077,"green_cover_delta_2016":-0.066,"mobility_access_delta_2016":0.08,"bike_activity_delta_2016":0.164,"air_quality_delta_2016":-0.026,"opportunity_access_delta_2016":0.015,"fairness_context_delta_2016":0.0,"deprivation_weighted_opportunity_delta_2016":0.014,"development_pressure_delta_previous":-0.004,"planning_intensity_delta_previous":0.007,"green_cover_delta_previous":-0.024,"mobility_access_delta_previous":0.02,"bike_activity_delta_previous":0.041,"air_quality_delta_previous":-0.004,"opportunity_access_delta_previous":0.004,"fairness_context_delta_previous":0.0,"deprivation_weighted_opportunity_delta_previous":0.004,"dominant_change":"improved","confidence":"high","evidence":["OpenStreetMap building export clipped to Belfast NI core","250m-style grid proxy generated from local spatial anchors","Local raster source available for satellite/NDVI review","Opportunity and exposure scores are normalized directional indicators"]},"geometry":{"type":"Polygon","coordinates":[[[-5.98,54.580000000000005],[-5.963333333333334,54.580000000000005],[-5.963333333333334,54.595000000000006],[-5.98,54.595000000000006],[-5.98,54.580000000000005]]]}},{"type":"Feature","id":"belfast_04_07_2020","properties":{"cell_id":"belfast_04_07","year":2020,"row":4,"col":7,"development_pressure":0.536,"planning_intensity":0.381,"green_cover":0.641,"mobility_access":0.842,"bike_activity":0.476,"air_quality":0.599,"opportunity_access":0.757,"fairness_context":0.699,"deprivation_weighted_opportunity":0.698,"development_pressure_delta_2016":0.06,"planning_intensity_delta_2016":0.084,"green_cover_delta_2016":-0.08,"mobility_access_delta_2016":0.102,"bike_activity_delta_2016":0.211,"air_quality_delta_2016":-0.026,"opportunity_access_delta_2016":0.024,"fairness_context_delta_2016":0.0,"deprivation_weighted_opportunity_delta_2016":0.022,"development_pressure_delta_previous":-0.007,"planning_intensity_delta_previous":0.01,"green_cover_delta_previous":0.002,"mobility_access_delta_previous":0.026,"bike_activity_delta_previous":0.053,"air_quality_delta_previous":0.001,"opportunity_access_delta_previous":0.012,"fairness_context_delta_previous":0.0,"deprivation_weighted_opportunity_delta_previous":0.011,"dominant_change":"improved","confidence":"high","evidence":["OpenStreetMap building export clipped to Belfast NI core","250m-style grid proxy generated from local spatial anchors","Local raster source available for satellite/NDVI review","Opportunity and exposure scores are normalized directional indicators"]},"geometry":{"type":"Polygon","coordinates":[[[-5.963333333333334,54.580000000000005],[-5.946666666666667,54.580000000000005],[-5.946666666666667,54.595000000000006],[-5.963333333333334,54.595000000000006],[-5.963333333333334,54.580000000000005]]]}},{"type":"Feature","id":"belfast_04_08_2020","properties":{"cell_id":"belfast_04_08","year":2020,"row":4,"col":8,"development_pressure":0.612,"planning_intensity":0.5,"green_cover":0.683,"mobility_access":0.815,"bike_activity":0.507,"air_quality":0.589,"opportunity_access":0.773,"fairness_context":0.476,"deprivation_weighted_opportunity":0.668,"development_pressure_delta_2016":0.038,"planning_intensity_delta_2016":0.088,"green_cover_delta_2016":-0.043,"mobility_access_delta_2016":0.107,"bike_activity_delta_2016":0.22,"air_quality_delta_2016":-0.015,"opportunity_access_delta_2016":0.034,"fairness_context_delta_2016":0.0,"deprivation_weighted_opportunity_delta_2016":0.03,"development_pressure_delta_previous":-0.002,"planning_intensity_delta_previous":0.016,"green_cover_delta_previous":0.022,"mobility_access_delta_previous":0.027,"bike_activity_delta_previous":0.055,"air_quality_delta_previous":0.005,"opportunity_access_delta_previous":0.015,"fairness_context_delta_previous":0.0,"deprivation_weighted_opportunity_delta_previous":0.013,"dominant_change":"improved","confidence":"high","evidence":["OpenStreetMap building export clipped to Belfast NI core","250m-style grid proxy generated from local spatial anchors","Local raster source available for satellite/NDVI review","Opportunity and exposure scores are normalized directional indicators"]},"geometry":{"type":"Polygon","coordinates":[[[-5.946666666666667,54.580000000000005],[-5.930000000000001,54.580000000000005],[-5.930000000000001,54.595000000000006],[-5.946666666666667,54.595000000000006],[-5.946666666666667,54.580000000000005]]]}},{"type":"Feature","id":"belfast_04_09_2020","properties":{"cell_id":"belfast_04_09","year":2020,"row":4,"col":9,"development_pressure":0.609,"planning_intensity":0.515,"green_cover":0.635,"mobility_access":0.749,"bike_activity":0.406,"air_quality":0.58,"opportunity_access":0.737,"fairness_context":0.338,"deprivation_weighted_opportunity":0.61,"development_pressure_delta_2016":0.021,"planning_intensity_delta_2016":0.081,"green_cover_delta_2016":0.011,"mobility_access_delta_2016":0.077,"bike_activity_delta_2016":0.159,"air_quality_delta_2016":-0.001,"opportunity_access_delta_2016":0.033,"fairness_context_delta_2016":0.0,"deprivation_weighted_opportunity_delta_2016":0.027,"development_pressure_delta_previous":0.009,"planning_intensity_delta_previous":0.022,"green_cover_delta_previous":0.017,"mobility_access_delta_previous":0.02,"bike_activity_delta_previous":0.04,"air_quality_delta_previous":0.002,"opportunity_access_delta_previous":0.011,"fairness_context_delta_previous":0.0,"deprivation_weighted_opportunity_delta_previous":0.009,"dominant_change":"improved","confidence":"high","evidence":["OpenStreetMap building export clipped to Belfast NI core","250m-style grid proxy generated from local spatial anchors","Local raster source available for satellite/NDVI review","Opportunity and exposure scores are normalized directional indicators"]},"geometry":{"type":"Polygon","coordinates":[[[-5.93,54.580000000000005],[-5.913333333333333,54.580000000000005],[-5.913333333333333,54.595000000000006],[-5.93,54.595000000000006],[-5.93,54.580000000000005]]]}},{"type":"Feature","id":"belfast_04_10_2020","properties":{"cell_id":"belfast_04_10","year":2020,"row":4,"col":10,"development_pressure":0.578,"planning_intensity":0.448,"green_cover":0.623,"mobility_access":0.71,"bike_activity":0.396,"air_quality":0.589,"opportunity_access":0.695,"fairness_context":0.216,"deprivation_weighted_opportunity":0.553,"development_pressure_delta_2016":0.027,"planning_intensity_delta_2016":0.081,"green_cover_delta_2016":0.031,"mobility_access_delta_2016":0.078,"bike_activity_delta_2016":0.163,"air_quality_delta_2016":0.002,"opportunity_access_delta_2016":0.037,"fairness_context_delta_2016":0.0,"deprivation_weighted_opportunity_delta_2016":0.029,"development_pressure_delta_previous":0.024,"planning_intensity_delta_previous":0.029,"green_cover_delta_previous":-0.01,"mobility_access_delta_previous":0.019,"bike_activity_delta_previous":0.041,"air_quality_delta_previous":-0.006,"opportunity_access_delta_previous":0.005,"fairness_context_delta_previous":0.0,"deprivation_weighted_opportunity_delta_previous":0.004,"dominant_change":"improved","confidence":"high","evidence":["OpenStreetMap building export clipped to Belfast NI core","250m-style grid proxy generated from local spatial anchors","Local raster source available for satellite/NDVI review","Opportunity and exposure scores are normalized directional indicators"]},"geometry":{"type":"Polygon","coordinates":[[[-5.913333333333333,54.580000000000005],[-5.8966666666666665,54.580000000000005],[-5.8966666666666665,54.595000000000006],[-5.913333333333333,54.595000000000006],[-5.913333333333333,54.580000000000005]]]}},{"type":"Feature","id":"belfast_04_11_2020","properties":{"cell_id":"belfast_04_11","year":2020,"row":4,"col":11,"development_pressure":0.48,"planning_intensity":0.336,"green_cover":0.604,"mobility_access":0.596,"bike_activity":0.359,"air_quality":0.61,"opportunity_access":0.617,"fairness_context":0.202,"deprivation_weighted_opportunity":0.489,"development_pressure_delta_2016":0.042,"planning_intensity_delta_2016":0.072,"green_cover_delta_2016":0.003,"mobility_access_delta_2016":0.074,"bike_activity_delta_2016":0.153,"air_quality_delta_2016":-0.006,"opportunity_access_delta_2016":0.028,"fairness_context_delta_2016":0.0,"deprivation_weighted_opportunity_delta_2016":0.022,"development_pressure_delta_previous":0.035,"planning_intensity_delta_previous":0.03,"green_cover_delta_previous":-0.035,"mobility_access_delta_previous":0.019,"bike_activity_delta_previous":0.038,"air_quality_delta_previous":-0.012,"opportunity_access_delta_previous":-0.001,"fairness_context_delta_previous":0.0,"deprivation_weighted_opportunity_delta_previous":-0.001,"dominant_change":"improved","confidence":"high","evidence":["OpenStreetMap building export clipped to Belfast NI core","250m-style grid proxy generated from local spatial anchors","Local raster source available for satellite/NDVI review","Opportunity and exposure scores are normalized directional indicators"]},"geometry":{"type":"Polygon","coordinates":[[[-5.8966666666666665,54.580000000000005],[-5.88,54.580000000000005],[-5.88,54.595000000000006],[-5.8966666666666665,54.595000000000006],[-5.8966666666666665,54.580000000000005]]]}},{"type":"Feature","id":"belfast_04_12_2020","properties":{"cell_id":"belfast_04_12","year":2020,"row":4,"col":12,"development_pressure":0.394,"planning_intensity":0.272,"green_cover":0.499,"mobility_access":0.427,"bike_activity":0.244,"air_quality":0.611,"opportunity_access":0.498,"fairness_context":0.124,"deprivation_weighted_opportunity":0.384,"development_pressure_delta_2016":0.069,"planning_intensity_delta_2016":0.071,"green_cover_delta_2016":-0.051,"mobility_access_delta_2016":0.046,"bike_activity_delta_2016":0.096,"air_quality_delta_2016":-0.022,"opportunity_access_delta_2016":0.005,"fairness_context_delta_2016":0.0,"deprivation_weighted_opportunity_delta_2016":0.003,"development_pressure_delta_previous":0.039,"planning_intensity_delta_previous":0.029,"green_cover_delta_previous":-0.036,"mobility_access_delta_previous":0.011,"bike_activity_delta_previous":0.024,"air_quality_delta_previous":-0.014,"opportunity_access_delta_previous":-0.005,"fairness_context_delta_previous":0.0,"deprivation_weighted_opportunity_delta_previous":-0.004,"dominant_change":"improved","confidence":"medium","evidence":["OpenStreetMap building export clipped to Belfast NI core","250m-style grid proxy generated from local spatial anchors","Local raster source available for satellite/NDVI review","Opportunity and exposure scores are normalized directional indicators"]},"geometry":{"type":"Polygon","coordinates":[[[-5.88,54.580000000000005],[-5.863333333333333,54.580000000000005],[-5.863333333333333,54.595000000000006],[-5.88,54.595000000000006],[-5.88,54.580000000000005]]]}},{"type":"Feature","id":"belfast_04_13_2020","properties":{"cell_id":"belfast_04_13","year":2020,"row":4,"col":13,"development_pressure":0.299,"planning_intensity":0.2,"green_cover":0.395,"mobility_access":0.249,"bike_activity":0.11,"air_quality":0.615,"opportunity_access":0.374,"fairness_context":0.0,"deprivation_weighted_opportunity":0.277,"development_pressure_delta_2016":0.088,"planning_intensity_delta_2016":0.065,"green_cover_delta_2016":-0.078,"mobility_access_delta_2016":0.014,"bike_activity_delta_2016":0.028,"air_quality_delta_2016":-0.03,"opportunity_access_delta_2016":-0.016,"fairness_context_delta_2016":0.0,"deprivation_weighted_opportunity_delta_2016":-0.011,"development_pressure_delta_previous":0.033,"planning_intensity_delta_previous":0.022,"green_cover_delta_previous":-0.012,"mobility_access_delta_previous":0.004,"bike_activity_delta_previous":0.007,"air_quality_delta_previous":-0.008,"opportunity_access_delta_previous":-0.004,"fairness_context_delta_previous":0.0,"deprivation_weighted_opportunity_delta_previous":-0.003,"dominant_change":"appeared","confidence":"medium","evidence":["OpenStreetMap building export clipped to Belfast NI core","250m-style grid proxy generated from local spatial anchors","Local raster source available for satellite/NDVI review","Development pressure proxy uses waterfront and city-centre intensity"]},"geometry":{"type":"Polygon","coordinates":[[[-5.863333333333333,54.580000000000005],[-5.846666666666667,54.580000000000005],[-5.846666666666667,54.595000000000006],[-5.863333333333333,54.595000000000006],[-5.863333333333333,54.580000000000005]]]}},{"type":"Feature","id":"belfast_04_14_2020","properties":{"cell_id":"belfast_04_14","year":2020,"row":4,"col":14,"development_pressure":0.191,"planning_intensity":0.111,"green_cover":0.314,"mobility_access":0.2,"bike_activity":0.05,"air_quality":0.622,"opportunity_access":0.325,"fairness_context":0.0,"deprivation_weighted_opportunity":0.241,"development_pressure_delta_2016":0.081,"planning_intensity_delta_2016":0.043,"green_cover_delta_2016":-0.051,"mobility_access_delta_2016":0.0,"bike_activity_delta_2016":0.0,"air_quality_delta_2016":-0.023,"opportunity_access_delta_2016":-0.016,"fairness_context_delta_2016":0.0,"deprivation_weighted_opportunity_delta_2016":-0.011,"development_pressure_delta_previous":0.016,"planning_intensity_delta_previous":0.009,"green_cover_delta_previous":0.017,"mobility_access_delta_previous":0.0,"bike_activity_delta_previous":0.0,"air_quality_delta_previous":0.001,"opportunity_access_delta_previous":0.002,"fairness_context_delta_previous":0.0,"deprivation_weighted_opportunity_delta_previous":0.002,"dominant_change":"appeared","confidence":"medium","evidence":["OpenStreetMap building export clipped to Belfast NI core","250m-style grid proxy generated from local spatial anchors","Local raster source available for satellite/NDVI review","Development pressure proxy uses waterfront and city-centre intensity"]},"geometry":{"type":"Polygon","coordinates":[[[-5.846666666666667,54.580000000000005],[-5.83,54.580000000000005],[-5.83,54.595000000000006],[-5.846666666666667,54.595000000000006],[-5.846666666666667,54.580000000000005]]]}},{"type":"Feature","id":"belfast_04_15_2020","properties":{"cell_id":"belfast_04_15","year":2020,"row":4,"col":15,"development_pressure":0.177,"planning_intensity":0.099,"green_cover":0.328,"mobility_access":0.2,"bike_activity":0.05,"air_quality":0.627,"opportunity_access":0.329,"fairness_context":0.0,"deprivation_weighted_opportunity":0.243,"development_pressure_delta_2016":0.068,"planning_intensity_delta_2016":0.034,"green_cover_delta_2016":0.004,"mobility_access_delta_2016":0.0,"bike_activity_delta_2016":0.0,"air_quality_delta_2016":-0.01,"opportunity_access_delta_2016":-0.005,"fairness_context_delta_2016":0.0,"deprivation_weighted_opportunity_delta_2016":-0.004,"development_pressure_delta_previous":-0.001,"planning_intensity_delta_previous":0.0,"green_cover_delta_previous":0.026,"mobility_access_delta_previous":0.0,"bike_activity_delta_previous":0.0,"air_quality_delta_previous":0.005,"opportunity_access_delta_previous":0.005,"fairness_context_delta_previous":0.0,"deprivation_weighted_opportunity_delta_previous":0.003,"dominant_change":"increased","confidence":"medium","evidence":["OpenStreetMap building export clipped to Belfast NI core","250m-style grid proxy generated from local spatial anchors","Local raster source available for satellite/NDVI review","Development pressure proxy uses waterfront and city-centre intensity"]},"geometry":{"type":"Polygon","coordinates":[[[-5.83,54.580000000000005],[-5.8133333333333335,54.580000000000005],[-5.8133333333333335,54.595000000000006],[-5.83,54.595000000000006],[-5.83,54.580000000000005]]]}},{"type":"Feature","id":"belfast_04_16_2020","properties":{"cell_id":"belfast_04_16","year":2020,"row":4,"col":16,"development_pressure":0.162,"planning_intensity":0.091,"green_cover":0.338,"mobility_access":0.2,"bike_activity":0.05,"air_quality":0.631,"opportunity_access":0.332,"fairness_context":0.0,"deprivation_weighted_opportunity":0.246,"development_pressure_delta_2016":0.032,"planning_intensity_delta_2016":0.016,"green_cover_delta_2016":0.043,"mobility_access_delta_2016":0.0,"bike_activity_delta_2016":0.0,"air_quality_delta_2016":0.003,"opportunity_access_delta_2016":0.005,"fairness_context_delta_2016":0.0,"deprivation_weighted_opportunity_delta_2016":0.004,"development_pressure_delta_previous":-0.016,"planning_intensity_delta_previous":-0.008,"green_cover_delta_previous":0.009,"mobility_access_delta_previous":0.0,"bike_activity_delta_previous":0.0,"air_quality_delta_previous":0.004,"opportunity_access_delta_previous":0.003,"fairness_context_delta_previous":0.0,"deprivation_weighted_opportunity_delta_previous":0.003,"dominant_change":"stable","confidence":"medium","evidence":["OpenStreetMap building export clipped to Belfast NI core","250m-style grid proxy generated from local spatial anchors","Local raster source available for satellite/NDVI review"]},"geometry":{"type":"Polygon","coordinates":[[[-5.8133333333333335,54.580000000000005],[-5.796666666666667,54.580000000000005],[-5.796666666666667,54.595000000000006],[-5.8133333333333335,54.595000000000006],[-5.8133333333333335,54.580000000000005]]]}},{"type":"Feature","id":"belfast_04_17_2020","properties":{"cell_id":"belfast_04_17","year":2020,"row":4,"col":17,"development_pressure":0.138,"planning_intensity":0.079,"green_cover":0.323,"mobility_access":0.2,"bike_activity":0.05,"air_quality":0.632,"opportunity_access":0.331,"fairness_context":0.0,"deprivation_weighted_opportunity":0.245,"development_pressure_delta_2016":-0.017,"planning_intensity_delta_2016":-0.009,"green_cover_delta_2016":0.036,"mobility_access_delta_2016":0.0,"bike_activity_delta_2016":0.0,"air_quality_delta_2016":0.01,"opportunity_access_delta_2016":0.008,"fairness_context_delta_2016":0.0,"deprivation_weighted_opportunity_delta_2016":0.006,"development_pressure_delta_previous":-0.026,"planning_intensity_delta_previous":-0.013,"green_cover_delta_previous":-0.016,"mobility_access_delta_previous":0.0,"bike_activity_delta_previous":0.0,"air_quality_delta_previous":0.001,"opportunity_access_delta_previous":-0.001,"fairness_context_delta_previous":0.0,"deprivation_weighted_opportunity_delta_previous":-0.001,"dominant_change":"stable","confidence":"medium","evidence":["OpenStreetMap building export clipped to Belfast NI core","250m-style grid proxy generated from local spatial anchors","Local raster source available for satellite/NDVI review"]},"geometry":{"type":"Polygon","coordinates":[[[-5.796666666666667,54.580000000000005],[-5.78,54.580000000000005],[-5.78,54.595000000000006],[-5.796666666666667,54.595000000000006],[-5.796666666666667,54.580000000000005]]]}},{"type":"Feature","id":"belfast_05_00_2020","properties":{"cell_id":"belfast_05_00","year":2020,"row":5,"col":0,"development_pressure":0.138,"planning_intensity":0.079,"green_cover":0.284,"mobility_access":0.2,"bike_activity":0.05,"air_quality":0.624,"opportunity_access":0.324,"fairness_context":0.0,"deprivation_weighted_opportunity":0.24,"development_pressure_delta_2016":0.01,"planning_intensity_delta_2016":0.005,"green_cover_delta_2016":-0.054,"mobility_access_delta_2016":0.0,"bike_activity_delta_2016":0.0,"air_quality_delta_2016":-0.013,"opportunity_access_delta_2016":-0.011,"fairness_context_delta_2016":0.0,"deprivation_weighted_opportunity_delta_2016":-0.008,"development_pressure_delta_previous":0.025,"planning_intensity_delta_previous":0.013,"green_cover_delta_previous":-0.02,"mobility_access_delta_previous":0.0,"bike_activity_delta_previous":0.0,"air_quality_delta_previous":-0.008,"opportunity_access_delta_previous":-0.006,"fairness_context_delta_previous":0.0,"deprivation_weighted_opportunity_delta_previous":-0.004,"dominant_change":"worsened","confidence":"medium","evidence":["OpenStreetMap building export clipped to Belfast NI core","250m-style grid proxy generated from local spatial anchors","Local raster source available for satellite/NDVI review","Opportunity and exposure scores are normalized directional indicators"]},"geometry":{"type":"Polygon","coordinates":[[[-6.08,54.595000000000006],[-6.0633333333333335,54.595000000000006],[-6.0633333333333335,54.61000000000001],[-6.08,54.61000000000001],[-6.08,54.595000000000006]]]}},{"type":"Feature","id":"belfast_05_01_2020","properties":{"cell_id":"belfast_05_01","year":2020,"row":5,"col":1,"development_pressure":0.162,"planning_intensity":0.091,"green_cover":0.292,"mobility_access":0.2,"bike_activity":0.05,"air_quality":0.622,"opportunity_access":0.324,"fairness_context":0.0,"deprivation_weighted_opportunity":0.239,"development_pressure_delta_2016":0.054,"planning_intensity_delta_2016":0.027,"green_cover_delta_2016":-0.061,"mobility_access_delta_2016":0.0,"bike_activity_delta_2016":0.0,"air_quality_delta_2016":-0.021,"opportunity_access_delta_2016":-0.015,"fairness_context_delta_2016":0.0,"deprivation_weighted_opportunity_delta_2016":-0.012,"development_pressure_delta_previous":0.027,"planning_intensity_delta_previous":0.013,"green_cover_delta_previous":0.007,"mobility_access_delta_previous":0.0,"bike_activity_delta_previous":0.0,"air_quality_delta_previous":-0.003,"opportunity_access_delta_previous":-0.001,"fairness_context_delta_previous":0.0,"deprivation_weighted_opportunity_delta_previous":-0.001,"dominant_change":"worsened","confidence":"medium","evidence":["OpenStreetMap building export clipped to Belfast NI core","250m-style grid proxy generated from local spatial anchors","Local raster source available for satellite/NDVI review","Opportunity and exposure scores are normalized directional indicators"]},"geometry":{"type":"Polygon","coordinates":[[[-6.0633333333333335,54.595000000000006],[-6.046666666666667,54.595000000000006],[-6.046666666666667,54.61000000000001],[-6.0633333333333335,54.61000000000001],[-6.0633333333333335,54.595000000000006]]]}},{"type":"Feature","id":"belfast_05_02_2020","properties":{"cell_id":"belfast_05_02","year":2020,"row":5,"col":2,"development_pressure":0.177,"planning_intensity":0.099,"green_cover":0.328,"mobility_access":0.2,"bike_activity":0.05,"air_quality":0.627,"opportunity_access":0.329,"fairness_context":0.0,"deprivation_weighted_opportunity":0.243,"development_pressure_delta_2016":0.077,"planning_intensity_delta_2016":0.039,"green_cover_delta_2016":-0.021,"mobility_access_delta_2016":0.0,"bike_activity_delta_2016":0.0,"air_quality_delta_2016":-0.016,"opportunity_access_delta_2016":-0.01,"fairness_context_delta_2016":0.0,"deprivation_weighted_opportunity_delta_2016":-0.008,"development_pressure_delta_previous":0.017,"planning_intensity_delta_previous":0.009,"green_cover_delta_previous":0.024,"mobility_access_delta_previous":0.0,"bike_activity_delta_previous":0.0,"air_quality_delta_previous":0.002,"opportunity_access_delta_previous":0.003,"fairness_context_delta_previous":0.0,"deprivation_weighted_opportunity_delta_previous":0.002,"dominant_change":"increased","confidence":"medium","evidence":["OpenStreetMap building export clipped to Belfast NI core","250m-style grid proxy generated from local spatial anchors","Local raster source available for satellite/NDVI review","Development pressure proxy uses waterfront and city-centre intensity"]},"geometry":{"type":"Polygon","coordinates":[[[-6.046666666666667,54.595000000000006],[-6.03,54.595000000000006],[-6.03,54.61000000000001],[-6.046666666666667,54.61000000000001],[-6.046666666666667,54.595000000000006]]]}},{"type":"Feature","id":"belfast_05_03_2020","properties":{"cell_id":"belfast_05_03","year":2020,"row":5,"col":3,"development_pressure":0.179,"planning_intensity":0.099,"green_cover":0.473,"mobility_access":0.2,"bike_activity":0.05,"air_quality":0.656,"opportunity_access":0.355,"fairness_context":0.195,"deprivation_weighted_opportunity":0.281,"development_pressure_delta_2016":0.072,"planning_intensity_delta_2016":0.035,"green_cover_delta_2016":0.027,"mobility_access_delta_2016":0.0,"bike_activity_delta_2016":0.0,"air_quality_delta_2016":-0.006,"opportunity_access_delta_2016":-0.001,"fairness_context_delta_2016":0.0,"deprivation_weighted_opportunity_delta_2016":0.0,"development_pressure_delta_previous":0.003,"planning_intensity_delta_previous":0.001,"green_cover_delta_previous":0.016,"mobility_access_delta_previous":0.0,"bike_activity_delta_previous":0.0,"air_quality_delta_previous":0.003,"opportunity_access_delta_previous":0.003,"fairness_context_delta_previous":0.0,"deprivation_weighted_opportunity_delta_previous":0.003,"dominant_change":"increased","confidence":"medium","evidence":["OpenStreetMap building export clipped to Belfast NI core","250m-style grid proxy generated from local spatial anchors","Local raster source available for satellite/NDVI review","Development pressure proxy uses waterfront and city-centre intensity"]},"geometry":{"type":"Polygon","coordinates":[[[-6.03,54.595000000000006],[-6.013333333333334,54.595000000000006],[-6.013333333333334,54.61000000000001],[-6.03,54.61000000000001],[-6.03,54.595000000000006]]]}},{"type":"Feature","id":"belfast_05_04_2020","properties":{"cell_id":"belfast_05_04","year":2020,"row":5,"col":4,"development_pressure":0.183,"planning_intensity":0.092,"green_cover":0.589,"mobility_access":0.229,"bike_activity":0.066,"air_quality":0.672,"opportunity_access":0.414,"fairness_context":0.37,"deprivation_weighted_opportunity":0.346,"development_pressure_delta_2016":0.038,"planning_intensity_delta_2016":0.018,"green_cover_delta_2016":0.038,"mobility_access_delta_2016":0.0,"bike_activity_delta_2016":0.0,"air_quality_delta_2016":0.002,"opportunity_access_delta_2016":0.004,"fairness_context_delta_2016":0.0,"deprivation_weighted_opportunity_delta_2016":0.003,"development_pressure_delta_previous":-0.015,"planning_intensity_delta_previous":-0.008,"green_cover_delta_previous":-0.008,"mobility_access_delta_previous":0.0,"bike_activity_delta_previous":0.0,"air_quality_delta_previous":0.001,"opportunity_access_delta_previous":0.0,"fairness_context_delta_previous":0.0,"deprivation_weighted_opportunity_delta_previous":0.0,"dominant_change":"stable","confidence":"medium","evidence":["OpenStreetMap building export clipped to Belfast NI core","250m-style grid proxy generated from local spatial anchors","Local raster source available for satellite/NDVI review"]},"geometry":{"type":"Polygon","coordinates":[[[-6.013333333333334,54.595000000000006],[-5.996666666666667,54.595000000000006],[-5.996666666666667,54.61000000000001],[-6.013333333333334,54.61000000000001],[-6.013333333333334,54.595000000000006]]]}},{"type":"Feature","id":"belfast_05_05_2020","properties":{"cell_id":"belfast_05_05","year":2020,"row":5,"col":5,"development_pressure":0.291,"planning_intensity":0.176,"green_cover":0.662,"mobility_access":0.393,"bike_activity":0.156,"air_quality":0.659,"opportunity_access":0.525,"fairness_context":0.52,"deprivation_weighted_opportunity":0.46,"development_pressure_delta_2016":0.016,"planning_intensity_delta_2016":0.027,"green_cover_delta_2016":-0.002,"mobility_access_delta_2016":0.019,"bike_activity_delta_2016":0.041,"air_quality_delta_2016":-0.003,"opportunity_access_delta_2016":0.006,"fairness_context_delta_2016":0.0,"deprivation_weighted_opportunity_delta_2016":0.006,"development_pressure_delta_previous":-0.019,"planning_intensity_delta_previous":-0.004,"green_cover_delta_previous":-0.027,"mobility_access_delta_previous":0.005,"bike_activity_delta_previous":0.01,"air_quality_delta_previous":-0.003,"opportunity_access_delta_previous":-0.002,"fairness_context_delta_previous":0.0,"deprivation_weighted_opportunity_delta_previous":-0.001,"dominant_change":"stable","confidence":"medium","evidence":["OpenStreetMap building export clipped to Belfast NI core","250m-style grid proxy generated from local spatial anchors","Local raster source available for satellite/NDVI review"]},"geometry":{"type":"Polygon","coordinates":[[[-5.996666666666667,54.595000000000006],[-5.98,54.595000000000006],[-5.98,54.61000000000001],[-5.996666666666667,54.61000000000001],[-5.996666666666667,54.595000000000006]]]}},{"type":"Feature","id":"belfast_05_06_2020","properties":{"cell_id":"belfast_05_06","year":2020,"row":5,"col":6,"development_pressure":0.411,"planning_intensity":0.27,"green_cover":0.604,"mobility_access":0.55,"bike_activity":0.251,"air_quality":0.619,"opportunity_access":0.609,"fairness_context":0.743,"deprivation_weighted_opportunity":0.568,"development_pressure_delta_2016":0.001,"planning_intensity_delta_2016":0.039,"green_cover_delta_2016":-0.053,"mobility_access_delta_2016":0.041,"bike_activity_delta_2016":0.085,"air_quality_delta_2016":-0.011,"opportunity_access_delta_2016":0.008,"fairness_context_delta_2016":0.0,"deprivation_weighted_opportunity_delta_2016":0.007,"development_pressure_delta_previous":-0.013,"planning_intensity_delta_previous":0.003,"green_cover_delta_previous":-0.022,"mobility_access_delta_previous":0.01,"bike_activity_delta_previous":0.021,"air_quality_delta_previous":-0.003,"opportunity_access_delta_previous":0.001,"fairness_context_delta_previous":0.0,"deprivation_weighted_opportunity_delta_previous":0.001,"dominant_change":"improved","confidence":"medium","evidence":["OpenStreetMap building export clipped to Belfast NI core","250m-style grid proxy generated from local spatial anchors","Local raster source available for satellite/NDVI review","Opportunity and exposure scores are normalized directional indicators"]},"geometry":{"type":"Polygon","coordinates":[[[-5.98,54.595000000000006],[-5.963333333333334,54.595000000000006],[-5.963333333333334,54.61000000000001],[-5.98,54.61000000000001],[-5.98,54.595000000000006]]]}},{"type":"Feature","id":"belfast_05_07_2020","properties":{"cell_id":"belfast_05_07","year":2020,"row":5,"col":7,"development_pressure":0.538,"planning_intensity":0.377,"green_cover":0.521,"mobility_access":0.654,"bike_activity":0.322,"air_quality":0.573,"opportunity_access":0.665,"fairness_context":0.892,"deprivation_weighted_opportunity":0.646,"development_pressure_delta_2016":0.007,"planning_intensity_delta_2016":0.063,"green_cover_delta_2016":-0.072,"mobility_access_delta_2016":0.055,"bike_activity_delta_2016":0.115,"air_quality_delta_2016":-0.015,"opportunity_access_delta_2016":0.01,"fairness_context_delta_2016":0.0,"deprivation_weighted_opportunity_delta_2016":0.01,"development_pressure_delta_previous":0.003,"planning_intensity_delta_previous":0.017,"green_cover_delta_previous":0.0,"mobility_access_delta_previous":0.014,"bike_activity_delta_previous":0.029,"air_quality_delta_previous":-0.001,"opportunity_access_delta_previous":0.006,"fairness_context_delta_previous":0.0,"deprivation_weighted_opportunity_delta_previous":0.005,"dominant_change":"improved","confidence":"high","evidence":["OpenStreetMap building export clipped to Belfast NI core","250m-style grid proxy generated from local spatial anchors","Local raster source available for satellite/NDVI review","Opportunity and exposure scores are normalized directional indicators"]},"geometry":{"type":"Polygon","coordinates":[[[-5.963333333333334,54.595000000000006],[-5.946666666666667,54.595000000000006],[-5.946666666666667,54.61000000000001],[-5.963333333333334,54.61000000000001],[-5.963333333333334,54.595000000000006]]]}},{"type":"Feature","id":"belfast_05_08_2020","properties":{"cell_id":"belfast_05_08","year":2020,"row":5,"col":8,"development_pressure":0.667,"planning_intensity":0.53,"green_cover":0.528,"mobility_access":0.838,"bike_activity":0.444,"air_quality":0.545,"opportunity_access":0.766,"fairness_context":0.743,"deprivation_weighted_opportunity":0.714,"development_pressure_delta_2016":0.04,"planning_intensity_delta_2016":0.098,"green_cover_delta_2016":-0.045,"mobility_access_delta_2016":0.086,"bike_activity_delta_2016":0.177,"air_quality_delta_2016":-0.016,"opportunity_access_delta_2016":0.025,"fairness_context_delta_2016":0.0,"deprivation_weighted_opportunity_delta_2016":0.022,"development_pressure_delta_previous":0.025,"planning_intensity_delta_previous":0.032,"green_cover_delta_previous":0.016,"mobility_access_delta_previous":0.022,"bike_activity_delta_previous":0.044,"air_quality_delta_previous":-0.001,"opportunity_access_delta_previous":0.01,"fairness_context_delta_previous":0.0,"deprivation_weighted_opportunity_delta_previous":0.009,"dominant_change":"improved","confidence":"high","evidence":["OpenStreetMap building export clipped to Belfast NI core","250m-style grid proxy generated from local spatial anchors","Local raster source available for satellite/NDVI review","Opportunity and exposure scores are normalized directional indicators"]},"geometry":{"type":"Polygon","coordinates":[[[-5.946666666666667,54.595000000000006],[-5.930000000000001,54.595000000000006],[-5.930000000000001,54.61000000000001],[-5.946666666666667,54.61000000000001],[-5.946666666666667,54.595000000000006]]]}},{"type":"Feature","id":"belfast_05_09_2020","properties":{"cell_id":"belfast_05_09","year":2020,"row":5,"col":9,"development_pressure":0.692,"planning_intensity":0.579,"green_cover":0.547,"mobility_access":0.856,"bike_activity":0.528,"air_quality":0.545,"opportunity_access":0.774,"fairness_context":0.548,"deprivation_weighted_opportunity":0.683,"development_pressure_delta_2016":0.077,"planning_intensity_delta_2016":0.119,"green_cover_delta_2016":0.0,"mobility_access_delta_2016":0.11,"bike_activity_delta_2016":0.228,"air_quality_delta_2016":-0.013,"opportunity_access_delta_2016":0.04,"fairness_context_delta_2016":0.0,"deprivation_weighted_opportunity_delta_2016":0.035,"development_pressure_delta_previous":0.043,"planning_intensity_delta_previous":0.042,"green_cover_delta_previous":0.011,"mobility_access_delta_previous":0.028,"bike_activity_delta_previous":0.057,"air_quality_delta_previous":-0.005,"opportunity_access_delta_previous":0.01,"fairness_context_delta_previous":0.0,"deprivation_weighted_opportunity_delta_previous":0.009,"dominant_change":"improved","confidence":"high","evidence":["OpenStreetMap building export clipped to Belfast NI core","250m-style grid proxy generated from local spatial anchors","Local raster source available for satellite/NDVI review","Opportunity and exposure scores are normalized directional indicators"]},"geometry":{"type":"Polygon","coordinates":[[[-5.93,54.595000000000006],[-5.913333333333333,54.595000000000006],[-5.913333333333333,54.61000000000001],[-5.93,54.61000000000001],[-5.93,54.595000000000006]]]}},{"type":"Feature","id":"belfast_05_10_2020","properties":{"cell_id":"belfast_05_10","year":2020,"row":5,"col":10,"development_pressure":0.721,"planning_intensity":0.57,"green_cover":0.588,"mobility_access":0.829,"bike_activity":0.429,"air_quality":0.557,"opportunity_access":0.735,"fairness_context":0.574,"deprivation_weighted_opportunity":0.654,"development_pressure_delta_2016":0.132,"planning_intensity_delta_2016":0.151,"green_cover_delta_2016":0.01,"mobility_access_delta_2016":0.086,"bike_activity_delta_2016":0.18,"air_quality_delta_2016":-0.019,"opportunity_access_delta_2016":0.028,"fairness_context_delta_2016":0.0,"deprivation_weighted_opportunity_delta_2016":0.025,"development_pressure_delta_previous":0.055,"planning_intensity_delta_previous":0.049,"green_cover_delta_previous":-0.017,"mobility_access_delta_previous":0.021,"bike_activity_delta_previous":0.045,"air_quality_delta_previous":-0.012,"opportunity_access_delta_previous":0.001,"fairness_context_delta_previous":0.0,"deprivation_weighted_opportunity_delta_previous":0.002,"dominant_change":"improved","confidence":"high","evidence":["OpenStreetMap building export clipped to Belfast NI core","250m-style grid proxy generated from local spatial anchors","Local raster source available for satellite/NDVI review","Opportunity and exposure scores are normalized directional indicators"]},"geometry":{"type":"Polygon","coordinates":[[[-5.913333333333333,54.595000000000006],[-5.8966666666666665,54.595000000000006],[-5.8966666666666665,54.61000000000001],[-5.913333333333333,54.61000000000001],[-5.913333333333333,54.595000000000006]]]}},{"type":"Feature","id":"belfast_05_11_2020","properties":{"cell_id":"belfast_05_11","year":2020,"row":5,"col":11,"development_pressure":0.669,"planning_intensity":0.486,"green_cover":0.543,"mobility_access":0.687,"bike_activity":0.381,"air_quality":0.566,"opportunity_access":0.634,"fairness_context":0.549,"deprivation_weighted_opportunity":0.56,"development_pressure_delta_2016":0.164,"planning_intensity_delta_2016":0.158,"green_cover_delta_2016":-0.023,"mobility_access_delta_2016":0.079,"bike_activity_delta_2016":0.164,"air_quality_delta_2016":-0.031,"opportunity_access_delta_2016":0.016,"fairness_context_delta_2016":0.0,"deprivation_weighted_opportunity_delta_2016":0.014,"development_pressure_delta_previous":0.054,"planning_intensity_delta_previous":0.046,"green_cover_delta_previous":-0.04,"mobility_access_delta_previous":0.02,"bike_activity_delta_previous":0.041,"air_quality_delta_previous":-0.017,"opportunity_access_delta_previous":-0.004,"fairness_context_delta_previous":0.0,"deprivation_weighted_opportunity_delta_previous":-0.003,"dominant_change":"appeared","confidence":"high","evidence":["OpenStreetMap building export clipped to Belfast NI core","250m-style grid proxy generated from local spatial anchors","Local raster source available for satellite/NDVI review","Development pressure proxy uses waterfront and city-centre intensity"]},"geometry":{"type":"Polygon","coordinates":[[[-5.8966666666666665,54.595000000000006],[-5.88,54.595000000000006],[-5.88,54.61000000000001],[-5.8966666666666665,54.61000000000001],[-5.8966666666666665,54.595000000000006]]]}},{"type":"Feature","id":"belfast_05_12_2020","properties":{"cell_id":"belfast_05_12","year":2020,"row":5,"col":12,"development_pressure":0.543,"planning_intensity":0.39,"green_cover":0.457,"mobility_access":0.489,"bike_activity":0.256,"air_quality":0.578,"opportunity_access":0.508,"fairness_context":0.422,"deprivation_weighted_opportunity":0.432,"development_pressure_delta_2016":0.158,"planning_intensity_delta_2016":0.135,"green_cover_delta_2016":-0.071,"mobility_access_delta_2016":0.049,"bike_activity_delta_2016":0.102,"air_quality_delta_2016":-0.04,"opportunity_access_delta_2016":-0.005,"fairness_context_delta_2016":0.0,"deprivation_weighted_opportunity_delta_2016":-0.004,"development_pressure_delta_previous":0.037,"planning_intensity_delta_previous":0.033,"green_cover_delta_previous":-0.037,"mobility_access_delta_previous":0.012,"bike_activity_delta_previous":0.025,"air_quality_delta_previous":-0.014,"opportunity_access_delta_previous":-0.005,"fairness_context_delta_previous":0.0,"deprivation_weighted_opportunity_delta_previous":-0.004,"dominant_change":"appeared","confidence":"medium","evidence":["OpenStreetMap building export clipped to Belfast NI core","250m-style grid proxy generated from local spatial anchors","Local raster source available for satellite/NDVI review","Development pressure proxy uses waterfront and city-centre intensity"]},"geometry":{"type":"Polygon","coordinates":[[[-5.88,54.595000000000006],[-5.863333333333333,54.595000000000006],[-5.863333333333333,54.61000000000001],[-5.88,54.61000000000001],[-5.88,54.595000000000006]]]}},{"type":"Feature","id":"belfast_05_13_2020","properties":{"cell_id":"belfast_05_13","year":2020,"row":5,"col":13,"development_pressure":0.396,"planning_intensity":0.28,"green_cover":0.368,"mobility_access":0.282,"bike_activity":0.119,"air_quality":0.594,"opportunity_access":0.379,"fairness_context":0.242,"deprivation_weighted_opportunity":0.304,"development_pressure_delta_2016":0.121,"planning_intensity_delta_2016":0.095,"green_cover_delta_2016":-0.087,"mobility_access_delta_2016":0.016,"bike_activity_delta_2016":0.033,"air_quality_delta_2016":-0.036,"opportunity_access_delta_2016":-0.018,"fairness_context_delta_2016":0.0,"deprivation_weighted_opportunity_delta_2016":-0.015,"development_pressure_delta_previous":0.014,"planning_intensity_delta_previous":0.016,"green_cover_delta_previous":-0.009,"mobility_access_delta_previous":0.004,"bike_activity_delta_previous":0.008,"air_quality_delta_previous":-0.004,"opportunity_access_delta_previous":-0.001,"fairness_context_delta_previous":0.0,"deprivation_weighted_opportunity_delta_previous":-0.001,"dominant_change":"appeared","confidence":"medium","evidence":["OpenStreetMap building export clipped to Belfast NI core","250m-style grid proxy generated from local spatial anchors","Local raster source available for satellite/NDVI review","Development pressure proxy uses waterfront and city-centre intensity"]},"geometry":{"type":"Polygon","coordinates":[[[-5.863333333333333,54.595000000000006],[-5.846666666666667,54.595000000000006],[-5.846666666666667,54.61000000000001],[-5.863333333333333,54.61000000000001],[-5.863333333333333,54.595000000000006]]]}},{"type":"Feature","id":"belfast_05_14_2020","properties":{"cell_id":"belfast_05_14","year":2020,"row":5,"col":14,"development_pressure":0.24,"planning_intensity":0.161,"green_cover":0.299,"mobility_access":0.2,"bike_activity":0.05,"air_quality":0.611,"opportunity_access":0.319,"fairness_context":0.039,"deprivation_weighted_opportunity":0.239,"development_pressure_delta_2016":0.055,"planning_intensity_delta_2016":0.041,"green_cover_delta_2016":-0.048,"mobility_access_delta_2016":0.0,"bike_activity_delta_2016":0.0,"air_quality_delta_2016":-0.019,"opportunity_access_delta_2016":-0.013,"fairness_context_delta_2016":0.0,"deprivation_weighted_opportunity_delta_2016":-0.01,"development_pressure_delta_previous":-0.01,"planning_intensity_delta_previous":-0.002,"green_cover_delta_previous":0.022,"mobility_access_delta_previous":0.0,"bike_activity_delta_previous":0.0,"air_quality_delta_previous":0.006,"opportunity_access_delta_previous":0.005,"fairness_context_delta_previous":0.0,"deprivation_weighted_opportunity_delta_previous":0.004,"dominant_change":"increased","confidence":"medium","evidence":["OpenStreetMap building export clipped to Belfast NI core","250m-style grid proxy generated from local spatial anchors","Local raster source available for satellite/NDVI review","Development pressure proxy uses waterfront and city-centre intensity"]},"geometry":{"type":"Polygon","coordinates":[[[-5.846666666666667,54.595000000000006],[-5.83,54.595000000000006],[-5.83,54.61000000000001],[-5.846666666666667,54.61000000000001],[-5.846666666666667,54.595000000000006]]]}},{"type":"Feature","id":"belfast_05_15_2020","properties":{"cell_id":"belfast_05_15","year":2020,"row":5,"col":15,"development_pressure":0.141,"planning_intensity":0.08,"green_cover":0.335,"mobility_access":0.2,"bike_activity":0.05,"air_quality":0.634,"opportunity_access":0.333,"fairness_context":0.0,"deprivation_weighted_opportunity":0.246,"development_pressure_delta_2016":-0.011,"planning_intensity_delta_2016":-0.006,"green_cover_delta_2016":0.018,"mobility_access_delta_2016":0.0,"bike_activity_delta_2016":0.0,"air_quality_delta_2016":0.005,"opportunity_access_delta_2016":0.004,"fairness_context_delta_2016":0.0,"deprivation_weighted_opportunity_delta_2016":0.003,"development_pressure_delta_previous":-0.026,"planning_intensity_delta_previous":-0.013,"green_cover_delta_previous":0.031,"mobility_access_delta_previous":0.0,"bike_activity_delta_previous":0.0,"air_quality_delta_previous":0.01,"opportunity_access_delta_previous":0.008,"fairness_context_delta_previous":0.0,"deprivation_weighted_opportunity_delta_previous":0.005,"dominant_change":"stable","confidence":"medium","evidence":["OpenStreetMap building export clipped to Belfast NI core","250m-style grid proxy generated from local spatial anchors","Local raster source available for satellite/NDVI review"]},"geometry":{"type":"Polygon","coordinates":[[[-5.83,54.595000000000006],[-5.8133333333333335,54.595000000000006],[-5.8133333333333335,54.61000000000001],[-5.83,54.61000000000001],[-5.83,54.595000000000006]]]}},{"type":"Feature","id":"belfast_05_16_2020","properties":{"cell_id":"belfast_05_16","year":2020,"row":5,"col":16,"development_pressure":0.117,"planning_intensity":0.069,"green_cover":0.347,"mobility_access":0.2,"bike_activity":0.05,"air_quality":0.64,"opportunity_access":0.337,"fairness_context":0.0,"deprivation_weighted_opportunity":0.249,"development_pressure_delta_2016":-0.055,"planning_intensity_delta_2016":-0.027,"green_cover_delta_2016":0.059,"mobility_access_delta_2016":0.0,"bike_activity_delta_2016":0.0,"air_quality_delta_2016":0.02,"opportunity_access_delta_2016":0.015,"fairness_context_delta_2016":0.0,"deprivation_weighted_opportunity_delta_2016":0.011,"development_pressure_delta_previous":-0.027,"planning_intensity_delta_previous":-0.013,"green_cover_delta_previous":0.012,"mobility_access_delta_previous":0.0,"bike_activity_delta_previous":0.0,"air_quality_delta_previous":0.006,"opportunity_access_delta_previous":0.004,"fairness_context_delta_previous":0.0,"deprivation_weighted_opportunity_delta_previous":0.003,"dominant_change":"improved","confidence":"medium","evidence":["OpenStreetMap building export clipped to Belfast NI core","250m-style grid proxy generated from local spatial anchors","Local raster source available for satellite/NDVI review","Opportunity and exposure scores are normalized directional indicators"]},"geometry":{"type":"Polygon","coordinates":[[[-5.8133333333333335,54.595000000000006],[-5.796666666666667,54.595000000000006],[-5.796666666666667,54.61000000000001],[-5.8133333333333335,54.61000000000001],[-5.8133333333333335,54.595000000000006]]]}},{"type":"Feature","id":"belfast_05_17_2020","properties":{"cell_id":"belfast_05_17","year":2020,"row":5,"col":17,"development_pressure":0.102,"planning_intensity":0.061,"green_cover":0.33,"mobility_access":0.2,"bike_activity":0.05,"air_quality":0.639,"opportunity_access":0.335,"fairness_context":0.0,"deprivation_weighted_opportunity":0.248,"development_pressure_delta_2016":-0.078,"planning_intensity_delta_2016":-0.039,"green_cover_delta_2016":0.047,"mobility_access_delta_2016":0.0,"bike_activity_delta_2016":0.0,"air_quality_delta_2016":0.021,"opportunity_access_delta_2016":0.014,"fairness_context_delta_2016":0.0,"deprivation_weighted_opportunity_delta_2016":0.011,"development_pressure_delta_previous":-0.018,"planning_intensity_delta_previous":-0.009,"green_cover_delta_previous":-0.017,"mobility_access_delta_previous":0.0,"bike_activity_delta_previous":0.0,"air_quality_delta_previous":-0.001,"opportunity_access_delta_previous":-0.002,"fairness_context_delta_previous":0.0,"deprivation_weighted_opportunity_delta_previous":-0.001,"dominant_change":"decreased","confidence":"medium","evidence":["OpenStreetMap building export clipped to Belfast NI core","250m-style grid proxy generated from local spatial anchors","Local raster source available for satellite/NDVI review"]},"geometry":{"type":"Polygon","coordinates":[[[-5.796666666666667,54.595000000000006],[-5.78,54.595000000000006],[-5.78,54.61000000000001],[-5.796666666666667,54.61000000000001],[-5.796666666666667,54.595000000000006]]]}},{"type":"Feature","id":"belfast_06_00_2020","properties":{"cell_id":"belfast_06_00","year":2020,"row":6,"col":0,"development_pressure":0.176,"planning_intensity":0.098,"green_cover":0.276,"mobility_access":0.2,"bike_activity":0.05,"air_quality":0.617,"opportunity_access":0.32,"fairness_context":0.0,"deprivation_weighted_opportunity":0.237,"development_pressure_delta_2016":0.076,"planning_intensity_delta_2016":0.038,"green_cover_delta_2016":-0.067,"mobility_access_delta_2016":0.0,"bike_activity_delta_2016":0.0,"air_quality_delta_2016":-0.025,"opportunity_access_delta_2016":-0.018,"fairness_context_delta_2016":0.0,"deprivation_weighted_opportunity_delta_2016":-0.013,"development_pressure_delta_previous":0.019,"planning_intensity_delta_previous":0.009,"green_cover_delta_previous":-0.02,"mobility_access_delta_previous":0.0,"bike_activity_delta_previous":0.0,"air_quality_delta_previous":-0.007,"opportunity_access_delta_previous":-0.005,"fairness_context_delta_previous":0.0,"deprivation_weighted_opportunity_delta_previous":-0.003,"dominant_change":"increased","confidence":"medium","evidence":["OpenStreetMap building export clipped to Belfast NI core","250m-style grid proxy generated from local spatial anchors","Local raster source available for satellite/NDVI review","Development pressure proxy uses waterfront and city-centre intensity"]},"geometry":{"type":"Polygon","coordinates":[[[-6.08,54.61],[-6.0633333333333335,54.61],[-6.0633333333333335,54.625],[-6.08,54.625],[-6.08,54.61]]]}},{"type":"Feature","id":"belfast_06_01_2020","properties":{"cell_id":"belfast_06_01","year":2020,"row":6,"col":1,"development_pressure":0.179,"planning_intensity":0.1,"green_cover":0.288,"mobility_access":0.2,"bike_activity":0.05,"air_quality":0.619,"opportunity_access":0.322,"fairness_context":0.0,"deprivation_weighted_opportunity":0.238,"development_pressure_delta_2016":0.073,"planning_intensity_delta_2016":0.037,"green_cover_delta_2016":-0.065,"mobility_access_delta_2016":0.0,"bike_activity_delta_2016":0.0,"air_quality_delta_2016":-0.024,"opportunity_access_delta_2016":-0.017,"fairness_context_delta_2016":0.0,"deprivation_weighted_opportunity_delta_2016":-0.013,"development_pressure_delta_previous":0.004,"planning_intensity_delta_previous":0.002,"green_cover_delta_previous":0.01,"mobility_access_delta_previous":0.0,"bike_activity_delta_previous":0.0,"air_quality_delta_previous":0.002,"opportunity_access_delta_previous":0.002,"fairness_context_delta_previous":0.0,"deprivation_weighted_opportunity_delta_previous":0.001,"dominant_change":"increased","confidence":"medium","evidence":["OpenStreetMap building export clipped to Belfast NI core","250m-style grid proxy generated from local spatial anchors","Local raster source available for satellite/NDVI review","Development pressure proxy uses waterfront and city-centre intensity"]},"geometry":{"type":"Polygon","coordinates":[[[-6.0633333333333335,54.61],[-6.046666666666667,54.61],[-6.046666666666667,54.625],[-6.0633333333333335,54.625],[-6.0633333333333335,54.61]]]}},{"type":"Feature","id":"belfast_06_02_2020","properties":{"cell_id":"belfast_06_02","year":2020,"row":6,"col":2,"development_pressure":0.167,"planning_intensity":0.094,"green_cover":0.319,"mobility_access":0.2,"bike_activity":0.05,"air_quality":0.627,"opportunity_access":0.328,"fairness_context":0.0,"deprivation_weighted_opportunity":0.243,"development_pressure_delta_2016":0.043,"planning_intensity_delta_2016":0.022,"green_cover_delta_2016":-0.015,"mobility_access_delta_2016":0.0,"bike_activity_delta_2016":0.0,"air_quality_delta_2016":-0.01,"opportunity_access_delta_2016":-0.006,"fairness_context_delta_2016":0.0,"deprivation_weighted_opportunity_delta_2016":-0.004,"development_pressure_delta_previous":-0.013,"planning_intensity_delta_previous":-0.006,"green_cover_delta_previous":0.029,"mobility_access_delta_previous":0.0,"bike_activity_delta_previous":0.0,"air_quality_delta_previous":0.008,"opportunity_access_delta_previous":0.006,"fairness_context_delta_previous":0.0,"deprivation_weighted_opportunity_delta_previous":0.005,"dominant_change":"stable","confidence":"medium","evidence":["OpenStreetMap building export clipped to Belfast NI core","250m-style grid proxy generated from local spatial anchors","Local raster source available for satellite/NDVI review"]},"geometry":{"type":"Polygon","coordinates":[[[-6.046666666666667,54.61],[-6.03,54.61],[-6.03,54.625],[-6.046666666666667,54.625],[-6.046666666666667,54.61]]]}},{"type":"Feature","id":"belfast_06_03_2020","properties":{"cell_id":"belfast_06_03","year":2020,"row":6,"col":3,"development_pressure":0.144,"planning_intensity":0.082,"green_cover":0.441,"mobility_access":0.2,"bike_activity":0.05,"air_quality":0.655,"opportunity_access":0.352,"fairness_context":0.032,"deprivation_weighted_opportunity":0.263,"development_pressure_delta_2016":-0.005,"planning_intensity_delta_2016":-0.003,"green_cover_delta_2016":0.041,"mobility_access_delta_2016":0.0,"bike_activity_delta_2016":0.0,"air_quality_delta_2016":0.009,"opportunity_access_delta_2016":0.008,"fairness_context_delta_2016":0.0,"deprivation_weighted_opportunity_delta_2016":0.005,"development_pressure_delta_previous":-0.025,"planning_intensity_delta_previous":-0.013,"green_cover_delta_previous":0.022,"mobility_access_delta_previous":0.0,"bike_activity_delta_previous":0.0,"air_quality_delta_previous":0.009,"opportunity_access_delta_previous":0.006,"fairness_context_delta_previous":0.0,"deprivation_weighted_opportunity_delta_previous":0.004,"dominant_change":"stable","confidence":"medium","evidence":["OpenStreetMap building export clipped to Belfast NI core","250m-style grid proxy generated from local spatial anchors","Local raster source available for satellite/NDVI review"]},"geometry":{"type":"Polygon","coordinates":[[[-6.03,54.61],[-6.013333333333334,54.61],[-6.013333333333334,54.625],[-6.03,54.625],[-6.03,54.61]]]}},{"type":"Feature","id":"belfast_06_04_2020","properties":{"cell_id":"belfast_06_04","year":2020,"row":6,"col":4,"development_pressure":0.127,"planning_intensity":0.07,"green_cover":0.541,"mobility_access":0.207,"bike_activity":0.056,"air_quality":0.675,"opportunity_access":0.384,"fairness_context":0.255,"deprivation_weighted_opportunity":0.31,"development_pressure_delta_2016":-0.05,"planning_intensity_delta_2016":-0.025,"green_cover_delta_2016":0.055,"mobility_access_delta_2016":0.0,"bike_activity_delta_2016":0.0,"air_quality_delta_2016":0.019,"opportunity_access_delta_2016":0.014,"fairness_context_delta_2016":0.0,"deprivation_weighted_opportunity_delta_2016":0.011,"development_pressure_delta_previous":-0.027,"planning_intensity_delta_previous":-0.014,"green_cover_delta_previous":-0.004,"mobility_access_delta_previous":0.0,"bike_activity_delta_previous":0.0,"air_quality_delta_previous":0.003,"opportunity_access_delta_previous":0.001,"fairness_context_delta_previous":0.0,"deprivation_weighted_opportunity_delta_previous":0.001,"dominant_change":"improved","confidence":"medium","evidence":["OpenStreetMap building export clipped to Belfast NI core","250m-style grid proxy generated from local spatial anchors","Local raster source available for satellite/NDVI review","Opportunity and exposure scores are normalized directional indicators"]},"geometry":{"type":"Polygon","coordinates":[[[-6.013333333333334,54.61],[-5.996666666666667,54.61],[-5.996666666666667,54.625],[-6.013333333333334,54.625],[-6.013333333333334,54.61]]]}},{"type":"Feature","id":"belfast_06_05_2020","properties":{"cell_id":"belfast_06_05","year":2020,"row":6,"col":5,"development_pressure":0.184,"planning_intensity":0.107,"green_cover":0.574,"mobility_access":0.231,"bike_activity":0.076,"air_quality":0.664,"opportunity_access":0.43,"fairness_context":0.469,"deprivation_weighted_opportunity":0.37,"development_pressure_delta_2016":-0.064,"planning_intensity_delta_2016":-0.023,"green_cover_delta_2016":0.014,"mobility_access_delta_2016":0.0,"bike_activity_delta_2016":0.0,"air_quality_delta_2016":0.013,"opportunity_access_delta_2016":0.008,"fairness_context_delta_2016":0.0,"deprivation_weighted_opportunity_delta_2016":0.006,"development_pressure_delta_previous":-0.016,"planning_intensity_delta_previous":-0.006,"green_cover_delta_previous":-0.027,"mobility_access_delta_previous":0.0,"bike_activity_delta_previous":0.0,"air_quality_delta_previous":-0.003,"opportunity_access_delta_previous":-0.003,"fairness_context_delta_previous":0.0,"deprivation_weighted_opportunity_delta_previous":-0.003,"dominant_change":"decreased","confidence":"medium","evidence":["OpenStreetMap building export clipped to Belfast NI core","250m-style grid proxy generated from local spatial anchors","Local raster source available for satellite/NDVI review"]},"geometry":{"type":"Polygon","coordinates":[[[-5.996666666666667,54.61],[-5.98,54.61],[-5.98,54.625],[-5.996666666666667,54.625],[-5.996666666666667,54.61]]]}},{"type":"Feature","id":"belfast_06_06_2020","properties":{"cell_id":"belfast_06_06","year":2020,"row":6,"col":6,"development_pressure":0.298,"planning_intensity":0.192,"green_cover":0.526,"mobility_access":0.314,"bike_activity":0.095,"air_quality":0.628,"opportunity_access":0.478,"fairness_context":0.656,"deprivation_weighted_opportunity":0.435,"development_pressure_delta_2016":-0.037,"planning_intensity_delta_2016":0.007,"green_cover_delta_2016":-0.043,"mobility_access_delta_2016":0.0,"bike_activity_delta_2016":0.0,"air_quality_delta_2016":-0.003,"opportunity_access_delta_2016":-0.005,"fairness_context_delta_2016":0.0,"deprivation_weighted_opportunity_delta_2016":-0.005,"development_pressure_delta_previous":0.005,"planning_intensity_delta_previous":0.009,"green_cover_delta_previous":-0.024,"mobility_access_delta_previous":0.0,"bike_activity_delta_previous":0.0,"air_quality_delta_previous":-0.006,"opportunity_access_delta_previous":-0.005,"fairness_context_delta_previous":0.0,"deprivation_weighted_opportunity_delta_previous":-0.005,"dominant_change":"stable","confidence":"medium","evidence":["OpenStreetMap building export clipped to Belfast NI core","250m-style grid proxy generated from local spatial anchors","Local raster source available for satellite/NDVI review"]},"geometry":{"type":"Polygon","coordinates":[[[-5.98,54.61],[-5.963333333333334,54.61],[-5.963333333333334,54.625],[-5.98,54.625],[-5.98,54.61]]]}},{"type":"Feature","id":"belfast_06_07_2020","properties":{"cell_id":"belfast_06_07","year":2020,"row":6,"col":7,"development_pressure":0.414,"planning_intensity":0.275,"green_cover":0.43,"mobility_access":0.456,"bike_activity":0.186,"air_quality":0.584,"opportunity_access":0.538,"fairness_context":0.789,"deprivation_weighted_opportunity":0.508,"development_pressure_delta_2016":0.015,"planning_intensity_delta_2016":0.048,"green_cover_delta_2016":-0.068,"mobility_access_delta_2016":0.022,"bike_activity_delta_2016":0.045,"air_quality_delta_2016":-0.016,"opportunity_access_delta_2016":-0.004,"fairness_context_delta_2016":0.0,"deprivation_weighted_opportunity_delta_2016":-0.004,"development_pressure_delta_previous":0.027,"planning_intensity_delta_previous":0.024,"green_cover_delta_previous":-0.003,"mobility_access_delta_previous":0.006,"bike_activity_delta_previous":0.011,"air_quality_delta_previous":-0.005,"opportunity_access_delta_previous":0.0,"fairness_context_delta_previous":0.0,"deprivation_weighted_opportunity_delta_previous":-0.001,"dominant_change":"worsened","confidence":"medium","evidence":["OpenStreetMap building export clipped to Belfast NI core","250m-style grid proxy generated from local spatial anchors","Local raster source available for satellite/NDVI review","Opportunity and exposure scores are normalized directional indicators"]},"geometry":{"type":"Polygon","coordinates":[[[-5.963333333333334,54.61],[-5.946666666666667,54.61],[-5.946666666666667,54.625],[-5.963333333333334,54.625],[-5.963333333333334,54.61]]]}},{"type":"Feature","id":"belfast_06_08_2020","properties":{"cell_id":"belfast_06_08","year":2020,"row":6,"col":8,"development_pressure":0.502,"planning_intensity":0.37,"green_cover":0.55,"mobility_access":0.569,"bike_activity":0.284,"air_quality":0.59,"opportunity_access":0.616,"fairness_context":0.974,"deprivation_weighted_opportunity":0.612,"development_pressure_delta_2016":0.076,"planning_intensity_delta_2016":0.088,"green_cover_delta_2016":-0.046,"mobility_access_delta_2016":0.048,"bike_activity_delta_2016":0.099,"air_quality_delta_2016":-0.021,"opportunity_access_delta_2016":0.006,"fairness_context_delta_2016":0.0,"deprivation_weighted_opportunity_delta_2016":0.006,"development_pressure_delta_previous":0.042,"planning_intensity_delta_previous":0.034,"green_cover_delta_previous":0.015,"mobility_access_delta_previous":0.012,"bike_activity_delta_previous":0.025,"air_quality_delta_previous":-0.004,"opportunity_access_delta_previous":0.005,"fairness_context_delta_previous":0.0,"deprivation_weighted_opportunity_delta_previous":0.005,"dominant_change":"improved","confidence":"high","evidence":["OpenStreetMap building export clipped to Belfast NI core","250m-style grid proxy generated from local spatial anchors","Local raster source available for satellite/NDVI review","Opportunity and exposure scores are normalized directional indicators"]},"geometry":{"type":"Polygon","coordinates":[[[-5.946666666666667,54.61],[-5.930000000000001,54.61],[-5.930000000000001,54.625],[-5.946666666666667,54.625],[-5.946666666666667,54.61]]]}},{"type":"Feature","id":"belfast_06_09_2020","properties":{"cell_id":"belfast_06_09","year":2020,"row":6,"col":9,"development_pressure":0.611,"planning_intensity":0.474,"green_cover":0.689,"mobility_access":0.626,"bike_activity":0.361,"air_quality":0.6,"opportunity_access":0.656,"fairness_context":0.743,"deprivation_weighted_opportunity":0.612,"development_pressure_delta_2016":0.143,"planning_intensity_delta_2016":0.136,"green_cover_delta_2016":-0.009,"mobility_access_delta_2016":0.071,"bike_activity_delta_2016":0.146,"air_quality_delta_2016":-0.025,"opportunity_access_delta_2016":0.017,"fairness_context_delta_2016":0.0,"deprivation_weighted_opportunity_delta_2016":0.016,"development_pressure_delta_previous":0.05,"planning_intensity_delta_previous":0.041,"green_cover_delta_previous":0.009,"mobility_access_delta_previous":0.018,"bike_activity_delta_previous":0.036,"air_quality_delta_previous":-0.006,"opportunity_access_delta_previous":0.005,"fairness_context_delta_previous":0.0,"deprivation_weighted_opportunity_delta_previous":0.005,"dominant_change":"improved","confidence":"high","evidence":["OpenStreetMap building export clipped to Belfast NI core","250m-style grid proxy generated from local spatial anchors","Local raster source available for satellite/NDVI review","Opportunity and exposure scores are normalized directional indicators"]},"geometry":{"type":"Polygon","coordinates":[[[-5.93,54.61],[-5.913333333333333,54.61],[-5.913333333333333,54.625],[-5.93,54.625],[-5.93,54.61]]]}},{"type":"Feature","id":"belfast_06_10_2020","properties":{"cell_id":"belfast_06_10","year":2020,"row":6,"col":10,"development_pressure":0.683,"planning_intensity":0.517,"green_cover":0.625,"mobility_access":0.631,"bike_activity":0.347,"air_quality":0.58,"opportunity_access":0.624,"fairness_context":0.908,"deprivation_weighted_opportunity":0.609,"development_pressure_delta_2016":0.185,"planning_intensity_delta_2016":0.169,"green_cover_delta_2016":0.002,"mobility_access_delta_2016":0.069,"bike_activity_delta_2016":0.143,"air_quality_delta_2016":-0.029,"opportunity_access_delta_2016":0.014,"fairness_context_delta_2016":0.0,"deprivation_weighted_opportunity_delta_2016":0.014,"development_pressure_delta_previous":0.046,"planning_intensity_delta_previous":0.042,"green_cover_delta_previous":-0.015,"mobility_access_delta_previous":0.017,"bike_activity_delta_previous":0.036,"air_quality_delta_previous":-0.01,"opportunity_access_delta_previous":0.0,"fairness_context_delta_previous":0.0,"deprivation_weighted_opportunity_delta_previous":0.0,"dominant_change":"appeared","confidence":"high","evidence":["OpenStreetMap building export clipped to Belfast NI core","250m-style grid proxy generated from local spatial anchors","Local raster source available for satellite/NDVI review","Development pressure proxy uses waterfront and city-centre intensity"]},"geometry":{"type":"Polygon","coordinates":[[[-5.913333333333333,54.61],[-5.8966666666666665,54.61],[-5.8966666666666665,54.625],[-5.913333333333333,54.625],[-5.913333333333333,54.61]]]}},{"type":"Feature","id":"belfast_06_11_2020","properties":{"cell_id":"belfast_06_11","year":2020,"row":6,"col":11,"development_pressure":0.632,"planning_intensity":0.462,"green_cover":0.464,"mobility_access":0.515,"bike_activity":0.25,"air_quality":0.563,"opportunity_access":0.524,"fairness_context":0.826,"deprivation_weighted_opportunity":0.501,"development_pressure_delta_2016":0.173,"planning_intensity_delta_2016":0.156,"green_cover_delta_2016":-0.023,"mobility_access_delta_2016":0.045,"bike_activity_delta_2016":0.094,"air_quality_delta_2016":-0.032,"opportunity_access_delta_2016":0.001,"fairness_context_delta_2016":0.0,"deprivation_weighted_opportunity_delta_2016":0.001,"development_pressure_delta_previous":0.029,"planning_intensity_delta_previous":0.031,"green_cover_delta_previous":-0.035,"mobility_access_delta_previous":0.011,"bike_activity_delta_previous":0.024,"air_quality_delta_previous":-0.011,"opportunity_access_delta_previous":-0.004,"fairness_context_delta_previous":0.0,"deprivation_weighted_opportunity_delta_previous":-0.003,"dominant_change":"appeared","confidence":"high","evidence":["OpenStreetMap building export clipped to Belfast NI core","250m-style grid proxy generated from local spatial anchors","Local raster source available for satellite/NDVI review","Development pressure proxy uses waterfront and city-centre intensity"]},"geometry":{"type":"Polygon","coordinates":[[[-5.8966666666666665,54.61],[-5.88,54.61],[-5.88,54.625],[-5.8966666666666665,54.625],[-5.8966666666666665,54.61]]]}},{"type":"Feature","id":"belfast_06_12_2020","properties":{"cell_id":"belfast_06_12","year":2020,"row":6,"col":12,"development_pressure":0.498,"planning_intensity":0.366,"green_cover":0.337,"mobility_access":0.345,"bike_activity":0.126,"air_quality":0.567,"opportunity_access":0.409,"fairness_context":0.598,"deprivation_weighted_opportunity":0.367,"development_pressure_delta_2016":0.117,"planning_intensity_delta_2016":0.111,"green_cover_delta_2016":-0.063,"mobility_access_delta_2016":0.015,"bike_activity_delta_2016":0.03,"air_quality_delta_2016":-0.031,"opportunity_access_delta_2016":-0.015,"fairness_context_delta_2016":0.0,"deprivation_weighted_opportunity_delta_2016":-0.013,"development_pressure_delta_previous":0.006,"planning_intensity_delta_previous":0.016,"green_cover_delta_previous":-0.031,"mobility_access_delta_previous":0.004,"bike_activity_delta_previous":0.008,"air_quality_delta_previous":-0.007,"opportunity_access_delta_previous":-0.005,"fairness_context_delta_previous":0.0,"deprivation_weighted_opportunity_delta_previous":-0.004,"dominant_change":"appeared","confidence":"medium","evidence":["OpenStreetMap building export clipped to Belfast NI core","250m-style grid proxy generated from local spatial anchors","Local raster source available for satellite/NDVI review","Development pressure proxy uses waterfront and city-centre intensity"]},"geometry":{"type":"Polygon","coordinates":[[[-5.88,54.61],[-5.863333333333333,54.61],[-5.863333333333333,54.625],[-5.88,54.625],[-5.88,54.61]]]}},{"type":"Feature","id":"belfast_06_13_2020","properties":{"cell_id":"belfast_06_13","year":2020,"row":6,"col":13,"development_pressure":0.336,"planning_intensity":0.251,"green_cover":0.27,"mobility_access":0.207,"bike_activity":0.056,"air_quality":0.587,"opportunity_access":0.318,"fairness_context":0.367,"deprivation_weighted_opportunity":0.266,"development_pressure_delta_2016":0.04,"planning_intensity_delta_2016":0.053,"green_cover_delta_2016":-0.071,"mobility_access_delta_2016":0.0,"bike_activity_delta_2016":0.0,"air_quality_delta_2016":-0.021,"opportunity_access_delta_2016":-0.016,"fairness_context_delta_2016":0.0,"deprivation_weighted_opportunity_delta_2016":-0.013,"development_pressure_delta_previous":-0.014,"planning_intensity_delta_previous":0.002,"green_cover_delta_previous":-0.003,"mobility_access_delta_previous":0.0,"bike_activity_delta_previous":0.0,"air_quality_delta_previous":0.001,"opportunity_access_delta_previous":0.0,"fairness_context_delta_previous":0.0,"deprivation_weighted_opportunity_delta_previous":0.001,"dominant_change":"worsened","confidence":"medium","evidence":["OpenStreetMap building export clipped to Belfast NI core","250m-style grid proxy generated from local spatial anchors","Local raster source available for satellite/NDVI review","Opportunity and exposure scores are normalized directional indicators"]},"geometry":{"type":"Polygon","coordinates":[[[-5.863333333333333,54.61],[-5.846666666666667,54.61],[-5.846666666666667,54.625],[-5.863333333333333,54.625],[-5.863333333333333,54.61]]]}},{"type":"Feature","id":"belfast_06_14_2020","properties":{"cell_id":"belfast_06_14","year":2020,"row":6,"col":14,"development_pressure":0.185,"planning_intensity":0.129,"green_cover":0.299,"mobility_access":0.2,"bike_activity":0.05,"air_quality":0.62,"opportunity_access":0.323,"fairness_context":0.134,"deprivation_weighted_opportunity":0.25,"development_pressure_delta_2016":-0.035,"planning_intensity_delta_2016":-0.006,"green_cover_delta_2016":-0.032,"mobility_access_delta_2016":0.0,"bike_activity_delta_2016":0.0,"air_quality_delta_2016":-0.001,"opportunity_access_delta_2016":-0.003,"fairness_context_delta_2016":0.0,"deprivation_weighted_opportunity_delta_2016":-0.003,"development_pressure_delta_previous":-0.023,"planning_intensity_delta_previous":-0.009,"green_cover_delta_previous":0.025,"mobility_access_delta_previous":0.0,"bike_activity_delta_previous":0.0,"air_quality_delta_previous":0.009,"opportunity_access_delta_previous":0.006,"fairness_context_delta_previous":0.0,"deprivation_weighted_opportunity_delta_previous":0.005,"dominant_change":"stable","confidence":"medium","evidence":["OpenStreetMap building export clipped to Belfast NI core","250m-style grid proxy generated from local spatial anchors","Local raster source available for satellite/NDVI review"]},"geometry":{"type":"Polygon","coordinates":[[[-5.846666666666667,54.61],[-5.83,54.61],[-5.83,54.625],[-5.846666666666667,54.625],[-5.846666666666667,54.61]]]}},{"type":"Feature","id":"belfast_06_15_2020","properties":{"cell_id":"belfast_06_15","year":2020,"row":6,"col":15,"development_pressure":0.103,"planning_intensity":0.062,"green_cover":0.342,"mobility_access":0.2,"bike_activity":0.05,"air_quality":0.642,"opportunity_access":0.337,"fairness_context":0.0,"deprivation_weighted_opportunity":0.25,"development_pressure_delta_2016":-0.077,"planning_intensity_delta_2016":-0.038,"green_cover_delta_2016":0.03,"mobility_access_delta_2016":0.0,"bike_activity_delta_2016":0.0,"air_quality_delta_2016":0.019,"opportunity_access_delta_2016":0.011,"fairness_context_delta_2016":0.0,"deprivation_weighted_opportunity_delta_2016":0.009,"development_pressure_delta_previous":-0.019,"planning_intensity_delta_previous":-0.009,"green_cover_delta_previous":0.03,"mobility_access_delta_previous":0.0,"bike_activity_delta_previous":0.0,"air_quality_delta_previous":0.009,"opportunity_access_delta_previous":0.007,"fairness_context_delta_previous":0.0,"deprivation_weighted_opportunity_delta_previous":0.005,"dominant_change":"decreased","confidence":"medium","evidence":["OpenStreetMap building export clipped to Belfast NI core","250m-style grid proxy generated from local spatial anchors","Local raster source available for satellite/NDVI review"]},"geometry":{"type":"Polygon","coordinates":[[[-5.83,54.61],[-5.8133333333333335,54.61],[-5.8133333333333335,54.625],[-5.83,54.625],[-5.83,54.61]]]}},{"type":"Feature","id":"belfast_06_16_2020","properties":{"cell_id":"belfast_06_16","year":2020,"row":6,"col":16,"development_pressure":0.101,"planning_intensity":0.061,"green_cover":0.35,"mobility_access":0.2,"bike_activity":0.05,"air_quality":0.643,"opportunity_access":0.339,"fairness_context":0.0,"deprivation_weighted_opportunity":0.251,"development_pressure_delta_2016":-0.073,"planning_intensity_delta_2016":-0.036,"green_cover_delta_2016":0.062,"mobility_access_delta_2016":0.0,"bike_activity_delta_2016":0.0,"air_quality_delta_2016":0.024,"opportunity_access_delta_2016":0.017,"fairness_context_delta_2016":0.0,"deprivation_weighted_opportunity_delta_2016":0.013,"development_pressure_delta_previous":-0.003,"planning_intensity_delta_previous":-0.001,"green_cover_delta_previous":0.007,"mobility_access_delta_previous":0.0,"bike_activity_delta_previous":0.0,"air_quality_delta_previous":0.001,"opportunity_access_delta_previous":0.002,"fairness_context_delta_previous":0.0,"deprivation_weighted_opportunity_delta_previous":0.001,"dominant_change":"decreased","confidence":"medium","evidence":["OpenStreetMap building export clipped to Belfast NI core","250m-style grid proxy generated from local spatial anchors","Local raster source available for satellite/NDVI review"]},"geometry":{"type":"Polygon","coordinates":[[[-5.8133333333333335,54.61],[-5.796666666666667,54.61],[-5.796666666666667,54.625],[-5.8133333333333335,54.625],[-5.8133333333333335,54.61]]]}},{"type":"Feature","id":"belfast_06_17_2020","properties":{"cell_id":"belfast_06_17","year":2020,"row":6,"col":17,"development_pressure":0.114,"planning_intensity":0.067,"green_cover":0.328,"mobility_access":0.2,"bike_activity":0.05,"air_quality":0.637,"opportunity_access":0.334,"fairness_context":0.0,"deprivation_weighted_opportunity":0.247,"development_pressure_delta_2016":-0.041,"planning_intensity_delta_2016":-0.02,"green_cover_delta_2016":0.04,"mobility_access_delta_2016":0.0,"bike_activity_delta_2016":0.0,"air_quality_delta_2016":0.015,"opportunity_access_delta_2016":0.011,"fairness_context_delta_2016":0.0,"deprivation_weighted_opportunity_delta_2016":0.008,"development_pressure_delta_previous":0.014,"planning_intensity_delta_previous":0.007,"green_cover_delta_previous":-0.023,"mobility_access_delta_previous":0.0,"bike_activity_delta_previous":0.0,"air_quality_delta_previous":-0.007,"opportunity_access_delta_previous":-0.005,"fairness_context_delta_previous":0.0,"deprivation_weighted_opportunity_delta_previous":-0.004,"dominant_change":"stable","confidence":"medium","evidence":["OpenStreetMap building export clipped to Belfast NI core","250m-style grid proxy generated from local spatial anchors","Local raster source available for satellite/NDVI review"]},"geometry":{"type":"Polygon","coordinates":[[[-5.796666666666667,54.61],[-5.78,54.61],[-5.78,54.625],[-5.796666666666667,54.625],[-5.796666666666667,54.61]]]}},{"type":"Feature","id":"belfast_07_00_2020","properties":{"cell_id":"belfast_07_00","year":2020,"row":7,"col":0,"development_pressure":0.169,"planning_intensity":0.095,"green_cover":0.278,"mobility_access":0.2,"bike_activity":0.05,"air_quality":0.618,"opportunity_access":0.32,"fairness_context":0.0,"deprivation_weighted_opportunity":0.237,"development_pressure_delta_2016":0.047,"planning_intensity_delta_2016":0.024,"green_cover_delta_2016":-0.061,"mobility_access_delta_2016":0.0,"bike_activity_delta_2016":0.0,"air_quality_delta_2016":-0.02,"opportunity_access_delta_2016":-0.015,"fairness_context_delta_2016":0.0,"deprivation_weighted_opportunity_delta_2016":-0.011,"development_pressure_delta_previous":-0.011,"planning_intensity_delta_previous":-0.005,"green_cover_delta_previous":-0.014,"mobility_access_delta_previous":0.0,"bike_activity_delta_previous":0.0,"air_quality_delta_previous":-0.001,"opportunity_access_delta_previous":-0.002,"fairness_context_delta_previous":0.0,"deprivation_weighted_opportunity_delta_previous":-0.001,"dominant_change":"worsened","confidence":"medium","evidence":["OpenStreetMap building export clipped to Belfast NI core","250m-style grid proxy generated from local spatial anchors","Local raster source available for satellite/NDVI review","Opportunity and exposure scores are normalized directional indicators"]},"geometry":{"type":"Polygon","coordinates":[[[-6.08,54.625],[-6.0633333333333335,54.625],[-6.0633333333333335,54.64],[-6.08,54.64],[-6.08,54.625]]]}},{"type":"Feature","id":"belfast_07_01_2020","properties":{"cell_id":"belfast_07_01","year":2020,"row":7,"col":1,"development_pressure":0.147,"planning_intensity":0.084,"green_cover":0.294,"mobility_access":0.2,"bike_activity":0.05,"air_quality":0.625,"opportunity_access":0.325,"fairness_context":0.0,"deprivation_weighted_opportunity":0.241,"development_pressure_delta_2016":0.001,"planning_intensity_delta_2016":0.001,"green_cover_delta_2016":-0.052,"mobility_access_delta_2016":0.0,"bike_activity_delta_2016":0.0,"air_quality_delta_2016":-0.011,"opportunity_access_delta_2016":-0.01,"fairness_context_delta_2016":0.0,"deprivation_weighted_opportunity_delta_2016":-0.007,"development_pressure_delta_previous":-0.024,"planning_intensity_delta_previous":-0.011,"green_cover_delta_previous":0.015,"mobility_access_delta_previous":0.0,"bike_activity_delta_previous":0.0,"air_quality_delta_previous":0.007,"opportunity_access_delta_previous":0.005,"fairness_context_delta_previous":0.0,"deprivation_weighted_opportunity_delta_previous":0.004,"dominant_change":"worsened","confidence":"medium","evidence":["OpenStreetMap building export clipped to Belfast NI core","250m-style grid proxy generated from local spatial anchors","Local raster source available for satellite/NDVI review","Opportunity and exposure scores are normalized directional indicators"]},"geometry":{"type":"Polygon","coordinates":[[[-6.0633333333333335,54.625],[-6.046666666666667,54.625],[-6.046666666666667,54.64],[-6.0633333333333335,54.64],[-6.0633333333333335,54.625]]]}},{"type":"Feature","id":"belfast_07_02_2020","properties":{"cell_id":"belfast_07_02","year":2020,"row":7,"col":2,"development_pressure":0.123,"planning_intensity":0.071,"green_cover":0.328,"mobility_access":0.2,"bike_activity":0.05,"air_quality":0.636,"opportunity_access":0.333,"fairness_context":0.0,"deprivation_weighted_opportunity":0.247,"development_pressure_delta_2016":-0.045,"planning_intensity_delta_2016":-0.023,"green_cover_delta_2016":0.001,"mobility_access_delta_2016":0.0,"bike_activity_delta_2016":0.0,"air_quality_delta_2016":0.008,"opportunity_access_delta_2016":0.004,"fairness_context_delta_2016":0.0,"deprivation_weighted_opportunity_delta_2016":0.003,"development_pressure_delta_previous":-0.027,"planning_intensity_delta_previous":-0.014,"green_cover_delta_previous":0.033,"mobility_access_delta_previous":0.0,"bike_activity_delta_previous":0.0,"air_quality_delta_previous":0.011,"opportunity_access_delta_previous":0.008,"fairness_context_delta_previous":0.0,"deprivation_weighted_opportunity_delta_previous":0.006,"dominant_change":"decreased","confidence":"medium","evidence":["OpenStreetMap building export clipped to Belfast NI core","250m-style grid proxy generated from local spatial anchors","Local raster source available for satellite/NDVI review"]},"geometry":{"type":"Polygon","coordinates":[[[-6.046666666666667,54.625],[-6.03,54.625],[-6.03,54.64],[-6.046666666666667,54.64],[-6.046666666666667,54.625]]]}},{"type":"Feature","id":"belfast_07_03_2020","properties":{"cell_id":"belfast_07_03","year":2020,"row":7,"col":3,"development_pressure":0.105,"planning_intensity":0.062,"green_cover":0.349,"mobility_access":0.2,"bike_activity":0.05,"air_quality":0.643,"opportunity_access":0.339,"fairness_context":0.0,"deprivation_weighted_opportunity":0.25,"development_pressure_delta_2016":-0.075,"planning_intensity_delta_2016":-0.038,"green_cover_delta_2016":0.053,"mobility_access_delta_2016":0.0,"bike_activity_delta_2016":0.0,"air_quality_delta_2016":0.023,"opportunity_access_delta_2016":0.016,"fairness_context_delta_2016":0.0,"deprivation_weighted_opportunity_delta_2016":0.011,"development_pressure_delta_previous":-0.02,"planning_intensity_delta_previous":-0.011,"green_cover_delta_previous":0.021,"mobility_access_delta_previous":0.0,"bike_activity_delta_previous":0.0,"air_quality_delta_previous":0.008,"opportunity_access_delta_previous":0.006,"fairness_context_delta_previous":0.0,"deprivation_weighted_opportunity_delta_previous":0.004,"dominant_change":"decreased","confidence":"medium","evidence":["OpenStreetMap building export clipped to Belfast NI core","250m-style grid proxy generated from local spatial anchors","Local raster source available for satellite/NDVI review"]},"geometry":{"type":"Polygon","coordinates":[[[-6.03,54.625],[-6.013333333333334,54.625],[-6.013333333333334,54.64],[-6.03,54.64],[-6.03,54.625]]]}},{"type":"Feature","id":"belfast_07_04_2020","properties":{"cell_id":"belfast_07_04","year":2020,"row":7,"col":4,"development_pressure":0.1,"planning_intensity":0.06,"green_cover":0.387,"mobility_access":0.2,"bike_activity":0.05,"air_quality":0.651,"opportunity_access":0.346,"fairness_context":0.069,"deprivation_weighted_opportunity":0.262,"development_pressure_delta_2016":-0.075,"planning_intensity_delta_2016":-0.038,"green_cover_delta_2016":0.059,"mobility_access_delta_2016":0.0,"bike_activity_delta_2016":0.0,"air_quality_delta_2016":0.024,"opportunity_access_delta_2016":0.017,"fairness_context_delta_2016":0.0,"deprivation_weighted_opportunity_delta_2016":0.013,"development_pressure_delta_previous":-0.006,"planning_intensity_delta_previous":-0.003,"green_cover_delta_previous":-0.009,"mobility_access_delta_previous":0.0,"bike_activity_delta_previous":0.0,"air_quality_delta_previous":-0.001,"opportunity_access_delta_previous":-0.001,"fairness_context_delta_previous":0.0,"deprivation_weighted_opportunity_delta_previous":-0.001,"dominant_change":"decreased","confidence":"medium","evidence":["OpenStreetMap building export clipped to Belfast NI core","250m-style grid proxy generated from local spatial anchors","Local raster source available for satellite/NDVI review"]},"geometry":{"type":"Polygon","coordinates":[[[-6.013333333333334,54.625],[-5.996666666666667,54.625],[-5.996666666666667,54.64],[-6.013333333333334,54.64],[-6.013333333333334,54.625]]]}},{"type":"Feature","id":"belfast_07_05_2020","properties":{"cell_id":"belfast_07_05","year":2020,"row":7,"col":5,"development_pressure":0.116,"planning_intensity":0.066,"green_cover":0.396,"mobility_access":0.205,"bike_activity":0.054,"air_quality":0.649,"opportunity_access":0.355,"fairness_context":0.238,"deprivation_weighted_opportunity":0.285,"development_pressure_delta_2016":-0.047,"planning_intensity_delta_2016":-0.023,"green_cover_delta_2016":0.014,"mobility_access_delta_2016":0.0,"bike_activity_delta_2016":0.0,"air_quality_delta_2016":0.011,"opportunity_access_delta_2016":0.006,"fairness_context_delta_2016":0.0,"deprivation_weighted_opportunity_delta_2016":0.005,"development_pressure_delta_previous":0.011,"planning_intensity_delta_previous":0.006,"green_cover_delta_previous":-0.031,"mobility_access_delta_previous":0.0,"bike_activity_delta_previous":0.0,"air_quality_delta_previous":-0.008,"opportunity_access_delta_previous":-0.006,"fairness_context_delta_previous":0.0,"deprivation_weighted_opportunity_delta_previous":-0.005,"dominant_change":"decreased","confidence":"medium","evidence":["OpenStreetMap building export clipped to Belfast NI core","250m-style grid proxy generated from local spatial anchors","Local raster source available for satellite/NDVI review"]},"geometry":{"type":"Polygon","coordinates":[[[-5.996666666666667,54.625],[-5.98,54.625],[-5.98,54.64],[-5.996666666666667,54.64],[-5.996666666666667,54.625]]]}},{"type":"Feature","id":"belfast_07_06_2020","properties":{"cell_id":"belfast_07_06","year":2020,"row":7,"col":6,"development_pressure":0.197,"planning_intensity":0.115,"green_cover":0.357,"mobility_access":0.222,"bike_activity":0.069,"air_quality":0.622,"opportunity_access":0.373,"fairness_context":0.436,"deprivation_weighted_opportunity":0.318,"development_pressure_delta_2016":0.01,"planning_intensity_delta_2016":0.013,"green_cover_delta_2016":-0.047,"mobility_access_delta_2016":0.0,"bike_activity_delta_2016":0.0,"air_quality_delta_2016":-0.011,"opportunity_access_delta_2016":-0.009,"fairness_context_delta_2016":0.0,"deprivation_weighted_opportunity_delta_2016":-0.008,"development_pressure_delta_previous":0.026,"planning_intensity_delta_previous":0.015,"green_cover_delta_previous":-0.027,"mobility_access_delta_previous":0.0,"bike_activity_delta_previous":0.0,"air_quality_delta_previous":-0.009,"opportunity_access_delta_previous":-0.007,"fairness_context_delta_previous":0.0,"deprivation_weighted_opportunity_delta_previous":-0.006,"dominant_change":"worsened","confidence":"medium","evidence":["OpenStreetMap building export clipped to Belfast NI core","250m-style grid proxy generated from local spatial anchors","Local raster source available for satellite/NDVI review","Opportunity and exposure scores are normalized directional indicators"]},"geometry":{"type":"Polygon","coordinates":[[[-5.98,54.625],[-5.963333333333334,54.625],[-5.963333333333334,54.64],[-5.98,54.64],[-5.98,54.625]]]}},{"type":"Feature","id":"belfast_07_07_2020","properties":{"cell_id":"belfast_07_07","year":2020,"row":7,"col":7,"development_pressure":0.293,"planning_intensity":0.18,"green_cover":0.364,"mobility_access":0.235,"bike_activity":0.08,"air_quality":0.603,"opportunity_access":0.39,"fairness_context":0.593,"deprivation_weighted_opportunity":0.349,"development_pressure_delta_2016":0.072,"planning_intensity_delta_2016":0.054,"green_cover_delta_2016":-0.074,"mobility_access_delta_2016":0.0,"bike_activity_delta_2016":0.0,"air_quality_delta_2016":-0.026,"opportunity_access_delta_2016":-0.019,"fairness_context_delta_2016":0.0,"deprivation_weighted_opportunity_delta_2016":-0.017,"development_pressure_delta_previous":0.034,"planning_intensity_delta_previous":0.021,"green_cover_delta_previous":-0.004,"mobility_access_delta_previous":0.0,"bike_activity_delta_previous":0.0,"air_quality_delta_previous":-0.006,"opportunity_access_delta_previous":-0.004,"fairness_context_delta_previous":0.0,"deprivation_weighted_opportunity_delta_previous":-0.003,"dominant_change":"worsened","confidence":"medium","evidence":["OpenStreetMap building export clipped to Belfast NI core","250m-style grid proxy generated from local spatial anchors","Local raster source available for satellite/NDVI review","Opportunity and exposure scores are normalized directional indicators"]},"geometry":{"type":"Polygon","coordinates":[[[-5.963333333333334,54.625],[-5.946666666666667,54.625],[-5.946666666666667,54.64],[-5.963333333333334,54.64],[-5.963333333333334,54.625]]]}},{"type":"Feature","id":"belfast_07_08_2020","properties":{"cell_id":"belfast_07_08","year":2020,"row":7,"col":8,"development_pressure":0.36,"planning_intensity":0.26,"green_cover":0.515,"mobility_access":0.275,"bike_activity":0.105,"air_quality":0.62,"opportunity_access":0.439,"fairness_context":0.651,"deprivation_weighted_opportunity":0.399,"development_pressure_delta_2016":0.111,"planning_intensity_delta_2016":0.08,"green_cover_delta_2016":-0.047,"mobility_access_delta_2016":0.006,"bike_activity_delta_2016":0.011,"air_quality_delta_2016":-0.027,"opportunity_access_delta_2016":-0.015,"fairness_context_delta_2016":0.0,"deprivation_weighted_opportunity_delta_2016":-0.014,"development_pressure_delta_previous":0.03,"planning_intensity_delta_previous":0.021,"green_cover_delta_previous":0.018,"mobility_access_delta_previous":0.002,"bike_activity_delta_previous":0.003,"air_quality_delta_previous":-0.001,"opportunity_access_delta_previous":0.001,"fairness_context_delta_previous":0.0,"deprivation_weighted_opportunity_delta_previous":0.001,"dominant_change":"appeared","confidence":"medium","evidence":["OpenStreetMap building export clipped to Belfast NI core","250m-style grid proxy generated from local spatial anchors","Local raster source available for satellite/NDVI review","Development pressure proxy uses waterfront and city-centre intensity"]},"geometry":{"type":"Polygon","coordinates":[[[-5.946666666666667,54.625],[-5.930000000000001,54.625],[-5.930000000000001,54.64],[-5.946666666666667,54.64],[-5.946666666666667,54.625]]]}},{"type":"Feature","id":"belfast_07_09_2020","properties":{"cell_id":"belfast_07_09","year":2020,"row":7,"col":9,"development_pressure":0.432,"planning_intensity":0.38,"green_cover":0.651,"mobility_access":0.314,"bike_activity":0.146,"air_quality":0.636,"opportunity_access":0.474,"fairness_context":0.573,"deprivation_weighted_opportunity":0.422,"development_pressure_delta_2016":0.127,"planning_intensity_delta_2016":0.1,"green_cover_delta_2016":-0.001,"mobility_access_delta_2016":0.017,"bike_activity_delta_2016":0.036,"air_quality_delta_2016":-0.02,"opportunity_access_delta_2016":-0.003,"fairness_context_delta_2016":0.0,"deprivation_weighted_opportunity_delta_2016":-0.002,"development_pressure_delta_previous":0.018,"planning_intensity_delta_previous":0.018,"green_cover_delta_previous":0.016,"mobility_access_delta_previous":0.004,"bike_activity_delta_previous":0.009,"air_quality_delta_previous":0.001,"opportunity_access_delta_previous":0.003,"fairness_context_delta_previous":0.0,"deprivation_weighted_opportunity_delta_previous":0.003,"dominant_change":"appeared","confidence":"medium","evidence":["OpenStreetMap building export clipped to Belfast NI core","250m-style grid proxy generated from local spatial anchors","Local raster source available for satellite/NDVI review","Development pressure proxy uses waterfront and city-centre intensity"]},"geometry":{"type":"Polygon","coordinates":[[[-5.93,54.625],[-5.913333333333333,54.625],[-5.913333333333333,54.64],[-5.93,54.64],[-5.93,54.625]]]}},{"type":"Feature","id":"belfast_07_10_2020","properties":{"cell_id":"belfast_07_10","year":2020,"row":7,"col":10,"development_pressure":0.446,"planning_intensity":0.4,"green_cover":0.635,"mobility_access":0.316,"bike_activity":0.138,"air_quality":0.633,"opportunity_access":0.461,"fairness_context":0.692,"deprivation_weighted_opportunity":0.424,"development_pressure_delta_2016":0.106,"planning_intensity_delta_2016":0.096,"green_cover_delta_2016":0.023,"mobility_access_delta_2016":0.017,"bike_activity_delta_2016":0.035,"air_quality_delta_2016":-0.012,"opportunity_access_delta_2016":0.003,"fairness_context_delta_2016":0.0,"deprivation_weighted_opportunity_delta_2016":0.003,"development_pressure_delta_previous":0.003,"planning_intensity_delta_previous":0.013,"green_cover_delta_previous":-0.005,"mobility_access_delta_previous":0.004,"bike_activity_delta_previous":0.009,"air_quality_delta_previous":-0.001,"opportunity_access_delta_previous":0.001,"fairness_context_delta_previous":0.0,"deprivation_weighted_opportunity_delta_previous":0.001,"dominant_change":"appeared","confidence":"medium","evidence":["OpenStreetMap building export clipped to Belfast NI core","250m-style grid proxy generated from local spatial anchors","Local raster source available for satellite/NDVI review","Development pressure proxy uses waterfront and city-centre intensity"]},"geometry":{"type":"Polygon","coordinates":[[[-5.913333333333333,54.625],[-5.8966666666666665,54.625],[-5.8966666666666665,54.64],[-5.913333333333333,54.64],[-5.913333333333333,54.625]]]}},{"type":"Feature","id":"belfast_07_11_2020","properties":{"cell_id":"belfast_07_11","year":2020,"row":7,"col":11,"development_pressure":0.396,"planning_intensity":0.318,"green_cover":0.483,"mobility_access":0.251,"bike_activity":0.083,"air_quality":0.615,"opportunity_access":0.392,"fairness_context":0.658,"deprivation_weighted_opportunity":0.357,"development_pressure_delta_2016":0.056,"planning_intensity_delta_2016":0.068,"green_cover_delta_2016":0.003,"mobility_access_delta_2016":0.005,"bike_activity_delta_2016":0.009,"air_quality_delta_2016":-0.009,"opportunity_access_delta_2016":-0.002,"fairness_context_delta_2016":0.0,"deprivation_weighted_opportunity_delta_2016":-0.002,"development_pressure_delta_previous":-0.01,"planning_intensity_delta_previous":0.005,"green_cover_delta_previous":-0.026,"mobility_access_delta_previous":0.001,"bike_activity_delta_previous":0.002,"air_quality_delta_previous":-0.004,"opportunity_access_delta_previous":-0.003,"fairness_context_delta_previous":0.0,"deprivation_weighted_opportunity_delta_previous":-0.003,"dominant_change":"increased","confidence":"medium","evidence":["OpenStreetMap building export clipped to Belfast NI core","250m-style grid proxy generated from local spatial anchors","Local raster source available for satellite/NDVI review","Development pressure proxy uses waterfront and city-centre intensity"]},"geometry":{"type":"Polygon","coordinates":[[[-5.8966666666666665,54.625],[-5.88,54.625],[-5.88,54.64],[-5.8966666666666665,54.64],[-5.8966666666666665,54.625]]]}},{"type":"Feature","id":"belfast_07_12_2020","properties":{"cell_id":"belfast_07_12","year":2020,"row":7,"col":12,"development_pressure":0.297,"planning_intensity":0.226,"green_cover":0.339,"mobility_access":0.205,"bike_activity":0.054,"air_quality":0.608,"opportunity_access":0.33,"fairness_context":0.502,"deprivation_weighted_opportunity":0.287,"development_pressure_delta_2016":-0.004,"planning_intensity_delta_2016":0.028,"green_cover_delta_2016":-0.037,"mobility_access_delta_2016":0.0,"bike_activity_delta_2016":0.0,"air_quality_delta_2016":-0.007,"opportunity_access_delta_2016":-0.006,"fairness_context_delta_2016":0.0,"deprivation_weighted_opportunity_delta_2016":-0.006,"development_pressure_delta_previous":-0.017,"planning_intensity_delta_previous":0.0,"green_cover_delta_previous":-0.026,"mobility_access_delta_previous":0.0,"bike_activity_delta_previous":0.0,"air_quality_delta_previous":-0.003,"opportunity_access_delta_previous":-0.003,"fairness_context_delta_previous":0.0,"deprivation_weighted_opportunity_delta_previous":-0.003,"dominant_change":"stable","confidence":"medium","evidence":["OpenStreetMap building export clipped to Belfast NI core","250m-style grid proxy generated from local spatial anchors","Local raster source available for satellite/NDVI review"]},"geometry":{"type":"Polygon","coordinates":[[[-5.88,54.625],[-5.863333333333333,54.625],[-5.863333333333333,54.64],[-5.88,54.64],[-5.88,54.625]]]}},{"type":"Feature","id":"belfast_07_13_2020","properties":{"cell_id":"belfast_07_13","year":2020,"row":7,"col":13,"development_pressure":0.19,"planning_intensity":0.14,"green_cover":0.276,"mobility_access":0.2,"bike_activity":0.05,"air_quality":0.614,"opportunity_access":0.318,"fairness_context":0.302,"deprivation_weighted_opportunity":0.261,"development_pressure_delta_2016":-0.054,"planning_intensity_delta_2016":-0.012,"green_cover_delta_2016":-0.052,"mobility_access_delta_2016":0.0,"bike_activity_delta_2016":0.0,"air_quality_delta_2016":-0.002,"opportunity_access_delta_2016":-0.005,"fairness_context_delta_2016":0.0,"deprivation_weighted_opportunity_delta_2016":-0.004,"development_pressure_delta_previous":-0.015,"planning_intensity_delta_previous":-0.004,"green_cover_delta_previous":-0.002,"mobility_access_delta_previous":0.0,"bike_activity_delta_previous":0.0,"air_quality_delta_previous":0.002,"opportunity_access_delta_previous":0.0,"fairness_context_delta_previous":0.0,"deprivation_weighted_opportunity_delta_previous":0.001,"dominant_change":"decreased","confidence":"medium","evidence":["OpenStreetMap building export clipped to Belfast NI core","250m-style grid proxy generated from local spatial anchors","Local raster source available for satellite/NDVI review"]},"geometry":{"type":"Polygon","coordinates":[[[-5.863333333333333,54.625],[-5.846666666666667,54.625],[-5.846666666666667,54.64],[-5.863333333333333,54.64],[-5.863333333333333,54.625]]]}},{"type":"Feature","id":"belfast_07_14_2020","properties":{"cell_id":"belfast_07_14","year":2020,"row":7,"col":14,"development_pressure":0.1,"planning_intensity":0.06,"green_cover":0.315,"mobility_access":0.2,"bike_activity":0.05,"air_quality":0.637,"opportunity_access":0.333,"fairness_context":0.085,"deprivation_weighted_opportunity":0.254,"development_pressure_delta_2016":-0.075,"planning_intensity_delta_2016":-0.038,"green_cover_delta_2016":-0.023,"mobility_access_delta_2016":0.0,"bike_activity_delta_2016":0.0,"air_quality_delta_2016":0.008,"opportunity_access_delta_2016":0.002,"fairness_context_delta_2016":0.0,"deprivation_weighted_opportunity_delta_2016":0.002,"development_pressure_delta_previous":-0.006,"planning_intensity_delta_previous":-0.003,"green_cover_delta_previous":0.022,"mobility_access_delta_previous":0.0,"bike_activity_delta_previous":0.0,"air_quality_delta_previous":0.006,"opportunity_access_delta_previous":0.005,"fairness_context_delta_previous":0.0,"deprivation_weighted_opportunity_delta_previous":0.004,"dominant_change":"decreased","confidence":"medium","evidence":["OpenStreetMap building export clipped to Belfast NI core","250m-style grid proxy generated from local spatial anchors","Local raster source available for satellite/NDVI review"]},"geometry":{"type":"Polygon","coordinates":[[[-5.846666666666667,54.625],[-5.83,54.625],[-5.83,54.64],[-5.846666666666667,54.64],[-5.846666666666667,54.625]]]}},{"type":"Feature","id":"belfast_07_15_2020","properties":{"cell_id":"belfast_07_15","year":2020,"row":7,"col":15,"development_pressure":0.112,"planning_intensity":0.066,"green_cover":0.34,"mobility_access":0.2,"bike_activity":0.05,"air_quality":0.64,"opportunity_access":0.336,"fairness_context":0.0,"deprivation_weighted_opportunity":0.249,"development_pressure_delta_2016":-0.045,"planning_intensity_delta_2016":-0.023,"green_cover_delta_2016":0.024,"mobility_access_delta_2016":0.0,"bike_activity_delta_2016":0.0,"air_quality_delta_2016":0.012,"opportunity_access_delta_2016":0.008,"fairness_context_delta_2016":0.0,"deprivation_weighted_opportunity_delta_2016":0.006,"development_pressure_delta_previous":0.012,"planning_intensity_delta_previous":0.006,"green_cover_delta_previous":0.024,"mobility_access_delta_previous":0.0,"bike_activity_delta_previous":0.0,"air_quality_delta_previous":0.003,"opportunity_access_delta_previous":0.003,"fairness_context_delta_previous":0.0,"deprivation_weighted_opportunity_delta_previous":0.003,"dominant_change":"decreased","confidence":"medium","evidence":["OpenStreetMap building export clipped to Belfast NI core","250m-style grid proxy generated from local spatial anchors","Local raster source available for satellite/NDVI review"]},"geometry":{"type":"Polygon","coordinates":[[[-5.83,54.625],[-5.8133333333333335,54.625],[-5.8133333333333335,54.64],[-5.83,54.64],[-5.83,54.625]]]}},{"type":"Feature","id":"belfast_07_16_2020","properties":{"cell_id":"belfast_07_16","year":2020,"row":7,"col":16,"development_pressure":0.134,"planning_intensity":0.077,"green_cover":0.343,"mobility_access":0.2,"bike_activity":0.05,"air_quality":0.637,"opportunity_access":0.335,"fairness_context":0.0,"deprivation_weighted_opportunity":0.248,"development_pressure_delta_2016":0.001,"planning_intensity_delta_2016":0.001,"green_cover_delta_2016":0.049,"mobility_access_delta_2016":0.0,"bike_activity_delta_2016":0.0,"air_quality_delta_2016":0.01,"opportunity_access_delta_2016":0.009,"fairness_context_delta_2016":0.0,"deprivation_weighted_opportunity_delta_2016":0.007,"development_pressure_delta_previous":0.024,"planning_intensity_delta_previous":0.012,"green_cover_delta_previous":0.001,"mobility_access_delta_previous":0.0,"bike_activity_delta_previous":0.0,"air_quality_delta_previous":-0.003,"opportunity_access_delta_previous":-0.002,"fairness_context_delta_previous":0.0,"deprivation_weighted_opportunity_delta_previous":-0.001,"dominant_change":"improved","confidence":"medium","evidence":["OpenStreetMap building export clipped to Belfast NI core","250m-style grid proxy generated from local spatial anchors","Local raster source available for satellite/NDVI review","Opportunity and exposure scores are normalized directional indicators"]},"geometry":{"type":"Polygon","coordinates":[[[-5.8133333333333335,54.625],[-5.796666666666667,54.625],[-5.796666666666667,54.64],[-5.8133333333333335,54.64],[-5.8133333333333335,54.625]]]}},{"type":"Feature","id":"belfast_07_17_2020","properties":{"cell_id":"belfast_07_17","year":2020,"row":7,"col":17,"development_pressure":0.158,"planning_intensity":0.089,"green_cover":0.319,"mobility_access":0.2,"bike_activity":0.05,"air_quality":0.628,"opportunity_access":0.329,"fairness_context":0.0,"deprivation_weighted_opportunity":0.243,"development_pressure_delta_2016":0.047,"planning_intensity_delta_2016":0.024,"green_cover_delta_2016":0.024,"mobility_access_delta_2016":0.0,"bike_activity_delta_2016":0.0,"air_quality_delta_2016":-0.003,"opportunity_access_delta_2016":0.001,"fairness_context_delta_2016":0.0,"deprivation_weighted_opportunity_delta_2016":0.0,"development_pressure_delta_previous":0.027,"planning_intensity_delta_previous":0.013,"green_cover_delta_previous":-0.026,"mobility_access_delta_previous":0.0,"bike_activity_delta_previous":0.0,"air_quality_delta_previous":-0.01,"opportunity_access_delta_previous":-0.007,"fairness_context_delta_previous":0.0,"deprivation_weighted_opportunity_delta_previous":-0.005,"dominant_change":"increased","confidence":"medium","evidence":["OpenStreetMap building export clipped to Belfast NI core","250m-style grid proxy generated from local spatial anchors","Local raster source available for satellite/NDVI review","Development pressure proxy uses waterfront and city-centre intensity"]},"geometry":{"type":"Polygon","coordinates":[[[-5.796666666666667,54.625],[-5.78,54.625],[-5.78,54.64],[-5.796666666666667,54.64],[-5.796666666666667,54.625]]]}},{"type":"Feature","id":"belfast_08_00_2020","properties":{"cell_id":"belfast_08_00","year":2020,"row":8,"col":0,"development_pressure":0.125,"planning_intensity":0.073,"green_cover":0.286,"mobility_access":0.2,"bike_activity":0.05,"air_quality":0.627,"opportunity_access":0.325,"fairness_context":0.0,"deprivation_weighted_opportunity":0.241,"development_pressure_delta_2016":-0.041,"planning_intensity_delta_2016":-0.02,"green_cover_delta_2016":-0.046,"mobility_access_delta_2016":0.0,"bike_activity_delta_2016":0.0,"air_quality_delta_2016":-0.002,"opportunity_access_delta_2016":-0.005,"fairness_context_delta_2016":0.0,"deprivation_weighted_opportunity_delta_2016":-0.004,"development_pressure_delta_previous":-0.028,"planning_intensity_delta_previous":-0.013,"green_cover_delta_previous":-0.011,"mobility_access_delta_previous":0.0,"bike_activity_delta_previous":0.0,"air_quality_delta_previous":0.002,"opportunity_access_delta_previous":0.0,"fairness_context_delta_previous":0.0,"deprivation_weighted_opportunity_delta_previous":0.0,"dominant_change":"worsened","confidence":"medium","evidence":["OpenStreetMap building export clipped to Belfast NI core","250m-style grid proxy generated from local spatial anchors","Local raster source available for satellite/NDVI review","Opportunity and exposure scores are normalized directional indicators"]},"geometry":{"type":"Polygon","coordinates":[[[-6.08,54.64],[-6.0633333333333335,54.64],[-6.0633333333333335,54.655],[-6.08,54.655],[-6.08,54.64]]]}},{"type":"Feature","id":"belfast_08_01_2020","properties":{"cell_id":"belfast_08_01","year":2020,"row":8,"col":1,"development_pressure":0.106,"planning_intensity":0.063,"green_cover":0.302,"mobility_access":0.2,"bike_activity":0.05,"air_quality":0.633,"opportunity_access":0.33,"fairness_context":0.0,"deprivation_weighted_opportunity":0.244,"development_pressure_delta_2016":-0.073,"planning_intensity_delta_2016":-0.037,"green_cover_delta_2016":-0.039,"mobility_access_delta_2016":0.0,"bike_activity_delta_2016":0.0,"air_quality_delta_2016":0.004,"opportunity_access_delta_2016":-0.001,"fairness_context_delta_2016":0.0,"deprivation_weighted_opportunity_delta_2016":-0.001,"development_pressure_delta_previous":-0.022,"planning_intensity_delta_previous":-0.011,"green_cover_delta_previous":0.015,"mobility_access_delta_previous":0.0,"bike_activity_delta_previous":0.0,"air_quality_delta_previous":0.006,"opportunity_access_delta_previous":0.005,"fairness_context_delta_previous":0.0,"deprivation_weighted_opportunity_delta_previous":0.003,"dominant_change":"decreased","confidence":"medium","evidence":["OpenStreetMap building export clipped to Belfast NI core","250m-style grid proxy generated from local spatial anchors","Local raster source available for satellite/NDVI review"]},"geometry":{"type":"Polygon","coordinates":[[[-6.0633333333333335,54.64],[-6.046666666666667,54.64],[-6.046666666666667,54.655],[-6.0633333333333335,54.655],[-6.0633333333333335,54.64]]]}},{"type":"Feature","id":"belfast_08_02_2020","properties":{"cell_id":"belfast_08_02","year":2020,"row":8,"col":2,"development_pressure":0.1,"planning_intensity":0.06,"green_cover":0.332,"mobility_access":0.2,"bike_activity":0.05,"air_quality":0.64,"opportunity_access":0.336,"fairness_context":0.0,"deprivation_weighted_opportunity":0.248,"development_pressure_delta_2016":-0.077,"planning_intensity_delta_2016":-0.038,"green_cover_delta_2016":0.007,"mobility_access_delta_2016":0.0,"bike_activity_delta_2016":0.0,"air_quality_delta_2016":0.014,"opportunity_access_delta_2016":0.008,"fairness_context_delta_2016":0.0,"deprivation_weighted_opportunity_delta_2016":0.005,"development_pressure_delta_previous":-0.008,"planning_intensity_delta_previous":-0.004,"green_cover_delta_previous":0.029,"mobility_access_delta_previous":0.0,"bike_activity_delta_previous":0.0,"air_quality_delta_previous":0.007,"opportunity_access_delta_previous":0.006,"fairness_context_delta_previous":0.0,"deprivation_weighted_opportunity_delta_previous":0.004,"dominant_change":"decreased","confidence":"medium","evidence":["OpenStreetMap building export clipped to Belfast NI core","250m-style grid proxy generated from local spatial anchors","Local raster source available for satellite/NDVI review"]},"geometry":{"type":"Polygon","coordinates":[[[-6.046666666666667,54.64],[-6.03,54.64],[-6.03,54.655],[-6.046666666666667,54.655],[-6.046666666666667,54.64]]]}},{"type":"Feature","id":"belfast_08_03_2020","properties":{"cell_id":"belfast_08_03","year":2020,"row":8,"col":3,"development_pressure":0.109,"planning_intensity":0.065,"green_cover":0.348,"mobility_access":0.2,"bike_activity":0.05,"air_quality":0.642,"opportunity_access":0.338,"fairness_context":0.0,"deprivation_weighted_opportunity":0.25,"development_pressure_delta_2016":-0.051,"planning_intensity_delta_2016":-0.025,"green_cover_delta_2016":0.049,"mobility_access_delta_2016":0.0,"bike_activity_delta_2016":0.0,"air_quality_delta_2016":0.018,"opportunity_access_delta_2016":0.013,"fairness_context_delta_2016":0.0,"deprivation_weighted_opportunity_delta_2016":0.009,"development_pressure_delta_previous":0.009,"planning_intensity_delta_previous":0.005,"green_cover_delta_previous":0.015,"mobility_access_delta_previous":0.0,"bike_activity_delta_previous":0.0,"air_quality_delta_previous":0.002,"opportunity_access_delta_previous":0.002,"fairness_context_delta_previous":0.0,"deprivation_weighted_opportunity_delta_previous":0.001,"dominant_change":"decreased","confidence":"medium","evidence":["OpenStreetMap building export clipped to Belfast NI core","250m-style grid proxy generated from local spatial anchors","Local raster source available for satellite/NDVI review"]},"geometry":{"type":"Polygon","coordinates":[[[-6.03,54.64],[-6.013333333333334,54.64],[-6.013333333333334,54.655],[-6.03,54.655],[-6.03,54.64]]]}},{"type":"Feature","id":"belfast_08_04_2020","properties":{"cell_id":"belfast_08_04","year":2020,"row":8,"col":4,"development_pressure":0.13,"planning_intensity":0.075,"green_cover":0.336,"mobility_access":0.2,"bike_activity":0.05,"air_quality":0.636,"opportunity_access":0.334,"fairness_context":0.0,"deprivation_weighted_opportunity":0.247,"development_pressure_delta_2016":-0.006,"planning_intensity_delta_2016":-0.003,"green_cover_delta_2016":0.048,"mobility_access_delta_2016":0.0,"bike_activity_delta_2016":0.0,"air_quality_delta_2016":0.01,"opportunity_access_delta_2016":0.009,"fairness_context_delta_2016":0.0,"deprivation_weighted_opportunity_delta_2016":0.006,"development_pressure_delta_previous":0.022,"planning_intensity_delta_previous":0.011,"green_cover_delta_previous":-0.014,"mobility_access_delta_previous":0.0,"bike_activity_delta_previous":0.0,"air_quality_delta_previous":-0.006,"opportunity_access_delta_previous":-0.004,"fairness_context_delta_previous":0.0,"deprivation_weighted_opportunity_delta_previous":-0.003,"dominant_change":"improved","confidence":"medium","evidence":["OpenStreetMap building export clipped to Belfast NI core","250m-style grid proxy generated from local spatial anchors","Local raster source available for satellite/NDVI review","Opportunity and exposure scores are normalized directional indicators"]},"geometry":{"type":"Polygon","coordinates":[[[-6.013333333333334,54.64],[-5.996666666666667,54.64],[-5.996666666666667,54.655],[-6.013333333333334,54.655],[-6.013333333333334,54.64]]]}},{"type":"Feature","id":"belfast_08_05_2020","properties":{"cell_id":"belfast_08_05","year":2020,"row":8,"col":5,"development_pressure":0.155,"planning_intensity":0.088,"green_cover":0.303,"mobility_access":0.2,"bike_activity":0.05,"air_quality":0.625,"opportunity_access":0.326,"fairness_context":0.02,"deprivation_weighted_opportunity":0.243,"development_pressure_delta_2016":0.042,"planning_intensity_delta_2016":0.021,"green_cover_delta_2016":-0.002,"mobility_access_delta_2016":0.0,"bike_activity_delta_2016":0.0,"air_quality_delta_2016":-0.007,"opportunity_access_delta_2016":-0.004,"fairness_context_delta_2016":0.0,"deprivation_weighted_opportunity_delta_2016":-0.003,"development_pressure_delta_previous":0.027,"planning_intensity_delta_previous":0.014,"green_cover_delta_previous":-0.034,"mobility_access_delta_previous":0.0,"bike_activity_delta_previous":0.0,"air_quality_delta_previous":-0.012,"opportunity_access_delta_previous":-0.008,"fairness_context_delta_previous":0.0,"deprivation_weighted_opportunity_delta_previous":-0.006,"dominant_change":"stable","confidence":"medium","evidence":["OpenStreetMap building export clipped to Belfast NI core","250m-style grid proxy generated from local spatial anchors","Local raster source available for satellite/NDVI review"]},"geometry":{"type":"Polygon","coordinates":[[[-5.996666666666667,54.64],[-5.98,54.64],[-5.98,54.655],[-5.996666666666667,54.655],[-5.996666666666667,54.64]]]}},{"type":"Feature","id":"belfast_08_06_2020","properties":{"cell_id":"belfast_08_06","year":2020,"row":8,"col":6,"development_pressure":0.174,"planning_intensity":0.097,"green_cover":0.278,"mobility_access":0.2,"bike_activity":0.05,"air_quality":0.617,"opportunity_access":0.32,"fairness_context":0.164,"deprivation_weighted_opportunity":0.251,"development_pressure_delta_2016":0.073,"planning_intensity_delta_2016":0.037,"green_cover_delta_2016":-0.057,"mobility_access_delta_2016":0.0,"bike_activity_delta_2016":0.0,"air_quality_delta_2016":-0.024,"opportunity_access_delta_2016":-0.016,"fairness_context_delta_2016":0.0,"deprivation_weighted_opportunity_delta_2016":-0.012,"development_pressure_delta_previous":0.022,"planning_intensity_delta_previous":0.011,"green_cover_delta_previous":-0.027,"mobility_access_delta_previous":0.0,"bike_activity_delta_previous":0.0,"air_quality_delta_previous":-0.009,"opportunity_access_delta_previous":-0.007,"fairness_context_delta_previous":0.0,"deprivation_weighted_opportunity_delta_previous":-0.005,"dominant_change":"increased","confidence":"medium","evidence":["OpenStreetMap building export clipped to Belfast NI core","250m-style grid proxy generated from local spatial anchors","Local raster source available for satellite/NDVI review","Development pressure proxy uses waterfront and city-centre intensity"]},"geometry":{"type":"Polygon","coordinates":[[[-5.98,54.64],[-5.963333333333334,54.64],[-5.963333333333334,54.655],[-5.98,54.655],[-5.98,54.64]]]}},{"type":"Feature","id":"belfast_08_07_2020","properties":{"cell_id":"belfast_08_07","year":2020,"row":8,"col":7,"development_pressure":0.18,"planning_intensity":0.1,"green_cover":0.282,"mobility_access":0.2,"bike_activity":0.05,"air_quality":0.617,"opportunity_access":0.32,"fairness_context":0.261,"deprivation_weighted_opportunity":0.259,"development_pressure_delta_2016":0.077,"planning_intensity_delta_2016":0.038,"green_cover_delta_2016":-0.071,"mobility_access_delta_2016":0.0,"bike_activity_delta_2016":0.0,"air_quality_delta_2016":-0.027,"opportunity_access_delta_2016":-0.019,"fairness_context_delta_2016":0.0,"deprivation_weighted_opportunity_delta_2016":-0.015,"development_pressure_delta_previous":0.008,"planning_intensity_delta_previous":0.004,"green_cover_delta_previous":0.002,"mobility_access_delta_previous":0.0,"bike_activity_delta_previous":0.0,"air_quality_delta_previous":-0.001,"opportunity_access_delta_previous":-0.001,"fairness_context_delta_previous":0.0,"deprivation_weighted_opportunity_delta_previous":0.0,"dominant_change":"increased","confidence":"medium","evidence":["OpenStreetMap building export clipped to Belfast NI core","250m-style grid proxy generated from local spatial anchors","Local raster source available for satellite/NDVI review","Development pressure proxy uses waterfront and city-centre intensity"]},"geometry":{"type":"Polygon","coordinates":[[[-5.963333333333334,54.64],[-5.946666666666667,54.64],[-5.946666666666667,54.655],[-5.963333333333334,54.655],[-5.963333333333334,54.64]]]}},{"type":"Feature","id":"belfast_08_08_2020","properties":{"cell_id":"belfast_08_08","year":2020,"row":8,"col":8,"development_pressure":0.171,"planning_intensity":0.101,"green_cover":0.365,"mobility_access":0.201,"bike_activity":0.051,"air_quality":0.635,"opportunity_access":0.337,"fairness_context":0.291,"deprivation_weighted_opportunity":0.275,"development_pressure_delta_2016":0.05,"planning_intensity_delta_2016":0.025,"green_cover_delta_2016":-0.031,"mobility_access_delta_2016":0.0,"bike_activity_delta_2016":0.0,"air_quality_delta_2016":-0.014,"opportunity_access_delta_2016":-0.01,"fairness_context_delta_2016":0.0,"deprivation_weighted_opportunity_delta_2016":-0.008,"development_pressure_delta_previous":-0.01,"planning_intensity_delta_previous":-0.005,"green_cover_delta_previous":0.027,"mobility_access_delta_previous":0.0,"bike_activity_delta_previous":0.0,"air_quality_delta_previous":0.007,"opportunity_access_delta_previous":0.005,"fairness_context_delta_previous":0.0,"deprivation_weighted_opportunity_delta_previous":0.005,"dominant_change":"increased","confidence":"medium","evidence":["OpenStreetMap building export clipped to Belfast NI core","250m-style grid proxy generated from local spatial anchors","Local raster source available for satellite/NDVI review","Development pressure proxy uses waterfront and city-centre intensity"]},"geometry":{"type":"Polygon","coordinates":[[[-5.946666666666667,54.64],[-5.930000000000001,54.64],[-5.930000000000001,54.655],[-5.946666666666667,54.655],[-5.946666666666667,54.64]]]}},{"type":"Feature","id":"belfast_08_09_2020","properties":{"cell_id":"belfast_08_09","year":2020,"row":8,"col":9,"development_pressure":0.179,"planning_intensity":0.151,"green_cover":0.459,"mobility_access":0.201,"bike_activity":0.051,"air_quality":0.652,"opportunity_access":0.353,"fairness_context":0.273,"deprivation_weighted_opportunity":0.287,"development_pressure_delta_2016":0.012,"planning_intensity_delta_2016":0.011,"green_cover_delta_2016":0.027,"mobility_access_delta_2016":0.0,"bike_activity_delta_2016":0.0,"air_quality_delta_2016":0.003,"opportunity_access_delta_2016":0.003,"fairness_context_delta_2016":0.0,"deprivation_weighted_opportunity_delta_2016":0.003,"development_pressure_delta_previous":-0.022,"planning_intensity_delta_previous":-0.01,"green_cover_delta_previous":0.026,"mobility_access_delta_previous":0.0,"bike_activity_delta_previous":0.0,"air_quality_delta_previous":0.008,"opportunity_access_delta_previous":0.006,"fairness_context_delta_previous":0.0,"deprivation_weighted_opportunity_delta_previous":0.006,"dominant_change":"stable","confidence":"medium","evidence":["OpenStreetMap building export clipped to Belfast NI core","250m-style grid proxy generated from local spatial anchors","Local raster source available for satellite/NDVI review"]},"geometry":{"type":"Polygon","coordinates":[[[-5.93,54.64],[-5.913333333333333,54.64],[-5.913333333333333,54.655],[-5.93,54.655],[-5.93,54.64]]]}},{"type":"Feature","id":"belfast_08_10_2020","properties":{"cell_id":"belfast_08_10","year":2020,"row":8,"col":10,"development_pressure":0.175,"planning_intensity":0.156,"green_cover":0.453,"mobility_access":0.2,"bike_activity":0.05,"air_quality":0.652,"opportunity_access":0.351,"fairness_context":0.335,"deprivation_weighted_opportunity":0.291,"development_pressure_delta_2016":-0.029,"planning_intensity_delta_2016":-0.006,"green_cover_delta_2016":0.054,"mobility_access_delta_2016":0.0,"bike_activity_delta_2016":0.0,"air_quality_delta_2016":0.015,"opportunity_access_delta_2016":0.012,"fairness_context_delta_2016":0.0,"deprivation_weighted_opportunity_delta_2016":0.01,"development_pressure_delta_previous":-0.024,"planning_intensity_delta_previous":-0.01,"green_cover_delta_previous":0.003,"mobility_access_delta_previous":0.0,"bike_activity_delta_previous":0.0,"air_quality_delta_previous":0.004,"opportunity_access_delta_previous":0.002,"fairness_context_delta_previous":0.0,"deprivation_weighted_opportunity_delta_previous":0.002,"dominant_change":"improved","confidence":"medium","evidence":["OpenStreetMap building export clipped to Belfast NI core","250m-style grid proxy generated from local spatial anchors","Local raster source available for satellite/NDVI review","Opportunity and exposure scores are normalized directional indicators"]},"geometry":{"type":"Polygon","coordinates":[[[-5.913333333333333,54.64],[-5.8966666666666665,54.64],[-5.8966666666666665,54.655],[-5.913333333333333,54.655],[-5.913333333333333,54.64]]]}},{"type":"Feature","id":"belfast_08_11_2020","properties":{"cell_id":"belfast_08_11","year":2020,"row":8,"col":11,"development_pressure":0.146,"planning_intensity":0.104,"green_cover":0.354,"mobility_access":0.2,"bike_activity":0.05,"air_quality":0.637,"opportunity_access":0.336,"fairness_context":0.319,"deprivation_weighted_opportunity":0.277,"development_pressure_delta_2016":-0.063,"planning_intensity_delta_2016":-0.024,"green_cover_delta_2016":0.03,"mobility_access_delta_2016":0.0,"bike_activity_delta_2016":0.0,"air_quality_delta_2016":0.016,"opportunity_access_delta_2016":0.011,"fairness_context_delta_2016":0.0,"deprivation_weighted_opportunity_delta_2016":0.009,"development_pressure_delta_previous":-0.019,"planning_intensity_delta_previous":-0.007,"green_cover_delta_previous":-0.022,"mobility_access_delta_previous":0.0,"bike_activity_delta_previous":0.0,"air_quality_delta_previous":-0.001,"opportunity_access_delta_previous":-0.002,"fairness_context_delta_previous":0.0,"deprivation_weighted_opportunity_delta_previous":-0.002,"dominant_change":"decreased","confidence":"medium","evidence":["OpenStreetMap building export clipped to Belfast NI core","250m-style grid proxy generated from local spatial anchors","Local raster source available for satellite/NDVI review"]},"geometry":{"type":"Polygon","coordinates":[[[-5.8966666666666665,54.64],[-5.88,54.64],[-5.88,54.655],[-5.8966666666666665,54.655],[-5.8966666666666665,54.64]]]}},{"type":"Feature","id":"belfast_08_12_2020","properties":{"cell_id":"belfast_08_12","year":2020,"row":8,"col":12,"development_pressure":0.102,"planning_intensity":0.062,"green_cover":0.296,"mobility_access":0.2,"bike_activity":0.05,"air_quality":0.633,"opportunity_access":0.329,"fairness_context":0.229,"deprivation_weighted_opportunity":0.263,"development_pressure_delta_2016":-0.076,"planning_intensity_delta_2016":-0.037,"green_cover_delta_2016":-0.019,"mobility_access_delta_2016":0.0,"bike_activity_delta_2016":0.0,"air_quality_delta_2016":0.009,"opportunity_access_delta_2016":0.003,"fairness_context_delta_2016":0.0,"deprivation_weighted_opportunity_delta_2016":0.002,"development_pressure_delta_previous":-0.007,"planning_intensity_delta_previous":-0.003,"green_cover_delta_previous":-0.025,"mobility_access_delta_previous":0.0,"bike_activity_delta_previous":0.0,"air_quality_delta_previous":-0.003,"opportunity_access_delta_previous":-0.004,"fairness_context_delta_previous":0.0,"deprivation_weighted_opportunity_delta_previous":-0.003,"dominant_change":"decreased","confidence":"medium","evidence":["OpenStreetMap building export clipped to Belfast NI core","250m-style grid proxy generated from local spatial anchors","Local raster source available for satellite/NDVI review"]},"geometry":{"type":"Polygon","coordinates":[[[-5.88,54.64],[-5.863333333333333,54.64],[-5.863333333333333,54.655],[-5.88,54.655],[-5.88,54.64]]]}},{"type":"Feature","id":"belfast_08_13_2020","properties":{"cell_id":"belfast_08_13","year":2020,"row":8,"col":13,"development_pressure":0.11,"planning_intensity":0.065,"green_cover":0.291,"mobility_access":0.2,"bike_activity":0.05,"air_quality":0.63,"opportunity_access":0.328,"fairness_context":0.087,"deprivation_weighted_opportunity":0.25,"development_pressure_delta_2016":-0.05,"planning_intensity_delta_2016":-0.025,"green_cover_delta_2016":-0.05,"mobility_access_delta_2016":0.0,"bike_activity_delta_2016":0.0,"air_quality_delta_2016":-0.002,"opportunity_access_delta_2016":-0.005,"fairness_context_delta_2016":0.0,"deprivation_weighted_opportunity_delta_2016":-0.004,"development_pressure_delta_previous":0.01,"planning_intensity_delta_previous":0.005,"green_cover_delta_previous":-0.006,"mobility_access_delta_previous":0.0,"bike_activity_delta_previous":0.0,"air_quality_delta_previous":-0.003,"opportunity_access_delta_previous":-0.001,"fairness_context_delta_previous":0.0,"deprivation_weighted_opportunity_delta_previous":-0.001,"dominant_change":"worsened","confidence":"medium","evidence":["OpenStreetMap building export clipped to Belfast NI core","250m-style grid proxy generated from local spatial anchors","Local raster source available for satellite/NDVI review","Opportunity and exposure scores are normalized directional indicators"]},"geometry":{"type":"Polygon","coordinates":[[[-5.863333333333333,54.64],[-5.846666666666667,54.64],[-5.846666666666667,54.655],[-5.863333333333333,54.655],[-5.863333333333333,54.64]]]}},{"type":"Feature","id":"belfast_08_14_2020","properties":{"cell_id":"belfast_08_14","year":2020,"row":8,"col":14,"development_pressure":0.131,"planning_intensity":0.076,"green_cover":0.309,"mobility_access":0.2,"bike_activity":0.05,"air_quality":0.631,"opportunity_access":0.329,"fairness_context":0.0,"deprivation_weighted_opportunity":0.244,"development_pressure_delta_2016":-0.004,"planning_intensity_delta_2016":-0.002,"green_cover_delta_2016":-0.035,"mobility_access_delta_2016":0.0,"bike_activity_delta_2016":0.0,"air_quality_delta_2016":-0.006,"opportunity_access_delta_2016":-0.006,"fairness_context_delta_2016":0.0,"deprivation_weighted_opportunity_delta_2016":-0.004,"development_pressure_delta_previous":0.023,"planning_intensity_delta_previous":0.012,"green_cover_delta_previous":0.017,"mobility_access_delta_previous":0.0,"bike_activity_delta_previous":0.0,"air_quality_delta_previous":0.0,"opportunity_access_delta_previous":0.001,"fairness_context_delta_previous":0.0,"deprivation_weighted_opportunity_delta_previous":0.001,"dominant_change":"stable","confidence":"medium","evidence":["OpenStreetMap building export clipped to Belfast NI core","250m-style grid proxy generated from local spatial anchors","Local raster source available for satellite/NDVI review"]},"geometry":{"type":"Polygon","coordinates":[[[-5.846666666666667,54.64],[-5.83,54.64],[-5.83,54.655],[-5.846666666666667,54.655],[-5.846666666666667,54.64]]]}},{"type":"Feature","id":"belfast_08_15_2020","properties":{"cell_id":"belfast_08_15","year":2020,"row":8,"col":15,"development_pressure":0.156,"planning_intensity":0.088,"green_cover":0.332,"mobility_access":0.2,"bike_activity":0.05,"air_quality":0.631,"opportunity_access":0.331,"fairness_context":0.0,"deprivation_weighted_opportunity":0.245,"development_pressure_delta_2016":0.043,"planning_intensity_delta_2016":0.022,"green_cover_delta_2016":0.009,"mobility_access_delta_2016":0.0,"bike_activity_delta_2016":0.0,"air_quality_delta_2016":-0.005,"opportunity_access_delta_2016":-0.002,"fairness_context_delta_2016":0.0,"deprivation_weighted_opportunity_delta_2016":-0.002,"development_pressure_delta_previous":0.028,"planning_intensity_delta_previous":0.014,"green_cover_delta_previous":0.021,"mobility_access_delta_previous":0.0,"bike_activity_delta_previous":0.0,"air_quality_delta_previous":0.0,"opportunity_access_delta_previous":0.001,"fairness_context_delta_previous":0.0,"deprivation_weighted_opportunity_delta_previous":0.001,"dominant_change":"stable","confidence":"medium","evidence":["OpenStreetMap building export clipped to Belfast NI core","250m-style grid proxy generated from local spatial anchors","Local raster source available for satellite/NDVI review"]},"geometry":{"type":"Polygon","coordinates":[[[-5.83,54.64],[-5.8133333333333335,54.64],[-5.8133333333333335,54.655],[-5.83,54.655],[-5.83,54.64]]]}},{"type":"Feature","id":"belfast_08_16_2020","properties":{"cell_id":"belfast_08_16","year":2020,"row":8,"col":16,"development_pressure":0.174,"planning_intensity":0.097,"green_cover":0.336,"mobility_access":0.2,"bike_activity":0.05,"air_quality":0.629,"opportunity_access":0.33,"fairness_context":0.0,"deprivation_weighted_opportunity":0.245,"development_pressure_delta_2016":0.073,"planning_intensity_delta_2016":0.037,"green_cover_delta_2016":0.037,"mobility_access_delta_2016":0.0,"bike_activity_delta_2016":0.0,"air_quality_delta_2016":-0.004,"opportunity_access_delta_2016":0.0,"fairness_context_delta_2016":0.0,"deprivation_weighted_opportunity_delta_2016":0.001,"development_pressure_delta_previous":0.021,"planning_intensity_delta_previous":0.01,"green_cover_delta_previous":0.002,"mobility_access_delta_previous":0.0,"bike_activity_delta_previous":0.0,"air_quality_delta_previous":-0.003,"opportunity_access_delta_previous":-0.002,"fairness_context_delta_previous":0.0,"deprivation_weighted_opportunity_delta_previous":-0.001,"dominant_change":"increased","confidence":"medium","evidence":["OpenStreetMap building export clipped to Belfast NI core","250m-style grid proxy generated from local spatial anchors","Local raster source available for satellite/NDVI review","Development pressure proxy uses waterfront and city-centre intensity"]},"geometry":{"type":"Polygon","coordinates":[[[-5.8133333333333335,54.64],[-5.796666666666667,54.64],[-5.796666666666667,54.655],[-5.8133333333333335,54.655],[-5.8133333333333335,54.64]]]}},{"type":"Feature","id":"belfast_08_17_2020","properties":{"cell_id":"belfast_08_17","year":2020,"row":8,"col":17,"development_pressure":0.18,"planning_intensity":0.1,"green_cover":0.315,"mobility_access":0.2,"bike_activity":0.05,"air_quality":0.624,"opportunity_access":0.326,"fairness_context":0.0,"deprivation_weighted_opportunity":0.241,"development_pressure_delta_2016":0.076,"planning_intensity_delta_2016":0.038,"green_cover_delta_2016":0.019,"mobility_access_delta_2016":0.0,"bike_activity_delta_2016":0.0,"air_quality_delta_2016":-0.008,"opportunity_access_delta_2016":-0.003,"fairness_context_delta_2016":0.0,"deprivation_weighted_opportunity_delta_2016":-0.002,"development_pressure_delta_previous":0.007,"planning_intensity_delta_previous":0.004,"green_cover_delta_previous":-0.022,"mobility_access_delta_previous":0.0,"bike_activity_delta_previous":0.0,"air_quality_delta_previous":-0.005,"opportunity_access_delta_previous":-0.005,"fairness_context_delta_previous":0.0,"deprivation_weighted_opportunity_delta_previous":-0.004,"dominant_change":"increased","confidence":"medium","evidence":["OpenStreetMap building export clipped to Belfast NI core","250m-style grid proxy generated from local spatial anchors","Local raster source available for satellite/NDVI review","Development pressure proxy uses waterfront and city-centre intensity"]},"geometry":{"type":"Polygon","coordinates":[[[-5.796666666666667,54.64],[-5.78,54.64],[-5.78,54.655],[-5.796666666666667,54.655],[-5.796666666666667,54.64]]]}},{"type":"Feature","id":"belfast_09_00_2020","properties":{"cell_id":"belfast_09_00","year":2020,"row":9,"col":0,"development_pressure":0.1,"planning_intensity":0.06,"green_cover":0.291,"mobility_access":0.2,"bike_activity":0.05,"air_quality":0.632,"opportunity_access":0.328,"fairness_context":0.0,"deprivation_weighted_opportunity":0.243,"development_pressure_delta_2016":-0.078,"planning_intensity_delta_2016":-0.039,"green_cover_delta_2016":-0.039,"mobility_access_delta_2016":0.0,"bike_activity_delta_2016":0.0,"air_quality_delta_2016":0.005,"opportunity_access_delta_2016":-0.001,"fairness_context_delta_2016":0.0,"deprivation_weighted_opportunity_delta_2016":-0.001,"development_pressure_delta_previous":-0.009,"planning_intensity_delta_previous":-0.005,"green_cover_delta_previous":-0.014,"mobility_access_delta_previous":0.0,"bike_activity_delta_previous":0.0,"air_quality_delta_previous":-0.001,"opportunity_access_delta_previous":-0.002,"fairness_context_delta_previous":0.0,"deprivation_weighted_opportunity_delta_previous":-0.001,"dominant_change":"decreased","confidence":"medium","evidence":["OpenStreetMap building export clipped to Belfast NI core","250m-style grid proxy generated from local spatial anchors","Local raster source available for satellite/NDVI review"]},"geometry":{"type":"Polygon","coordinates":[[[-6.08,54.655],[-6.0633333333333335,54.655],[-6.0633333333333335,54.67],[-6.08,54.67],[-6.08,54.655]]]}},{"type":"Feature","id":"belfast_09_01_2020","properties":{"cell_id":"belfast_09_01","year":2020,"row":9,"col":1,"development_pressure":0.108,"planning_intensity":0.064,"green_cover":0.302,"mobility_access":0.2,"bike_activity":0.05,"air_quality":0.633,"opportunity_access":0.33,"fairness_context":0.0,"deprivation_weighted_opportunity":0.244,"development_pressure_delta_2016":-0.055,"planning_intensity_delta_2016":-0.027,"green_cover_delta_2016":-0.042,"mobility_access_delta_2016":0.0,"bike_activity_delta_2016":0.0,"air_quality_delta_2016":0.001,"opportunity_access_delta_2016":-0.003,"fairness_context_delta_2016":0.0,"deprivation_weighted_opportunity_delta_2016":-0.002,"development_pressure_delta_previous":0.008,"planning_intensity_delta_previous":0.004,"green_cover_delta_previous":0.01,"mobility_access_delta_previous":0.0,"bike_activity_delta_previous":0.0,"air_quality_delta_previous":0.001,"opportunity_access_delta_previous":0.002,"fairness_context_delta_previous":0.0,"deprivation_weighted_opportunity_delta_previous":0.001,"dominant_change":"decreased","confidence":"medium","evidence":["OpenStreetMap building export clipped to Belfast NI core","250m-style grid proxy generated from local spatial anchors","Local raster source available for satellite/NDVI review"]},"geometry":{"type":"Polygon","coordinates":[[[-6.0633333333333335,54.655],[-6.046666666666667,54.655],[-6.046666666666667,54.67],[-6.0633333333333335,54.67],[-6.0633333333333335,54.655]]]}},{"type":"Feature","id":"belfast_09_02_2020","properties":{"cell_id":"belfast_09_02","year":2020,"row":9,"col":2,"development_pressure":0.128,"planning_intensity":0.074,"green_cover":0.327,"mobility_access":0.2,"bike_activity":0.05,"air_quality":0.635,"opportunity_access":0.333,"fairness_context":0.0,"deprivation_weighted_opportunity":0.246,"development_pressure_delta_2016":-0.011,"planning_intensity_delta_2016":-0.005,"green_cover_delta_2016":-0.004,"mobility_access_delta_2016":0.0,"bike_activity_delta_2016":0.0,"air_quality_delta_2016":0.001,"opportunity_access_delta_2016":0.0,"fairness_context_delta_2016":0.0,"deprivation_weighted_opportunity_delta_2016":0.0,"development_pressure_delta_previous":0.022,"planning_intensity_delta_previous":0.011,"green_cover_delta_previous":0.024,"mobility_access_delta_previous":0.0,"bike_activity_delta_previous":0.0,"air_quality_delta_previous":0.002,"opportunity_access_delta_previous":0.003,"fairness_context_delta_previous":0.0,"deprivation_weighted_opportunity_delta_previous":0.002,"dominant_change":"stable","confidence":"medium","evidence":["OpenStreetMap building export clipped to Belfast NI core","250m-style grid proxy generated from local spatial anchors","Local raster source available for satellite/NDVI review"]},"geometry":{"type":"Polygon","coordinates":[[[-6.046666666666667,54.655],[-6.03,54.655],[-6.03,54.67],[-6.046666666666667,54.67],[-6.046666666666667,54.655]]]}},{"type":"Feature","id":"belfast_09_03_2020","properties":{"cell_id":"belfast_09_03","year":2020,"row":9,"col":3,"development_pressure":0.152,"planning_intensity":0.086,"green_cover":0.34,"mobility_access":0.2,"bike_activity":0.05,"air_quality":0.633,"opportunity_access":0.333,"fairness_context":0.0,"deprivation_weighted_opportunity":0.246,"development_pressure_delta_2016":0.036,"planning_intensity_delta_2016":0.018,"green_cover_delta_2016":0.034,"mobility_access_delta_2016":0.0,"bike_activity_delta_2016":0.0,"air_quality_delta_2016":0.001,"opportunity_access_delta_2016":0.003,"fairness_context_delta_2016":0.0,"deprivation_weighted_opportunity_delta_2016":0.002,"development_pressure_delta_previous":0.027,"planning_intensity_delta_previous":0.013,"green_cover_delta_previous":0.012,"mobility_access_delta_previous":0.0,"bike_activity_delta_previous":0.0,"air_quality_delta_previous":-0.002,"opportunity_access_delta_previous":0.0,"fairness_context_delta_previous":0.0,"deprivation_weighted_opportunity_delta_previous":0.0,"dominant_change":"stable","confidence":"medium","evidence":["OpenStreetMap building export clipped to Belfast NI core","250m-style grid proxy generated from local spatial anchors","Local raster source available for satellite/NDVI review"]},"geometry":{"type":"Polygon","coordinates":[[[-6.03,54.655],[-6.013333333333334,54.655],[-6.013333333333334,54.67],[-6.03,54.67],[-6.03,54.655]]]}},{"type":"Feature","id":"belfast_09_04_2020","properties":{"cell_id":"belfast_09_04","year":2020,"row":9,"col":4,"development_pressure":0.172,"planning_intensity":0.096,"green_cover":0.327,"mobility_access":0.2,"bike_activity":0.05,"air_quality":0.628,"opportunity_access":0.329,"fairness_context":0.0,"deprivation_weighted_opportunity":0.244,"development_pressure_delta_2016":0.07,"planning_intensity_delta_2016":0.035,"green_cover_delta_2016":0.033,"mobility_access_delta_2016":0.0,"bike_activity_delta_2016":0.0,"air_quality_delta_2016":-0.004,"opportunity_access_delta_2016":0.0,"fairness_context_delta_2016":0.0,"deprivation_weighted_opportunity_delta_2016":0.001,"development_pressure_delta_previous":0.022,"planning_intensity_delta_previous":0.011,"green_cover_delta_previous":-0.015,"mobility_access_delta_previous":0.0,"bike_activity_delta_previous":0.0,"air_quality_delta_previous":-0.006,"opportunity_access_delta_previous":-0.005,"fairness_context_delta_previous":0.0,"deprivation_weighted_opportunity_delta_previous":-0.003,"dominant_change":"increased","confidence":"medium","evidence":["OpenStreetMap building export clipped to Belfast NI core","250m-style grid proxy generated from local spatial anchors","Local raster source available for satellite/NDVI review","Development pressure proxy uses waterfront and city-centre intensity"]},"geometry":{"type":"Polygon","coordinates":[[[-6.013333333333334,54.655],[-5.996666666666667,54.655],[-5.996666666666667,54.67],[-6.013333333333334,54.67],[-6.013333333333334,54.655]]]}},{"type":"Feature","id":"belfast_09_05_2020","properties":{"cell_id":"belfast_09_05","year":2020,"row":9,"col":5,"development_pressure":0.18,"planning_intensity":0.1,"green_cover":0.298,"mobility_access":0.2,"bike_activity":0.05,"air_quality":0.621,"opportunity_access":0.323,"fairness_context":0.0,"deprivation_weighted_opportunity":0.239,"development_pressure_delta_2016":0.078,"planning_intensity_delta_2016":0.039,"green_cover_delta_2016":-0.008,"mobility_access_delta_2016":0.0,"bike_activity_delta_2016":0.0,"air_quality_delta_2016":-0.014,"opportunity_access_delta_2016":-0.008,"fairness_context_delta_2016":0.0,"deprivation_weighted_opportunity_delta_2016":-0.006,"development_pressure_delta_previous":0.009,"planning_intensity_delta_previous":0.005,"green_cover_delta_previous":-0.031,"mobility_access_delta_previous":0.0,"bike_activity_delta_previous":0.0,"air_quality_delta_previous":-0.007,"opportunity_access_delta_previous":-0.007,"fairness_context_delta_previous":0.0,"deprivation_weighted_opportunity_delta_previous":-0.005,"dominant_change":"increased","confidence":"medium","evidence":["OpenStreetMap building export clipped to Belfast NI core","250m-style grid proxy generated from local spatial anchors","Local raster source available for satellite/NDVI review","Development pressure proxy uses waterfront and city-centre intensity"]},"geometry":{"type":"Polygon","coordinates":[[[-5.996666666666667,54.655],[-5.98,54.655],[-5.98,54.67],[-5.996666666666667,54.67],[-5.996666666666667,54.655]]]}},{"type":"Feature","id":"belfast_09_06_2020","properties":{"cell_id":"belfast_09_06","year":2020,"row":9,"col":6,"development_pressure":0.172,"planning_intensity":0.096,"green_cover":0.279,"mobility_access":0.2,"bike_activity":0.05,"air_quality":0.618,"opportunity_access":0.32,"fairness_context":0.0,"deprivation_weighted_opportunity":0.237,"development_pressure_delta_2016":0.054,"planning_intensity_delta_2016":0.027,"green_cover_delta_2016":-0.053,"mobility_access_delta_2016":0.0,"bike_activity_delta_2016":0.0,"air_quality_delta_2016":-0.019,"opportunity_access_delta_2016":-0.014,"fairness_context_delta_2016":0.0,"deprivation_weighted_opportunity_delta_2016":-0.01,"development_pressure_delta_previous":-0.008,"planning_intensity_delta_previous":-0.004,"green_cover_delta_previous":-0.021,"mobility_access_delta_previous":0.0,"bike_activity_delta_previous":0.0,"air_quality_delta_previous":-0.003,"opportunity_access_delta_previous":-0.004,"fairness_context_delta_previous":0.0,"deprivation_weighted_opportunity_delta_previous":-0.002,"dominant_change":"increased","confidence":"medium","evidence":["OpenStreetMap building export clipped to Belfast NI core","250m-style grid proxy generated from local spatial anchors","Local raster source available for satellite/NDVI review","Development pressure proxy uses waterfront and city-centre intensity"]},"geometry":{"type":"Polygon","coordinates":[[[-5.98,54.655],[-5.963333333333334,54.655],[-5.963333333333334,54.67],[-5.98,54.67],[-5.98,54.655]]]}},{"type":"Feature","id":"belfast_09_07_2020","properties":{"cell_id":"belfast_09_07","year":2020,"row":9,"col":7,"development_pressure":0.152,"planning_intensity":0.086,"green_cover":0.287,"mobility_access":0.2,"bike_activity":0.05,"air_quality":0.623,"opportunity_access":0.324,"fairness_context":0.0,"deprivation_weighted_opportunity":0.239,"development_pressure_delta_2016":0.011,"planning_intensity_delta_2016":0.005,"green_cover_delta_2016":-0.06,"mobility_access_delta_2016":0.0,"bike_activity_delta_2016":0.0,"air_quality_delta_2016":-0.013,"opportunity_access_delta_2016":-0.011,"fairness_context_delta_2016":0.0,"deprivation_weighted_opportunity_delta_2016":-0.009,"development_pressure_delta_previous":-0.022,"planning_intensity_delta_previous":-0.011,"green_cover_delta_previous":0.007,"mobility_access_delta_previous":0.0,"bike_activity_delta_previous":0.0,"air_quality_delta_previous":0.005,"opportunity_access_delta_previous":0.004,"fairness_context_delta_previous":0.0,"deprivation_weighted_opportunity_delta_previous":0.002,"dominant_change":"worsened","confidence":"medium","evidence":["OpenStreetMap building export clipped to Belfast NI core","250m-style grid proxy generated from local spatial anchors","Local raster source available for satellite/NDVI review","Opportunity and exposure scores are normalized directional indicators"]},"geometry":{"type":"Polygon","coordinates":[[[-5.963333333333334,54.655],[-5.946666666666667,54.655],[-5.946666666666667,54.67],[-5.963333333333334,54.67],[-5.963333333333334,54.655]]]}},{"type":"Feature","id":"belfast_09_08_2020","properties":{"cell_id":"belfast_09_08","year":2020,"row":9,"col":8,"development_pressure":0.127,"planning_intensity":0.074,"green_cover":0.319,"mobility_access":0.2,"bike_activity":0.05,"air_quality":0.633,"opportunity_access":0.331,"fairness_context":0.0,"deprivation_weighted_opportunity":0.245,"development_pressure_delta_2016":-0.038,"planning_intensity_delta_2016":-0.018,"green_cover_delta_2016":-0.015,"mobility_access_delta_2016":0.0,"bike_activity_delta_2016":0.0,"air_quality_delta_2016":0.003,"opportunity_access_delta_2016":0.0,"fairness_context_delta_2016":0.0,"deprivation_weighted_opportunity_delta_2016":0.0,"development_pressure_delta_previous":-0.028,"planning_intensity_delta_previous":-0.013,"green_cover_delta_previous":0.031,"mobility_access_delta_previous":0.0,"bike_activity_delta_previous":0.0,"air_quality_delta_previous":0.01,"opportunity_access_delta_previous":0.008,"fairness_context_delta_previous":0.0,"deprivation_weighted_opportunity_delta_previous":0.006,"dominant_change":"stable","confidence":"medium","evidence":["OpenStreetMap building export clipped to Belfast NI core","250m-style grid proxy generated from local spatial anchors","Local raster source available for satellite/NDVI review"]},"geometry":{"type":"Polygon","coordinates":[[[-5.946666666666667,54.655],[-5.930000000000001,54.655],[-5.930000000000001,54.67],[-5.946666666666667,54.67],[-5.946666666666667,54.655]]]}},{"type":"Feature","id":"belfast_09_09_2020","properties":{"cell_id":"belfast_09_09","year":2020,"row":9,"col":9,"development_pressure":0.107,"planning_intensity":0.113,"green_cover":0.395,"mobility_access":0.2,"bike_activity":0.05,"air_quality":0.652,"opportunity_access":0.347,"fairness_context":0.0,"deprivation_weighted_opportunity":0.256,"development_pressure_delta_2016":-0.072,"planning_intensity_delta_2016":-0.036,"green_cover_delta_2016":0.041,"mobility_access_delta_2016":0.0,"bike_activity_delta_2016":0.0,"air_quality_delta_2016":0.02,"opportunity_access_delta_2016":0.014,"fairness_context_delta_2016":0.0,"deprivation_weighted_opportunity_delta_2016":0.009,"development_pressure_delta_previous":-0.023,"planning_intensity_delta_previous":-0.011,"green_cover_delta_previous":0.027,"mobility_access_delta_previous":0.0,"bike_activity_delta_previous":0.0,"air_quality_delta_previous":0.009,"opportunity_access_delta_previous":0.007,"fairness_context_delta_previous":0.0,"deprivation_weighted_opportunity_delta_previous":0.004,"dominant_change":"decreased","confidence":"medium","evidence":["OpenStreetMap building export clipped to Belfast NI core","250m-style grid proxy generated from local spatial anchors","Local raster source available for satellite/NDVI review"]},"geometry":{"type":"Polygon","coordinates":[[[-5.93,54.655],[-5.913333333333333,54.655],[-5.913333333333333,54.67],[-5.93,54.67],[-5.93,54.655]]]}},{"type":"Feature","id":"belfast_09_10_2020","properties":{"cell_id":"belfast_09_10","year":2020,"row":9,"col":10,"development_pressure":0.1,"planning_intensity":0.162,"green_cover":0.448,"mobility_access":0.2,"bike_activity":0.05,"air_quality":0.663,"opportunity_access":0.357,"fairness_context":0.0,"deprivation_weighted_opportunity":0.264,"development_pressure_delta_2016":-0.077,"planning_intensity_delta_2016":-0.038,"green_cover_delta_2016":0.063,"mobility_access_delta_2016":0.0,"bike_activity_delta_2016":0.0,"air_quality_delta_2016":0.025,"opportunity_access_delta_2016":0.018,"fairness_context_delta_2016":0.0,"deprivation_weighted_opportunity_delta_2016":0.013,"development_pressure_delta_previous":-0.009,"planning_intensity_delta_previous":-0.004,"green_cover_delta_previous":0.0,"mobility_access_delta_previous":0.0,"bike_activity_delta_previous":0.0,"air_quality_delta_previous":0.001,"opportunity_access_delta_previous":0.001,"fairness_context_delta_previous":0.0,"deprivation_weighted_opportunity_delta_previous":0.001,"dominant_change":"decreased","confidence":"medium","evidence":["OpenStreetMap building export clipped to Belfast NI core","250m-style grid proxy generated from local spatial anchors","Local raster source available for satellite/NDVI review"]},"geometry":{"type":"Polygon","coordinates":[[[-5.913333333333333,54.655],[-5.8966666666666665,54.655],[-5.8966666666666665,54.67],[-5.913333333333333,54.67],[-5.913333333333333,54.655]]]}},{"type":"Feature","id":"belfast_09_11_2020","properties":{"cell_id":"belfast_09_11","year":2020,"row":9,"col":11,"development_pressure":0.108,"planning_intensity":0.134,"green_cover":0.39,"mobility_access":0.2,"bike_activity":0.05,"air_quality":0.65,"opportunity_access":0.346,"fairness_context":0.0,"deprivation_weighted_opportunity":0.256,"development_pressure_delta_2016":-0.054,"planning_intensity_delta_2016":-0.027,"green_cover_delta_2016":0.03,"mobility_access_delta_2016":0.0,"bike_activity_delta_2016":0.0,"air_quality_delta_2016":0.014,"opportunity_access_delta_2016":0.01,"fairness_context_delta_2016":0.0,"deprivation_weighted_opportunity_delta_2016":0.007,"development_pressure_delta_previous":0.008,"planning_intensity_delta_previous":0.004,"green_cover_delta_previous":-0.027,"mobility_access_delta_previous":0.0,"bike_activity_delta_previous":0.0,"air_quality_delta_previous":-0.007,"opportunity_access_delta_previous":-0.005,"fairness_context_delta_previous":0.0,"deprivation_weighted_opportunity_delta_previous":-0.004,"dominant_change":"decreased","confidence":"medium","evidence":["OpenStreetMap building export clipped to Belfast NI core","250m-style grid proxy generated from local spatial anchors","Local raster source available for satellite/NDVI review"]},"geometry":{"type":"Polygon","coordinates":[[[-5.8966666666666665,54.655],[-5.88,54.655],[-5.88,54.67],[-5.8966666666666665,54.67],[-5.8966666666666665,54.655]]]}},{"type":"Feature","id":"belfast_09_12_2020","properties":{"cell_id":"belfast_09_12","year":2020,"row":9,"col":12,"development_pressure":0.128,"planning_intensity":0.087,"green_cover":0.303,"mobility_access":0.2,"bike_activity":0.05,"air_quality":0.63,"opportunity_access":0.328,"fairness_context":0.0,"deprivation_weighted_opportunity":0.243,"development_pressure_delta_2016":-0.01,"planning_intensity_delta_2016":-0.005,"green_cover_delta_2016":-0.03,"mobility_access_delta_2016":0.0,"bike_activity_delta_2016":0.0,"air_quality_delta_2016":-0.004,"opportunity_access_delta_2016":-0.005,"fairness_context_delta_2016":0.0,"deprivation_weighted_opportunity_delta_2016":-0.003,"development_pressure_delta_previous":0.022,"planning_intensity_delta_previous":0.011,"green_cover_delta_previous":-0.031,"mobility_access_delta_previous":0.0,"bike_activity_delta_previous":0.0,"air_quality_delta_previous":-0.009,"opportunity_access_delta_previous":-0.008,"fairness_context_delta_previous":0.0,"deprivation_weighted_opportunity_delta_previous":-0.005,"dominant_change":"stable","confidence":"medium","evidence":["OpenStreetMap building export clipped to Belfast NI core","250m-style grid proxy generated from local spatial anchors","Local raster source available for satellite/NDVI review"]},"geometry":{"type":"Polygon","coordinates":[[[-5.88,54.655],[-5.863333333333333,54.655],[-5.863333333333333,54.67],[-5.88,54.67],[-5.88,54.655]]]}},{"type":"Feature","id":"belfast_09_13_2020","properties":{"cell_id":"belfast_09_13","year":2020,"row":9,"col":13,"development_pressure":0.153,"planning_intensity":0.087,"green_cover":0.283,"mobility_access":0.2,"bike_activity":0.05,"air_quality":0.622,"opportunity_access":0.323,"fairness_context":0.0,"deprivation_weighted_opportunity":0.239,"development_pressure_delta_2016":0.038,"planning_intensity_delta_2016":0.02,"green_cover_delta_2016":-0.065,"mobility_access_delta_2016":0.0,"bike_activity_delta_2016":0.0,"air_quality_delta_2016":-0.019,"opportunity_access_delta_2016":-0.015,"fairness_context_delta_2016":0.0,"deprivation_weighted_opportunity_delta_2016":-0.011,"development_pressure_delta_previous":0.027,"planning_intensity_delta_previous":0.014,"green_cover_delta_previous":-0.009,"mobility_access_delta_previous":0.0,"bike_activity_delta_previous":0.0,"air_quality_delta_previous":-0.006,"opportunity_access_delta_previous":-0.004,"fairness_context_delta_previous":0.0,"deprivation_weighted_opportunity_delta_previous":-0.003,"dominant_change":"worsened","confidence":"medium","evidence":["OpenStreetMap building export clipped to Belfast NI core","250m-style grid proxy generated from local spatial anchors","Local raster source available for satellite/NDVI review","Opportunity and exposure scores are normalized directional indicators"]},"geometry":{"type":"Polygon","coordinates":[[[-5.863333333333333,54.655],[-5.846666666666667,54.655],[-5.846666666666667,54.67],[-5.863333333333333,54.67],[-5.863333333333333,54.655]]]}},{"type":"Feature","id":"belfast_09_14_2020","properties":{"cell_id":"belfast_09_14","year":2020,"row":9,"col":14,"development_pressure":0.173,"planning_intensity":0.096,"green_cover":0.301,"mobility_access":0.2,"bike_activity":0.05,"air_quality":0.622,"opportunity_access":0.324,"fairness_context":0.0,"deprivation_weighted_opportunity":0.24,"development_pressure_delta_2016":0.072,"planning_intensity_delta_2016":0.035,"green_cover_delta_2016":-0.049,"mobility_access_delta_2016":0.0,"bike_activity_delta_2016":0.0,"air_quality_delta_2016":-0.021,"opportunity_access_delta_2016":-0.015,"fairness_context_delta_2016":0.0,"deprivation_weighted_opportunity_delta_2016":-0.011,"development_pressure_delta_previous":0.023,"planning_intensity_delta_previous":0.011,"green_cover_delta_previous":0.016,"mobility_access_delta_previous":0.0,"bike_activity_delta_previous":0.0,"air_quality_delta_previous":-0.001,"opportunity_access_delta_previous":0.001,"fairness_context_delta_previous":0.0,"deprivation_weighted_opportunity_delta_previous":0.001,"dominant_change":"increased","confidence":"medium","evidence":["OpenStreetMap building export clipped to Belfast NI core","250m-style grid proxy generated from local spatial anchors","Local raster source available for satellite/NDVI review","Development pressure proxy uses waterfront and city-centre intensity"]},"geometry":{"type":"Polygon","coordinates":[[[-5.846666666666667,54.655],[-5.83,54.655],[-5.83,54.67],[-5.846666666666667,54.67],[-5.846666666666667,54.655]]]}},{"type":"Feature","id":"belfast_09_15_2020","properties":{"cell_id":"belfast_09_15","year":2020,"row":9,"col":15,"development_pressure":0.18,"planning_intensity":0.1,"green_cover":0.327,"mobility_access":0.2,"bike_activity":0.05,"air_quality":0.626,"opportunity_access":0.329,"fairness_context":0.0,"deprivation_weighted_opportunity":0.243,"development_pressure_delta_2016":0.077,"planning_intensity_delta_2016":0.039,"green_cover_delta_2016":0.002,"mobility_access_delta_2016":0.0,"bike_activity_delta_2016":0.0,"air_quality_delta_2016":-0.012,"opportunity_access_delta_2016":-0.005,"fairness_context_delta_2016":0.0,"deprivation_weighted_opportunity_delta_2016":-0.004,"development_pressure_delta_previous":0.009,"planning_intensity_delta_previous":0.004,"green_cover_delta_previous":0.024,"mobility_access_delta_previous":0.0,"bike_activity_delta_previous":0.0,"air_quality_delta_previous":0.003,"opportunity_access_delta_previous":0.004,"fairness_context_delta_previous":0.0,"deprivation_weighted_opportunity_delta_previous":0.003,"dominant_change":"increased","confidence":"medium","evidence":["OpenStreetMap building export clipped to Belfast NI core","250m-style grid proxy generated from local spatial anchors","Local raster source available for satellite/NDVI review","Development pressure proxy uses waterfront and city-centre intensity"]},"geometry":{"type":"Polygon","coordinates":[[[-5.83,54.655],[-5.8133333333333335,54.655],[-5.8133333333333335,54.67],[-5.83,54.67],[-5.83,54.655]]]}},{"type":"Feature","id":"belfast_09_16_2020","properties":{"cell_id":"belfast_09_16","year":2020,"row":9,"col":16,"development_pressure":0.172,"planning_intensity":0.096,"green_cover":0.336,"mobility_access":0.2,"bike_activity":0.05,"air_quality":0.629,"opportunity_access":0.331,"fairness_context":0.0,"deprivation_weighted_opportunity":0.245,"development_pressure_delta_2016":0.054,"planning_intensity_delta_2016":0.027,"green_cover_delta_2016":0.039,"mobility_access_delta_2016":0.0,"bike_activity_delta_2016":0.0,"air_quality_delta_2016":-0.001,"opportunity_access_delta_2016":0.003,"fairness_context_delta_2016":0.0,"deprivation_weighted_opportunity_delta_2016":0.002,"development_pressure_delta_previous":-0.008,"planning_intensity_delta_previous":-0.004,"green_cover_delta_previous":0.007,"mobility_access_delta_previous":0.0,"bike_activity_delta_previous":0.0,"air_quality_delta_previous":0.002,"opportunity_access_delta_previous":0.002,"fairness_context_delta_previous":0.0,"deprivation_weighted_opportunity_delta_previous":0.002,"dominant_change":"increased","confidence":"medium","evidence":["OpenStreetMap building export clipped to Belfast NI core","250m-style grid proxy generated from local spatial anchors","Local raster source available for satellite/NDVI review","Development pressure proxy uses waterfront and city-centre intensity"]},"geometry":{"type":"Polygon","coordinates":[[[-5.8133333333333335,54.655],[-5.796666666666667,54.655],[-5.796666666666667,54.67],[-5.8133333333333335,54.67],[-5.8133333333333335,54.655]]]}},{"type":"Feature","id":"belfast_09_17_2020","properties":{"cell_id":"belfast_09_17","year":2020,"row":9,"col":17,"development_pressure":0.151,"planning_intensity":0.086,"green_cover":0.32,"mobility_access":0.2,"bike_activity":0.05,"air_quality":0.63,"opportunity_access":0.33,"fairness_context":0.0,"deprivation_weighted_opportunity":0.244,"development_pressure_delta_2016":0.009,"planning_intensity_delta_2016":0.005,"green_cover_delta_2016":0.03,"mobility_access_delta_2016":0.0,"bike_activity_delta_2016":0.0,"air_quality_delta_2016":0.005,"opportunity_access_delta_2016":0.005,"fairness_context_delta_2016":0.0,"deprivation_weighted_opportunity_delta_2016":0.004,"development_pressure_delta_previous":-0.022,"planning_intensity_delta_previous":-0.011,"green_cover_delta_previous":-0.017,"mobility_access_delta_previous":0.0,"bike_activity_delta_previous":0.0,"air_quality_delta_previous":0.001,"opportunity_access_delta_previous":-0.001,"fairness_context_delta_previous":0.0,"deprivation_weighted_opportunity_delta_previous":-0.001,"dominant_change":"stable","confidence":"medium","evidence":["OpenStreetMap building export clipped to Belfast NI core","250m-style grid proxy generated from local spatial anchors","Local raster source available for satellite/NDVI review"]},"geometry":{"type":"Polygon","coordinates":[[[-5.796666666666667,54.655],[-5.78,54.655],[-5.78,54.67],[-5.796666666666667,54.67],[-5.796666666666667,54.655]]]}},{"type":"Feature","id":"belfast_10_00_2020","properties":{"cell_id":"belfast_10_00","year":2020,"row":10,"col":0,"development_pressure":0.125,"planning_intensity":0.073,"green_cover":0.286,"mobility_access":0.2,"bike_activity":0.05,"air_quality":0.627,"opportunity_access":0.325,"fairness_context":0.0,"deprivation_weighted_opportunity":0.241,"development_pressure_delta_2016":-0.017,"planning_intensity_delta_2016":-0.008,"green_cover_delta_2016":-0.05,"mobility_access_delta_2016":0.0,"bike_activity_delta_2016":0.0,"air_quality_delta_2016":-0.007,"opportunity_access_delta_2016":-0.008,"fairness_context_delta_2016":0.0,"deprivation_weighted_opportunity_delta_2016":-0.006,"development_pressure_delta_previous":0.02,"planning_intensity_delta_previous":0.011,"green_cover_delta_previous":-0.02,"mobility_access_delta_previous":0.0,"bike_activity_delta_previous":0.0,"air_quality_delta_previous":-0.007,"opportunity_access_delta_previous":-0.006,"fairness_context_delta_previous":0.0,"deprivation_weighted_opportunity_delta_previous":-0.004,"dominant_change":"worsened","confidence":"medium","evidence":["OpenStreetMap building export clipped to Belfast NI core","250m-style grid proxy generated from local spatial anchors","Local raster source available for satellite/NDVI review","Opportunity and exposure scores are normalized directional indicators"]},"geometry":{"type":"Polygon","coordinates":[[[-6.08,54.67],[-6.0633333333333335,54.67],[-6.0633333333333335,54.685],[-6.08,54.685],[-6.08,54.67]]]}},{"type":"Feature","id":"belfast_10_01_2020","properties":{"cell_id":"belfast_10_01","year":2020,"row":10,"col":1,"development_pressure":0.15,"planning_intensity":0.085,"green_cover":0.294,"mobility_access":0.2,"bike_activity":0.05,"air_quality":0.625,"opportunity_access":0.325,"fairness_context":0.0,"deprivation_weighted_opportunity":0.24,"development_pressure_delta_2016":0.032,"planning_intensity_delta_2016":0.016,"green_cover_delta_2016":-0.057,"mobility_access_delta_2016":0.0,"bike_activity_delta_2016":0.0,"air_quality_delta_2016":-0.016,"opportunity_access_delta_2016":-0.013,"fairness_context_delta_2016":0.0,"deprivation_weighted_opportunity_delta_2016":-0.01,"development_pressure_delta_previous":0.028,"planning_intensity_delta_previous":0.014,"green_cover_delta_previous":0.007,"mobility_access_delta_previous":0.0,"bike_activity_delta_previous":0.0,"air_quality_delta_previous":-0.003,"opportunity_access_delta_previous":-0.001,"fairness_context_delta_previous":0.0,"deprivation_weighted_opportunity_delta_previous":-0.001,"dominant_change":"worsened","confidence":"medium","evidence":["OpenStreetMap building export clipped to Belfast NI core","250m-style grid proxy generated from local spatial anchors","Local raster source available for satellite/NDVI review","Opportunity and exposure scores are normalized directional indicators"]},"geometry":{"type":"Polygon","coordinates":[[[-6.0633333333333335,54.67],[-6.046666666666667,54.67],[-6.046666666666667,54.685],[-6.0633333333333335,54.685],[-6.0633333333333335,54.67]]]}},{"type":"Feature","id":"belfast_10_02_2020","properties":{"cell_id":"belfast_10_02","year":2020,"row":10,"col":2,"development_pressure":0.171,"planning_intensity":0.095,"green_cover":0.318,"mobility_access":0.2,"bike_activity":0.05,"air_quality":0.626,"opportunity_access":0.328,"fairness_context":0.0,"deprivation_weighted_opportunity":0.242,"development_pressure_delta_2016":0.069,"planning_intensity_delta_2016":0.034,"green_cover_delta_2016":-0.019,"mobility_access_delta_2016":0.0,"bike_activity_delta_2016":0.0,"air_quality_delta_2016":-0.015,"opportunity_access_delta_2016":-0.009,"fairness_context_delta_2016":0.0,"deprivation_weighted_opportunity_delta_2016":-0.007,"development_pressure_delta_previous":0.024,"planning_intensity_delta_previous":0.011,"green_cover_delta_previous":0.022,"mobility_access_delta_previous":0.0,"bike_activity_delta_previous":0.0,"air_quality_delta_previous":0.001,"opportunity_access_delta_previous":0.003,"fairness_context_delta_previous":0.0,"deprivation_weighted_opportunity_delta_previous":0.001,"dominant_change":"increased","confidence":"medium","evidence":["OpenStreetMap building export clipped to Belfast NI core","250m-style grid proxy generated from local spatial anchors","Local raster source available for satellite/NDVI review","Development pressure proxy uses waterfront and city-centre intensity"]},"geometry":{"type":"Polygon","coordinates":[[[-6.046666666666667,54.67],[-6.03,54.67],[-6.03,54.685],[-6.046666666666667,54.685],[-6.046666666666667,54.67]]]}},{"type":"Feature","id":"belfast_10_03_2020","properties":{"cell_id":"belfast_10_03","year":2020,"row":10,"col":3,"development_pressure":0.18,"planning_intensity":0.1,"green_cover":0.335,"mobility_access":0.2,"bike_activity":0.05,"air_quality":0.628,"opportunity_access":0.33,"fairness_context":0.0,"deprivation_weighted_opportunity":0.244,"development_pressure_delta_2016":0.078,"planning_intensity_delta_2016":0.039,"green_cover_delta_2016":0.026,"mobility_access_delta_2016":0.0,"bike_activity_delta_2016":0.0,"air_quality_delta_2016":-0.007,"opportunity_access_delta_2016":-0.001,"fairness_context_delta_2016":0.0,"deprivation_weighted_opportunity_delta_2016":-0.001,"development_pressure_delta_previous":0.011,"planning_intensity_delta_previous":0.006,"green_cover_delta_previous":0.015,"mobility_access_delta_previous":0.0,"bike_activity_delta_previous":0.0,"air_quality_delta_previous":0.001,"opportunity_access_delta_previous":0.002,"fairness_context_delta_previous":0.0,"deprivation_weighted_opportunity_delta_previous":0.001,"dominant_change":"increased","confidence":"medium","evidence":["OpenStreetMap building export clipped to Belfast NI core","250m-style grid proxy generated from local spatial anchors","Local raster source available for satellite/NDVI review","Development pressure proxy uses waterfront and city-centre intensity"]},"geometry":{"type":"Polygon","coordinates":[[[-6.03,54.67],[-6.013333333333334,54.67],[-6.013333333333334,54.685],[-6.03,54.685],[-6.03,54.67]]]}},{"type":"Feature","id":"belfast_10_04_2020","properties":{"cell_id":"belfast_10_04","year":2020,"row":10,"col":4,"development_pressure":0.174,"planning_intensity":0.097,"green_cover":0.327,"mobility_access":0.2,"bike_activity":0.05,"air_quality":0.627,"opportunity_access":0.329,"fairness_context":0.0,"deprivation_weighted_opportunity":0.243,"development_pressure_delta_2016":0.059,"planning_intensity_delta_2016":0.029,"green_cover_delta_2016":0.035,"mobility_access_delta_2016":0.0,"bike_activity_delta_2016":0.0,"air_quality_delta_2016":-0.003,"opportunity_access_delta_2016":0.002,"fairness_context_delta_2016":0.0,"deprivation_weighted_opportunity_delta_2016":0.001,"development_pressure_delta_previous":-0.006,"planning_intensity_delta_previous":-0.003,"green_cover_delta_previous":-0.009,"mobility_access_delta_previous":0.0,"bike_activity_delta_previous":0.0,"air_quality_delta_previous":-0.001,"opportunity_access_delta_previous":-0.001,"fairness_context_delta_previous":0.0,"deprivation_weighted_opportunity_delta_previous":-0.001,"dominant_change":"increased","confidence":"medium","evidence":["OpenStreetMap building export clipped to Belfast NI core","250m-style grid proxy generated from local spatial anchors","Local raster source available for satellite/NDVI review","Development pressure proxy uses waterfront and city-centre intensity"]},"geometry":{"type":"Polygon","coordinates":[[[-6.013333333333334,54.67],[-5.996666666666667,54.67],[-5.996666666666667,54.685],[-6.013333333333334,54.685],[-6.013333333333334,54.67]]]}},{"type":"Feature","id":"belfast_10_05_2020","properties":{"cell_id":"belfast_10_05","year":2020,"row":10,"col":5,"development_pressure":0.155,"planning_intensity":0.087,"green_cover":0.303,"mobility_access":0.2,"bike_activity":0.05,"air_quality":0.626,"opportunity_access":0.326,"fairness_context":0.0,"deprivation_weighted_opportunity":0.241,"development_pressure_delta_2016":0.016,"planning_intensity_delta_2016":0.008,"green_cover_delta_2016":0.002,"mobility_access_delta_2016":0.0,"bike_activity_delta_2016":0.0,"air_quality_delta_2016":-0.002,"opportunity_access_delta_2016":-0.001,"fairness_context_delta_2016":0.0,"deprivation_weighted_opportunity_delta_2016":-0.001,"development_pressure_delta_previous":-0.02,"planning_intensity_delta_previous":-0.011,"green_cover_delta_previous":-0.025,"mobility_access_delta_previous":0.0,"bike_activity_delta_previous":0.0,"air_quality_delta_previous":-0.001,"opportunity_access_delta_previous":-0.003,"fairness_context_delta_previous":0.0,"deprivation_weighted_opportunity_delta_previous":-0.003,"dominant_change":"stable","confidence":"medium","evidence":["OpenStreetMap building export clipped to Belfast NI core","250m-style grid proxy generated from local spatial anchors","Local raster source available for satellite/NDVI review"]},"geometry":{"type":"Polygon","coordinates":[[[-5.996666666666667,54.67],[-5.98,54.67],[-5.98,54.685],[-5.996666666666667,54.685],[-5.996666666666667,54.67]]]}},{"type":"Feature","id":"belfast_10_06_2020","properties":{"cell_id":"belfast_10_06","year":2020,"row":10,"col":6,"development_pressure":0.13,"planning_intensity":0.075,"green_cover":0.287,"mobility_access":0.2,"bike_activity":0.05,"air_quality":0.626,"opportunity_access":0.325,"fairness_context":0.0,"deprivation_weighted_opportunity":0.241,"development_pressure_delta_2016":-0.032,"planning_intensity_delta_2016":-0.016,"green_cover_delta_2016":-0.038,"mobility_access_delta_2016":0.0,"bike_activity_delta_2016":0.0,"air_quality_delta_2016":-0.003,"opportunity_access_delta_2016":-0.005,"fairness_context_delta_2016":0.0,"deprivation_weighted_opportunity_delta_2016":-0.003,"development_pressure_delta_previous":-0.027,"planning_intensity_delta_previous":-0.014,"green_cover_delta_previous":-0.017,"mobility_access_delta_previous":0.0,"bike_activity_delta_previous":0.0,"air_quality_delta_previous":0.001,"opportunity_access_delta_previous":-0.001,"fairness_context_delta_previous":0.0,"deprivation_weighted_opportunity_delta_previous":0.0,"dominant_change":"stable","confidence":"medium","evidence":["OpenStreetMap building export clipped to Belfast NI core","250m-style grid proxy generated from local spatial anchors","Local raster source available for satellite/NDVI review"]},"geometry":{"type":"Polygon","coordinates":[[[-5.98,54.67],[-5.963333333333334,54.67],[-5.963333333333334,54.685],[-5.98,54.685],[-5.98,54.67]]]}},{"type":"Feature","id":"belfast_10_07_2020","properties":{"cell_id":"belfast_10_07","year":2020,"row":10,"col":7,"development_pressure":0.109,"planning_intensity":0.065,"green_cover":0.296,"mobility_access":0.2,"bike_activity":0.05,"air_quality":0.631,"opportunity_access":0.328,"fairness_context":0.0,"deprivation_weighted_opportunity":0.243,"development_pressure_delta_2016":-0.069,"planning_intensity_delta_2016":-0.034,"green_cover_delta_2016":-0.045,"mobility_access_delta_2016":0.0,"bike_activity_delta_2016":0.0,"air_quality_delta_2016":0.002,"opportunity_access_delta_2016":-0.003,"fairness_context_delta_2016":0.0,"deprivation_weighted_opportunity_delta_2016":-0.002,"development_pressure_delta_previous":-0.024,"planning_intensity_delta_previous":-0.011,"green_cover_delta_previous":0.009,"mobility_access_delta_previous":0.0,"bike_activity_delta_previous":0.0,"air_quality_delta_previous":0.005,"opportunity_access_delta_previous":0.003,"fairness_context_delta_previous":0.0,"deprivation_weighted_opportunity_delta_previous":0.002,"dominant_change":"decreased","confidence":"medium","evidence":["OpenStreetMap building export clipped to Belfast NI core","250m-style grid proxy generated from local spatial anchors","Local raster source available for satellite/NDVI review"]},"geometry":{"type":"Polygon","coordinates":[[[-5.963333333333334,54.67],[-5.946666666666667,54.67],[-5.946666666666667,54.685],[-5.963333333333334,54.685],[-5.963333333333334,54.67]]]}},{"type":"Feature","id":"belfast_10_08_2020","properties":{"cell_id":"belfast_10_08","year":2020,"row":10,"col":8,"development_pressure":0.1,"planning_intensity":0.06,"green_cover":0.324,"mobility_access":0.2,"bike_activity":0.05,"air_quality":0.638,"opportunity_access":0.334,"fairness_context":0.0,"deprivation_weighted_opportunity":0.247,"development_pressure_delta_2016":-0.078,"planning_intensity_delta_2016":-0.039,"green_cover_delta_2016":-0.008,"mobility_access_delta_2016":0.0,"bike_activity_delta_2016":0.0,"air_quality_delta_2016":0.01,"opportunity_access_delta_2016":0.005,"fairness_context_delta_2016":0.0,"deprivation_weighted_opportunity_delta_2016":0.003,"development_pressure_delta_previous":-0.011,"planning_intensity_delta_previous":-0.005,"green_cover_delta_previous":0.028,"mobility_access_delta_previous":0.0,"bike_activity_delta_previous":0.0,"air_quality_delta_previous":0.007,"opportunity_access_delta_previous":0.006,"fairness_context_delta_previous":0.0,"deprivation_weighted_opportunity_delta_previous":0.004,"dominant_change":"decreased","confidence":"medium","evidence":["OpenStreetMap building export clipped to Belfast NI core","250m-style grid proxy generated from local spatial anchors","Local raster source available for satellite/NDVI review"]},"geometry":{"type":"Polygon","coordinates":[[[-5.946666666666667,54.67],[-5.930000000000001,54.67],[-5.930000000000001,54.685],[-5.946666666666667,54.685],[-5.946666666666667,54.67]]]}},{"type":"Feature","id":"belfast_10_09_2020","properties":{"cell_id":"belfast_10_09","year":2020,"row":10,"col":9,"development_pressure":0.106,"planning_intensity":0.081,"green_cover":0.364,"mobility_access":0.2,"bike_activity":0.05,"air_quality":0.645,"opportunity_access":0.341,"fairness_context":0.0,"deprivation_weighted_opportunity":0.252,"development_pressure_delta_2016":-0.058,"planning_intensity_delta_2016":-0.029,"green_cover_delta_2016":0.04,"mobility_access_delta_2016":0.0,"bike_activity_delta_2016":0.0,"air_quality_delta_2016":0.017,"opportunity_access_delta_2016":0.012,"fairness_context_delta_2016":0.0,"deprivation_weighted_opportunity_delta_2016":0.008,"development_pressure_delta_previous":0.006,"planning_intensity_delta_previous":0.003,"green_cover_delta_previous":0.022,"mobility_access_delta_previous":0.0,"bike_activity_delta_previous":0.0,"air_quality_delta_previous":0.003,"opportunity_access_delta_previous":0.003,"fairness_context_delta_previous":0.0,"deprivation_weighted_opportunity_delta_previous":0.002,"dominant_change":"decreased","confidence":"medium","evidence":["OpenStreetMap building export clipped to Belfast NI core","250m-style grid proxy generated from local spatial anchors","Local raster source available for satellite/NDVI review"]},"geometry":{"type":"Polygon","coordinates":[[[-5.93,54.67],[-5.913333333333333,54.67],[-5.913333333333333,54.685],[-5.93,54.685],[-5.93,54.67]]]}},{"type":"Feature","id":"belfast_10_10_2020","properties":{"cell_id":"belfast_10_10","year":2020,"row":10,"col":10,"development_pressure":0.126,"planning_intensity":0.117,"green_cover":0.386,"mobility_access":0.2,"bike_activity":0.05,"air_quality":0.647,"opportunity_access":0.343,"fairness_context":0.0,"deprivation_weighted_opportunity":0.254,"development_pressure_delta_2016":-0.015,"planning_intensity_delta_2016":-0.007,"green_cover_delta_2016":0.053,"mobility_access_delta_2016":0.0,"bike_activity_delta_2016":0.0,"air_quality_delta_2016":0.013,"opportunity_access_delta_2016":0.01,"fairness_context_delta_2016":0.0,"deprivation_weighted_opportunity_delta_2016":0.008,"development_pressure_delta_previous":0.021,"planning_intensity_delta_previous":0.011,"green_cover_delta_previous":-0.005,"mobility_access_delta_previous":0.0,"bike_activity_delta_previous":0.0,"air_quality_delta_previous":-0.004,"opportunity_access_delta_previous":-0.003,"fairness_context_delta_previous":0.0,"deprivation_weighted_opportunity_delta_previous":-0.002,"dominant_change":"improved","confidence":"medium","evidence":["OpenStreetMap building export clipped to Belfast NI core","250m-style grid proxy generated from local spatial anchors","Local raster source available for satellite/NDVI review","Opportunity and exposure scores are normalized directional indicators"]},"geometry":{"type":"Polygon","coordinates":[[[-5.913333333333333,54.67],[-5.8966666666666665,54.67],[-5.8966666666666665,54.685],[-5.913333333333333,54.685],[-5.913333333333333,54.67]]]}},{"type":"Feature","id":"belfast_10_11_2020","properties":{"cell_id":"belfast_10_11","year":2020,"row":10,"col":11,"development_pressure":0.15,"planning_intensity":0.116,"green_cover":0.343,"mobility_access":0.2,"bike_activity":0.05,"air_quality":0.634,"opportunity_access":0.334,"fairness_context":0.0,"deprivation_weighted_opportunity":0.247,"development_pressure_delta_2016":0.033,"planning_intensity_delta_2016":0.017,"green_cover_delta_2016":0.015,"mobility_access_delta_2016":0.0,"bike_activity_delta_2016":0.0,"air_quality_delta_2016":-0.003,"opportunity_access_delta_2016":0.0,"fairness_context_delta_2016":0.0,"deprivation_weighted_opportunity_delta_2016":0.0,"development_pressure_delta_previous":0.027,"planning_intensity_delta_previous":0.014,"green_cover_delta_previous":-0.031,"mobility_access_delta_previous":0.0,"bike_activity_delta_previous":0.0,"air_quality_delta_previous":-0.011,"opportunity_access_delta_previous":-0.007,"fairness_context_delta_previous":0.0,"deprivation_weighted_opportunity_delta_previous":-0.006,"dominant_change":"stable","confidence":"medium","evidence":["OpenStreetMap building export clipped to Belfast NI core","250m-style grid proxy generated from local spatial anchors","Local raster source available for satellite/NDVI review"]},"geometry":{"type":"Polygon","coordinates":[[[-5.8966666666666665,54.67],[-5.88,54.67],[-5.88,54.685],[-5.8966666666666665,54.685],[-5.8966666666666665,54.67]]]}},{"type":"Feature","id":"belfast_10_12_2020","properties":{"cell_id":"belfast_10_12","year":2020,"row":10,"col":12,"development_pressure":0.171,"planning_intensity":0.096,"green_cover":0.283,"mobility_access":0.2,"bike_activity":0.05,"air_quality":0.619,"opportunity_access":0.321,"fairness_context":0.0,"deprivation_weighted_opportunity":0.238,"development_pressure_delta_2016":0.069,"planning_intensity_delta_2016":0.035,"green_cover_delta_2016":-0.044,"mobility_access_delta_2016":0.0,"bike_activity_delta_2016":0.0,"air_quality_delta_2016":-0.02,"opportunity_access_delta_2016":-0.014,"fairness_context_delta_2016":0.0,"deprivation_weighted_opportunity_delta_2016":-0.01,"development_pressure_delta_previous":0.023,"planning_intensity_delta_previous":0.012,"green_cover_delta_previous":-0.031,"mobility_access_delta_previous":0.0,"bike_activity_delta_previous":0.0,"air_quality_delta_previous":-0.01,"opportunity_access_delta_previous":-0.008,"fairness_context_delta_previous":0.0,"deprivation_weighted_opportunity_delta_previous":-0.005,"dominant_change":"increased","confidence":"medium","evidence":["OpenStreetMap building export clipped to Belfast NI core","250m-style grid proxy generated from local spatial anchors","Local raster source available for satellite/NDVI review","Development pressure proxy uses waterfront and city-centre intensity"]},"geometry":{"type":"Polygon","coordinates":[[[-5.88,54.67],[-5.863333333333333,54.67],[-5.863333333333333,54.685],[-5.88,54.685],[-5.88,54.67]]]}},{"type":"Feature","id":"belfast_10_13_2020","properties":{"cell_id":"belfast_10_13","year":2020,"row":10,"col":13,"development_pressure":0.18,"planning_intensity":0.1,"green_cover":0.278,"mobility_access":0.2,"bike_activity":0.05,"air_quality":0.616,"opportunity_access":0.32,"fairness_context":0.0,"deprivation_weighted_opportunity":0.236,"development_pressure_delta_2016":0.078,"planning_intensity_delta_2016":0.039,"green_cover_delta_2016":-0.072,"mobility_access_delta_2016":0.0,"bike_activity_delta_2016":0.0,"air_quality_delta_2016":-0.028,"opportunity_access_delta_2016":-0.019,"fairness_context_delta_2016":0.0,"deprivation_weighted_opportunity_delta_2016":-0.015,"development_pressure_delta_previous":0.011,"planning_intensity_delta_previous":0.005,"green_cover_delta_previous":-0.006,"mobility_access_delta_previous":0.0,"bike_activity_delta_previous":0.0,"air_quality_delta_previous":-0.003,"opportunity_access_delta_previous":-0.002,"fairness_context_delta_previous":0.0,"deprivation_weighted_opportunity_delta_previous":-0.002,"dominant_change":"increased","confidence":"medium","evidence":["OpenStreetMap building export clipped to Belfast NI core","250m-style grid proxy generated from local spatial anchors","Local raster source available for satellite/NDVI review","Development pressure proxy uses waterfront and city-centre intensity"]},"geometry":{"type":"Polygon","coordinates":[[[-5.863333333333333,54.67],[-5.846666666666667,54.67],[-5.846666666666667,54.685],[-5.863333333333333,54.685],[-5.863333333333333,54.67]]]}},{"type":"Feature","id":"belfast_10_14_2020","properties":{"cell_id":"belfast_10_14","year":2020,"row":10,"col":14,"development_pressure":0.173,"planning_intensity":0.097,"green_cover":0.301,"mobility_access":0.2,"bike_activity":0.05,"air_quality":0.622,"opportunity_access":0.324,"fairness_context":0.0,"deprivation_weighted_opportunity":0.24,"development_pressure_delta_2016":0.057,"planning_intensity_delta_2016":0.029,"green_cover_delta_2016":-0.046,"mobility_access_delta_2016":0.0,"bike_activity_delta_2016":0.0,"air_quality_delta_2016":-0.019,"opportunity_access_delta_2016":-0.013,"fairness_context_delta_2016":0.0,"deprivation_weighted_opportunity_delta_2016":-0.01,"development_pressure_delta_previous":-0.007,"planning_intensity_delta_previous":-0.003,"green_cover_delta_previous":0.022,"mobility_access_delta_previous":0.0,"bike_activity_delta_previous":0.0,"air_quality_delta_previous":0.005,"opportunity_access_delta_previous":0.004,"fairness_context_delta_previous":0.0,"deprivation_weighted_opportunity_delta_previous":0.003,"dominant_change":"increased","confidence":"medium","evidence":["OpenStreetMap building export clipped to Belfast NI core","250m-style grid proxy generated from local spatial anchors","Local raster source available for satellite/NDVI review","Development pressure proxy uses waterfront and city-centre intensity"]},"geometry":{"type":"Polygon","coordinates":[[[-5.846666666666667,54.67],[-5.83,54.67],[-5.83,54.685],[-5.846666666666667,54.685],[-5.846666666666667,54.67]]]}},{"type":"Feature","id":"belfast_10_15_2020","properties":{"cell_id":"belfast_10_15","year":2020,"row":10,"col":15,"development_pressure":0.154,"planning_intensity":0.087,"green_cover":0.332,"mobility_access":0.2,"bike_activity":0.05,"air_quality":0.632,"opportunity_access":0.332,"fairness_context":0.0,"deprivation_weighted_opportunity":0.245,"development_pressure_delta_2016":0.015,"planning_intensity_delta_2016":0.007,"green_cover_delta_2016":0.013,"mobility_access_delta_2016":0.0,"bike_activity_delta_2016":0.0,"air_quality_delta_2016":0.001,"opportunity_access_delta_2016":0.002,"fairness_context_delta_2016":0.0,"deprivation_weighted_opportunity_delta_2016":0.001,"development_pressure_delta_previous":-0.021,"planning_intensity_delta_previous":-0.01,"green_cover_delta_previous":0.03,"mobility_access_delta_previous":0.0,"bike_activity_delta_previous":0.0,"air_quality_delta_previous":0.01,"opportunity_access_delta_previous":0.008,"fairness_context_delta_previous":0.0,"deprivation_weighted_opportunity_delta_previous":0.005,"dominant_change":"stable","confidence":"medium","evidence":["OpenStreetMap building export clipped to Belfast NI core","250m-style grid proxy generated from local spatial anchors","Local raster source available for satellite/NDVI review"]},"geometry":{"type":"Polygon","coordinates":[[[-5.83,54.67],[-5.8133333333333335,54.67],[-5.8133333333333335,54.685],[-5.83,54.685],[-5.83,54.67]]]}},{"type":"Feature","id":"belfast_10_16_2020","properties":{"cell_id":"belfast_10_16","year":2020,"row":10,"col":16,"development_pressure":0.129,"planning_intensity":0.075,"green_cover":0.344,"mobility_access":0.2,"bike_activity":0.05,"air_quality":0.638,"opportunity_access":0.336,"fairness_context":0.0,"deprivation_weighted_opportunity":0.248,"development_pressure_delta_2016":-0.034,"planning_intensity_delta_2016":-0.017,"green_cover_delta_2016":0.055,"mobility_access_delta_2016":0.0,"bike_activity_delta_2016":0.0,"air_quality_delta_2016":0.017,"opportunity_access_delta_2016":0.013,"fairness_context_delta_2016":0.0,"deprivation_weighted_opportunity_delta_2016":0.009,"development_pressure_delta_previous":-0.028,"planning_intensity_delta_previous":-0.013,"green_cover_delta_previous":0.011,"mobility_access_delta_previous":0.0,"bike_activity_delta_previous":0.0,"air_quality_delta_previous":0.007,"opportunity_access_delta_previous":0.005,"fairness_context_delta_previous":0.0,"deprivation_weighted_opportunity_delta_previous":0.003,"dominant_change":"improved","confidence":"medium","evidence":["OpenStreetMap building export clipped to Belfast NI core","250m-style grid proxy generated from local spatial anchors","Local raster source available for satellite/NDVI review","Opportunity and exposure scores are normalized directional indicators"]},"geometry":{"type":"Polygon","coordinates":[[[-5.8133333333333335,54.67],[-5.796666666666667,54.67],[-5.796666666666667,54.685],[-5.8133333333333335,54.685],[-5.8133333333333335,54.67]]]}},{"type":"Feature","id":"belfast_10_17_2020","properties":{"cell_id":"belfast_10_17","year":2020,"row":10,"col":17,"development_pressure":0.109,"planning_intensity":0.064,"green_cover":0.329,"mobility_access":0.2,"bike_activity":0.05,"air_quality":0.638,"opportunity_access":0.334,"fairness_context":0.0,"deprivation_weighted_opportunity":0.248,"development_pressure_delta_2016":-0.069,"planning_intensity_delta_2016":-0.035,"green_cover_delta_2016":0.045,"mobility_access_delta_2016":0.0,"bike_activity_delta_2016":0.0,"air_quality_delta_2016":0.02,"opportunity_access_delta_2016":0.013,"fairness_context_delta_2016":0.0,"deprivation_weighted_opportunity_delta_2016":0.011,"development_pressure_delta_previous":-0.023,"planning_intensity_delta_previous":-0.012,"green_cover_delta_previous":-0.016,"mobility_access_delta_previous":0.0,"bike_activity_delta_previous":0.0,"air_quality_delta_previous":0.0,"opportunity_access_delta_previous":-0.002,"fairness_context_delta_previous":0.0,"deprivation_weighted_opportunity_delta_previous":0.0,"dominant_change":"decreased","confidence":"medium","evidence":["OpenStreetMap building export clipped to Belfast NI core","250m-style grid proxy generated from local spatial anchors","Local raster source available for satellite/NDVI review"]},"geometry":{"type":"Polygon","coordinates":[[[-5.796666666666667,54.67],[-5.78,54.67],[-5.78,54.685],[-5.796666666666667,54.685],[-5.796666666666667,54.67]]]}},{"type":"Feature","id":"belfast_11_00_2020","properties":{"cell_id":"belfast_11_00","year":2020,"row":11,"col":0,"development_pressure":0.169,"planning_intensity":0.094,"green_cover":0.278,"mobility_access":0.2,"bike_activity":0.05,"air_quality":0.618,"opportunity_access":0.32,"fairness_context":0.0,"deprivation_weighted_opportunity":0.237,"development_pressure_delta_2016":0.065,"planning_intensity_delta_2016":0.032,"green_cover_delta_2016":-0.064,"mobility_access_delta_2016":0.0,"bike_activity_delta_2016":0.0,"air_quality_delta_2016":-0.024,"opportunity_access_delta_2016":-0.017,"fairness_context_delta_2016":0.0,"deprivation_weighted_opportunity_delta_2016":-0.013,"development_pressure_delta_previous":0.025,"planning_intensity_delta_previous":0.012,"green_cover_delta_previous":-0.02,"mobility_access_delta_previous":0.0,"bike_activity_delta_previous":0.0,"air_quality_delta_previous":-0.008,"opportunity_access_delta_previous":-0.006,"fairness_context_delta_previous":0.0,"deprivation_weighted_opportunity_delta_previous":-0.004,"dominant_change":"increased","confidence":"medium","evidence":["OpenStreetMap building export clipped to Belfast NI core","250m-style grid proxy generated from local spatial anchors","Local raster source available for satellite/NDVI review","Development pressure proxy uses waterfront and city-centre intensity"]},"geometry":{"type":"Polygon","coordinates":[[[-6.08,54.685],[-6.0633333333333335,54.685],[-6.0633333333333335,54.7],[-6.08,54.7],[-6.08,54.685]]]}},{"type":"Feature","id":"belfast_11_01_2020","properties":{"cell_id":"belfast_11_01","year":2020,"row":11,"col":1,"development_pressure":0.18,"planning_intensity":0.1,"green_cover":0.288,"mobility_access":0.2,"bike_activity":0.05,"air_quality":0.619,"opportunity_access":0.322,"fairness_context":0.0,"deprivation_weighted_opportunity":0.238,"development_pressure_delta_2016":0.079,"planning_intensity_delta_2016":0.04,"green_cover_delta_2016":-0.066,"mobility_access_delta_2016":0.0,"bike_activity_delta_2016":0.0,"air_quality_delta_2016":-0.025,"opportunity_access_delta_2016":-0.018,"fairness_context_delta_2016":0.0,"deprivation_weighted_opportunity_delta_2016":-0.013,"development_pressure_delta_previous":0.013,"planning_intensity_delta_previous":0.007,"green_cover_delta_previous":0.009,"mobility_access_delta_previous":0.0,"bike_activity_delta_previous":0.0,"air_quality_delta_previous":0.0,"opportunity_access_delta_previous":0.001,"fairness_context_delta_previous":0.0,"deprivation_weighted_opportunity_delta_previous":0.001,"dominant_change":"increased","confidence":"medium","evidence":["OpenStreetMap building export clipped to Belfast NI core","250m-style grid proxy generated from local spatial anchors","Local raster source available for satellite/NDVI review","Development pressure proxy uses waterfront and city-centre intensity"]},"geometry":{"type":"Polygon","coordinates":[[[-6.0633333333333335,54.685],[-6.046666666666667,54.685],[-6.046666666666667,54.7],[-6.0633333333333335,54.7],[-6.0633333333333335,54.685]]]}},{"type":"Feature","id":"belfast_11_02_2020","properties":{"cell_id":"belfast_11_02","year":2020,"row":11,"col":2,"development_pressure":0.175,"planning_intensity":0.098,"green_cover":0.318,"mobility_access":0.2,"bike_activity":0.05,"air_quality":0.625,"opportunity_access":0.327,"fairness_context":0.0,"deprivation_weighted_opportunity":0.242,"development_pressure_delta_2016":0.062,"planning_intensity_delta_2016":0.031,"green_cover_delta_2016":-0.018,"mobility_access_delta_2016":0.0,"bike_activity_delta_2016":0.0,"air_quality_delta_2016":-0.014,"opportunity_access_delta_2016":-0.008,"fairness_context_delta_2016":0.0,"deprivation_weighted_opportunity_delta_2016":-0.006,"development_pressure_delta_previous":-0.004,"planning_intensity_delta_previous":-0.002,"green_cover_delta_previous":0.028,"mobility_access_delta_previous":0.0,"bike_activity_delta_previous":0.0,"air_quality_delta_previous":0.006,"opportunity_access_delta_previous":0.005,"fairness_context_delta_previous":0.0,"deprivation_weighted_opportunity_delta_previous":0.004,"dominant_change":"increased","confidence":"medium","evidence":["OpenStreetMap building export clipped to Belfast NI core","250m-style grid proxy generated from local spatial anchors","Local raster source available for satellite/NDVI review","Development pressure proxy uses waterfront and city-centre intensity"]},"geometry":{"type":"Polygon","coordinates":[[[-6.046666666666667,54.685],[-6.03,54.685],[-6.03,54.7],[-6.046666666666667,54.7],[-6.046666666666667,54.685]]]}},{"type":"Feature","id":"belfast_11_03_2020","properties":{"cell_id":"belfast_11_03","year":2020,"row":11,"col":3,"development_pressure":0.157,"planning_intensity":0.089,"green_cover":0.339,"mobility_access":0.2,"bike_activity":0.05,"air_quality":0.632,"opportunity_access":0.332,"fairness_context":0.0,"deprivation_weighted_opportunity":0.246,"development_pressure_delta_2016":0.021,"planning_intensity_delta_2016":0.011,"green_cover_delta_2016":0.036,"mobility_access_delta_2016":0.0,"bike_activity_delta_2016":0.0,"air_quality_delta_2016":0.003,"opportunity_access_delta_2016":0.004,"fairness_context_delta_2016":0.0,"deprivation_weighted_opportunity_delta_2016":0.004,"development_pressure_delta_previous":-0.019,"planning_intensity_delta_previous":-0.009,"green_cover_delta_previous":0.02,"mobility_access_delta_previous":0.0,"bike_activity_delta_previous":0.0,"air_quality_delta_previous":0.007,"opportunity_access_delta_previous":0.005,"fairness_context_delta_previous":0.0,"deprivation_weighted_opportunity_delta_previous":0.004,"dominant_change":"stable","confidence":"medium","evidence":["OpenStreetMap building export clipped to Belfast NI core","250m-style grid proxy generated from local spatial anchors","Local raster source available for satellite/NDVI review"]},"geometry":{"type":"Polygon","coordinates":[[[-6.03,54.685],[-6.013333333333334,54.685],[-6.013333333333334,54.7],[-6.03,54.7],[-6.03,54.685]]]}},{"type":"Feature","id":"belfast_11_04_2020","properties":{"cell_id":"belfast_11_04","year":2020,"row":11,"col":4,"development_pressure":0.133,"planning_intensity":0.076,"green_cover":0.335,"mobility_access":0.2,"bike_activity":0.05,"air_quality":0.635,"opportunity_access":0.334,"fairness_context":0.0,"deprivation_weighted_opportunity":0.247,"development_pressure_delta_2016":-0.027,"planning_intensity_delta_2016":-0.014,"green_cover_delta_2016":0.051,"mobility_access_delta_2016":0.0,"bike_activity_delta_2016":0.0,"air_quality_delta_2016":0.014,"opportunity_access_delta_2016":0.012,"fairness_context_delta_2016":0.0,"deprivation_weighted_opportunity_delta_2016":0.008,"development_pressure_delta_previous":-0.027,"planning_intensity_delta_previous":-0.014,"green_cover_delta_previous":-0.005,"mobility_access_delta_previous":0.0,"bike_activity_delta_previous":0.0,"air_quality_delta_previous":0.003,"opportunity_access_delta_previous":0.002,"fairness_context_delta_previous":0.0,"deprivation_weighted_opportunity_delta_previous":0.001,"dominant_change":"improved","confidence":"medium","evidence":["OpenStreetMap building export clipped to Belfast NI core","250m-style grid proxy generated from local spatial anchors","Local raster source available for satellite/NDVI review","Opportunity and exposure scores are normalized directional indicators"]},"geometry":{"type":"Polygon","coordinates":[[[-6.013333333333334,54.685],[-5.996666666666667,54.685],[-5.996666666666667,54.7],[-6.013333333333334,54.7],[-6.013333333333334,54.685]]]}},{"type":"Feature","id":"belfast_11_05_2020","properties":{"cell_id":"belfast_11_05","year":2020,"row":11,"col":5,"development_pressure":0.111,"planning_intensity":0.065,"green_cover":0.311,"mobility_access":0.2,"bike_activity":0.05,"air_quality":0.634,"opportunity_access":0.331,"fairness_context":0.0,"deprivation_weighted_opportunity":0.245,"development_pressure_delta_2016":-0.066,"planning_intensity_delta_2016":-0.033,"green_cover_delta_2016":0.017,"mobility_access_delta_2016":0.0,"bike_activity_delta_2016":0.0,"air_quality_delta_2016":0.014,"opportunity_access_delta_2016":0.008,"fairness_context_delta_2016":0.0,"deprivation_weighted_opportunity_delta_2016":0.006,"development_pressure_delta_previous":-0.024,"planning_intensity_delta_previous":-0.013,"green_cover_delta_previous":-0.025,"mobility_access_delta_previous":0.0,"bike_activity_delta_previous":0.0,"air_quality_delta_previous":-0.001,"opportunity_access_delta_previous":-0.003,"fairness_context_delta_previous":0.0,"deprivation_weighted_opportunity_delta_previous":-0.002,"dominant_change":"decreased","confidence":"medium","evidence":["OpenStreetMap building export clipped to Belfast NI core","250m-style grid proxy generated from local spatial anchors","Local raster source available for satellite/NDVI review"]},"geometry":{"type":"Polygon","coordinates":[[[-5.996666666666667,54.685],[-5.98,54.685],[-5.98,54.7],[-5.996666666666667,54.7],[-5.996666666666667,54.685]]]}},{"type":"Feature","id":"belfast_11_06_2020","properties":{"cell_id":"belfast_11_06","year":2020,"row":11,"col":6,"development_pressure":0.1,"planning_intensity":0.06,"green_cover":0.292,"mobility_access":0.2,"bike_activity":0.05,"air_quality":0.632,"opportunity_access":0.329,"fairness_context":0.0,"deprivation_weighted_opportunity":0.243,"development_pressure_delta_2016":-0.079,"planning_intensity_delta_2016":-0.04,"green_cover_delta_2016":-0.031,"mobility_access_delta_2016":0.0,"bike_activity_delta_2016":0.0,"air_quality_delta_2016":0.006,"opportunity_access_delta_2016":0.001,"fairness_context_delta_2016":0.0,"deprivation_weighted_opportunity_delta_2016":0.0,"development_pressure_delta_previous":-0.013,"planning_intensity_delta_previous":-0.006,"green_cover_delta_previous":-0.02,"mobility_access_delta_previous":0.0,"bike_activity_delta_previous":0.0,"air_quality_delta_previous":-0.002,"opportunity_access_delta_previous":-0.002,"fairness_context_delta_previous":0.0,"deprivation_weighted_opportunity_delta_previous":-0.002,"dominant_change":"decreased","confidence":"medium","evidence":["OpenStreetMap building export clipped to Belfast NI core","250m-style grid proxy generated from local spatial anchors","Local raster source available for satellite/NDVI review"]},"geometry":{"type":"Polygon","coordinates":[[[-5.98,54.685],[-5.963333333333334,54.685],[-5.963333333333334,54.7],[-5.98,54.7],[-5.98,54.685]]]}},{"type":"Feature","id":"belfast_11_07_2020","properties":{"cell_id":"belfast_11_07","year":2020,"row":11,"col":7,"development_pressure":0.105,"planning_intensity":0.062,"green_cover":0.296,"mobility_access":0.2,"bike_activity":0.05,"air_quality":0.632,"opportunity_access":0.329,"fairness_context":0.0,"deprivation_weighted_opportunity":0.243,"development_pressure_delta_2016":-0.062,"planning_intensity_delta_2016":-0.031,"green_cover_delta_2016":-0.047,"mobility_access_delta_2016":0.0,"bike_activity_delta_2016":0.0,"air_quality_delta_2016":0.0,"opportunity_access_delta_2016":-0.003,"fairness_context_delta_2016":0.0,"deprivation_weighted_opportunity_delta_2016":-0.003,"development_pressure_delta_previous":0.004,"planning_intensity_delta_previous":0.002,"green_cover_delta_previous":0.003,"mobility_access_delta_previous":0.0,"bike_activity_delta_previous":0.0,"air_quality_delta_previous":0.0,"opportunity_access_delta_previous":0.0,"fairness_context_delta_previous":0.0,"deprivation_weighted_opportunity_delta_previous":0.0,"dominant_change":"decreased","confidence":"medium","evidence":["OpenStreetMap building export clipped to Belfast NI core","250m-style grid proxy generated from local spatial anchors","Local raster source available for satellite/NDVI review"]},"geometry":{"type":"Polygon","coordinates":[[[-5.963333333333334,54.685],[-5.946666666666667,54.685],[-5.946666666666667,54.7],[-5.963333333333334,54.7],[-5.963333333333334,54.685]]]}},{"type":"Feature","id":"belfast_11_08_2020","properties":{"cell_id":"belfast_11_08","year":2020,"row":11,"col":8,"development_pressure":0.123,"planning_intensity":0.072,"green_cover":0.319,"mobility_access":0.2,"bike_activity":0.05,"air_quality":0.634,"opportunity_access":0.332,"fairness_context":0.0,"deprivation_weighted_opportunity":0.245,"development_pressure_delta_2016":-0.021,"planning_intensity_delta_2016":-0.01,"green_cover_delta_2016":-0.019,"mobility_access_delta_2016":0.0,"bike_activity_delta_2016":0.0,"air_quality_delta_2016":0.0,"opportunity_access_delta_2016":-0.001,"fairness_context_delta_2016":0.0,"deprivation_weighted_opportunity_delta_2016":-0.002,"development_pressure_delta_previous":0.019,"planning_intensity_delta_previous":0.01,"green_cover_delta_previous":0.022,"mobility_access_delta_previous":0.0,"bike_activity_delta_previous":0.0,"air_quality_delta_previous":0.001,"opportunity_access_delta_previous":0.003,"fairness_context_delta_previous":0.0,"deprivation_weighted_opportunity_delta_previous":0.001,"dominant_change":"stable","confidence":"medium","evidence":["OpenStreetMap building export clipped to Belfast NI core","250m-style grid proxy generated from local spatial anchors","Local raster source available for satellite/NDVI review"]},"geometry":{"type":"Polygon","coordinates":[[[-5.946666666666667,54.685],[-5.930000000000001,54.685],[-5.930000000000001,54.7],[-5.946666666666667,54.7],[-5.946666666666667,54.685]]]}},{"type":"Feature","id":"belfast_11_09_2020","properties":{"cell_id":"belfast_11_09","year":2020,"row":11,"col":9,"development_pressure":0.148,"planning_intensity":0.084,"green_cover":0.338,"mobility_access":0.2,"bike_activity":0.05,"air_quality":0.634,"opportunity_access":0.333,"fairness_context":0.0,"deprivation_weighted_opportunity":0.246,"development_pressure_delta_2016":0.028,"planning_intensity_delta_2016":0.014,"green_cover_delta_2016":0.024,"mobility_access_delta_2016":0.0,"bike_activity_delta_2016":0.0,"air_quality_delta_2016":0.001,"opportunity_access_delta_2016":0.002,"fairness_context_delta_2016":0.0,"deprivation_weighted_opportunity_delta_2016":0.001,"development_pressure_delta_previous":0.027,"planning_intensity_delta_previous":0.014,"green_cover_delta_previous":0.017,"mobility_access_delta_previous":0.0,"bike_activity_delta_previous":0.0,"air_quality_delta_previous":-0.001,"opportunity_access_delta_previous":0.001,"fairness_context_delta_previous":0.0,"deprivation_weighted_opportunity_delta_previous":0.0,"dominant_change":"stable","confidence":"medium","evidence":["OpenStreetMap building export clipped to Belfast NI core","250m-style grid proxy generated from local spatial anchors","Local raster source available for satellite/NDVI review"]},"geometry":{"type":"Polygon","coordinates":[[[-5.93,54.685],[-5.913333333333333,54.685],[-5.913333333333333,54.7],[-5.93,54.7],[-5.93,54.685]]]}},{"type":"Feature","id":"belfast_11_10_2020","properties":{"cell_id":"belfast_11_10","year":2020,"row":11,"col":10,"development_pressure":0.169,"planning_intensity":0.095,"green_cover":0.333,"mobility_access":0.2,"bike_activity":0.05,"air_quality":0.629,"opportunity_access":0.33,"fairness_context":0.0,"deprivation_weighted_opportunity":0.245,"development_pressure_delta_2016":0.066,"planning_intensity_delta_2016":0.033,"green_cover_delta_2016":0.038,"mobility_access_delta_2016":0.0,"bike_activity_delta_2016":0.0,"air_quality_delta_2016":-0.003,"opportunity_access_delta_2016":0.001,"fairness_context_delta_2016":0.0,"deprivation_weighted_opportunity_delta_2016":0.002,"development_pressure_delta_previous":0.024,"planning_intensity_delta_previous":0.013,"green_cover_delta_previous":-0.007,"mobility_access_delta_previous":0.0,"bike_activity_delta_previous":0.0,"air_quality_delta_previous":-0.006,"opportunity_access_delta_previous":-0.004,"fairness_context_delta_previous":0.0,"deprivation_weighted_opportunity_delta_previous":-0.002,"dominant_change":"increased","confidence":"medium","evidence":["OpenStreetMap building export clipped to Belfast NI core","250m-style grid proxy generated from local spatial anchors","Local raster source available for satellite/NDVI review","Development pressure proxy uses waterfront and city-centre intensity"]},"geometry":{"type":"Polygon","coordinates":[[[-5.913333333333333,54.685],[-5.8966666666666665,54.685],[-5.8966666666666665,54.7],[-5.913333333333333,54.7],[-5.913333333333333,54.685]]]}},{"type":"Feature","id":"belfast_11_11_2020","properties":{"cell_id":"belfast_11_11","year":2020,"row":11,"col":11,"development_pressure":0.18,"planning_intensity":0.1,"green_cover":0.307,"mobility_access":0.2,"bike_activity":0.05,"air_quality":0.622,"opportunity_access":0.325,"fairness_context":0.0,"deprivation_weighted_opportunity":0.24,"development_pressure_delta_2016":0.079,"planning_intensity_delta_2016":0.039,"green_cover_delta_2016":0.007,"mobility_access_delta_2016":0.0,"bike_activity_delta_2016":0.0,"air_quality_delta_2016":-0.012,"opportunity_access_delta_2016":-0.005,"fairness_context_delta_2016":0.0,"deprivation_weighted_opportunity_delta_2016":-0.004,"development_pressure_delta_previous":0.013,"planning_intensity_delta_previous":0.006,"green_cover_delta_previous":-0.028,"mobility_access_delta_previous":0.0,"bike_activity_delta_previous":0.0,"air_quality_delta_previous":-0.008,"opportunity_access_delta_previous":-0.006,"fairness_context_delta_previous":0.0,"deprivation_weighted_opportunity_delta_previous":-0.005,"dominant_change":"increased","confidence":"medium","evidence":["OpenStreetMap building export clipped to Belfast NI core","250m-style grid proxy generated from local spatial anchors","Local raster source available for satellite/NDVI review","Development pressure proxy uses waterfront and city-centre intensity"]},"geometry":{"type":"Polygon","coordinates":[[[-5.8966666666666665,54.685],[-5.88,54.685],[-5.88,54.7],[-5.8966666666666665,54.7],[-5.8966666666666665,54.685]]]}},{"type":"Feature","id":"belfast_11_12_2020","properties":{"cell_id":"belfast_11_12","year":2020,"row":11,"col":12,"development_pressure":0.175,"planning_intensity":0.097,"green_cover":0.282,"mobility_access":0.2,"bike_activity":0.05,"air_quality":0.618,"opportunity_access":0.321,"fairness_context":0.0,"deprivation_weighted_opportunity":0.237,"development_pressure_delta_2016":0.061,"planning_intensity_delta_2016":0.03,"green_cover_delta_2016":-0.043,"mobility_access_delta_2016":0.0,"bike_activity_delta_2016":0.0,"air_quality_delta_2016":-0.018,"opportunity_access_delta_2016":-0.012,"fairness_context_delta_2016":0.0,"deprivation_weighted_opportunity_delta_2016":-0.01,"development_pressure_delta_previous":-0.004,"planning_intensity_delta_previous":-0.003,"green_cover_delta_previous":-0.026,"mobility_access_delta_previous":0.0,"bike_activity_delta_previous":0.0,"air_quality_delta_previous":-0.005,"opportunity_access_delta_previous":-0.004,"fairness_context_delta_previous":0.0,"deprivation_weighted_opportunity_delta_previous":-0.004,"dominant_change":"increased","confidence":"medium","evidence":["OpenStreetMap building export clipped to Belfast NI core","250m-style grid proxy generated from local spatial anchors","Local raster source available for satellite/NDVI review","Development pressure proxy uses waterfront and city-centre intensity"]},"geometry":{"type":"Polygon","coordinates":[[[-5.88,54.685],[-5.863333333333333,54.685],[-5.863333333333333,54.7],[-5.88,54.7],[-5.88,54.685]]]}},{"type":"Feature","id":"belfast_11_13_2020","properties":{"cell_id":"belfast_11_13","year":2020,"row":11,"col":13,"development_pressure":0.157,"planning_intensity":0.088,"green_cover":0.282,"mobility_access":0.2,"bike_activity":0.05,"air_quality":0.621,"opportunity_access":0.322,"fairness_context":0.0,"deprivation_weighted_opportunity":0.238,"development_pressure_delta_2016":0.02,"planning_intensity_delta_2016":0.01,"green_cover_delta_2016":-0.063,"mobility_access_delta_2016":0.0,"bike_activity_delta_2016":0.0,"air_quality_delta_2016":-0.016,"opportunity_access_delta_2016":-0.013,"fairness_context_delta_2016":0.0,"deprivation_weighted_opportunity_delta_2016":-0.01,"development_pressure_delta_previous":-0.019,"planning_intensity_delta_previous":-0.01,"green_cover_delta_previous":-0.001,"mobility_access_delta_previous":0.0,"bike_activity_delta_previous":0.0,"air_quality_delta_previous":0.003,"opportunity_access_delta_previous":0.001,"fairness_context_delta_previous":0.0,"deprivation_weighted_opportunity_delta_previous":0.001,"dominant_change":"worsened","confidence":"medium","evidence":["OpenStreetMap building export clipped to Belfast NI core","250m-style grid proxy generated from local spatial anchors","Local raster source available for satellite/NDVI review","Opportunity and exposure scores are normalized directional indicators"]},"geometry":{"type":"Polygon","coordinates":[[[-5.863333333333333,54.685],[-5.846666666666667,54.685],[-5.846666666666667,54.7],[-5.863333333333333,54.7],[-5.863333333333333,54.685]]]}},{"type":"Feature","id":"belfast_11_14_2020","properties":{"cell_id":"belfast_11_14","year":2020,"row":11,"col":14,"development_pressure":0.132,"planning_intensity":0.076,"green_cover":0.309,"mobility_access":0.2,"bike_activity":0.05,"air_quality":0.63,"opportunity_access":0.329,"fairness_context":0.0,"deprivation_weighted_opportunity":0.244,"development_pressure_delta_2016":-0.029,"planning_intensity_delta_2016":-0.014,"green_cover_delta_2016":-0.031,"mobility_access_delta_2016":0.0,"bike_activity_delta_2016":0.0,"air_quality_delta_2016":-0.002,"opportunity_access_delta_2016":-0.003,"fairness_context_delta_2016":0.0,"deprivation_weighted_opportunity_delta_2016":-0.002,"development_pressure_delta_previous":-0.027,"planning_intensity_delta_previous":-0.014,"green_cover_delta_previous":0.026,"mobility_access_delta_previous":0.0,"bike_activity_delta_previous":0.0,"air_quality_delta_previous":0.009,"opportunity_access_delta_previous":0.007,"fairness_context_delta_previous":0.0,"deprivation_weighted_opportunity_delta_previous":0.006,"dominant_change":"stable","confidence":"medium","evidence":["OpenStreetMap building export clipped to Belfast NI core","250m-style grid proxy generated from local spatial anchors","Local raster source available for satellite/NDVI review"]},"geometry":{"type":"Polygon","coordinates":[[[-5.846666666666667,54.685],[-5.83,54.685],[-5.83,54.7],[-5.846666666666667,54.7],[-5.846666666666667,54.685]]]}},{"type":"Feature","id":"belfast_11_15_2020","properties":{"cell_id":"belfast_11_15","year":2020,"row":11,"col":15,"development_pressure":0.11,"planning_intensity":0.065,"green_cover":0.341,"mobility_access":0.2,"bike_activity":0.05,"air_quality":0.64,"opportunity_access":0.336,"fairness_context":0.0,"deprivation_weighted_opportunity":0.249,"development_pressure_delta_2016":-0.067,"planning_intensity_delta_2016":-0.033,"green_cover_delta_2016":0.028,"mobility_access_delta_2016":0.0,"bike_activity_delta_2016":0.0,"air_quality_delta_2016":0.016,"opportunity_access_delta_2016":0.01,"fairness_context_delta_2016":0.0,"deprivation_weighted_opportunity_delta_2016":0.008,"development_pressure_delta_previous":-0.025,"planning_intensity_delta_previous":-0.012,"green_cover_delta_previous":0.031,"mobility_access_delta_previous":0.0,"bike_activity_delta_previous":0.0,"air_quality_delta_previous":0.01,"opportunity_access_delta_previous":0.007,"fairness_context_delta_previous":0.0,"deprivation_weighted_opportunity_delta_previous":0.006,"dominant_change":"decreased","confidence":"medium","evidence":["OpenStreetMap building export clipped to Belfast NI core","250m-style grid proxy generated from local spatial anchors","Local raster source available for satellite/NDVI review"]},"geometry":{"type":"Polygon","coordinates":[[[-5.83,54.685],[-5.8133333333333335,54.685],[-5.8133333333333335,54.7],[-5.83,54.7],[-5.83,54.685]]]}},{"type":"Feature","id":"belfast_11_16_2020","properties":{"cell_id":"belfast_11_16","year":2020,"row":11,"col":16,"development_pressure":0.1,"planning_intensity":0.06,"green_cover":0.35,"mobility_access":0.2,"bike_activity":0.05,"air_quality":0.644,"opportunity_access":0.339,"fairness_context":0.0,"deprivation_weighted_opportunity":0.251,"development_pressure_delta_2016":-0.079,"planning_intensity_delta_2016":-0.039,"green_cover_delta_2016":0.063,"mobility_access_delta_2016":0.0,"bike_activity_delta_2016":0.0,"air_quality_delta_2016":0.026,"opportunity_access_delta_2016":0.018,"fairness_context_delta_2016":0.0,"deprivation_weighted_opportunity_delta_2016":0.013,"development_pressure_delta_previous":-0.012,"planning_intensity_delta_previous":-0.006,"green_cover_delta_previous":0.009,"mobility_access_delta_previous":0.0,"bike_activity_delta_previous":0.0,"air_quality_delta_previous":0.004,"opportunity_access_delta_previous":0.003,"fairness_context_delta_previous":0.0,"deprivation_weighted_opportunity_delta_previous":0.002,"dominant_change":"decreased","confidence":"medium","evidence":["OpenStreetMap building export clipped to Belfast NI core","250m-style grid proxy generated from local spatial anchors","Local raster source available for satellite/NDVI review"]},"geometry":{"type":"Polygon","coordinates":[[[-5.8133333333333335,54.685],[-5.796666666666667,54.685],[-5.796666666666667,54.7],[-5.8133333333333335,54.7],[-5.8133333333333335,54.685]]]}},{"type":"Feature","id":"belfast_11_17_2020","properties":{"cell_id":"belfast_11_17","year":2020,"row":11,"col":17,"development_pressure":0.105,"planning_intensity":0.063,"green_cover":0.329,"mobility_access":0.2,"bike_activity":0.05,"air_quality":0.639,"opportunity_access":0.335,"fairness_context":0.0,"deprivation_weighted_opportunity":0.248,"development_pressure_delta_2016":-0.061,"planning_intensity_delta_2016":-0.03,"green_cover_delta_2016":0.043,"mobility_access_delta_2016":0.0,"bike_activity_delta_2016":0.0,"air_quality_delta_2016":0.019,"opportunity_access_delta_2016":0.013,"fairness_context_delta_2016":0.0,"deprivation_weighted_opportunity_delta_2016":0.01,"development_pressure_delta_previous":0.004,"planning_intensity_delta_previous":0.003,"green_cover_delta_previous":-0.022,"mobility_access_delta_previous":0.0,"bike_activity_delta_previous":0.0,"air_quality_delta_previous":-0.005,"opportunity_access_delta_previous":-0.004,"fairness_context_delta_previous":0.0,"deprivation_weighted_opportunity_delta_previous":-0.003,"dominant_change":"decreased","confidence":"medium","evidence":["OpenStreetMap building export clipped to Belfast NI core","250m-style grid proxy generated from local spatial anchors","Local raster source available for satellite/NDVI review"]},"geometry":{"type":"Polygon","coordinates":[[[-5.796666666666667,54.685],[-5.78,54.685],[-5.78,54.7],[-5.796666666666667,54.7],[-5.796666666666667,54.685]]]}}]}