{
"type": "FeatureCollection",
"features": [
{
  "type": "Feature",
  "id": "relation/16270465",
  "properties": {
    "landuse": "brownfield",
    "name": "Giant's Park",
    "owner": "Belfast City Council",
    "type": "multipolygon",
    "id": "relation/16270465"
  },
  "geometry": {
    "type": "Polygon",
    "coordinates": [
      [
        [
          -5.9014628,
          54.6351794
        ],
        [
          -5.9009049,
          54.63508
        ],
        [
          -5.8988879,
          54.6384828
        ],
        [
          -5.9016345,
          54.6384828
        ],
        [
          -5.9018939,
          54.6386496
        ],
        [
          -5.9020196,
          54.639209
        ],
        [
          -5.902119,
          54.6410215
        ],
        [
          -5.9019415,
          54.6410378
        ],
        [
          -5.9010968,
          54.6406789
        ],
        [
          -5.9010508,
          54.6406015
        ],
        [
          -5.9009944,
          54.6405738
        ],
        [
          -5.9008806,
          54.6406539
        ],
        [
          -5.9009179,
          54.6407297
        ],
        [
          -5.9016903,
          54.6411721
        ],
        [
          -5.9023389,
          54.6418192
        ],
        [
          -5.9024216,
          54.6418185
        ],
        [
          -5.9024674,
          54.6417678
        ],
        [
          -5.9024036,
          54.6416526
        ],
        [
          -5.9026011,
          54.64166
        ],
        [
          -5.9028179,
          54.6417681
        ],
        [
          -5.9034568,
          54.6419205
        ],
        [
          -5.903509,
          54.6419054
        ],
        [
          -5.9034997,
          54.6418745
        ],
        [
          -5.9032966,
          54.6417685
        ],
        [
          -5.9031445,
          54.6417796
        ],
        [
          -5.9030242,
          54.6417361
        ],
        [
          -5.9030398,
          54.6416874
        ],
        [
          -5.9031102,
          54.6416313
        ],
        [
          -5.9029196,
          54.6416833
        ],
        [
          -5.9028011,
          54.6416655
        ],
        [
          -5.9025997,
          54.6415823
        ],
        [
          -5.9023909,
          54.6414944
        ],
        [
          -5.9022874,
          54.6410268
        ],
        [
          -5.9025879,
          54.640905
        ],
        [
          -5.9022959,
          54.6407739
        ],
        [
          -5.9022631,
          54.640165
        ],
        [
          -5.9025335,
          54.6400907
        ],
        [
          -5.9026684,
          54.6400839
        ],
        [
          -5.9029751,
          54.6401603
        ],
        [
          -5.904591,
          54.6411865
        ],
        [
          -5.9048771,
          54.6421668
        ],
        [
          -5.9101746,
          54.6424067
        ],
        [
          -5.9124491,
          54.6423819
        ],
        [
          -5.9142519,
          54.6421655
        ],
        [
          -5.914594,
          54.6420608
        ],
        [
          -5.9150109,
          54.6418628
        ],
        [
          -5.9150777,
          54.6416079
        ],
        [
          -5.9154395,
          54.6414942
        ],
        [
          -5.915876,
          54.6412529
        ],
        [
          -5.9159035,
          54.6409002
        ],
        [
          -5.9160844,
          54.6406112
        ],
        [
          -5.916458,
          54.6402675
        ],
        [
          -5.9164895,
          54.6400696
        ],
        [
          -5.9166507,
          54.6398397
        ],
        [
          -5.9168945,
          54.6396008
        ],
        [
          -5.9171501,
          54.6388611
        ],
        [
          -5.9174962,
          54.6380669
        ],
        [
          -5.9176967,
          54.6370541
        ],
        [
          -5.9178068,
          54.6359252
        ],
        [
          -5.9179052,
          54.6356066
        ],
        [
          -5.91809,
          54.6352948
        ],
        [
          -5.9181844,
          54.6344868
        ],
        [
          -5.9180821,
          54.6338586
        ],
        [
          -5.9178818,
          54.633363
        ],
        [
          -5.9173065,
          54.6304499
        ],
        [
          -5.9159064,
          54.6303011
        ],
        [
          -5.9155843,
          54.6302669
        ],
        [
          -5.9145949,
          54.6301617
        ],
        [
          -5.9143374,
          54.6298139
        ],
        [
          -5.9114217,
          54.6298239
        ],
        [
          -5.9071276,
          54.6298387
        ],
        [
          -5.9060547,
          54.6308821
        ],
        [
          -5.9058114,
          54.6314894
        ],
        [
          -5.9058023,
          54.6318541
        ],
        [
          -5.9059997,
          54.6320229
        ],
        [
          -5.9062833,
          54.6321275
        ],
        [
          -5.9066534,
          54.632187
        ],
        [
          -5.9068391,
          54.6322987
        ],
        [
          -5.9069258,
          54.6326102
        ],
        [
          -5.9067414,
          54.6351545
        ],
        [
          -5.9014628,
          54.6351794
        ]
      ],
      [
        [
          -5.9102458,
          54.6330887
        ],
        [
          -5.9074077,
          54.6330177
        ],
        [
          -5.9072001,
          54.6323324
        ],
        [
          -5.9070185,
          54.6321732
        ],
        [
          -5.906126,
          54.6315425
        ],
        [
          -5.9065463,
          54.6306384
        ],
        [
          -5.9072364,
          54.6300407
        ],
        [
          -5.907802,
          54.6300527
        ],
        [
          -5.9078124,
          54.6307916
        ],
        [
          -5.9082275,
          54.6310529
        ],
        [
          -5.9086219,
          54.6310739
        ],
        [
          -5.9100384,
          54.631089
        ],
        [
          -5.9101422,
          54.6311611
        ],
        [
          -5.9101007,
          54.6318879
        ],
        [
          -5.9106715,
          54.6318999
        ],
        [
          -5.9108116,
          54.6316056
        ],
        [
          -5.9108375,
          54.631116
        ],
        [
          -5.9110503,
          54.631131
        ],
        [
          -5.911263,
          54.6311821
        ],
        [
          -5.9113097,
          54.6312512
        ],
        [
          -5.9112734,
          54.6313803
        ],
        [
          -5.910687,
          54.6322363
        ],
        [
          -5.9103498,
          54.6330322
        ],
        [
          -5.9102458,
          54.6330887
        ]
      ]
    ]
  }
},
{
  "type": "Feature",
  "id": "relation/19584417",
  "properties": {
    "construction": "residential",
    "landuse": "construction",
    "type": "multipolygon",
    "id": "relation/19584417"
  },
  "geometry": {
    "type": "Polygon",
    "coordinates": [
      [
        [
          -5.8954995,
          54.5437958
        ],
        [
          -5.8955346,
          54.5435778
        ],
        [
          -5.8954455,
          54.5432513
        ],
        [
          -5.894509,
          54.5434944
        ],
        [
          -5.8926117,
          54.5438516
        ],
        [
          -5.8907607,
          54.5443752
        ],
        [
          -5.8911908,
          54.5449294
        ],
        [
          -5.8906522,
          54.5454157
        ],
        [
          -5.8906234,
          54.5456418
        ],
        [
          -5.8906198,
          54.5456705
        ],
        [
          -5.8905655,
          54.5457476
        ],
        [
          -5.8905308,
          54.5457865
        ],
        [
          -5.8906234,
          54.5456418
        ],
        [
          -5.8913334,
          54.5456011
        ],
        [
          -5.8916413,
          54.5457218
        ],
        [
          -5.8918392,
          54.5457103
        ],
        [
          -5.891915,
          54.5458902
        ],
        [
          -5.8925821,
          54.5457911
        ],
        [
          -5.8927193,
          54.5454518
        ],
        [
          -5.893294,
          54.5452882
        ],
        [
          -5.8937155,
          54.5451992
        ],
        [
          -5.8939485,
          54.5451678
        ],
        [
          -5.8941487,
          54.5453012
        ],
        [
          -5.8947208,
          54.5452215
        ],
        [
          -5.8946748,
          54.5448749
        ],
        [
          -5.8945544,
          54.5446585
        ],
        [
          -5.8954605,
          54.5444956
        ],
        [
          -5.8951813,
          54.5439291
        ],
        [
          -5.8954442,
          54.5438753
        ],
        [
          -5.8954995,
          54.5437958
        ]
      ]
    ]
  }
},
{
  "type": "Feature",
  "id": "way/26334900",
  "properties": {
    "landuse": "brownfield",
    "id": "way/26334900"
  },
  "geometry": {
    "type": "Polygon",
    "coordinates": [
      [
        [
          -5.9190294,
          54.5954618
        ],
        [
          -5.9190222,
          54.5954178
        ],
        [
          -5.9189623,
          54.5950507
        ],
        [
          -5.9188818,
          54.5950072
        ],
        [
          -5.9188725,
          54.5949749
        ],
        [
          -5.9188555,
          54.5949155
        ],
        [
          -5.9181528,
          54.5947685
        ],
        [
          -5.9179581,
          54.594708
        ],
        [
          -5.9178366,
          54.5947248
        ],
        [
          -5.9177874,
          54.5947034
        ],
        [
          -5.9177382,
          54.594682
        ],
        [
          -5.9177821,
          54.5946175
        ],
        [
          -5.9176648,
          54.594536
        ],
        [
          -5.9175878,
          54.594426
        ],
        [
          -5.9175137,
          54.5944291
        ],
        [
          -5.9175565,
          54.59552
        ],
        [
          -5.9190294,
          54.5954618
        ]
      ]
    ]
  }
},
{
  "type": "Feature",
  "id": "way/38566714",
  "properties": {
    "landuse": "brownfield",
    "id": "way/38566714"
  },
  "geometry": {
    "type": "Polygon",
    "coordinates": [
      [
        [
          -6.0067963,
          54.5802475
        ],
        [
          -6.0056462,
          54.5810036
        ],
        [
          -6.0059724,
          54.5811529
        ],
        [
          -6.0060925,
          54.5810782
        ],
        [
          -6.0066161,
          54.5812921
        ],
        [
          -6.0067534,
          54.5812076
        ],
        [
          -6.0069594,
          54.5812971
        ],
        [
          -6.0077834,
          54.5807798
        ],
        [
          -6.0067963,
          54.5802475
        ]
      ]
    ]
  }
},
{
  "type": "Feature",
  "id": "way/38615666",
  "properties": {
    "landuse": "brownfield",
    "id": "way/38615666"
  },
  "geometry": {
    "type": "Polygon",
    "coordinates": [
      [
        [
          -5.8708613,
          54.635663
        ],
        [
          -5.8721516,
          54.6357985
        ],
        [
          -5.8724509,
          54.6358419
        ],
        [
          -5.8726362,
          54.6358392
        ],
        [
          -5.87271,
          54.635756
        ],
        [
          -5.8725268,
          54.6356478
        ],
        [
          -5.8725493,
          54.6355019
        ],
        [
          -5.8755974,
          54.633178
        ],
        [
          -5.8759163,
          54.6329856
        ],
        [
          -5.8762301,
          54.632751
        ],
        [
          -5.876145,
          54.6327194
        ],
        [
          -5.8720918,
          54.6309053
        ],
        [
          -5.8717984,
          54.630774
        ],
        [
          -5.8714842,
          54.6310021
        ],
        [
          -5.8693145,
          54.6325771
        ],
        [
          -5.8668886,
          54.6343134
        ],
        [
          -5.8668557,
          54.6343369
        ],
        [
          -5.866165,
          54.6348313
        ],
        [
          -5.8660875,
          54.6348867
        ],
        [
          -5.8656681,
          54.6351805
        ],
        [
          -5.8708613,
          54.635663
        ]
      ]
    ]
  }
},
{
  "type": "Feature",
  "id": "way/38618151",
  "properties": {
    "landuse": "brownfield",
    "id": "way/38618151"
  },
  "geometry": {
    "type": "Polygon",
    "coordinates": [
      [
        [
          -5.8895777,
          54.6213594
        ],
        [
          -5.8899039,
          54.6217371
        ],
        [
          -5.8901786,
          54.6220154
        ],
        [
          -5.890657,
          54.6221278
        ],
        [
          -5.8918758,
          54.6192752
        ],
        [
          -5.8917922,
          54.6192785
        ],
        [
          -5.8918019,
          54.6192285
        ],
        [
          -5.8918127,
          54.6191401
        ],
        [
          -5.8912472,
          54.619183
        ],
        [
          -5.8909258,
          54.6199338
        ],
        [
          -5.8893329,
          54.6197324
        ],
        [
          -5.8895777,
          54.6213594
        ]
      ]
    ]
  }
},
{
  "type": "Feature",
  "id": "way/38668688",
  "properties": {
    "landuse": "brownfield",
    "id": "way/38668688"
  },
  "geometry": {
    "type": "Polygon",
    "coordinates": [
      [
        [
          -5.8930386,
          54.6082386
        ],
        [
          -5.8927932,
          54.6090058
        ],
        [
          -5.8926544,
          54.6094675
        ],
        [
          -5.8934848,
          54.6095635
        ],
        [
          -5.895643,
          54.6097906
        ],
        [
          -5.8960557,
          54.6085506
        ],
        [
          -5.8953343,
          54.6084742
        ],
        [
          -5.8935512,
          54.6082905
        ],
        [
          -5.8930386,
          54.6082386
        ]
      ]
    ]
  }
},
{
  "type": "Feature",
  "id": "way/41661457",
  "properties": {
    "landuse": "brownfield",
    "name": "Sirocco Works",
    "source": "Bing Calibrated",
    "id": "way/41661457"
  },
  "geometry": {
    "type": "Polygon",
    "coordinates": [
      [
        [
          -5.9169265,
          54.5981491
        ],
        [
          -5.9140998,
          54.5976024
        ],
        [
          -5.9131557,
          54.5972237
        ],
        [
          -5.9125351,
          54.5973844
        ],
        [
          -5.9128256,
          54.5978089
        ],
        [
          -5.9127916,
          54.5982803
        ],
        [
          -5.9130132,
          54.5983277
        ],
        [
          -5.91301,
          54.5983569
        ],
        [
          -5.9130094,
          54.5984492
        ],
        [
          -5.9130091,
          54.598496
        ],
        [
          -5.912725,
          54.598536
        ],
        [
          -5.9125236,
          54.5986933
        ],
        [
          -5.9123288,
          54.5990884
        ],
        [
          -5.9120408,
          54.599733
        ],
        [
          -5.9122183,
          54.59992
        ],
        [
          -5.9135774,
          54.5998858
        ],
        [
          -5.914774,
          54.5998312
        ],
        [
          -5.9152023,
          54.5996255
        ],
        [
          -5.9152954,
          54.5995857
        ],
        [
          -5.9157434,
          54.5993944
        ],
        [
          -5.9163906,
          54.599006
        ],
        [
          -5.9169265,
          54.5981491
        ]
      ]
    ]
  }
},
{
  "type": "Feature",
  "id": "way/41661479",
  "properties": {
    "landuse": "brownfield",
    "id": "way/41661479"
  },
  "geometry": {
    "type": "Polygon",
    "coordinates": [
      [
        [
          -5.9078768,
          54.5883068
        ],
        [
          -5.9075179,
          54.5885415
        ],
        [
          -5.9075036,
          54.5885488
        ],
        [
          -5.9065538,
          54.5889919
        ],
        [
          -5.9074837,
          54.5896291
        ],
        [
          -5.9086729,
          54.5890782
        ],
        [
          -5.9089599,
          54.5889065
        ],
        [
          -5.9082223,
          54.5885464
        ],
        [
          -5.9078768,
          54.5883068
        ]
      ]
    ]
  }
},
{
  "type": "Feature",
  "id": "way/133182753",
  "properties": {
    "landuse": "brownfield",
    "id": "way/133182753"
  },
  "geometry": {
    "type": "Polygon",
    "coordinates": [
      [
        [
          -5.9229865,
          54.6076435
        ],
        [
          -5.9239461,
          54.6066582
        ],
        [
          -5.9240796,
          54.6065211
        ],
        [
          -5.9235562,
          54.6054814
        ],
        [
          -5.923216,
          54.6053752
        ],
        [
          -5.9227174,
          54.6061116
        ],
        [
          -5.9219782,
          54.607236
        ],
        [
          -5.9219029,
          54.6073331
        ],
        [
          -5.9222151,
          54.6074142
        ],
        [
          -5.9225869,
          54.6075205
        ],
        [
          -5.9229865,
          54.6076435
        ]
      ]
    ]
  }
},
{
  "type": "Feature",
  "id": "way/133202537",
  "properties": {
    "landuse": "brownfield",
    "id": "way/133202537"
  },
  "geometry": {
    "type": "Polygon",
    "coordinates": [
      [
        [
          -5.8909747,
          54.6054583
        ],
        [
          -5.8924989,
          54.6044322
        ],
        [
          -5.8949359,
          54.6057121
        ],
        [
          -5.8961602,
          54.6048181
        ],
        [
          -5.8935749,
          54.6035722
        ],
        [
          -5.8911508,
          54.6041252
        ],
        [
          -5.8885805,
          54.6048278
        ],
        [
          -5.8884753,
          54.6048747
        ],
        [
          -5.8885744,
          54.6049379
        ],
        [
          -5.8909747,
          54.6054583
        ]
      ]
    ]
  }
},
{
  "type": "Feature",
  "id": "way/141642279",
  "properties": {
    "landuse": "brownfield",
    "id": "way/141642279"
  },
  "geometry": {
    "type": "Polygon",
    "coordinates": [
      [
        [
          -5.9253236,
          54.6039978
        ],
        [
          -5.9254205,
          54.6039119
        ],
        [
          -5.9255486,
          54.6038488
        ],
        [
          -5.9256902,
          54.6038152
        ],
        [
          -5.9255019,
          54.6035203
        ],
        [
          -5.9245582,
          54.6033638
        ],
        [
          -5.924322,
          54.6036992
        ],
        [
          -5.9253236,
          54.6039978
        ]
      ]
    ]
  }
},
{
  "type": "Feature",
  "id": "way/141734341",
  "properties": {
    "landuse": "brownfield",
    "id": "way/141734341"
  },
  "geometry": {
    "type": "Polygon",
    "coordinates": [
      [
        [
          -5.9328814,
          54.6049223
        ],
        [
          -5.9322485,
          54.6042837
        ],
        [
          -5.9318076,
          54.6044342
        ],
        [
          -5.9316493,
          54.6044871
        ],
        [
          -5.9321427,
          54.604943
        ],
        [
          -5.9319981,
          54.6049986
        ],
        [
          -5.9321019,
          54.6050549
        ],
        [
          -5.9320986,
          54.6050676
        ],
        [
          -5.9322663,
          54.6051575
        ],
        [
          -5.9323275,
          54.6051563
        ],
        [
          -5.9324086,
          54.6051699
        ],
        [
          -5.9325483,
          54.6051567
        ],
        [
          -5.9326488,
          54.6051107
        ],
        [
          -5.9328814,
          54.6049223
        ]
      ]
    ]
  }
},
{
  "type": "Feature",
  "id": "way/151506752",
  "properties": {
    "landuse": "brownfield",
    "id": "way/151506752"
  },
  "geometry": {
    "type": "Polygon",
    "coordinates": [
      [
        [
          -5.9227248,
          54.628333
        ],
        [
          -5.9227095,
          54.6283336
        ],
        [
          -5.922697,
          54.6283367
        ],
        [
          -5.9211975,
          54.6283943
        ],
        [
          -5.9211892,
          54.6285511
        ],
        [
          -5.92104,
          54.6285559
        ],
        [
          -5.9209973,
          54.6290844
        ],
        [
          -5.9213053,
          54.6291446
        ],
        [
          -5.9214186,
          54.629199
        ],
        [
          -5.9217254,
          54.629359
        ],
        [
          -5.9219461,
          54.6295051
        ],
        [
          -5.9222097,
          54.6290831
        ],
        [
          -5.9219061,
          54.629021
        ],
        [
          -5.922029,
          54.6287372
        ],
        [
          -5.9220954,
          54.6287258
        ],
        [
          -5.9225264,
          54.6288069
        ],
        [
          -5.9225239,
          54.6286825
        ],
        [
          -5.9226511,
          54.62852
        ],
        [
          -5.9227106,
          54.6284263
        ],
        [
          -5.9227248,
          54.628333
        ]
      ]
    ]
  }
},
{
  "type": "Feature",
  "id": "way/151559381",
  "properties": {
    "landuse": "construction",
    "id": "way/151559381"
  },
  "geometry": {
    "type": "Polygon",
    "coordinates": [
      [
        [
          -5.8204651,
          54.5858063
        ],
        [
          -5.819206,
          54.5853981
        ],
        [
          -5.81875,
          54.585635
        ],
        [
          -5.8176766,
          54.585844
        ],
        [
          -5.8177454,
          54.5861941
        ],
        [
          -5.8167284,
          54.5862876
        ],
        [
          -5.8167519,
          54.5866717
        ],
        [
          -5.8188073,
          54.5866741
        ],
        [
          -5.8189926,
          54.5873727
        ],
        [
          -5.8199039,
          54.5873644
        ],
        [
          -5.8203045,
          54.5875123
        ],
        [
          -5.8204861,
          54.5874255
        ],
        [
          -5.8204651,
          54.5858063
        ]
      ]
    ]
  }
},
{
  "type": "Feature",
  "id": "way/151559383",
  "properties": {
    "landuse": "construction",
    "id": "way/151559383"
  },
  "geometry": {
    "type": "Polygon",
    "coordinates": [
      [
        [
          -5.819416,
          54.5875032
        ],
        [
          -5.8188437,
          54.5874774
        ],
        [
          -5.818736,
          54.5874734
        ],
        [
          -5.81841,
          54.5874612
        ],
        [
          -5.8183146,
          54.5874576
        ],
        [
          -5.8182783,
          54.5876476
        ],
        [
          -5.8189073,
          54.5877148
        ],
        [
          -5.8194117,
          54.5877805
        ],
        [
          -5.819416,
          54.5875032
        ]
      ]
    ]
  }
},
{
  "type": "Feature",
  "id": "way/158099650",
  "properties": {
    "addr:city": "Belfast",
    "addr:housenumber": "8",
    "addr:postcode": "BT3 9DT",
    "addr:street": "Queens Road",
    "building": "yes",
    "check_date": "2025-08-03",
    "construction": "hotel",
    "description": "Former Harland & Wolff Headquarters Building & Drawing Offices",
    "email": "info@titanichotelbelfast.com",
    "height": "19",
    "internet_access": "wlan",
    "internet_access:fee": "customers",
    "name": "Titanic Hotel",
    "phone": "+44 28 9508 2000",
    "tourism": "hotel",
    "website": "https://www.titanichotelbelfast.com/#hp1",
    "id": "way/158099650"
  },
  "geometry": {
    "type": "Polygon",
    "coordinates": [
      [
        [
          -5.909519,
          54.6075845
        ],
        [
          -5.9090549,
          54.6073589
        ],
        [
          -5.9081331,
          54.6079955
        ],
        [
          -5.9085496,
          54.608202
        ],
        [
          -5.9089742,
          54.607944
        ],
        [
          -5.9086957,
          54.6078061
        ],
        [
          -5.9087516,
          54.6077682
        ],
        [
          -5.9090293,
          54.6079057
        ],
        [
          -5.9091877,
          54.6077984
        ],
        [
          -5.908903,
          54.6076574
        ],
        [
          -5.9089193,
          54.6076463
        ],
        [
          -5.9089533,
          54.6076631
        ],
        [
          -5.9090544,
          54.6075946
        ],
        [
          -5.9090055,
          54.6075704
        ],
        [
          -5.9091013,
          54.6075055
        ],
        [
          -5.90941,
          54.6076583
        ],
        [
          -5.909519,
          54.6075845
        ]
      ]
    ]
  }
},
{
  "type": "Feature",
  "id": "way/158104646",
  "properties": {
    "landuse": "brownfield",
    "surface": "gravel",
    "id": "way/158104646"
  },
  "geometry": {
    "type": "Polygon",
    "coordinates": [
      [
        [
          -5.9065732,
          54.6095218
        ],
        [
          -5.9065828,
          54.6095352
        ],
        [
          -5.9073247,
          54.6105726
        ],
        [
          -5.9073365,
          54.6105778
        ],
        [
          -5.9074267,
          54.6105485
        ],
        [
          -5.9074963,
          54.6105404
        ],
        [
          -5.9075639,
          54.6105358
        ],
        [
          -5.9076704,
          54.6105423
        ],
        [
          -5.9077476,
          54.6105549
        ],
        [
          -5.9077225,
          54.6105987
        ],
        [
          -5.9077423,
          54.6106024
        ],
        [
          -5.9077855,
          54.6106106
        ],
        [
          -5.9078165,
          54.6105632
        ],
        [
          -5.9078592,
          54.6104979
        ],
        [
          -5.9087299,
          54.6090173
        ],
        [
          -5.9085936,
          54.6089933
        ],
        [
          -5.9090316,
          54.6082544
        ],
        [
          -5.9085496,
          54.608202
        ],
        [
          -5.9081331,
          54.6079955
        ],
        [
          -5.9071202,
          54.6087313
        ],
        [
          -5.9064435,
          54.6092086
        ],
        [
          -5.9064489,
          54.609327
        ],
        [
          -5.9065732,
          54.6095218
        ]
      ]
    ]
  }
},
{
  "type": "Feature",
  "id": "way/158323366",
  "properties": {
    "landuse": "brownfield",
    "id": "way/158323366"
  },
  "geometry": {
    "type": "Polygon",
    "coordinates": [
      [
        [
          -5.9090516,
          54.6034347
        ],
        [
          -5.9079144,
          54.6034507
        ],
        [
          -5.9077593,
          54.6034948
        ],
        [
          -5.9073389,
          54.6034914
        ],
        [
          -5.9072186,
          54.603473
        ],
        [
          -5.9060423,
          54.6034836
        ],
        [
          -5.907946,
          54.6043704
        ],
        [
          -5.9101293,
          54.6054858
        ],
        [
          -5.9105531,
          54.605464
        ],
        [
          -5.9102846,
          54.6053178
        ],
        [
          -5.9094524,
          54.604715
        ],
        [
          -5.9090843,
          54.6048239
        ],
        [
          -5.9090565,
          54.6046889
        ],
        [
          -5.9095542,
          54.6044632
        ],
        [
          -5.9098281,
          54.6042716
        ],
        [
          -5.9100328,
          54.6040753
        ],
        [
          -5.9102045,
          54.6035129
        ],
        [
          -5.9101613,
          54.6034375
        ],
        [
          -5.910086,
          54.6034113
        ],
        [
          -5.9097093,
          54.6034285
        ],
        [
          -5.9090516,
          54.6034347
        ]
      ]
    ]
  }
},
{
  "type": "Feature",
  "id": "way/182191362",
  "properties": {
    "landuse": "brownfield",
    "id": "way/182191362"
  },
  "geometry": {
    "type": "Polygon",
    "coordinates": [
      [
        [
          -5.9253283,
          54.6065172
        ],
        [
          -5.9254125,
          54.6064297
        ],
        [
          -5.9256878,
          54.6065185
        ],
        [
          -5.9257549,
          54.6064488
        ],
        [
          -5.9259077,
          54.6064981
        ],
        [
          -5.9259527,
          54.6064679
        ],
        [
          -5.9261215,
          54.6063255
        ],
        [
          -5.9261081,
          54.60628
        ],
        [
          -5.9252202,
          54.6059922
        ],
        [
          -5.9251691,
          54.6059982
        ],
        [
          -5.9250525,
          54.6060201
        ],
        [
          -5.9247405,
          54.6063275
        ],
        [
          -5.9253283,
          54.6065172
        ]
      ]
    ]
  }
},
{
  "type": "Feature",
  "id": "way/213586095",
  "properties": {
    "landuse": "brownfield",
    "id": "way/213586095"
  },
  "geometry": {
    "type": "Polygon",
    "coordinates": [
      [
        [
          -5.8882857,
          54.6044607
        ],
        [
          -5.8884305,
          54.6040909
        ],
        [
          -5.88846,
          54.6039753
        ],
        [
          -5.8884681,
          54.6038392
        ],
        [
          -5.8883769,
          54.6033483
        ],
        [
          -5.8882857,
          54.6032799
        ],
        [
          -5.888216,
          54.6032178
        ],
        [
          -5.8881543,
          54.6032886
        ],
        [
          -5.8880926,
          54.6034167
        ],
        [
          -5.8880711,
          54.6034757
        ],
        [
          -5.8880604,
          54.6036373
        ],
        [
          -5.8880148,
          54.6037889
        ],
        [
          -5.8876286,
          54.6044414
        ],
        [
          -5.8877224,
          54.6045135
        ],
        [
          -5.8877814,
          54.6045756
        ],
        [
          -5.8878887,
          54.6045694
        ],
        [
          -5.8880711,
          54.6045197
        ],
        [
          -5.8882857,
          54.6044607
        ]
      ]
    ]
  }
},
{
  "type": "Feature",
  "id": "way/222482973",
  "properties": {
    "demolished:frequency": "50",
    "demolished:operator": "NIE Networks",
    "demolished:operator:wikidata": "Q7058492",
    "demolished:phases": "3",
    "demolished:power": "substation",
    "demolished:substation": "transmission",
    "demolished:voltage": "110000",
    "landuse": "brownfield",
    "name": "Former Belfast North Main 110 kV Substation",
    "id": "way/222482973"
  },
  "geometry": {
    "type": "Polygon",
    "coordinates": [
      [
        [
          -5.9041858,
          54.6184186
        ],
        [
          -5.9044111,
          54.6185335
        ],
        [
          -5.9046471,
          54.6184279
        ],
        [
          -5.9067339,
          54.6169214
        ],
        [
          -5.9064711,
          54.616791
        ],
        [
          -5.9041858,
          54.6184186
        ]
      ]
    ]
  }
},
{
  "type": "Feature",
  "id": "way/226153575",
  "properties": {
    "addr:housename": "Havelock House",
    "addr:street": "Ormeau Road",
    "landuse": "brownfield",
    "id": "way/226153575"
  },
  "geometry": {
    "type": "Polygon",
    "coordinates": [
      [
        [
          -5.9257639,
          54.5891253
        ],
        [
          -5.9257321,
          54.5890595
        ],
        [
          -5.9257664,
          54.5890539
        ],
        [
          -5.9257282,
          54.588975
        ],
        [
          -5.925778,
          54.5889669
        ],
        [
          -5.9257363,
          54.5888807
        ],
        [
          -5.9256865,
          54.5888887
        ],
        [
          -5.9256176,
          54.5887461
        ],
        [
          -5.9247485,
          54.5888872
        ],
        [
          -5.9249941,
          54.5893952
        ],
        [
          -5.9256236,
          54.5892931
        ],
        [
          -5.9255587,
          54.5891586
        ],
        [
          -5.9257639,
          54.5891253
        ]
      ]
    ]
  }
},
{
  "type": "Feature",
  "id": "way/247050471",
  "properties": {
    "landuse": "brownfield",
    "id": "way/247050471"
  },
  "geometry": {
    "type": "Polygon",
    "coordinates": [
      [
        [
          -5.9557516,
          54.6082447
        ],
        [
          -5.9557309,
          54.6083061
        ],
        [
          -5.9549973,
          54.6082416
        ],
        [
          -5.9550241,
          54.6081018
        ],
        [
          -5.954713,
          54.6080801
        ],
        [
          -5.9545094,
          54.6087946
        ],
        [
          -5.9545649,
          54.6087937
        ],
        [
          -5.9546057,
          54.6088133
        ],
        [
          -5.9554715,
          54.60889
        ],
        [
          -5.9561078,
          54.6090214
        ],
        [
          -5.9562561,
          54.6087772
        ],
        [
          -5.9561795,
          54.6087647
        ],
        [
          -5.9563089,
          54.608499
        ],
        [
          -5.956188,
          54.6084667
        ],
        [
          -5.9561236,
          54.6084029
        ],
        [
          -5.9561445,
          54.6083058
        ],
        [
          -5.9557516,
          54.6082447
        ]
      ]
    ]
  }
},
{
  "type": "Feature",
  "id": "way/295154054",
  "properties": {
    "landuse": "brownfield",
    "old_name": "Knockbreda High School",
    "was:amenity": "school",
    "id": "way/295154054"
  },
  "geometry": {
    "type": "Polygon",
    "coordinates": [
      [
        [
          -5.9044601,
          54.5654524
        ],
        [
          -5.9043598,
          54.5655147
        ],
        [
          -5.9027026,
          54.5665452
        ],
        [
          -5.9027524,
          54.5666479
        ],
        [
          -5.9030984,
          54.5669961
        ],
        [
          -5.903389,
          54.5672801
        ],
        [
          -5.9035384,
          54.5673073
        ],
        [
          -5.9037598,
          54.5671742
        ],
        [
          -5.9042082,
          54.5668693
        ],
        [
          -5.9042857,
          54.5667971
        ],
        [
          -5.9049002,
          54.5664184
        ],
        [
          -5.9051797,
          54.5663831
        ],
        [
          -5.9051963,
          54.5660156
        ],
        [
          -5.9050496,
          54.5659306
        ],
        [
          -5.9048642,
          54.5656995
        ],
        [
          -5.9044601,
          54.5654524
        ]
      ]
    ]
  }
},
{
  "type": "Feature",
  "id": "way/405788041",
  "properties": {
    "landuse": "brownfield",
    "id": "way/405788041"
  },
  "geometry": {
    "type": "Polygon",
    "coordinates": [
      [
        [
          -5.9547086,
          54.5900264
        ],
        [
          -5.954658,
          54.5898488
        ],
        [
          -5.9544586,
          54.5891346
        ],
        [
          -5.9540715,
          54.5891224
        ],
        [
          -5.9535498,
          54.5891648
        ],
        [
          -5.9530697,
          54.5892076
        ],
        [
          -5.9533335,
          54.5899769
        ],
        [
          -5.9533847,
          54.5900463
        ],
        [
          -5.9535408,
          54.5906015
        ],
        [
          -5.954872,
          54.5904852
        ],
        [
          -5.9549456,
          54.5906578
        ],
        [
          -5.9560777,
          54.5900031
        ],
        [
          -5.9562854,
          54.5898223
        ],
        [
          -5.9547086,
          54.5900264
        ]
      ]
    ]
  }
},
{
  "type": "Feature",
  "id": "way/405788044",
  "properties": {
    "landuse": "construction",
    "id": "way/405788044"
  },
  "geometry": {
    "type": "Polygon",
    "coordinates": [
      [
        [
          -5.9562854,
          54.5898223
        ],
        [
          -5.9566825,
          54.5895587
        ],
        [
          -5.9569571,
          54.5894466
        ],
        [
          -5.9570381,
          54.5892275
        ],
        [
          -5.9569436,
          54.5888989
        ],
        [
          -5.9568041,
          54.5886877
        ],
        [
          -5.9561735,
          54.5888453
        ],
        [
          -5.9561778,
          54.5890068
        ],
        [
          -5.9562854,
          54.5898223
        ]
      ]
    ]
  }
},
{
  "type": "Feature",
  "id": "way/425085486",
  "properties": {
    "landuse": "brownfield",
    "id": "way/425085486"
  },
  "geometry": {
    "type": "Polygon",
    "coordinates": [
      [
        [
          -5.9219119,
          54.6361556
        ],
        [
          -5.9231535,
          54.6361785
        ],
        [
          -5.9231479,
          54.6353181
        ],
        [
          -5.9229705,
          54.63531
        ],
        [
          -5.9229378,
          54.6355019
        ],
        [
          -5.9209264,
          54.6354502
        ],
        [
          -5.9211436,
          54.6358062
        ],
        [
          -5.9219288,
          54.6358251
        ],
        [
          -5.9219119,
          54.6361556
        ]
      ]
    ]
  }
},
{
  "type": "Feature",
  "id": "way/428020632",
  "properties": {
    "landuse": "brownfield",
    "id": "way/428020632"
  },
  "geometry": {
    "type": "Polygon",
    "coordinates": [
      [
        [
          -5.9236954,
          54.592464
        ],
        [
          -5.9239449,
          54.5921633
        ],
        [
          -5.9239106,
          54.5918475
        ],
        [
          -5.9226178,
          54.5919045
        ],
        [
          -5.9224393,
          54.5919367
        ],
        [
          -5.9220849,
          54.5919574
        ],
        [
          -5.9215418,
          54.5919653
        ],
        [
          -5.9215439,
          54.5919179
        ],
        [
          -5.9213938,
          54.5919126
        ],
        [
          -5.9213145,
          54.591916
        ],
        [
          -5.9212413,
          54.5919678
        ],
        [
          -5.9210101,
          54.59228
        ],
        [
          -5.9217098,
          54.592454
        ],
        [
          -5.9217454,
          54.5924059
        ],
        [
          -5.9224122,
          54.5922858
        ],
        [
          -5.9225352,
          54.5923156
        ],
        [
          -5.922652,
          54.5922269
        ],
        [
          -5.9228106,
          54.5922175
        ],
        [
          -5.9233974,
          54.5923809
        ],
        [
          -5.9236954,
          54.592464
        ]
      ]
    ]
  }
},
{
  "type": "Feature",
  "id": "way/435331705",
  "properties": {
    "construction": "residential",
    "landuse": "residential",
    "name": "Magheralave Meadows",
    "operator": "Lagan Homes",
    "id": "way/435331705"
  },
  "geometry": {
    "type": "Polygon",
    "coordinates": [
      [
        [
          -6.0470094,
          54.5310085
        ],
        [
          -6.0487261,
          54.5307145
        ],
        [
          -6.0486844,
          54.5304712
        ],
        [
          -6.0514591,
          54.5299789
        ],
        [
          -6.0512995,
          54.5295914
        ],
        [
          -6.051177,
          54.5286821
        ],
        [
          -6.048539,
          54.5291928
        ],
        [
          -6.0480877,
          54.5292582
        ],
        [
          -6.047962,
          54.5292805
        ],
        [
          -6.0465242,
          54.5295547
        ],
        [
          -6.0451581,
          54.5292029
        ],
        [
          -6.0446913,
          54.5292863
        ],
        [
          -6.0451594,
          54.5302782
        ],
        [
          -6.0445847,
          54.5303027
        ],
        [
          -6.0449391,
          54.5306417
        ],
        [
          -6.0454565,
          54.5310555
        ],
        [
          -6.0454971,
          54.5312499
        ],
        [
          -6.0453572,
          54.5316492
        ],
        [
          -6.0456178,
          54.5317689
        ],
        [
          -6.0462177,
          54.5313588
        ],
        [
          -6.0464715,
          54.5312263
        ],
        [
          -6.0470094,
          54.5310085
        ]
      ]
    ]
  }
},
{
  "type": "Feature",
  "id": "way/440735698",
  "properties": {
    "construction": "building",
    "landuse": "construction",
    "id": "way/440735698"
  },
  "geometry": {
    "type": "Polygon",
    "coordinates": [
      [
        [
          -5.9331661,
          54.5952974
        ],
        [
          -5.9331981,
          54.5955352
        ],
        [
          -5.9333581,
          54.595528
        ],
        [
          -5.9333406,
          54.595375
        ],
        [
          -5.9336335,
          54.5953609
        ],
        [
          -5.9336213,
          54.5952758
        ],
        [
          -5.9335004,
          54.5952816
        ],
        [
          -5.9331661,
          54.5952974
        ]
      ]
    ]
  }
},
{
  "type": "Feature",
  "id": "way/455097203",
  "properties": {
    "landuse": "brownfield",
    "id": "way/455097203"
  },
  "geometry": {
    "type": "Polygon",
    "coordinates": [
      [
        [
          -5.9245705,
          54.6085753
        ],
        [
          -5.9241515,
          54.6084332
        ],
        [
          -5.9240302,
          54.6083843
        ],
        [
          -5.9228889,
          54.6094084
        ],
        [
          -5.9231506,
          54.6094789
        ],
        [
          -5.9233084,
          54.6094841
        ],
        [
          -5.9234753,
          54.6094972
        ],
        [
          -5.9236197,
          54.6094658
        ],
        [
          -5.9237776,
          54.6093953
        ],
        [
          -5.9245705,
          54.6085753
        ]
      ]
    ]
  }
},
{
  "type": "Feature",
  "id": "way/458717070",
  "properties": {
    "check_date": "2023-08-29",
    "construction": "residential",
    "landuse": "construction",
    "id": "way/458717070"
  },
  "geometry": {
    "type": "Polygon",
    "coordinates": [
      [
        [
          -5.8749654,
          54.5964088
        ],
        [
          -5.8751168,
          54.5959582
        ],
        [
          -5.8740827,
          54.595808
        ],
        [
          -5.873907,
          54.5962674
        ],
        [
          -5.8749654,
          54.5964088
        ]
      ]
    ]
  }
},
{
  "type": "Feature",
  "id": "way/468718412",
  "properties": {
    "landuse": "brownfield",
    "id": "way/468718412"
  },
  "geometry": {
    "type": "Polygon",
    "coordinates": [
      [
        [
          -5.9399151,
          54.6033519
        ],
        [
          -5.9399672,
          54.6031922
        ],
        [
          -5.9397944,
          54.6031723
        ],
        [
          -5.9398673,
          54.6029736
        ],
        [
          -5.9399301,
          54.6029799
        ],
        [
          -5.9399864,
          54.6026697
        ],
        [
          -5.9391442,
          54.6026485
        ],
        [
          -5.938922,
          54.6032825
        ],
        [
          -5.9399151,
          54.6033519
        ]
      ]
    ]
  }
},
{
  "type": "Feature",
  "id": "way/468718414",
  "properties": {
    "landuse": "brownfield",
    "id": "way/468718414"
  },
  "geometry": {
    "type": "Polygon",
    "coordinates": [
      [
        [
          -5.9391546,
          54.6025518
        ],
        [
          -5.9400013,
          54.6025653
        ],
        [
          -5.9400577,
          54.6023079
        ],
        [
          -5.9392826,
          54.6022025
        ],
        [
          -5.9391546,
          54.6025518
        ]
      ]
    ]
  }
},
{
  "type": "Feature",
  "id": "way/468718418",
  "properties": {
    "landuse": "brownfield",
    "id": "way/468718418"
  },
  "geometry": {
    "type": "Polygon",
    "coordinates": [
      [
        [
          -5.9589631,
          54.6053696
        ],
        [
          -5.9590971,
          54.6052962
        ],
        [
          -5.9591255,
          54.6052362
        ],
        [
          -5.959246,
          54.6050103
        ],
        [
          -5.9595641,
          54.6044809
        ],
        [
          -5.9596288,
          54.6044643
        ],
        [
          -5.9596826,
          54.6043647
        ],
        [
          -5.9586709,
          54.6041637
        ],
        [
          -5.9580761,
          54.604773
        ],
        [
          -5.9580761,
          54.6049936
        ],
        [
          -5.9589631,
          54.6053696
        ]
      ]
    ]
  }
},
{
  "type": "Feature",
  "id": "way/468723193",
  "properties": {
    "landuse": "brownfield",
    "id": "way/468723193"
  },
  "geometry": {
    "type": "Polygon",
    "coordinates": [
      [
        [
          -5.9498917,
          54.6011232
        ],
        [
          -5.9517747,
          54.6013328
        ],
        [
          -5.9520289,
          54.6006994
        ],
        [
          -5.9501086,
          54.6004815
        ],
        [
          -5.9498917,
          54.6011232
        ]
      ]
    ]
  }
},
{
  "type": "Feature",
  "id": "way/473372697",
  "properties": {
    "landuse": "brownfield",
    "id": "way/473372697"
  },
  "geometry": {
    "type": "Polygon",
    "coordinates": [
      [
        [
          -5.934468,
          54.5993432
        ],
        [
          -5.9343614,
          54.599339
        ],
        [
          -5.9343545,
          54.5993994
        ],
        [
          -5.9344611,
          54.5994035
        ],
        [
          -5.934468,
          54.5993432
        ]
      ]
    ]
  }
},
{
  "type": "Feature",
  "id": "way/480624888",
  "properties": {
    "addr:city": "Belfast",
    "addr:street": "York Road",
    "landuse": "brownfield",
    "id": "way/480624888"
  },
  "geometry": {
    "type": "Polygon",
    "coordinates": [
      [
        [
          -5.9247986,
          54.6157569
        ],
        [
          -5.9244616,
          54.6156702
        ],
        [
          -5.9244668,
          54.6159472
        ],
        [
          -5.9247422,
          54.6160138
        ],
        [
          -5.9247986,
          54.6157569
        ]
      ]
    ]
  }
},
{
  "type": "Feature",
  "id": "way/488290085",
  "properties": {
    "construction": "residential",
    "landuse": "construction",
    "old_name": "Primary School",
    "id": "way/488290085"
  },
  "geometry": {
    "type": "Polygon",
    "coordinates": [
      [
        [
          -6.0018165,
          54.5515933
        ],
        [
          -6.0013025,
          54.5511265
        ],
        [
          -6.0010179,
          54.5512342
        ],
        [
          -6.0008501,
          54.5513165
        ],
        [
          -6.0003067,
          54.5516123
        ],
        [
          -6.0012513,
          54.5518243
        ],
        [
          -6.001535,
          54.5516949
        ],
        [
          -6.0018165,
          54.5515933
        ]
      ]
    ]
  }
},
{
  "type": "Feature",
  "id": "way/507544990",
  "properties": {
    "landuse": "brownfield",
    "id": "way/507544990"
  },
  "geometry": {
    "type": "Polygon",
    "coordinates": [
      [
        [
          -5.9457755,
          54.5935387
        ],
        [
          -5.9457856,
          54.5934512
        ],
        [
          -5.9459235,
          54.5932244
        ],
        [
          -5.9458458,
          54.5932191
        ],
        [
          -5.9455997,
          54.5932036
        ],
        [
          -5.9455298,
          54.5931994
        ],
        [
          -5.9454772,
          54.5931961
        ],
        [
          -5.945237,
          54.5931772
        ],
        [
          -5.9448608,
          54.5935022
        ],
        [
          -5.9457755,
          54.5935387
        ]
      ]
    ]
  }
},
{
  "type": "Feature",
  "id": "way/507544992",
  "properties": {
    "landuse": "brownfield",
    "id": "way/507544992"
  },
  "geometry": {
    "type": "Polygon",
    "coordinates": [
      [
        [
          -5.9462121,
          54.5927613
        ],
        [
          -5.9462944,
          54.5926151
        ],
        [
          -5.9464186,
          54.5923852
        ],
        [
          -5.9464561,
          54.5922826
        ],
        [
          -5.9458737,
          54.5922365
        ],
        [
          -5.9458848,
          54.5923028
        ],
        [
          -5.9458231,
          54.5923416
        ],
        [
          -5.9455439,
          54.5926827
        ],
        [
          -5.9462121,
          54.5927613
        ]
      ]
    ]
  }
},
{
  "type": "Feature",
  "id": "way/515889218",
  "properties": {
    "landuse": "brownfield",
    "id": "way/515889218"
  },
  "geometry": {
    "type": "Polygon",
    "coordinates": [
      [
        [
          -5.9798353,
          54.6064624
        ],
        [
          -5.979513,
          54.6064284
        ],
        [
          -5.9794209,
          54.606479
        ],
        [
          -5.9788705,
          54.6064039
        ],
        [
          -5.9788678,
          54.6063263
        ],
        [
          -5.9785997,
          54.6062426
        ],
        [
          -5.9783138,
          54.606476
        ],
        [
          -5.9780173,
          54.6066755
        ],
        [
          -5.9773929,
          54.6070111
        ],
        [
          -5.9764145,
          54.6074728
        ],
        [
          -5.9757036,
          54.6077996
        ],
        [
          -5.9775723,
          54.6084207
        ],
        [
          -5.9794924,
          54.6090981
        ],
        [
          -5.9795884,
          54.6090377
        ],
        [
          -5.979727,
          54.6090428
        ],
        [
          -5.9797512,
          54.6078043
        ],
        [
          -5.9797606,
          54.607356
        ],
        [
          -5.9797895,
          54.6069077
        ],
        [
          -5.979918,
          54.6065666
        ],
        [
          -5.9798353,
          54.6064624
        ]
      ]
    ]
  }
},
{
  "type": "Feature",
  "id": "way/528727659",
  "properties": {
    "addr:housenumber": "55",
    "addr:street": "Ormeau Road",
    "building": "apartments",
    "construction": "building",
    "name": "Portland 88",
    "id": "way/528727659"
  },
  "geometry": {
    "type": "Polygon",
    "coordinates": [
      [
        [
          -5.9249774,
          54.5894654
        ],
        [
          -5.9251725,
          54.5898899
        ],
        [
          -5.9257185,
          54.5898056
        ],
        [
          -5.9255234,
          54.5893811
        ],
        [
          -5.9249774,
          54.5894654
        ]
      ]
    ]
  }
},
{
  "type": "Feature",
  "id": "way/532318565",
  "properties": {
    "building": "construction",
    "check_date": "2024-05-28",
    "construction": "hotel",
    "id": "way/532318565"
  },
  "geometry": {
    "type": "Polygon",
    "coordinates": [
      [
        [
          -5.9312836,
          54.5958523
        ],
        [
          -5.93124,
          54.5954697
        ],
        [
          -5.9306883,
          54.5954908
        ],
        [
          -5.9306993,
          54.5955868
        ],
        [
          -5.9307142,
          54.5957181
        ],
        [
          -5.9307222,
          54.5957882
        ],
        [
          -5.9307319,
          54.5958734
        ],
        [
          -5.9312836,
          54.5958523
        ]
      ]
    ]
  }
},
{
  "type": "Feature",
  "id": "way/542595066",
  "properties": {
    "landuse": "brownfield",
    "id": "way/542595066"
  },
  "geometry": {
    "type": "Polygon",
    "coordinates": [
      [
        [
          -6.0027237,
          54.5509209
        ],
        [
          -6.0024331,
          54.5509941
        ],
        [
          -6.002616,
          54.5512399
        ],
        [
          -6.0026585,
          54.551258
        ],
        [
          -6.0027053,
          54.5512563
        ],
        [
          -6.0028386,
          54.5512298
        ],
        [
          -6.002734,
          54.5510954
        ],
        [
          -6.0028047,
          54.5510769
        ],
        [
          -6.0028196,
          54.5510945
        ],
        [
          -6.0028589,
          54.551085
        ],
        [
          -6.0027237,
          54.5509209
        ]
      ]
    ]
  }
},
{
  "type": "Feature",
  "id": "way/544359343",
  "properties": {
    "landuse": "brownfield",
    "id": "way/544359343"
  },
  "geometry": {
    "type": "Polygon",
    "coordinates": [
      [
        [
          -5.9508184,
          54.5911248
        ],
        [
          -5.9510473,
          54.5916759
        ],
        [
          -5.9514764,
          54.5916219
        ],
        [
          -5.9519192,
          54.5914209
        ],
        [
          -5.9517632,
          54.5909868
        ],
        [
          -5.9508184,
          54.5911248
        ]
      ]
    ]
  }
},
{
  "type": "Feature",
  "id": "way/550734852",
  "properties": {
    "landuse": "brownfield",
    "surface": "gravel",
    "id": "way/550734852"
  },
  "geometry": {
    "type": "Polygon",
    "coordinates": [
      [
        [
          -5.9346947,
          54.6619873
        ],
        [
          -5.935137,
          54.6628493
        ],
        [
          -5.9370472,
          54.6625054
        ],
        [
          -5.9369244,
          54.6622698
        ],
        [
          -5.9366005,
          54.6616482
        ],
        [
          -5.9364923,
          54.6616675
        ],
        [
          -5.9346947,
          54.6619873
        ]
      ]
    ]
  }
},
{
  "type": "Feature",
  "id": "way/553567514",
  "properties": {
    "landuse": "brownfield",
    "id": "way/553567514"
  },
  "geometry": {
    "type": "Polygon",
    "coordinates": [
      [
        [
          -5.8834034,
          54.6219964
        ],
        [
          -5.8840059,
          54.6213908
        ],
        [
          -5.8826516,
          54.6209636
        ],
        [
          -5.8820912,
          54.6215828
        ],
        [
          -5.8834034,
          54.6219964
        ]
      ]
    ]
  }
},
{
  "type": "Feature",
  "id": "way/553567515",
  "properties": {
    "landuse": "brownfield",
    "id": "way/553567515"
  },
  "geometry": {
    "type": "Polygon",
    "coordinates": [
      [
        [
          -5.8831653,
          54.6220857
        ],
        [
          -5.8819697,
          54.6216855
        ],
        [
          -5.8817222,
          54.621964
        ],
        [
          -5.8827823,
          54.6224263
        ],
        [
          -5.8831653,
          54.6220857
        ]
      ]
    ]
  }
},
{
  "type": "Feature",
  "id": "way/553572760",
  "properties": {
    "landuse": "brownfield",
    "id": "way/553572760"
  },
  "geometry": {
    "type": "Polygon",
    "coordinates": [
      [
        [
          -5.8784484,
          54.6242006
        ],
        [
          -5.8800898,
          54.6230128
        ],
        [
          -5.8793277,
          54.6226734
        ],
        [
          -5.8805327,
          54.6217796
        ],
        [
          -5.8804155,
          54.6217344
        ],
        [
          -5.8774454,
          54.6215383
        ],
        [
          -5.8776994,
          54.6218174
        ],
        [
          -5.8776227,
          54.6219206
        ],
        [
          -5.876527,
          54.6233974
        ],
        [
          -5.8784484,
          54.6242006
        ]
      ]
    ]
  }
},
{
  "type": "Feature",
  "id": "way/553572761",
  "properties": {
    "construction": "industrial",
    "landuse": "construction",
    "id": "way/553572761"
  },
  "geometry": {
    "type": "Polygon",
    "coordinates": [
      [
        [
          -5.876527,
          54.6233974
        ],
        [
          -5.8776227,
          54.6219206
        ],
        [
          -5.8764042,
          54.6211709
        ],
        [
          -5.8761139,
          54.6209923
        ],
        [
          -5.8742085,
          54.6202434
        ],
        [
          -5.8736248,
          54.620749
        ],
        [
          -5.8746522,
          54.6210843
        ],
        [
          -5.8736871,
          54.6220763
        ],
        [
          -5.8737501,
          54.6221151
        ],
        [
          -5.8734147,
          54.6223364
        ],
        [
          -5.8745849,
          54.6227281
        ],
        [
          -5.8746891,
          54.6226678
        ],
        [
          -5.876527,
          54.6233974
        ]
      ]
    ]
  }
},
{
  "type": "Feature",
  "id": "way/555780176",
  "properties": {
    "landuse": "construction",
    "id": "way/555780176"
  },
  "geometry": {
    "type": "Polygon",
    "coordinates": [
      [
        [
          -5.994671,
          54.5950073
        ],
        [
          -5.9951,
          54.5943956
        ],
        [
          -5.9956954,
          54.5925504
        ],
        [
          -5.9945029,
          54.5923079
        ],
        [
          -5.9940223,
          54.5925874
        ],
        [
          -5.9937227,
          54.5926006
        ],
        [
          -5.9923452,
          54.5945706
        ],
        [
          -5.9926724,
          54.5947255
        ],
        [
          -5.9929457,
          54.5948086
        ],
        [
          -5.9933421,
          54.5950207
        ],
        [
          -5.9933458,
          54.5949305
        ],
        [
          -5.9934122,
          54.5949312
        ],
        [
          -5.993479,
          54.5949332
        ],
        [
          -5.9937239,
          54.5947549
        ],
        [
          -5.9941419,
          54.5948885
        ],
        [
          -5.9941996,
          54.5948371
        ],
        [
          -5.994671,
          54.5950073
        ]
      ]
    ]
  }
},
{
  "type": "Feature",
  "id": "way/575990460",
  "properties": {
    "construction": "hospital",
    "landuse": "construction",
    "name": "New Children's Hospital",
    "id": "way/575990460"
  },
  "geometry": {
    "type": "Polygon",
    "coordinates": [
      [
        [
          -5.9564906,
          54.5939889
        ],
        [
          -5.9565593,
          54.5939777
        ],
        [
          -5.9566621,
          54.5939816
        ],
        [
          -5.9567953,
          54.594009
        ],
        [
          -5.9568347,
          54.5940028
        ],
        [
          -5.9571242,
          54.5937856
        ],
        [
          -5.9578228,
          54.5935183
        ],
        [
          -5.9575941,
          54.5932846
        ],
        [
          -5.9575205,
          54.5932473
        ],
        [
          -5.9574542,
          54.5932375
        ],
        [
          -5.9573487,
          54.5932765
        ],
        [
          -5.9572697,
          54.5932137
        ],
        [
          -5.9571297,
          54.5932621
        ],
        [
          -5.9570292,
          54.5933061
        ],
        [
          -5.9569709,
          54.5933344
        ],
        [
          -5.9569051,
          54.5933801
        ],
        [
          -5.9567847,
          54.5933498
        ],
        [
          -5.9565471,
          54.5932223
        ],
        [
          -5.9563628,
          54.5936507
        ],
        [
          -5.956265,
          54.5937224
        ],
        [
          -5.9561148,
          54.5939336
        ],
        [
          -5.9562008,
          54.5939381
        ],
        [
          -5.9563899,
          54.5940365
        ],
        [
          -5.9564226,
          54.5940156
        ],
        [
          -5.9564906,
          54.5939889
        ]
      ]
    ]
  }
},
{
  "type": "Feature",
  "id": "way/579543547",
  "properties": {
    "construction": "residential",
    "landuse": "construction",
    "id": "way/579543547"
  },
  "geometry": {
    "type": "Polygon",
    "coordinates": [
      [
        [
          -5.9364982,
          54.5436108
        ],
        [
          -5.9367568,
          54.5438316
        ],
        [
          -5.9397495,
          54.5433657
        ],
        [
          -5.939412,
          54.5428395
        ],
        [
          -5.9387476,
          54.5426445
        ],
        [
          -5.9379845,
          54.5431606
        ],
        [
          -5.9373874,
          54.5433304
        ],
        [
          -5.9372173,
          54.5432019
        ],
        [
          -5.937502,
          54.5430115
        ],
        [
          -5.9375455,
          54.5427363
        ],
        [
          -5.9372648,
          54.5426009
        ],
        [
          -5.9368219,
          54.5424105
        ],
        [
          -5.9373189,
          54.5422164
        ],
        [
          -5.9375609,
          54.5420573
        ],
        [
          -5.9370074,
          54.5418532
        ],
        [
          -5.9367332,
          54.5417725
        ],
        [
          -5.93658,
          54.5421573
        ],
        [
          -5.9366647,
          54.5422007
        ],
        [
          -5.9365611,
          54.542274
        ],
        [
          -5.9366307,
          54.5423089
        ],
        [
          -5.9366376,
          54.5423522
        ],
        [
          -5.9364515,
          54.5424349
        ],
        [
          -5.9363289,
          54.5425384
        ],
        [
          -5.9368298,
          54.5432703
        ],
        [
          -5.9364982,
          54.5436108
        ]
      ]
    ]
  }
},
{
  "type": "Feature",
  "id": "way/590526158",
  "properties": {
    "landuse": "construction",
    "id": "way/590526158"
  },
  "geometry": {
    "type": "Polygon",
    "coordinates": [
      [
        [
          -5.931565,
          54.6063346
        ],
        [
          -5.9316672,
          54.6061913
        ],
        [
          -5.9316763,
          54.6061097
        ],
        [
          -5.9316195,
          54.6060295
        ],
        [
          -5.9315059,
          54.6059834
        ],
        [
          -5.9311857,
          54.6058913
        ],
        [
          -5.9310926,
          54.6059163
        ],
        [
          -5.9309359,
          54.6060992
        ],
        [
          -5.931565,
          54.6063346
        ]
      ]
    ]
  }
},
{
  "type": "Feature",
  "id": "way/591596325",
  "properties": {
    "landuse": "brownfield",
    "id": "way/591596325"
  },
  "geometry": {
    "type": "Polygon",
    "coordinates": [
      [
        [
          -5.9327687,
          54.6026801
        ],
        [
          -5.932736,
          54.6026719
        ],
        [
          -5.9326935,
          54.6026612
        ],
        [
          -5.9327378,
          54.6026021
        ],
        [
          -5.9326038,
          54.6025684
        ],
        [
          -5.9324808,
          54.6027323
        ],
        [
          -5.9323595,
          54.6027017
        ],
        [
          -5.9325054,
          54.6025073
        ],
        [
          -5.9325508,
          54.6024469
        ],
        [
          -5.9324174,
          54.60241
        ],
        [
          -5.9321806,
          54.6023446
        ],
        [
          -5.9320117,
          54.6022979
        ],
        [
          -5.931852,
          54.6022538
        ],
        [
          -5.9318106,
          54.6022513
        ],
        [
          -5.9317169,
          54.6023663
        ],
        [
          -5.9316687,
          54.6024254
        ],
        [
          -5.9317803,
          54.602456
        ],
        [
          -5.9317192,
          54.6025308
        ],
        [
          -5.9316666,
          54.6025953
        ],
        [
          -5.9316124,
          54.6026617
        ],
        [
          -5.9315807,
          54.6027005
        ],
        [
          -5.931552,
          54.6026927
        ],
        [
          -5.9315053,
          54.60275
        ],
        [
          -5.9321349,
          54.6029356
        ],
        [
          -5.9321474,
          54.6029393
        ],
        [
          -5.9321663,
          54.6029449
        ],
        [
          -5.9322791,
          54.6029783
        ],
        [
          -5.9323758,
          54.6030068
        ],
        [
          -5.9324386,
          54.6030254
        ],
        [
          -5.9324979,
          54.6030277
        ],
        [
          -5.932603,
          54.6028928
        ],
        [
          -5.9327123,
          54.6027525
        ],
        [
          -5.9327687,
          54.6026801
        ]
      ]
    ]
  }
},
{
  "type": "Feature",
  "id": "way/591596333",
  "properties": {
    "landuse": "construction",
    "id": "way/591596333"
  },
  "geometry": {
    "type": "Polygon",
    "coordinates": [
      [
        [
          -5.9331977,
          54.6037778
        ],
        [
          -5.932966,
          54.6037076
        ],
        [
          -5.9327951,
          54.6039072
        ],
        [
          -5.932773,
          54.6038992
        ],
        [
          -5.9325827,
          54.6041085
        ],
        [
          -5.9323814,
          54.6041963
        ],
        [
          -5.9325772,
          54.6044024
        ],
        [
          -5.9326126,
          54.6043668
        ],
        [
          -5.932626,
          54.6043533
        ],
        [
          -5.9331977,
          54.6037778
        ]
      ]
    ]
  }
},
{
  "type": "Feature",
  "id": "way/609208570",
  "properties": {
    "landuse": "brownfield",
    "id": "way/609208570"
  },
  "geometry": {
    "type": "Polygon",
    "coordinates": [
      [
        [
          -5.9416795,
          54.5430115
        ],
        [
          -5.9414707,
          54.5429889
        ],
        [
          -5.9413928,
          54.5429396
        ],
        [
          -5.941315,
          54.5427733
        ],
        [
          -5.9413114,
          54.5425023
        ],
        [
          -5.9408195,
          54.5424099
        ],
        [
          -5.940028,
          54.5430152
        ],
        [
          -5.9404688,
          54.5432136
        ],
        [
          -5.940557,
          54.5432426
        ],
        [
          -5.9416331,
          54.5430724
        ],
        [
          -5.9416795,
          54.5430115
        ]
      ]
    ]
  }
},
{
  "type": "Feature",
  "id": "way/619133185",
  "properties": {
    "landuse": "brownfield",
    "id": "way/619133185"
  },
  "geometry": {
    "type": "Polygon",
    "coordinates": [
      [
        [
          -5.9332551,
          54.6240623
        ],
        [
          -5.9329915,
          54.6241566
        ],
        [
          -5.9327526,
          54.6239987
        ],
        [
          -5.9327377,
          54.6246165
        ],
        [
          -5.9330917,
          54.6246072
        ],
        [
          -5.9331078,
          54.6244613
        ],
        [
          -5.9331775,
          54.6242718
        ],
        [
          -5.9332419,
          54.6241818
        ],
        [
          -5.9332795,
          54.6241259
        ],
        [
          -5.9332551,
          54.6240623
        ]
      ]
    ]
  }
},
{
  "type": "Feature",
  "id": "way/619133186",
  "properties": {
    "landuse": "brownfield",
    "id": "way/619133186"
  },
  "geometry": {
    "type": "Polygon",
    "coordinates": [
      [
        [
          -5.9329867,
          54.6232127
        ],
        [
          -5.9326487,
          54.6231835
        ],
        [
          -5.9326052,
          54.6233526
        ],
        [
          -5.9329432,
          54.6233817
        ],
        [
          -5.9329867,
          54.6232127
        ]
      ]
    ]
  }
},
{
  "type": "Feature",
  "id": "way/619133187",
  "properties": {
    "landuse": "brownfield",
    "id": "way/619133187"
  },
  "geometry": {
    "type": "Polygon",
    "coordinates": [
      [
        [
          -5.9332928,
          54.6235809
        ],
        [
          -5.9332073,
          54.623533
        ],
        [
          -5.9329315,
          54.6235234
        ],
        [
          -5.9328929,
          54.6235841
        ],
        [
          -5.9330418,
          54.6236735
        ],
        [
          -5.933199,
          54.6235809
        ],
        [
          -5.9332928,
          54.6235809
        ]
      ]
    ]
  }
},
{
  "type": "Feature",
  "id": "way/631622592",
  "properties": {
    "landuse": "construction",
    "id": "way/631622592"
  },
  "geometry": {
    "type": "Polygon",
    "coordinates": [
      [
        [
          -6.0182139,
          54.552925
        ],
        [
          -6.0180277,
          54.5528973
        ],
        [
          -6.0178091,
          54.5528535
        ],
        [
          -6.0175779,
          54.5528072
        ],
        [
          -6.0173277,
          54.5528265
        ],
        [
          -6.0171739,
          54.5530196
        ],
        [
          -6.0172156,
          54.5530574
        ],
        [
          -6.0174348,
          54.5530075
        ],
        [
          -6.0174791,
          54.5530045
        ],
        [
          -6.0179461,
          54.553121
        ],
        [
          -6.0179331,
          54.5531391
        ],
        [
          -6.0179774,
          54.5531512
        ],
        [
          -6.0180357,
          54.5530681
        ],
        [
          -6.0181006,
          54.5530525
        ],
        [
          -6.0181323,
          54.5530369
        ],
        [
          -6.0182139,
          54.552925
        ]
      ]
    ]
  }
},
{
  "type": "Feature",
  "id": "way/642194807",
  "properties": {
    "landuse": "construction",
    "id": "way/642194807"
  },
  "geometry": {
    "type": "Polygon",
    "coordinates": [
      [
        [
          -5.825931,
          54.5532142
        ],
        [
          -5.8256928,
          54.5525507
        ],
        [
          -5.825422,
          54.5528053
        ],
        [
          -5.8245861,
          54.5526076
        ],
        [
          -5.8246935,
          54.5526644
        ],
        [
          -5.8247355,
          54.552724
        ],
        [
          -5.8247729,
          54.5527999
        ],
        [
          -5.8248009,
          54.5528622
        ],
        [
          -5.8248382,
          54.5529217
        ],
        [
          -5.8248663,
          54.5529705
        ],
        [
          -5.8248803,
          54.5529949
        ],
        [
          -5.8249923,
          54.5530382
        ],
        [
          -5.8250671,
          54.5530734
        ],
        [
          -5.8251651,
          54.5531059
        ],
        [
          -5.825464,
          54.5531817
        ],
        [
          -5.8259077,
          54.5532819
        ],
        [
          -5.825931,
          54.5532142
        ]
      ]
    ]
  }
},
{
  "type": "Feature",
  "id": "way/661702754",
  "properties": {
    "landuse": "brownfield",
    "id": "way/661702754"
  },
  "geometry": {
    "type": "Polygon",
    "coordinates": [
      [
        [
          -5.9099474,
          54.5770762
        ],
        [
          -5.9098562,
          54.5773824
        ],
        [
          -5.9106394,
          54.5776358
        ],
        [
          -5.9110203,
          54.5777633
        ],
        [
          -5.9116211,
          54.5778519
        ],
        [
          -5.9122031,
          54.5778939
        ],
        [
          -5.9121387,
          54.5773809
        ],
        [
          -5.9115862,
          54.57737
        ],
        [
          -5.9110122,
          54.577314
        ],
        [
          -5.9106555,
          54.5772643
        ],
        [
          -5.9103014,
          54.5771547
        ],
        [
          -5.9099474,
          54.5770762
        ]
      ]
    ]
  }
},
{
  "type": "Feature",
  "id": "way/666332157",
  "properties": {
    "landuse": "brownfield",
    "id": "way/666332157"
  },
  "geometry": {
    "type": "Polygon",
    "coordinates": [
      [
        [
          -5.8948824,
          54.6169581
        ],
        [
          -5.8945866,
          54.6168047
        ],
        [
          -5.894488,
          54.6167832
        ],
        [
          -5.8943833,
          54.6167868
        ],
        [
          -5.8943155,
          54.6168189
        ],
        [
          -5.8930831,
          54.6190347
        ],
        [
          -5.8940567,
          54.618949
        ],
        [
          -5.8948824,
          54.6169581
        ]
      ]
    ]
  }
},
{
  "type": "Feature",
  "id": "way/666332158",
  "properties": {
    "landuse": "brownfield",
    "id": "way/666332158"
  },
  "geometry": {
    "type": "Polygon",
    "coordinates": [
      [
        [
          -5.8927056,
          54.6158608
        ],
        [
          -5.8921112,
          54.6163951
        ],
        [
          -5.8939001,
          54.6169977
        ],
        [
          -5.8941461,
          54.6166006
        ],
        [
          -5.8927056,
          54.6158608
        ]
      ]
    ]
  }
},
{
  "type": "Feature",
  "id": "way/667333220",
  "properties": {
    "addr:city": "Belfast",
    "addr:street": "Lisburn Road",
    "building": "commercial",
    "construction": "yes",
    "id": "way/667333220"
  },
  "geometry": {
    "type": "Polygon",
    "coordinates": [
      [
        [
          -5.9489846,
          54.5803044
        ],
        [
          -5.9490289,
          54.5803206
        ],
        [
          -5.9490849,
          54.580279
        ],
        [
          -5.9490421,
          54.5802603
        ],
        [
          -5.9491343,
          54.5801896
        ],
        [
          -5.9491785,
          54.5802104
        ],
        [
          -5.9492388,
          54.5801604
        ],
        [
          -5.9491971,
          54.5801414
        ],
        [
          -5.9486429,
          54.5799991
        ],
        [
          -5.9486243,
          54.5800235
        ],
        [
          -5.9485662,
          54.5800086
        ],
        [
          -5.9484666,
          54.5801389
        ],
        [
          -5.948516,
          54.5801516
        ],
        [
          -5.9484943,
          54.5801801
        ],
        [
          -5.9489846,
          54.5803044
        ]
      ]
    ]
  }
},
{
  "type": "Feature",
  "id": "way/682959199",
  "properties": {
    "landuse": "brownfield",
    "id": "way/682959199"
  },
  "geometry": {
    "type": "Polygon",
    "coordinates": [
      [
        [
          -5.9231801,
          54.6550187
        ],
        [
          -5.922819,
          54.6552489
        ],
        [
          -5.9218043,
          54.6560442
        ],
        [
          -5.9217982,
          54.6560524
        ],
        [
          -5.9217781,
          54.6560794
        ],
        [
          -5.9216696,
          54.6562244
        ],
        [
          -5.9216645,
          54.6562313
        ],
        [
          -5.9216541,
          54.6562623
        ],
        [
          -5.9216401,
          54.6563042
        ],
        [
          -5.9216263,
          54.6563455
        ],
        [
          -5.9216152,
          54.6563788
        ],
        [
          -5.9216012,
          54.6565139
        ],
        [
          -5.9215987,
          54.6565382
        ],
        [
          -5.9216399,
          54.6568118
        ],
        [
          -5.9216667,
          54.6568895
        ],
        [
          -5.9216974,
          54.6569783
        ],
        [
          -5.9217111,
          54.6569998
        ],
        [
          -5.9217605,
          54.6570775
        ],
        [
          -5.9219608,
          54.657171
        ],
        [
          -5.9220481,
          54.6571984
        ],
        [
          -5.9220922,
          54.6571686
        ],
        [
          -5.9220717,
          54.6570497
        ],
        [
          -5.9222485,
          54.6570211
        ],
        [
          -5.9223661,
          54.6568693
        ],
        [
          -5.9218823,
          54.6566551
        ],
        [
          -5.9220229,
          54.6565129
        ],
        [
          -5.9223909,
          54.6562278
        ],
        [
          -5.9222685,
          54.6561749
        ],
        [
          -5.9229977,
          54.6556098
        ],
        [
          -5.9233928,
          54.6553644
        ],
        [
          -5.9235952,
          54.6552245
        ],
        [
          -5.9232793,
          54.6550532
        ],
        [
          -5.9231801,
          54.6550187
        ]
      ]
    ]
  }
},
{
  "type": "Feature",
  "id": "way/708827005",
  "properties": {
    "landuse": "construction",
    "name": "Hillview",
    "note": "Extent approximated from Bing aerial imagery. Change landuse value to \"residential\" if construction is complete.",
    "id": "way/708827005"
  },
  "geometry": {
    "type": "Polygon",
    "coordinates": [
      [
        [
          -5.8281344,
          54.5361264
        ],
        [
          -5.8272654,
          54.5366679
        ],
        [
          -5.8287352,
          54.5379471
        ],
        [
          -5.8288854,
          54.5378195
        ],
        [
          -5.8291751,
          54.5375518
        ],
        [
          -5.8295667,
          54.5372219
        ],
        [
          -5.8300227,
          54.5369325
        ],
        [
          -5.8304519,
          54.5367333
        ],
        [
          -5.8306074,
          54.5365497
        ],
        [
          -5.8305913,
          54.5363661
        ],
        [
          -5.8310849,
          54.5360175
        ],
        [
          -5.8316749,
          54.5361669
        ],
        [
          -5.8323294,
          54.5353545
        ],
        [
          -5.8315355,
          54.5346106
        ],
        [
          -5.8309454,
          54.5342994
        ],
        [
          -5.8307764,
          54.5343616
        ],
        [
          -5.8308166,
          54.5344986
        ],
        [
          -5.8308247,
          54.5346293
        ],
        [
          -5.8306986,
          54.5348877
        ],
        [
          -5.8305377,
          54.5352752
        ],
        [
          -5.8299866,
          54.5353169
        ],
        [
          -5.830012,
          54.5354533
        ],
        [
          -5.8298993,
          54.5354635
        ],
        [
          -5.8298296,
          54.5355483
        ],
        [
          -5.82978,
          54.5355265
        ],
        [
          -5.8297236,
          54.5357428
        ],
        [
          -5.8289981,
          54.5361264
        ],
        [
          -5.8285475,
          54.5363567
        ],
        [
          -5.8281344,
          54.5361264
        ]
      ]
    ]
  }
},
{
  "type": "Feature",
  "id": "way/712063892",
  "properties": {
    "landuse": "construction",
    "id": "way/712063892"
  },
  "geometry": {
    "type": "Polygon",
    "coordinates": [
      [
        [
          -5.9274804,
          54.6042229
        ],
        [
          -5.9276682,
          54.6040145
        ],
        [
          -5.9273257,
          54.603911
        ],
        [
          -5.927138,
          54.6041194
        ],
        [
          -5.9274804,
          54.6042229
        ]
      ]
    ]
  }
},
{
  "type": "Feature",
  "id": "way/794459318",
  "properties": {
    "landuse": "brownfield",
    "id": "way/794459318"
  },
  "geometry": {
    "type": "Polygon",
    "coordinates": [
      [
        [
          -6.011567,
          54.5395141
        ],
        [
          -6.0107568,
          54.5388822
        ],
        [
          -6.0105358,
          54.5387217
        ],
        [
          -6.0103103,
          54.5388286
        ],
        [
          -6.0103749,
          54.5388855
        ],
        [
          -6.0111782,
          54.5395936
        ],
        [
          -6.0112344,
          54.5396475
        ],
        [
          -6.0112716,
          54.5396436
        ],
        [
          -6.011567,
          54.5395141
        ]
      ]
    ]
  }
},
{
  "type": "Feature",
  "id": "way/834614243",
  "properties": {
    "check_date": "2020-07-21",
    "construction": "residential",
    "landuse": "residential",
    "id": "way/834614243"
  },
  "geometry": {
    "type": "Polygon",
    "coordinates": [
      [
        [
          -6.0155518,
          54.5430372
        ],
        [
          -6.0156174,
          54.5430193
        ],
        [
          -6.0157825,
          54.5429187
        ],
        [
          -6.0160133,
          54.5428002
        ],
        [
          -6.0162029,
          54.5427173
        ],
        [
          -6.0163893,
          54.5426091
        ],
        [
          -6.0163182,
          54.5424474
        ],
        [
          -6.0163055,
          54.5423872
        ],
        [
          -6.0162426,
          54.5423668
        ],
        [
          -6.0160658,
          54.5423667
        ],
        [
          -6.0156474,
          54.5425109
        ],
        [
          -6.015439,
          54.5423305
        ],
        [
          -6.0149247,
          54.5426196
        ],
        [
          -6.0155518,
          54.5430372
        ]
      ]
    ]
  }
},
{
  "type": "Feature",
  "id": "way/846680283",
  "properties": {
    "landuse": "brownfield",
    "id": "way/846680283"
  },
  "geometry": {
    "type": "Polygon",
    "coordinates": [
      [
        [
          -5.9416495,
          54.6036654
        ],
        [
          -5.9406528,
          54.6035874
        ],
        [
          -5.9405466,
          54.6036345
        ],
        [
          -5.9404631,
          54.6037928
        ],
        [
          -5.9404947,
          54.6038333
        ],
        [
          -5.940567,
          54.6038621
        ],
        [
          -5.9410842,
          54.6038974
        ],
        [
          -5.9411271,
          54.6039223
        ],
        [
          -5.9415901,
          54.6039615
        ],
        [
          -5.9416495,
          54.6036654
        ]
      ]
    ]
  }
},
{
  "type": "Feature",
  "id": "way/919227265",
  "properties": {
    "landuse": "brownfield",
    "id": "way/919227265"
  },
  "geometry": {
    "type": "Polygon",
    "coordinates": [
      [
        [
          -5.9268868,
          54.6178911
        ],
        [
          -5.927104,
          54.6175696
        ],
        [
          -5.9253982,
          54.6171502
        ],
        [
          -5.9251729,
          54.6174702
        ],
        [
          -5.9268868,
          54.6178911
        ]
      ]
    ]
  }
},
{
  "type": "Feature",
  "id": "way/919227266",
  "properties": {
    "landuse": "brownfield",
    "id": "way/919227266"
  },
  "geometry": {
    "type": "Polygon",
    "coordinates": [
      [
        [
          -5.9261478,
          54.6190666
        ],
        [
          -5.9266393,
          54.6183207
        ],
        [
          -5.9265703,
          54.6183073
        ],
        [
          -5.9248155,
          54.6179617
        ],
        [
          -5.9243298,
          54.618663
        ],
        [
          -5.9245937,
          54.6187216
        ],
        [
          -5.9261478,
          54.6190666
        ]
      ]
    ]
  }
},
{
  "type": "Feature",
  "id": "way/919227267",
  "properties": {
    "landuse": "brownfield",
    "id": "way/919227267"
  },
  "geometry": {
    "type": "Polygon",
    "coordinates": [
      [
        [
          -5.9234795,
          54.619112
        ],
        [
          -5.9235132,
          54.6192366
        ],
        [
          -5.9235388,
          54.6192446
        ],
        [
          -5.9235782,
          54.6192429
        ],
        [
          -5.9236072,
          54.6192275
        ],
        [
          -5.923708,
          54.6191044
        ],
        [
          -5.9237963,
          54.6189834
        ],
        [
          -5.924082,
          54.6185738
        ],
        [
          -5.9245704,
          54.6179266
        ],
        [
          -5.9239265,
          54.6178037
        ],
        [
          -5.9236773,
          54.6182865
        ],
        [
          -5.9236014,
          54.6184518
        ],
        [
          -5.9234888,
          54.6187219
        ],
        [
          -5.923458,
          54.618873
        ],
        [
          -5.9234741,
          54.6188763
        ],
        [
          -5.9234567,
          54.6189721
        ],
        [
          -5.9234795,
          54.619112
        ]
      ]
    ]
  }
},
{
  "type": "Feature",
  "id": "way/919238403",
  "properties": {
    "landuse": "brownfield",
    "id": "way/919238403"
  },
  "geometry": {
    "type": "Polygon",
    "coordinates": [
      [
        [
          -5.9337013,
          54.6184624
        ],
        [
          -5.9337512,
          54.6181262
        ],
        [
          -5.933569,
          54.6181182
        ],
        [
          -5.9335924,
          54.6179741
        ],
        [
          -5.9335189,
          54.6179478
        ],
        [
          -5.9332313,
          54.6181813
        ],
        [
          -5.9331005,
          54.6182947
        ],
        [
          -5.9335296,
          54.6184624
        ],
        [
          -5.9337013,
          54.6184624
        ]
      ]
    ]
  }
},
{
  "type": "Feature",
  "id": "way/919238413",
  "properties": {
    "landuse": "brownfield",
    "id": "way/919238413"
  },
  "geometry": {
    "type": "Polygon",
    "coordinates": [
      [
        [
          -5.9315271,
          54.6175798
        ],
        [
          -5.9314932,
          54.6176084
        ],
        [
          -5.9314401,
          54.6176522
        ],
        [
          -5.9331005,
          54.6182947
        ],
        [
          -5.9332313,
          54.6181813
        ],
        [
          -5.9329065,
          54.6180499
        ],
        [
          -5.9330229,
          54.617955
        ],
        [
          -5.9318517,
          54.6174949
        ],
        [
          -5.9326401,
          54.6168733
        ],
        [
          -5.9324489,
          54.6168027
        ],
        [
          -5.9315271,
          54.6175798
        ]
      ]
    ]
  }
},
{
  "type": "Feature",
  "id": "way/919238416",
  "properties": {
    "landuse": "brownfield",
    "id": "way/919238416"
  },
  "geometry": {
    "type": "Polygon",
    "coordinates": [
      [
        [
          -5.9286454,
          54.6157983
        ],
        [
          -5.928306,
          54.6156783
        ],
        [
          -5.9278696,
          54.616031
        ],
        [
          -5.9279262,
          54.6161415
        ],
        [
          -5.9304793,
          54.6168432
        ],
        [
          -5.9306852,
          54.6169003
        ],
        [
          -5.9307852,
          54.6167673
        ],
        [
          -5.9300127,
          54.6164722
        ],
        [
          -5.9299054,
          54.616612
        ],
        [
          -5.9294924,
          54.6165126
        ],
        [
          -5.9295353,
          54.616438
        ],
        [
          -5.9292295,
          54.6163697
        ],
        [
          -5.9292724,
          54.616292
        ],
        [
          -5.9288325,
          54.6161553
        ],
        [
          -5.9285214,
          54.6160031
        ],
        [
          -5.9286454,
          54.6157983
        ]
      ]
    ]
  }
},
{
  "type": "Feature",
  "id": "way/919238421",
  "properties": {
    "landuse": "brownfield",
    "id": "way/919238421"
  },
  "geometry": {
    "type": "Polygon",
    "coordinates": [
      [
        [
          -5.9273574,
          54.6161036
        ],
        [
          -5.9272507,
          54.616255
        ],
        [
          -5.9274784,
          54.6163076
        ],
        [
          -5.9276256,
          54.6163095
        ],
        [
          -5.9275776,
          54.6162213
        ],
        [
          -5.9275468,
          54.6162253
        ],
        [
          -5.9275022,
          54.6161362
        ],
        [
          -5.9273574,
          54.6161036
        ]
      ]
    ]
  }
},
{
  "type": "Feature",
  "id": "way/926780499",
  "properties": {
    "landuse": "brownfield",
    "id": "way/926780499"
  },
  "geometry": {
    "type": "Polygon",
    "coordinates": [
      [
        [
          -5.9177827,
          54.6001263
        ],
        [
          -5.917739,
          54.5999067
        ],
        [
          -5.9167123,
          54.5999401
        ],
        [
          -5.9167205,
          54.6001791
        ],
        [
          -5.9177827,
          54.6001263
        ]
      ]
    ]
  }
},
{
  "type": "Feature",
  "id": "way/926849838",
  "properties": {
    "barrier": "fence",
    "landuse": "brownfield",
    "name": "BT Microwave Site",
    "id": "way/926849838"
  },
  "geometry": {
    "type": "Polygon",
    "coordinates": [
      [
        [
          -6.0041679,
          54.620877
        ],
        [
          -6.0034736,
          54.6201299
        ],
        [
          -6.0026939,
          54.6203728
        ],
        [
          -6.0033275,
          54.6210547
        ],
        [
          -6.0038967,
          54.6210202
        ],
        [
          -6.0041679,
          54.620877
        ]
      ]
    ]
  }
},
{
  "type": "Feature",
  "id": "way/926877989",
  "properties": {
    "construction": "residential",
    "landuse": "construction",
    "id": "way/926877989"
  },
  "geometry": {
    "type": "Polygon",
    "coordinates": [
      [
        [
          -5.9935237,
          54.6254116
        ],
        [
          -5.9938436,
          54.6245601
        ],
        [
          -5.9939149,
          54.6235211
        ],
        [
          -5.9939287,
          54.6233193
        ],
        [
          -5.9934907,
          54.6232246
        ],
        [
          -5.9925801,
          54.6229846
        ],
        [
          -5.9917426,
          54.622914
        ],
        [
          -5.9909214,
          54.6229234
        ],
        [
          -5.9906006,
          54.6238211
        ],
        [
          -5.9902578,
          54.6243944
        ],
        [
          -5.9914254,
          54.6248291
        ],
        [
          -5.9929362,
          54.6253202
        ],
        [
          -5.9931503,
          54.6254524
        ],
        [
          -5.9933916,
          54.6255414
        ],
        [
          -5.9935237,
          54.6254116
        ]
      ]
    ]
  }
},
{
  "type": "Feature",
  "id": "way/926877990",
  "properties": {
    "construction": "residential",
    "landuse": "construction",
    "id": "way/926877990"
  },
  "geometry": {
    "type": "Polygon",
    "coordinates": [
      [
        [
          -5.9897513,
          54.6279785
        ],
        [
          -5.9900028,
          54.6276193
        ],
        [
          -5.9900763,
          54.6272676
        ],
        [
          -5.9895688,
          54.627109
        ],
        [
          -5.9892825,
          54.6269547
        ],
        [
          -5.9892887,
          54.6268105
        ],
        [
          -5.9896446,
          54.6266321
        ],
        [
          -5.9895695,
          54.6264527
        ],
        [
          -5.989423,
          54.6264873
        ],
        [
          -5.9889409,
          54.626296
        ],
        [
          -5.9886028,
          54.6265751
        ],
        [
          -5.9886541,
          54.6273088
        ],
        [
          -5.9888971,
          54.6274673
        ],
        [
          -5.9887876,
          54.6278419
        ],
        [
          -5.9891915,
          54.6279628
        ],
        [
          -5.9894734,
          54.6280485
        ],
        [
          -5.9897513,
          54.6279785
        ]
      ]
    ]
  }
},
{
  "type": "Feature",
  "id": "way/926877992",
  "properties": {
    "landuse": "construction",
    "id": "way/926877992"
  },
  "geometry": {
    "type": "Polygon",
    "coordinates": [
      [
        [
          -5.9832723,
          54.6250276
        ],
        [
          -5.9842262,
          54.6255077
        ],
        [
          -5.9846688,
          54.6255783
        ],
        [
          -5.9851883,
          54.6257509
        ],
        [
          -5.9857439,
          54.6254162
        ],
        [
          -5.9851025,
          54.6250475
        ],
        [
          -5.9849652,
          54.6247498
        ],
        [
          -5.9849839,
          54.624647
        ],
        [
          -5.9844425,
          54.6245409
        ],
        [
          -5.983601,
          54.6248255
        ],
        [
          -5.9832723,
          54.6250276
        ]
      ]
    ]
  }
},
{
  "type": "Feature",
  "id": "way/927241051",
  "properties": {
    "landuse": "brownfield",
    "id": "way/927241051"
  },
  "geometry": {
    "type": "Polygon",
    "coordinates": [
      [
        [
          -5.9819686,
          54.6268259
        ],
        [
          -5.9813248,
          54.6264764
        ],
        [
          -5.9806835,
          54.6261282
        ],
        [
          -5.9805733,
          54.6262054
        ],
        [
          -5.980494,
          54.6262461
        ],
        [
          -5.9795445,
          54.6264976
        ],
        [
          -5.9787983,
          54.6270004
        ],
        [
          -5.978772,
          54.6270367
        ],
        [
          -5.9795959,
          54.6274506
        ],
        [
          -5.9799012,
          54.6275855
        ],
        [
          -5.9801495,
          54.6278236
        ],
        [
          -5.9802597,
          54.6279839
        ],
        [
          -5.9818749,
          54.6268788
        ],
        [
          -5.9819686,
          54.6268259
        ]
      ]
    ]
  }
},
{
  "type": "Feature",
  "id": "way/930695276",
  "properties": {
    "construction": "residential",
    "landuse": "construction",
    "id": "way/930695276"
  },
  "geometry": {
    "type": "Polygon",
    "coordinates": [
      [
        [
          -5.9547615,
          54.558844
        ],
        [
          -5.954963,
          54.5585939
        ],
        [
          -5.9542766,
          54.558408
        ],
        [
          -5.9540751,
          54.5586581
        ],
        [
          -5.9547615,
          54.558844
        ]
      ]
    ]
  }
},
{
  "type": "Feature",
  "id": "way/972599694",
  "properties": {
    "landuse": "brownfield",
    "name": "Grounds of former Redburn Primary School",
    "id": "way/972599694"
  },
  "geometry": {
    "type": "Polygon",
    "coordinates": [
      [
        [
          -5.8406973,
          54.6279793
        ],
        [
          -5.8390706,
          54.6278795
        ],
        [
          -5.8386232,
          54.6284434
        ],
        [
          -5.8386465,
          54.6287618
        ],
        [
          -5.838735,
          54.6288211
        ],
        [
          -5.8396107,
          54.6291678
        ],
        [
          -5.8399423,
          54.62933
        ],
        [
          -5.8400777,
          54.629276
        ],
        [
          -5.8403889,
          54.629367
        ],
        [
          -5.8405714,
          54.6291341
        ],
        [
          -5.8406693,
          54.6286898
        ],
        [
          -5.84066,
          54.6284542
        ],
        [
          -5.8407159,
          54.6281547
        ],
        [
          -5.8406973,
          54.6279793
        ]
      ]
    ]
  }
},
{
  "type": "Feature",
  "id": "way/1031669826",
  "properties": {
    "landuse": "brownfield",
    "id": "way/1031669826"
  },
  "geometry": {
    "type": "Polygon",
    "coordinates": [
      [
        [
          -5.9674744,
          54.6061944
        ],
        [
          -5.9687807,
          54.605734
        ],
        [
          -5.9692367,
          54.6061694
        ],
        [
          -5.9706355,
          54.6058768
        ],
        [
          -5.9699454,
          54.6051487
        ],
        [
          -5.969132,
          54.6038673
        ],
        [
          -5.9686267,
          54.6034604
        ],
        [
          -5.9685959,
          54.6032249
        ],
        [
          -5.9682878,
          54.6035568
        ],
        [
          -5.9682816,
          54.6038245
        ],
        [
          -5.9672525,
          54.6040137
        ],
        [
          -5.9669937,
          54.6037353
        ],
        [
          -5.966778,
          54.6036496
        ],
        [
          -5.9665131,
          54.6036603
        ],
        [
          -5.9657182,
          54.6039744
        ],
        [
          -5.9653792,
          54.6041457
        ],
        [
          -5.9651451,
          54.6043313
        ],
        [
          -5.9665007,
          54.6051344
        ],
        [
          -5.9665993,
          54.6053521
        ],
        [
          -5.9669074,
          54.605577
        ],
        [
          -5.9670369,
          54.6058197
        ],
        [
          -5.9674744,
          54.6061944
        ]
      ]
    ]
  }
},
{
  "type": "Feature",
  "id": "way/1033773423",
  "properties": {
    "landuse": "brownfield",
    "id": "way/1033773423"
  },
  "geometry": {
    "type": "Polygon",
    "coordinates": [
      [
        [
          -5.9732031,
          54.6077814
        ],
        [
          -5.9732969,
          54.6074971
        ],
        [
          -5.9730985,
          54.6074955
        ],
        [
          -5.9730609,
          54.6075359
        ],
        [
          -5.972908,
          54.6075142
        ],
        [
          -5.9728571,
          54.6075235
        ],
        [
          -5.9729134,
          54.6076757
        ],
        [
          -5.9728034,
          54.6077845
        ],
        [
          -5.9732031,
          54.6077814
        ]
      ]
    ]
  }
},
{
  "type": "Feature",
  "id": "way/1034300300",
  "properties": {
    "landuse": "brownfield",
    "id": "way/1034300300"
  },
  "geometry": {
    "type": "Polygon",
    "coordinates": [
      [
        [
          -5.9794944,
          54.6166942
        ],
        [
          -5.9796039,
          54.6163153
        ],
        [
          -5.9791416,
          54.6162558
        ],
        [
          -5.9791346,
          54.6162788
        ],
        [
          -5.9789121,
          54.6162378
        ],
        [
          -5.9786518,
          54.6162097
        ],
        [
          -5.9786716,
          54.6166403
        ],
        [
          -5.9794944,
          54.6166942
        ]
      ]
    ]
  }
},
{
  "type": "Feature",
  "id": "way/1034300328",
  "properties": {
    "landuse": "brownfield",
    "id": "way/1034300328"
  },
  "geometry": {
    "type": "Polygon",
    "coordinates": [
      [
        [
          -5.9725542,
          54.6129444
        ],
        [
          -5.9713032,
          54.613481
        ],
        [
          -5.9716558,
          54.6137297
        ],
        [
          -5.9706044,
          54.6141996
        ],
        [
          -5.9704456,
          54.6142245
        ],
        [
          -5.9702867,
          54.6142127
        ],
        [
          -5.9709505,
          54.6147087
        ],
        [
          -5.9714895,
          54.6151749
        ],
        [
          -5.9721527,
          54.6149793
        ],
        [
          -5.9740181,
          54.614429
        ],
        [
          -5.9725542,
          54.6129444
        ]
      ]
    ]
  }
},
{
  "type": "Feature",
  "id": "way/1035601198",
  "properties": {
    "landuse": "brownfield",
    "id": "way/1035601198"
  },
  "geometry": {
    "type": "Polygon",
    "coordinates": [
      [
        [
          -6.0319526,
          54.5863115
        ],
        [
          -6.0323469,
          54.5860919
        ],
        [
          -6.0324912,
          54.5861446
        ],
        [
          -6.0324263,
          54.5857861
        ],
        [
          -6.0318098,
          54.5860513
        ],
        [
          -6.0319526,
          54.5863115
        ]
      ]
    ]
  }
},
{
  "type": "Feature",
  "id": "way/1036510028",
  "properties": {
    "landuse": "construction",
    "id": "way/1036510028"
  },
  "geometry": {
    "type": "Polygon",
    "coordinates": [
      [
        [
          -6.0438532,
          54.5582715
        ],
        [
          -6.0451263,
          54.5573782
        ],
        [
          -6.0444555,
          54.5571543
        ],
        [
          -6.0435528,
          54.5580592
        ],
        [
          -6.0438532,
          54.5582715
        ]
      ]
    ]
  }
},
{
  "type": "Feature",
  "id": "way/1092371288",
  "properties": {
    "building": "yes",
    "construction": "building",
    "id": "way/1092371288"
  },
  "geometry": {
    "type": "Polygon",
    "coordinates": [
      [
        [
          -5.9104293,
          54.6051945
        ],
        [
          -5.9104863,
          54.6051651
        ],
        [
          -5.9104595,
          54.6051507
        ],
        [
          -5.9105131,
          54.6050571
        ],
        [
          -5.9105493,
          54.6050369
        ],
        [
          -5.9104762,
          54.6049899
        ],
        [
          -5.9105721,
          54.6049421
        ],
        [
          -5.9107194,
          54.6046777
        ],
        [
          -5.9100005,
          54.604416
        ],
        [
          -5.9095964,
          54.6046325
        ],
        [
          -5.9101565,
          54.6050104
        ],
        [
          -5.9104293,
          54.6051945
        ]
      ]
    ]
  }
},
{
  "type": "Feature",
  "id": "way/1096716468",
  "properties": {
    "landuse": "brownfield",
    "id": "way/1096716468"
  },
  "geometry": {
    "type": "Polygon",
    "coordinates": [
      [
        [
          -5.9077852,
          54.5937973
        ],
        [
          -5.9079665,
          54.5934477
        ],
        [
          -5.9074497,
          54.593325
        ],
        [
          -5.9073883,
          54.5934171
        ],
        [
          -5.9075945,
          54.5934829
        ],
        [
          -5.90739,
          54.5936526
        ],
        [
          -5.9077852,
          54.5937973
        ]
      ]
    ]
  }
},
{
  "type": "Feature",
  "id": "way/1096959022",
  "properties": {
    "landuse": "brownfield",
    "id": "way/1096959022"
  },
  "geometry": {
    "type": "Polygon",
    "coordinates": [
      [
        [
          -5.9045728,
          54.5925615
        ],
        [
          -5.9048635,
          54.5923834
        ],
        [
          -5.9047304,
          54.5923189
        ],
        [
          -5.9045516,
          54.5923647
        ],
        [
          -5.9046559,
          54.5924268
        ],
        [
          -5.9045129,
          54.5925235
        ],
        [
          -5.9045728,
          54.5925615
        ]
      ]
    ]
  }
},
{
  "type": "Feature",
  "id": "way/1119560331",
  "properties": {
    "landuse": "brownfield",
    "id": "way/1119560331"
  },
  "geometry": {
    "type": "Polygon",
    "coordinates": [
      [
        [
          -5.9316801,
          54.6057201
        ],
        [
          -5.9316688,
          54.6056233
        ],
        [
          -5.9315988,
          54.6055592
        ],
        [
          -5.9314633,
          54.6055671
        ],
        [
          -5.9313414,
          54.6055946
        ],
        [
          -5.9314046,
          54.6056744
        ],
        [
          -5.9315853,
          54.6057241
        ],
        [
          -5.9316801,
          54.6057201
        ]
      ]
    ]
  }
},
{
  "type": "Feature",
  "id": "way/1119649119",
  "properties": {
    "landuse": "brownfield",
    "id": "way/1119649119"
  },
  "geometry": {
    "type": "Polygon",
    "coordinates": [
      [
        [
          -5.9343012,
          54.6036441
        ],
        [
          -5.9340327,
          54.6035645
        ],
        [
          -5.9339458,
          54.6036672
        ],
        [
          -5.9337421,
          54.6036112
        ],
        [
          -5.933597,
          54.6037743
        ],
        [
          -5.9340382,
          54.6039126
        ],
        [
          -5.9343012,
          54.6036441
        ]
      ]
    ]
  }
},
{
  "type": "Feature",
  "id": "way/1136844161",
  "properties": {
    "construction": "residential",
    "landuse": "construction",
    "id": "way/1136844161"
  },
  "geometry": {
    "type": "Polygon",
    "coordinates": [
      [
        [
          -5.9946882,
          54.5862872
        ],
        [
          -5.9954553,
          54.5867877
        ],
        [
          -5.9964048,
          54.5876145
        ],
        [
          -5.9969305,
          54.5882797
        ],
        [
          -5.998218,
          54.5887615
        ],
        [
          -5.9984326,
          54.5887429
        ],
        [
          -5.998615,
          54.5885688
        ],
        [
          -5.9995001,
          54.5876456
        ],
        [
          -6.0001331,
          54.5873255
        ],
        [
          -6.0006213,
          54.5871918
        ],
        [
          -6.0008466,
          54.5868312
        ],
        [
          -6.0004496,
          54.5866571
        ],
        [
          -6.000455,
          54.5862188
        ],
        [
          -5.9993016,
          54.5857463
        ],
        [
          -5.9995323,
          54.5856468
        ],
        [
          -6.0005944,
          54.5859888
        ],
        [
          -6.0019838,
          54.5867348
        ],
        [
          -6.0030031,
          54.5861971
        ],
        [
          -6.0045587,
          54.5856375
        ],
        [
          -6.004033,
          54.5852987
        ],
        [
          -6.0028099,
          54.5846179
        ],
        [
          -6.0018551,
          54.584136
        ],
        [
          -6.0011577,
          54.5839775
        ],
        [
          -6.0007017,
          54.5840801
        ],
        [
          -5.9991353,
          54.5831972
        ],
        [
          -5.9988564,
          54.5827309
        ],
        [
          -5.9974187,
          54.5816676
        ],
        [
          -5.9961688,
          54.5824355
        ],
        [
          -5.99545,
          54.5820096
        ],
        [
          -5.9946024,
          54.5820687
        ],
        [
          -5.9940177,
          54.581935
        ],
        [
          -5.9937387,
          54.5815713
        ],
        [
          -5.9933686,
          54.5816645
        ],
        [
          -5.9933739,
          54.5818915
        ],
        [
          -5.9940767,
          54.5822397
        ],
        [
          -5.9928858,
          54.5825319
        ],
        [
          -5.9920757,
          54.5838687
        ],
        [
          -5.9918129,
          54.5839402
        ],
        [
          -5.9922367,
          54.5844438
        ],
        [
          -5.9928965,
          54.5850935
        ],
        [
          -5.9936851,
          54.5856997
        ],
        [
          -5.9946882,
          54.5862872
        ]
      ]
    ]
  }
},
{
  "type": "Feature",
  "id": "way/1138322054",
  "properties": {
    "landuse": "construction",
    "id": "way/1138322054"
  },
  "geometry": {
    "type": "Polygon",
    "coordinates": [
      [
        [
          -5.8888245,
          54.551526
        ],
        [
          -5.8888676,
          54.5508425
        ],
        [
          -5.8887575,
          54.5507126
        ],
        [
          -5.8892419,
          54.5503857
        ],
        [
          -5.8886825,
          54.5504429
        ],
        [
          -5.8883112,
          54.5501964
        ],
        [
          -5.8878972,
          54.5503466
        ],
        [
          -5.8864193,
          54.550672
        ],
        [
          -5.8859691,
          54.5507655
        ],
        [
          -5.8852327,
          54.5507871
        ],
        [
          -5.8848385,
          54.5509454
        ],
        [
          -5.8847785,
          54.5513436
        ],
        [
          -5.88483,
          54.5514232
        ],
        [
          -5.885001,
          54.5514837
        ],
        [
          -5.8850712,
          54.5515792
        ],
        [
          -5.8853535,
          54.5515328
        ],
        [
          -5.8855252,
          54.5516721
        ],
        [
          -5.8855681,
          54.5517817
        ],
        [
          -5.8856282,
          54.5517817
        ],
        [
          -5.8858685,
          54.5521052
        ],
        [
          -5.885873,
          54.5522176
        ],
        [
          -5.8851161,
          54.5523205
        ],
        [
          -5.8852934,
          54.5533546
        ],
        [
          -5.8879861,
          54.5532197
        ],
        [
          -5.8880968,
          54.5521511
        ],
        [
          -5.8896231,
          54.5518547
        ],
        [
          -5.8896162,
          54.5515798
        ],
        [
          -5.8888245,
          54.551526
        ]
      ]
    ]
  }
},
{
  "type": "Feature",
  "id": "way/1148273533",
  "properties": {
    "landuse": "brownfield",
    "id": "way/1148273533"
  },
  "geometry": {
    "type": "Polygon",
    "coordinates": [
      [
        [
          -5.8077367,
          54.5947817
        ],
        [
          -5.8077257,
          54.5944388
        ],
        [
          -5.8071532,
          54.5945414
        ],
        [
          -5.8071326,
          54.5947602
        ],
        [
          -5.8073427,
          54.5947777
        ],
        [
          -5.8077367,
          54.5947817
        ]
      ]
    ]
  }
},
{
  "type": "Feature",
  "id": "way/1162029334",
  "properties": {
    "landuse": "brownfield",
    "id": "way/1162029334"
  },
  "geometry": {
    "type": "Polygon",
    "coordinates": [
      [
        [
          -5.9333555,
          54.6580913
        ],
        [
          -5.9335399,
          54.6580683
        ],
        [
          -5.9323468,
          54.6567841
        ],
        [
          -5.9323974,
          54.6566775
        ],
        [
          -5.9322961,
          54.6565855
        ],
        [
          -5.9320684,
          54.6568364
        ],
        [
          -5.9310163,
          54.6564892
        ],
        [
          -5.9307632,
          54.6567151
        ],
        [
          -5.9308789,
          54.6567528
        ],
        [
          -5.9307921,
          54.6568783
        ],
        [
          -5.9306258,
          54.656826
        ],
        [
          -5.9301956,
          54.6572338
        ],
        [
          -5.9302462,
          54.6572944
        ],
        [
          -5.9314935,
          54.657696
        ],
        [
          -5.9316345,
          54.6576542
        ],
        [
          -5.9320648,
          54.6577085
        ],
        [
          -5.9325203,
          54.6578508
        ],
        [
          -5.9329252,
          54.65797
        ],
        [
          -5.9330915,
          54.6580578
        ],
        [
          -5.9333555,
          54.6580913
        ]
      ]
    ]
  }
},
{
  "type": "Feature",
  "id": "way/1162098166",
  "properties": {
    "landuse": "brownfield",
    "id": "way/1162098166"
  },
  "geometry": {
    "type": "Polygon",
    "coordinates": [
      [
        [
          -5.9198306,
          54.6504627
        ],
        [
          -5.9202236,
          54.6497675
        ],
        [
          -5.9191508,
          54.6495702
        ],
        [
          -5.9191411,
          54.6495867
        ],
        [
          -5.9188134,
          54.6501248
        ],
        [
          -5.9188162,
          54.6501389
        ],
        [
          -5.918751,
          54.6502497
        ],
        [
          -5.9198306,
          54.6504627
        ]
      ]
    ]
  }
},
{
  "type": "Feature",
  "id": "way/1162120761",
  "properties": {
    "landuse": "brownfield",
    "id": "way/1162120761"
  },
  "geometry": {
    "type": "Polygon",
    "coordinates": [
      [
        [
          -5.9226019,
          54.6420672
        ],
        [
          -5.9229474,
          54.641994
        ],
        [
          -5.9231891,
          54.6418972
        ],
        [
          -5.9233162,
          54.6417941
        ],
        [
          -5.9235437,
          54.6416097
        ],
        [
          -5.9230016,
          54.6414829
        ],
        [
          -5.9226019,
          54.6420672
        ]
      ]
    ]
  }
},
{
  "type": "Feature",
  "id": "way/1162120762",
  "properties": {
    "landuse": "brownfield",
    "id": "way/1162120762"
  },
  "geometry": {
    "type": "Polygon",
    "coordinates": [
      [
        [
          -5.9209825,
          54.6434846
        ],
        [
          -5.9214858,
          54.6435856
        ],
        [
          -5.9219034,
          54.6429438
        ],
        [
          -5.9220815,
          54.6424802
        ],
        [
          -5.9214315,
          54.6423649
        ],
        [
          -5.9211847,
          54.6429038
        ],
        [
          -5.9213134,
          54.6429337
        ],
        [
          -5.9212496,
          54.6431102
        ],
        [
          -5.9211366,
          54.6430904
        ],
        [
          -5.9209825,
          54.6434846
        ]
      ]
    ]
  }
},
{
  "type": "Feature",
  "id": "way/1163477051",
  "properties": {
    "landuse": "construction",
    "id": "way/1163477051"
  },
  "geometry": {
    "type": "Polygon",
    "coordinates": [
      [
        [
          -6.0477091,
          54.5341381
        ],
        [
          -6.0481436,
          54.5336836
        ],
        [
          -6.0479065,
          54.5336348
        ],
        [
          -6.0480456,
          54.5333553
        ],
        [
          -6.0481455,
          54.5330416
        ],
        [
          -6.0469592,
          54.5329113
        ],
        [
          -6.046881,
          54.534555
        ],
        [
          -6.0467203,
          54.5347094
        ],
        [
          -6.0455135,
          54.5352584
        ],
        [
          -6.045868,
          54.5359552
        ],
        [
          -6.0465612,
          54.5360124
        ],
        [
          -6.0477832,
          54.5357309
        ],
        [
          -6.0474308,
          54.5353181
        ],
        [
          -6.0479988,
          54.5347172
        ],
        [
          -6.0477091,
          54.5341381
        ]
      ]
    ]
  }
},
{
  "type": "Feature",
  "id": "way/1193895526",
  "properties": {
    "landuse": "brownfield",
    "id": "way/1193895526"
  },
  "geometry": {
    "type": "Polygon",
    "coordinates": [
      [
        [
          -5.9148103,
          54.5781098
        ],
        [
          -5.9170676,
          54.5781613
        ],
        [
          -5.9172111,
          54.5777853
        ],
        [
          -5.9148838,
          54.5777286
        ],
        [
          -5.9148001,
          54.5780915
        ],
        [
          -5.9148103,
          54.5781098
        ]
      ]
    ]
  }
},
{
  "type": "Feature",
  "id": "way/1207122505",
  "properties": {
    "landuse": "brownfield",
    "id": "way/1207122505"
  },
  "geometry": {
    "type": "Polygon",
    "coordinates": [
      [
        [
          -5.9553436,
          54.6043612
        ],
        [
          -5.9554182,
          54.6042748
        ],
        [
          -5.9552608,
          54.6042343
        ],
        [
          -5.9551563,
          54.6043465
        ],
        [
          -5.9553436,
          54.6043612
        ]
      ]
    ]
  }
},
{
  "type": "Feature",
  "id": "way/1216461268",
  "properties": {
    "landuse": "brownfield",
    "id": "way/1216461268"
  },
  "geometry": {
    "type": "Polygon",
    "coordinates": [
      [
        [
          -5.9364698,
          54.5937726
        ],
        [
          -5.936497,
          54.5937782
        ],
        [
          -5.9365241,
          54.5937838
        ],
        [
          -5.9366725,
          54.5937115
        ],
        [
          -5.9366478,
          54.5936639
        ],
        [
          -5.9362913,
          54.5934792
        ],
        [
          -5.9362091,
          54.5934726
        ],
        [
          -5.9361741,
          54.5934908
        ],
        [
          -5.9361805,
          54.5935909
        ],
        [
          -5.9363141,
          54.593595
        ],
        [
          -5.9363153,
          54.5936586
        ],
        [
          -5.9364262,
          54.5936662
        ],
        [
          -5.9364698,
          54.5937726
        ]
      ]
    ]
  }
},
{
  "type": "Feature",
  "id": "way/1223205636",
  "properties": {
    "landuse": "construction",
    "id": "way/1223205636"
  },
  "geometry": {
    "type": "Polygon",
    "coordinates": [
      [
        [
          -5.9669138,
          54.5872131
        ],
        [
          -5.967075,
          54.5867612
        ],
        [
          -5.9663478,
          54.5866242
        ],
        [
          -5.9659571,
          54.5866271
        ],
        [
          -5.9658092,
          54.5866748
        ],
        [
          -5.9656226,
          54.5869786
        ],
        [
          -5.9669138,
          54.5872131
        ]
      ]
    ]
  }
},
{
  "type": "Feature",
  "id": "way/1227180074",
  "properties": {
    "construction": "residential",
    "landuse": "construction",
    "id": "way/1227180074"
  },
  "geometry": {
    "type": "Polygon",
    "coordinates": [
      [
        [
          -5.9666477,
          54.5536366
        ],
        [
          -5.966462,
          54.553511
        ],
        [
          -5.9664167,
          54.5534831
        ],
        [
          -5.9659914,
          54.5535436
        ],
        [
          -5.9658339,
          54.5535575
        ],
        [
          -5.9656926,
          54.5535683
        ],
        [
          -5.9649115,
          54.5537094
        ],
        [
          -5.9647183,
          54.553775
        ],
        [
          -5.9647378,
          54.5538904
        ],
        [
          -5.96481,
          54.5541847
        ],
        [
          -5.9647905,
          54.5544314
        ],
        [
          -5.964652,
          54.5546011
        ],
        [
          -5.9642675,
          54.554858
        ],
        [
          -5.9645583,
          54.554953
        ],
        [
          -5.9649134,
          54.554686
        ],
        [
          -5.9650207,
          54.5546603
        ],
        [
          -5.965106,
          54.5546164
        ],
        [
          -5.9654533,
          54.5546159
        ],
        [
          -5.9662028,
          54.5541017
        ],
        [
          -5.9661561,
          54.5540155
        ],
        [
          -5.9663942,
          54.5538728
        ],
        [
          -5.9665347,
          54.5537052
        ],
        [
          -5.9666477,
          54.5536366
        ]
      ]
    ]
  }
},
{
  "type": "Feature",
  "id": "way/1230114915",
  "properties": {
    "landuse": "brownfield",
    "id": "way/1230114915"
  },
  "geometry": {
    "type": "Polygon",
    "coordinates": [
      [
        [
          -5.8774536,
          54.5864405
        ],
        [
          -5.8766275,
          54.5865742
        ],
        [
          -5.8762842,
          54.5860271
        ],
        [
          -5.8751523,
          54.5856323
        ],
        [
          -5.874927,
          54.5853121
        ],
        [
          -5.8747339,
          54.5853432
        ],
        [
          -5.8746373,
          54.5852966
        ],
        [
          -5.8736503,
          54.5855235
        ],
        [
          -5.8736073,
          54.5855981
        ],
        [
          -5.8736395,
          54.5856603
        ],
        [
          -5.8733981,
          54.5857722
        ],
        [
          -5.8731084,
          54.5860706
        ],
        [
          -5.8727115,
          54.5865089
        ],
        [
          -5.8728456,
          54.5867949
        ],
        [
          -5.8732962,
          54.5871493
        ],
        [
          -5.8737361,
          54.5872829
        ],
        [
          -5.8739732,
          54.5871953
        ],
        [
          -5.8749552,
          54.588007
        ],
        [
          -5.8757292,
          54.5877581
        ],
        [
          -5.8748106,
          54.5869465
        ],
        [
          -5.8750557,
          54.5868508
        ],
        [
          -5.8753347,
          54.587056
        ],
        [
          -5.8766651,
          54.5868073
        ],
        [
          -5.8768421,
          54.5867141
        ],
        [
          -5.8772605,
          54.5866519
        ],
        [
          -5.8774536,
          54.5864405
        ]
      ]
    ]
  }
},
{
  "type": "Feature",
  "id": "way/1230114916",
  "properties": {
    "landuse": "brownfield",
    "id": "way/1230114916"
  },
  "geometry": {
    "type": "Polygon",
    "coordinates": [
      [
        [
          -5.8745193,
          54.5880445
        ],
        [
          -5.8738863,
          54.5874881
        ],
        [
          -5.8722984,
          54.5874259
        ],
        [
          -5.8723252,
          54.5860613
        ],
        [
          -5.8714401,
          54.5861763
        ],
        [
          -5.871306,
          54.5864685
        ],
        [
          -5.8713551,
          54.5875686
        ],
        [
          -5.871367,
          54.5878336
        ],
        [
          -5.871372,
          54.5879463
        ],
        [
          -5.8713757,
          54.588029
        ],
        [
          -5.8741802,
          54.5880428
        ],
        [
          -5.8745193,
          54.5880445
        ]
      ]
    ]
  }
},
{
  "type": "Feature",
  "id": "way/1241675613",
  "properties": {
    "landuse": "construction",
    "id": "way/1241675613"
  },
  "geometry": {
    "type": "Polygon",
    "coordinates": [
      [
        [
          -5.9538578,
          54.6144237
        ],
        [
          -5.9529525,
          54.6146853
        ],
        [
          -5.9532802,
          54.6150722
        ],
        [
          -5.9541095,
          54.6148997
        ],
        [
          -5.9538578,
          54.6144237
        ]
      ]
    ]
  }
},
{
  "type": "Feature",
  "id": "way/1254705087",
  "properties": {
    "building": "construction",
    "construction": "house",
    "id": "way/1254705087"
  },
  "geometry": {
    "type": "Polygon",
    "coordinates": [
      [
        [
          -5.8497851,
          54.5959258
        ],
        [
          -5.8499811,
          54.5959697
        ],
        [
          -5.8500392,
          54.5958826
        ],
        [
          -5.8499591,
          54.5958647
        ],
        [
          -5.8499702,
          54.5958481
        ],
        [
          -5.8498543,
          54.5958221
        ],
        [
          -5.8497851,
          54.5959258
        ]
      ]
    ]
  }
},
{
  "type": "Feature",
  "id": "way/1255720296",
  "properties": {
    "building": "construction",
    "construction": "house",
    "id": "way/1255720296"
  },
  "geometry": {
    "type": "Polygon",
    "coordinates": [
      [
        [
          -5.8576181,
          54.5950042
        ],
        [
          -5.8576258,
          54.5949497
        ],
        [
          -5.8574233,
          54.59494
        ],
        [
          -5.8574156,
          54.5949945
        ],
        [
          -5.8576181,
          54.5950042
        ]
      ]
    ]
  }
},
{
  "type": "Feature",
  "id": "way/1255720297",
  "properties": {
    "building": "construction",
    "construction": "house",
    "id": "way/1255720297"
  },
  "geometry": {
    "type": "Polygon",
    "coordinates": [
      [
        [
          -5.8576241,
          54.5949374
        ],
        [
          -5.8576319,
          54.5948829
        ],
        [
          -5.8574294,
          54.5948732
        ],
        [
          -5.8574216,
          54.5949276
        ],
        [
          -5.8576241,
          54.5949374
        ]
      ]
    ]
  }
},
{
  "type": "Feature",
  "id": "way/1255720298",
  "properties": {
    "building": "construction",
    "construction": "house",
    "id": "way/1255720298"
  },
  "geometry": {
    "type": "Polygon",
    "coordinates": [
      [
        [
          -5.8571701,
          54.5949257
        ],
        [
          -5.8571779,
          54.5948712
        ],
        [
          -5.8569754,
          54.5948615
        ],
        [
          -5.8569676,
          54.594916
        ],
        [
          -5.8571701,
          54.5949257
        ]
      ]
    ]
  }
},
{
  "type": "Feature",
  "id": "way/1255720299",
  "properties": {
    "building": "construction",
    "construction": "house",
    "id": "way/1255720299"
  },
  "geometry": {
    "type": "Polygon",
    "coordinates": [
      [
        [
          -5.8571579,
          54.5950098
        ],
        [
          -5.8571657,
          54.5949553
        ],
        [
          -5.8569632,
          54.5949456
        ],
        [
          -5.8569554,
          54.5950001
        ],
        [
          -5.8571579,
          54.5950098
        ]
      ]
    ]
  }
},
{
  "type": "Feature",
  "id": "way/1256328833",
  "properties": {
    "building": "construction",
    "construction": "house",
    "id": "way/1256328833"
  },
  "geometry": {
    "type": "Polygon",
    "coordinates": [
      [
        [
          -5.8926402,
          54.5690471
        ],
        [
          -5.8925624,
          54.5689687
        ],
        [
          -5.8924095,
          54.5690196
        ],
        [
          -5.8924873,
          54.5690981
        ],
        [
          -5.8926402,
          54.5690471
        ]
      ]
    ]
  }
},
{
  "type": "Feature",
  "id": "way/1259725874",
  "properties": {
    "building": "construction",
    "construction": "house",
    "id": "way/1259725874"
  },
  "geometry": {
    "type": "Polygon",
    "coordinates": [
      [
        [
          -5.8077067,
          54.5838463
        ],
        [
          -5.8077067,
          54.5837048
        ],
        [
          -5.80746,
          54.5837048
        ],
        [
          -5.80746,
          54.5838214
        ],
        [
          -5.807523,
          54.5838214
        ],
        [
          -5.807523,
          54.5838463
        ],
        [
          -5.8077067,
          54.5838463
        ]
      ]
    ]
  }
},
{
  "type": "Feature",
  "id": "way/1266548624",
  "properties": {
    "landuse": "brownfield",
    "id": "way/1266548624"
  },
  "geometry": {
    "type": "Polygon",
    "coordinates": [
      [
        [
          -5.9285635,
          54.5923033
        ],
        [
          -5.9285696,
          54.5922765
        ],
        [
          -5.9276427,
          54.5921093
        ],
        [
          -5.9276064,
          54.5921703
        ],
        [
          -5.9275586,
          54.5922507
        ],
        [
          -5.9285635,
          54.5923033
        ]
      ]
    ]
  }
},
{
  "type": "Feature",
  "id": "way/1267548499",
  "properties": {
    "landuse": "brownfield",
    "id": "way/1267548499"
  },
  "geometry": {
    "type": "Polygon",
    "coordinates": [
      [
        [
          -5.9332697,
          54.5910729
        ],
        [
          -5.9332366,
          54.5911166
        ],
        [
          -5.9334609,
          54.5911738
        ],
        [
          -5.9334941,
          54.5911301
        ],
        [
          -5.9332697,
          54.5910729
        ]
      ]
    ]
  }
},
{
  "type": "Feature",
  "id": "way/1267705012",
  "properties": {
    "landuse": "brownfield",
    "id": "way/1267705012"
  },
  "geometry": {
    "type": "Polygon",
    "coordinates": [
      [
        [
          -5.9227466,
          54.6056354
        ],
        [
          -5.9224222,
          54.6055597
        ],
        [
          -5.9223784,
          54.6055498
        ],
        [
          -5.9222763,
          54.6057041
        ],
        [
          -5.922646,
          54.6057896
        ],
        [
          -5.9227466,
          54.6056354
        ]
      ]
    ]
  }
},
{
  "type": "Feature",
  "id": "way/1268789444",
  "properties": {
    "landuse": "brownfield",
    "id": "way/1268789444"
  },
  "geometry": {
    "type": "Polygon",
    "coordinates": [
      [
        [
          -6.0111898,
          54.5400523
        ],
        [
          -6.0109394,
          54.5397892
        ],
        [
          -6.0105145,
          54.5399567
        ],
        [
          -6.0106365,
          54.5401188
        ],
        [
          -6.01101,
          54.5400364
        ],
        [
          -6.0111524,
          54.5400419
        ],
        [
          -6.0111898,
          54.5400523
        ]
      ]
    ]
  }
},
{
  "type": "Feature",
  "id": "way/1272091235",
  "properties": {
    "landuse": "brownfield",
    "id": "way/1272091235"
  },
  "geometry": {
    "type": "Polygon",
    "coordinates": [
      [
        [
          -5.9376869,
          54.5920159
        ],
        [
          -5.9378505,
          54.5917511
        ],
        [
          -5.9378099,
          54.5917309
        ],
        [
          -5.9378761,
          54.5916257
        ],
        [
          -5.9378647,
          54.5916084
        ],
        [
          -5.9370009,
          54.5914115
        ],
        [
          -5.9368414,
          54.5918292
        ],
        [
          -5.9376869,
          54.5920159
        ]
      ]
    ]
  }
},
{
  "type": "Feature",
  "id": "way/1273076729",
  "properties": {
    "landuse": "brownfield",
    "id": "way/1273076729"
  },
  "geometry": {
    "type": "Polygon",
    "coordinates": [
      [
        [
          -5.9368794,
          54.5923801
        ],
        [
          -5.9369049,
          54.59233
        ],
        [
          -5.9369723,
          54.5921971
        ],
        [
          -5.936698,
          54.5921433
        ],
        [
          -5.9366573,
          54.5923314
        ],
        [
          -5.9368794,
          54.5923801
        ]
      ]
    ]
  }
},
{
  "type": "Feature",
  "id": "way/1273076730",
  "properties": {
    "landuse": "brownfield",
    "id": "way/1273076730"
  },
  "geometry": {
    "type": "Polygon",
    "coordinates": [
      [
        [
          -5.9356457,
          54.5931046
        ],
        [
          -5.9357111,
          54.5929747
        ],
        [
          -5.9358488,
          54.5927772
        ],
        [
          -5.9358862,
          54.5925824
        ],
        [
          -5.9363345,
          54.5926108
        ],
        [
          -5.9363812,
          54.5924038
        ],
        [
          -5.9361337,
          54.5923889
        ],
        [
          -5.935641,
          54.5923998
        ],
        [
          -5.9355313,
          54.5925472
        ],
        [
          -5.9354729,
          54.5927705
        ],
        [
          -5.9353258,
          54.5930451
        ],
        [
          -5.9356457,
          54.5931046
        ]
      ]
    ]
  }
},
{
  "type": "Feature",
  "id": "way/1275422483",
  "properties": {
    "landuse": "brownfield",
    "id": "way/1275422483"
  },
  "geometry": {
    "type": "Polygon",
    "coordinates": [
      [
        [
          -5.953229,
          54.5909989
        ],
        [
          -5.951645,
          54.591702
        ],
        [
          -5.9516553,
          54.5917183
        ],
        [
          -5.9522658,
          54.5916679
        ],
        [
          -5.9529531,
          54.5915643
        ],
        [
          -5.9531166,
          54.5914962
        ],
        [
          -5.9531575,
          54.5915199
        ],
        [
          -5.9537119,
          54.5913719
        ],
        [
          -5.9536684,
          54.5913245
        ],
        [
          -5.953229,
          54.5909989
        ]
      ]
    ]
  }
},
{
  "type": "Feature",
  "id": "way/1276576630",
  "properties": {
    "landuse": "brownfield",
    "id": "way/1276576630"
  },
  "geometry": {
    "type": "Polygon",
    "coordinates": [
      [
        [
          -5.9414797,
          54.5888706
        ],
        [
          -5.941433,
          54.588783
        ],
        [
          -5.9410242,
          54.5887047
        ],
        [
          -5.9408729,
          54.5889201
        ],
        [
          -5.9409936,
          54.5889079
        ],
        [
          -5.9410741,
          54.5888818
        ],
        [
          -5.941198,
          54.5888604
        ],
        [
          -5.941322,
          54.5888576
        ],
        [
          -5.9414797,
          54.5888706
        ]
      ]
    ]
  }
},
{
  "type": "Feature",
  "id": "way/1279175630",
  "properties": {
    "construction": "residential",
    "landuse": "construction",
    "id": "way/1279175630"
  },
  "geometry": {
    "type": "Polygon",
    "coordinates": [
      [
        [
          -5.9474533,
          54.5881999
        ],
        [
          -5.9472598,
          54.5881566
        ],
        [
          -5.9472081,
          54.5882342
        ],
        [
          -5.9473995,
          54.5882792
        ],
        [
          -5.9474533,
          54.5881999
        ]
      ]
    ]
  }
},
{
  "type": "Feature",
  "id": "way/1279178370",
  "properties": {
    "landuse": "brownfield",
    "id": "way/1279178370"
  },
  "geometry": {
    "type": "Polygon",
    "coordinates": [
      [
        [
          -5.9506069,
          54.5862066
        ],
        [
          -5.9500026,
          54.5869927
        ],
        [
          -5.9502723,
          54.587055
        ],
        [
          -5.9508644,
          54.5862677
        ],
        [
          -5.9506069,
          54.5862066
        ]
      ]
    ]
  }
},
{
  "type": "Feature",
  "id": "way/1283899335",
  "properties": {
    "check_date": "2025-10-10",
    "construction": "residential",
    "landuse": "construction",
    "layer": "-1",
    "name": "Loftlines",
    "note": "Homes for rent by Legal & General.",
    "opening_date": "2026",
    "operator": "Legal & General",
    "website": "https://www.loftlines.com/",
    "id": "way/1283899335"
  },
  "geometry": {
    "type": "Polygon",
    "coordinates": [
      [
        [
          -5.9125064,
          54.6083697
        ],
        [
          -5.9145646,
          54.6068925
        ],
        [
          -5.9145936,
          54.6067496
        ],
        [
          -5.9118226,
          54.6066288
        ],
        [
          -5.9119018,
          54.6065266
        ],
        [
          -5.9118099,
          54.6064689
        ],
        [
          -5.9110928,
          54.6067348
        ],
        [
          -5.9103864,
          54.6071229
        ],
        [
          -5.9102541,
          54.6071135
        ],
        [
          -5.9099944,
          54.6074555
        ],
        [
          -5.9113418,
          54.6077365
        ],
        [
          -5.9113591,
          54.607836
        ],
        [
          -5.9113709,
          54.6079096
        ],
        [
          -5.9119362,
          54.6080325
        ],
        [
          -5.9118199,
          54.6081308
        ],
        [
          -5.9120901,
          54.6081842
        ],
        [
          -5.9120076,
          54.6082618
        ],
        [
          -5.9125064,
          54.6083697
        ]
      ]
    ]
  }
},
{
  "type": "Feature",
  "id": "way/1284901235",
  "properties": {
    "landuse": "brownfield",
    "id": "way/1284901235"
  },
  "geometry": {
    "type": "Polygon",
    "coordinates": [
      [
        [
          -5.9367755,
          54.5913297
        ],
        [
          -5.9368533,
          54.591175
        ],
        [
          -5.9368694,
          54.591081
        ],
        [
          -5.9367273,
          54.5910787
        ],
        [
          -5.9367246,
          54.5911875
        ],
        [
          -5.9366151,
          54.5911979
        ],
        [
          -5.9365688,
          54.5912935
        ],
        [
          -5.9367755,
          54.5913297
        ]
      ]
    ]
  }
},
{
  "type": "Feature",
  "id": "way/1295743603",
  "properties": {
    "landuse": "brownfield",
    "id": "way/1295743603"
  },
  "geometry": {
    "type": "Polygon",
    "coordinates": [
      [
        [
          -5.8970183,
          54.5983485
        ],
        [
          -5.8970024,
          54.5984658
        ],
        [
          -5.8972571,
          54.5984675
        ],
        [
          -5.8972609,
          54.5984969
        ],
        [
          -5.8973544,
          54.598517
        ],
        [
          -5.8973655,
          54.5985578
        ],
        [
          -5.897301,
          54.5986908
        ],
        [
          -5.89784,
          54.5987595
        ],
        [
          -5.8978644,
          54.5984867
        ],
        [
          -5.8977627,
          54.5984811
        ],
        [
          -5.8977697,
          54.5983708
        ],
        [
          -5.8970183,
          54.5983485
        ]
      ]
    ]
  }
},
{
  "type": "Feature",
  "id": "way/1298152656",
  "properties": {
    "landuse": "brownfield",
    "id": "way/1298152656"
  },
  "geometry": {
    "type": "Polygon",
    "coordinates": [
      [
        [
          -5.9447668,
          54.5887489
        ],
        [
          -5.9447772,
          54.5888541
        ],
        [
          -5.9448767,
          54.5888508
        ],
        [
          -5.9448663,
          54.5887456
        ],
        [
          -5.9447668,
          54.5887489
        ]
      ]
    ]
  }
},
{
  "type": "Feature",
  "id": "way/1299077168",
  "properties": {
    "area": "yes",
    "construction": "pedestrian",
    "highway": "pedestrian",
    "surface": "paving_stones",
    "id": "way/1299077168"
  },
  "geometry": {
    "type": "Polygon",
    "coordinates": [
      [
        [
          -5.9376889,
          54.594879
        ],
        [
          -5.937749,
          54.5949855
        ],
        [
          -5.9383474,
          54.5948922
        ],
        [
          -5.9383137,
          54.5948174
        ],
        [
          -5.9382722,
          54.5947136
        ],
        [
          -5.9379323,
          54.5947227
        ],
        [
          -5.9377768,
          54.5947272
        ],
        [
          -5.9376148,
          54.5947363
        ],
        [
          -5.9376889,
          54.594879
        ]
      ]
    ]
  }
},
{
  "type": "Feature",
  "id": "way/1299332614",
  "properties": {
    "landuse": "brownfield",
    "id": "way/1299332614"
  },
  "geometry": {
    "type": "Polygon",
    "coordinates": [
      [
        [
          -5.9199253,
          54.6539722
        ],
        [
          -5.9198315,
          54.654028
        ],
        [
          -5.9190385,
          54.6544996
        ],
        [
          -5.9191202,
          54.6545456
        ],
        [
          -5.91941,
          54.6545932
        ],
        [
          -5.9194616,
          54.6546233
        ],
        [
          -5.9194098,
          54.654653
        ],
        [
          -5.919405,
          54.6546711
        ],
        [
          -5.9194196,
          54.6546904
        ],
        [
          -5.9194412,
          54.6547004
        ],
        [
          -5.9196653,
          54.6547522
        ],
        [
          -5.9202517,
          54.6550824
        ],
        [
          -5.9201932,
          54.6551172
        ],
        [
          -5.9205228,
          54.6553028
        ],
        [
          -5.9204865,
          54.6553244
        ],
        [
          -5.920705,
          54.6554474
        ],
        [
          -5.9216004,
          54.6549149
        ],
        [
          -5.9208415,
          54.6544878
        ],
        [
          -5.9199253,
          54.6539722
        ]
      ]
    ]
  }
},
{
  "type": "Feature",
  "id": "way/1327863411",
  "properties": {
    "landuse": "construction",
    "id": "way/1327863411"
  },
  "geometry": {
    "type": "Polygon",
    "coordinates": [
      [
        [
          -5.9100321,
          54.6588501
        ],
        [
          -5.9099552,
          54.6585771
        ],
        [
          -5.9094187,
          54.6587043
        ],
        [
          -5.9089681,
          54.658695
        ],
        [
          -5.9086462,
          54.6595608
        ],
        [
          -5.9094433,
          54.6597763
        ],
        [
          -5.9100321,
          54.6588501
        ]
      ]
    ]
  }
},
{
  "type": "Feature",
  "id": "way/1340649484",
  "properties": {
    "landuse": "construction",
    "id": "way/1340649484"
  },
  "geometry": {
    "type": "Polygon",
    "coordinates": [
      [
        [
          -5.968945,
          54.6661882
        ],
        [
          -5.9688244,
          54.6652794
        ],
        [
          -5.9691536,
          54.6645475
        ],
        [
          -5.968296,
          54.6646118
        ],
        [
          -5.9683238,
          54.6647539
        ],
        [
          -5.9676841,
          54.6648504
        ],
        [
          -5.9671047,
          54.6651212
        ],
        [
          -5.9679622,
          54.6658638
        ],
        [
          -5.968945,
          54.6661882
        ]
      ]
    ]
  }
},
{
  "type": "Feature",
  "id": "way/1350406161",
  "properties": {
    "landuse": "construction",
    "id": "way/1350406161"
  },
  "geometry": {
    "type": "Polygon",
    "coordinates": [
      [
        [
          -5.9231668,
          54.5651679
        ],
        [
          -5.923163,
          54.5656403
        ],
        [
          -5.9230917,
          54.5662564
        ],
        [
          -5.922521,
          54.5661824
        ],
        [
          -5.9223783,
          54.5663456
        ],
        [
          -5.9220554,
          54.5672469
        ],
        [
          -5.9230654,
          54.5673078
        ],
        [
          -5.9229903,
          54.5677018
        ],
        [
          -5.9236925,
          54.5674972
        ],
        [
          -5.9248152,
          54.5655293
        ],
        [
          -5.924113,
          54.5652833
        ],
        [
          -5.9231668,
          54.5651679
        ]
      ]
    ]
  }
},
{
  "type": "Feature",
  "id": "way/1352119025",
  "properties": {
    "landuse": "construction",
    "id": "way/1352119025"
  },
  "geometry": {
    "type": "Polygon",
    "coordinates": [
      [
        [
          -5.9013367,
          54.5782007
        ],
        [
          -5.9000571,
          54.5785336
        ],
        [
          -5.8998493,
          54.5786297
        ],
        [
          -5.8996321,
          54.5788367
        ],
        [
          -5.9015935,
          54.5785661
        ],
        [
          -5.9013367,
          54.5782007
        ]
      ]
    ]
  }
},
{
  "type": "Feature",
  "id": "way/1353691654",
  "properties": {
    "landuse": "brownfield",
    "id": "way/1353691654"
  },
  "geometry": {
    "type": "Polygon",
    "coordinates": [
      [
        [
          -5.9015406,
          54.5871233
        ],
        [
          -5.9015433,
          54.5870417
        ],
        [
          -5.9008191,
          54.5870293
        ],
        [
          -5.9008191,
          54.5870588
        ],
        [
          -5.9008875,
          54.5871777
        ],
        [
          -5.9015406,
          54.5871233
        ]
      ]
    ]
  }
},
{
  "type": "Feature",
  "id": "way/1355164755",
  "properties": {
    "landuse": "brownfield",
    "id": "way/1355164755"
  },
  "geometry": {
    "type": "Polygon",
    "coordinates": [
      [
        [
          -5.9152898,
          54.5788041
        ],
        [
          -5.9153003,
          54.578566
        ],
        [
          -5.9148194,
          54.5785588
        ],
        [
          -5.9148089,
          54.578797
        ],
        [
          -5.9152898,
          54.5788041
        ]
      ]
    ]
  }
},
{
  "type": "Feature",
  "id": "way/1355360800",
  "properties": {
    "landuse": "brownfield",
    "id": "way/1355360800"
  },
  "geometry": {
    "type": "Polygon",
    "coordinates": [
      [
        [
          -5.8966729,
          54.5751638
        ],
        [
          -5.8966314,
          54.5750022
        ],
        [
          -5.8962317,
          54.5750558
        ],
        [
          -5.896221,
          54.5750286
        ],
        [
          -5.8957824,
          54.575076
        ],
        [
          -5.8958415,
          54.5752525
        ],
        [
          -5.8966517,
          54.5751661
        ],
        [
          -5.8966729,
          54.5751638
        ]
      ]
    ]
  }
},
{
  "type": "Feature",
  "id": "way/1364131643",
  "properties": {
    "check_date": "2025-03-02",
    "construction": "residential",
    "landuse": "construction",
    "id": "way/1364131643"
  },
  "geometry": {
    "type": "Polygon",
    "coordinates": [
      [
        [
          -5.8874006,
          54.6019265
        ],
        [
          -5.8874982,
          54.6019233
        ],
        [
          -5.8874888,
          54.6017017
        ],
        [
          -5.8874719,
          54.6014279
        ],
        [
          -5.887305,
          54.601191
        ],
        [
          -5.8869242,
          54.6012421
        ],
        [
          -5.8865097,
          54.6013018
        ],
        [
          -5.8860187,
          54.6012909
        ],
        [
          -5.885867,
          54.6016454
        ],
        [
          -5.8874006,
          54.6019265
        ]
      ]
    ]
  }
},
{
  "type": "Feature",
  "id": "way/1382323850",
  "properties": {
    "landuse": "brownfield",
    "id": "way/1382323850"
  },
  "geometry": {
    "type": "Polygon",
    "coordinates": [
      [
        [
          -5.9473187,
          54.598383
        ],
        [
          -5.947558,
          54.5983287
        ],
        [
          -5.9471399,
          54.5980324
        ],
        [
          -5.9470531,
          54.5980056
        ],
        [
          -5.9469467,
          54.5980097
        ],
        [
          -5.9470931,
          54.5982146
        ],
        [
          -5.9471358,
          54.5982028
        ],
        [
          -5.947211,
          54.5983065
        ],
        [
          -5.9472536,
          54.5982947
        ],
        [
          -5.9473187,
          54.598383
        ]
      ]
    ]
  }
},
{
  "type": "Feature",
  "id": "way/1383802038",
  "properties": {
    "landuse": "brownfield",
    "id": "way/1383802038"
  },
  "geometry": {
    "type": "Polygon",
    "coordinates": [
      [
        [
          -5.9411123,
          54.5961418
        ],
        [
          -5.9402363,
          54.5961747
        ],
        [
          -5.9403053,
          54.5966141
        ],
        [
          -5.9405608,
          54.5966047
        ],
        [
          -5.9406723,
          54.5966505
        ],
        [
          -5.9410028,
          54.5966411
        ],
        [
          -5.9411448,
          54.5963286
        ],
        [
          -5.9411123,
          54.5961418
        ]
      ]
    ]
  }
},
{
  "type": "Feature",
  "id": "way/1384656754",
  "properties": {
    "landuse": "brownfield",
    "id": "way/1384656754"
  },
  "geometry": {
    "type": "Polygon",
    "coordinates": [
      [
        [
          -5.9853414,
          54.5999969
        ],
        [
          -5.985538,
          54.5994545
        ],
        [
          -5.9853289,
          54.5994429
        ],
        [
          -5.984541,
          54.5994473
        ],
        [
          -5.9844828,
          54.5997138
        ],
        [
          -5.9845196,
          54.5997837
        ],
        [
          -5.9844943,
          54.5999075
        ],
        [
          -5.9853414,
          54.5999969
        ]
      ]
    ]
  }
},
{
  "type": "Feature",
  "id": "way/1391828353",
  "properties": {
    "landuse": "brownfield",
    "id": "way/1391828353"
  },
  "geometry": {
    "type": "Polygon",
    "coordinates": [
      [
        [
          -5.9064929,
          54.6627217
        ],
        [
          -5.9065707,
          54.6626746
        ],
        [
          -5.9074626,
          54.6616019
        ],
        [
          -5.9070043,
          54.6615323
        ],
        [
          -5.906546,
          54.6614627
        ],
        [
          -5.9062553,
          54.6627069
        ],
        [
          -5.9064929,
          54.6627217
        ]
      ]
    ]
  }
},
{
  "type": "Feature",
  "id": "way/1394572414",
  "properties": {
    "landuse": "brownfield",
    "id": "way/1394572414"
  },
  "geometry": {
    "type": "Polygon",
    "coordinates": [
      [
        [
          -5.8470961,
          54.5889272
        ],
        [
          -5.8470041,
          54.5887738
        ],
        [
          -5.8470361,
          54.5886084
        ],
        [
          -5.8469685,
          54.5884191
        ],
        [
          -5.8464334,
          54.5884594
        ],
        [
          -5.8464165,
          54.5887346
        ],
        [
          -5.8470961,
          54.5889272
        ]
      ]
    ]
  }
},
{
  "type": "Feature",
  "id": "way/1395716881",
  "properties": {
    "landuse": "brownfield",
    "id": "way/1395716881"
  },
  "geometry": {
    "type": "Polygon",
    "coordinates": [
      [
        [
          -5.9320147,
          54.5988474
        ],
        [
          -5.9319133,
          54.5988426
        ],
        [
          -5.9318448,
          54.5988393
        ],
        [
          -5.9316916,
          54.5988321
        ],
        [
          -5.9316569,
          54.5990776
        ],
        [
          -5.9318918,
          54.5990888
        ],
        [
          -5.9318985,
          54.599041
        ],
        [
          -5.9321653,
          54.5990536
        ],
        [
          -5.9321591,
          54.599098
        ],
        [
          -5.9324745,
          54.5991129
        ],
        [
          -5.9324904,
          54.5989991
        ],
        [
          -5.9323932,
          54.5989946
        ],
        [
          -5.9324038,
          54.598919
        ],
        [
          -5.9320072,
          54.5989003
        ],
        [
          -5.9320147,
          54.5988474
        ]
      ]
    ]
  }
},
{
  "type": "Feature",
  "id": "way/1410930426",
  "properties": {
    "landuse": "brownfield",
    "id": "way/1410930426"
  },
  "geometry": {
    "type": "Polygon",
    "coordinates": [
      [
        [
          -6.0324727,
          54.5622457
        ],
        [
          -6.0328982,
          54.5619323
        ],
        [
          -6.032095,
          54.5615776
        ],
        [
          -6.0317775,
          54.5615621
        ],
        [
          -6.0315092,
          54.5616281
        ],
        [
          -6.0313384,
          54.56172
        ],
        [
          -6.0324727,
          54.5622457
        ]
      ]
    ]
  }
},
{
  "type": "Feature",
  "id": "way/1421214025",
  "properties": {
    "building": "construction",
    "construction": "apartments",
    "id": "way/1421214025"
  },
  "geometry": {
    "type": "Polygon",
    "coordinates": [
      [
        [
          -6.0017621,
          54.5515787
        ],
        [
          -6.001244,
          54.5512121
        ],
        [
          -6.0008748,
          54.5513875
        ],
        [
          -6.0009932,
          54.5514713
        ],
        [
          -6.0011374,
          54.5514028
        ],
        [
          -6.0013649,
          54.5515639
        ],
        [
          -6.0012267,
          54.5516296
        ],
        [
          -6.0013988,
          54.5517514
        ],
        [
          -6.0017621,
          54.5515787
        ]
      ]
    ]
  }
},
{
  "type": "Feature",
  "id": "way/1423028651",
  "properties": {
    "landuse": "construction",
    "id": "way/1423028651"
  },
  "geometry": {
    "type": "Polygon",
    "coordinates": [
      [
        [
          -5.9331404,
          54.5920771
        ],
        [
          -5.9332887,
          54.5918894
        ],
        [
          -5.9327658,
          54.5917511
        ],
        [
          -5.9326183,
          54.5919405
        ],
        [
          -5.9331404,
          54.5920771
        ]
      ]
    ]
  }
},
{
  "type": "Feature",
  "id": "way/1424970012",
  "properties": {
    "landuse": "construction",
    "id": "way/1424970012"
  },
  "geometry": {
    "type": "Polygon",
    "coordinates": [
      [
        [
          -5.9361826,
          54.5950006
        ],
        [
          -5.9370437,
          54.5949756
        ],
        [
          -5.9371023,
          54.5951773
        ],
        [
          -5.9374011,
          54.5952754
        ],
        [
          -5.9377031,
          54.5952647
        ],
        [
          -5.9374644,
          54.5947307
        ],
        [
          -5.9382079,
          54.5946788
        ],
        [
          -5.9383717,
          54.5945864
        ],
        [
          -5.9381652,
          54.5945829
        ],
        [
          -5.9380512,
          54.594474
        ],
        [
          -5.9382546,
          54.5942937
        ],
        [
          -5.940208,
          54.5935529
        ],
        [
          -5.9407625,
          54.5935422
        ],
        [
          -5.9408365,
          54.5934815
        ],
        [
          -5.9410352,
          54.5934889
        ],
        [
          -5.9413346,
          54.5934132
        ],
        [
          -5.9417838,
          54.593243
        ],
        [
          -5.9423098,
          54.5931776
        ],
        [
          -5.9432577,
          54.5925925
        ],
        [
          -5.9434523,
          54.592325
        ],
        [
          -5.9419118,
          54.5928514
        ],
        [
          -5.9406331,
          54.5932726
        ],
        [
          -5.9399646,
          54.5934547
        ],
        [
          -5.9393514,
          54.5936136
        ],
        [
          -5.9386551,
          54.5938956
        ],
        [
          -5.9382731,
          54.5939724
        ],
        [
          -5.9371777,
          54.5941232
        ],
        [
          -5.9368758,
          54.5935404
        ],
        [
          -5.9366001,
          54.5935841
        ],
        [
          -5.9366755,
          54.5937109
        ],
        [
          -5.9365585,
          54.5937867
        ],
        [
          -5.9364044,
          54.5939974
        ],
        [
          -5.9361117,
          54.5942401
        ],
        [
          -5.9361826,
          54.5950006
        ]
      ]
    ]
  }
},
{
  "type": "Feature",
  "id": "way/1424970014",
  "properties": {
    "landuse": "construction",
    "id": "way/1424970014"
  },
  "geometry": {
    "type": "Polygon",
    "coordinates": [
      [
        [
          -5.9420385,
          54.5943741
        ],
        [
          -5.9423287,
          54.594372
        ],
        [
          -5.9426083,
          54.5942552
        ],
        [
          -5.9430259,
          54.5936195
        ],
        [
          -5.9430366,
          54.5934698
        ],
        [
          -5.9429587,
          54.5933406
        ],
        [
          -5.9428242,
          54.593314
        ],
        [
          -5.9427711,
          54.5933304
        ],
        [
          -5.9418792,
          54.594085
        ],
        [
          -5.9418191,
          54.5942429
        ],
        [
          -5.9418651,
          54.5943249
        ],
        [
          -5.9420385,
          54.5943741
        ]
      ]
    ]
  }
},
{
  "type": "Feature",
  "id": "way/1425255201",
  "properties": {
    "landuse": "construction",
    "id": "way/1425255201"
  },
  "geometry": {
    "type": "Polygon",
    "coordinates": [
      [
        [
          -5.9198192,
          54.5917951
        ],
        [
          -5.9188884,
          54.5924594
        ],
        [
          -5.9198227,
          54.592886
        ],
        [
          -5.9202439,
          54.5926132
        ],
        [
          -5.9204315,
          54.5925476
        ],
        [
          -5.9206297,
          54.5925087
        ],
        [
          -5.9208349,
          54.5924923
        ],
        [
          -5.9212207,
          54.591994
        ],
        [
          -5.9198192,
          54.5917951
        ]
      ]
    ]
  }
},
{
  "type": "Feature",
  "id": "way/1425255202",
  "properties": {
    "landuse": "construction",
    "id": "way/1425255202"
  },
  "geometry": {
    "type": "Polygon",
    "coordinates": [
      [
        [
          -5.9250714,
          54.5929639
        ],
        [
          -5.9253616,
          54.5924041
        ],
        [
          -5.9242043,
          54.5921785
        ],
        [
          -5.9242892,
          54.5920637
        ],
        [
          -5.9238008,
          54.5919509
        ],
        [
          -5.9235353,
          54.5924102
        ],
        [
          -5.9235,
          54.592603
        ],
        [
          -5.9250714,
          54.5929639
        ]
      ]
    ]
  }
},
{
  "type": "Feature",
  "id": "way/1425882067",
  "properties": {
    "landuse": "brownfield",
    "id": "way/1425882067"
  },
  "geometry": {
    "type": "Polygon",
    "coordinates": [
      [
        [
          -5.9348265,
          54.5903706
        ],
        [
          -5.9347786,
          54.5902966
        ],
        [
          -5.9344148,
          54.5902859
        ],
        [
          -5.9344068,
          54.5903437
        ],
        [
          -5.9344066,
          54.5903591
        ],
        [
          -5.9344336,
          54.5903597
        ],
        [
          -5.9348265,
          54.5903706
        ]
      ]
    ]
  }
},
{
  "type": "Feature",
  "id": "way/1427746164",
  "properties": {
    "landuse": "brownfield",
    "id": "way/1427746164"
  },
  "geometry": {
    "type": "Polygon",
    "coordinates": [
      [
        [
          -5.9251914,
          54.6170865
        ],
        [
          -5.9253243,
          54.6169122
        ],
        [
          -5.9251419,
          54.6168651
        ],
        [
          -5.9250127,
          54.6170443
        ],
        [
          -5.9251914,
          54.6170865
        ]
      ]
    ]
  }
},
{
  "type": "Feature",
  "id": "way/1427746165",
  "properties": {
    "landuse": "brownfield",
    "id": "way/1427746165"
  },
  "geometry": {
    "type": "Polygon",
    "coordinates": [
      [
        [
          -5.9247217,
          54.6140065
        ],
        [
          -5.9247732,
          54.6139173
        ],
        [
          -5.9247572,
          54.6137324
        ],
        [
          -5.924681,
          54.6137344
        ],
        [
          -5.9245896,
          54.6134421
        ],
        [
          -5.924552,
          54.6134285
        ],
        [
          -5.9243959,
          54.6134446
        ],
        [
          -5.9244366,
          54.6135848
        ],
        [
          -5.9241569,
          54.613612
        ],
        [
          -5.924224,
          54.613855
        ],
        [
          -5.9242533,
          54.613874
        ],
        [
          -5.9247217,
          54.6140065
        ]
      ]
    ]
  }
},
{
  "type": "Feature",
  "id": "way/1436905847",
  "properties": {
    "landuse": "brownfield",
    "id": "way/1436905847"
  },
  "geometry": {
    "type": "Polygon",
    "coordinates": [
      [
        [
          -5.930826,
          54.6491905
        ],
        [
          -5.9296923,
          54.6489066
        ],
        [
          -5.9293747,
          54.6493399
        ],
        [
          -5.9305239,
          54.6496194
        ],
        [
          -5.930826,
          54.6491905
        ]
      ]
    ]
  }
},
{
  "type": "Feature",
  "id": "way/1436905850",
  "properties": {
    "landuse": "brownfield",
    "id": "way/1436905850"
  },
  "geometry": {
    "type": "Polygon",
    "coordinates": [
      [
        [
          -5.9273243,
          54.6494628
        ],
        [
          -5.9274237,
          54.6491961
        ],
        [
          -5.9274689,
          54.6488684
        ],
        [
          -5.9274478,
          54.6486488
        ],
        [
          -5.9273846,
          54.6484327
        ],
        [
          -5.9272882,
          54.6482967
        ],
        [
          -5.9271406,
          54.6482183
        ],
        [
          -5.9268905,
          54.6481939
        ],
        [
          -5.9266736,
          54.6481991
        ],
        [
          -5.9267128,
          54.6483002
        ],
        [
          -5.9267399,
          54.6484222
        ],
        [
          -5.9267519,
          54.6485338
        ],
        [
          -5.9267188,
          54.6486436
        ],
        [
          -5.9267308,
          54.6486592
        ],
        [
          -5.9267429,
          54.6486941
        ],
        [
          -5.9263934,
          54.6494366
        ],
        [
          -5.9270652,
          54.649475
        ],
        [
          -5.9273243,
          54.6494628
        ]
      ]
    ]
  }
},
{
  "type": "Feature",
  "id": "way/1448293860",
  "properties": {
    "landuse": "brownfield",
    "id": "way/1448293860"
  },
  "geometry": {
    "type": "Polygon",
    "coordinates": [
      [
        [
          -5.9193808,
          54.6651663
        ],
        [
          -5.9196128,
          54.6650236
        ],
        [
          -5.9196101,
          54.6648165
        ],
        [
          -5.9196182,
          54.6646288
        ],
        [
          -5.9195632,
          54.6645218
        ],
        [
          -5.9194492,
          54.6644427
        ],
        [
          -5.9189154,
          54.6644318
        ],
        [
          -5.9187679,
          54.6645311
        ],
        [
          -5.9187558,
          54.6647371
        ],
        [
          -5.9189792,
          54.6647361
        ],
        [
          -5.9189704,
          54.6648456
        ],
        [
          -5.9188645,
          54.6650864
        ],
        [
          -5.9189382,
          54.6651058
        ],
        [
          -5.9193808,
          54.6651663
        ]
      ]
    ]
  }
},
{
  "type": "Feature",
  "id": "way/1450280553",
  "properties": {
    "building": "construction",
    "construction": "retail",
    "id": "way/1450280553"
  },
  "geometry": {
    "type": "Polygon",
    "coordinates": [
      [
        [
          -5.908699,
          54.5641852
        ],
        [
          -5.9088387,
          54.5641537
        ],
        [
          -5.9085443,
          54.5637139
        ],
        [
          -5.9084046,
          54.5637453
        ],
        [
          -5.908699,
          54.5641852
        ]
      ]
    ]
  }
},
{
  "type": "Feature",
  "id": "way/1453117340",
  "properties": {
    "area": "yes",
    "construction": "pedestrian",
    "highway": "construction",
    "id": "way/1453117340"
  },
  "geometry": {
    "type": "Polygon",
    "coordinates": [
      [
        [
          -5.9381671,
          54.5946281
        ],
        [
          -5.9379631,
          54.5944686
        ],
        [
          -5.9374713,
          54.5944751
        ],
        [
          -5.9374807,
          54.5944939
        ],
        [
          -5.9375602,
          54.5946527
        ],
        [
          -5.9375726,
          54.5946774
        ],
        [
          -5.9382036,
          54.5946579
        ],
        [
          -5.9381671,
          54.5946281
        ]
      ]
    ]
  }
},
{
  "type": "Feature",
  "id": "way/1453117341",
  "properties": {
    "area": "yes",
    "construction": "pedestrian",
    "highway": "construction",
    "id": "way/1453117341"
  },
  "geometry": {
    "type": "Polygon",
    "coordinates": [
      [
        [
          -5.9380082,
          54.5943946
        ],
        [
          -5.9380795,
          54.5941901
        ],
        [
          -5.9373849,
          54.5943163
        ],
        [
          -5.937403,
          54.5943531
        ],
        [
          -5.93743,
          54.5944077
        ],
        [
          -5.9380082,
          54.5943946
        ]
      ]
    ]
  }
},
{
  "type": "Feature",
  "id": "way/1454991798",
  "properties": {
    "landuse": "brownfield",
    "id": "way/1454991798"
  },
  "geometry": {
    "type": "Polygon",
    "coordinates": [
      [
        [
          -5.9761425,
          54.5662161
        ],
        [
          -5.9753423,
          54.5655394
        ],
        [
          -5.9750029,
          54.5656673
        ],
        [
          -5.9758556,
          54.566288
        ],
        [
          -5.9761425,
          54.5662161
        ]
      ]
    ]
  }
},
{
  "type": "Feature",
  "id": "way/1461336620",
  "properties": {
    "landuse": "brownfield",
    "id": "way/1461336620"
  },
  "geometry": {
    "type": "Polygon",
    "coordinates": [
      [
        [
          -5.9712193,
          54.618044
        ],
        [
          -5.9707293,
          54.6182486
        ],
        [
          -5.9703539,
          54.6180509
        ],
        [
          -5.9691916,
          54.6186736
        ],
        [
          -5.9706183,
          54.6196187
        ],
        [
          -5.9723105,
          54.6186855
        ],
        [
          -5.9712193,
          54.618044
        ]
      ]
    ]
  }
},
{
  "type": "Feature",
  "id": "way/1470368576",
  "properties": {
    "landuse": "construction",
    "id": "way/1470368576"
  },
  "geometry": {
    "type": "Polygon",
    "coordinates": [
      [
        [
          -5.8995726,
          54.5425899
        ],
        [
          -5.8994867,
          54.5433243
        ],
        [
          -5.9008386,
          54.5435484
        ],
        [
          -5.9018042,
          54.5431252
        ],
        [
          -5.9012034,
          54.5421231
        ],
        [
          -5.8995726,
          54.5425899
        ]
      ]
    ]
  }
},
{
  "type": "Feature",
  "id": "way/1478855891",
  "properties": {
    "construction": "farm",
    "landuse": "construction",
    "id": "way/1478855891"
  },
  "geometry": {
    "type": "Polygon",
    "coordinates": [
      [
        [
          -5.8225184,
          54.6181762
        ],
        [
          -5.8226946,
          54.6179711
        ],
        [
          -5.8225658,
          54.6177035
        ],
        [
          -5.8215546,
          54.6175746
        ],
        [
          -5.8213714,
          54.6179489
        ],
        [
          -5.8225184,
          54.6181762
        ]
      ]
    ]
  }
},
{
  "type": "Feature",
  "id": "way/1480761092",
  "properties": {
    "landuse": "construction",
    "id": "way/1480761092"
  },
  "geometry": {
    "type": "Polygon",
    "coordinates": [
      [
        [
          -5.9393365,
          54.5865966
        ],
        [
          -5.9380571,
          54.5862531
        ],
        [
          -5.9376923,
          54.5868002
        ],
        [
          -5.9386445,
          54.5870007
        ],
        [
          -5.9390361,
          54.5867924
        ],
        [
          -5.9393365,
          54.5865966
        ]
      ]
    ]
  }
},
{
  "type": "Feature",
  "id": "way/1481178112",
  "properties": {
    "building": "construction",
    "construction": "house",
    "id": "way/1481178112"
  },
  "geometry": {
    "type": "Polygon",
    "coordinates": [
      [
        [
          -5.8203285,
          54.6175085
        ],
        [
          -5.8202308,
          54.6174691
        ],
        [
          -5.8201851,
          54.6175071
        ],
        [
          -5.8200573,
          54.6174556
        ],
        [
          -5.8200386,
          54.6174711
        ],
        [
          -5.8199606,
          54.6174396
        ],
        [
          -5.8198928,
          54.6174752
        ],
        [
          -5.8202132,
          54.6176044
        ],
        [
          -5.8202759,
          54.6175523
        ],
        [
          -5.8203577,
          54.6175852
        ],
        [
          -5.820402,
          54.6175484
        ],
        [
          -5.8203202,
          54.6175154
        ],
        [
          -5.8203285,
          54.6175085
        ]
      ]
    ]
  }
},
{
  "type": "Feature",
  "id": "way/1481180267",
  "properties": {
    "abandoned": "yes",
    "building": "construction",
    "construction": "house",
    "id": "way/1481180267"
  },
  "geometry": {
    "type": "Polygon",
    "coordinates": [
      [
        [
          -5.8113384,
          54.6269813
        ],
        [
          -5.8114005,
          54.6270149
        ],
        [
          -5.8114183,
          54.6270038
        ],
        [
          -5.8114904,
          54.6270429
        ],
        [
          -5.8115491,
          54.6270066
        ],
        [
          -5.811477,
          54.6269675
        ],
        [
          -5.8115856,
          54.6269004
        ],
        [
          -5.8115235,
          54.6268667
        ],
        [
          -5.8113384,
          54.6269813
        ]
      ]
    ]
  }
},
{
  "type": "Feature",
  "id": "way/1490953968",
  "properties": {
    "check_date": "2026-03-19",
    "landuse": "construction",
    "note": "Area cordoned off for demolition of two tower blocks.",
    "id": "way/1490953968"
  },
  "geometry": {
    "type": "Polygon",
    "coordinates": [
      [
        [
          -6.0125308,
          54.5467418
        ],
        [
          -6.0144888,
          54.5452171
        ],
        [
          -6.0137699,
          54.5450739
        ],
        [
          -6.0131745,
          54.5449153
        ],
        [
          -6.0129346,
          54.5450029
        ],
        [
          -6.0124074,
          54.5450677
        ],
        [
          -6.011946,
          54.545326
        ],
        [
          -6.0114579,
          54.5456465
        ],
        [
          -6.0109965,
          54.5461164
        ],
        [
          -6.0108678,
          54.5464866
        ],
        [
          -6.0112058,
          54.546636
        ],
        [
          -6.0120587,
          54.5467324
        ],
        [
          -6.0125308,
          54.5467418
        ]
      ]
    ]
  }
},
{
  "type": "Feature",
  "id": "way/1490954499",
  "properties": {
    "landuse": "brownfield",
    "id": "way/1490954499"
  },
  "geometry": {
    "type": "Polygon",
    "coordinates": [
      [
        [
          -6.0059599,
          54.5509798
        ],
        [
          -6.0057444,
          54.5506243
        ],
        [
          -6.0054899,
          54.5507001
        ],
        [
          -6.0055483,
          54.550929
        ],
        [
          -6.0055156,
          54.5511051
        ],
        [
          -6.0054338,
          54.5513315
        ],
        [
          -6.0059599,
          54.5509798
        ]
      ]
    ]
  }
},
{
  "type": "Feature",
  "id": "way/1491199381",
  "properties": {
    "building": "construction",
    "construction": "residential",
    "id": "way/1491199381"
  },
  "geometry": {
    "type": "Polygon",
    "coordinates": [
      [
        [
          -5.9647326,
          54.5548812
        ],
        [
          -5.9648137,
          54.5548194
        ],
        [
          -5.9646903,
          54.5547649
        ],
        [
          -5.9646092,
          54.5548267
        ],
        [
          -5.9647326,
          54.5548812
        ]
      ]
    ]
  }
},
{
  "type": "Feature",
  "id": "way/1491199382",
  "properties": {
    "building": "construction",
    "construction": "residential",
    "id": "way/1491199382"
  },
  "geometry": {
    "type": "Polygon",
    "coordinates": [
      [
        [
          -5.965583,
          54.5543501
        ],
        [
          -5.9656003,
          54.554364
        ],
        [
          -5.9656634,
          54.5543375
        ],
        [
          -5.965646,
          54.5543236
        ],
        [
          -5.9660442,
          54.5541563
        ],
        [
          -5.9659597,
          54.5540887
        ],
        [
          -5.9658783,
          54.5540235
        ],
        [
          -5.9657266,
          54.5540872
        ],
        [
          -5.965808,
          54.5541524
        ],
        [
          -5.9656088,
          54.5542361
        ],
        [
          -5.9655239,
          54.5541681
        ],
        [
          -5.9653786,
          54.5542291
        ],
        [
          -5.9654635,
          54.5542971
        ],
        [
          -5.965548,
          54.5543648
        ],
        [
          -5.965583,
          54.5543501
        ]
      ]
    ]
  }
},
{
  "type": "Feature",
  "id": "way/1491199383",
  "properties": {
    "building": "construction",
    "construction": "residential",
    "id": "way/1491199383"
  },
  "geometry": {
    "type": "Polygon",
    "coordinates": [
      [
        [
          -5.9651001,
          54.5539393
        ],
        [
          -5.9648184,
          54.5540319
        ],
        [
          -5.9648954,
          54.5541106
        ],
        [
          -5.965177,
          54.5540181
        ],
        [
          -5.9651001,
          54.5539393
        ]
      ]
    ]
  }
},
{
  "type": "Feature",
  "id": "way/1491199384",
  "properties": {
    "building": "construction",
    "construction": "residential",
    "id": "way/1491199384"
  },
  "geometry": {
    "type": "Polygon",
    "coordinates": [
      [
        [
          -5.9653442,
          54.5538157
        ],
        [
          -5.9651725,
          54.5538647
        ],
        [
          -5.965254,
          54.5539607
        ],
        [
          -5.9654257,
          54.5539117
        ],
        [
          -5.9653442,
          54.5538157
        ]
      ]
    ]
  }
},
{
  "type": "Feature",
  "id": "way/1491199385",
  "properties": {
    "building": "construction",
    "construction": "residential",
    "id": "way/1491199385"
  },
  "geometry": {
    "type": "Polygon",
    "coordinates": [
      [
        [
          -5.9655963,
          54.5537153
        ],
        [
          -5.9654085,
          54.5537737
        ],
        [
          -5.9655039,
          54.5538769
        ],
        [
          -5.9656917,
          54.5538186
        ],
        [
          -5.9655963,
          54.5537153
        ]
      ]
    ]
  }
},
{
  "type": "Feature",
  "id": "way/1491199386",
  "properties": {
    "building": "construction",
    "construction": "residential",
    "id": "way/1491199386"
  },
  "geometry": {
    "type": "Polygon",
    "coordinates": [
      [
        [
          -5.9660992,
          54.5536796
        ],
        [
          -5.9657572,
          54.5537153
        ],
        [
          -5.9657866,
          54.5538097
        ],
        [
          -5.9661286,
          54.553774
        ],
        [
          -5.9660992,
          54.5536796
        ]
      ]
    ]
  }
},
{
  "type": "Feature",
  "id": "way/1491199387",
  "properties": {
    "building": "construction",
    "construction": "residential",
    "id": "way/1491199387"
  },
  "geometry": {
    "type": "Polygon",
    "coordinates": [
      [
        [
          -5.9665699,
          54.5536407
        ],
        [
          -5.9664559,
          54.5535598
        ],
        [
          -5.9662504,
          54.5536572
        ],
        [
          -5.9663096,
          54.5536992
        ],
        [
          -5.9663939,
          54.5536593
        ],
        [
          -5.9664487,
          54.5536981
        ],
        [
          -5.9665699,
          54.5536407
        ]
      ]
    ]
  }
},
{
  "type": "Feature",
  "id": "way/1491199388",
  "properties": {
    "building": "construction",
    "construction": "residential",
    "id": "way/1491199388"
  },
  "geometry": {
    "type": "Polygon",
    "coordinates": [
      [
        [
          -5.9653227,
          54.5545234
        ],
        [
          -5.9653643,
          54.5543795
        ],
        [
          -5.9651,
          54.5543538
        ],
        [
          -5.9650756,
          54.554438
        ],
        [
          -5.9651754,
          54.5544477
        ],
        [
          -5.9651581,
          54.5545074
        ],
        [
          -5.9653227,
          54.5545234
        ]
      ]
    ]
  }
},
{
  "type": "Feature",
  "id": "way/1491239510",
  "properties": {
    "construction": "residential",
    "landuse": "construction",
    "id": "way/1491239510"
  },
  "geometry": {
    "type": "Polygon",
    "coordinates": [
      [
        [
          -5.9778392,
          54.5534089
        ],
        [
          -5.9774074,
          54.5529438
        ],
        [
          -5.9768227,
          54.5531569
        ],
        [
          -5.977284,
          54.5535613
        ],
        [
          -5.9778392,
          54.5534089
        ]
      ]
    ]
  }
},
{
  "type": "Feature",
  "id": "way/1493706656",
  "properties": {
    "landuse": "brownfield",
    "id": "way/1493706656"
  },
  "geometry": {
    "type": "Polygon",
    "coordinates": [
      [
        [
          -5.9950002,
          54.5444793
        ],
        [
          -5.9951473,
          54.5443141
        ],
        [
          -5.9953528,
          54.5442057
        ],
        [
          -5.9950702,
          54.543989
        ],
        [
          -5.9948811,
          54.5440486
        ],
        [
          -5.9947083,
          54.5442206
        ],
        [
          -5.9946196,
          54.5441976
        ],
        [
          -5.9945822,
          54.5442667
        ],
        [
          -5.9945916,
          54.5444292
        ],
        [
          -5.9950002,
          54.5444793
        ]
      ]
    ]
  }
},
{
  "type": "Feature",
  "id": "way/1494033039",
  "properties": {
    "landuse": "construction",
    "name": "Buoy Park",
    "official_name": "Cathedral Gardens",
    "source": "http://blog.visitbelfast.com/things-to-do-in-belfast/posts/public-art-sculpture-in-belfast",
    "id": "way/1494033039"
  },
  "geometry": {
    "type": "Polygon",
    "coordinates": [
      [
        [
          -5.9298429,
          54.6031807
        ],
        [
          -5.9296678,
          54.6030028
        ],
        [
          -5.9296509,
          54.602989
        ],
        [
          -5.9296322,
          54.6029798
        ],
        [
          -5.9296104,
          54.6029729
        ],
        [
          -5.9295883,
          54.6029687
        ],
        [
          -5.9295622,
          54.6029678
        ],
        [
          -5.9295398,
          54.6029694
        ],
        [
          -5.9295245,
          54.6029716
        ],
        [
          -5.9295093,
          54.6029755
        ],
        [
          -5.9294055,
          54.6030103
        ],
        [
          -5.9293266,
          54.6030368
        ],
        [
          -5.92901,
          54.603143
        ],
        [
          -5.9289526,
          54.6031622
        ],
        [
          -5.9289109,
          54.6031762
        ],
        [
          -5.9286748,
          54.6032554
        ],
        [
          -5.9285882,
          54.6032844
        ],
        [
          -5.9285204,
          54.6033071
        ],
        [
          -5.9284523,
          54.6033765
        ],
        [
          -5.9285021,
          54.6033931
        ],
        [
          -5.9285665,
          54.6034068
        ],
        [
          -5.9291679,
          54.6036123
        ],
        [
          -5.9291141,
          54.6036651
        ],
        [
          -5.9295014,
          54.6038086
        ],
        [
          -5.9296602,
          54.6036524
        ],
        [
          -5.9298749,
          54.6034411
        ],
        [
          -5.9298919,
          54.6034244
        ],
        [
          -5.9299056,
          54.6034074
        ],
        [
          -5.9299173,
          54.6033887
        ],
        [
          -5.9299262,
          54.6033708
        ],
        [
          -5.9299338,
          54.6033513
        ],
        [
          -5.9299381,
          54.6033326
        ],
        [
          -5.9299394,
          54.6033183
        ],
        [
          -5.9299385,
          54.6032998
        ],
        [
          -5.9299337,
          54.6032866
        ],
        [
          -5.9299274,
          54.6032713
        ],
        [
          -5.9299134,
          54.6032525
        ],
        [
          -5.92988,
          54.6032185
        ],
        [
          -5.9298429,
          54.6031807
        ]
      ]
    ]
  }
},
{
  "type": "Feature",
  "id": "way/1494033055",
  "properties": {
    "barrier": "fence",
    "landuse": "brownfield",
    "id": "way/1494033055"
  },
  "geometry": {
    "type": "Polygon",
    "coordinates": [
      [
        [
          -5.9306852,
          54.6169003
        ],
        [
          -5.9304793,
          54.6168432
        ],
        [
          -5.9304562,
          54.6168718
        ],
        [
          -5.9304051,
          54.6169333
        ],
        [
          -5.930229,
          54.6171452
        ],
        [
          -5.9308727,
          54.617323
        ],
        [
          -5.9313734,
          54.6175145
        ],
        [
          -5.9316178,
          54.6173144
        ],
        [
          -5.9314747,
          54.6172609
        ],
        [
          -5.9315265,
          54.6172163
        ],
        [
          -5.9315637,
          54.6171802
        ],
        [
          -5.9311799,
          54.617038
        ],
        [
          -5.9306852,
          54.6169003
        ]
      ]
    ]
  }
},
{
  "type": "Feature",
  "id": "way/1494033078",
  "properties": {
    "landuse": "construction",
    "id": "way/1494033078"
  },
  "geometry": {
    "type": "Polygon",
    "coordinates": [
      [
        [
          -5.9961768,
          54.5657349
        ],
        [
          -5.9959627,
          54.5655703
        ],
        [
          -5.995915,
          54.5654632
        ],
        [
          -5.9955932,
          54.5653457
        ],
        [
          -5.9956741,
          54.5642894
        ],
        [
          -5.995465,
          54.5636472
        ],
        [
          -5.9951865,
          54.5635318
        ],
        [
          -5.9952057,
          54.563
        ],
        [
          -5.9948259,
          54.5631424
        ],
        [
          -5.9945846,
          54.5632948
        ],
        [
          -5.994157,
          54.5641252
        ],
        [
          -5.9936304,
          54.5647263
        ],
        [
          -5.9937312,
          54.5648478
        ],
        [
          -5.9943056,
          54.5655404
        ],
        [
          -5.9954321,
          54.5659634
        ],
        [
          -5.9961768,
          54.5657349
        ]
      ]
    ]
  }
},
{
  "type": "Feature",
  "id": "way/1496197680",
  "properties": {
    "landuse": "construction",
    "id": "way/1496197680"
  },
  "geometry": {
    "type": "Polygon",
    "coordinates": [
      [
        [
          -5.9953405,
          54.6193554
        ],
        [
          -5.9951883,
          54.619011
        ],
        [
          -5.9943442,
          54.6190929
        ],
        [
          -5.9944079,
          54.6192405
        ],
        [
          -5.9945176,
          54.6192661
        ],
        [
          -5.9945317,
          54.6193153
        ],
        [
          -5.994809,
          54.6192823
        ],
        [
          -5.994866,
          54.6193947
        ],
        [
          -5.9949076,
          54.6194134
        ],
        [
          -5.9953405,
          54.6193554
        ]
      ]
    ]
  }
},
{
  "type": "Feature",
  "id": "way/1499356201",
  "properties": {
    "landuse": "construction",
    "id": "way/1499356201"
  },
  "geometry": {
    "type": "Polygon",
    "coordinates": [
      [
        [
          -5.9702383,
          54.5481831
        ],
        [
          -5.9709388,
          54.547273
        ],
        [
          -5.9707473,
          54.5472811
        ],
        [
          -5.9700935,
          54.5468721
        ],
        [
          -5.9696406,
          54.5471186
        ],
        [
          -5.9691689,
          54.5468179
        ],
        [
          -5.9685291,
          54.5474111
        ],
        [
          -5.96979,
          54.5481127
        ],
        [
          -5.9702383,
          54.5481831
        ]
      ]
    ]
  }
},
{
  "type": "Feature",
  "id": "way/1499596553",
  "properties": {
    "construction": "residential",
    "landuse": "construction",
    "id": "way/1499596553"
  },
  "geometry": {
    "type": "Polygon",
    "coordinates": [
      [
        [
          -6.0409509,
          54.5503747
        ],
        [
          -6.0405072,
          54.5500548
        ],
        [
          -6.0405472,
          54.5498332
        ],
        [
          -6.04035,
          54.5496867
        ],
        [
          -6.0400111,
          54.5497582
        ],
        [
          -6.0392686,
          54.5502639
        ],
        [
          -6.037839,
          54.551043
        ],
        [
          -6.0381964,
          54.5511556
        ],
        [
          -6.038486,
          54.5510198
        ],
        [
          -6.0387263,
          54.5509983
        ],
        [
          -6.0388773,
          54.551018
        ],
        [
          -6.038979,
          54.5509769
        ],
        [
          -6.039019,
          54.5508661
        ],
        [
          -6.0389944,
          54.5507642
        ],
        [
          -6.0390868,
          54.550682
        ],
        [
          -6.039284,
          54.5506338
        ],
        [
          -6.039475,
          54.5505981
        ],
        [
          -6.0397616,
          54.5504247
        ],
        [
          -6.0399095,
          54.550389
        ],
        [
          -6.0400327,
          54.5504194
        ],
        [
          -6.0402176,
          54.5505016
        ],
        [
          -6.0403192,
          54.5505123
        ],
        [
          -6.0407968,
          54.5504819
        ],
        [
          -6.0409509,
          54.5503747
        ]
      ]
    ]
  }
},
{
  "type": "Feature",
  "id": "way/1499606940",
  "properties": {
    "construction": "residential",
    "landuse": "construction",
    "id": "way/1499606940"
  },
  "geometry": {
    "type": "Polygon",
    "coordinates": [
      [
        [
          -6.0344989,
          54.5518449
        ],
        [
          -6.0345094,
          54.5515571
        ],
        [
          -6.0344108,
          54.5512033
        ],
        [
          -6.0340411,
          54.5511229
        ],
        [
          -6.0335974,
          54.5511533
        ],
        [
          -6.0334647,
          54.5511404
        ],
        [
          -6.0334233,
          54.5513193
        ],
        [
          -6.0334579,
          54.5514681
        ],
        [
          -6.033572,
          54.5515527
        ],
        [
          -6.0335607,
          54.5516484
        ],
        [
          -6.0332664,
          54.5519122
        ],
        [
          -6.0331979,
          54.5519201
        ],
        [
          -6.0326282,
          54.5516879
        ],
        [
          -6.031948,
          54.5513634
        ],
        [
          -6.0315424,
          54.5515669
        ],
        [
          -6.0333303,
          54.5522741
        ],
        [
          -6.0336239,
          54.5522181
        ],
        [
          -6.0335948,
          54.5521966
        ],
        [
          -6.0340245,
          54.5520442
        ],
        [
          -6.034043,
          54.5520618
        ],
        [
          -6.0342811,
          54.5519674
        ],
        [
          -6.0344989,
          54.5518449
        ]
      ]
    ]
  }
},
{
  "type": "Feature",
  "id": "way/1204396215",
  "properties": {
    "landuse": "construction",
    "id": "way/1204396215"
  },
  "geometry": {
    "type": "Polygon",
    "coordinates": [
      [
        [
          -5.9102458,
          54.6330887
        ],
        [
          -5.9103498,
          54.6330322
        ],
        [
          -5.910687,
          54.6322363
        ],
        [
          -5.9112734,
          54.6313803
        ],
        [
          -5.9113097,
          54.6312512
        ],
        [
          -5.911263,
          54.6311821
        ],
        [
          -5.9110503,
          54.631131
        ],
        [
          -5.9108375,
          54.631116
        ],
        [
          -5.9108116,
          54.6316056
        ],
        [
          -5.9106715,
          54.6318999
        ],
        [
          -5.9101007,
          54.6318879
        ],
        [
          -5.9101422,
          54.6311611
        ],
        [
          -5.9100384,
          54.631089
        ],
        [
          -5.9086219,
          54.6310739
        ],
        [
          -5.9082275,
          54.6310529
        ],
        [
          -5.9078124,
          54.6307916
        ],
        [
          -5.907802,
          54.6300527
        ],
        [
          -5.9072364,
          54.6300407
        ],
        [
          -5.9065463,
          54.6306384
        ],
        [
          -5.906126,
          54.6315425
        ],
        [
          -5.9070185,
          54.6321732
        ],
        [
          -5.9072001,
          54.6323324
        ],
        [
          -5.9074077,
          54.6330177
        ],
        [
          -5.9102458,
          54.6330887
        ]
      ]
    ]
  }
},
{
  "type": "Feature",
  "id": "way/8301319",
  "properties": {
    "check_date": "2025-11-29",
    "construction": "cycleway",
    "highway": "construction",
    "name": "Durham Street",
    "oneway": "no",
    "surface": "asphalt",
    "id": "way/8301319"
  },
  "geometry": {
    "type": "LineString",
    "coordinates": [
      [
        -5.9379321,
        54.5960264
      ],
      [
        -5.9378173,
        54.5958712
      ],
      [
        -5.9377892,
        54.5958218
      ],
      [
        -5.9377854,
        54.5958168
      ],
      [
        -5.9377591,
        54.5957717
      ],
      [
        -5.9377368,
        54.5957326
      ],
      [
        -5.9377164,
        54.5956934
      ]
    ]
  }
},
{
  "type": "Feature",
  "id": "way/297648645",
  "properties": {
    "construction": "residential",
    "highway": "construction",
    "id": "way/297648645"
  },
  "geometry": {
    "type": "LineString",
    "coordinates": [
      [
        -5.8917341,
        54.5457465
      ],
      [
        -5.8916882,
        54.5455843
      ],
      [
        -5.8917039,
        54.5454682
      ],
      [
        -5.8918927,
        54.5453442
      ],
      [
        -5.8933443,
        54.5450843
      ],
      [
        -5.8936727,
        54.5450368
      ],
      [
        -5.8940599,
        54.5449822
      ]
    ]
  }
},
{
  "type": "Feature",
  "id": "way/298418100",
  "properties": {
    "access": "private",
    "construction": "yes",
    "highway": "path",
    "surface": "sett",
    "id": "way/298418100"
  },
  "geometry": {
    "type": "LineString",
    "coordinates": [
      [
        -5.9001915,
        54.5925495
      ],
      [
        -5.9001656,
        54.5923932
      ]
    ]
  }
},
{
  "type": "Feature",
  "id": "way/486466582",
  "properties": {
    "construction": "residential",
    "highway": "construction",
    "id": "way/486466582"
  },
  "geometry": {
    "type": "LineString",
    "coordinates": [
      [
        -5.9954215,
        54.5630311
      ],
      [
        -5.9951502,
        54.563092
      ],
      [
        -5.9947996,
        54.5632824
      ],
      [
        -5.9945754,
        54.5635286
      ],
      [
        -5.9943922,
        54.563862
      ],
      [
        -5.9942474,
        54.5641143
      ],
      [
        -5.9940507,
        54.5643277
      ],
      [
        -5.9947407,
        54.5646581
      ],
      [
        -5.9951138,
        54.5648138
      ],
      [
        -5.9958193,
        54.5651012
      ],
      [
        -5.9960562,
        54.5651055
      ]
    ]
  }
},
{
  "type": "Feature",
  "id": "way/784513754",
  "properties": {
    "construction": "service",
    "highway": "construction",
    "id": "way/784513754"
  },
  "geometry": {
    "type": "LineString",
    "coordinates": [
      [
        -6.0493308,
        54.5584655
      ],
      [
        -6.049202,
        54.5585457
      ],
      [
        -6.0490363,
        54.5585995
      ],
      [
        -6.0488116,
        54.5586451
      ],
      [
        -6.0484717,
        54.5586711
      ],
      [
        -6.0480077,
        54.5586837
      ]
    ]
  }
},
{
  "type": "Feature",
  "id": "way/842924497",
  "properties": {
    "construction": "residential",
    "highway": "construction",
    "name": "Lesley Park Demesne",
    "id": "way/842924497"
  },
  "geometry": {
    "type": "LineString",
    "coordinates": [
      [
        -5.9643379,
        54.5549105
      ],
      [
        -5.9646107,
        54.5547296
      ],
      [
        -5.9648782,
        54.5545293
      ],
      [
        -5.9649425,
        54.554367
      ],
      [
        -5.965024,
        54.5542857
      ],
      [
        -5.9651786,
        54.5541285
      ],
      [
        -5.9656986,
        54.5539834
      ],
      [
        -5.9660557,
        54.5539054
      ]
    ]
  }
},
{
  "type": "Feature",
  "id": "way/930673883",
  "properties": {
    "bicycle": "designated",
    "construction": "cycleway",
    "foot": "designated",
    "highway": "cycleway",
    "layer": "1",
    "oneway": "no",
    "segregated": "no",
    "surface": "paved",
    "id": "way/930673883"
  },
  "geometry": {
    "type": "LineString",
    "coordinates": [
      [
        -5.9270118,
        54.5680199
      ],
      [
        -5.9271785,
        54.5680902
      ]
    ]
  }
},
{
  "type": "Feature",
  "id": "way/968570438",
  "properties": {
    "construction": "path",
    "highway": "construction",
    "id": "way/968570438"
  },
  "geometry": {
    "type": "LineString",
    "coordinates": [
      [
        -5.9940507,
        54.5643277
      ],
      [
        -5.993924,
        54.5645383
      ],
      [
        -5.9936959,
        54.5647776
      ]
    ]
  }
},
{
  "type": "Feature",
  "id": "way/968570441",
  "properties": {
    "construction": "residential",
    "highway": "construction",
    "id": "way/968570441"
  },
  "geometry": {
    "type": "LineString",
    "coordinates": [
      [
        -5.9959897,
        54.5638808
      ],
      [
        -5.9945675,
        54.5638781
      ],
      [
        -5.9943922,
        54.563862
      ]
    ]
  }
},
{
  "type": "Feature",
  "id": "way/968570442",
  "properties": {
    "construction": "residential",
    "highway": "construction",
    "id": "way/968570442"
  },
  "geometry": {
    "type": "LineString",
    "coordinates": [
      [
        -5.9947407,
        54.5646581
      ],
      [
        -5.9948318,
        54.5645771
      ],
      [
        -5.9949559,
        54.5643504
      ],
      [
        -5.9952789,
        54.5644079
      ],
      [
        -5.9952211,
        54.5646915
      ],
      [
        -5.9951138,
        54.5648138
      ]
    ]
  }
},
{
  "type": "Feature",
  "id": "way/1039454375",
  "properties": {
    "construction": "residential",
    "highway": "construction",
    "proposed": "residential",
    "id": "way/1039454375"
  },
  "geometry": {
    "type": "LineString",
    "coordinates": [
      [
        -5.8935018,
        54.544528
      ],
      [
        -5.8940426,
        54.5444383
      ],
      [
        -5.8953479,
        54.5442217
      ]
    ]
  }
},
{
  "type": "Feature",
  "id": "way/1039454379",
  "properties": {
    "construction": "residential",
    "highway": "construction",
    "id": "way/1039454379"
  },
  "geometry": {
    "type": "LineString",
    "coordinates": [
      [
        -5.8933443,
        54.5450843
      ],
      [
        -5.8933608,
        54.5450033
      ],
      [
        -5.8933576,
        54.5448086
      ],
      [
        -5.8932829,
        54.5446435
      ],
      [
        -5.8932982,
        54.5445893
      ],
      [
        -5.8935018,
        54.544528
      ]
    ]
  }
},
{
  "type": "Feature",
  "id": "way/1111498049",
  "properties": {
    "construction": "path",
    "highway": "construction",
    "id": "way/1111498049"
  },
  "geometry": {
    "type": "LineString",
    "coordinates": [
      [
        -5.9976788,
        54.5647828
      ],
      [
        -5.997657,
        54.5648832
      ],
      [
        -5.997656,
        54.5650437
      ],
      [
        -5.9976413,
        54.5650976
      ],
      [
        -5.9975302,
        54.5652281
      ],
      [
        -5.9975016,
        54.5652981
      ],
      [
        -5.9974726,
        54.5653226
      ],
      [
        -5.9973842,
        54.5653492
      ],
      [
        -5.9973287,
        54.5653526
      ],
      [
        -5.9971567,
        54.5653295
      ]
    ]
  }
},
{
  "type": "Feature",
  "id": "way/1136842481",
  "properties": {
    "construction": "residential",
    "highway": "construction",
    "id": "way/1136842481"
  },
  "geometry": {
    "type": "LineString",
    "coordinates": [
      [
        -6.0454542,
        54.5576158
      ],
      [
        -6.0453782,
        54.5575537
      ],
      [
        -6.0452283,
        54.5574676
      ],
      [
        -6.0451047,
        54.5574375
      ],
      [
        -6.0448686,
        54.5574406
      ],
      [
        -6.0446031,
        54.5574655
      ],
      [
        -6.044469,
        54.5575137
      ],
      [
        -6.0442866,
        54.5576942
      ]
    ]
  }
},
{
  "type": "Feature",
  "id": "way/1259086869",
  "properties": {
    "construction": "footway",
    "highway": "construction",
    "surface": "paving_stones",
    "id": "way/1259086869"
  },
  "geometry": {
    "type": "LineString",
    "coordinates": [
      [
        -5.9370021,
        54.5938317
      ],
      [
        -5.9370189,
        54.5938141
      ]
    ]
  }
},
{
  "type": "Feature",
  "id": "way/1270936119",
  "properties": {
    "construction": "yes",
    "id": "way/1270936119"
  },
  "geometry": {
    "type": "LineString",
    "coordinates": [
      [
        -5.8421436,
        54.639873
      ],
      [
        -5.8417468,
        54.6397321
      ],
      [
        -5.8424252,
        54.6390922
      ],
      [
        -5.8428221,
        54.6392332
      ],
      [
        -5.8421436,
        54.639873
      ]
    ]
  }
},
{
  "type": "Feature",
  "id": "way/1275837512",
  "properties": {
    "construction": "building",
    "id": "way/1275837512"
  },
  "geometry": {
    "type": "LineString",
    "coordinates": [
      [
        -5.8132494,
        54.6384781
      ],
      [
        -5.8130056,
        54.6384125
      ],
      [
        -5.8130453,
        54.638363
      ],
      [
        -5.8130762,
        54.6383714
      ],
      [
        -5.8131876,
        54.6382327
      ],
      [
        -5.8133183,
        54.6382679
      ],
      [
        -5.813217,
        54.638394
      ],
      [
        -5.8132992,
        54.6384162
      ],
      [
        -5.8132494,
        54.6384781
      ]
    ]
  }
},
{
  "type": "Feature",
  "id": "way/1313455525",
  "properties": {
    "check_date": "2025-11-29",
    "construction": "cycleway",
    "highway": "construction",
    "name": "Durham Street",
    "oneway": "no",
    "surface": "asphalt",
    "id": "way/1313455525"
  },
  "geometry": {
    "type": "LineString",
    "coordinates": [
      [
        -5.9377164,
        54.5956934
      ],
      [
        -5.9376853,
        54.5956072
      ],
      [
        -5.937654,
        54.5955359
      ],
      [
        -5.9375097,
        54.5951854
      ],
      [
        -5.9374883,
        54.5951333
      ],
      [
        -5.9374526,
        54.595051
      ]
    ]
  }
},
{
  "type": "Feature",
  "id": "way/1421178539",
  "properties": {
    "construction": "yes",
    "telecom": "exchange",
    "id": "way/1421178539"
  },
  "geometry": {
    "type": "LineString",
    "coordinates": [
      [
        -5.9778045,
        54.5791111
      ],
      [
        -5.9768978,
        54.5799082
      ],
      [
        -5.9759035,
        54.5795553
      ],
      [
        -5.9756845,
        54.579403
      ],
      [
        -5.9755618,
        54.5792304
      ],
      [
        -5.9755443,
        54.5790882
      ],
      [
        -5.9755575,
        54.578946
      ],
      [
        -5.9762189,
        54.57789
      ],
      [
        -5.9778658,
        54.5783342
      ],
      [
        -5.9780717,
        54.578809
      ],
      [
        -5.9778045,
        54.5791111
      ]
    ]
  }
},
{
  "type": "Feature",
  "id": "way/1453117326",
  "properties": {
    "construction": "cycleway",
    "highway": "construction",
    "name": "Boyne Bridge Place",
    "oneway": "no",
    "surface": "asphalt",
    "id": "way/1453117326"
  },
  "geometry": {
    "type": "LineString",
    "coordinates": [
      [
        -5.9374526,
        54.595051
      ],
      [
        -5.9374294,
        54.5950098
      ],
      [
        -5.9373858,
        54.5949327
      ],
      [
        -5.9373684,
        54.5949017
      ],
      [
        -5.9371693,
        54.5946951
      ],
      [
        -5.9371116,
        54.5945879
      ],
      [
        -5.9370538,
        54.5944808
      ],
      [
        -5.937053,
        54.5943372
      ],
      [
        -5.9370528,
        54.5942964
      ],
      [
        -5.936992,
        54.5941808
      ],
      [
        -5.9369652,
        54.5941549
      ],
      [
        -5.9368884,
        54.5940805
      ],
      [
        -5.9367389,
        54.5937491
      ],
      [
        -5.9367072,
        54.5936696
      ],
      [
        -5.9366929,
        54.5936337
      ],
      [
        -5.9366659,
        54.593586
      ],
      [
        -5.9366242,
        54.5935366
      ]
    ]
  }
},
{
  "type": "Feature",
  "id": "way/1453117327",
  "properties": {
    "construction": "cycleway",
    "highway": "construction",
    "name": "Glengall Street",
    "oneway": "no",
    "surface": "asphalt",
    "id": "way/1453117327"
  },
  "geometry": {
    "type": "LineString",
    "coordinates": [
      [
        -5.9375013,
        54.5949971
      ],
      [
        -5.9374294,
        54.5950098
      ],
      [
        -5.9372988,
        54.5950302
      ],
      [
        -5.9365545,
        54.5950559
      ],
      [
        -5.9346903,
        54.595137
      ]
    ]
  }
},
{
  "type": "Feature",
  "id": "way/1453117329",
  "properties": {
    "construction": "cycleway",
    "highway": "construction",
    "name": "Hope Street",
    "oneway": "no",
    "surface": "asphalt",
    "id": "way/1453117329"
  },
  "geometry": {
    "type": "LineString",
    "coordinates": [
      [
        -5.9366242,
        54.5935366
      ],
      [
        -5.936539,
        54.5934933
      ],
      [
        -5.9364521,
        54.5934671
      ],
      [
        -5.9363857,
        54.5934545
      ],
      [
        -5.9360924,
        54.593431
      ],
      [
        -5.93583,
        54.5934164
      ],
      [
        -5.9355629,
        54.5933912
      ],
      [
        -5.935365,
        54.5933813
      ],
      [
        -5.935129,
        54.5933885
      ],
      [
        -5.9343994,
        54.5933893
      ],
      [
        -5.9342514,
        54.5933876
      ]
    ]
  }
},
{
  "type": "Feature",
  "id": "way/1453117330",
  "properties": {
    "construction": "footway",
    "crossing": "traffic_signals",
    "footway": "crossing",
    "highway": "construction",
    "surface": "asphalt",
    "id": "way/1453117330"
  },
  "geometry": {
    "type": "LineString",
    "coordinates": [
      [
        -5.9369899,
        54.5943053
      ],
      [
        -5.9370528,
        54.5942964
      ],
      [
        -5.9371359,
        54.594282
      ],
      [
        -5.9372347,
        54.5942648
      ]
    ]
  }
},
{
  "type": "Feature",
  "id": "way/1453117331",
  "properties": {
    "construction": "footway",
    "crossing": "traffic_signals",
    "footway": "crossing",
    "highway": "construction",
    "surface": "asphalt",
    "id": "way/1453117331"
  },
  "geometry": {
    "type": "LineString",
    "coordinates": [
      [
        -5.9369305,
        54.5941907
      ],
      [
        -5.936992,
        54.5941808
      ],
      [
        -5.9370755,
        54.594167
      ],
      [
        -5.9371675,
        54.5941519
      ]
    ]
  }
},
{
  "type": "Feature",
  "id": "way/1453117333",
  "properties": {
    "construction": "footway",
    "crossing": "uncontrolled",
    "crossing:markings": "yes",
    "footway": "crossing",
    "highway": "construction",
    "surface": "asphalt",
    "id": "way/1453117333"
  },
  "geometry": {
    "type": "LineString",
    "coordinates": [
      [
        -5.9371555,
        54.5945793
      ],
      [
        -5.9371116,
        54.5945879
      ],
      [
        -5.9370595,
        54.5945965
      ]
    ]
  }
},
{
  "type": "Feature",
  "id": "way/1453117336",
  "properties": {
    "construction": "footway",
    "highway": "construction",
    "surface": "paved",
    "id": "way/1453117336"
  },
  "geometry": {
    "type": "LineString",
    "coordinates": [
      [
        -5.9372156,
        54.5946914
      ],
      [
        -5.9371555,
        54.5945793
      ],
      [
        -5.9370992,
        54.5944765
      ]
    ]
  }
},
{
  "type": "Feature",
  "id": "way/1453117342",
  "properties": {
    "construction": "footway",
    "highway": "construction",
    "surface": "paved",
    "id": "way/1453117342"
  },
  "geometry": {
    "type": "LineString",
    "coordinates": [
      [
        -5.9375602,
        54.5946527
      ],
      [
        -5.9375048,
        54.5946635
      ]
    ]
  }
},
{
  "type": "Feature",
  "id": "way/1453117343",
  "properties": {
    "construction": "footway",
    "highway": "construction",
    "surface": "paved",
    "id": "way/1453117343"
  },
  "geometry": {
    "type": "LineString",
    "coordinates": [
      [
        -5.9374225,
        54.5945061
      ],
      [
        -5.9374807,
        54.5944939
      ]
    ]
  }
},
{
  "type": "Feature",
  "id": "way/1453117344",
  "properties": {
    "construction": "footway",
    "highway": "construction",
    "surface": "paved",
    "id": "way/1453117344"
  },
  "geometry": {
    "type": "LineString",
    "coordinates": [
      [
        -5.9372992,
        54.5943696
      ],
      [
        -5.937403,
        54.5943531
      ]
    ]
  }
},
{
  "type": "Feature",
  "id": "way/1454878186",
  "properties": {
    "construction": "tertiary_link",
    "cycleway:left": "no",
    "highway": "construction",
    "lanes": "2",
    "maxspeed": "30 mph",
    "name": "Hope Street",
    "oneway": "yes",
    "surface": "asphalt",
    "id": "way/1454878186"
  },
  "geometry": {
    "type": "LineString",
    "coordinates": [
      [
        -5.9354093,
        54.5933367
      ],
      [
        -5.9351274,
        54.5933543
      ]
    ]
  }
},
{
  "type": "Feature",
  "id": "way/1460293695",
  "properties": {
    "construction": "residential",
    "highway": "construction",
    "id": "way/1460293695"
  },
  "geometry": {
    "type": "LineString",
    "coordinates": [
      [
        -6.0463019,
        54.5350401
      ],
      [
        -6.0463986,
        54.5349669
      ],
      [
        -6.0467844,
        54.5348334
      ],
      [
        -6.0469118,
        54.5347533
      ],
      [
        -6.0471737,
        54.5344761
      ],
      [
        -6.047202,
        54.5343447
      ],
      [
        -6.0471702,
        54.5341168
      ],
      [
        -6.0472162,
        54.5332194
      ],
      [
        -6.0472799,
        54.5331352
      ],
      [
        -6.0474303,
        54.5330009
      ],
      [
        -6.0475466,
        54.5329456
      ],
      [
        -6.04763,
        54.5328695
      ]
    ]
  }
},
{
  "type": "Feature",
  "id": "way/1499598786",
  "properties": {
    "construction": "residential",
    "highway": "construction",
    "id": "way/1499598786"
  },
  "geometry": {
    "type": "LineString",
    "coordinates": [
      [
        -6.0443822,
        54.5577319
      ],
      [
        -6.0442866,
        54.5576942
      ],
      [
        -6.0438682,
        54.5575573
      ]
    ]
  }
},
{
  "type": "Feature",
  "id": "way/1499606941",
  "properties": {
    "construction": "residential",
    "highway": "construction",
    "id": "way/1499606941"
  },
  "geometry": {
    "type": "LineString",
    "coordinates": [
      [
        -6.0323248,
        54.5515815
      ],
      [
        -6.0332128,
        54.5519622
      ],
      [
        -6.0333086,
        54.5519717
      ],
      [
        -6.033451,
        54.5519216
      ]
    ]
  }
}
]
}
