{
"type": "FeatureCollection",
"features": [
{
  "type": "Feature",
  "id": "relation/4612950",
  "properties": {
    "amenity": "social_facility",
    "building": "yes",
    "name": "Louisville Nursing Home",
    "social_facility": "nursing_home",
    "type": "multipolygon",
    "id": "relation/4612950"
  },
  "geometry": {
    "type": "Polygon",
    "coordinates": [
      [
        [
          -6.0089898,
          54.5773626
        ],
        [
          -6.0089063,
          54.5772529
        ],
        [
          -6.0088704,
          54.577262
        ],
        [
          -6.0088005,
          54.5771701
        ],
        [
          -6.0088448,
          54.5771588
        ],
        [
          -6.0087852,
          54.5770805
        ],
        [
          -6.0085005,
          54.5771533
        ],
        [
          -6.0085625,
          54.5772348
        ],
        [
          -6.0086237,
          54.5772191
        ],
        [
          -6.0086869,
          54.5773022
        ],
        [
          -6.0083099,
          54.5773985
        ],
        [
          -6.0082253,
          54.5772872
        ],
        [
          -6.008088,
          54.5773223
        ],
        [
          -6.008048,
          54.5772697
        ],
        [
          -6.0073319,
          54.5774527
        ],
        [
          -6.0075459,
          54.577734
        ],
        [
          -6.0075569,
          54.5777311
        ],
        [
          -6.0076014,
          54.5777897
        ],
        [
          -6.0076403,
          54.5777798
        ],
        [
          -6.007671,
          54.5778202
        ],
        [
          -6.0077786,
          54.5777927
        ],
        [
          -6.0077023,
          54.5776925
        ],
        [
          -6.0079151,
          54.5776381
        ],
        [
          -6.0082532,
          54.5775517
        ],
        [
          -6.0082406,
          54.5775351
        ],
        [
          -6.008746,
          54.577406
        ],
        [
          -6.008758,
          54.5774218
        ],
        [
          -6.0089898,
          54.5773626
        ]
      ],
      [
        [
          -6.0077857,
          54.5775258
        ],
        [
          -6.0076813,
          54.5775546
        ],
        [
          -6.0077051,
          54.5775836
        ],
        [
          -6.0076471,
          54.5775996
        ],
        [
          -6.0075678,
          54.5775028
        ],
        [
          -6.0076441,
          54.5774818
        ],
        [
          -6.0076593,
          54.5775004
        ],
        [
          -6.0077454,
          54.5774767
        ],
        [
          -6.0077857,
          54.5775258
        ]
      ],
      [
        [
          -6.008025,
          54.5775032
        ],
        [
          -6.0079807,
          54.5775149
        ],
        [
          -6.0079535,
          54.5774803
        ],
        [
          -6.0078349,
          54.5775116
        ],
        [
          -6.0077967,
          54.5774631
        ],
        [
          -6.0078966,
          54.5774367
        ],
        [
          -6.0078828,
          54.5774191
        ],
        [
          -6.0079458,
          54.5774025
        ],
        [
          -6.008025,
          54.5775032
        ]
      ]
    ]
  }
},
{
  "type": "Feature",
  "id": "relation/5879987",
  "properties": {
    "addr:city": "Belfast",
    "addr:housename": "Castle Buildings",
    "addr:postcode": "BT4 3SG",
    "addr:street": "Stormont Estate",
    "building": "yes",
    "department": "DHSSPS",
    "department_1": "DOJ",
    "government": "ministry",
    "name": "Castle Buildings",
    "office": "government",
    "type": "multipolygon",
    "wikidata": "Q5050011",
    "wikipedia": "en:Castle Buildings",
    "id": "relation/5879987"
  },
  "geometry": {
    "type": "Polygon",
    "coordinates": [
      [
        [
          -5.8298279,
          54.5996879
        ],
        [
          -5.8302191,
          54.5995267
        ],
        [
          -5.8300368,
          54.5993782
        ],
        [
          -5.8305405,
          54.5991707
        ],
        [
          -5.830271,
          54.5989512
        ],
        [
          -5.830036,
          54.5990481
        ],
        [
          -5.8296631,
          54.5987444
        ],
        [
          -5.8292763,
          54.5989037
        ],
        [
          -5.8294635,
          54.5990562
        ],
        [
          -5.8290656,
          54.5992202
        ],
        [
          -5.8286764,
          54.5989032
        ],
        [
          -5.8282997,
          54.5990584
        ],
        [
          -5.8285741,
          54.5992819
        ],
        [
          -5.8288099,
          54.5991847
        ],
        [
          -5.8290587,
          54.5993874
        ],
        [
          -5.8289244,
          54.5994427
        ],
        [
          -5.8290822,
          54.5995712
        ],
        [
          -5.8294822,
          54.5994064
        ],
        [
          -5.8298279,
          54.5996879
        ]
      ],
      [
        [
          -5.8300214,
          54.5992313
        ],
        [
          -5.8296813,
          54.5993722
        ],
        [
          -5.8294525,
          54.5991867
        ],
        [
          -5.8297926,
          54.5990459
        ],
        [
          -5.8300214,
          54.5992313
        ]
      ]
    ]
  }
},
{
  "type": "Feature",
  "id": "relation/5987538",
  "properties": {
    "amenity": "social_facility",
    "building": "yes",
    "social_facility": "nursing_home",
    "social_facility:for": "senior",
    "type": "multipolygon",
    "id": "relation/5987538"
  },
  "geometry": {
    "type": "Polygon",
    "coordinates": [
      [
        [
          -5.9373385,
          54.6075543
        ],
        [
          -5.9383719,
          54.6078156
        ],
        [
          -5.9384633,
          54.6076973
        ],
        [
          -5.9379838,
          54.6075634
        ],
        [
          -5.9380299,
          54.607508
        ],
        [
          -5.9380845,
          54.6075122
        ],
        [
          -5.9382191,
          54.6074911
        ],
        [
          -5.9383277,
          54.6075165
        ],
        [
          -5.9383723,
          54.6074527
        ],
        [
          -5.9382664,
          54.6074279
        ],
        [
          -5.9382227,
          54.6073625
        ],
        [
          -5.9382746,
          54.6072858
        ],
        [
          -5.9386776,
          54.6073773
        ],
        [
          -5.9388995,
          54.6073309
        ],
        [
          -5.9390819,
          54.6070958
        ],
        [
          -5.9390339,
          54.6069569
        ],
        [
          -5.9389095,
          54.6069223
        ],
        [
          -5.9389441,
          54.6068751
        ],
        [
          -5.9385611,
          54.6067809
        ],
        [
          -5.9383283,
          54.6068272
        ],
        [
          -5.9381172,
          54.6071265
        ],
        [
          -5.9382009,
          54.6072298
        ],
        [
          -5.9381649,
          54.6072783
        ],
        [
          -5.9378214,
          54.6071928
        ],
        [
          -5.937729,
          54.6073172
        ],
        [
          -5.9379119,
          54.6073628
        ],
        [
          -5.9378591,
          54.6074339
        ],
        [
          -5.9379631,
          54.6074648
        ],
        [
          -5.9379097,
          54.6075265
        ],
        [
          -5.9378602,
          54.6075161
        ],
        [
          -5.9378469,
          54.6075334
        ],
        [
          -5.9375912,
          54.6074635
        ],
        [
          -5.9375667,
          54.6073692
        ],
        [
          -5.9374957,
          54.6072626
        ],
        [
          -5.9373737,
          54.6071709
        ],
        [
          -5.9372777,
          54.607123
        ],
        [
          -5.9371009,
          54.6072233
        ],
        [
          -5.9371748,
          54.607274
        ],
        [
          -5.9372621,
          54.6073351
        ],
        [
          -5.9373131,
          54.6074131
        ],
        [
          -5.9373531,
          54.6074784
        ],
        [
          -5.9373385,
          54.6075543
        ]
      ],
      [
        [
          -5.9388049,
          54.6070591
        ],
        [
          -5.9387067,
          54.6071834
        ],
        [
          -5.9386521,
          54.6071939
        ],
        [
          -5.9384301,
          54.6071349
        ],
        [
          -5.9384156,
          54.6071054
        ],
        [
          -5.9385211,
          54.6069727
        ],
        [
          -5.9385684,
          54.6069663
        ],
        [
          -5.9387904,
          54.6070296
        ],
        [
          -5.9388049,
          54.6070591
        ]
      ]
    ]
  }
},
{
  "type": "Feature",
  "id": "relation/6010674",
  "properties": {
    "addr:city": "Belfast",
    "addr:housename": "Northern Ireland Assembly",
    "addr:neighbourhood": "Ballymiscaw",
    "addr:postcode": "BT4 3XX",
    "addr:street": "Stormont Estate",
    "building": "yes",
    "building:levels": "5",
    "government": "legislative",
    "name": "Parliament Buildings",
    "office": "government",
    "opening_hours": "Mo-Fr 09:00-16:00",
    "operator": "Northern Ireland Assembly",
    "toilets:wheelchair": "yes",
    "type": "multipolygon",
    "website": "https://www.niassembly.gov.uk/",
    "wheelchair": "yes",
    "wheelchair:description": "Disabled entrance is on the right hand side of the building (not the Front Entrance) and staff will direct you to it. There is an entrance separate from the revolving door for wheelchair users.",
    "wikidata": "Q3175922",
    "wikipedia": "en:Parliament Buildings (Northern Ireland)",
    "id": "relation/6010674"
  },
  "geometry": {
    "type": "Polygon",
    "coordinates": [
      [
        [
          -5.8330696,
          54.605021
        ],
        [
          -5.8323977,
          54.6048278
        ],
        [
          -5.8324242,
          54.6047972
        ],
        [
          -5.8322813,
          54.6047577
        ],
        [
          -5.8321267,
          54.6047117
        ],
        [
          -5.8320962,
          54.6047476
        ],
        [
          -5.8314531,
          54.6045745
        ],
        [
          -5.8314366,
          54.6045963
        ],
        [
          -5.8313822,
          54.6046683
        ],
        [
          -5.8313525,
          54.6046606
        ],
        [
          -5.8312624,
          54.6047747
        ],
        [
          -5.8311676,
          54.6048917
        ],
        [
          -5.8311879,
          54.6048992
        ],
        [
          -5.8311152,
          54.604983
        ],
        [
          -5.8317587,
          54.6051632
        ],
        [
          -5.8317491,
          54.6051776
        ],
        [
          -5.8320626,
          54.6052666
        ],
        [
          -5.8320736,
          54.6052533
        ],
        [
          -5.8327012,
          54.6054253
        ],
        [
          -5.8327846,
          54.6053369
        ],
        [
          -5.8328133,
          54.6053416
        ],
        [
          -5.8328994,
          54.6052433
        ],
        [
          -5.8330218,
          54.6051123
        ],
        [
          -5.8329944,
          54.6051037
        ],
        [
          -5.8330696,
          54.605021
        ]
      ],
      [
        [
          -5.8324057,
          54.6049469
        ],
        [
          -5.8323375,
          54.6050272
        ],
        [
          -5.8322117,
          54.6049914
        ],
        [
          -5.8322799,
          54.6049111
        ],
        [
          -5.8324057,
          54.6049469
        ]
      ],
      [
        [
          -5.8322638,
          54.6051008
        ],
        [
          -5.8321956,
          54.6051811
        ],
        [
          -5.8320698,
          54.6051452
        ],
        [
          -5.832138,
          54.6050649
        ],
        [
          -5.8322638,
          54.6051008
        ]
      ],
      [
        [
          -5.8318963,
          54.6049975
        ],
        [
          -5.8318281,
          54.6050778
        ],
        [
          -5.8317023,
          54.605042
        ],
        [
          -5.8317705,
          54.6049617
        ],
        [
          -5.8318963,
          54.6049975
        ]
      ],
      [
        [
          -5.8320294,
          54.6048413
        ],
        [
          -5.8319612,
          54.6049216
        ],
        [
          -5.8318354,
          54.6048858
        ],
        [
          -5.8319036,
          54.6048055
        ],
        [
          -5.8320294,
          54.6048413
        ]
      ],
      [
        [
          -5.8317052,
          54.6048242
        ],
        [
          -5.8314894,
          54.6047651
        ],
        [
          -5.8315388,
          54.6047045
        ],
        [
          -5.8317547,
          54.6047636
        ],
        [
          -5.8317052,
          54.6048242
        ]
      ],
      [
        [
          -5.8315657,
          54.6049936
        ],
        [
          -5.8313499,
          54.6049345
        ],
        [
          -5.8313994,
          54.6048739
        ],
        [
          -5.8316152,
          54.604933
        ],
        [
          -5.8315657,
          54.6049936
        ]
      ],
      [
        [
          -5.8325687,
          54.6052846
        ],
        [
          -5.8323529,
          54.6052255
        ],
        [
          -5.8324024,
          54.6051649
        ],
        [
          -5.8326182,
          54.605224
        ],
        [
          -5.8325687,
          54.6052846
        ]
      ],
      [
        [
          -5.8327084,
          54.6051086
        ],
        [
          -5.8324925,
          54.6050494
        ],
        [
          -5.832542,
          54.6049888
        ],
        [
          -5.8327578,
          54.6050479
        ],
        [
          -5.8327084,
          54.6051086
        ]
      ]
    ]
  }
},
{
  "type": "Feature",
  "id": "relation/7093732",
  "properties": {
    "addr:city": "Belfast",
    "addr:housenumber": "110",
    "addr:postcode": "BT8 6GR",
    "addr:street": "Saintfield Road",
    "amenity": "social_facility",
    "building": "residential",
    "name": "Beechcroft Child and Adolescent Mental Health Unit",
    "operator": "Belfast Health and Social Care Trust",
    "operator:short": "BHSCT",
    "operator:type": "public",
    "operator:wikidata": "Q4882291",
    "phone": "+44 28 9063 8000",
    "social_facility:for": "mental_health",
    "type": "multipolygon",
    "website": "https://belfasttrust.hscni.net/hospitals/beechcroft/",
    "id": "relation/7093732"
  },
  "geometry": {
    "type": "Polygon",
    "coordinates": [
      [
        [
          -5.9041894,
          54.5628285
        ],
        [
          -5.9044764,
          54.5625361
        ],
        [
          -5.9045246,
          54.5625509
        ],
        [
          -5.9045541,
          54.5625214
        ],
        [
          -5.9045193,
          54.5625112
        ],
        [
          -5.9046534,
          54.5623775
        ],
        [
          -5.9047003,
          54.5623931
        ],
        [
          -5.9047593,
          54.5623347
        ],
        [
          -5.9047124,
          54.5623192
        ],
        [
          -5.9048318,
          54.5622002
        ],
        [
          -5.9053025,
          54.5621318
        ],
        [
          -5.9052609,
          54.562026
        ],
        [
          -5.9050745,
          54.5620478
        ],
        [
          -5.9050597,
          54.5620268
        ],
        [
          -5.9050369,
          54.5620113
        ],
        [
          -5.9050088,
          54.5620019
        ],
        [
          -5.9050785,
          54.5619296
        ],
        [
          -5.904923,
          54.5618721
        ],
        [
          -5.9048653,
          54.5619265
        ],
        [
          -5.9048304,
          54.5619156
        ],
        [
          -5.9047057,
          54.5620439
        ],
        [
          -5.9047392,
          54.562054
        ],
        [
          -5.9047312,
          54.5620641
        ],
        [
          -5.904705,
          54.5620727
        ],
        [
          -5.904695,
          54.5620855
        ],
        [
          -5.9046943,
          54.5620995
        ],
        [
          -5.9045032,
          54.5621302
        ],
        [
          -5.904467,
          54.5620517
        ],
        [
          -5.9045179,
          54.5620431
        ],
        [
          -5.9044576,
          54.5619288
        ],
        [
          -5.9044107,
          54.5619374
        ],
        [
          -5.9044026,
          54.5619234
        ],
        [
          -5.9042135,
          54.5619537
        ],
        [
          -5.9043141,
          54.5621543
        ],
        [
          -5.9040941,
          54.5621878
        ],
        [
          -5.9040507,
          54.5621047
        ],
        [
          -5.9040761,
          54.5621004
        ],
        [
          -5.9040472,
          54.5620431
        ],
        [
          -5.9037911,
          54.5620828
        ],
        [
          -5.9038219,
          54.5621403
        ],
        [
          -5.9038541,
          54.5621349
        ],
        [
          -5.9039158,
          54.5622593
        ],
        [
          -5.9036797,
          54.5622943
        ],
        [
          -5.9036985,
          54.5623316
        ],
        [
          -5.9036824,
          54.562334
        ],
        [
          -5.9037146,
          54.5624063
        ],
        [
          -5.9039627,
          54.5623736
        ],
        [
          -5.9040338,
          54.5625361
        ],
        [
          -5.9038648,
          54.5625595
        ],
        [
          -5.9038742,
          54.5625773
        ],
        [
          -5.9036623,
          54.5626069
        ],
        [
          -5.9037052,
          54.5627018
        ],
        [
          -5.904011,
          54.5626574
        ],
        [
          -5.9039962,
          54.5626287
        ],
        [
          -5.9040566,
          54.5626209
        ],
        [
          -5.9040311,
          54.5625618
        ],
        [
          -5.90407,
          54.5625571
        ],
        [
          -5.9041156,
          54.5626637
        ],
        [
          -5.9040767,
          54.562701
        ],
        [
          -5.9040499,
          54.5626932
        ],
        [
          -5.9040164,
          54.5627305
        ],
        [
          -5.9040445,
          54.5627391
        ],
        [
          -5.9040164,
          54.5627694
        ],
        [
          -5.9041894,
          54.5628285
        ]
      ],
      [
        [
          -5.9042283,
          54.5624965
        ],
        [
          -5.9041411,
          54.5622997
        ],
        [
          -5.9045622,
          54.5622368
        ],
        [
          -5.904298,
          54.5624879
        ],
        [
          -5.9042283,
          54.5624965
        ]
      ]
    ]
  }
},
{
  "type": "Feature",
  "id": "relation/7444449",
  "properties": {
    "amenity": "grave_yard",
    "anglican": "Church of Ireland",
    "denomination": "anglican",
    "religion": "christian",
    "type": "multipolygon",
    "id": "relation/7444449"
  },
  "geometry": {
    "type": "Polygon",
    "coordinates": [
      [
        [
          -5.9127363,
          54.5614481
        ],
        [
          -5.9124349,
          54.5614476
        ],
        [
          -5.9124357,
          54.5614071
        ],
        [
          -5.9120887,
          54.5613794
        ],
        [
          -5.911215,
          54.5614628
        ],
        [
          -5.9112264,
          54.5616678
        ],
        [
          -5.9112863,
          54.5620662
        ],
        [
          -5.9120983,
          54.5620822
        ],
        [
          -5.9128354,
          54.5620188
        ],
        [
          -5.9128095,
          54.5618402
        ],
        [
          -5.912781,
          54.5618159
        ],
        [
          -5.9127718,
          54.5617287
        ],
        [
          -5.9127237,
          54.5617083
        ],
        [
          -5.9127002,
          54.5616371
        ],
        [
          -5.9127616,
          54.561594
        ],
        [
          -5.9127363,
          54.5614481
        ]
      ],
      [
        [
          -5.9123504,
          54.5617521
        ],
        [
          -5.9122441,
          54.561822
        ],
        [
          -5.9118273,
          54.5618372
        ],
        [
          -5.9118011,
          54.5617057
        ],
        [
          -5.9119116,
          54.5616288
        ],
        [
          -5.9121562,
          54.561667
        ],
        [
          -5.91231,
          54.5616641
        ],
        [
          -5.9123156,
          54.5616995
        ],
        [
          -5.9123461,
          54.5617139
        ],
        [
          -5.9123504,
          54.5617521
        ]
      ]
    ]
  }
},
{
  "type": "Feature",
  "id": "relation/7664008",
  "properties": {
    "building": "yes",
    "government": "administrative",
    "name": "Education Authority",
    "office": "government",
    "type": "multipolygon",
    "wikidata": "Q5341102",
    "wikipedia": "en:Education in Northern Ireland",
    "id": "relation/7664008"
  },
  "geometry": {
    "type": "Polygon",
    "coordinates": [
      [
        [
          -5.9280276,
          54.6044948
        ],
        [
          -5.9284412,
          54.6040845
        ],
        [
          -5.9279446,
          54.603911
        ],
        [
          -5.9275586,
          54.6043552
        ],
        [
          -5.9280276,
          54.6044948
        ]
      ],
      [
        [
          -5.9279397,
          54.604353
        ],
        [
          -5.927754,
          54.6042962
        ],
        [
          -5.9279653,
          54.6040644
        ],
        [
          -5.928151,
          54.6041212
        ],
        [
          -5.9279397,
          54.604353
        ]
      ]
    ]
  }
},
{
  "type": "Feature",
  "id": "relation/8194573",
  "properties": {
    "amenity": "social_facility",
    "building": "yes",
    "name": "Malton Fold",
    "social_facility": "group_home",
    "social_facility:for": "senior",
    "type": "multipolygon",
    "id": "relation/8194573"
  },
  "geometry": {
    "type": "Polygon",
    "coordinates": [
      [
        [
          -5.9705029,
          54.5589736
        ],
        [
          -5.9704152,
          54.5589917
        ],
        [
          -5.9704115,
          54.5589743
        ],
        [
          -5.9703246,
          54.5589936
        ],
        [
          -5.9703348,
          54.559009
        ],
        [
          -5.9702485,
          54.5590281
        ],
        [
          -5.9702371,
          54.5590109
        ],
        [
          -5.9701586,
          54.5590283
        ],
        [
          -5.9701714,
          54.5590477
        ],
        [
          -5.9697527,
          54.5591405
        ],
        [
          -5.9697438,
          54.5591271
        ],
        [
          -5.9697216,
          54.5591321
        ],
        [
          -5.9697459,
          54.5591688
        ],
        [
          -5.9696042,
          54.5592002
        ],
        [
          -5.9696398,
          54.5592541
        ],
        [
          -5.9696632,
          54.5592489
        ],
        [
          -5.9697525,
          54.5593844
        ],
        [
          -5.9697249,
          54.5593904
        ],
        [
          -5.9697897,
          54.5594891
        ],
        [
          -5.9698577,
          54.5594741
        ],
        [
          -5.96995,
          54.5596151
        ],
        [
          -5.9699855,
          54.5596073
        ],
        [
          -5.9700104,
          54.5596457
        ],
        [
          -5.9701642,
          54.5596121
        ],
        [
          -5.9701272,
          54.559555
        ],
        [
          -5.9700847,
          54.5595642
        ],
        [
          -5.9700227,
          54.5594678
        ],
        [
          -5.9699343,
          54.5594869
        ],
        [
          -5.9699195,
          54.5594638
        ],
        [
          -5.9700678,
          54.5594319
        ],
        [
          -5.9700509,
          54.5594054
        ],
        [
          -5.9701065,
          54.5593935
        ],
        [
          -5.9701338,
          54.5594366
        ],
        [
          -5.9702028,
          54.5594219
        ],
        [
          -5.9701931,
          54.5594066
        ],
        [
          -5.9702196,
          54.559401
        ],
        [
          -5.9702278,
          54.5594142
        ],
        [
          -5.9702802,
          54.5594032
        ],
        [
          -5.9702695,
          54.559386
        ],
        [
          -5.9703007,
          54.5593795
        ],
        [
          -5.9703097,
          54.559394
        ],
        [
          -5.9703579,
          54.559384
        ],
        [
          -5.9703481,
          54.5593682
        ],
        [
          -5.9704456,
          54.559348
        ],
        [
          -5.9705153,
          54.5594616
        ],
        [
          -5.970465,
          54.5594719
        ],
        [
          -5.9705023,
          54.5595328
        ],
        [
          -5.9706521,
          54.5595019
        ],
        [
          -5.9706235,
          54.5594551
        ],
        [
          -5.970652,
          54.5594492
        ],
        [
          -5.9705852,
          54.5593402
        ],
        [
          -5.9705375,
          54.55935
        ],
        [
          -5.9704962,
          54.5592826
        ],
        [
          -5.9705302,
          54.5592756
        ],
        [
          -5.9704211,
          54.5590975
        ],
        [
          -5.9703962,
          54.5591027
        ],
        [
          -5.9703728,
          54.5590645
        ],
        [
          -5.9704435,
          54.55905
        ],
        [
          -5.9704572,
          54.5590723
        ],
        [
          -5.9705514,
          54.5590528
        ],
        [
          -5.9705029,
          54.5589736
        ]
      ],
      [
        [
          -5.9703985,
          54.5592818
        ],
        [
          -5.9703695,
          54.559288
        ],
        [
          -5.9703797,
          54.559304
        ],
        [
          -5.9700025,
          54.5593853
        ],
        [
          -5.9699738,
          54.5593405
        ],
        [
          -5.9698564,
          54.5593658
        ],
        [
          -5.9697683,
          54.5592283
        ],
        [
          -5.9702736,
          54.5591194
        ],
        [
          -5.9702887,
          54.559143
        ],
        [
          -5.970307,
          54.5591391
        ],
        [
          -5.9703985,
          54.5592818
        ]
      ]
    ]
  }
},
{
  "type": "Feature",
  "id": "relation/8281571",
  "properties": {
    "addr:city": "Ballylesson",
    "addr:street": "Ballylesson Road",
    "amenity": "grave_yard",
    "anglican": "Church of Ireland",
    "denomination": "anglican",
    "religion": "christian",
    "type": "multipolygon",
    "id": "relation/8281571"
  },
  "geometry": {
    "type": "Polygon",
    "coordinates": [
      [
        [
          -5.9478808,
          54.5364793
        ],
        [
          -5.9473591,
          54.5360236
        ],
        [
          -5.9471113,
          54.5358825
        ],
        [
          -5.9467552,
          54.5356798
        ],
        [
          -5.9461485,
          54.5364908
        ],
        [
          -5.9465142,
          54.5369448
        ],
        [
          -5.947464,
          54.5369168
        ],
        [
          -5.9482096,
          54.5367556
        ],
        [
          -5.9478808,
          54.5364793
        ]
      ],
      [
        [
          -5.9472188,
          54.5362827
        ],
        [
          -5.9473066,
          54.5363515
        ],
        [
          -5.9472561,
          54.5363732
        ],
        [
          -5.947242,
          54.5363622
        ],
        [
          -5.9470558,
          54.5364422
        ],
        [
          -5.9471015,
          54.536478
        ],
        [
          -5.9470195,
          54.5365132
        ],
        [
          -5.9469755,
          54.5364786
        ],
        [
          -5.9469274,
          54.5364992
        ],
        [
          -5.9468385,
          54.5364296
        ],
        [
          -5.9468891,
          54.5364078
        ],
        [
          -5.9468402,
          54.5363695
        ],
        [
          -5.9469234,
          54.5363337
        ],
        [
          -5.9469693,
          54.5363697
        ],
        [
          -5.9471228,
          54.5363038
        ],
        [
          -5.9471394,
          54.5363168
        ],
        [
          -5.9472188,
          54.5362827
        ]
      ],
      [
        [
          -5.9475027,
          54.5362779
        ],
        [
          -5.9473254,
          54.5363588
        ],
        [
          -5.9471636,
          54.536232
        ],
        [
          -5.9472927,
          54.536181
        ],
        [
          -5.9473994,
          54.536193
        ],
        [
          -5.9475027,
          54.5362779
        ]
      ]
    ]
  }
},
{
  "type": "Feature",
  "id": "relation/8334606",
  "properties": {
    "addr:city": "Belfast",
    "addr:postcode": "BT1 1EA",
    "addr:street": "Royal Avenue",
    "amenity": "library",
    "building": "library",
    "building:part": "yes",
    "contact:facebook": "https://www.facebook.com/LibrariesNorthernIreland",
    "contact:instagram": "https://www.instagram.com/librariesni/",
    "contact:twitter": "http://www.twitter.com/librariesni",
    "contact:youtube": "http://www.youtube.com/librariesni",
    "email": "enquiries@librariesni.org.uk",
    "internet_access": "yes",
    "name": "Belfast Central Library",
    "operator": "Northern Ireland Library Authority",
    "operator:type": "public",
    "operator:wikidata": "Q50693680",
    "start_date": "1888",
    "type": "multipolygon",
    "website": "https://www.librariesni.org.uk/libraries/greater-belfast/belfast-central-library/",
    "wheelchair": "yes",
    "wikidata": "Q4882250",
    "wikipedia": "en:Belfast Central Library",
    "id": "relation/8334606"
  },
  "geometry": {
    "type": "MultiPolygon",
    "coordinates": [
      [
        [
          [
            -5.9319091,
            54.6030166
          ],
          [
            -5.9319502,
            54.6030289
          ],
          [
            -5.9319975,
            54.6029757
          ],
          [
            -5.9318896,
            54.6030102
          ],
          [
            -5.9316578,
            54.6029411
          ],
          [
            -5.9316191,
            54.6029846
          ],
          [
            -5.9316952,
            54.6030073
          ],
          [
            -5.9318708,
            54.6030596
          ],
          [
            -5.9319091,
            54.6030166
          ]
        ]
      ],
      [
        [
          [
            -5.9315019,
            54.6028947
          ],
          [
            -5.9316578,
            54.6029411
          ],
          [
            -5.9318896,
            54.6030102
          ],
          [
            -5.9319975,
            54.6029757
          ],
          [
            -5.9320008,
            54.602972
          ],
          [
            -5.931552,
            54.6028382
          ],
          [
            -5.9315019,
            54.6028947
          ]
        ]
      ],
      [
        [
          [
            -5.9318708,
            54.6030596
          ],
          [
            -5.9319119,
            54.6030719
          ],
          [
            -5.9319502,
            54.6030289
          ],
          [
            -5.9319091,
            54.6030166
          ],
          [
            -5.9318708,
            54.6030596
          ]
        ]
      ],
      [
        [
          [
            -5.9319975,
            54.6029757
          ],
          [
            -5.9319502,
            54.6030289
          ],
          [
            -5.9320448,
            54.6030567
          ],
          [
            -5.9320922,
            54.6030041
          ],
          [
            -5.9319975,
            54.6029757
          ]
        ]
      ],
      [
        [
          [
            -5.9316191,
            54.6029846
          ],
          [
            -5.9316578,
            54.6029411
          ],
          [
            -5.9315019,
            54.6028947
          ],
          [
            -5.9314633,
            54.6029381
          ],
          [
            -5.9316191,
            54.6029846
          ]
        ]
      ],
      [
        [
          [
            -5.9320109,
            54.6030942
          ],
          [
            -5.9319609,
            54.6031496
          ],
          [
            -5.9320971,
            54.6031909
          ],
          [
            -5.9321471,
            54.6031355
          ],
          [
            -5.9320109,
            54.6030942
          ]
        ]
      ],
      [
        [
          [
            -5.931552,
            54.6028382
          ],
          [
            -5.9312285,
            54.6027418
          ],
          [
            -5.9311145,
            54.6028703
          ],
          [
            -5.9310136,
            54.602984
          ],
          [
            -5.9313371,
            54.6030803
          ],
          [
            -5.9313579,
            54.6030569
          ],
          [
            -5.9314101,
            54.6029981
          ],
          [
            -5.9314633,
            54.6029381
          ],
          [
            -5.9315019,
            54.6028947
          ],
          [
            -5.931552,
            54.6028382
          ]
        ]
      ],
      [
        [
          [
            -5.9314101,
            54.6029981
          ],
          [
            -5.931642,
            54.6030672
          ],
          [
            -5.9316952,
            54.6030073
          ],
          [
            -5.9316191,
            54.6029846
          ],
          [
            -5.9314633,
            54.6029381
          ],
          [
            -5.9314101,
            54.6029981
          ]
        ]
      ],
      [
        [
          [
            -5.9313579,
            54.6030569
          ],
          [
            -5.9315897,
            54.603126
          ],
          [
            -5.931642,
            54.6030672
          ],
          [
            -5.9314101,
            54.6029981
          ],
          [
            -5.9313579,
            54.6030569
          ]
        ]
      ],
      [
        [
          [
            -5.9315897,
            54.603126
          ],
          [
            -5.9313579,
            54.6030569
          ],
          [
            -5.9313371,
            54.6030803
          ],
          [
            -5.9315689,
            54.6031494
          ],
          [
            -5.9315897,
            54.603126
          ]
        ]
      ],
      [
        [
          [
            -5.9322154,
            54.6033474
          ],
          [
            -5.9322244,
            54.6033374
          ],
          [
            -5.93227,
            54.6032869
          ],
          [
            -5.9323148,
            54.6032373
          ],
          [
            -5.9324058,
            54.6031365
          ],
          [
            -5.9324369,
            54.603102
          ],
          [
            -5.9323931,
            54.6030887
          ],
          [
            -5.9323444,
            54.603074
          ],
          [
            -5.9322547,
            54.6030468
          ],
          [
            -5.9320968,
            54.602999
          ],
          [
            -5.9320922,
            54.6030041
          ],
          [
            -5.9320448,
            54.6030567
          ],
          [
            -5.9320109,
            54.6030942
          ],
          [
            -5.9321471,
            54.6031355
          ],
          [
            -5.9320971,
            54.6031909
          ],
          [
            -5.9319609,
            54.6031496
          ],
          [
            -5.9318753,
            54.6032444
          ],
          [
            -5.9322154,
            54.6033474
          ]
        ]
      ]
    ]
  }
},
{
  "type": "Feature",
  "id": "relation/8420414",
  "properties": {
    "addr:city": "Belfast",
    "addr:housenumber": "68",
    "addr:postcode": "BT12 6FF",
    "addr:street": "Ard Na Va Road",
    "amenity": "social_facility",
    "building": "yes",
    "name": "Our Lady's Home",
    "operator": "Macklin Group",
    "social_facility": "group_home",
    "social_facility:for": "senior",
    "type": "multipolygon",
    "id": "relation/8420414"
  },
  "geometry": {
    "type": "Polygon",
    "coordinates": [
      [
        [
          -5.9714059,
          54.5922144
        ],
        [
          -5.9711977,
          54.5921849
        ],
        [
          -5.9711339,
          54.5923358
        ],
        [
          -5.9707726,
          54.5922846
        ],
        [
          -5.9707228,
          54.5924026
        ],
        [
          -5.9709155,
          54.5924298
        ],
        [
          -5.9708815,
          54.5925106
        ],
        [
          -5.9707961,
          54.5924985
        ],
        [
          -5.9707465,
          54.5926167
        ],
        [
          -5.9706368,
          54.5926013
        ],
        [
          -5.9706627,
          54.5925396
        ],
        [
          -5.9704555,
          54.5925105
        ],
        [
          -5.9704425,
          54.5925416
        ],
        [
          -5.9703587,
          54.5925299
        ],
        [
          -5.9704678,
          54.5922677
        ],
        [
          -5.9702554,
          54.5922381
        ],
        [
          -5.9700728,
          54.5926772
        ],
        [
          -5.9699612,
          54.5926617
        ],
        [
          -5.9699419,
          54.5926425
        ],
        [
          -5.969895,
          54.5926377
        ],
        [
          -5.9698674,
          54.5926473
        ],
        [
          -5.9697478,
          54.5926301
        ],
        [
          -5.9697619,
          54.5925969
        ],
        [
          -5.9695192,
          54.5925621
        ],
        [
          -5.9695072,
          54.5925902
        ],
        [
          -5.9694838,
          54.5925868
        ],
        [
          -5.969446,
          54.5926752
        ],
        [
          -5.9694735,
          54.5926792
        ],
        [
          -5.9693981,
          54.5928552
        ],
        [
          -5.9696276,
          54.5928881
        ],
        [
          -5.9696217,
          54.5929021
        ],
        [
          -5.9697798,
          54.5929248
        ],
        [
          -5.9697853,
          54.5929121
        ],
        [
          -5.9698885,
          54.5929269
        ],
        [
          -5.9698989,
          54.5929024
        ],
        [
          -5.9699259,
          54.5929063
        ],
        [
          -5.9699085,
          54.5929471
        ],
        [
          -5.9707852,
          54.5930728
        ],
        [
          -5.9708352,
          54.5929557
        ],
        [
          -5.9708091,
          54.592952
        ],
        [
          -5.970989,
          54.5925281
        ],
        [
          -5.9709139,
          54.5925174
        ],
        [
          -5.9709503,
          54.5924313
        ],
        [
          -5.9712936,
          54.59248
        ],
        [
          -5.9714059,
          54.5922144
        ]
      ],
      [
        [
          -5.9707291,
          54.5926423
        ],
        [
          -5.9706071,
          54.5929246
        ],
        [
          -5.9704335,
          54.5928994
        ],
        [
          -5.970464,
          54.5928288
        ],
        [
          -5.9705253,
          54.5928093
        ],
        [
          -5.9705391,
          54.5927727
        ],
        [
          -5.9705035,
          54.592736
        ],
        [
          -5.9705332,
          54.5926673
        ],
        [
          -5.970612,
          54.5926788
        ],
        [
          -5.9706338,
          54.5926284
        ],
        [
          -5.9707291,
          54.5926423
        ]
      ],
      [
        [
          -5.9703741,
          54.5928909
        ],
        [
          -5.970208,
          54.5928669
        ],
        [
          -5.9703432,
          54.5925521
        ],
        [
          -5.9704362,
          54.5925656
        ],
        [
          -5.9704017,
          54.5926461
        ],
        [
          -5.9704814,
          54.5926576
        ],
        [
          -5.9704502,
          54.5927303
        ],
        [
          -5.9703908,
          54.5927509
        ],
        [
          -5.970375,
          54.5927864
        ],
        [
          -5.9704047,
          54.5928196
        ],
        [
          -5.9703741,
          54.5928909
        ]
      ],
      [
        [
          -5.969958,
          54.5928535
        ],
        [
          -5.9699291,
          54.5928495
        ],
        [
          -5.9699494,
          54.5927997
        ],
        [
          -5.9698199,
          54.5927819
        ],
        [
          -5.9698238,
          54.5927723
        ],
        [
          -5.9696939,
          54.5927546
        ],
        [
          -5.9697118,
          54.5927105
        ],
        [
          -5.9697618,
          54.5927173
        ],
        [
          -5.9697767,
          54.5926807
        ],
        [
          -5.9697512,
          54.5926773
        ],
        [
          -5.9697581,
          54.5926603
        ],
        [
          -5.9698511,
          54.592673
        ],
        [
          -5.9698728,
          54.5926913
        ],
        [
          -5.9699203,
          54.5926982
        ],
        [
          -5.9699499,
          54.5926902
        ],
        [
          -5.9700535,
          54.5927044
        ],
        [
          -5.9699988,
          54.5928381
        ],
        [
          -5.9699661,
          54.5928336
        ],
        [
          -5.969958,
          54.5928535
        ]
      ]
    ]
  }
},
{
  "type": "Feature",
  "id": "relation/8971336",
  "properties": {
    "addr:city": "Belfast",
    "addr:housenumber": "55",
    "addr:postcode": "BT5 4HN",
    "addr:street": "Templemore Avenue",
    "amenity": "community_centre",
    "building": "civic",
    "name": "East Belfast Network Centre",
    "type": "multipolygon",
    "id": "relation/8971336"
  },
  "geometry": {
    "type": "Polygon",
    "coordinates": [
      [
        [
          -5.9023122,
          54.5978411
        ],
        [
          -5.9027169,
          54.5978046
        ],
        [
          -5.9027114,
          54.5977844
        ],
        [
          -5.9027479,
          54.5977809
        ],
        [
          -5.902801,
          54.5977763
        ],
        [
          -5.9027854,
          54.5977186
        ],
        [
          -5.9027637,
          54.5976376
        ],
        [
          -5.9026434,
          54.5971903
        ],
        [
          -5.9025662,
          54.5971972
        ],
        [
          -5.9025583,
          54.5971677
        ],
        [
          -5.9025558,
          54.5971584
        ],
        [
          -5.9021387,
          54.597196
        ],
        [
          -5.9022269,
          54.597524
        ],
        [
          -5.9023122,
          54.5978411
        ]
      ],
      [
        [
          -5.9025853,
          54.5974352
        ],
        [
          -5.9023836,
          54.5974539
        ],
        [
          -5.9023369,
          54.5972857
        ],
        [
          -5.9025387,
          54.5972669
        ],
        [
          -5.9025853,
          54.5974352
        ]
      ],
      [
        [
          -5.9026525,
          54.5977242
        ],
        [
          -5.9024641,
          54.5977413
        ],
        [
          -5.9024199,
          54.5975778
        ],
        [
          -5.9026083,
          54.5975607
        ],
        [
          -5.9026325,
          54.5976502
        ],
        [
          -5.9026525,
          54.5977242
        ]
      ]
    ]
  }
},
{
  "type": "Feature",
  "id": "relation/13935297",
  "properties": {
    "building": "yes",
    "government": "social_security",
    "name": "Jobs and Benefits Office",
    "office": "government",
    "type": "multipolygon",
    "id": "relation/13935297"
  },
  "geometry": {
    "type": "MultiPolygon",
    "coordinates": [
      [
        [
          [
            -5.9501887,
            54.6046324
          ],
          [
            -5.9503263,
            54.6046593
          ],
          [
            -5.9503408,
            54.6046308
          ],
          [
            -5.9503544,
            54.6046038
          ],
          [
            -5.9502199,
            54.604578
          ],
          [
            -5.9501887,
            54.6046324
          ]
        ]
      ],
      [
        [
          [
            -5.9502199,
            54.604578
          ],
          [
            -5.9501284,
            54.6045604
          ],
          [
            -5.9501657,
            54.6044954
          ],
          [
            -5.9501201,
            54.6044866
          ],
          [
            -5.9500828,
            54.6045516
          ],
          [
            -5.9500448,
            54.6045443
          ],
          [
            -5.9498984,
            54.6047994
          ],
          [
            -5.9499241,
            54.6048044
          ],
          [
            -5.9498941,
            54.6048566
          ],
          [
            -5.9499593,
            54.6048691
          ],
          [
            -5.9499654,
            54.6048586
          ],
          [
            -5.9500252,
            54.6048701
          ],
          [
            -5.9500586,
            54.6048119
          ],
          [
            -5.9500828,
            54.6048166
          ],
          [
            -5.9501887,
            54.6046324
          ],
          [
            -5.9502199,
            54.604578
          ]
        ]
      ]
    ]
  }
},
{
  "type": "Feature",
  "id": "relation/17306286",
  "properties": {
    "addr:city": "Belfast",
    "addr:housenumber": "29",
    "addr:street": "Malvern Way",
    "amenity": "social_facility",
    "building": "apartments",
    "name": "Hemsworth Court",
    "social_facility": "assisted_living",
    "social_facility:for": "senior",
    "type": "multipolygon",
    "id": "relation/17306286"
  },
  "geometry": {
    "type": "Polygon",
    "coordinates": [
      [
        [
          -5.943184,
          54.6061012
        ],
        [
          -5.9431983,
          54.6060455
        ],
        [
          -5.9432772,
          54.6060523
        ],
        [
          -5.9433526,
          54.6057589
        ],
        [
          -5.9435031,
          54.6057719
        ],
        [
          -5.9436006,
          54.6053925
        ],
        [
          -5.943461,
          54.6053805
        ],
        [
          -5.9435386,
          54.6050786
        ],
        [
          -5.9434583,
          54.6050717
        ],
        [
          -5.9434731,
          54.6050141
        ],
        [
          -5.9433514,
          54.6050036
        ],
        [
          -5.9433383,
          54.6050544
        ],
        [
          -5.9432497,
          54.6050468
        ],
        [
          -5.9431737,
          54.6053437
        ],
        [
          -5.9430114,
          54.6053297
        ],
        [
          -5.9429106,
          54.6057232
        ],
        [
          -5.943056,
          54.6057356
        ],
        [
          -5.9429805,
          54.6060304
        ],
        [
          -5.9430659,
          54.6060377
        ],
        [
          -5.9430525,
          54.6060899
        ],
        [
          -5.943184,
          54.6061012
        ]
      ],
      [
        [
          -5.9433746,
          54.6056569
        ],
        [
          -5.9431087,
          54.6056335
        ],
        [
          -5.9431567,
          54.6054503
        ],
        [
          -5.9434227,
          54.6054737
        ],
        [
          -5.9433746,
          54.6056569
        ]
      ]
    ]
  }
},
{
  "type": "Feature",
  "id": "way/5293099",
  "properties": {
    "addr:city": "Belfast",
    "addr:housenumber": "27",
    "addr:street": "Knocknagoney Road",
    "amenity": "police",
    "name": "Knocknagoney Police Station",
    "operator": "Police Service of Northern Ireland",
    "operator:wikidata": "Q1482170",
    "id": "way/5293099"
  },
  "geometry": {
    "type": "Polygon",
    "coordinates": [
      [
        [
          -5.85792,
          54.6189435
        ],
        [
          -5.8561799,
          54.6187362
        ],
        [
          -5.8561063,
          54.6187797
        ],
        [
          -5.8559272,
          54.618766
        ],
        [
          -5.8556916,
          54.6196422
        ],
        [
          -5.8567079,
          54.6197366
        ],
        [
          -5.8575704,
          54.6198611
        ],
        [
          -5.85792,
          54.6189435
        ]
      ]
    ]
  }
},
{
  "type": "Feature",
  "id": "way/17281406",
  "properties": {
    "addr:housenumber": "10-14",
    "addr:postcode": "BT1 3GG",
    "addr:street": "Victoria Street",
    "alt_name": "HIgh Court of Northern Ireland",
    "alt_name_1": "Northern Ireland Court of Appeal",
    "alt_name_2": "Court of Judicature of Northern Ireland",
    "amenity": "courthouse",
    "building": "government",
    "name": "Royal Courts of Justice",
    "name:zh": "皇家法院",
    "id": "way/17281406"
  },
  "geometry": {
    "type": "Polygon",
    "coordinates": [
      [
        [
          -5.9226217,
          54.5972886
        ],
        [
          -5.9226113,
          54.5971998
        ],
        [
          -5.9225626,
          54.5972017
        ],
        [
          -5.9224891,
          54.5965661
        ],
        [
          -5.9223764,
          54.5965704
        ],
        [
          -5.9223788,
          54.596591
        ],
        [
          -5.9216475,
          54.5966197
        ],
        [
          -5.9216452,
          54.5965999
        ],
        [
          -5.9215355,
          54.5966042
        ],
        [
          -5.9215445,
          54.5966793
        ],
        [
          -5.9215639,
          54.5966785
        ],
        [
          -5.9216328,
          54.5972388
        ],
        [
          -5.9216098,
          54.5972398
        ],
        [
          -5.9216201,
          54.5973257
        ],
        [
          -5.921765,
          54.5973198
        ],
        [
          -5.9217637,
          54.5972999
        ],
        [
          -5.9224547,
          54.5972738
        ],
        [
          -5.922459,
          54.597295
        ],
        [
          -5.9226217,
          54.5972886
        ]
      ]
    ]
  }
},
{
  "type": "Feature",
  "id": "way/17281408",
  "properties": {
    "addr:city": "Belfast",
    "addr:housename": "Laganside House",
    "addr:postcode": "BT1 3LL",
    "addr:street": "Oxford Street",
    "alt_name": "Belfast Crown Court",
    "alt_name_1": "Belfast Magistrates' Court",
    "amenity": "courthouse",
    "building": "government",
    "name": "Laganside Courts",
    "operator": "Northern Ireland Courts and Tribunals Service",
    "start_date": "1999",
    "website": "http://www.courtsni.gov.uk/",
    "wheelchair": "yes",
    "id": "way/17281408"
  },
  "geometry": {
    "type": "Polygon",
    "coordinates": [
      [
        [
          -5.9227269,
          54.5985775
        ],
        [
          -5.9226214,
          54.5976886
        ],
        [
          -5.9226202,
          54.5976782
        ],
        [
          -5.9219019,
          54.5977068
        ],
        [
          -5.9219056,
          54.5977382
        ],
        [
          -5.9220086,
          54.5986061
        ],
        [
          -5.9227269,
          54.5985775
        ]
      ]
    ]
  }
},
{
  "type": "Feature",
  "id": "way/17495552",
  "properties": {
    "amenity": "social_facility",
    "denomination": "roman_catholic",
    "landuse": "residential",
    "name": "Nazareth House Care Village",
    "operator": "Sisters of Nazareth",
    "religion": "christian",
    "social_facility": "nursing_home",
    "social_facility:for": "senior",
    "id": "way/17495552"
  },
  "geometry": {
    "type": "Polygon",
    "coordinates": [
      [
        [
          -5.9102896,
          54.5778314
        ],
        [
          -5.9103316,
          54.5777501
        ],
        [
          -5.9103334,
          54.5777126
        ],
        [
          -5.9102359,
          54.577665
        ],
        [
          -5.9098862,
          54.577508
        ],
        [
          -5.9095275,
          54.5773274
        ],
        [
          -5.9094557,
          54.5771772
        ],
        [
          -5.9088305,
          54.5770354
        ],
        [
          -5.9082125,
          54.5765927
        ],
        [
          -5.9072897,
          54.5770016
        ],
        [
          -5.9070239,
          54.5771209
        ],
        [
          -5.9067065,
          54.5772599
        ],
        [
          -5.9064272,
          54.5773837
        ],
        [
          -5.9061697,
          54.5776075
        ],
        [
          -5.9069079,
          54.5780254
        ],
        [
          -5.9077319,
          54.5783687
        ],
        [
          -5.9090086,
          54.5787365
        ],
        [
          -5.9092596,
          54.5783736
        ],
        [
          -5.9100096,
          54.5784128
        ],
        [
          -5.9102896,
          54.5778314
        ]
      ]
    ]
  }
},
{
  "type": "Feature",
  "id": "way/19055666",
  "properties": {
    "addr:city": "Belfast",
    "addr:street": "Bankmore Street",
    "amenity": "fire_station",
    "division": "Central",
    "name": "Central Fire Station & Eastern Area Headquarters",
    "operator": "Northern Ireland Fire & Rescue Service",
    "operator:website": "https://www.nifrs.org/",
    "operator:wikidata": "Q12859215",
    "id": "way/19055666"
  },
  "geometry": {
    "type": "Polygon",
    "coordinates": [
      [
        [
          -5.9276208,
          54.5919701
        ],
        [
          -5.927587,
          54.5918797
        ],
        [
          -5.9274754,
          54.5915307
        ],
        [
          -5.9273274,
          54.5915412
        ],
        [
          -5.9271911,
          54.5911655
        ],
        [
          -5.9271227,
          54.590977
        ],
        [
          -5.9270542,
          54.5909856
        ],
        [
          -5.9270523,
          54.5910019
        ],
        [
          -5.9269952,
          54.5910097
        ],
        [
          -5.9269534,
          54.5910144
        ],
        [
          -5.9269271,
          54.5909971
        ],
        [
          -5.9265129,
          54.5910542
        ],
        [
          -5.9265192,
          54.591074
        ],
        [
          -5.9264776,
          54.5910802
        ],
        [
          -5.9264402,
          54.5910857
        ],
        [
          -5.9264301,
          54.5910669
        ],
        [
          -5.926267,
          54.5910889
        ],
        [
          -5.9261403,
          54.5911068
        ],
        [
          -5.926398,
          54.5918175
        ],
        [
          -5.926409,
          54.5918455
        ],
        [
          -5.92644,
          54.591933
        ],
        [
          -5.926483,
          54.5919355
        ],
        [
          -5.9268794,
          54.5919465
        ],
        [
          -5.9269896,
          54.5919507
        ],
        [
          -5.9272553,
          54.5919605
        ],
        [
          -5.9274162,
          54.5919645
        ],
        [
          -5.9276208,
          54.5919701
        ]
      ]
    ]
  }
},
{
  "type": "Feature",
  "id": "way/26344598",
  "properties": {
    "addr:city": "Belfast",
    "addr:housename": "Colby House",
    "addr:postcode": "BT9 5BJ",
    "addr:street": "Stranmillis Court",
    "alt_name": "Ordnance Survey of Northern Ireland",
    "building": "office",
    "name": "Northern Ireland Statistics and Research Agency",
    "office": "government",
    "short_name": "NISRA",
    "id": "way/26344598"
  },
  "geometry": {
    "type": "Polygon",
    "coordinates": [
      [
        [
          -5.932745,
          54.5772172
        ],
        [
          -5.9327472,
          54.5771812
        ],
        [
          -5.9327866,
          54.5771777
        ],
        [
          -5.9327894,
          54.5771395
        ],
        [
          -5.9327505,
          54.5771283
        ],
        [
          -5.9327529,
          54.5770876
        ],
        [
          -5.9322801,
          54.5770672
        ],
        [
          -5.9321293,
          54.5770607
        ],
        [
          -5.9321527,
          54.5768828
        ],
        [
          -5.9320778,
          54.576874
        ],
        [
          -5.932067,
          54.576849
        ],
        [
          -5.9320029,
          54.5768491
        ],
        [
          -5.9319947,
          54.5768697
        ],
        [
          -5.9319243,
          54.5768682
        ],
        [
          -5.9318953,
          54.577048
        ],
        [
          -5.9316227,
          54.5770397
        ],
        [
          -5.9316017,
          54.5771747
        ],
        [
          -5.9327125,
          54.577216
        ],
        [
          -5.932745,
          54.5772172
        ]
      ]
    ]
  }
},
{
  "type": "Feature",
  "id": "way/26370077",
  "properties": {
    "addr:city": "Belfast",
    "addr:housenumber": "91",
    "addr:postcode": "BT1 3JQ",
    "addr:street": "Chichester Street",
    "amenity": "library",
    "building": "civic",
    "name": "Bar Library",
    "operator": "The Bar of Northern Ireland",
    "operator:type": "association",
    "source": "Bing",
    "website": "https://www.barofni.com",
    "id": "way/26370077"
  },
  "geometry": {
    "type": "Polygon",
    "coordinates": [
      [
        [
          -5.9234724,
          54.5974301
        ],
        [
          -5.9234434,
          54.5972221
        ],
        [
          -5.9233817,
          54.597225
        ],
        [
          -5.9232803,
          54.5964955
        ],
        [
          -5.9229006,
          54.5965132
        ],
        [
          -5.9230309,
          54.5974507
        ],
        [
          -5.9234724,
          54.5974301
        ]
      ]
    ]
  }
},
{
  "type": "Feature",
  "id": "way/27812020",
  "properties": {
    "addr:city": "Belfast",
    "addr:street": "Cregagh Road",
    "amenity": "community_centre",
    "building": "yes",
    "name": "Orange Order Headquarters",
    "id": "way/27812020"
  },
  "geometry": {
    "type": "Polygon",
    "coordinates": [
      [
        [
          -5.8940174,
          54.5716107
        ],
        [
          -5.8939681,
          54.5714652
        ],
        [
          -5.8939842,
          54.5714634
        ],
        [
          -5.893953,
          54.5713703
        ],
        [
          -5.8939433,
          54.5713714
        ],
        [
          -5.8939348,
          54.5713455
        ],
        [
          -5.8938707,
          54.5713526
        ],
        [
          -5.8938738,
          54.5713619
        ],
        [
          -5.8938484,
          54.5713647
        ],
        [
          -5.8938297,
          54.5713077
        ],
        [
          -5.8936728,
          54.5713254
        ],
        [
          -5.8937024,
          54.5714125
        ],
        [
          -5.8936631,
          54.571417
        ],
        [
          -5.8936891,
          54.5714935
        ],
        [
          -5.8934968,
          54.5715153
        ],
        [
          -5.893513,
          54.5715633
        ],
        [
          -5.8937195,
          54.5715397
        ],
        [
          -5.8938005,
          54.5715304
        ],
        [
          -5.8938348,
          54.5716315
        ],
        [
          -5.8940174,
          54.5716107
        ]
      ]
    ]
  }
},
{
  "type": "Feature",
  "id": "way/38158621",
  "properties": {
    "addr:city": "Belfast",
    "addr:housenumber": "77",
    "addr:street": "Garnerville Road",
    "amenity": "police",
    "name": "Northern Ireland Police College (Garnerville)",
    "operator": "Police Service of Northern Ireland",
    "operator:wikidata": "Q1482170",
    "police": "academy",
    "id": "way/38158621"
  },
  "geometry": {
    "type": "Polygon",
    "coordinates": [
      [
        [
          -5.8560835,
          54.6122604
        ],
        [
          -5.8554263,
          54.6121411
        ],
        [
          -5.8544135,
          54.611997
        ],
        [
          -5.8537044,
          54.6119764
        ],
        [
          -5.8533882,
          54.6120083
        ],
        [
          -5.8529544,
          54.612166
        ],
        [
          -5.8527312,
          54.6123399
        ],
        [
          -5.8527071,
          54.6124057
        ],
        [
          -5.8523174,
          54.6128222
        ],
        [
          -5.8522448,
          54.6130292
        ],
        [
          -5.8521643,
          54.6131254
        ],
        [
          -5.8520478,
          54.6132948
        ],
        [
          -5.8516693,
          54.6139516
        ],
        [
          -5.8515065,
          54.6141807
        ],
        [
          -5.8513067,
          54.6145081
        ],
        [
          -5.8510539,
          54.6149231
        ],
        [
          -5.8511347,
          54.6149593
        ],
        [
          -5.8513995,
          54.6149787
        ],
        [
          -5.8517234,
          54.6149343
        ],
        [
          -5.8521555,
          54.6148382
        ],
        [
          -5.8532882,
          54.6146126
        ],
        [
          -5.8533374,
          54.6145913
        ],
        [
          -5.8533648,
          54.6145606
        ],
        [
          -5.8533744,
          54.6145136
        ],
        [
          -5.8534517,
          54.6145141
        ],
        [
          -5.8535485,
          54.6145207
        ],
        [
          -5.8535398,
          54.6145735
        ],
        [
          -5.8535715,
          54.6146032
        ],
        [
          -5.8539966,
          54.614627
        ],
        [
          -5.8557353,
          54.6146064
        ],
        [
          -5.8560835,
          54.6122604
        ]
      ]
    ]
  }
},
{
  "type": "Feature",
  "id": "way/38291485",
  "properties": {
    "addr:city": "Dundonald",
    "addr:housenumber": "825-827",
    "addr:street": "Upper Newtownards Road",
    "amenity": "police",
    "name": "Dundonald Police Station",
    "operator": "Police Service of Northern Ireland",
    "operator:wikidata": "Q1482170",
    "id": "way/38291485"
  },
  "geometry": {
    "type": "Polygon",
    "coordinates": [
      [
        [
          -5.8117837,
          54.5940222
        ],
        [
          -5.8117559,
          54.5943476
        ],
        [
          -5.811791,
          54.5944603
        ],
        [
          -5.8118659,
          54.5945497
        ],
        [
          -5.8120044,
          54.5946497
        ],
        [
          -5.8122698,
          54.5947336
        ],
        [
          -5.8123915,
          54.5947474
        ],
        [
          -5.8132506,
          54.5947561
        ],
        [
          -5.8134133,
          54.5947577
        ],
        [
          -5.8134527,
          54.5947581
        ],
        [
          -5.8134527,
          54.5947268
        ],
        [
          -5.8139254,
          54.5947347
        ],
        [
          -5.8139415,
          54.5943548
        ],
        [
          -5.8135057,
          54.5941551
        ],
        [
          -5.8137148,
          54.5939585
        ],
        [
          -5.8133305,
          54.5938288
        ],
        [
          -5.8130177,
          54.5941449
        ],
        [
          -5.8127439,
          54.5940844
        ],
        [
          -5.8123791,
          54.5940455
        ],
        [
          -5.8117837,
          54.5940222
        ]
      ]
    ]
  }
},
{
  "type": "Feature",
  "id": "way/98158500",
  "properties": {
    "addr:housename": "Old Town Hall Building",
    "addr:street": "Victoria Street",
    "amenity": "courthouse",
    "building": "government",
    "name": "The Courthouse",
    "operator": "Northern Ireland Courts and Tribunals Service",
    "source": "survey",
    "website": "http://www.courtsni.gov.uk/",
    "id": "way/98158500"
  },
  "geometry": {
    "type": "Polygon",
    "coordinates": [
      [
        [
          -5.9237502,
          54.5981126
        ],
        [
          -5.9237422,
          54.5980426
        ],
        [
          -5.9236998,
          54.5980442
        ],
        [
          -5.9236896,
          54.5979554
        ],
        [
          -5.9237307,
          54.5979538
        ],
        [
          -5.9237137,
          54.5978055
        ],
        [
          -5.9236606,
          54.5978076
        ],
        [
          -5.9236487,
          54.5977039
        ],
        [
          -5.9237,
          54.597702
        ],
        [
          -5.9236943,
          54.5976526
        ],
        [
          -5.9233795,
          54.5976648
        ],
        [
          -5.9234323,
          54.5981249
        ],
        [
          -5.9237502,
          54.5981126
        ]
      ]
    ]
  }
},
{
  "type": "Feature",
  "id": "way/134903563",
  "properties": {
    "amenity": "community_centre",
    "building": "school",
    "name": "St Teresa's Youth Centre",
    "id": "way/134903563"
  },
  "geometry": {
    "type": "Polygon",
    "coordinates": [
      [
        [
          -5.9912191,
          54.5811835
        ],
        [
          -5.9912265,
          54.5813676
        ],
        [
          -5.9915269,
          54.5813636
        ],
        [
          -5.9915196,
          54.5811795
        ],
        [
          -5.9912191,
          54.5811835
        ]
      ]
    ]
  }
},
{
  "type": "Feature",
  "id": "way/141643090",
  "properties": {
    "amenity": "community_centre",
    "building": "yes",
    "name": "Doyle Youth Club",
    "source": "Bing",
    "id": "way/141643090"
  },
  "geometry": {
    "type": "Polygon",
    "coordinates": [
      [
        [
          -5.909734,
          54.5989901
        ],
        [
          -5.9101061,
          54.5988545
        ],
        [
          -5.9099769,
          54.5987355
        ],
        [
          -5.9098036,
          54.5987986
        ],
        [
          -5.9098216,
          54.5988152
        ],
        [
          -5.9096227,
          54.5988876
        ],
        [
          -5.909734,
          54.5989901
        ]
      ]
    ]
  }
},
{
  "type": "Feature",
  "id": "way/141736366",
  "properties": {
    "addr:city": "Belfast",
    "addr:housenumber": "12-22",
    "addr:postcode": "BT2 8BS",
    "addr:street": "Linenhall Street",
    "building": "yes",
    "name": "Health and Social Care Board (HSCB)",
    "office": "government",
    "id": "way/141736366"
  },
  "geometry": {
    "type": "Polygon",
    "coordinates": [
      [
        [
          -5.9297239,
          54.5949785
        ],
        [
          -5.9296608,
          54.5944653
        ],
        [
          -5.9291434,
          54.5944867
        ],
        [
          -5.9291631,
          54.5946469
        ],
        [
          -5.929436,
          54.5946356
        ],
        [
          -5.9294401,
          54.5946691
        ],
        [
          -5.9293306,
          54.5946736
        ],
        [
          -5.9293411,
          54.5947599
        ],
        [
          -5.9294724,
          54.5947545
        ],
        [
          -5.9294846,
          54.5948544
        ],
        [
          -5.9292621,
          54.5948596
        ],
        [
          -5.9292749,
          54.5949818
        ],
        [
          -5.929272,
          54.5949972
        ],
        [
          -5.9297239,
          54.5949785
        ]
      ]
    ]
  }
},
{
  "type": "Feature",
  "id": "way/141736371",
  "properties": {
    "addr:city": "Belfast",
    "addr:housename": "Clarence Court",
    "addr:housenumber": "10-18",
    "addr:postcode": "BT2 8GB",
    "addr:street": "Adelaide Street",
    "building": "office",
    "email": "info@infrastructure-ni.gov.uk",
    "government": "ministry",
    "name": "Department for Infrastructure",
    "office": "government",
    "phone": "+44 28 9054 0540",
    "website": "https://www.infrastructure-ni.gov.uk/",
    "wikidata": "Q3044778",
    "wikipedia": "en:Department for Infrastructure (Northern Ireland)",
    "id": "way/141736371"
  },
  "geometry": {
    "type": "Polygon",
    "coordinates": [
      [
        [
          -5.928273,
          54.5950131
        ],
        [
          -5.9281795,
          54.5942847
        ],
        [
          -5.9274564,
          54.5943159
        ],
        [
          -5.92755,
          54.5950442
        ],
        [
          -5.928273,
          54.5950131
        ]
      ]
    ]
  }
},
{
  "type": "Feature",
  "id": "way/141741550",
  "properties": {
    "addr:city": "Belfast",
    "addr:housename": "Adelaide House",
    "addr:housenumber": "39-49",
    "addr:postcode": "BT2 8FD",
    "addr:street": "Adelaide Street",
    "building": "office",
    "government": "administrative",
    "name": "Adelaide House",
    "office": "government",
    "id": "way/141741550"
  },
  "geometry": {
    "type": "Polygon",
    "coordinates": [
      [
        [
          -5.9285169,
          54.5945829
        ],
        [
          -5.9288149,
          54.5945716
        ],
        [
          -5.9290344,
          54.5945625
        ],
        [
          -5.9289955,
          54.5942532
        ],
        [
          -5.9284882,
          54.5942665
        ],
        [
          -5.9285169,
          54.5945829
        ]
      ]
    ]
  }
},
{
  "type": "Feature",
  "id": "way/141743090",
  "properties": {
    "amenity": "community_centre",
    "building": "yes",
    "name": "Donegall Pass Community Centre",
    "source": "Bing",
    "id": "way/141743090"
  },
  "geometry": {
    "type": "Polygon",
    "coordinates": [
      [
        [
          -5.929576,
          54.5906295
        ],
        [
          -5.929454,
          54.5906432
        ],
        [
          -5.9294693,
          54.5906888
        ],
        [
          -5.929181,
          54.5907212
        ],
        [
          -5.9292314,
          54.5908723
        ],
        [
          -5.9296417,
          54.5908263
        ],
        [
          -5.929576,
          54.5906295
        ]
      ]
    ]
  }
},
{
  "type": "Feature",
  "id": "way/141743091",
  "properties": {
    "addr:city": "Belfast",
    "addr:housename": "Cecil Ward Building",
    "addr:housenumber": "4-10",
    "addr:postcode": "BT2 8BP",
    "addr:street": "Linenhall Street",
    "building": "public",
    "government": "council",
    "name": "Cecil Ward Building",
    "not:operator:wikidata": "Q10686",
    "office": "government",
    "operator": "Belfast City Council",
    "operator:type": "government",
    "operator:wikidata": "Q55934837",
    "source": "Bing",
    "id": "way/141743091"
  },
  "geometry": {
    "type": "Polygon",
    "coordinates": [
      [
        [
          -5.9292889,
          54.5954805
        ],
        [
          -5.9297945,
          54.5954552
        ],
        [
          -5.9297412,
          54.5950968
        ],
        [
          -5.9292357,
          54.5951221
        ],
        [
          -5.9292889,
          54.5954805
        ]
      ]
    ]
  }
},
{
  "type": "Feature",
  "id": "way/148489397",
  "properties": {
    "addr:city": "Belfast",
    "addr:housenumber": "276",
    "addr:street": "Lisburn Road",
    "amenity": "police",
    "barrier": "wall",
    "name": "Lisburn Road Police Station",
    "operator": "Police Service of Northern Ireland",
    "operator:wikidata": "Q1482170",
    "id": "way/148489397"
  },
  "geometry": {
    "type": "Polygon",
    "coordinates": [
      [
        [
          -5.9520089,
          54.5766757
        ],
        [
          -5.9515581,
          54.5773796
        ],
        [
          -5.9515637,
          54.5774106
        ],
        [
          -5.9516564,
          54.5774308
        ],
        [
          -5.9522906,
          54.577569
        ],
        [
          -5.9523357,
          54.577569
        ],
        [
          -5.9529393,
          54.5770725
        ],
        [
          -5.9530108,
          54.5770137
        ],
        [
          -5.9531021,
          54.5769386
        ],
        [
          -5.9530993,
          54.5769076
        ],
        [
          -5.9520089,
          54.5766757
        ]
      ]
    ]
  }
},
{
  "type": "Feature",
  "id": "way/148714717",
  "properties": {
    "amenity": "community_centre",
    "building": "yes",
    "name": "North Queen Street Community Centre",
    "not:operator:wikidata": "Q10686",
    "operator": "Belfast City Council",
    "operator:type": "government",
    "operator:wikidata": "Q55934837",
    "id": "way/148714717"
  },
  "geometry": {
    "type": "Polygon",
    "coordinates": [
      [
        [
          -5.9308635,
          54.6085178
        ],
        [
          -5.9310876,
          54.6082781
        ],
        [
          -5.9308995,
          54.6082191
        ],
        [
          -5.9308869,
          54.6082326
        ],
        [
          -5.9308051,
          54.608207
        ],
        [
          -5.9305937,
          54.6084331
        ],
        [
          -5.9308635,
          54.6085178
        ]
      ]
    ]
  }
},
{
  "type": "Feature",
  "id": "way/161349950",
  "properties": {
    "addr:city": "Belfast",
    "addr:housename": "The Silvergrove",
    "addr:street": "Montgomery Road",
    "amenity": "social_facility",
    "building": "residential",
    "building:levels": "3",
    "roof:material": "roof_tiles",
    "roof:shape": "hipped",
    "social_facility": "group_home",
    "social_facility:for": "senior",
    "id": "way/161349950"
  },
  "geometry": {
    "type": "Polygon",
    "coordinates": [
      [
        [
          -5.8912212,
          54.5779281
        ],
        [
          -5.8912207,
          54.577864
        ],
        [
          -5.8911433,
          54.5778642
        ],
        [
          -5.891143,
          54.5778282
        ],
        [
          -5.8912486,
          54.5778279
        ],
        [
          -5.891248,
          54.5777622
        ],
        [
          -5.8912263,
          54.5777623
        ],
        [
          -5.8912249,
          54.5775868
        ],
        [
          -5.8907221,
          54.5775882
        ],
        [
          -5.8907222,
          54.5775989
        ],
        [
          -5.8906114,
          54.5775992
        ],
        [
          -5.8906115,
          54.5776109
        ],
        [
          -5.8905102,
          54.5776112
        ],
        [
          -5.8905113,
          54.5777449
        ],
        [
          -5.8904893,
          54.577745
        ],
        [
          -5.8904899,
          54.5778233
        ],
        [
          -5.8905874,
          54.577823
        ],
        [
          -5.8905876,
          54.5778488
        ],
        [
          -5.8905076,
          54.577849
        ],
        [
          -5.8905083,
          54.5779279
        ],
        [
          -5.8906335,
          54.5779276
        ],
        [
          -5.8906334,
          54.5779171
        ],
        [
          -5.8907121,
          54.5779169
        ],
        [
          -5.8907104,
          54.5776932
        ],
        [
          -5.8910212,
          54.5776924
        ],
        [
          -5.8910229,
          54.5779218
        ],
        [
          -5.8911139,
          54.5779215
        ],
        [
          -5.8911139,
          54.5779284
        ],
        [
          -5.8912212,
          54.5779281
        ]
      ]
    ]
  }
},
{
  "type": "Feature",
  "id": "way/163175932",
  "properties": {
    "addr:city": "Belfast",
    "addr:housenumber": "42",
    "addr:street": "Montgomery Road",
    "amenity": "police",
    "barrier": "fence",
    "name": "Lisnasharragh Police Station",
    "operator": "Police Service of Northern Ireland",
    "operator:wikidata": "Q1482170",
    "id": "way/163175932"
  },
  "geometry": {
    "type": "Polygon",
    "coordinates": [
      [
        [
          -5.8822847,
          54.5779394
        ],
        [
          -5.882647,
          54.5792308
        ],
        [
          -5.8838368,
          54.5791422
        ],
        [
          -5.883815,
          54.5790494
        ],
        [
          -5.8857981,
          54.5788701
        ],
        [
          -5.8858308,
          54.5788258
        ],
        [
          -5.8861474,
          54.5787963
        ],
        [
          -5.8861692,
          54.5786719
        ],
        [
          -5.8862893,
          54.5785179
        ],
        [
          -5.8860928,
          54.5776048
        ],
        [
          -5.886047,
          54.5776086
        ],
        [
          -5.8859661,
          54.5776153
        ],
        [
          -5.8859145,
          54.5776195
        ],
        [
          -5.8857835,
          54.5775963
        ],
        [
          -5.8831776,
          54.577836
        ],
        [
          -5.8825757,
          54.5778854
        ],
        [
          -5.8825673,
          54.5778993
        ],
        [
          -5.8825654,
          54.577916
        ],
        [
          -5.8824896,
          54.5779223
        ],
        [
          -5.8824118,
          54.5779288
        ],
        [
          -5.8823623,
          54.5779329
        ],
        [
          -5.8822847,
          54.5779394
        ]
      ]
    ]
  }
},
{
  "type": "Feature",
  "id": "way/195532949",
  "properties": {
    "amenity": "community_centre",
    "building": "yes",
    "name": "Church Hall",
    "id": "way/195532949"
  },
  "geometry": {
    "type": "Polygon",
    "coordinates": [
      [
        [
          -5.8376667,
          54.5822372
        ],
        [
          -5.8375121,
          54.5820009
        ],
        [
          -5.8372162,
          54.5820659
        ],
        [
          -5.8373708,
          54.5823022
        ],
        [
          -5.8376667,
          54.5822372
        ]
      ]
    ]
  }
},
{
  "type": "Feature",
  "id": "way/195532958",
  "properties": {
    "addr:street": "Gilnahirk Road",
    "amenity": "grave_yard",
    "denomination": "presbyterian",
    "religion": "christian",
    "id": "way/195532958"
  },
  "geometry": {
    "type": "Polygon",
    "coordinates": [
      [
        [
          -5.8375077,
          54.5816079
        ],
        [
          -5.8367151,
          54.5814897
        ],
        [
          -5.8364658,
          54.5816213
        ],
        [
          -5.8365033,
          54.5816897
        ],
        [
          -5.837029,
          54.5819213
        ],
        [
          -5.8371015,
          54.5818762
        ],
        [
          -5.837295,
          54.58178
        ],
        [
          -5.8375077,
          54.5816079
        ]
      ]
    ]
  }
},
{
  "type": "Feature",
  "id": "way/217138330",
  "properties": {
    "addr:city": "Belfast",
    "addr:postcode": "BT15 1JP",
    "addr:street": "Whitla Street",
    "amenity": "fire_station",
    "building": "fire_station",
    "name": "Whitla Fire Station & District Headquaters",
    "operator": "Northern Ireland Fire & Rescue Service",
    "operator:wikidata": "Q12859215",
    "id": "way/217138330"
  },
  "geometry": {
    "type": "Polygon",
    "coordinates": [
      [
        [
          -5.9199071,
          54.6106706
        ],
        [
          -5.9200385,
          54.6107108
        ],
        [
          -5.9200262,
          54.6107244
        ],
        [
          -5.9202656,
          54.6107976
        ],
        [
          -5.9203431,
          54.6107126
        ],
        [
          -5.9202876,
          54.6106956
        ],
        [
          -5.9205356,
          54.6104237
        ],
        [
          -5.9203584,
          54.6103695
        ],
        [
          -5.9202128,
          54.6105291
        ],
        [
          -5.9200591,
          54.610482
        ],
        [
          -5.9199546,
          54.6104501
        ],
        [
          -5.919787,
          54.6106338
        ],
        [
          -5.9199071,
          54.6106706
        ]
      ]
    ]
  }
},
{
  "type": "Feature",
  "id": "way/221138352",
  "properties": {
    "addr:city": "Belfast",
    "addr:postcode": "BT5 7GF",
    "addr:street": "Kinross Avenue",
    "amenity": "library",
    "building": "yes",
    "name": "Tullycarnet Library",
    "operator": "Northern Ireland Library Authority",
    "operator:type": "public",
    "operator:wikidata": "Q50693680",
    "id": "way/221138352"
  },
  "geometry": {
    "type": "Polygon",
    "coordinates": [
      [
        [
          -5.8310426,
          54.5895898
        ],
        [
          -5.8309487,
          54.5895233
        ],
        [
          -5.8307939,
          54.5895154
        ],
        [
          -5.8306783,
          54.5895706
        ],
        [
          -5.8306653,
          54.5896566
        ],
        [
          -5.8307619,
          54.5897246
        ],
        [
          -5.830916,
          54.5897324
        ],
        [
          -5.8310292,
          54.5896782
        ],
        [
          -5.8310318,
          54.5896611
        ],
        [
          -5.8310426,
          54.5895898
        ]
      ]
    ]
  }
},
{
  "type": "Feature",
  "id": "way/221142347",
  "properties": {
    "amenity": "community_centre",
    "building": "yes",
    "name": "Tullycarnet Community and Resource Centre",
    "id": "way/221142347"
  },
  "geometry": {
    "type": "Polygon",
    "coordinates": [
      [
        [
          -5.8257652,
          54.5898189
        ],
        [
          -5.8252921,
          54.5897959
        ],
        [
          -5.8252713,
          54.5899394
        ],
        [
          -5.8254418,
          54.5899477
        ],
        [
          -5.8254298,
          54.5900304
        ],
        [
          -5.8256624,
          54.5900417
        ],
        [
          -5.8256856,
          54.5898812
        ],
        [
          -5.8257557,
          54.5898847
        ],
        [
          -5.8257455,
          54.5899544
        ],
        [
          -5.8259819,
          54.5899659
        ],
        [
          -5.8259792,
          54.5899846
        ],
        [
          -5.8263101,
          54.5900008
        ],
        [
          -5.8263263,
          54.5898898
        ],
        [
          -5.8262398,
          54.5898856
        ],
        [
          -5.8262461,
          54.5898424
        ],
        [
          -5.8257652,
          54.5898189
        ]
      ]
    ]
  }
},
{
  "type": "Feature",
  "id": "way/221825965",
  "properties": {
    "amenity": "social_facility",
    "building": "commercial",
    "social_facility": "shelter",
    "social_facility:for": "homeless",
    "id": "way/221825965"
  },
  "geometry": {
    "type": "Polygon",
    "coordinates": [
      [
        [
          -5.9211777,
          54.6089048
        ],
        [
          -5.9213131,
          54.6087526
        ],
        [
          -5.9209207,
          54.6086354
        ],
        [
          -5.9207853,
          54.6087876
        ],
        [
          -5.9211777,
          54.6089048
        ]
      ]
    ]
  }
},
{
  "type": "Feature",
  "id": "way/227647040",
  "properties": {
    "addr:city": "Belfast",
    "addr:street": "Rosetta Road",
    "amenity": "community_centre",
    "building": "yes",
    "denomination": "roman_catholic",
    "name": "Saint Bernadette's Parish Centre",
    "religion": "christian",
    "id": "way/227647040"
  },
  "geometry": {
    "type": "Polygon",
    "coordinates": [
      [
        [
          -5.8999212,
          54.5686296
        ],
        [
          -5.8997603,
          54.5684356
        ],
        [
          -5.8996383,
          54.5684121
        ],
        [
          -5.8993192,
          54.5685198
        ],
        [
          -5.8995335,
          54.5687377
        ],
        [
          -5.8996572,
          54.5686968
        ],
        [
          -5.8996721,
          54.5687119
        ],
        [
          -5.8998997,
          54.5686367
        ],
        [
          -5.8999212,
          54.5686296
        ]
      ]
    ]
  }
},
{
  "type": "Feature",
  "id": "way/233319367",
  "properties": {
    "addr:city": "Belfast",
    "building": "yes",
    "name": "Stormont Castle",
    "office": "government",
    "operator": "Northern Ireland Executive",
    "wikidata": "Q2670655",
    "id": "way/233319367"
  },
  "geometry": {
    "type": "Polygon",
    "coordinates": [
      [
        [
          -5.8303214,
          54.6020998
        ],
        [
          -5.8303293,
          54.6019027
        ],
        [
          -5.830001,
          54.6018994
        ],
        [
          -5.8299942,
          54.6019302
        ],
        [
          -5.8298551,
          54.6019234
        ],
        [
          -5.8298565,
          54.6018883
        ],
        [
          -5.8298159,
          54.6018843
        ],
        [
          -5.8297605,
          54.6018865
        ],
        [
          -5.82976,
          54.6020189
        ],
        [
          -5.829867,
          54.6020225
        ],
        [
          -5.8298519,
          54.6022676
        ],
        [
          -5.829961,
          54.6022699
        ],
        [
          -5.8299932,
          54.6022682
        ],
        [
          -5.8299998,
          54.602152
        ],
        [
          -5.830047,
          54.6021517
        ],
        [
          -5.8300496,
          54.6020943
        ],
        [
          -5.8303214,
          54.6020998
        ]
      ]
    ]
  }
},
{
  "type": "Feature",
  "id": "way/236677250",
  "properties": {
    "addr:city": "Dunmurry",
    "addr:housenumber": "248",
    "addr:postcode": "BT17 9BB",
    "addr:street": "Glenburn Road",
    "amenity": "community_centre",
    "building": "yes",
    "email": "dunmurryca@gmail.com",
    "name": "Dunmurry Community Association",
    "phone": "+442890629054",
    "website": "https://dunmurryca.com",
    "id": "way/236677250"
  },
  "geometry": {
    "type": "Polygon",
    "coordinates": [
      [
        [
          -5.9980941,
          54.5504419
        ],
        [
          -5.9978514,
          54.5503056
        ],
        [
          -5.9976899,
          54.5504025
        ],
        [
          -5.9978359,
          54.5504844
        ],
        [
          -5.9977648,
          54.550527
        ],
        [
          -5.9978615,
          54.5505813
        ],
        [
          -5.9980941,
          54.5504419
        ]
      ]
    ]
  }
},
{
  "type": "Feature",
  "id": "way/244272667",
  "properties": {
    "addr:city": "Belfast",
    "addr:housenumber": "239",
    "addr:postcode": "BT4 1AF",
    "addr:street": "Newtownards Road",
    "amenity": "community_centre",
    "name": "Skainos Square",
    "phone": "+44 28 9045 8560",
    "website": "https://www.skainos.org/",
    "wheelchair": "limited",
    "id": "way/244272667"
  },
  "geometry": {
    "type": "Polygon",
    "coordinates": [
      [
        [
          -5.8984617,
          54.5988146
        ],
        [
          -5.899868,
          54.5989912
        ],
        [
          -5.899914,
          54.5982793
        ],
        [
          -5.8999211,
          54.5981424
        ],
        [
          -5.8991801,
          54.5981296
        ],
        [
          -5.8991788,
          54.5981552
        ],
        [
          -5.8987356,
          54.5981723
        ],
        [
          -5.8987031,
          54.5986623
        ],
        [
          -5.8984671,
          54.5986592
        ],
        [
          -5.8984617,
          54.5988146
        ]
      ]
    ]
  }
},
{
  "type": "Feature",
  "id": "way/247459981",
  "properties": {
    "addr:city": "Holywood",
    "addr:housenumber": "137",
    "addr:street": "High Street",
    "amenity": "police",
    "name": "Holywood Police station",
    "operator": "Police Service of Northern Ireland",
    "operator:wikidata": "Q1482170",
    "id": "way/247459981"
  },
  "geometry": {
    "type": "Polygon",
    "coordinates": [
      [
        [
          -5.8375428,
          54.6397621
        ],
        [
          -5.8379199,
          54.6399157
        ],
        [
          -5.8384931,
          54.6401575
        ],
        [
          -5.8392313,
          54.6404499
        ],
        [
          -5.8394917,
          54.640252
        ],
        [
          -5.8377904,
          54.6395919
        ],
        [
          -5.8375428,
          54.6397621
        ]
      ]
    ]
  }
},
{
  "type": "Feature",
  "id": "way/291468694",
  "properties": {
    "addr:city": "Belfast",
    "addr:housename": "Clare House",
    "addr:housenumber": "303",
    "addr:postcode": "BT3 9ED",
    "addr:street": "Airport Road West",
    "building": "yes",
    "email": "dof.enquiries@finance-ni.gov.uk",
    "name": "Department of Finance",
    "office": "government",
    "phone": "+44 28 9185 8111",
    "website": "https://www.finance-ni.gov.uk/",
    "wikidata": "Q3044761",
    "wikipedia": "en:Department of Finance (Northern Ireland)",
    "id": "way/291468694"
  },
  "geometry": {
    "type": "Polygon",
    "coordinates": [
      [
        [
          -5.8607983,
          54.6338342
        ],
        [
          -5.8612344,
          54.6338875
        ],
        [
          -5.8612544,
          54.6338325
        ],
        [
          -5.8613694,
          54.6338466
        ],
        [
          -5.8614135,
          54.6337256
        ],
        [
          -5.8613023,
          54.633712
        ],
        [
          -5.8613289,
          54.6336389
        ],
        [
          -5.8601361,
          54.6334931
        ],
        [
          -5.860111,
          54.6335617
        ],
        [
          -5.8599998,
          54.6335481
        ],
        [
          -5.8599528,
          54.6336769
        ],
        [
          -5.8600742,
          54.6336918
        ],
        [
          -5.8600532,
          54.6337493
        ],
        [
          -5.8605082,
          54.6338049
        ],
        [
          -5.8604686,
          54.6339134
        ],
        [
          -5.8607565,
          54.6339486
        ],
        [
          -5.8607983,
          54.6338342
        ]
      ]
    ]
  }
},
{
  "type": "Feature",
  "id": "way/296931177",
  "properties": {
    "addr:city": "Belfast",
    "addr:housenumber": "4-12",
    "addr:postcode": "BT4 1NT",
    "addr:street": "Holywood Road",
    "amenity": "library",
    "building": "civic",
    "internet_access": "yes",
    "name": "Holywood Arches Library",
    "opening_hours": "Tu,Th,Fr 09:00-17:30; Mo 09:15-20:00; Sa 09:15-13:00",
    "operator": "Northern Ireland Library Authority",
    "operator:type": "public",
    "operator:wikidata": "Q50693680",
    "website": "https://www.librariesni.org.uk/libraries/greater-belfast/holywood-arches-library/",
    "wikidata": "Q55263449",
    "id": "way/296931177"
  },
  "geometry": {
    "type": "Polygon",
    "coordinates": [
      [
        [
          -5.8887988,
          54.5980776
        ],
        [
          -5.8887317,
          54.5979952
        ],
        [
          -5.8886352,
          54.5980239
        ],
        [
          -5.8885386,
          54.5980527
        ],
        [
          -5.8885583,
          54.5980747
        ],
        [
          -5.8886084,
          54.5981304
        ],
        [
          -5.8887988,
          54.5980776
        ]
      ]
    ]
  }
},
{
  "type": "Feature",
  "id": "way/297039124",
  "properties": {
    "addr:city": "Belfast",
    "addr:street": "Severn Street",
    "amenity": "community_centre",
    "building": "yes",
    "name": "Connswater Community Centre",
    "id": "way/297039124"
  },
  "geometry": {
    "type": "Polygon",
    "coordinates": [
      [
        [
          -5.8912992,
          54.5997064
        ],
        [
          -5.8914577,
          54.5995877
        ],
        [
          -5.8914815,
          54.5995983
        ],
        [
          -5.8915449,
          54.5995508
        ],
        [
          -5.8915293,
          54.5995438
        ],
        [
          -5.8915849,
          54.5995022
        ],
        [
          -5.8916105,
          54.5995136
        ],
        [
          -5.8916138,
          54.5995111
        ],
        [
          -5.8911738,
          54.599314
        ],
        [
          -5.8908929,
          54.5995245
        ],
        [
          -5.8912992,
          54.5997064
        ]
      ]
    ]
  }
},
{
  "type": "Feature",
  "id": "way/299020467",
  "properties": {
    "amenity": "community_centre",
    "building": "yes",
    "name": "The Hopelink Centre",
    "id": "way/299020467"
  },
  "geometry": {
    "type": "Polygon",
    "coordinates": [
      [
        [
          -5.9359972,
          54.6077805
        ],
        [
          -5.9363232,
          54.6076972
        ],
        [
          -5.936204,
          54.6075406
        ],
        [
          -5.935878,
          54.6076239
        ],
        [
          -5.9359972,
          54.6077805
        ]
      ]
    ]
  }
},
{
  "type": "Feature",
  "id": "way/305851555",
  "properties": {
    "amenity": "social_facility",
    "building": "yes",
    "building:levels": "3",
    "building:material": "brick",
    "name": "Fletcher Lodge",
    "roof:colour": "grey",
    "roof:material": "roof_tiles",
    "roof:shape": "hipped",
    "social_facility": "group_home",
    "social_facility:for": "senior",
    "id": "way/305851555"
  },
  "geometry": {
    "type": "Polygon",
    "coordinates": [
      [
        [
          -5.9381967,
          54.5921196
        ],
        [
          -5.938083,
          54.5921471
        ],
        [
          -5.9379819,
          54.5921231
        ],
        [
          -5.9379659,
          54.5920995
        ],
        [
          -5.9379429,
          54.5920941
        ],
        [
          -5.9378467,
          54.5920713
        ],
        [
          -5.9377607,
          54.592193
        ],
        [
          -5.9378881,
          54.5922232
        ],
        [
          -5.9379038,
          54.5922423
        ],
        [
          -5.937934,
          54.592234
        ],
        [
          -5.9380894,
          54.5922709
        ],
        [
          -5.9380729,
          54.5922942
        ],
        [
          -5.9382658,
          54.5923399
        ],
        [
          -5.9383081,
          54.5922801
        ],
        [
          -5.9383233,
          54.5922837
        ],
        [
          -5.9383888,
          54.5921909
        ],
        [
          -5.9383735,
          54.5921873
        ],
        [
          -5.9384902,
          54.5920222
        ],
        [
          -5.9382689,
          54.5919696
        ],
        [
          -5.9382281,
          54.5920273
        ],
        [
          -5.9382178,
          54.5920419
        ],
        [
          -5.9381722,
          54.5921064
        ],
        [
          -5.9382009,
          54.5921137
        ],
        [
          -5.9381967,
          54.5921196
        ]
      ]
    ]
  }
},
{
  "type": "Feature",
  "id": "way/305851583",
  "properties": {
    "addr:city": "Belfast",
    "addr:housename": "Bedford Square",
    "addr:postcode": "BT2 7ES",
    "addr:street": "Bedford Street",
    "building": "office",
    "height": "55",
    "name": "Invest Northern Ireland",
    "office": "government",
    "phone": "+44 28 9069 8000",
    "id": "way/305851583"
  },
  "geometry": {
    "type": "Polygon",
    "coordinates": [
      [
        [
          -5.9322725,
          54.594407
        ],
        [
          -5.9322531,
          54.5941262
        ],
        [
          -5.9315758,
          54.5941393
        ],
        [
          -5.9315777,
          54.5941601
        ],
        [
          -5.9314999,
          54.5941623
        ],
        [
          -5.931452,
          54.5941862
        ],
        [
          -5.9314328,
          54.5942223
        ],
        [
          -5.9314529,
          54.5942587
        ],
        [
          -5.9315079,
          54.5942811
        ],
        [
          -5.9315859,
          54.5942824
        ],
        [
          -5.9315867,
          54.5942947
        ],
        [
          -5.9319817,
          54.5942857
        ],
        [
          -5.9319903,
          54.5944134
        ],
        [
          -5.9322725,
          54.594407
        ]
      ]
    ]
  }
},
{
  "type": "Feature",
  "id": "way/317238926",
  "properties": {
    "amenity": "social_facility",
    "building": "yes",
    "name": "Gateway Services",
    "operator": "Belfast Health and Social Care Trust",
    "operator:short": "BHSCT",
    "operator:type": "public",
    "operator:wikidata": "Q4882291",
    "id": "way/317238926"
  },
  "geometry": {
    "type": "Polygon",
    "coordinates": [
      [
        [
          -5.9080315,
          54.5621163
        ],
        [
          -5.9077516,
          54.5620173
        ],
        [
          -5.9074959,
          54.5622604
        ],
        [
          -5.9077757,
          54.5623593
        ],
        [
          -5.9080315,
          54.5621163
        ]
      ]
    ]
  }
},
{
  "type": "Feature",
  "id": "way/323834500",
  "properties": {
    "amenity": "grave_yard",
    "anglican": "Church of Ireland",
    "denomination": "anglican",
    "religion": "christian",
    "source": "Bing",
    "id": "way/323834500"
  },
  "geometry": {
    "type": "Polygon",
    "coordinates": [
      [
        [
          -6.0184604,
          54.5320313
        ],
        [
          -6.0178685,
          54.5314297
        ],
        [
          -6.017715,
          54.5312422
        ],
        [
          -6.016418,
          54.5315908
        ],
        [
          -6.0167067,
          54.5321338
        ],
        [
          -6.0171381,
          54.5325053
        ],
        [
          -6.0172223,
          54.5324804
        ],
        [
          -6.0175667,
          54.5323667
        ],
        [
          -6.017776,
          54.5322601
        ],
        [
          -6.0184604,
          54.5320313
        ]
      ]
    ]
  }
},
{
  "type": "Feature",
  "id": "way/323845599",
  "properties": {
    "addr:city": "Drumbeg",
    "addr:street": "Upper Malone Road",
    "amenity": "grave_yard",
    "anglican": "Church of Ireland",
    "denomination": "anglican",
    "religion": "christian",
    "id": "way/323845599"
  },
  "geometry": {
    "type": "Polygon",
    "coordinates": [
      [
        [
          -5.9845504,
          54.5333366
        ],
        [
          -5.9834835,
          54.5334462
        ],
        [
          -5.9835363,
          54.5335211
        ],
        [
          -5.983255,
          54.5336565
        ],
        [
          -5.9829988,
          54.5337798
        ],
        [
          -5.9822828,
          54.53404
        ],
        [
          -5.9823223,
          54.5340893
        ],
        [
          -5.9829262,
          54.5338676
        ],
        [
          -5.9830643,
          54.5338915
        ],
        [
          -5.9830855,
          54.5339082
        ],
        [
          -5.98348,
          54.5342184
        ],
        [
          -5.9837965,
          54.5343437
        ],
        [
          -5.9845274,
          54.5341156
        ],
        [
          -5.9847004,
          54.5339133
        ],
        [
          -5.984695,
          54.5336955
        ],
        [
          -5.9845504,
          54.5333366
        ]
      ]
    ]
  }
},
{
  "type": "Feature",
  "id": "way/343884727",
  "properties": {
    "amenity": "library",
    "building": "civic",
    "contact:facebook": "https://www.facebook.com/LibrariesNorthernIreland",
    "contact:instagram": "https://www.instagram.com/librariesni/",
    "contact:twitter": "http://www.twitter.com/librariesni",
    "contact:youtube": "http://www.youtube.com/librariesni",
    "email": "enquiries@librariesni.org.uk",
    "internet_access": "yes",
    "name": "Ormeau Road Library",
    "operator": "Northern Ireland Library Authority",
    "operator:type": "public",
    "operator:wikidata": "Q50693680",
    "website": "https://www.librariesni.org.uk/libraries/greater-belfast/ormeau-road-library/",
    "wikidata": "Q55263479",
    "id": "way/343884727"
  },
  "geometry": {
    "type": "Polygon",
    "coordinates": [
      [
        [
          -5.9221726,
          54.5822689
        ],
        [
          -5.922191,
          54.5822662
        ],
        [
          -5.9224454,
          54.5822289
        ],
        [
          -5.9223718,
          54.5820602
        ],
        [
          -5.9224464,
          54.5820493
        ],
        [
          -5.9224215,
          54.5819922
        ],
        [
          -5.9220547,
          54.5820459
        ],
        [
          -5.9221096,
          54.5821718
        ],
        [
          -5.922124,
          54.5822066
        ],
        [
          -5.9221442,
          54.5822037
        ],
        [
          -5.9221726,
          54.5822689
        ]
      ]
    ]
  }
},
{
  "type": "Feature",
  "id": "way/344494932",
  "properties": {
    "addr:city": "Belfast",
    "addr:housenumber": "2-4",
    "addr:postcode": "BT4 1QA",
    "addr:street": "Palmerston Road",
    "amenity": "recycling",
    "barrier": "fence",
    "name": "Palmerston Road Recycling Centre",
    "not:operator:wikidata": "Q10686",
    "opening_hours": "Oct-Mar: Mo-Fr 08:30-17:30; Sa 09:00-17:00; Su 12:00-17:00; Apr-Sep: Mo-Tu 08:30-17:30; We 08:30-20:00; Th-Fr 08:30-17:30; Sa 09:00-17:00; Su 12:00-17:00; PH off",
    "operator": "Belfast City Council",
    "operator:wikidata": "Q55934837",
    "owner": "Belfast City Council",
    "ownership": "municipal",
    "recycling:cans": "yes",
    "recycling:clothes": "yes",
    "recycling:glass": "yes",
    "recycling:glass_bottles": "yes",
    "recycling:paper": "yes",
    "recycling:plastic": "yes",
    "recycling_type": "centre",
    "id": "way/344494932"
  },
  "geometry": {
    "type": "Polygon",
    "coordinates": [
      [
        [
          -5.8753226,
          54.6036993
        ],
        [
          -5.8756927,
          54.6038827
        ],
        [
          -5.8757222,
          54.6039137
        ],
        [
          -5.876433,
          54.6042105
        ],
        [
          -5.8769614,
          54.6038454
        ],
        [
          -5.8756391,
          54.6034026
        ],
        [
          -5.8753574,
          54.6036061
        ],
        [
          -5.8753655,
          54.6036714
        ],
        [
          -5.8753226,
          54.6036993
        ]
      ]
    ]
  }
},
{
  "type": "Feature",
  "id": "way/362861232",
  "properties": {
    "addr:city": "Belfast",
    "addr:housenumber": "1-5",
    "addr:street": "Dundela Avenue",
    "amenity": "police",
    "barrier": "wall",
    "check_date": "2025-02-01",
    "name": "Strandtown Police Station",
    "operator": "Police Service of Northern Ireland",
    "operator:wikidata": "Q1482170",
    "id": "way/362861232"
  },
  "geometry": {
    "type": "Polygon",
    "coordinates": [
      [
        [
          -5.8833162,
          54.5992206
        ],
        [
          -5.88327,
          54.5990333
        ],
        [
          -5.8816816,
          54.5988135
        ],
        [
          -5.8816415,
          54.5990077
        ],
        [
          -5.8815009,
          54.5990007
        ],
        [
          -5.8814929,
          54.5990403
        ],
        [
          -5.8813001,
          54.5990298
        ],
        [
          -5.8813302,
          54.5987727
        ],
        [
          -5.8806435,
          54.5986808
        ],
        [
          -5.8804346,
          54.5989833
        ],
        [
          -5.8807629,
          54.5991219
        ],
        [
          -5.8811555,
          54.5993859
        ],
        [
          -5.8812951,
          54.5993766
        ],
        [
          -5.8814499,
          54.599381
        ],
        [
          -5.881522,
          54.599383
        ],
        [
          -5.8818182,
          54.5994429
        ],
        [
          -5.8820381,
          54.5995011
        ],
        [
          -5.8821023,
          54.5995255
        ],
        [
          -5.882269,
          54.5995459
        ],
        [
          -5.8833162,
          54.5992206
        ]
      ]
    ]
  }
},
{
  "type": "Feature",
  "id": "way/363939705",
  "properties": {
    "addr:city": "Belfast",
    "addr:country": "GB",
    "addr:housename": "Lighhouse Building",
    "addr:street": "Cromac Place",
    "building": "office",
    "building:levels": "7",
    "building:material": "brick",
    "name": "Department for Communities (DfC)",
    "office": "government",
    "id": "way/363939705"
  },
  "geometry": {
    "type": "Polygon",
    "coordinates": [
      [
        [
          -5.9219476,
          54.5913835
        ],
        [
          -5.9219339,
          54.5914008
        ],
        [
          -5.9218904,
          54.591409
        ],
        [
          -5.9219114,
          54.5914465
        ],
        [
          -5.9219771,
          54.5914341
        ],
        [
          -5.9219641,
          54.5914109
        ],
        [
          -5.9219791,
          54.5913919
        ],
        [
          -5.9222069,
          54.5914523
        ],
        [
          -5.9221723,
          54.5914962
        ],
        [
          -5.9221838,
          54.5914992
        ],
        [
          -5.9221571,
          54.591533
        ],
        [
          -5.9222263,
          54.5915513
        ],
        [
          -5.9223013,
          54.5915712
        ],
        [
          -5.922328,
          54.5915374
        ],
        [
          -5.9223367,
          54.5915397
        ],
        [
          -5.9223701,
          54.5914974
        ],
        [
          -5.9226351,
          54.5915676
        ],
        [
          -5.9227025,
          54.5914823
        ],
        [
          -5.9227541,
          54.5914169
        ],
        [
          -5.9220183,
          54.5912219
        ],
        [
          -5.9219005,
          54.5913711
        ],
        [
          -5.9219476,
          54.5913835
        ]
      ]
    ]
  }
},
{
  "type": "Feature",
  "id": "way/371352701",
  "properties": {
    "addr:city": "Belfast",
    "addr:housenumber": "108",
    "addr:postcode": "BT8 7QX",
    "addr:street": "Belvoir Drive",
    "amenity": "community_centre",
    "building": "yes",
    "name": "Boys' Brigade Recreation Centre",
    "operator": "The Boys' Brigade",
    "id": "way/371352701"
  },
  "geometry": {
    "type": "Polygon",
    "coordinates": [
      [
        [
          -5.9312013,
          54.5543828
        ],
        [
          -5.9312215,
          54.5543002
        ],
        [
          -5.9313446,
          54.5543104
        ],
        [
          -5.931355,
          54.5542676
        ],
        [
          -5.9312307,
          54.5542574
        ],
        [
          -5.9312512,
          54.5541733
        ],
        [
          -5.9309994,
          54.5541526
        ],
        [
          -5.9309815,
          54.5542259
        ],
        [
          -5.9307053,
          54.5542032
        ],
        [
          -5.9306877,
          54.5542753
        ],
        [
          -5.9308274,
          54.5542868
        ],
        [
          -5.9308317,
          54.5542689
        ],
        [
          -5.9309727,
          54.5542805
        ],
        [
          -5.9309527,
          54.5543624
        ],
        [
          -5.9312013,
          54.5543828
        ]
      ]
    ]
  }
},
{
  "type": "Feature",
  "id": "way/372846481",
  "properties": {
    "addr:street": "Woodland Manor",
    "amenity": "social_facility",
    "building": "yes",
    "name": "Cedarhurst Lodge Care Home",
    "social_facility": "group_home",
    "social_facility:for": "senior",
    "id": "way/372846481"
  },
  "geometry": {
    "type": "Polygon",
    "coordinates": [
      [
        [
          -5.9143422,
          54.5483576
        ],
        [
          -5.9142384,
          54.54821
        ],
        [
          -5.91459,
          54.5481303
        ],
        [
          -5.9144058,
          54.5478623
        ],
        [
          -5.914004,
          54.5479536
        ],
        [
          -5.9139839,
          54.5479128
        ],
        [
          -5.9137127,
          54.5479769
        ],
        [
          -5.9135955,
          54.548175
        ],
        [
          -5.9138399,
          54.5485285
        ],
        [
          -5.914312,
          54.5484158
        ],
        [
          -5.9143422,
          54.5483576
        ]
      ]
    ]
  }
},
{
  "type": "Feature",
  "id": "way/379228791",
  "properties": {
    "addr:city": "Belfast",
    "addr:housenumber": "54",
    "addr:postcode": "BT23 5RE",
    "addr:street": "Gransha Road",
    "amenity": "community_centre",
    "building": "yes",
    "denomination": "presbyterian",
    "name": "Henry Gray Halls",
    "presbyterian": "Presbyterian Church in Ireland",
    "religion": "christian",
    "id": "way/379228791"
  },
  "geometry": {
    "type": "Polygon",
    "coordinates": [
      [
        [
          -5.816204,
          54.5495899
        ],
        [
          -5.8161834,
          54.5495814
        ],
        [
          -5.8161586,
          54.5495784
        ],
        [
          -5.8161338,
          54.5495816
        ],
        [
          -5.8161134,
          54.5495903
        ],
        [
          -5.8160993,
          54.5496065
        ],
        [
          -5.816101,
          54.5496247
        ],
        [
          -5.816118,
          54.54964
        ],
        [
          -5.8157444,
          54.5498574
        ],
        [
          -5.8159422,
          54.5499718
        ],
        [
          -5.8164161,
          54.549696
        ],
        [
          -5.8162182,
          54.5495816
        ],
        [
          -5.816204,
          54.5495899
        ]
      ]
    ]
  }
},
{
  "type": "Feature",
  "id": "way/389884118",
  "properties": {
    "addr:city": "Belfast",
    "addr:housename": "Causeway Exchange",
    "addr:housenumber": "1-7",
    "addr:postcode": "BT2 7EG",
    "addr:street": "Bedford Street",
    "building": "yes",
    "building:levels": "8",
    "building:material": "brick",
    "check_date": "2025-08-18",
    "government": "ministry",
    "name": "Department for Communities",
    "name:ga": "An Roinn Pobal",
    "office": "government",
    "phone": "+44 28 9082 9000",
    "source": "survey",
    "source:geometry": "Bing",
    "website": "https://www.communities-ni.gov.uk/",
    "wikidata": "Q3044779",
    "wikipedia": "en:Department for Communities",
    "id": "way/389884118"
  },
  "geometry": {
    "type": "Polygon",
    "coordinates": [
      [
        [
          -5.9320185,
          54.5958105
        ],
        [
          -5.931992,
          54.5955621
        ],
        [
          -5.9316815,
          54.5955746
        ],
        [
          -5.9316663,
          54.5954312
        ],
        [
          -5.9314959,
          54.5954368
        ],
        [
          -5.9315325,
          54.5957768
        ],
        [
          -5.9315386,
          54.5958287
        ],
        [
          -5.9315944,
          54.5958265
        ],
        [
          -5.9320185,
          54.5958105
        ]
      ]
    ]
  }
},
{
  "type": "Feature",
  "id": "way/392089631",
  "properties": {
    "addr:city": "Belfast",
    "addr:housenumber": "6",
    "addr:postcode": "BT7 2FX",
    "addr:street": "Park Road",
    "amenity": "recycling",
    "barrier": "fence",
    "name": "Ormeau Park Recycling Facility",
    "not:operator:wikidata": "Q10686",
    "opening_hours": "Oct-Mar: Mo-Fr 08:30-17:30; Sa 09:00-17:00; Su 12:00-17:00; Apr-Sep: Mo-Tu 08:30-17:30; We 08:30-20:00; Th-Fr 08:30-17:30; Sa 09:00-17:00; Su 12:00-17:00; PH off",
    "operator": "Belfast City Council",
    "operator:type": "government",
    "operator:wikidata": "Q55934837",
    "owner": "Belfast City Council",
    "ownership": "municipal",
    "recycling:cans": "yes",
    "recycling:clothes": "yes",
    "recycling:glass": "yes",
    "recycling:glass_bottles": "yes",
    "recycling:paper": "yes",
    "recycling:plastic": "yes",
    "recycling_type": "centre",
    "url": "https://www.belfastcity.gov.uk/recycling/centres",
    "id": "way/392089631"
  },
  "geometry": {
    "type": "Polygon",
    "coordinates": [
      [
        [
          -5.9175275,
          54.5810698
        ],
        [
          -5.9175574,
          54.5810751
        ],
        [
          -5.9183985,
          54.5812257
        ],
        [
          -5.9187197,
          54.5806083
        ],
        [
          -5.9182828,
          54.5804928
        ],
        [
          -5.9187264,
          54.5800122
        ],
        [
          -5.9186188,
          54.5800085
        ],
        [
          -5.9185552,
          54.5800063
        ],
        [
          -5.918536,
          54.5800056
        ],
        [
          -5.9185493,
          54.5799531
        ],
        [
          -5.9182205,
          54.5799471
        ],
        [
          -5.9179831,
          54.5801595
        ],
        [
          -5.9178995,
          54.5802343
        ],
        [
          -5.9179488,
          54.5802451
        ],
        [
          -5.917747,
          54.5805264
        ],
        [
          -5.9175362,
          54.5810483
        ],
        [
          -5.9175275,
          54.5810698
        ]
      ]
    ]
  }
},
{
  "type": "Feature",
  "id": "way/392089632",
  "properties": {
    "addr:city": "Belfast",
    "addr:housenumber": "180",
    "addr:postcode": "BT15 3GJ",
    "addr:street": "Alexandra Park Avenue",
    "amenity": "recycling",
    "barrier": "fence",
    "name": "Alexandra Park Recycling Centre",
    "opening_hours": "Oct-Mar: Mo-Fr 08:30-17:30; Sa 09:00-17:00; Su 12:00-17:00; Apr-Sep: Mo-Tu 08:30-17:30; We 08:30-20:00; Th-Fr 08:30-17:30; Sa 09:00-17:00; Su 12:00-17:00; PH off",
    "operator": "Belfast City Centre",
    "owner": "Belfast City Council",
    "ownership": "municipal",
    "recycling:cans": "yes",
    "recycling:clothes": "yes",
    "recycling:glass": "yes",
    "recycling:glass_bottles": "yes",
    "recycling:paper": "yes",
    "recycling:plastic": "yes",
    "recycling_type": "centre",
    "url": "https://www.belfastcity.gov.uk/recycling/centres",
    "id": "way/392089632"
  },
  "geometry": {
    "type": "Polygon",
    "coordinates": [
      [
        [
          -5.9334957,
          54.6198512
        ],
        [
          -5.9337947,
          54.6194193
        ],
        [
          -5.9324152,
          54.6190853
        ],
        [
          -5.9321257,
          54.6195142
        ],
        [
          -5.9326683,
          54.6196477
        ],
        [
          -5.9334957,
          54.6198512
        ]
      ]
    ]
  }
},
{
  "type": "Feature",
  "id": "way/392089635",
  "properties": {
    "addr:city": "Belfast",
    "addr:housenumber": "1",
    "addr:postcode": "BT11 9DT",
    "addr:street": "Blackstaff Way",
    "amenity": "recycling",
    "barrier": "fence",
    "name": "Blackstaff Recycling Centre",
    "not:operator:wikidata": "Q10686",
    "opening_hours": "Oct-Mar: Mo-Fr 08:30-17:30; Sa 09:00-17:00; Su 12:00-17:00; Apr-Sep: Mo-Tu 08:30-17:30; We 08:30-20:00; Th-Fr 08:30-17:30; Sa 09:00-17:00; Su 12:00-17:00; PH off",
    "operator": "Belfast City Council",
    "operator:type": "government",
    "operator:wikidata": "Q55934837",
    "owner": "Belfast City Council",
    "ownership": "municipal",
    "recycling:cans": "yes",
    "recycling:clothes": "yes",
    "recycling:glass": "yes",
    "recycling:glass_bottles": "yes",
    "recycling:paper": "yes",
    "recycling:plastic": "yes",
    "recycling_type": "centre",
    "url": "https://www.belfastcity.gov.uk/recycling/centres",
    "id": "way/392089635"
  },
  "geometry": {
    "type": "Polygon",
    "coordinates": [
      [
        [
          -5.9758239,
          54.5780257
        ],
        [
          -5.9743267,
          54.5775929
        ],
        [
          -5.9739334,
          54.5780886
        ],
        [
          -5.9742164,
          54.5781737
        ],
        [
          -5.9742943,
          54.5781623
        ],
        [
          -5.9743796,
          54.5781859
        ],
        [
          -5.9743737,
          54.5782209
        ],
        [
          -5.9753076,
          54.5785016
        ],
        [
          -5.9754108,
          54.5785064
        ],
        [
          -5.9758239,
          54.5780257
        ]
      ]
    ]
  }
},
{
  "type": "Feature",
  "id": "way/396190220",
  "properties": {
    "addr:city": "Belfast",
    "addr:housenumber": "6",
    "addr:street": "Musgrave Street",
    "amenity": "police",
    "check_date": "2025-03-08",
    "name": "Musgrave Police Station",
    "operator": "Police Service of Northern Ireland",
    "operator:wikidata": "Q1482170",
    "id": "way/396190220"
  },
  "geometry": {
    "type": "Polygon",
    "coordinates": [
      [
        [
          -5.9234046,
          54.598187
        ],
        [
          -5.9234077,
          54.5982163
        ],
        [
          -5.9226991,
          54.5982417
        ],
        [
          -5.9227365,
          54.5985912
        ],
        [
          -5.9228061,
          54.599241
        ],
        [
          -5.9227105,
          54.5992444
        ],
        [
          -5.9227351,
          54.5994396
        ],
        [
          -5.9227872,
          54.5994377
        ],
        [
          -5.9230052,
          54.5994299
        ],
        [
          -5.9230009,
          54.5993901
        ],
        [
          -5.9238776,
          54.5993586
        ],
        [
          -5.9238736,
          54.5993213
        ],
        [
          -5.9238125,
          54.5987513
        ],
        [
          -5.9238159,
          54.5987201
        ],
        [
          -5.9238073,
          54.5987007
        ],
        [
          -5.9237578,
          54.5982614
        ],
        [
          -5.9237508,
          54.5981746
        ],
        [
          -5.9234046,
          54.598187
        ]
      ]
    ]
  }
},
{
  "type": "Feature",
  "id": "way/397593798",
  "properties": {
    "addr:street": "Antrim Road",
    "amenity": "community_centre",
    "building": "yes",
    "name": "Church Hall",
    "id": "way/397593798"
  },
  "geometry": {
    "type": "Polygon",
    "coordinates": [
      [
        [
          -5.9374783,
          54.6147335
        ],
        [
          -5.9373143,
          54.6144286
        ],
        [
          -5.9370005,
          54.6144853
        ],
        [
          -5.9370536,
          54.6145841
        ],
        [
          -5.9371857,
          54.6145602
        ],
        [
          -5.9372965,
          54.6147663
        ],
        [
          -5.9374783,
          54.6147335
        ]
      ]
    ]
  }
},
{
  "type": "Feature",
  "id": "way/397660445",
  "properties": {
    "addr:city": "Belfast",
    "addr:street": "Upper Newtownards Road",
    "amenity": "community_centre",
    "building": "yes",
    "building:levels": "1",
    "denomination": "roman_catholic",
    "name": "St Colmcilles Parochial Hall",
    "religion": "christian",
    "id": "way/397660445"
  },
  "geometry": {
    "type": "Polygon",
    "coordinates": [
      [
        [
          -5.8721644,
          54.5947528
        ],
        [
          -5.8719217,
          54.5946975
        ],
        [
          -5.8717361,
          54.5949708
        ],
        [
          -5.871781,
          54.594981
        ],
        [
          -5.8717881,
          54.5950073
        ],
        [
          -5.8718575,
          54.5950204
        ],
        [
          -5.8718901,
          54.5950073
        ],
        [
          -5.8719779,
          54.5950273
        ],
        [
          -5.8721644,
          54.5947528
        ]
      ]
    ]
  }
},
{
  "type": "Feature",
  "id": "way/398481179",
  "properties": {
    "abandoned:building": "courthouse",
    "access": "no",
    "amenity": "courthouse",
    "building": "ruins",
    "building:material": "sandstone",
    "heritage": "yes",
    "historic": "yes",
    "name": "Crumlin Road Courthouse (Derelict)",
    "roof:colour": "darkgrey",
    "wikidata": "Q5190060",
    "wikipedia": "en:Crumlin Road Courthouse",
    "id": "way/398481179"
  },
  "geometry": {
    "type": "Polygon",
    "coordinates": [
      [
        [
          -5.9431586,
          54.6086237
        ],
        [
          -5.9432474,
          54.6084629
        ],
        [
          -5.9431539,
          54.6084455
        ],
        [
          -5.9432308,
          54.6083063
        ],
        [
          -5.9430334,
          54.6082697
        ],
        [
          -5.943108,
          54.6081347
        ],
        [
          -5.9426473,
          54.6080494
        ],
        [
          -5.9425775,
          54.6081757
        ],
        [
          -5.9423719,
          54.6081376
        ],
        [
          -5.9422387,
          54.6083785
        ],
        [
          -5.9421431,
          54.6083608
        ],
        [
          -5.9421052,
          54.6084293
        ],
        [
          -5.9424916,
          54.6085009
        ],
        [
          -5.942471,
          54.6085382
        ],
        [
          -5.9427433,
          54.6085887
        ],
        [
          -5.9427643,
          54.6085506
        ],
        [
          -5.9431586,
          54.6086237
        ]
      ]
    ]
  }
},
{
  "type": "Feature",
  "id": "way/398481230",
  "properties": {
    "amenity": "community_centre",
    "building": "yes",
    "denomination": "methodist",
    "name": "Church Hall",
    "religion": "christian",
    "id": "way/398481230"
  },
  "geometry": {
    "type": "Polygon",
    "coordinates": [
      [
        [
          -5.9362513,
          54.6067817
        ],
        [
          -5.9362681,
          54.6067714
        ],
        [
          -5.9361945,
          54.6067317
        ],
        [
          -5.9361776,
          54.6067419
        ],
        [
          -5.9360871,
          54.6066929
        ],
        [
          -5.9358126,
          54.6068623
        ],
        [
          -5.9358007,
          54.6068557
        ],
        [
          -5.9357267,
          54.6069013
        ],
        [
          -5.9357739,
          54.6069269
        ],
        [
          -5.9358008,
          54.6069103
        ],
        [
          -5.9358028,
          54.6069251
        ],
        [
          -5.935823,
          54.606936
        ],
        [
          -5.9358459,
          54.6069356
        ],
        [
          -5.9358575,
          54.6069286
        ],
        [
          -5.9360284,
          54.6070218
        ],
        [
          -5.9363399,
          54.6068292
        ],
        [
          -5.9362513,
          54.6067817
        ]
      ]
    ]
  }
},
{
  "type": "Feature",
  "id": "way/398481234",
  "properties": {
    "amenity": "community_centre",
    "building": "yes",
    "name": "Clifton Street Orange Hall",
    "id": "way/398481234"
  },
  "geometry": {
    "type": "Polygon",
    "coordinates": [
      [
        [
          -5.9361023,
          54.6066638
        ],
        [
          -5.9359425,
          54.6065786
        ],
        [
          -5.9355435,
          54.6068233
        ],
        [
          -5.9357022,
          54.6069103
        ],
        [
          -5.9361023,
          54.6066638
        ]
      ]
    ]
  }
},
{
  "type": "Feature",
  "id": "way/398481235",
  "properties": {
    "amenity": "social_facility",
    "name": "Clifton Nursing Home",
    "social_facility": "nursing_home",
    "id": "way/398481235"
  },
  "geometry": {
    "type": "Polygon",
    "coordinates": [
      [
        [
          -5.9383841,
          54.6078591
        ],
        [
          -5.9389408,
          54.6073702
        ],
        [
          -5.9390165,
          54.6073689
        ],
        [
          -5.93913,
          54.6071363
        ],
        [
          -5.9394066,
          54.6071616
        ],
        [
          -5.9394757,
          54.6068665
        ],
        [
          -5.938919,
          54.6067106
        ],
        [
          -5.9388966,
          54.6066304
        ],
        [
          -5.938608,
          54.6064138
        ],
        [
          -5.9378812,
          54.607125
        ],
        [
          -5.9374688,
          54.6071029
        ],
        [
          -5.9372553,
          54.6070302
        ],
        [
          -5.9370778,
          54.6072459
        ],
        [
          -5.9371324,
          54.6072796
        ],
        [
          -5.9372052,
          54.6073302
        ],
        [
          -5.937267,
          54.6073913
        ],
        [
          -5.9372998,
          54.6074672
        ],
        [
          -5.9373107,
          54.6075156
        ],
        [
          -5.9372998,
          54.607581
        ],
        [
          -5.9383841,
          54.6078591
        ]
      ]
    ]
  }
},
{
  "type": "Feature",
  "id": "way/398892962",
  "properties": {
    "addr:city": "Newtownabbey",
    "addr:housenumber": "39-41",
    "addr:postcode": "BT36 7LB",
    "addr:street": "Church Road",
    "air_conditioning": "yes",
    "alt_name:ga": "An Roinn Pobal",
    "building": "yes",
    "contact:email": "Newtownabbey.jc@delni.gov.uk",
    "contact:phone": "+44 800 022 4250",
    "government": "social_welfare",
    "internet_access": "wlan",
    "internet_access:fee": "no",
    "name": "Jobs and Benefits Office - Newtownabbey",
    "office": "government",
    "opening_hours": "Mo-We 09:00-16:30; Th 09:30-16:30; Fr 09:00-16:30",
    "website": "https://www.communities-ni.gov.uk",
    "wheelchair": "yes",
    "wikidata": "Q3044779",
    "wikipedia": "en:Department for Communities",
    "id": "way/398892962"
  },
  "geometry": {
    "type": "Polygon",
    "coordinates": [
      [
        [
          -5.9231054,
          54.658206
        ],
        [
          -5.9230411,
          54.6582202
        ],
        [
          -5.9230082,
          54.6581705
        ],
        [
          -5.9229616,
          54.6581808
        ],
        [
          -5.9230005,
          54.6582396
        ],
        [
          -5.922415,
          54.6583691
        ],
        [
          -5.922469,
          54.6584509
        ],
        [
          -5.9224405,
          54.6584572
        ],
        [
          -5.9224559,
          54.6584805
        ],
        [
          -5.9224259,
          54.6584872
        ],
        [
          -5.9224365,
          54.6585031
        ],
        [
          -5.9224497,
          54.6585231
        ],
        [
          -5.9224787,
          54.6585167
        ],
        [
          -5.922488,
          54.6585307
        ],
        [
          -5.9221454,
          54.6586064
        ],
        [
          -5.9221874,
          54.6586698
        ],
        [
          -5.922229,
          54.6586619
        ],
        [
          -5.9222417,
          54.6586812
        ],
        [
          -5.9225575,
          54.6586102
        ],
        [
          -5.9225248,
          54.6585607
        ],
        [
          -5.9225753,
          54.6585496
        ],
        [
          -5.9226566,
          54.6586725
        ],
        [
          -5.9228474,
          54.6586303
        ],
        [
          -5.9227627,
          54.6585022
        ],
        [
          -5.9230251,
          54.6584442
        ],
        [
          -5.9229698,
          54.6583605
        ],
        [
          -5.9231771,
          54.6583146
        ],
        [
          -5.9231054,
          54.658206
        ]
      ]
    ]
  }
},
{
  "type": "Feature",
  "id": "way/400469383",
  "properties": {
    "addr:city": "Belfast",
    "addr:postcode": "BT4 3SH",
    "addr:street": "Stormont Estate",
    "alt_name": "Speaker's House",
    "alt_name_1": "Speaker's Villa",
    "building": "yes",
    "name": "Stormont House",
    "office": "government",
    "wikidata": "Q7620258",
    "wikipedia": "en:Stormont House",
    "id": "way/400469383"
  },
  "geometry": {
    "type": "Polygon",
    "coordinates": [
      [
        [
          -5.8326645,
          54.601944
        ],
        [
          -5.8327254,
          54.6018931
        ],
        [
          -5.832577,
          54.6018336
        ],
        [
          -5.832597,
          54.6018169
        ],
        [
          -5.8322111,
          54.6016622
        ],
        [
          -5.8321931,
          54.6016773
        ],
        [
          -5.8320492,
          54.6016196
        ],
        [
          -5.8320224,
          54.6016403
        ],
        [
          -5.8319804,
          54.6016749
        ],
        [
          -5.8320289,
          54.6016946
        ],
        [
          -5.8321182,
          54.6017287
        ],
        [
          -5.8320879,
          54.601754
        ],
        [
          -5.8324833,
          54.6019126
        ],
        [
          -5.8325167,
          54.6018847
        ],
        [
          -5.8326645,
          54.601944
        ]
      ]
    ]
  }
},
{
  "type": "Feature",
  "id": "way/400592410",
  "properties": {
    "addr:city": "Belfast",
    "addr:housename": "Dundonald House",
    "addr:postcode": "BT4 3SB",
    "addr:street": "Upper Newtownards Road",
    "addr:townland": "Ballymiscaw",
    "building": "yes",
    "department": "Agriculture, Environment and Rural Affairs",
    "government": "ministry",
    "name": "Department of Agriculture, Environment and Rural Affairs",
    "office": "government",
    "operator": "Northern Ireland Civil Service",
    "phone": "+44 300 200 7850",
    "website": "https://www.daera-ni.gov.uk/",
    "wikidata": "Q1703625",
    "wikipedia": "en:Department of Agriculture, Environment and Rural Affairs",
    "id": "way/400592410"
  },
  "geometry": {
    "type": "Polygon",
    "coordinates": [
      [
        [
          -5.8276066,
          54.5965572
        ],
        [
          -5.8277541,
          54.5964655
        ],
        [
          -5.8276629,
          54.5964189
        ],
        [
          -5.8275637,
          54.596366
        ],
        [
          -5.8274725,
          54.5963132
        ],
        [
          -5.8273679,
          54.5962386
        ],
        [
          -5.8272713,
          54.596164
        ],
        [
          -5.8271828,
          54.5960786
        ],
        [
          -5.8270809,
          54.5959807
        ],
        [
          -5.827038,
          54.5959325
        ],
        [
          -5.8269468,
          54.5958299
        ],
        [
          -5.8267697,
          54.5958766
        ],
        [
          -5.8262816,
          54.5953311
        ],
        [
          -5.8260831,
          54.5953871
        ],
        [
          -5.8266437,
          54.5960149
        ],
        [
          -5.8268368,
          54.5959682
        ],
        [
          -5.8269629,
          54.5961112
        ],
        [
          -5.8270782,
          54.5962215
        ],
        [
          -5.8271774,
          54.5963039
        ],
        [
          -5.8273115,
          54.5963925
        ],
        [
          -5.8274376,
          54.5964702
        ],
        [
          -5.8276066,
          54.5965572
        ]
      ]
    ]
  }
},
{
  "type": "Feature",
  "id": "way/400621186",
  "properties": {
    "access": "private",
    "addr:city": "Belfast",
    "addr:housenumber": "288",
    "addr:street": "Antrim Road",
    "amenity": "police",
    "barrier": "wall",
    "name": "Antrim Road Police Station",
    "note": "This station is not open to the public.",
    "operator": "Police Service of Northern Ireland",
    "operator:website": "https://www.psni.police.uk/",
    "operator:wikidata": "Q1482170",
    "id": "way/400621186"
  },
  "geometry": {
    "type": "Polygon",
    "coordinates": [
      [
        [
          -5.940401,
          54.620558
        ],
        [
          -5.9401792,
          54.6204297
        ],
        [
          -5.9403158,
          54.6203561
        ],
        [
          -5.9399214,
          54.62011
        ],
        [
          -5.9398773,
          54.6201378
        ],
        [
          -5.9396639,
          54.6200053
        ],
        [
          -5.940002,
          54.6198173
        ],
        [
          -5.9399724,
          54.619802
        ],
        [
          -5.9399595,
          54.6197775
        ],
        [
          -5.939948,
          54.6197558
        ],
        [
          -5.9399545,
          54.6197199
        ],
        [
          -5.9398877,
          54.6196822
        ],
        [
          -5.9398372,
          54.619686
        ],
        [
          -5.9398108,
          54.6196808
        ],
        [
          -5.9397535,
          54.6196694
        ],
        [
          -5.9393501,
          54.6198764
        ],
        [
          -5.938465,
          54.6197583
        ],
        [
          -5.9382655,
          54.6204324
        ],
        [
          -5.9382582,
          54.6204571
        ],
        [
          -5.9382525,
          54.6204763
        ],
        [
          -5.9382441,
          54.6205266
        ],
        [
          -5.9386621,
          54.6205804
        ],
        [
          -5.9386537,
          54.6206132
        ],
        [
          -5.9386448,
          54.6206484
        ],
        [
          -5.939409,
          54.6207325
        ],
        [
          -5.9394884,
          54.6206961
        ],
        [
          -5.9394483,
          54.6206873
        ],
        [
          -5.9394668,
          54.6206144
        ],
        [
          -5.939521,
          54.6205831
        ],
        [
          -5.9399388,
          54.6207569
        ],
        [
          -5.9401023,
          54.6206735
        ],
        [
          -5.940401,
          54.620558
        ]
      ]
    ]
  }
},
{
  "type": "Feature",
  "id": "way/400621195",
  "properties": {
    "addr:city": "Belfast",
    "addr:housenumber": "14",
    "addr:street": "Cavehill Road",
    "amenity": "fire_station",
    "building": "fire_station",
    "name": "Westland Fire Station",
    "operator": "Northern Ireland Fire & Rescue Service",
    "operator:wikidata": "Q12859215",
    "id": "way/400621195"
  },
  "geometry": {
    "type": "Polygon",
    "coordinates": [
      [
        [
          -5.9446909,
          54.6256645
        ],
        [
          -5.9446759,
          54.6255564
        ],
        [
          -5.94435,
          54.6255716
        ],
        [
          -5.9443239,
          54.6253829
        ],
        [
          -5.9439836,
          54.6253987
        ],
        [
          -5.9439985,
          54.625506
        ],
        [
          -5.9440077,
          54.6255728
        ],
        [
          -5.9439818,
          54.625574
        ],
        [
          -5.9439987,
          54.6256965
        ],
        [
          -5.9446909,
          54.6256645
        ]
      ]
    ]
  }
},
{
  "type": "Feature",
  "id": "way/403717047",
  "properties": {
    "addr:city": "Belfast",
    "addr:housename": "The Duncairn Centre",
    "addr:postcode": "BT14 6BP",
    "addr:street": "Duncairn Avenue",
    "amenity": "community_centre",
    "contact:website": "http://www.theduncairn.com",
    "name": "Duncairn Centre for Culture and the Arts",
    "operator": "174 Trust",
    "id": "way/403717047"
  },
  "geometry": {
    "type": "Polygon",
    "coordinates": [
      [
        [
          -5.9360713,
          54.6123838
        ],
        [
          -5.9361338,
          54.6127238
        ],
        [
          -5.937159,
          54.6129661
        ],
        [
          -5.9371549,
          54.6123683
        ],
        [
          -5.9360713,
          54.6123838
        ]
      ]
    ]
  }
},
{
  "type": "Feature",
  "id": "way/405685437",
  "properties": {
    "access": "private",
    "addr:city": "Belfast",
    "addr:housenumber": "46",
    "addr:street": "Stanley Street",
    "amenity": "police",
    "name": "Grosvenor Road Police Station",
    "note": "This station is not open to the public.",
    "operator": "Police Service of Northern Ireland",
    "operator:website": "https://www.psni.police.uk/",
    "operator:wikidata": "Q1482170",
    "id": "way/405685437"
  },
  "geometry": {
    "type": "Polygon",
    "coordinates": [
      [
        [
          -5.9382976,
          54.5957463
        ],
        [
          -5.9382005,
          54.595756
        ],
        [
          -5.9381235,
          54.5957928
        ],
        [
          -5.9380699,
          54.5958355
        ],
        [
          -5.9380531,
          54.5958976
        ],
        [
          -5.9383138,
          54.5963585
        ],
        [
          -5.9384383,
          54.5963353
        ],
        [
          -5.9387029,
          54.5962832
        ],
        [
          -5.9387228,
          54.5963205
        ],
        [
          -5.9391123,
          54.5962473
        ],
        [
          -5.9391704,
          54.5962713
        ],
        [
          -5.9394509,
          54.5966583
        ],
        [
          -5.9394929,
          54.5967181
        ],
        [
          -5.9397809,
          54.5965784
        ],
        [
          -5.9400755,
          54.5965765
        ],
        [
          -5.9400487,
          54.5964853
        ],
        [
          -5.9400085,
          54.5964621
        ],
        [
          -5.9399818,
          54.596464
        ],
        [
          -5.9399717,
          54.5964252
        ],
        [
          -5.9399693,
          54.5963701
        ],
        [
          -5.9399684,
          54.5963496
        ],
        [
          -5.9400454,
          54.5962506
        ],
        [
          -5.939992,
          54.5957689
        ],
        [
          -5.9398219,
          54.5956756
        ],
        [
          -5.9382976,
          54.5957463
        ]
      ]
    ]
  }
},
{
  "type": "Feature",
  "id": "way/408642997",
  "properties": {
    "amenity": "community_centre",
    "building": "yes",
    "name": "Glencairn Day Centre",
    "id": "way/408642997"
  },
  "geometry": {
    "type": "Polygon",
    "coordinates": [
      [
        [
          -5.9797807,
          54.6156456
        ],
        [
          -5.9798182,
          54.6154717
        ],
        [
          -5.9794162,
          54.615441
        ],
        [
          -5.9793742,
          54.6156124
        ],
        [
          -5.9797807,
          54.6156456
        ]
      ]
    ]
  }
},
{
  "type": "Feature",
  "id": "way/411410141",
  "properties": {
    "amenity": "community_centre",
    "building": "yes",
    "name": "Ligoniel Community Centre",
    "not:operator:wikidata": "Q10686",
    "operator": "Belfast City Council",
    "operator:type": "government",
    "operator:wikidata": "Q55934837",
    "id": "way/411410141"
  },
  "geometry": {
    "type": "Polygon",
    "coordinates": [
      [
        [
          -5.983998,
          54.6260724
        ],
        [
          -5.9840145,
          54.6260641
        ],
        [
          -5.9840517,
          54.6260889
        ],
        [
          -5.9841343,
          54.6260473
        ],
        [
          -5.9840971,
          54.6260225
        ],
        [
          -5.984135,
          54.6260034
        ],
        [
          -5.9838633,
          54.6258269
        ],
        [
          -5.9837219,
          54.6258972
        ],
        [
          -5.983998,
          54.6260724
        ]
      ]
    ]
  }
},
{
  "type": "Feature",
  "id": "way/411410144",
  "properties": {
    "amenity": "community_centre",
    "building": "yes",
    "name": "The Wolfhill Centre",
    "id": "way/411410144"
  },
  "geometry": {
    "type": "Polygon",
    "coordinates": [
      [
        [
          -5.985805,
          54.6271543
        ],
        [
          -5.9861916,
          54.626942
        ],
        [
          -5.9860458,
          54.6268461
        ],
        [
          -5.9857895,
          54.6269855
        ],
        [
          -5.9855112,
          54.6268128
        ],
        [
          -5.9853698,
          54.626887
        ],
        [
          -5.985805,
          54.6271543
        ]
      ]
    ]
  }
},
{
  "type": "Feature",
  "id": "way/413841194",
  "properties": {
    "addr:city": "Derriaghy",
    "addr:postcode": "BT17 9HN",
    "addr:street": "The Cutts",
    "amenity": "recycling",
    "name": "The Cutts Recycling Centre",
    "owner": "Lisburn and Castlereagh City Council",
    "ownership": "municipal",
    "recycling_type": "centre",
    "url": "https://www.lisburncastlereagh.gov.uk/resident/bins-and-recycling/recycling-locations/household-recycling-centres/the-cutts-household-recycling-centre",
    "id": "way/413841194"
  },
  "geometry": {
    "type": "Polygon",
    "coordinates": [
      [
        [
          -6.0273871,
          54.5435628
        ],
        [
          -6.0273181,
          54.543629
        ],
        [
          -6.0273,
          54.5436969
        ],
        [
          -6.0273391,
          54.5437753
        ],
        [
          -6.0276184,
          54.5439704
        ],
        [
          -6.0277294,
          54.5439616
        ],
        [
          -6.0279833,
          54.5440385
        ],
        [
          -6.0281442,
          54.5440887
        ],
        [
          -6.0283901,
          54.5441638
        ],
        [
          -6.0289787,
          54.5435506
        ],
        [
          -6.0283163,
          54.5433198
        ],
        [
          -6.0281017,
          54.5433612
        ],
        [
          -6.0278653,
          54.5435932
        ],
        [
          -6.0275949,
          54.5434999
        ],
        [
          -6.0273871,
          54.5435628
        ]
      ]
    ]
  }
},
{
  "type": "Feature",
  "id": "way/414367020",
  "properties": {
    "amenity": "community_centre",
    "building": "school",
    "id": "way/414367020"
  },
  "geometry": {
    "type": "Polygon",
    "coordinates": [
      [
        [
          -5.9915717,
          54.5817342
        ],
        [
          -5.9915507,
          54.5814187
        ],
        [
          -5.991369,
          54.5814227
        ],
        [
          -5.9913724,
          54.5814731
        ],
        [
          -5.9911929,
          54.5814771
        ],
        [
          -5.991203,
          54.5816286
        ],
        [
          -5.9913748,
          54.5816248
        ],
        [
          -5.9913824,
          54.5817384
        ],
        [
          -5.9915717,
          54.5817342
        ]
      ]
    ]
  }
},
{
  "type": "Feature",
  "id": "way/422423682",
  "properties": {
    "building": "yes",
    "government": "administrative",
    "name": "Dunbar street depot",
    "office": "government",
    "id": "way/422423682"
  },
  "geometry": {
    "type": "Polygon",
    "coordinates": [
      [
        [
          -5.9259167,
          54.6025544
        ],
        [
          -5.9259906,
          54.602715
        ],
        [
          -5.926031,
          54.6028034
        ],
        [
          -5.9261441,
          54.6027885
        ],
        [
          -5.9261101,
          54.6027018
        ],
        [
          -5.9260759,
          54.6026147
        ],
        [
          -5.926478,
          54.602571
        ],
        [
          -5.9264578,
          54.6024942
        ],
        [
          -5.9259167,
          54.6025544
        ]
      ]
    ]
  }
},
{
  "type": "Feature",
  "id": "way/427051654",
  "properties": {
    "addr:city": "Belfast",
    "addr:housenumber": "38B",
    "addr:postcode": "BT10 0DR",
    "addr:street": "Finaghy Road South",
    "amenity": "library",
    "building": "yes",
    "building:levels": "1",
    "internet_access": "yes",
    "name": "Finaghy Library",
    "operator": "Northern Ireland Library Authority",
    "operator:type": "public",
    "operator:wikidata": "Q50693680",
    "website": "https://www.librariesni.org.uk/libraries/greater-belfast/finaghy-library/",
    "wikidata": "Q55263440",
    "id": "way/427051654"
  },
  "geometry": {
    "type": "Polygon",
    "coordinates": [
      [
        [
          -5.9829078,
          54.5602207
        ],
        [
          -5.9830643,
          54.5601739
        ],
        [
          -5.9828841,
          54.5599711
        ],
        [
          -5.9827296,
          54.5600172
        ],
        [
          -5.9827045,
          54.559989
        ],
        [
          -5.98258,
          54.5600262
        ],
        [
          -5.9827147,
          54.5601778
        ],
        [
          -5.9828148,
          54.5602906
        ],
        [
          -5.9829374,
          54.560254
        ],
        [
          -5.9829078,
          54.5602207
        ]
      ]
    ]
  }
},
{
  "type": "Feature",
  "id": "way/428174068",
  "properties": {
    "addr:city": "Belfast",
    "addr:street": "North Circular Road",
    "amenity": "community_centre",
    "building": "yes",
    "denomination": "presbyterian",
    "name": "Church Halls",
    "religion": "christian",
    "id": "way/428174068"
  },
  "geometry": {
    "type": "Polygon",
    "coordinates": [
      [
        [
          -5.9407992,
          54.6348601
        ],
        [
          -5.9405565,
          54.6347972
        ],
        [
          -5.9404032,
          54.6349954
        ],
        [
          -5.9403322,
          54.634977
        ],
        [
          -5.9402705,
          54.6350567
        ],
        [
          -5.94037,
          54.6350825
        ],
        [
          -5.9401971,
          54.6353061
        ],
        [
          -5.940425,
          54.6353652
        ],
        [
          -5.9404677,
          54.63531
        ],
        [
          -5.9404025,
          54.6352931
        ],
        [
          -5.94053,
          54.6351282
        ],
        [
          -5.9406806,
          54.6351672
        ],
        [
          -5.9407436,
          54.6350858
        ],
        [
          -5.9406444,
          54.6350601
        ],
        [
          -5.9407992,
          54.6348601
        ]
      ]
    ]
  }
},
{
  "type": "Feature",
  "id": "way/429309538",
  "properties": {
    "addr:city": "Belfast",
    "addr:street": "Carnanmore Park",
    "amenity": "community_centre",
    "area": "yes",
    "name": "Suffolk Community Centre",
    "not:operator:wikidata": "Q10686",
    "operator": "Belfast City Council",
    "operator:type": "government",
    "operator:wikidata": "Q55934837",
    "id": "way/429309538"
  },
  "geometry": {
    "type": "Polygon",
    "coordinates": [
      [
        [
          -6.0116937,
          54.5631195
        ],
        [
          -6.0108837,
          54.563418
        ],
        [
          -6.0110661,
          54.5635938
        ],
        [
          -6.0113075,
          54.5638395
        ],
        [
          -6.0116052,
          54.5637337
        ],
        [
          -6.011514,
          54.563656
        ],
        [
          -6.0118546,
          54.5635627
        ],
        [
          -6.0116937,
          54.5631195
        ]
      ]
    ]
  }
},
{
  "type": "Feature",
  "id": "way/431900618",
  "properties": {
    "amenity": "community_centre",
    "name": "Rosario Youth Club",
    "id": "way/431900618"
  },
  "geometry": {
    "type": "Polygon",
    "coordinates": [
      [
        [
          -5.9174201,
          54.5744115
        ],
        [
          -5.9172046,
          54.5741112
        ],
        [
          -5.9163936,
          54.5743083
        ],
        [
          -5.9165828,
          54.5746081
        ],
        [
          -5.9174201,
          54.5744115
        ]
      ]
    ]
  }
},
{
  "type": "Feature",
  "id": "way/432543178",
  "properties": {
    "addr:city": "Belfast",
    "addr:street": "Cavehill Road",
    "amenity": "fire_station",
    "area": "yes",
    "operator": "Northern Ireland Fire & Rescue Service",
    "operator:website": "https://www.nifrs.org/",
    "operator:wikidata": "Q12859215",
    "id": "way/432543178"
  },
  "geometry": {
    "type": "Polygon",
    "coordinates": [
      [
        [
          -5.945267,
          54.6258932
        ],
        [
          -5.9452695,
          54.6258767
        ],
        [
          -5.9450645,
          54.6250626
        ],
        [
          -5.9440082,
          54.6251309
        ],
        [
          -5.9436716,
          54.6251527
        ],
        [
          -5.9436101,
          54.6251456
        ],
        [
          -5.9435872,
          54.6252195
        ],
        [
          -5.9435891,
          54.6253319
        ],
        [
          -5.9436098,
          54.6254204
        ],
        [
          -5.9436158,
          54.6254618
        ],
        [
          -5.9436274,
          54.6255244
        ],
        [
          -5.9436786,
          54.6256321
        ],
        [
          -5.9437693,
          54.6258467
        ],
        [
          -5.9438053,
          54.6259162
        ],
        [
          -5.9438541,
          54.6260015
        ],
        [
          -5.9441298,
          54.6259936
        ],
        [
          -5.9441454,
          54.6259939
        ],
        [
          -5.9446938,
          54.6259654
        ],
        [
          -5.945138,
          54.6259108
        ],
        [
          -5.9451529,
          54.6258977
        ],
        [
          -5.9451919,
          54.6258931
        ],
        [
          -5.945267,
          54.6258932
        ]
      ]
    ]
  }
},
{
  "type": "Feature",
  "id": "way/436458728",
  "properties": {
    "addr:city": "Belfast",
    "addr:housename": "Belfast Harbour Police",
    "addr:street": "Milewater Basin",
    "amenity": "police",
    "building": "yes",
    "height": "15",
    "name": "Belfast Harbour Police",
    "operator": "Belfast Harbour Police",
    "id": "way/436458728"
  },
  "geometry": {
    "type": "Polygon",
    "coordinates": [
      [
        [
          -5.9113976,
          54.6131047
        ],
        [
          -5.9115709,
          54.6129828
        ],
        [
          -5.9114247,
          54.6129131
        ],
        [
          -5.9113381,
          54.6129741
        ],
        [
          -5.9112514,
          54.613035
        ],
        [
          -5.9113976,
          54.6131047
        ]
      ]
    ]
  }
},
{
  "type": "Feature",
  "id": "way/436582628",
  "properties": {
    "building": "yes",
    "name": "Weighbridge",
    "office": "government",
    "id": "way/436582628"
  },
  "geometry": {
    "type": "Polygon",
    "coordinates": [
      [
        [
          -5.9206267,
          54.6095927
        ],
        [
          -5.920688,
          54.6095711
        ],
        [
          -5.9206095,
          54.6094963
        ],
        [
          -5.9205482,
          54.6095179
        ],
        [
          -5.9206267,
          54.6095927
        ]
      ]
    ]
  }
},
{
  "type": "Feature",
  "id": "way/438358961",
  "properties": {
    "addr:street": "Glebe Road",
    "amenity": "grave_yard",
    "denomination": "presbyterian",
    "presbyterian": "Non-Subscribing Presbyterian Church of Ireland",
    "religion": "christian",
    "id": "way/438358961"
  },
  "geometry": {
    "type": "Polygon",
    "coordinates": [
      [
        [
          -6.0063387,
          54.5520521
        ],
        [
          -6.0062276,
          54.5517395
        ],
        [
          -6.0055974,
          54.5517608
        ],
        [
          -6.0052478,
          54.5517749
        ],
        [
          -6.0051563,
          54.5518209
        ],
        [
          -6.0051441,
          54.5518987
        ],
        [
          -6.0052092,
          54.552349
        ],
        [
          -6.0055177,
          54.5522843
        ],
        [
          -6.0063387,
          54.5520521
        ]
      ]
    ]
  }
},
{
  "type": "Feature",
  "id": "way/440735678",
  "properties": {
    "addr:city": "Belfast",
    "addr:housenumber": "16",
    "addr:street": "College Street",
    "building": "yes",
    "office": "government",
    "id": "way/440735678"
  },
  "geometry": {
    "type": "Polygon",
    "coordinates": [
      [
        [
          -5.9327792,
          54.5979521
        ],
        [
          -5.9327423,
          54.597687
        ],
        [
          -5.9324359,
          54.5977013
        ],
        [
          -5.9324728,
          54.5979664
        ],
        [
          -5.9327792,
          54.5979521
        ]
      ]
    ]
  }
},
{
  "type": "Feature",
  "id": "way/442495891",
  "properties": {
    "addr:city": "Lisburn",
    "addr:housenumber": "23",
    "addr:postcode": "BT27 4SB",
    "addr:street": "Church Hill",
    "amenity": "community_centre",
    "anglican": "Church of Ireland",
    "building": "yes",
    "building:levels": "1",
    "check_date:opening_hours": "2025-11-26",
    "community_centre": "church_hall",
    "denomination": "anglican",
    "name": "Lambeg Parish Church Hall",
    "opening_hours:signed": "no",
    "operator": "Lambeg Parish Church",
    "operator:type": "religious",
    "religion": "christian",
    "start_date": "1937",
    "id": "way/442495891"
  },
  "geometry": {
    "type": "Polygon",
    "coordinates": [
      [
        [
          -6.0182803,
          54.5322946
        ],
        [
          -6.0184045,
          54.5322395
        ],
        [
          -6.0185433,
          54.5323466
        ],
        [
          -6.0185894,
          54.5323265
        ],
        [
          -6.018615,
          54.5323153
        ],
        [
          -6.0186593,
          54.5322959
        ],
        [
          -6.018535,
          54.5322002
        ],
        [
          -6.0185197,
          54.5321884
        ],
        [
          -6.0185432,
          54.532178
        ],
        [
          -6.018562,
          54.5321697
        ],
        [
          -6.0184741,
          54.5321029
        ],
        [
          -6.0181924,
          54.5322279
        ],
        [
          -6.0182803,
          54.5322946
        ]
      ]
    ]
  }
},
{
  "type": "Feature",
  "id": "way/445309373",
  "properties": {
    "building": "yes",
    "building:levels": "5",
    "government": "public_service",
    "name": "Police Ombudsman for Northern Ireland",
    "office": "government",
    "id": "way/445309373"
  },
  "geometry": {
    "type": "Polygon",
    "coordinates": [
      [
        [
          -5.9303802,
          54.6026121
        ],
        [
          -5.9302902,
          54.6025222
        ],
        [
          -5.9298493,
          54.6026673
        ],
        [
          -5.9299427,
          54.602761
        ],
        [
          -5.930029,
          54.6027334
        ],
        [
          -5.9303802,
          54.6026121
        ]
      ]
    ]
  }
},
{
  "type": "Feature",
  "id": "way/454886384",
  "properties": {
    "amenity": "social_facility",
    "building": "yes",
    "name": "The Salvation Army Centenary House",
    "operator": "The Salvation Army",
    "operator:type": "charitable",
    "operator:wikidata": "Q188307",
    "id": "way/454886384"
  },
  "geometry": {
    "type": "Polygon",
    "coordinates": [
      [
        [
          -5.9247329,
          54.6023703
        ],
        [
          -5.9248326,
          54.6021841
        ],
        [
          -5.9248371,
          54.6020991
        ],
        [
          -5.9247482,
          54.6019014
        ],
        [
          -5.9246904,
          54.6018704
        ],
        [
          -5.924622,
          54.6018671
        ],
        [
          -5.9243926,
          54.6019004
        ],
        [
          -5.9244487,
          54.6019564
        ],
        [
          -5.9245886,
          54.6019405
        ],
        [
          -5.9246679,
          54.6021514
        ],
        [
          -5.9246273,
          54.6022273
        ],
        [
          -5.924514,
          54.6022083
        ],
        [
          -5.9244607,
          54.6021994
        ],
        [
          -5.9244521,
          54.6022128
        ],
        [
          -5.9244248,
          54.6022611
        ],
        [
          -5.9246136,
          54.6022931
        ],
        [
          -5.9245863,
          54.602344
        ],
        [
          -5.9247329,
          54.6023703
        ]
      ]
    ]
  }
},
{
  "type": "Feature",
  "id": "way/455387983",
  "properties": {
    "addr:city": "Belfast",
    "addr:housenumber": "162",
    "addr:postcode": "BT12 5AT",
    "addr:street": "Grosvenor Road",
    "amenity": "community_centre",
    "building": "yes",
    "name": "Grosvenor Community Centre",
    "operator": "Independent",
    "id": "way/455387983"
  },
  "geometry": {
    "type": "Polygon",
    "coordinates": [
      [
        [
          -5.9439395,
          54.5946059
        ],
        [
          -5.9441365,
          54.5943425
        ],
        [
          -5.944062,
          54.5943238
        ],
        [
          -5.9440811,
          54.5942983
        ],
        [
          -5.9439799,
          54.5942729
        ],
        [
          -5.9438273,
          54.5942346
        ],
        [
          -5.943808,
          54.5942604
        ],
        [
          -5.9437344,
          54.5942419
        ],
        [
          -5.9435376,
          54.594505
        ],
        [
          -5.9439395,
          54.5946059
        ]
      ]
    ]
  }
},
{
  "type": "Feature",
  "id": "way/458258555",
  "properties": {
    "addr:city": "Belfast",
    "addr:housenumber": "10",
    "addr:postcode": "BT14 6EG",
    "addr:street": "Girdwood Avenue",
    "amenity": "community_centre",
    "building": "yes",
    "email": "girdwood@gll.org.uk",
    "name": "Girdwood Community Hub",
    "phone": "+4428 9521 7870",
    "website": "https://better.org.uk/leisure-centre/belfast/girdwood",
    "id": "way/458258555"
  },
  "geometry": {
    "type": "Polygon",
    "coordinates": [
      [
        [
          -5.9399946,
          54.6116507
        ],
        [
          -5.9410884,
          54.6119854
        ],
        [
          -5.9411386,
          54.6119561
        ],
        [
          -5.9409498,
          54.6118618
        ],
        [
          -5.9410686,
          54.6117732
        ],
        [
          -5.9416143,
          54.6119385
        ],
        [
          -5.9417698,
          54.6117825
        ],
        [
          -5.9408158,
          54.6114728
        ],
        [
          -5.9405275,
          54.6116068
        ],
        [
          -5.9401634,
          54.6114936
        ],
        [
          -5.9399946,
          54.6116507
        ]
      ]
    ]
  }
},
{
  "type": "Feature",
  "id": "way/458717068",
  "properties": {
    "addr:city": "Belfast",
    "addr:street": "Upper Newtownards Road",
    "amenity": "fire_station",
    "name": "Knock Fire Station & District Headquarters",
    "operator": "Northern Ireland Fire & Rescue Service",
    "operator:wikidata": "Q12859215",
    "website": "https://www.nifrs.org/",
    "id": "way/458717068"
  },
  "geometry": {
    "type": "Polygon",
    "coordinates": [
      [
        [
          -5.8767077,
          54.5961806
        ],
        [
          -5.8763595,
          54.5961395
        ],
        [
          -5.8761738,
          54.5961176
        ],
        [
          -5.8761308,
          54.5962268
        ],
        [
          -5.8759911,
          54.596581
        ],
        [
          -5.8757046,
          54.5965442
        ],
        [
          -5.8757556,
          54.5967682
        ],
        [
          -5.8760189,
          54.5967748
        ],
        [
          -5.8760484,
          54.5968997
        ],
        [
          -5.8764651,
          54.596859
        ],
        [
          -5.8765455,
          54.5966246
        ],
        [
          -5.876621,
          54.5964164
        ],
        [
          -5.8767077,
          54.5961806
        ]
      ]
    ]
  }
},
{
  "type": "Feature",
  "id": "way/460611390",
  "properties": {
    "amenity": "community_centre",
    "building": "yes",
    "name": "Dunmurry Orange Hall & Credit Union",
    "id": "way/460611390"
  },
  "geometry": {
    "type": "Polygon",
    "coordinates": [
      [
        [
          -6.0017917,
          54.5522632
        ],
        [
          -6.0017968,
          54.5522536
        ],
        [
          -6.0016417,
          54.552226
        ],
        [
          -6.0016377,
          54.5522335
        ],
        [
          -6.0015397,
          54.5522161
        ],
        [
          -6.0015142,
          54.5522641
        ],
        [
          -6.0016116,
          54.5522814
        ],
        [
          -6.0015697,
          54.5523605
        ],
        [
          -6.0016137,
          54.5523683
        ],
        [
          -6.0014977,
          54.5525874
        ],
        [
          -6.0015988,
          54.5526053
        ],
        [
          -6.0017146,
          54.5523866
        ],
        [
          -6.0017246,
          54.5523884
        ],
        [
          -6.0017656,
          54.5523111
        ],
        [
          -6.0017868,
          54.5523149
        ],
        [
          -6.0018122,
          54.5522668
        ],
        [
          -6.0017917,
          54.5522632
        ]
      ]
    ]
  }
},
{
  "type": "Feature",
  "id": "way/460955403",
  "properties": {
    "addr:city": "Castlereagh",
    "addr:housenumber": "1-2",
    "addr:street": "Alexander Road",
    "amenity": "police",
    "name": "Castlereagh Police Station",
    "operator": "Police Service of Northern Ireland",
    "operator:wikidata": "Q1482170",
    "id": "way/460955403"
  },
  "geometry": {
    "type": "Polygon",
    "coordinates": [
      [
        [
          -5.8930034,
          54.5819708
        ],
        [
          -5.8933082,
          54.5817175
        ],
        [
          -5.8936632,
          54.5814226
        ],
        [
          -5.893688,
          54.5813952
        ],
        [
          -5.8936429,
          54.5813311
        ],
        [
          -5.8934286,
          54.5812435
        ],
        [
          -5.893264,
          54.5811429
        ],
        [
          -5.8926911,
          54.5807024
        ],
        [
          -5.8925354,
          54.5806004
        ],
        [
          -5.8923911,
          54.5805285
        ],
        [
          -5.8920505,
          54.5804109
        ],
        [
          -5.891843,
          54.580356
        ],
        [
          -5.8916761,
          54.5803272
        ],
        [
          -5.8914957,
          54.5803128
        ],
        [
          -5.8912409,
          54.5803146
        ],
        [
          -5.8908561,
          54.5811989
        ],
        [
          -5.8913323,
          54.5812872
        ],
        [
          -5.8916967,
          54.5813878
        ],
        [
          -5.8919555,
          54.5815208
        ],
        [
          -5.8921591,
          54.5815623
        ],
        [
          -5.8923434,
          54.5815631
        ],
        [
          -5.8926292,
          54.5816733
        ],
        [
          -5.892738,
          54.5817881
        ],
        [
          -5.8927691,
          54.581866
        ],
        [
          -5.892838,
          54.5818913
        ],
        [
          -5.8930034,
          54.5819708
        ]
      ]
    ]
  }
},
{
  "type": "Feature",
  "id": "way/466419233",
  "properties": {
    "amenity": "social_facility",
    "building": "residential",
    "building:levels": "2",
    "name": "Dunmurry Manor",
    "roof:height": "3",
    "roof:material": "roof_tiles",
    "roof:shape": "mansard",
    "social_facility": "group_home",
    "social_facility:for": "senior",
    "id": "way/466419233"
  },
  "geometry": {
    "type": "Polygon",
    "coordinates": [
      [
        [
          -6.0095667,
          54.5432023
        ],
        [
          -6.0096219,
          54.543176
        ],
        [
          -6.0096408,
          54.5431894
        ],
        [
          -6.0096992,
          54.5431617
        ],
        [
          -6.0096802,
          54.5431483
        ],
        [
          -6.0097507,
          54.5431148
        ],
        [
          -6.0094598,
          54.542909
        ],
        [
          -6.009522,
          54.5428794
        ],
        [
          -6.0095457,
          54.5428962
        ],
        [
          -6.0096359,
          54.5428532
        ],
        [
          -6.0096133,
          54.5428372
        ],
        [
          -6.0096861,
          54.5428026
        ],
        [
          -6.009706,
          54.5428166
        ],
        [
          -6.0098859,
          54.542731
        ],
        [
          -6.0095883,
          54.5425206
        ],
        [
          -6.0095225,
          54.5425519
        ],
        [
          -6.0095028,
          54.542538
        ],
        [
          -6.00945,
          54.5425631
        ],
        [
          -6.0094697,
          54.542577
        ],
        [
          -6.0094121,
          54.5426044
        ],
        [
          -6.0095366,
          54.5426924
        ],
        [
          -6.009471,
          54.5427236
        ],
        [
          -6.0094455,
          54.5427056
        ],
        [
          -6.0093544,
          54.5427489
        ],
        [
          -6.0093837,
          54.5427696
        ],
        [
          -6.0093074,
          54.5428058
        ],
        [
          -6.0092016,
          54.5427309
        ],
        [
          -6.0090218,
          54.5428164
        ],
        [
          -6.0095667,
          54.5432023
        ]
      ]
    ]
  }
},
{
  "type": "Feature",
  "id": "way/466894125",
  "properties": {
    "addr:postcode": "BT17 9PR",
    "addr:street": "Laurel Way",
    "amenity": "social_facility",
    "building": "social_care",
    "building:levels": "1",
    "building:material": "brick",
    "fhrs:id": "749056",
    "name": "Lindsay House",
    "operator": "South Eastern Health and Social Care Trust",
    "roof:material": "roof_tiles",
    "roof:shape": "hipped",
    "social_facility": "group_home",
    "social_facility:for": "child;disabled",
    "source:addr": "FHRS Open Data",
    "wheelchair": "yes",
    "id": "way/466894125"
  },
  "geometry": {
    "type": "Polygon",
    "coordinates": [
      [
        [
          -6.010091,
          54.5449895
        ],
        [
          -6.0102379,
          54.5449347
        ],
        [
          -6.0102709,
          54.5449645
        ],
        [
          -6.0104113,
          54.5449122
        ],
        [
          -6.0102087,
          54.5447295
        ],
        [
          -6.0101961,
          54.5447342
        ],
        [
          -6.0101222,
          54.5446676
        ],
        [
          -6.010101,
          54.5446755
        ],
        [
          -6.010074,
          54.5446512
        ],
        [
          -6.0099533,
          54.5446962
        ],
        [
          -6.0101111,
          54.5448385
        ],
        [
          -6.0099784,
          54.544888
        ],
        [
          -6.010091,
          54.5449895
        ]
      ]
    ]
  }
},
{
  "type": "Feature",
  "id": "way/467526334",
  "properties": {
    "addr:street": "Kingsway",
    "amenity": "community_centre",
    "building": "yes",
    "name": "St Anne's Parish Centre",
    "id": "way/467526334"
  },
  "geometry": {
    "type": "Polygon",
    "coordinates": [
      [
        [
          -5.9939895,
          54.5540476
        ],
        [
          -5.9939653,
          54.5540178
        ],
        [
          -5.9939283,
          54.5540286
        ],
        [
          -5.9938904,
          54.553981
        ],
        [
          -5.9939024,
          54.553977
        ],
        [
          -5.9938841,
          54.5539406
        ],
        [
          -5.9938369,
          54.5539545
        ],
        [
          -5.9937932,
          54.5539
        ],
        [
          -5.9937204,
          54.5539198
        ],
        [
          -5.9936986,
          54.553891
        ],
        [
          -5.9932775,
          54.5540061
        ],
        [
          -5.9932978,
          54.5540308
        ],
        [
          -5.993258,
          54.5540417
        ],
        [
          -5.9933508,
          54.5541556
        ],
        [
          -5.9933666,
          54.5541512
        ],
        [
          -5.9934064,
          54.5542
        ],
        [
          -5.9934511,
          54.5541878
        ],
        [
          -5.9934646,
          54.5542043
        ],
        [
          -5.9935144,
          54.5541907
        ],
        [
          -5.9935038,
          54.5541777
        ],
        [
          -5.9936322,
          54.5541425
        ],
        [
          -5.993645,
          54.5541583
        ],
        [
          -5.9937171,
          54.5541385
        ],
        [
          -5.9937063,
          54.5541253
        ],
        [
          -5.9939895,
          54.5540476
        ]
      ]
    ]
  }
},
{
  "type": "Feature",
  "id": "way/468718432",
  "properties": {
    "addr:city": "Belfast",
    "addr:postcode": "BT13 1GG",
    "addr:street": "Agnes Street",
    "amenity": "community_centre",
    "name": "Hammer Community Centre",
    "not:operator:wikidata": "Q10686",
    "operator": "Belfast City Council",
    "operator:type": "government",
    "operator:wikidata": "Q55934837",
    "website": "https://www.belfastcity.gov.uk/community/community-centres/hammer-community-centre",
    "id": "way/468718432"
  },
  "geometry": {
    "type": "Polygon",
    "coordinates": [
      [
        [
          -5.9454626,
          54.6068946
        ],
        [
          -5.9458423,
          54.6069256
        ],
        [
          -5.9464588,
          54.60698
        ],
        [
          -5.946568,
          54.6066479
        ],
        [
          -5.9466235,
          54.6059645
        ],
        [
          -5.9456684,
          54.6059074
        ],
        [
          -5.9454626,
          54.6068946
        ]
      ]
    ]
  }
},
{
  "type": "Feature",
  "id": "way/468718435",
  "properties": {
    "addr:city": "Belfast",
    "addr:housenumber": "134",
    "addr:street": "Tennent Street",
    "amenity": "police",
    "name": "Tennent Street Police Station",
    "operator": "Police Service of Northern Ireland",
    "operator:wikidata": "Q1482170",
    "id": "way/468718435"
  },
  "geometry": {
    "type": "Polygon",
    "coordinates": [
      [
        [
          -5.9545845,
          54.6076828
        ],
        [
          -5.9544742,
          54.6080482
        ],
        [
          -5.954713,
          54.6080801
        ],
        [
          -5.9550241,
          54.6081018
        ],
        [
          -5.9549973,
          54.6082416
        ],
        [
          -5.9557309,
          54.6083061
        ],
        [
          -5.9557516,
          54.6082447
        ],
        [
          -5.9561445,
          54.6083058
        ],
        [
          -5.956339,
          54.6083379
        ],
        [
          -5.9565424,
          54.607948
        ],
        [
          -5.9566726,
          54.6074682
        ],
        [
          -5.9561213,
          54.6073903
        ],
        [
          -5.9559592,
          54.6078331
        ],
        [
          -5.9545845,
          54.6076828
        ]
      ]
    ]
  }
},
{
  "type": "Feature",
  "id": "way/468718438",
  "properties": {
    "addr:city": "Belfast",
    "addr:housenumber": "298-300",
    "addr:postcode": "BT13 2BN",
    "addr:street": "Shankill Road",
    "amenity": "library",
    "building": "library",
    "contact:facebook": "https://www.facebook.com/LibrariesNorthernIreland",
    "contact:instagram": "https://www.instagram.com/librariesni/",
    "contact:twitter": "http://www.twitter.com/librariesni",
    "contact:youtube": "http://www.youtube.com/librariesni",
    "email": "enquiries@librariesni.org.uk",
    "name": "Shankill Road Library",
    "opening_hours": "Mo-Tu,Fr 09:30-17:30, We 13:00-17:30, Th 12:00-20:00, Sa 09:30-13:00",
    "operator": "Northern Ireland Library Authority",
    "operator:type": "public",
    "operator:wikidata": "Q50693680",
    "website": "https://www.librariesni.org.uk/libraries/greater-belfast/shankill-road-library/",
    "wikidata": "Q55263492",
    "id": "way/468718438"
  },
  "geometry": {
    "type": "Polygon",
    "coordinates": [
      [
        [
          -5.9551563,
          54.6043465
        ],
        [
          -5.9552608,
          54.6042343
        ],
        [
          -5.9552691,
          54.6042246
        ],
        [
          -5.9551711,
          54.6041807
        ],
        [
          -5.9551839,
          54.6041492
        ],
        [
          -5.9548433,
          54.6040854
        ],
        [
          -5.95469,
          54.6042853
        ],
        [
          -5.9547044,
          54.6043015
        ],
        [
          -5.9547188,
          54.6043176
        ],
        [
          -5.9549154,
          54.6043306
        ],
        [
          -5.9551563,
          54.6043465
        ]
      ]
    ]
  }
},
{
  "type": "Feature",
  "id": "way/468739362",
  "properties": {
    "addr:city": "Belfast",
    "addr:housenumber": "143",
    "addr:postcode": "BT13 2JF",
    "addr:street": "Northumberland Street",
    "amenity": "community_centre",
    "building": "yes",
    "denomination": "elim_pentecostal",
    "height": "9",
    "name": "City Life Centre",
    "religion": "christian",
    "roof:material": "metal",
    "roof:shape": "gabled",
    "id": "way/468739362"
  },
  "geometry": {
    "type": "Polygon",
    "coordinates": [
      [
        [
          -5.9474691,
          54.6013783
        ],
        [
          -5.9479398,
          54.6013865
        ],
        [
          -5.9479823,
          54.6008371
        ],
        [
          -5.9475045,
          54.6008248
        ],
        [
          -5.9474691,
          54.6013783
        ]
      ]
    ]
  }
},
{
  "type": "Feature",
  "id": "way/470614068",
  "properties": {
    "access": "private",
    "addr:city": "Belfast",
    "addr:housenumber": "613",
    "addr:street": "Springfield Road",
    "amenity": "police",
    "name": "New Barnsley Police Station",
    "note": "This station is not open to the public.",
    "operator": "Police Service of Northern Ireland",
    "operator:website": "https://www.psni.police.uk/",
    "operator:wikidata": "Q1482170",
    "id": "way/470614068"
  },
  "geometry": {
    "type": "Polygon",
    "coordinates": [
      [
        [
          -5.9808788,
          54.5992278
        ],
        [
          -5.9803081,
          54.598763
        ],
        [
          -5.9797915,
          54.5982694
        ],
        [
          -5.9790486,
          54.5975888
        ],
        [
          -5.978459,
          54.5975741
        ],
        [
          -5.9773873,
          54.5975474
        ],
        [
          -5.9785221,
          54.5985062
        ],
        [
          -5.9794577,
          54.5993009
        ],
        [
          -5.9808788,
          54.5992278
        ]
      ]
    ]
  }
},
{
  "type": "Feature",
  "id": "way/472095843",
  "properties": {
    "addr:city": "Belfast",
    "addr:housenumber": "103",
    "addr:street": "Kingsway",
    "amenity": "police",
    "name": "Dunmurry Police Station",
    "operator": "Police Service of Northern Ireland",
    "operator:wikidata": "Q1482170",
    "id": "way/472095843"
  },
  "geometry": {
    "type": "Polygon",
    "coordinates": [
      [
        [
          -6.0004806,
          54.5538718
        ],
        [
          -6.0002124,
          54.5534456
        ],
        [
          -6.00004,
          54.5532217
        ],
        [
          -5.9999656,
          54.5531251
        ],
        [
          -5.9998576,
          54.5530823
        ],
        [
          -5.999832,
          54.5530959
        ],
        [
          -5.99981,
          54.5530862
        ],
        [
          -5.9997872,
          54.5530754
        ],
        [
          -5.9997926,
          54.5530641
        ],
        [
          -5.9997141,
          54.5530279
        ],
        [
          -5.9991046,
          54.5536555
        ],
        [
          -5.9993726,
          54.5537717
        ],
        [
          -5.999869,
          54.5539869
        ],
        [
          -6.0002037,
          54.5539247
        ],
        [
          -6.0004806,
          54.5538718
        ]
      ]
    ]
  }
},
{
  "type": "Feature",
  "id": "way/473048078",
  "properties": {
    "amenity": "community_centre",
    "building": "yes",
    "name": "Conway Youth Centre",
    "id": "way/473048078"
  },
  "geometry": {
    "type": "Polygon",
    "coordinates": [
      [
        [
          -5.949833,
          54.6034419
        ],
        [
          -5.9504038,
          54.6034983
        ],
        [
          -5.9504497,
          54.6033428
        ],
        [
          -5.9498789,
          54.6032863
        ],
        [
          -5.949833,
          54.6034419
        ]
      ]
    ]
  }
},
{
  "type": "Feature",
  "id": "way/473064736",
  "properties": {
    "amenity": "social_facility",
    "building": "yes",
    "social_facility": "group_home",
    "social_facility:for": "senior",
    "id": "way/473064736"
  },
  "geometry": {
    "type": "Polygon",
    "coordinates": [
      [
        [
          -5.9106733,
          54.5858907
        ],
        [
          -5.9106848,
          54.5858032
        ],
        [
          -5.9105815,
          54.5857993
        ],
        [
          -5.9106601,
          54.5856832
        ],
        [
          -5.910736,
          54.5852656
        ],
        [
          -5.9103331,
          54.585241
        ],
        [
          -5.9103276,
          54.5852712
        ],
        [
          -5.9103154,
          54.585385
        ],
        [
          -5.9102189,
          54.5858696
        ],
        [
          -5.9106733,
          54.5858907
        ]
      ]
    ]
  }
},
{
  "type": "Feature",
  "id": "way/473351082",
  "properties": {
    "addr:street": "Derriaghy Road",
    "amenity": "grave_yard",
    "anglican": "Church of Ireland",
    "denomination": "anglican",
    "religion": "christian",
    "id": "way/473351082"
  },
  "geometry": {
    "type": "Polygon",
    "coordinates": [
      [
        [
          -6.0325088,
          54.5427921
        ],
        [
          -6.03255,
          54.542751
        ],
        [
          -6.0325778,
          54.5427477
        ],
        [
          -6.0329394,
          54.5427048
        ],
        [
          -6.0329355,
          54.5426911
        ],
        [
          -6.0329455,
          54.5426746
        ],
        [
          -6.032964,
          54.5426618
        ],
        [
          -6.0330004,
          54.5426553
        ],
        [
          -6.0330307,
          54.5426499
        ],
        [
          -6.0330599,
          54.5426532
        ],
        [
          -6.0330855,
          54.5426652
        ],
        [
          -6.0330983,
          54.5426782
        ],
        [
          -6.0331426,
          54.5426749
        ],
        [
          -6.0326954,
          54.5420518
        ],
        [
          -6.0328352,
          54.5420307
        ],
        [
          -6.0328744,
          54.5418752
        ],
        [
          -6.0326277,
          54.5418363
        ],
        [
          -6.0319115,
          54.5418581
        ],
        [
          -6.0318364,
          54.5417974
        ],
        [
          -6.0316621,
          54.541869
        ],
        [
          -6.0315575,
          54.542622
        ],
        [
          -6.0315628,
          54.5426703
        ],
        [
          -6.0315736,
          54.5427076
        ],
        [
          -6.0315896,
          54.542745
        ],
        [
          -6.0316272,
          54.5427947
        ],
        [
          -6.0317067,
          54.5428774
        ],
        [
          -6.0319852,
          54.5429185
        ],
        [
          -6.0325088,
          54.5427921
        ]
      ]
    ]
  }
},
{
  "type": "Feature",
  "id": "way/474923349",
  "properties": {
    "addr:city": "Belfast",
    "addr:postcode": "BT17 0SB",
    "addr:street": "Stewartstown Road",
    "building": "yes",
    "name": "Housing Executive",
    "office": "government",
    "id": "way/474923349"
  },
  "geometry": {
    "type": "Polygon",
    "coordinates": [
      [
        [
          -6.0225007,
          54.5595625
        ],
        [
          -6.022652,
          54.5593798
        ],
        [
          -6.0225013,
          54.5593378
        ],
        [
          -6.0225129,
          54.5593237
        ],
        [
          -6.0225628,
          54.5593376
        ],
        [
          -6.0225805,
          54.5593162
        ],
        [
          -6.0226304,
          54.5593301
        ],
        [
          -6.0226846,
          54.5592646
        ],
        [
          -6.0226371,
          54.5592514
        ],
        [
          -6.0226578,
          54.5592264
        ],
        [
          -6.0224582,
          54.5591708
        ],
        [
          -6.0223634,
          54.5592852
        ],
        [
          -6.0224506,
          54.5593095
        ],
        [
          -6.022442,
          54.5593199
        ],
        [
          -6.0223353,
          54.5592902
        ],
        [
          -6.022183,
          54.559474
        ],
        [
          -6.0225007,
          54.5595625
        ]
      ]
    ]
  }
},
{
  "type": "Feature",
  "id": "way/474927803",
  "properties": {
    "addr:city": "Belfast",
    "addr:housenumber": "84a",
    "addr:postcode": "BT17 0AR",
    "addr:street": "Colinmill",
    "amenity": "community_centre",
    "building": "yes",
    "name": "Footprints Women's Centre",
    "id": "way/474927803"
  },
  "geometry": {
    "type": "Polygon",
    "coordinates": [
      [
        [
          -6.0237449,
          54.5652658
        ],
        [
          -6.023885,
          54.5651897
        ],
        [
          -6.0238574,
          54.5651726
        ],
        [
          -6.0239891,
          54.5651011
        ],
        [
          -6.0237938,
          54.5649803
        ],
        [
          -6.0236583,
          54.5650538
        ],
        [
          -6.0235446,
          54.5649834
        ],
        [
          -6.0234083,
          54.5650575
        ],
        [
          -6.0237449,
          54.5652658
        ]
      ]
    ]
  }
},
{
  "type": "Feature",
  "id": "way/474927823",
  "properties": {
    "addr:housenumber": "14",
    "addr:postcode": "BT17 0PP",
    "addr:street": "Good Shepherd Road",
    "amenity": "community_centre",
    "building": "yes",
    "name": "Poleglass Youth Centre",
    "id": "way/474927823"
  },
  "geometry": {
    "type": "Polygon",
    "coordinates": [
      [
        [
          -6.0281891,
          54.5663798
        ],
        [
          -6.0281465,
          54.5663526
        ],
        [
          -6.0281685,
          54.5663411
        ],
        [
          -6.0279799,
          54.5662208
        ],
        [
          -6.0276742,
          54.5663817
        ],
        [
          -6.0277132,
          54.5664066
        ],
        [
          -6.0273496,
          54.5665981
        ],
        [
          -6.0274057,
          54.5666339
        ],
        [
          -6.027175,
          54.5667554
        ],
        [
          -6.027311,
          54.5668422
        ],
        [
          -6.0281891,
          54.5663798
        ]
      ]
    ]
  }
},
{
  "type": "Feature",
  "id": "way/474929100",
  "properties": {
    "addr:postcode": "BT17 0PH",
    "addr:street": "Pembroke Loop Road",
    "amenity": "community_centre",
    "building": "yes",
    "name": "Colin Family Centre",
    "id": "way/474929100"
  },
  "geometry": {
    "type": "Polygon",
    "coordinates": [
      [
        [
          -6.0245858,
          54.5678218
        ],
        [
          -6.0249163,
          54.5676054
        ],
        [
          -6.0248036,
          54.5675476
        ],
        [
          -6.0247202,
          54.5676022
        ],
        [
          -6.0246988,
          54.5675912
        ],
        [
          -6.0246061,
          54.5676519
        ],
        [
          -6.0246266,
          54.5676624
        ],
        [
          -6.0246184,
          54.5676678
        ],
        [
          -6.0244145,
          54.567563
        ],
        [
          -6.0245037,
          54.5675047
        ],
        [
          -6.0244025,
          54.5674527
        ],
        [
          -6.0243078,
          54.5675146
        ],
        [
          -6.0242799,
          54.5675002
        ],
        [
          -6.0241961,
          54.567555
        ],
        [
          -6.0243778,
          54.5676484
        ],
        [
          -6.0243405,
          54.5676729
        ],
        [
          -6.024442,
          54.5677251
        ],
        [
          -6.0244765,
          54.5677025
        ],
        [
          -6.0245428,
          54.5677365
        ],
        [
          -6.0244886,
          54.567772
        ],
        [
          -6.0245858,
          54.5678218
        ]
      ]
    ]
  }
},
{
  "type": "Feature",
  "id": "way/474929102",
  "properties": {
    "addr:city": "Belfast",
    "addr:housename": "Cloona House",
    "addr:housenumber": "31",
    "addr:postcode": "BT17 0LG",
    "addr:street": "Colin Road",
    "amenity": "community_centre",
    "building": "yes",
    "name": "Colin Neighbourhood Partnership",
    "id": "way/474929102"
  },
  "geometry": {
    "type": "Polygon",
    "coordinates": [
      [
        [
          -6.0227928,
          54.5667152
        ],
        [
          -6.0226625,
          54.5664954
        ],
        [
          -6.0224102,
          54.5665457
        ],
        [
          -6.0223847,
          54.5665613
        ],
        [
          -6.0223742,
          54.5665752
        ],
        [
          -6.0224926,
          54.566775
        ],
        [
          -6.0227928,
          54.5667152
        ]
      ]
    ]
  }
},
{
  "type": "Feature",
  "id": "way/479007106",
  "properties": {
    "addr:city": "Dunmurry",
    "addr:street": "Ballybog Road",
    "amenity": "community_centre",
    "building": "yes",
    "building:colour": "white",
    "building:levels": "1",
    "building:material": "pebbledash",
    "name": "Mosside Hall",
    "roof:material": "slate",
    "roof:shape": "gabled",
    "id": "way/479007106"
  },
  "geometry": {
    "type": "Polygon",
    "coordinates": [
      [
        [
          -6.0126446,
          54.5412179
        ],
        [
          -6.0124324,
          54.5413032
        ],
        [
          -6.0124889,
          54.5413505
        ],
        [
          -6.0127011,
          54.5412652
        ],
        [
          -6.0126446,
          54.5412179
        ]
      ]
    ]
  }
},
{
  "type": "Feature",
  "id": "way/479014088",
  "properties": {
    "addr:city": "Belfast",
    "addr:street": "Pembroke Street",
    "amenity": "community_centre",
    "building": "yes",
    "denomination": "presbyterian",
    "name": "Richview Presbyterian Church Halls",
    "religion": "christian",
    "id": "way/479014088"
  },
  "geometry": {
    "type": "Polygon",
    "coordinates": [
      [
        [
          -5.9505621,
          54.5884544
        ],
        [
          -5.9507315,
          54.5882735
        ],
        [
          -5.950693,
          54.5882614
        ],
        [
          -5.9507502,
          54.5882002
        ],
        [
          -5.9505843,
          54.5881481
        ],
        [
          -5.9503577,
          54.5883902
        ],
        [
          -5.9505621,
          54.5884544
        ]
      ]
    ]
  }
},
{
  "type": "Feature",
  "id": "way/479016942",
  "properties": {
    "addr:city": "Belfast",
    "addr:postcode": "BT12 6JZ",
    "addr:street": "Nubia Street",
    "amenity": "community_centre",
    "building": "yes",
    "name": "Nubia Youth Centre",
    "id": "way/479016942"
  },
  "geometry": {
    "type": "Polygon",
    "coordinates": [
      [
        [
          -5.9534956,
          54.5884085
        ],
        [
          -5.9534898,
          54.58829
        ],
        [
          -5.9533595,
          54.5882921
        ],
        [
          -5.9533608,
          54.5883189
        ],
        [
          -5.9531265,
          54.5883228
        ],
        [
          -5.9531336,
          54.5884664
        ],
        [
          -5.9534156,
          54.5884618
        ],
        [
          -5.9534131,
          54.5884099
        ],
        [
          -5.9534956,
          54.5884085
        ]
      ]
    ]
  }
},
{
  "type": "Feature",
  "id": "way/479698200",
  "properties": {
    "addr:city": "Belfast",
    "addr:street": "Derryvolgie Avenue",
    "amenity": "community_centre",
    "building": "yes",
    "name": "St Bride's Hall",
    "opening_hours:signed": "no",
    "id": "way/479698200"
  },
  "geometry": {
    "type": "Polygon",
    "coordinates": [
      [
        [
          -5.9424637,
          54.5786668
        ],
        [
          -5.9426159,
          54.5784513
        ],
        [
          -5.9422359,
          54.5783612
        ],
        [
          -5.9420837,
          54.5785766
        ],
        [
          -5.9424637,
          54.5786668
        ]
      ]
    ]
  }
},
{
  "type": "Feature",
  "id": "way/480102465",
  "properties": {
    "addr:city": "Belfast",
    "addr:housenumber": "2",
    "addr:postcode": "BT8 7EA",
    "addr:street": "Dunseverick Avenue",
    "amenity": "community_centre",
    "building": "yes",
    "name": "Belvoir Youth Centre",
    "id": "way/480102465"
  },
  "geometry": {
    "type": "Polygon",
    "coordinates": [
      [
        [
          -5.9312028,
          54.5518561
        ],
        [
          -5.9310504,
          54.5517602
        ],
        [
          -5.9308172,
          54.5518849
        ],
        [
          -5.9307011,
          54.5518118
        ],
        [
          -5.9308387,
          54.5517383
        ],
        [
          -5.9307052,
          54.5516542
        ],
        [
          -5.9304284,
          54.5518022
        ],
        [
          -5.9308304,
          54.5520552
        ],
        [
          -5.9312028,
          54.5518561
        ]
      ]
    ]
  }
},
{
  "type": "Feature",
  "id": "way/480624891",
  "properties": {
    "addr:city": "Belfast",
    "addr:street": "York Street",
    "amenity": "community_centre",
    "building": "yes",
    "denomination": "salvation_army",
    "name": "Salvation Army",
    "operator": "The Salvation Army",
    "operator:type": "charitable",
    "operator:wikidata": "Q188307",
    "religion": "christian",
    "id": "way/480624891"
  },
  "geometry": {
    "type": "Polygon",
    "coordinates": [
      [
        [
          -5.9241106,
          54.6136165
        ],
        [
          -5.9241569,
          54.613612
        ],
        [
          -5.9244366,
          54.6135848
        ],
        [
          -5.9243959,
          54.6134446
        ],
        [
          -5.9240699,
          54.6134764
        ],
        [
          -5.9241106,
          54.6136165
        ]
      ]
    ]
  }
},
{
  "type": "Feature",
  "id": "way/488290076",
  "properties": {
    "addr:city": "Belfast",
    "addr:housenumber": "135",
    "addr:postcode": "BT17 9RY",
    "addr:street": "Kingsway",
    "amenity": "community_centre",
    "building": "yes",
    "community_centre:for": "juvenile",
    "name": "Stevenson Youth Centre",
    "old_name": "Stevenson National School",
    "old_operator": "South Eastern Education and Library Board",
    "operator": "Education Authority",
    "operator:type": "government",
    "start_date": "1898",
    "id": "way/488290076"
  },
  "geometry": {
    "type": "Polygon",
    "coordinates": [
      [
        [
          -6.0022959,
          54.5518418
        ],
        [
          -6.0022296,
          54.5517747
        ],
        [
          -6.0022862,
          54.5517559
        ],
        [
          -6.002223,
          54.551692
        ],
        [
          -6.0021347,
          54.5517213
        ],
        [
          -6.0021067,
          54.551693
        ],
        [
          -6.002042,
          54.5517144
        ],
        [
          -6.0020664,
          54.5517392
        ],
        [
          -6.0019805,
          54.5517677
        ],
        [
          -6.0020538,
          54.551842
        ],
        [
          -6.0020753,
          54.5518348
        ],
        [
          -6.0020953,
          54.5518551
        ],
        [
          -6.0021316,
          54.5518431
        ],
        [
          -6.0021712,
          54.5518832
        ],
        [
          -6.0022959,
          54.5518418
        ]
      ]
    ]
  }
},
{
  "type": "Feature",
  "id": "way/488290077",
  "properties": {
    "addr:street": "Kingsway",
    "amenity": "community_centre",
    "building": "yes",
    "name": "St Colman's Parish Church Hall",
    "id": "way/488290077"
  },
  "geometry": {
    "type": "Polygon",
    "coordinates": [
      [
        [
          -6.0028883,
          54.5516805
        ],
        [
          -6.0028448,
          54.5516315
        ],
        [
          -6.0028276,
          54.5516366
        ],
        [
          -6.0027659,
          54.5515671
        ],
        [
          -6.0028013,
          54.5515566
        ],
        [
          -6.0027351,
          54.551482
        ],
        [
          -6.0025722,
          54.5515306
        ],
        [
          -6.0027436,
          54.5517237
        ],
        [
          -6.0028883,
          54.5516805
        ]
      ]
    ]
  }
},
{
  "type": "Feature",
  "id": "way/488438856",
  "properties": {
    "addr:city": "Belfast",
    "addr:housenumber": "49",
    "addr:postcode": "BT12 4PD",
    "addr:street": "Falls Road",
    "amenity": "library",
    "building": "library",
    "contact:facebook": "https://www.facebook.com/LibrariesNorthernIreland",
    "contact:instagram": "https://www.instagram.com/librariesni/",
    "contact:twitter": "http://www.twitter.com/librariesni",
    "contact:youtube": "http://www.youtube.com/librariesni",
    "description": "A Carnegie library",
    "email": "enquiries@librariesni.org.uk",
    "internet_access": "yes",
    "name": "Falls Road Library",
    "operator": "Northern Ireland Library Authority",
    "operator:type": "public",
    "operator:wikidata": "Q50693680",
    "start_date": "1908-01-02",
    "website": "https://www.librariesni.org.uk/libraries/greater-belfast/falls-road-library/",
    "wikidata": "Q55263439",
    "wikipedia:en": "Carnegie library",
    "id": "way/488438856"
  },
  "geometry": {
    "type": "Polygon",
    "coordinates": [
      [
        [
          -5.9529363,
          54.5981491
        ],
        [
          -5.9527002,
          54.5980063
        ],
        [
          -5.9526162,
          54.5980529
        ],
        [
          -5.9526377,
          54.598066
        ],
        [
          -5.9525922,
          54.5980913
        ],
        [
          -5.9525472,
          54.5981162
        ],
        [
          -5.9525312,
          54.5981066
        ],
        [
          -5.9524281,
          54.5981638
        ],
        [
          -5.9526586,
          54.5983032
        ],
        [
          -5.9529363,
          54.5981491
        ]
      ]
    ]
  }
},
{
  "type": "Feature",
  "id": "way/488467766",
  "properties": {
    "addr:city": "Newtownabbey",
    "addr:street": "Arthur Road",
    "amenity": "social_facility",
    "name": "McIlroy Court",
    "operator": "Radius Housing Association",
    "operator:short": "Radius Housing",
    "operator:type": "private",
    "operator:website": "https://www.radiushousing.org/",
    "social_facility": "group_home",
    "social_facility:for": "senior",
    "website": "https://www.radiushousing.org/properties/mcilroy-court#tab-a1",
    "wheelchair": "yes",
    "id": "way/488467766"
  },
  "geometry": {
    "type": "Polygon",
    "coordinates": [
      [
        [
          -5.9278507,
          54.6544423
        ],
        [
          -5.928112,
          54.6544471
        ],
        [
          -5.9281748,
          54.6544618
        ],
        [
          -5.9281852,
          54.6544778
        ],
        [
          -5.9282175,
          54.6544935
        ],
        [
          -5.9282687,
          54.6544992
        ],
        [
          -5.9293333,
          54.654526
        ],
        [
          -5.929944,
          54.654464
        ],
        [
          -5.9287429,
          54.6535616
        ],
        [
          -5.9281779,
          54.6536295
        ],
        [
          -5.9281532,
          54.6536325
        ],
        [
          -5.9279031,
          54.6537975
        ],
        [
          -5.9276115,
          54.6539901
        ],
        [
          -5.9277211,
          54.6542678
        ],
        [
          -5.9278507,
          54.6544423
        ]
      ]
    ]
  }
},
{
  "type": "Feature",
  "id": "way/492787260",
  "properties": {
    "amenity": "community_centre",
    "anglican": "Church of Ireland",
    "building": "yes",
    "denomination": "anglican",
    "name": "St Jude's Church of Ireland Church Hall",
    "operator": "Church of Ireland",
    "religion": "christian",
    "id": "way/492787260"
  },
  "geometry": {
    "type": "Polygon",
    "coordinates": [
      [
        [
          -5.9141044,
          54.5748759
        ],
        [
          -5.9138302,
          54.574858
        ],
        [
          -5.9138341,
          54.5748378
        ],
        [
          -5.9137455,
          54.574832
        ],
        [
          -5.9137378,
          54.5748715
        ],
        [
          -5.9137025,
          54.5748693
        ],
        [
          -5.9136929,
          54.5749187
        ],
        [
          -5.9136836,
          54.5749669
        ],
        [
          -5.9137415,
          54.5749707
        ],
        [
          -5.9137373,
          54.5749919
        ],
        [
          -5.9139783,
          54.5750076
        ],
        [
          -5.9139752,
          54.5750237
        ],
        [
          -5.9140745,
          54.5750301
        ],
        [
          -5.9141044,
          54.5748759
        ]
      ]
    ]
  }
},
{
  "type": "Feature",
  "id": "way/500242718",
  "properties": {
    "addr:city": "Belfast",
    "addr:street": "Palmerston Road",
    "amenity": "social_facility",
    "building": "residential",
    "name": "Palmerstown Residential Home",
    "operator": "Abbeyfield",
    "social_facility": "nursing_home",
    "id": "way/500242718"
  },
  "geometry": {
    "type": "Polygon",
    "coordinates": [
      [
        [
          -5.875909,
          54.6045385
        ],
        [
          -5.8759847,
          54.6044809
        ],
        [
          -5.8759414,
          54.6044618
        ],
        [
          -5.8759622,
          54.604446
        ],
        [
          -5.8760028,
          54.6044639
        ],
        [
          -5.8760714,
          54.6044117
        ],
        [
          -5.8759958,
          54.6043783
        ],
        [
          -5.8760304,
          54.604352
        ],
        [
          -5.8758053,
          54.6042526
        ],
        [
          -5.8757402,
          54.6043022
        ],
        [
          -5.8758191,
          54.604337
        ],
        [
          -5.8758009,
          54.6043508
        ],
        [
          -5.8758476,
          54.6043715
        ],
        [
          -5.8758632,
          54.6043596
        ],
        [
          -5.8759404,
          54.6043936
        ],
        [
          -5.8759133,
          54.6044143
        ],
        [
          -5.8758949,
          54.6044062
        ],
        [
          -5.8758609,
          54.6044321
        ],
        [
          -5.8758812,
          54.604441
        ],
        [
          -5.8758104,
          54.6044949
        ],
        [
          -5.875909,
          54.6045385
        ]
      ]
    ]
  }
},
{
  "type": "Feature",
  "id": "way/502884339",
  "properties": {
    "amenity": "community_centre",
    "anglican": "Church of Ireland",
    "building": "yes",
    "denomination": "anglican",
    "name": "St. Mark's Parish Hall",
    "religion": "christian",
    "id": "way/502884339"
  },
  "geometry": {
    "type": "Polygon",
    "coordinates": [
      [
        [
          -5.8757234,
          54.602681
        ],
        [
          -5.875862,
          54.6025436
        ],
        [
          -5.8757776,
          54.602515
        ],
        [
          -5.8758013,
          54.6024916
        ],
        [
          -5.8756441,
          54.6024384
        ],
        [
          -5.8756147,
          54.6024675
        ],
        [
          -5.8753945,
          54.602393
        ],
        [
          -5.8753114,
          54.6024754
        ],
        [
          -5.8753367,
          54.602484
        ],
        [
          -5.8752904,
          54.60253
        ],
        [
          -5.8753798,
          54.6025602
        ],
        [
          -5.8754111,
          54.6025291
        ],
        [
          -5.8754915,
          54.6025563
        ],
        [
          -5.8754568,
          54.6025908
        ],
        [
          -5.8757234,
          54.602681
        ]
      ]
    ]
  }
},
{
  "type": "Feature",
  "id": "way/507510597",
  "properties": {
    "office": "government",
    "id": "way/507510597"
  },
  "geometry": {
    "type": "Polygon",
    "coordinates": [
      [
        [
          -5.9644397,
          54.5741226
        ],
        [
          -5.964507,
          54.5740691
        ],
        [
          -5.96508,
          54.5736136
        ],
        [
          -5.9634863,
          54.5729537
        ],
        [
          -5.9634985,
          54.5729396
        ],
        [
          -5.9620858,
          54.5723575
        ],
        [
          -5.96199,
          54.5724209
        ],
        [
          -5.9608954,
          54.5731448
        ],
        [
          -5.9615449,
          54.573412
        ],
        [
          -5.9616183,
          54.5733508
        ],
        [
          -5.9617077,
          54.5733002
        ],
        [
          -5.9618195,
          54.5732625
        ],
        [
          -5.9619557,
          54.5732353
        ],
        [
          -5.9621468,
          54.5732283
        ],
        [
          -5.9623725,
          54.5732621
        ],
        [
          -5.9623826,
          54.5732636
        ],
        [
          -5.9624335,
          54.5732827
        ],
        [
          -5.9625147,
          54.5733131
        ],
        [
          -5.9632992,
          54.5736425
        ],
        [
          -5.9640419,
          54.5739553
        ],
        [
          -5.96423,
          54.5739335
        ],
        [
          -5.9642553,
          54.573944
        ],
        [
          -5.9642976,
          54.5739617
        ],
        [
          -5.9643584,
          54.573987
        ],
        [
          -5.9643874,
          54.5739991
        ],
        [
          -5.9644155,
          54.5741124
        ],
        [
          -5.9644397,
          54.5741226
        ]
      ]
    ]
  }
},
{
  "type": "Feature",
  "id": "way/512835126",
  "properties": {
    "addr:city": "Belfast",
    "addr:housenumber": "5",
    "addr:postcode": "BT8 6TB",
    "addr:street": "Upper Galwally",
    "building": "yes",
    "government": "Home_Office",
    "name": "Drumkeen House",
    "office": "government",
    "id": "way/512835126"
  },
  "geometry": {
    "type": "Polygon",
    "coordinates": [
      [
        [
          -5.9093353,
          54.5656622
        ],
        [
          -5.908985,
          54.5659241
        ],
        [
          -5.909038,
          54.565948
        ],
        [
          -5.909006,
          54.5659718
        ],
        [
          -5.9090805,
          54.5660053
        ],
        [
          -5.9091098,
          54.5659834
        ],
        [
          -5.9091674,
          54.5660092
        ],
        [
          -5.9093082,
          54.5659039
        ],
        [
          -5.9093572,
          54.5659021
        ],
        [
          -5.9093536,
          54.5658696
        ],
        [
          -5.909521,
          54.5657446
        ],
        [
          -5.9094604,
          54.5657174
        ],
        [
          -5.9094866,
          54.5656978
        ],
        [
          -5.9094117,
          54.5656642
        ],
        [
          -5.9093846,
          54.5656844
        ],
        [
          -5.9093353,
          54.5656622
        ]
      ]
    ]
  }
},
{
  "type": "Feature",
  "id": "way/514507935",
  "properties": {
    "addr:city": "Belfast",
    "addr:housenumber": "50",
    "addr:postcode": "BT6 9SH",
    "addr:street": "Houston Road",
    "building": "yes",
    "name": "Agri-Food and Biosciences Institute",
    "office": "government",
    "office_1": "research",
    "id": "way/514507935"
  },
  "geometry": {
    "type": "Polygon",
    "coordinates": [
      [
        [
          -5.8489373,
          54.5510776
        ],
        [
          -5.8489929,
          54.5510076
        ],
        [
          -5.848943,
          54.5509943
        ],
        [
          -5.8489729,
          54.5509568
        ],
        [
          -5.8489596,
          54.5509532
        ],
        [
          -5.8488886,
          54.5509343
        ],
        [
          -5.848843,
          54.5509221
        ],
        [
          -5.8487786,
          54.5509048
        ],
        [
          -5.848738,
          54.550894
        ],
        [
          -5.8488136,
          54.550799
        ],
        [
          -5.8488503,
          54.5508088
        ],
        [
          -5.8488671,
          54.5507878
        ],
        [
          -5.8488782,
          54.5507737
        ],
        [
          -5.8488009,
          54.550753
        ],
        [
          -5.8489229,
          54.5505995
        ],
        [
          -5.8490474,
          54.5506328
        ],
        [
          -5.8490941,
          54.5505739
        ],
        [
          -5.8489741,
          54.5505418
        ],
        [
          -5.8489608,
          54.5505585
        ],
        [
          -5.8489196,
          54.5505475
        ],
        [
          -5.8489114,
          54.5505578
        ],
        [
          -5.8484996,
          54.5504477
        ],
        [
          -5.8484225,
          54.5505447
        ],
        [
          -5.8484517,
          54.5505525
        ],
        [
          -5.8484431,
          54.5505633
        ],
        [
          -5.8486919,
          54.5506299
        ],
        [
          -5.8486986,
          54.5506214
        ],
        [
          -5.8487458,
          54.550634
        ],
        [
          -5.848619,
          54.5507936
        ],
        [
          -5.8485453,
          54.5507739
        ],
        [
          -5.8485706,
          54.550742
        ],
        [
          -5.8483244,
          54.5506762
        ],
        [
          -5.8482403,
          54.550782
        ],
        [
          -5.8484703,
          54.5508435
        ],
        [
          -5.8484579,
          54.5508591
        ],
        [
          -5.8485018,
          54.5508708
        ],
        [
          -5.8484579,
          54.5509262
        ],
        [
          -5.8485698,
          54.5509561
        ],
        [
          -5.8485546,
          54.5509752
        ],
        [
          -5.8489373,
          54.5510776
        ]
      ]
    ]
  }
},
{
  "type": "Feature",
  "id": "way/516494933",
  "properties": {
    "addr:city": "Belfast",
    "addr:housenumber": "21",
    "addr:postcode": "BT11 9AF",
    "addr:street": "Andersonstown Road",
    "amenity": "social_facility",
    "building": "yes",
    "name": "Beech Hall Wellbeing & Treatment Centre",
    "operator": "Belfast Health and Social Care Trust",
    "operator:short": "BHSCT",
    "operator:type": "public",
    "operator:wikidata": "Q4882291",
    "social_facility": "healthcare",
    "social_facility:for": "all",
    "wheelchair": "yes",
    "id": "way/516494933"
  },
  "geometry": {
    "type": "Polygon",
    "coordinates": [
      [
        [
          -5.9800804,
          54.5792063
        ],
        [
          -5.9803192,
          54.5791839
        ],
        [
          -5.9802585,
          54.5790252
        ],
        [
          -5.9803522,
          54.5790152
        ],
        [
          -5.9805508,
          54.5791621
        ],
        [
          -5.9811845,
          54.5791025
        ],
        [
          -5.9811552,
          54.5789761
        ],
        [
          -5.9809565,
          54.5790006
        ],
        [
          -5.9809467,
          54.578978
        ],
        [
          -5.9807188,
          54.5790025
        ],
        [
          -5.980709,
          54.5789817
        ],
        [
          -5.9804615,
          54.5790044
        ],
        [
          -5.9804452,
          54.5789798
        ],
        [
          -5.9802303,
          54.5790025
        ],
        [
          -5.9801163,
          54.5787118
        ],
        [
          -5.9798622,
          54.5786911
        ],
        [
          -5.9800804,
          54.5792063
        ]
      ]
    ]
  }
},
{
  "type": "Feature",
  "id": "way/516585473",
  "properties": {
    "addr:city": "Belfast",
    "addr:housenumber": "139",
    "addr:postcode": "BT11 9NB",
    "addr:street": "Stewartstown Road",
    "amenity": "police",
    "email": "BelfastCity@psni.pnn.police.uk",
    "name": "Woodbourne Police Station",
    "operator": "Police Service of Northern Ireland",
    "operator:wikidata": "Q1482170",
    "phone:UK": "101",
    "website": "https://www.psni.police.uk/my-area/all-districts/belfast-city/woodbourne/",
    "id": "way/516585473"
  },
  "geometry": {
    "type": "Polygon",
    "coordinates": [
      [
        [
          -6.0121683,
          54.568306
        ],
        [
          -6.0126906,
          54.5681091
        ],
        [
          -6.012658,
          54.5680623
        ],
        [
          -6.0131406,
          54.5678956
        ],
        [
          -6.0130583,
          54.5676396
        ],
        [
          -6.0130358,
          54.5675698
        ],
        [
          -6.0129655,
          54.5671428
        ],
        [
          -6.0127814,
          54.5669953
        ],
        [
          -6.0119963,
          54.5673359
        ],
        [
          -6.0112646,
          54.5676533
        ],
        [
          -6.0121683,
          54.568306
        ]
      ]
    ]
  }
},
{
  "type": "Feature",
  "id": "way/519545050",
  "properties": {
    "amenity": "social_facility",
    "name": "Lansdowne Care Home",
    "operator": "Four Seasons",
    "social_facility": "nursing_home",
    "social_facility:for": "senior",
    "website": "https://www.fshc.co.uk/lansdowne-care-home/",
    "id": "way/519545050"
  },
  "geometry": {
    "type": "Polygon",
    "coordinates": [
      [
        [
          -5.9331836,
          54.6255172
        ],
        [
          -5.9313283,
          54.6256219
        ],
        [
          -5.9315275,
          54.6262139
        ],
        [
          -5.9328893,
          54.6261254
        ],
        [
          -5.9330834,
          54.6261361
        ],
        [
          -5.9332313,
          54.6261451
        ],
        [
          -5.9333268,
          54.6261415
        ],
        [
          -5.9334162,
          54.6261165
        ],
        [
          -5.9334778,
          54.6260987
        ],
        [
          -5.933487,
          54.6260719
        ],
        [
          -5.9334716,
          54.6260452
        ],
        [
          -5.9332413,
          54.6256462
        ],
        [
          -5.9331836,
          54.6255172
        ]
      ]
    ]
  }
},
{
  "type": "Feature",
  "id": "way/521562493",
  "properties": {
    "addr:city": "Belfast",
    "addr:postcode": "BT12 7FW",
    "addr:street": "Whiterock Road",
    "amenity": "library",
    "building": "library",
    "contact:facebook": "https://www.facebook.com/LibrariesNorthernIreland",
    "contact:instagram": "https://www.instagram.com/librariesni/",
    "contact:twitter": "http://www.twitter.com/librariesni",
    "contact:youtube": "http://www.youtube.com/librariesni",
    "email": "enquiries@librariesni.org.uk",
    "internet_access": "yes",
    "name": "Whiterock Library",
    "operator": "Northern Ireland Library Authority",
    "operator:type": "public",
    "operator:wikidata": "Q50693680",
    "website": "https://www.librariesni.org.uk/libraries/greater-belfast/whiterock-library/",
    "wikidata": "Q55263505",
    "id": "way/521562493"
  },
  "geometry": {
    "type": "Polygon",
    "coordinates": [
      [
        [
          -5.9863644,
          54.5931275
        ],
        [
          -5.9860627,
          54.5930753
        ],
        [
          -5.9860517,
          54.5930966
        ],
        [
          -5.9859929,
          54.5930864
        ],
        [
          -5.9860864,
          54.5929048
        ],
        [
          -5.9859948,
          54.592889
        ],
        [
          -5.9860027,
          54.5928737
        ],
        [
          -5.9858536,
          54.5928479
        ],
        [
          -5.9857468,
          54.5930554
        ],
        [
          -5.9856879,
          54.5930452
        ],
        [
          -5.9856394,
          54.5931393
        ],
        [
          -5.985626,
          54.5931654
        ],
        [
          -5.9858232,
          54.5931995
        ],
        [
          -5.9858149,
          54.5932154
        ],
        [
          -5.9858529,
          54.593222
        ],
        [
          -5.9858733,
          54.5932255
        ],
        [
          -5.9858829,
          54.5932069
        ],
        [
          -5.9859891,
          54.5932252
        ],
        [
          -5.9859804,
          54.5932422
        ],
        [
          -5.9860006,
          54.5932457
        ],
        [
          -5.9862787,
          54.5932938
        ],
        [
          -5.9862951,
          54.5932619
        ],
        [
          -5.9863644,
          54.5931275
        ]
      ]
    ]
  }
},
{
  "type": "Feature",
  "id": "way/526477376",
  "properties": {
    "amenity": "community_centre",
    "building": "yes",
    "name": "Magookin Memorial Hall",
    "id": "way/526477376"
  },
  "geometry": {
    "type": "Polygon",
    "coordinates": [
      [
        [
          -5.9036785,
          54.6015139
        ],
        [
          -5.9035872,
          54.601749
        ],
        [
          -5.9036959,
          54.6017632
        ],
        [
          -5.9037085,
          54.6017307
        ],
        [
          -5.9038675,
          54.6017514
        ],
        [
          -5.9039461,
          54.6015488
        ],
        [
          -5.9036785,
          54.6015139
        ]
      ]
    ]
  }
},
{
  "type": "Feature",
  "id": "way/533783089",
  "properties": {
    "amenity": "community_centre",
    "building": "civic",
    "name": "Market community center",
    "id": "way/533783089"
  },
  "geometry": {
    "type": "Polygon",
    "coordinates": [
      [
        [
          -5.9237129,
          54.5943243
        ],
        [
          -5.9237597,
          54.5942463
        ],
        [
          -5.9237316,
          54.5942408
        ],
        [
          -5.9237597,
          54.5941942
        ],
        [
          -5.923857,
          54.5941715
        ],
        [
          -5.9237672,
          54.5940078
        ],
        [
          -5.9238476,
          54.5939862
        ],
        [
          -5.9237653,
          54.5938561
        ],
        [
          -5.9236381,
          54.5938323
        ],
        [
          -5.9235371,
          54.593855
        ],
        [
          -5.9235053,
          54.5939006
        ],
        [
          -5.9235764,
          54.5940144
        ],
        [
          -5.9234698,
          54.5940371
        ],
        [
          -5.9235184,
          54.5940978
        ],
        [
          -5.9235708,
          54.5940859
        ],
        [
          -5.923524,
          54.5941661
        ],
        [
          -5.9233931,
          54.594139
        ],
        [
          -5.9233388,
          54.5942473
        ],
        [
          -5.9237129,
          54.5943243
        ]
      ]
    ]
  }
},
{
  "type": "Feature",
  "id": "way/539787113",
  "properties": {
    "addr:city": "Belfast",
    "addr:postcode": "BT1 5GS",
    "addr:street": "Donegall Square",
    "amenity": "townhall",
    "building": "government",
    "contact:phone": "+44 28 90320202",
    "name": "Belfast City Hall",
    "name:zh": "贝尔法斯特市政厅",
    "not:operator:wikidata": "Q10686",
    "operator": "Belfast City Council",
    "operator:type": "government",
    "operator:wikidata": "Q55934837",
    "tourism": "attraction",
    "townhall:type": "city",
    "website": "https://www.belfastcity.gov.uk/cityhall/index.asp",
    "wheelchair": "yes",
    "wikidata": "Q3351920",
    "wikipedia": "en:Belfast City Hall",
    "id": "way/539787113"
  },
  "geometry": {
    "type": "Polygon",
    "coordinates": [
      [
        [
          -5.9293114,
          54.5962546
        ],
        [
          -5.9297883,
          54.5962368
        ],
        [
          -5.9297915,
          54.5962718
        ],
        [
          -5.9298892,
          54.5962686
        ],
        [
          -5.9298861,
          54.5962331
        ],
        [
          -5.9301329,
          54.5962237
        ],
        [
          -5.9301359,
          54.5962584
        ],
        [
          -5.9302271,
          54.5962554
        ],
        [
          -5.9302238,
          54.5962202
        ],
        [
          -5.9304435,
          54.5962123
        ],
        [
          -5.9304466,
          54.5962556
        ],
        [
          -5.9305389,
          54.5962525
        ],
        [
          -5.9305542,
          54.5963859
        ],
        [
          -5.9305328,
          54.5963864
        ],
        [
          -5.9305318,
          54.5963754
        ],
        [
          -5.9304764,
          54.5963778
        ],
        [
          -5.9304771,
          54.5963849
        ],
        [
          -5.9304583,
          54.5963856
        ],
        [
          -5.9304623,
          54.5964248
        ],
        [
          -5.9304809,
          54.5964242
        ],
        [
          -5.9304817,
          54.5964316
        ],
        [
          -5.9305352,
          54.5964292
        ],
        [
          -5.9305344,
          54.5964204
        ],
        [
          -5.9305579,
          54.5964197
        ],
        [
          -5.930573,
          54.5965561
        ],
        [
          -5.9304131,
          54.5965619
        ],
        [
          -5.9304126,
          54.5965566
        ],
        [
          -5.9304286,
          54.5965561
        ],
        [
          -5.9304259,
          54.5965261
        ],
        [
          -5.9304168,
          54.5965264
        ],
        [
          -5.9304159,
          54.5965158
        ],
        [
          -5.9303422,
          54.5965181
        ],
        [
          -5.9303432,
          54.5965291
        ],
        [
          -5.930334,
          54.5965293
        ],
        [
          -5.9303367,
          54.5965593
        ],
        [
          -5.9303523,
          54.5965589
        ],
        [
          -5.9303528,
          54.5965638
        ],
        [
          -5.9302722,
          54.5965671
        ],
        [
          -5.9302692,
          54.5965397
        ],
        [
          -5.930177,
          54.5965431
        ],
        [
          -5.9301739,
          54.5965132
        ],
        [
          -5.9301583,
          54.5965141
        ],
        [
          -5.9301513,
          54.5964457
        ],
        [
          -5.9299276,
          54.5964527
        ],
        [
          -5.9299329,
          54.5965215
        ],
        [
          -5.929916,
          54.5965221
        ],
        [
          -5.9299193,
          54.5965516
        ],
        [
          -5.9298271,
          54.5965549
        ],
        [
          -5.9298302,
          54.5965834
        ],
        [
          -5.9296375,
          54.5965908
        ],
        [
          -5.9296324,
          54.5965409
        ],
        [
          -5.9297707,
          54.5965361
        ],
        [
          -5.9297675,
          54.5965073
        ],
        [
          -5.9297725,
          54.596507
        ],
        [
          -5.9297588,
          54.5963785
        ],
        [
          -5.9297534,
          54.5963787
        ],
        [
          -5.9297502,
          54.5963497
        ],
        [
          -5.9296134,
          54.5963543
        ],
        [
          -5.9296018,
          54.5962445
        ],
        [
          -5.929232,
          54.5962579
        ],
        [
          -5.9292341,
          54.5962807
        ],
        [
          -5.929203,
          54.5962817
        ],
        [
          -5.9292091,
          54.5963451
        ],
        [
          -5.9292401,
          54.5963441
        ],
        [
          -5.9292503,
          54.5964537
        ],
        [
          -5.9292614,
          54.5965583
        ],
        [
          -5.9292322,
          54.5965592
        ],
        [
          -5.9292382,
          54.5966225
        ],
        [
          -5.9292682,
          54.5966216
        ],
        [
          -5.9292724,
          54.5966612
        ],
        [
          -5.929357,
          54.5966581
        ],
        [
          -5.9293607,
          54.5966919
        ],
        [
          -5.9293463,
          54.5966925
        ],
        [
          -5.9293553,
          54.596776
        ],
        [
          -5.9294991,
          54.5967709
        ],
        [
          -5.9294974,
          54.5967557
        ],
        [
          -5.9299178,
          54.5967388
        ],
        [
          -5.9299206,
          54.5967661
        ],
        [
          -5.9300722,
          54.5967611
        ],
        [
          -5.9302236,
          54.5967551
        ],
        [
          -5.9302209,
          54.5967269
        ],
        [
          -5.9306349,
          54.59671
        ],
        [
          -5.9306364,
          54.5967258
        ],
        [
          -5.9307832,
          54.5967205
        ],
        [
          -5.930774,
          54.5966356
        ],
        [
          -5.9307586,
          54.5966362
        ],
        [
          -5.9307376,
          54.596441
        ],
        [
          -5.9307758,
          54.5964396
        ],
        [
          -5.9307642,
          54.5963315
        ],
        [
          -5.9307259,
          54.5963329
        ],
        [
          -5.9307084,
          54.5961703
        ],
        [
          -5.930719,
          54.5961699
        ],
        [
          -5.930717,
          54.5961476
        ],
        [
          -5.9307103,
          54.5960887
        ],
        [
          -5.9305693,
          54.5960937
        ],
        [
          -5.9301648,
          54.5961092
        ],
        [
          -5.9301634,
          54.5960948
        ],
        [
          -5.9299984,
          54.5961008
        ],
        [
          -5.9298176,
          54.5961079
        ],
        [
          -5.9298187,
          54.5961225
        ],
        [
          -5.9294339,
          54.596137
        ],
        [
          -5.9292892,
          54.5961421
        ],
        [
          -5.929298,
          54.5962255
        ],
        [
          -5.929309,
          54.5962248
        ],
        [
          -5.9293114,
          54.5962546
        ]
      ]
    ]
  }
},
{
  "type": "Feature",
  "id": "way/549625784",
  "properties": {
    "addr:city": "Belfast",
    "addr:housenumber": "283",
    "addr:postcode": "BT7 3GG",
    "addr:street": "Ormeau Road",
    "amenity": "social_facility",
    "building": "yes",
    "name": "Ballynafeigh Community Development Association",
    "social_facility": "community_centre",
    "id": "way/549625784"
  },
  "geometry": {
    "type": "Polygon",
    "coordinates": [
      [
        [
          -5.921739,
          54.5812115
        ],
        [
          -5.9216338,
          54.5810708
        ],
        [
          -5.9214959,
          54.5811054
        ],
        [
          -5.9213397,
          54.5811446
        ],
        [
          -5.9213055,
          54.5811532
        ],
        [
          -5.9214106,
          54.5812939
        ],
        [
          -5.921739,
          54.5812115
        ]
      ]
    ]
  }
},
{
  "type": "Feature",
  "id": "way/550737297",
  "properties": {
    "addr:city": "Newtownabbey",
    "addr:housenumber": "2",
    "addr:postcode": "BT37 9BZ",
    "addr:street": "Rosslea Way",
    "amenity": "library",
    "building": "yes",
    "internet_access": "wlan",
    "name": "Rathcoole Library",
    "operator": "Northern Ireland Library Authority",
    "operator:type": "public",
    "operator:wikidata": "Q50693680",
    "toilets:wheelchair": "yes",
    "website": "https://www.librariesni.org.uk/libraries/county-antrim/rathcoole-library/",
    "wikidata": "Q55263488",
    "id": "way/550737297"
  },
  "geometry": {
    "type": "Polygon",
    "coordinates": [
      [
        [
          -5.9190469,
          54.6640604
        ],
        [
          -5.9191022,
          54.6639678
        ],
        [
          -5.919169,
          54.6638559
        ],
        [
          -5.9187675,
          54.6637757
        ],
        [
          -5.9186453,
          54.6639801
        ],
        [
          -5.9190469,
          54.6640604
        ]
      ]
    ]
  }
},
{
  "type": "Feature",
  "id": "way/556223150",
  "properties": {
    "amenity": "social_facility",
    "building": "yes",
    "name": "Butterfield Lodge",
    "social_facility": "assisted_living",
    "social_facility:for": "senior",
    "id": "way/556223150"
  },
  "geometry": {
    "type": "Polygon",
    "coordinates": [
      [
        [
          -5.8739939,
          54.6028135
        ],
        [
          -5.8742034,
          54.6026547
        ],
        [
          -5.8739878,
          54.6025565
        ],
        [
          -5.8739739,
          54.6025664
        ],
        [
          -5.8736858,
          54.602428
        ],
        [
          -5.8735487,
          54.6024343
        ],
        [
          -5.873273,
          54.6026449
        ],
        [
          -5.8732914,
          54.6026556
        ],
        [
          -5.8732237,
          54.6027047
        ],
        [
          -5.8734332,
          54.6027948
        ],
        [
          -5.873501,
          54.6027484
        ],
        [
          -5.8734748,
          54.6027377
        ],
        [
          -5.8736612,
          54.6026154
        ],
        [
          -5.8739369,
          54.6027341
        ],
        [
          -5.8738938,
          54.6027698
        ],
        [
          -5.8739939,
          54.6028135
        ]
      ]
    ]
  }
},
{
  "type": "Feature",
  "id": "way/560710819",
  "properties": {
    "amenity": "community_centre",
    "building": "yes",
    "name": "The Dunanney Centre",
    "id": "way/560710819"
  },
  "geometry": {
    "type": "Polygon",
    "coordinates": [
      [
        [
          -5.9175646,
          54.6650314
        ],
        [
          -5.917483,
          54.6650173
        ],
        [
          -5.9174607,
          54.6650606
        ],
        [
          -5.9172146,
          54.6650181
        ],
        [
          -5.917203,
          54.6650102
        ],
        [
          -5.917337,
          54.6647921
        ],
        [
          -5.9171657,
          54.6647569
        ],
        [
          -5.9170367,
          54.6649667
        ],
        [
          -5.9170742,
          54.6649744
        ],
        [
          -5.9170253,
          54.6650539
        ],
        [
          -5.9170562,
          54.6650835
        ],
        [
          -5.9171013,
          54.66509
        ],
        [
          -5.9171467,
          54.6650791
        ],
        [
          -5.9171825,
          54.665078
        ],
        [
          -5.9171629,
          54.665116
        ],
        [
          -5.9174917,
          54.6651728
        ],
        [
          -5.9175646,
          54.6650314
        ]
      ]
    ]
  }
},
{
  "type": "Feature",
  "id": "way/570014200",
  "properties": {
    "addr:city": "Drumbeg",
    "addr:street": "Drumbeg Road",
    "amenity": "community_centre",
    "building": "yes",
    "name": "Saint Patrick's Parish Hall",
    "id": "way/570014200"
  },
  "geometry": {
    "type": "Polygon",
    "coordinates": [
      [
        [
          -5.9843495,
          54.5332335
        ],
        [
          -5.9843116,
          54.5331228
        ],
        [
          -5.9839227,
          54.5331677
        ],
        [
          -5.9838896,
          54.5330711
        ],
        [
          -5.9837647,
          54.5330855
        ],
        [
          -5.9838268,
          54.5332668
        ],
        [
          -5.9839558,
          54.5332519
        ],
        [
          -5.9839647,
          54.5332779
        ],
        [
          -5.9841541,
          54.533256
        ],
        [
          -5.9843495,
          54.5332335
        ]
      ]
    ]
  }
},
{
  "type": "Feature",
  "id": "way/578232845",
  "properties": {
    "addr:city": "Belfast",
    "addr:housenumber": "31a",
    "addr:postcode": "BT9 6QR",
    "addr:street": "Finwood Park",
    "amenity": "social_facility",
    "building": "yes",
    "name": "Taughmonagh Social Club",
    "social_facility": "social_club",
    "id": "way/578232845"
  },
  "geometry": {
    "type": "Polygon",
    "coordinates": [
      [
        [
          -5.9720328,
          54.5584136
        ],
        [
          -5.9720248,
          54.5583984
        ],
        [
          -5.9721104,
          54.5583833
        ],
        [
          -5.9721253,
          54.5583638
        ],
        [
          -5.9721029,
          54.5583302
        ],
        [
          -5.9720599,
          54.5583259
        ],
        [
          -5.972043,
          54.558289
        ],
        [
          -5.9720131,
          54.5582803
        ],
        [
          -5.9719449,
          54.558291
        ],
        [
          -5.971939,
          54.5582784
        ],
        [
          -5.9718816,
          54.5582874
        ],
        [
          -5.971856,
          54.5582326
        ],
        [
          -5.9718369,
          54.5582263
        ],
        [
          -5.9718122,
          54.5582183
        ],
        [
          -5.9717189,
          54.5582353
        ],
        [
          -5.9717138,
          54.5582263
        ],
        [
          -5.9716615,
          54.5582131
        ],
        [
          -5.9716359,
          54.5582392
        ],
        [
          -5.9716091,
          54.5582304
        ],
        [
          -5.971553,
          54.5582413
        ],
        [
          -5.9715217,
          54.5582304
        ],
        [
          -5.9713663,
          54.5582584
        ],
        [
          -5.9713439,
          54.558279
        ],
        [
          -5.9714711,
          54.5585044
        ],
        [
          -5.9715126,
          54.558515
        ],
        [
          -5.971594,
          54.5585007
        ],
        [
          -5.9715776,
          54.5584692
        ],
        [
          -5.9716971,
          54.5584482
        ],
        [
          -5.9717087,
          54.5584705
        ],
        [
          -5.9720328,
          54.5584136
        ]
      ]
    ]
  }
},
{
  "type": "Feature",
  "id": "way/581015901",
  "properties": {
    "amenity": "community_centre",
    "building": "yes",
    "name": "Derriaghy Orange Hall",
    "id": "way/581015901"
  },
  "geometry": {
    "type": "Polygon",
    "coordinates": [
      [
        [
          -6.0201964,
          54.5407971
        ],
        [
          -6.0199285,
          54.5406873
        ],
        [
          -6.0198473,
          54.5407541
        ],
        [
          -6.0201151,
          54.5408638
        ],
        [
          -6.0201964,
          54.5407971
        ]
      ]
    ]
  }
},
{
  "type": "Feature",
  "id": "way/588149399",
  "properties": {
    "amenity": "community_centre",
    "building": "civic",
    "name": "Ballymacarrett Orange Hall",
    "id": "way/588149399"
  },
  "geometry": {
    "type": "Polygon",
    "coordinates": [
      [
        [
          -5.9023705,
          54.5957103
        ],
        [
          -5.9023305,
          54.59559
        ],
        [
          -5.9023141,
          54.5955407
        ],
        [
          -5.9023524,
          54.5955356
        ],
        [
          -5.902328,
          54.5954625
        ],
        [
          -5.9023237,
          54.5954495
        ],
        [
          -5.9019965,
          54.5954838
        ],
        [
          -5.9020226,
          54.5955819
        ],
        [
          -5.9020706,
          54.5955764
        ],
        [
          -5.9021173,
          54.5956967
        ],
        [
          -5.9020535,
          54.5957075
        ],
        [
          -5.9020641,
          54.5957501
        ],
        [
          -5.9023043,
          54.5957189
        ],
        [
          -5.9023705,
          54.5957103
        ]
      ]
    ]
  }
},
{
  "type": "Feature",
  "id": "way/588738144",
  "properties": {
    "amenity": "community_centre",
    "building": "yes",
    "name": "Sandy Row Orange Hall",
    "id": "way/588738144"
  },
  "geometry": {
    "type": "Polygon",
    "coordinates": [
      [
        [
          -5.9360219,
          54.5888196
        ],
        [
          -5.9359828,
          54.5887364
        ],
        [
          -5.9358232,
          54.5887616
        ],
        [
          -5.9355842,
          54.588804
        ],
        [
          -5.9356183,
          54.5888817
        ],
        [
          -5.9358624,
          54.5888448
        ],
        [
          -5.9360219,
          54.5888196
        ]
      ]
    ]
  }
},
{
  "type": "Feature",
  "id": "way/588739773",
  "properties": {
    "amenity": "community_centre",
    "building": "yes",
    "building:levels": "2",
    "check_date": "2024-03-28",
    "name": "Sandy Row Community Centre",
    "id": "way/588739773"
  },
  "geometry": {
    "type": "Polygon",
    "coordinates": [
      [
        [
          -5.9371553,
          54.5920663
        ],
        [
          -5.9371838,
          54.5920024
        ],
        [
          -5.9371304,
          54.5919945
        ],
        [
          -5.9371485,
          54.5919539
        ],
        [
          -5.9371673,
          54.5919091
        ],
        [
          -5.9369098,
          54.5918509
        ],
        [
          -5.9368823,
          54.5919141
        ],
        [
          -5.9368362,
          54.5919072
        ],
        [
          -5.9367848,
          54.5918995
        ],
        [
          -5.9367653,
          54.5919431
        ],
        [
          -5.9367439,
          54.5919911
        ],
        [
          -5.9367248,
          54.5920341
        ],
        [
          -5.9367762,
          54.5920418
        ],
        [
          -5.9370302,
          54.5920798
        ],
        [
          -5.9370436,
          54.5920496
        ],
        [
          -5.9371553,
          54.5920663
        ]
      ]
    ]
  }
},
{
  "type": "Feature",
  "id": "way/589203432",
  "properties": {
    "amenity": "community_centre",
    "building": "yes",
    "name": "North Belfast Orange Memorial Hall",
    "id": "way/589203432"
  },
  "geometry": {
    "type": "Polygon",
    "coordinates": [
      [
        [
          -5.9320391,
          54.6193413
        ],
        [
          -5.9321338,
          54.6191827
        ],
        [
          -5.9318111,
          54.6191099
        ],
        [
          -5.9317602,
          54.6192031
        ],
        [
          -5.9319587,
          54.6192466
        ],
        [
          -5.9319131,
          54.6193134
        ],
        [
          -5.9320391,
          54.6193413
        ]
      ]
    ]
  }
},
{
  "type": "Feature",
  "id": "way/589208028",
  "properties": {
    "amenity": "community_centre",
    "building": "yes",
    "name": "West Belfast Orange Hall",
    "id": "way/589208028"
  },
  "geometry": {
    "type": "Polygon",
    "coordinates": [
      [
        [
          -5.9572286,
          54.6043298
        ],
        [
          -5.957046,
          54.6042749
        ],
        [
          -5.9568234,
          54.6045235
        ],
        [
          -5.9570059,
          54.6045784
        ],
        [
          -5.9570894,
          54.6044851
        ],
        [
          -5.9572286,
          54.6043298
        ]
      ]
    ]
  }
},
{
  "type": "Feature",
  "id": "way/589216079",
  "properties": {
    "amenity": "community_centre",
    "building": "yes",
    "name": "Greencastle Orange Hall",
    "id": "way/589216079"
  },
  "geometry": {
    "type": "Polygon",
    "coordinates": [
      [
        [
          -5.9221279,
          54.6472021
        ],
        [
          -5.921999,
          54.6472493
        ],
        [
          -5.9219839,
          54.6472355
        ],
        [
          -5.9219005,
          54.6472661
        ],
        [
          -5.9220178,
          54.6473732
        ],
        [
          -5.9221003,
          54.6473429
        ],
        [
          -5.9220811,
          54.6473254
        ],
        [
          -5.9222109,
          54.6472779
        ],
        [
          -5.9221279,
          54.6472021
        ]
      ]
    ]
  }
},
{
  "type": "Feature",
  "id": "way/589217950",
  "properties": {
    "amenity": "community_centre",
    "building": "yes",
    "name": "Ballynafeigh Band Hall",
    "id": "way/589217950"
  },
  "geometry": {
    "type": "Polygon",
    "coordinates": [
      [
        [
          -5.9215253,
          54.5786535
        ],
        [
          -5.9215897,
          54.57855
        ],
        [
          -5.9215314,
          54.5785376
        ],
        [
          -5.9215447,
          54.5785166
        ],
        [
          -5.9214101,
          54.578488
        ],
        [
          -5.9214041,
          54.5784975
        ],
        [
          -5.9213312,
          54.5786119
        ],
        [
          -5.9215253,
          54.5786535
        ]
      ]
    ]
  }
},
{
  "type": "Feature",
  "id": "way/589251445",
  "properties": {
    "amenity": "community_centre",
    "building": "yes",
    "name": "Whiterock Orange Hall",
    "start_date": "1958",
    "id": "way/589251445"
  },
  "geometry": {
    "type": "Polygon",
    "coordinates": [
      [
        [
          -5.9752548,
          54.5985396
        ],
        [
          -5.9750269,
          54.5983591
        ],
        [
          -5.9748907,
          54.5984169
        ],
        [
          -5.9751186,
          54.5985972
        ],
        [
          -5.9752548,
          54.5985396
        ]
      ]
    ]
  }
},
{
  "type": "Feature",
  "id": "way/589501179",
  "properties": {
    "addr:city": "Belfast",
    "addr:housenumber": "409–413",
    "addr:postcode": "BT6 0LF",
    "addr:street": "Cregagh Road",
    "amenity": "library",
    "building": "yes",
    "internet_access": "yes",
    "name": "Cregagh Library",
    "operator": "Northern Ireland Library Authority",
    "operator:type": "public",
    "operator:wikidata": "Q50693680",
    "website": "https://www.librariesni.org.uk/libraries/greater-belfast/cregagh-library/",
    "id": "way/589501179"
  },
  "geometry": {
    "type": "Polygon",
    "coordinates": [
      [
        [
          -5.8952616,
          54.5717025
        ],
        [
          -5.8954779,
          54.5717257
        ],
        [
          -5.8955011,
          54.5717282
        ],
        [
          -5.8954945,
          54.5717487
        ],
        [
          -5.895608,
          54.5717609
        ],
        [
          -5.8956412,
          54.5716571
        ],
        [
          -5.8955636,
          54.5716487
        ],
        [
          -5.8955897,
          54.5715671
        ],
        [
          -5.8953144,
          54.5715375
        ],
        [
          -5.8952616,
          54.5717025
        ]
      ]
    ]
  }
},
{
  "type": "Feature",
  "id": "way/589662506",
  "properties": {
    "amenity": "community_centre",
    "building": "yes",
    "name": "Northern Ireland Dreamscheme",
    "id": "way/589662506"
  },
  "geometry": {
    "type": "Polygon",
    "coordinates": [
      [
        [
          -5.9388388,
          54.5472573
        ],
        [
          -5.9388417,
          54.547207
        ],
        [
          -5.9388053,
          54.5472063
        ],
        [
          -5.9388106,
          54.5471144
        ],
        [
          -5.9387235,
          54.5471127
        ],
        [
          -5.9387179,
          54.5472073
        ],
        [
          -5.9386846,
          54.5472066
        ],
        [
          -5.9386818,
          54.5472542
        ],
        [
          -5.9388388,
          54.5472573
        ]
      ]
    ]
  }
},
{
  "type": "Feature",
  "id": "way/589906801",
  "properties": {
    "amenity": "community_centre",
    "building": "yes",
    "name": "Mountainview Social Club",
    "id": "way/589906801"
  },
  "geometry": {
    "type": "Polygon",
    "coordinates": [
      [
        [
          -5.9601533,
          54.6076658
        ],
        [
          -5.9602634,
          54.6075011
        ],
        [
          -5.960093,
          54.607463
        ],
        [
          -5.9600592,
          54.6075136
        ],
        [
          -5.9598194,
          54.6074599
        ],
        [
          -5.9597432,
          54.6075739
        ],
        [
          -5.9601533,
          54.6076658
        ]
      ]
    ]
  }
},
{
  "type": "Feature",
  "id": "way/589910314",
  "properties": {
    "amenity": "community_centre",
    "building": "yes",
    "check_date": "2024-07-21",
    "name": "Alessie Centre",
    "id": "way/589910314"
  },
  "geometry": {
    "type": "Polygon",
    "coordinates": [
      [
        [
          -5.9438987,
          54.6036557
        ],
        [
          -5.9439583,
          54.6033889
        ],
        [
          -5.9437328,
          54.603372
        ],
        [
          -5.9436924,
          54.6035531
        ],
        [
          -5.943477,
          54.603537
        ],
        [
          -5.9434579,
          54.6036226
        ],
        [
          -5.9438987,
          54.6036557
        ]
      ]
    ]
  }
},
{
  "type": "Feature",
  "id": "way/591036946",
  "properties": {
    "amenity": "community_centre",
    "building": "yes",
    "name": "Ballymacarrett Masonic Hall",
    "id": "way/591036946"
  },
  "geometry": {
    "type": "Polygon",
    "coordinates": [
      [
        [
          -5.9018695,
          54.5992479
        ],
        [
          -5.9018255,
          54.5990792
        ],
        [
          -5.9016675,
          54.599084
        ],
        [
          -5.9016424,
          54.5989761
        ],
        [
          -5.901365,
          54.5989802
        ],
        [
          -5.901385,
          54.5991857
        ],
        [
          -5.9018695,
          54.5992479
        ]
      ]
    ]
  }
},
{
  "type": "Feature",
  "id": "way/591562492",
  "properties": {
    "amenity": "community_centre",
    "building": "yes",
    "name": "RAF Club",
    "id": "way/591562492"
  },
  "geometry": {
    "type": "Polygon",
    "coordinates": [
      [
        [
          -5.9043376,
          54.5943233
        ],
        [
          -5.9041768,
          54.5942642
        ],
        [
          -5.9041018,
          54.5943326
        ],
        [
          -5.9042626,
          54.5943917
        ],
        [
          -5.9043376,
          54.5943233
        ]
      ]
    ]
  }
},
{
  "type": "Feature",
  "id": "way/591563818",
  "properties": {
    "amenity": "community_centre",
    "building": "yes",
    "name": "Dee Street Community Centre",
    "id": "way/591563818"
  },
  "geometry": {
    "type": "Polygon",
    "coordinates": [
      [
        [
          -5.8975413,
          54.599431
        ],
        [
          -5.8975421,
          54.5994153
        ],
        [
          -5.8975604,
          54.5992569
        ],
        [
          -5.8973476,
          54.5992447
        ],
        [
          -5.8973459,
          54.5992587
        ],
        [
          -5.8972215,
          54.5992545
        ],
        [
          -5.8971694,
          54.5992527
        ],
        [
          -5.8971522,
          54.5994285
        ],
        [
          -5.8972305,
          54.599431
        ],
        [
          -5.8972347,
          54.5994163
        ],
        [
          -5.8975413,
          54.599431
        ]
      ]
    ]
  }
},
{
  "type": "Feature",
  "id": "way/591563819",
  "properties": {
    "amenity": "community_centre",
    "building": "yes",
    "name": "Harland & Wolff Welders Club",
    "id": "way/591563819"
  },
  "geometry": {
    "type": "Polygon",
    "coordinates": [
      [
        [
          -5.897742,
          54.5995533
        ],
        [
          -5.8977503,
          54.5994323
        ],
        [
          -5.8976471,
          54.5994305
        ],
        [
          -5.8976462,
          54.5994188
        ],
        [
          -5.8975421,
          54.5994153
        ],
        [
          -5.8975413,
          54.599431
        ],
        [
          -5.8975403,
          54.5994488
        ],
        [
          -5.8973183,
          54.5994337
        ],
        [
          -5.8972305,
          54.599431
        ],
        [
          -5.8971522,
          54.5994285
        ],
        [
          -5.8971458,
          54.5995432
        ],
        [
          -5.897742,
          54.5995533
        ]
      ]
    ]
  }
},
{
  "type": "Feature",
  "id": "way/591731390",
  "properties": {
    "amenity": "community_centre",
    "building": "yes",
    "name": "Short Strand Community Forum",
    "id": "way/591731390"
  },
  "geometry": {
    "type": "Polygon",
    "coordinates": [
      [
        [
          -5.9076866,
          54.5977227
        ],
        [
          -5.9076641,
          54.5976472
        ],
        [
          -5.9077006,
          54.5976123
        ],
        [
          -5.9076462,
          54.597587
        ],
        [
          -5.9076114,
          54.5974704
        ],
        [
          -5.9072378,
          54.5975011
        ],
        [
          -5.9072718,
          54.5976193
        ],
        [
          -5.9072251,
          54.5976551
        ],
        [
          -5.9072899,
          54.5976824
        ],
        [
          -5.9073115,
          54.5977577
        ],
        [
          -5.9072571,
          54.5977619
        ],
        [
          -5.9072667,
          54.5978068
        ],
        [
          -5.9074118,
          54.5977926
        ],
        [
          -5.9074067,
          54.5977665
        ],
        [
          -5.9075907,
          54.597749
        ],
        [
          -5.9075872,
          54.5977319
        ],
        [
          -5.9076866,
          54.5977227
        ]
      ]
    ]
  }
},
{
  "type": "Feature",
  "id": "way/591778785",
  "properties": {
    "amenity": "community_centre",
    "building": "yes",
    "name": "Highfield Community Centre",
    "id": "way/591778785"
  },
  "geometry": {
    "type": "Polygon",
    "coordinates": [
      [
        [
          -5.9762936,
          54.6035778
        ],
        [
          -5.976282,
          54.6033238
        ],
        [
          -5.9760743,
          54.603327
        ],
        [
          -5.9760815,
          54.6034821
        ],
        [
          -5.975994,
          54.6034834
        ],
        [
          -5.9759985,
          54.6035823
        ],
        [
          -5.9762936,
          54.6035778
        ]
      ]
    ]
  }
},
{
  "type": "Feature",
  "id": "way/593857384",
  "properties": {
    "amenity": "community_centre",
    "building": "yes",
    "name": "Newhill Youth and Community Association",
    "id": "way/593857384"
  },
  "geometry": {
    "type": "Polygon",
    "coordinates": [
      [
        [
          -5.9913112,
          54.5966759
        ],
        [
          -5.991363,
          54.5966304
        ],
        [
          -5.9913278,
          54.5966169
        ],
        [
          -5.9914515,
          54.5965082
        ],
        [
          -5.9911775,
          54.5964036
        ],
        [
          -5.991002,
          54.5965578
        ],
        [
          -5.9913112,
          54.5966759
        ]
      ]
    ]
  }
},
{
  "type": "Feature",
  "id": "way/593857385",
  "properties": {
    "amenity": "community_centre",
    "building": "yes",
    "name": "Active Communities Network",
    "id": "way/593857385"
  },
  "geometry": {
    "type": "Polygon",
    "coordinates": [
      [
        [
          -5.9922169,
          54.5968067
        ],
        [
          -5.9918575,
          54.5966172
        ],
        [
          -5.9915946,
          54.5967943
        ],
        [
          -5.9919433,
          54.5969746
        ],
        [
          -5.9922169,
          54.5968067
        ]
      ]
    ]
  }
},
{
  "type": "Feature",
  "id": "way/597747726",
  "properties": {
    "amenity": "social_facility",
    "building": "yes",
    "name": "Northern Ireland Supporters Club",
    "id": "way/597747726"
  },
  "geometry": {
    "type": "Polygon",
    "coordinates": [
      [
        [
          -5.9575746,
          54.6047945
        ],
        [
          -5.9576781,
          54.6047016
        ],
        [
          -5.9576576,
          54.6046939
        ],
        [
          -5.9577411,
          54.604619
        ],
        [
          -5.957687,
          54.6045988
        ],
        [
          -5.9576036,
          54.6046737
        ],
        [
          -5.9573996,
          54.6045975
        ],
        [
          -5.9572961,
          54.6046903
        ],
        [
          -5.9575746,
          54.6047945
        ]
      ]
    ]
  }
},
{
  "type": "Feature",
  "id": "way/598080460",
  "properties": {
    "amenity": "community_centre",
    "building": "yes",
    "name": "Drumbeg Orange Hall",
    "id": "way/598080460"
  },
  "geometry": {
    "type": "Polygon",
    "coordinates": [
      [
        [
          -5.9936323,
          54.5328104
        ],
        [
          -5.9936073,
          54.5326479
        ],
        [
          -5.9935063,
          54.5326531
        ],
        [
          -5.9935313,
          54.5328156
        ],
        [
          -5.9936323,
          54.5328104
        ]
      ]
    ]
  }
},
{
  "type": "Feature",
  "id": "way/598404169",
  "properties": {
    "addr:city": "Belfast",
    "addr:housenumber": "12-16",
    "addr:postcode": "BT1 1LT",
    "addr:street": "Bridge Street",
    "amenity": "post_office",
    "brand": "Post Office",
    "brand:wikidata": "Q1783168",
    "building": "retail",
    "contact:website": "https://www.postoffice.co.uk/branch-finder/0117048/belfast-city",
    "name": "Belfast City Post Office",
    "opening_hours": "Mo,We-Sa 09:00-17:30; Tu 09:30-17:30",
    "operator": "Post Office",
    "operator:wikidata": "Q1783168",
    "ref:pol_id": "24584",
    "source": "pol_branch_list_2018-02",
    "id": "way/598404169"
  },
  "geometry": {
    "type": "Polygon",
    "coordinates": [
      [
        [
          -5.9274028,
          54.6001428
        ],
        [
          -5.9273028,
          54.6000348
        ],
        [
          -5.9272519,
          54.600034
        ],
        [
          -5.9271204,
          54.6000748
        ],
        [
          -5.9268082,
          54.6001761
        ],
        [
          -5.9269087,
          54.6002826
        ],
        [
          -5.9274028,
          54.6001428
        ]
      ]
    ]
  }
},
{
  "type": "Feature",
  "id": "way/606985391",
  "properties": {
    "amenity": "social_facility",
    "building": "yes",
    "name": "Maryland Health Centre",
    "operator": "Maryland Healthcare",
    "social_facility": "group_home",
    "social_facility:for": "senior",
    "id": "way/606985391"
  },
  "geometry": {
    "type": "Polygon",
    "coordinates": [
      [
        [
          -5.8448033,
          54.5470208
        ],
        [
          -5.8441932,
          54.5469129
        ],
        [
          -5.844135,
          54.5470237
        ],
        [
          -5.8442117,
          54.5470373
        ],
        [
          -5.8440364,
          54.5473717
        ],
        [
          -5.8438189,
          54.5473333
        ],
        [
          -5.8437544,
          54.5474564
        ],
        [
          -5.8434059,
          54.547395
        ],
        [
          -5.8433438,
          54.5475135
        ],
        [
          -5.8436934,
          54.5475751
        ],
        [
          -5.8436535,
          54.5476513
        ],
        [
          -5.8432345,
          54.5477813
        ],
        [
          -5.8432908,
          54.5478425
        ],
        [
          -5.8433723,
          54.5478172
        ],
        [
          -5.8434001,
          54.5478473
        ],
        [
          -5.8434257,
          54.5478394
        ],
        [
          -5.8434415,
          54.5478566
        ],
        [
          -5.843824,
          54.547738
        ],
        [
          -5.8438683,
          54.5476608
        ],
        [
          -5.8439439,
          54.5477461
        ],
        [
          -5.8440474,
          54.5477153
        ],
        [
          -5.843974,
          54.5476323
        ],
        [
          -5.8443058,
          54.5476909
        ],
        [
          -5.8442136,
          54.5478667
        ],
        [
          -5.8442962,
          54.5478813
        ],
        [
          -5.8442249,
          54.5480172
        ],
        [
          -5.8443472,
          54.5480388
        ],
        [
          -5.8445085,
          54.5477314
        ],
        [
          -5.8446062,
          54.5477487
        ],
        [
          -5.8446734,
          54.5476208
        ],
        [
          -5.8440833,
          54.5475165
        ],
        [
          -5.8440962,
          54.547492
        ],
        [
          -5.8441338,
          54.5474986
        ],
        [
          -5.8441605,
          54.547448
        ],
        [
          -5.8441301,
          54.5474426
        ],
        [
          -5.8441446,
          54.5474149
        ],
        [
          -5.844595,
          54.5474948
        ],
        [
          -5.8445706,
          54.5475411
        ],
        [
          -5.8447899,
          54.54758
        ],
        [
          -5.8449769,
          54.5472249
        ],
        [
          -5.8447685,
          54.547188
        ],
        [
          -5.8446712,
          54.5473729
        ],
        [
          -5.8442892,
          54.5473053
        ],
        [
          -5.8444086,
          54.5470784
        ],
        [
          -5.8447419,
          54.5471375
        ],
        [
          -5.8448033,
          54.5470208
        ]
      ]
    ]
  }
},
{
  "type": "Feature",
  "id": "way/608376677",
  "properties": {
    "addr:street": "Ballylesson Road",
    "amenity": "grave_yard",
    "denomination": "presbyterian",
    "religion": "christian",
    "id": "way/608376677"
  },
  "geometry": {
    "type": "Polygon",
    "coordinates": [
      [
        [
          -5.9418751,
          54.5429675
        ],
        [
          -5.9419967,
          54.5430448
        ],
        [
          -5.9420736,
          54.5430936
        ],
        [
          -5.9422289,
          54.543071
        ],
        [
          -5.9426851,
          54.5430049
        ],
        [
          -5.9427602,
          54.5431589
        ],
        [
          -5.9422977,
          54.543224
        ],
        [
          -5.9422184,
          54.5432352
        ],
        [
          -5.9421728,
          54.5433067
        ],
        [
          -5.9422894,
          54.5433722
        ],
        [
          -5.9422506,
          54.5433954
        ],
        [
          -5.942295,
          54.5434203
        ],
        [
          -5.9422533,
          54.5434452
        ],
        [
          -5.9423456,
          54.5435014
        ],
        [
          -5.9426239,
          54.5434005
        ],
        [
          -5.9429648,
          54.5432593
        ],
        [
          -5.943417,
          54.5430858
        ],
        [
          -5.9435728,
          54.5430475
        ],
        [
          -5.9437001,
          54.5430162
        ],
        [
          -5.9440933,
          54.5428851
        ],
        [
          -5.9438975,
          54.5426392
        ],
        [
          -5.9437919,
          54.5426564
        ],
        [
          -5.9434063,
          54.542719
        ],
        [
          -5.9418751,
          54.5429675
        ]
      ]
    ]
  }
},
{
  "type": "Feature",
  "id": "way/610697184",
  "properties": {
    "addr:housename": "Holy Trinity Youth Centre",
    "addr:housenumber": "30",
    "addr:postcode": "BT11 8EL",
    "addr:street": "Norglen Gardens",
    "amenity": "community_centre",
    "building": "yes",
    "name": "Holy Trinity Youth Centre",
    "id": "way/610697184"
  },
  "geometry": {
    "type": "Polygon",
    "coordinates": [
      [
        [
          -5.9883643,
          54.5859538
        ],
        [
          -5.9883955,
          54.5858596
        ],
        [
          -5.988359,
          54.5858555
        ],
        [
          -5.9883857,
          54.5857749
        ],
        [
          -5.9884576,
          54.5857829
        ],
        [
          -5.9885036,
          54.5856441
        ],
        [
          -5.9884391,
          54.5856369
        ],
        [
          -5.9884326,
          54.5856568
        ],
        [
          -5.9880277,
          54.5856118
        ],
        [
          -5.9880127,
          54.5856571
        ],
        [
          -5.9878552,
          54.5856396
        ],
        [
          -5.9878087,
          54.5857803
        ],
        [
          -5.9878361,
          54.5857833
        ],
        [
          -5.9878325,
          54.585794
        ],
        [
          -5.9880527,
          54.5858185
        ],
        [
          -5.9880432,
          54.5858475
        ],
        [
          -5.9881085,
          54.5858547
        ],
        [
          -5.9881027,
          54.5858721
        ],
        [
          -5.9881735,
          54.58588
        ],
        [
          -5.9881631,
          54.5859114
        ],
        [
          -5.9882346,
          54.5859193
        ],
        [
          -5.9882282,
          54.5859386
        ],
        [
          -5.9883643,
          54.5859538
        ]
      ]
    ]
  }
},
{
  "type": "Feature",
  "id": "way/611891753",
  "properties": {
    "amenity": "community_centre",
    "building": "yes",
    "name": "Rathcoole Youth Centre",
    "id": "way/611891753"
  },
  "geometry": {
    "type": "Polygon",
    "coordinates": [
      [
        [
          -5.917348,
          54.6631647
        ],
        [
          -5.9172714,
          54.6630151
        ],
        [
          -5.9167694,
          54.6631012
        ],
        [
          -5.916848,
          54.6632546
        ],
        [
          -5.916975,
          54.6632328
        ],
        [
          -5.9170019,
          54.6632853
        ],
        [
          -5.9170915,
          54.6632699
        ],
        [
          -5.9170627,
          54.6632136
        ],
        [
          -5.9171166,
          54.6632044
        ],
        [
          -5.917348,
          54.6631647
        ]
      ]
    ]
  }
},
{
  "type": "Feature",
  "id": "way/611906940",
  "properties": {
    "addr:city": "Belfast",
    "addr:housenumber": "21",
    "addr:postcode": "BT7 1JJ",
    "addr:street": "Botanic Avenue",
    "amenity": "post_office",
    "brand": "Mail Boxes Etc.",
    "brand:wikidata": "Q92922921",
    "brand:wikipedia": "en:Mail Boxes Etc.",
    "building": "yes",
    "email": "info@mbebelfast.co.uk",
    "fax": "+44 28 9024 6777",
    "name": "Mail Boxes Etc.",
    "opening_hours": "Mo-Fr 09:00-17:30",
    "operator": "Mail Boxes Etc.",
    "operator:wikidata": "Q1139182",
    "phone": "+44 28 9024 7888",
    "shop": "copyshop",
    "website": "https://www.mbe.co.uk/belfast",
    "id": "way/611906940"
  },
  "geometry": {
    "type": "Polygon",
    "coordinates": [
      [
        [
          -5.9335377,
          54.5888068
        ],
        [
          -5.9337985,
          54.5887674
        ],
        [
          -5.9337726,
          54.58871
        ],
        [
          -5.9335121,
          54.5887494
        ],
        [
          -5.9335377,
          54.5888068
        ]
      ]
    ]
  }
},
{
  "type": "Feature",
  "id": "way/623430988",
  "properties": {
    "amenity": "community_centre",
    "building": "yes",
    "name": "Ballysillan Community Forum",
    "panoramax": "f6331583-142d-473d-a959-e5d2d774e59c",
    "id": "way/623430988"
  },
  "geometry": {
    "type": "Polygon",
    "coordinates": [
      [
        [
          -5.9753714,
          54.624125
        ],
        [
          -5.9751569,
          54.624073
        ],
        [
          -5.9751126,
          54.6241382
        ],
        [
          -5.9753124,
          54.6242058
        ],
        [
          -5.9753714,
          54.624125
        ]
      ]
    ]
  }
},
{
  "type": "Feature",
  "id": "way/623430989",
  "properties": {
    "addr:city": "Belfast",
    "addr:housenumber": "935-937",
    "addr:postcode": "BT14 8AB",
    "addr:street": "Crumlin Road",
    "amenity": "post_office",
    "brand": "Post Office",
    "brand:wikidata": "Q1783168",
    "brand:wikipedia": "en:Post Office Ltd",
    "building": "retail",
    "contact:website": "https://www.postoffice.co.uk/branch-finder/4237048/ballysillan",
    "name": "Ballysillan Post Office",
    "opening_hours": "Mo-Fr 07:30-17:00; Sa 09:00-13:00",
    "operator": "Post Office",
    "operator:wikidata": "Q1783168",
    "ref:pol_id": "136643",
    "id": "way/623430989"
  },
  "geometry": {
    "type": "Polygon",
    "coordinates": [
      [
        [
          -5.9754073,
          54.6240755
        ],
        [
          -5.9751901,
          54.6240234
        ],
        [
          -5.9751569,
          54.624073
        ],
        [
          -5.9753714,
          54.624125
        ],
        [
          -5.9754073,
          54.6240755
        ]
      ]
    ]
  }
},
{
  "type": "Feature",
  "id": "way/624141053",
  "properties": {
    "amenity": "community_centre",
    "brand": "The Royal British Legion",
    "brand:wikidata": "Q1621811",
    "building": "yes",
    "name": "British Legion",
    "official_name": "The Royal British Legion",
    "id": "way/624141053"
  },
  "geometry": {
    "type": "Polygon",
    "coordinates": [
      [
        [
          -5.8916934,
          54.5779851
        ],
        [
          -5.8918047,
          54.5779851
        ],
        [
          -5.8918047,
          54.5779548
        ],
        [
          -5.8918583,
          54.5779548
        ],
        [
          -5.8918583,
          54.577818
        ],
        [
          -5.8918315,
          54.577818
        ],
        [
          -5.8918315,
          54.5776703
        ],
        [
          -5.8916934,
          54.5776703
        ],
        [
          -5.8916934,
          54.5777923
        ],
        [
          -5.8916223,
          54.5777923
        ],
        [
          -5.8916223,
          54.5779167
        ],
        [
          -5.8916934,
          54.5779167
        ],
        [
          -5.8916934,
          54.5779851
        ]
      ]
    ]
  }
},
{
  "type": "Feature",
  "id": "way/632584638",
  "properties": {
    "addr:city": "Belfast",
    "addr:housenumber": "240",
    "addr:postcode": "BT15 2AR",
    "addr:street": "Antrim Road",
    "amenity": "post_office",
    "brand": "Post Office",
    "brand:wikidata": "Q1783168",
    "brand:wikipedia": "en:Post Office Ltd",
    "building": "retail",
    "contact:website": "https://www.postoffice.co.uk/branch-finder/2157047/duncairn-st",
    "name": "Duncairn Street Post Office",
    "opening_hours": "Mo-Fr 08:30-17:30; Sa 09:00-12:30",
    "operator": "Post Office",
    "operator:wikidata": "Q1783168",
    "ref:pol_id": "7916",
    "id": "way/632584638"
  },
  "geometry": {
    "type": "Polygon",
    "coordinates": [
      [
        [
          -5.9378817,
          54.6160029
        ],
        [
          -5.9380202,
          54.6159754
        ],
        [
          -5.9379669,
          54.6158855
        ],
        [
          -5.9378284,
          54.615913
        ],
        [
          -5.9378367,
          54.615927
        ],
        [
          -5.9378817,
          54.6160029
        ]
      ]
    ]
  }
},
{
  "type": "Feature",
  "id": "way/641317219",
  "properties": {
    "addr:city": "Belfast",
    "addr:street": "Navarra Place",
    "amenity": "community_centre",
    "building": "yes",
    "name": "Whitecity Community Centre",
    "operator": "Belfast City Council",
    "operator:wikidata": "Q55934837",
    "id": "way/641317219"
  },
  "geometry": {
    "type": "Polygon",
    "coordinates": [
      [
        [
          -5.9291087,
          54.6507704
        ],
        [
          -5.9291181,
          54.6507161
        ],
        [
          -5.929095,
          54.6507148
        ],
        [
          -5.9291129,
          54.6506117
        ],
        [
          -5.9291376,
          54.6506131
        ],
        [
          -5.9291423,
          54.6505857
        ],
        [
          -5.9292071,
          54.6505894
        ],
        [
          -5.9292255,
          54.6504833
        ],
        [
          -5.9289378,
          54.6504666
        ],
        [
          -5.9288875,
          54.6507576
        ],
        [
          -5.9291087,
          54.6507704
        ]
      ]
    ]
  }
},
{
  "type": "Feature",
  "id": "way/641901553",
  "properties": {
    "addr:city": "Holywood",
    "addr:housenumber": "39",
    "addr:postcode": "BT18 0NE",
    "addr:street": "Bangor Road",
    "alt_name": "Salvation Army Eventide Home",
    "amenity": "social_facility",
    "building": "yes",
    "denomination": "salvation_army",
    "name": "Sir Samuel Kelly Home",
    "operator": "The Salvation Army",
    "operator:short": "TSA",
    "operator:wikidata": "Q188307",
    "religion": "christian",
    "social_facility": "nursing_home",
    "social_facility:for": "senior",
    "source": "EsriWorldImageryClarity",
    "website": "https://www.salvationarmy.org.uk/older-people/care-homes/sir-samuel-kelly-home",
    "id": "way/641901553"
  },
  "geometry": {
    "type": "Polygon",
    "coordinates": [
      [
        [
          -5.8172819,
          54.6436897
        ],
        [
          -5.8173593,
          54.6436827
        ],
        [
          -5.8173137,
          54.6435133
        ],
        [
          -5.8172163,
          54.6435221
        ],
        [
          -5.8172048,
          54.6434797
        ],
        [
          -5.8170411,
          54.6434944
        ],
        [
          -5.8170706,
          54.6437065
        ],
        [
          -5.8171417,
          54.6437098
        ],
        [
          -5.8171878,
          54.6438814
        ],
        [
          -5.8172511,
          54.6438757
        ],
        [
          -5.8172646,
          54.6439261
        ],
        [
          -5.8174388,
          54.6439104
        ],
        [
          -5.8174182,
          54.6438339
        ],
        [
          -5.8174713,
          54.6438291
        ],
        [
          -5.8174851,
          54.6438803
        ],
        [
          -5.8177216,
          54.643968
        ],
        [
          -5.8177019,
          54.6439858
        ],
        [
          -5.8178719,
          54.6440489
        ],
        [
          -5.8179816,
          54.64395
        ],
        [
          -5.8178153,
          54.6438883
        ],
        [
          -5.8178324,
          54.6438729
        ],
        [
          -5.817609,
          54.6437898
        ],
        [
          -5.8176411,
          54.6437609
        ],
        [
          -5.8176042,
          54.6437472
        ],
        [
          -5.8177737,
          54.6435948
        ],
        [
          -5.8177561,
          54.6435797
        ],
        [
          -5.8178471,
          54.6435027
        ],
        [
          -5.8177035,
          54.6434459
        ],
        [
          -5.8173559,
          54.6437398
        ],
        [
          -5.8172968,
          54.6437451
        ],
        [
          -5.8172819,
          54.6436897
        ]
      ]
    ]
  }
},
{
  "type": "Feature",
  "id": "way/653650365",
  "properties": {
    "addr:city": "Belfast",
    "addr:housenumber": "36",
    "addr:postcode": "BT7 3GX",
    "addr:street": "Whitehall Parade",
    "amenity": "social_facility",
    "building": "social_care",
    "fhrs:id": "58071",
    "historic": "building",
    "name": "Haypark Residential Home",
    "operator": "Haypark House",
    "social_facility": "group_home",
    "social_facility:for": "senior",
    "id": "way/653650365"
  },
  "geometry": {
    "type": "Polygon",
    "coordinates": [
      [
        [
          -5.9196473,
          54.5744284
        ],
        [
          -5.9195429,
          54.5742714
        ],
        [
          -5.9191366,
          54.5743594
        ],
        [
          -5.9192231,
          54.5744889
        ],
        [
          -5.9194972,
          54.5744237
        ],
        [
          -5.91952,
          54.5744568
        ],
        [
          -5.9196473,
          54.5744284
        ]
      ]
    ]
  }
},
{
  "type": "Feature",
  "id": "way/653650369",
  "properties": {
    "amenity": "social_facility",
    "name": "Roseville House",
    "social_facility": "residential_home",
    "social_facility:for": "homeless",
    "id": "way/653650369"
  },
  "geometry": {
    "type": "Polygon",
    "coordinates": [
      [
        [
          -5.9179752,
          54.5721132
        ],
        [
          -5.917924,
          54.5719331
        ],
        [
          -5.9177038,
          54.5719558
        ],
        [
          -5.9176921,
          54.5720572
        ],
        [
          -5.9172979,
          54.5721027
        ],
        [
          -5.9172545,
          54.5721979
        ],
        [
          -5.9170242,
          54.5722395
        ],
        [
          -5.917069,
          54.5723443
        ],
        [
          -5.9170874,
          54.5723874
        ],
        [
          -5.9179713,
          54.5722605
        ],
        [
          -5.9180993,
          54.5722498
        ],
        [
          -5.9181381,
          54.5724754
        ],
        [
          -5.9191954,
          54.5724188
        ],
        [
          -5.9193991,
          54.5719744
        ],
        [
          -5.9190392,
          54.5719914
        ],
        [
          -5.919035,
          54.5720249
        ],
        [
          -5.9189941,
          54.5720616
        ],
        [
          -5.9186593,
          54.5720887
        ],
        [
          -5.9179752,
          54.5721132
        ]
      ]
    ]
  }
},
{
  "type": "Feature",
  "id": "way/654277190",
  "properties": {
    "amenity": "community_centre",
    "building": "yes",
    "name": "Purdysburn Orange Hall",
    "id": "way/654277190"
  },
  "geometry": {
    "type": "Polygon",
    "coordinates": [
      [
        [
          -5.9308393,
          54.5397386
        ],
        [
          -5.930827,
          54.5397985
        ],
        [
          -5.9308712,
          54.5398015
        ],
        [
          -5.9308519,
          54.5398955
        ],
        [
          -5.9309721,
          54.5399038
        ],
        [
          -5.9310037,
          54.5397499
        ],
        [
          -5.9308393,
          54.5397386
        ]
      ]
    ]
  }
},
{
  "type": "Feature",
  "id": "way/655107696",
  "properties": {
    "addr:city": "Newtownabbey",
    "addr:housenumber": "22-28",
    "addr:postcode": "BT37 9DY",
    "addr:street": "Crossreagh Drive",
    "amenity": "social_facility",
    "building": "yes",
    "name": "Clonmore House",
    "social_facility": "group_home",
    "social_facility:for": "senior",
    "id": "way/655107696"
  },
  "geometry": {
    "type": "Polygon",
    "coordinates": [
      [
        [
          -5.9248801,
          54.6636444
        ],
        [
          -5.9250148,
          54.6637004
        ],
        [
          -5.9251229,
          54.6636134
        ],
        [
          -5.9252299,
          54.6636579
        ],
        [
          -5.9252171,
          54.6636682
        ],
        [
          -5.9253431,
          54.6637206
        ],
        [
          -5.9251882,
          54.6638452
        ],
        [
          -5.9252957,
          54.6638899
        ],
        [
          -5.9253903,
          54.6638138
        ],
        [
          -5.9253532,
          54.6637984
        ],
        [
          -5.9254185,
          54.6637459
        ],
        [
          -5.925483,
          54.6637727
        ],
        [
          -5.9255669,
          54.6637052
        ],
        [
          -5.9255653,
          54.6636989
        ],
        [
          -5.925548,
          54.6636926
        ],
        [
          -5.9255373,
          54.6636947
        ],
        [
          -5.9255308,
          54.6636999
        ],
        [
          -5.9255007,
          54.6636874
        ],
        [
          -5.9255485,
          54.6636489
        ],
        [
          -5.9253584,
          54.6635698
        ],
        [
          -5.9253386,
          54.6635857
        ],
        [
          -5.9252213,
          54.6635369
        ],
        [
          -5.9254366,
          54.6633637
        ],
        [
          -5.925394,
          54.663346
        ],
        [
          -5.9254091,
          54.6633339
        ],
        [
          -5.9253497,
          54.6633092
        ],
        [
          -5.925335,
          54.6633211
        ],
        [
          -5.9253,
          54.6633065
        ],
        [
          -5.9248801,
          54.6636444
        ]
      ]
    ]
  }
},
{
  "type": "Feature",
  "id": "way/661700921",
  "properties": {
    "amenity": "grave_yard",
    "barrier": "wall",
    "id": "way/661700921"
  },
  "geometry": {
    "type": "Polygon",
    "coordinates": [
      [
        [
          -5.9084579,
          54.5770883
        ],
        [
          -5.9086519,
          54.5769896
        ],
        [
          -5.9083958,
          54.5768206
        ],
        [
          -5.9082018,
          54.5769194
        ],
        [
          -5.9084579,
          54.5770883
        ]
      ]
    ]
  }
},
{
  "type": "Feature",
  "id": "way/666051348",
  "properties": {
    "building": "yes",
    "height": "11",
    "name": "Belfast City Council - Port Health Unit",
    "office": "government",
    "id": "way/666051348"
  },
  "geometry": {
    "type": "Polygon",
    "coordinates": [
      [
        [
          -5.9181866,
          54.6105822
        ],
        [
          -5.9182196,
          54.6105482
        ],
        [
          -5.9182921,
          54.6104735
        ],
        [
          -5.9184037,
          54.6103586
        ],
        [
          -5.9185748,
          54.6104106
        ],
        [
          -5.9187734,
          54.610471
        ],
        [
          -5.9188874,
          54.6103639
        ],
        [
          -5.9184733,
          54.6102214
        ],
        [
          -5.9183565,
          54.610203
        ],
        [
          -5.9182751,
          54.6102009
        ],
        [
          -5.9179849,
          54.6105145
        ],
        [
          -5.9181866,
          54.6105822
        ]
      ]
    ]
  }
},
{
  "type": "Feature",
  "id": "way/669440084",
  "properties": {
    "addr:city": "Belfast",
    "addr:street": "Cullingtree Road",
    "amenity": "community_centre",
    "building": "yes",
    "building:levels": "3",
    "building:material": "brick",
    "community_centre": "youth_centre",
    "name": "Frank Gillen Centre",
    "roof:material": "roof_tiles",
    "roof:shape": "gabled",
    "id": "way/669440084"
  },
  "geometry": {
    "type": "Polygon",
    "coordinates": [
      [
        [
          -5.9406267,
          54.5991863
        ],
        [
          -5.9407138,
          54.5991327
        ],
        [
          -5.9408672,
          54.5990384
        ],
        [
          -5.9407331,
          54.5989652
        ],
        [
          -5.9405797,
          54.5990595
        ],
        [
          -5.9404926,
          54.5991131
        ],
        [
          -5.9405391,
          54.5991385
        ],
        [
          -5.9405089,
          54.5991571
        ],
        [
          -5.9405108,
          54.5991824
        ],
        [
          -5.9405535,
          54.5991813
        ],
        [
          -5.9405836,
          54.5991628
        ],
        [
          -5.9406267,
          54.5991863
        ]
      ]
    ]
  }
},
{
  "type": "Feature",
  "id": "way/671616087",
  "properties": {
    "addr:city": "Newtownabbey",
    "addr:housename": "Rantalard House",
    "addr:postcode": "BT37 9BL",
    "addr:street": "Rathcoole Drive",
    "building": "yes",
    "email": "newtownabbey1@nihe.gov.uk",
    "government": "local",
    "name": "Newtownabbey 1 Housing Executive Office",
    "office": "government",
    "opening_hours": "Mo-Fr 09:00-16:00; We 09:00-12:30",
    "phone": "+44 344 892 0900",
    "website": "https://www.nihe.gov.uk/home",
    "wikidata": "Q7058505",
    "wikipedia": "en:Northern Ireland Housing Executive",
    "id": "way/671616087"
  },
  "geometry": {
    "type": "Polygon",
    "coordinates": [
      [
        [
          -5.9131151,
          54.6583537
        ],
        [
          -5.9130752,
          54.658337
        ],
        [
          -5.9131265,
          54.6582958
        ],
        [
          -5.9128451,
          54.6581786
        ],
        [
          -5.912627,
          54.6583537
        ],
        [
          -5.9127227,
          54.6583935
        ],
        [
          -5.9128069,
          54.6583259
        ],
        [
          -5.9130326,
          54.65842
        ],
        [
          -5.9131151,
          54.6583537
        ]
      ]
    ]
  }
},
{
  "type": "Feature",
  "id": "way/684223914",
  "properties": {
    "amenity": "community_centre",
    "building": "civic",
    "id": "way/684223914"
  },
  "geometry": {
    "type": "Polygon",
    "coordinates": [
      [
        [
          -5.8390482,
          54.6308708
        ],
        [
          -5.8391274,
          54.630902
        ],
        [
          -5.8391624,
          54.6308722
        ],
        [
          -5.8393367,
          54.6309407
        ],
        [
          -5.8394732,
          54.6308244
        ],
        [
          -5.8392197,
          54.6307247
        ],
        [
          -5.8390482,
          54.6308708
        ]
      ]
    ]
  }
},
{
  "type": "Feature",
  "id": "way/689007840",
  "properties": {
    "amenity": "community_centre",
    "building": "yes",
    "name": "Dundonald Orange Hall",
    "id": "way/689007840"
  },
  "geometry": {
    "type": "Polygon",
    "coordinates": [
      [
        [
          -5.8133288,
          54.593648
        ],
        [
          -5.8135705,
          54.5934077
        ],
        [
          -5.8133662,
          54.5933377
        ],
        [
          -5.8131942,
          54.5934316
        ],
        [
          -5.8130638,
          54.5935624
        ],
        [
          -5.8133288,
          54.593648
        ]
      ]
    ]
  }
},
{
  "type": "Feature",
  "id": "way/689306073",
  "properties": {
    "addr:city": "Belfast",
    "addr:housenumber": "1",
    "addr:postcode": "BT5 4SW",
    "addr:street": "Ledley Hall Close",
    "amenity": "community_centre",
    "building": "yes",
    "email": "ledleyhall@hotmail.com",
    "name": "Ledley Hall Boys And Girls Club",
    "phone": "+44 28 9045 1722",
    "website": "https://www.communityni.org/organisation/ledley-hall-boys-and-girls-club-trust-ltd",
    "id": "way/689306073"
  },
  "geometry": {
    "type": "Polygon",
    "coordinates": [
      [
        [
          -5.8971425,
          54.592671
        ],
        [
          -5.8971219,
          54.5924241
        ],
        [
          -5.8968152,
          54.5924327
        ],
        [
          -5.8968357,
          54.5926796
        ],
        [
          -5.8971425,
          54.592671
        ]
      ]
    ]
  }
},
{
  "type": "Feature",
  "id": "way/689317494",
  "properties": {
    "addr:city": "Belfast",
    "addr:housenumber": "80",
    "addr:postcode": "BT14 8HD",
    "addr:street": "Ballysillan Park",
    "amenity": "community_centre",
    "building": "yes",
    "email": "benviewcc@yahoo.co.uk",
    "name": "Benview Community Centre",
    "opening_hours": "Mo-Th 09:00-21:00; Tu 09:00-21:30; Fr 09:00-20:00; Sa 10:00-12:30",
    "phone": "+44 28 9071 9271",
    "website": "https://www.communityni.org/organisation/benview-community-centre",
    "id": "way/689317494"
  },
  "geometry": {
    "type": "Polygon",
    "coordinates": [
      [
        [
          -5.970623,
          54.6303407
        ],
        [
          -5.9703971,
          54.6304735
        ],
        [
          -5.97043,
          54.6304923
        ],
        [
          -5.9703816,
          54.6305207
        ],
        [
          -5.970509,
          54.6305934
        ],
        [
          -5.9706768,
          54.6304947
        ],
        [
          -5.9707371,
          54.6305291
        ],
        [
          -5.9708316,
          54.6304735
        ],
        [
          -5.97078,
          54.6304441
        ],
        [
          -5.970833,
          54.6304129
        ],
        [
          -5.9706969,
          54.6303353
        ],
        [
          -5.9706781,
          54.6303328
        ],
        [
          -5.9706594,
          54.6303329
        ],
        [
          -5.9706406,
          54.6303351
        ],
        [
          -5.970623,
          54.6303407
        ]
      ]
    ]
  }
},
{
  "type": "Feature",
  "id": "way/689960676",
  "properties": {
    "addr:city": "Belfast",
    "addr:housenumber": "17",
    "addr:postcode": "BT1 5GB",
    "addr:street": "Donegall Square North",
    "amenity": "library",
    "building": "yes",
    "building:levels": "2",
    "check_date": "2025-07-24",
    "email": "info@linenhall.com",
    "name": "The Linen Hall Library",
    "opening_hours": "Mo-Fr 09:30-17:30",
    "operator": "Belfast Library And Society For Promoting Knowledge",
    "phone": "+44 28 9032 1707",
    "start_date": "1788",
    "website": "https://linenhall.com/",
    "wikidata": "Q6553590",
    "id": "way/689960676"
  },
  "geometry": {
    "type": "Polygon",
    "coordinates": [
      [
        [
          -5.9314885,
          54.5976117
        ],
        [
          -5.9317049,
          54.5976039
        ],
        [
          -5.9317083,
          54.5975855
        ],
        [
          -5.9317533,
          54.5973451
        ],
        [
          -5.93168,
          54.5973466
        ],
        [
          -5.9316073,
          54.5973482
        ],
        [
          -5.9314692,
          54.5973519
        ],
        [
          -5.9314807,
          54.5975071
        ],
        [
          -5.9314885,
          54.5976117
        ]
      ]
    ]
  }
},
{
  "type": "Feature",
  "id": "way/721771797",
  "properties": {
    "addr:city": "Newtownabbey",
    "addr:street": "Shore Road",
    "amenity": "community_centre",
    "anglican": "Church of Ireland",
    "building": "yes",
    "denomination": "anglican",
    "religion": "christian",
    "id": "way/721771797"
  },
  "geometry": {
    "type": "Polygon",
    "coordinates": [
      [
        [
          -5.9089208,
          54.657706
        ],
        [
          -5.9088993,
          54.6577616
        ],
        [
          -5.9090167,
          54.6577768
        ],
        [
          -5.9090504,
          54.6576898
        ],
        [
          -5.9090161,
          54.6576853
        ],
        [
          -5.9090457,
          54.6576088
        ],
        [
          -5.9089608,
          54.6575978
        ],
        [
          -5.9089735,
          54.6575648
        ],
        [
          -5.9086159,
          54.6575186
        ],
        [
          -5.9085877,
          54.6575915
        ],
        [
          -5.9086473,
          54.6575992
        ],
        [
          -5.908621,
          54.6576672
        ],
        [
          -5.9089208,
          54.657706
        ]
      ]
    ]
  }
},
{
  "type": "Feature",
  "id": "way/733127682",
  "properties": {
    "addr:city": "Belfast",
    "addr:housename": "Bloomfields Nursing Home",
    "addr:postcode": "BT5 5NF",
    "addr:street": "North Road",
    "amenity": "social_facility",
    "building": "yes",
    "name": "Bloomfields Nursing Home",
    "social_facility": "nursing_home",
    "social_facility:for": "senior",
    "id": "way/733127682"
  },
  "geometry": {
    "type": "Polygon",
    "coordinates": [
      [
        [
          -5.8750337,
          54.5943629
        ],
        [
          -5.8754724,
          54.594426
        ],
        [
          -5.8755785,
          54.5941782
        ],
        [
          -5.8753205,
          54.5941411
        ],
        [
          -5.8753321,
          54.594114
        ],
        [
          -5.8751165,
          54.594083
        ],
        [
          -5.8750658,
          54.5942013
        ],
        [
          -5.875378,
          54.5942461
        ],
        [
          -5.8753525,
          54.5943055
        ],
        [
          -5.8750753,
          54.5942657
        ],
        [
          -5.8750337,
          54.5943629
        ]
      ]
    ]
  }
},
{
  "type": "Feature",
  "id": "way/736965922",
  "properties": {
    "addr:city": "Holywood",
    "amenity": "social_facility",
    "building": "yes",
    "building:levels": "5",
    "name": "The Shore Side",
    "social_facility": "assisted_living",
    "id": "way/736965922"
  },
  "geometry": {
    "type": "Polygon",
    "coordinates": [
      [
        [
          -5.8355956,
          54.6429929
        ],
        [
          -5.8358973,
          54.6427761
        ],
        [
          -5.8359219,
          54.6427877
        ],
        [
          -5.8360375,
          54.6427044
        ],
        [
          -5.835901,
          54.6426515
        ],
        [
          -5.8358564,
          54.6426343
        ],
        [
          -5.8358139,
          54.6426179
        ],
        [
          -5.8357493,
          54.6426667
        ],
        [
          -5.835789,
          54.6426842
        ],
        [
          -5.8358328,
          54.6427034
        ],
        [
          -5.8355053,
          54.6429368
        ],
        [
          -5.8355956,
          54.6429929
        ]
      ]
    ]
  }
},
{
  "type": "Feature",
  "id": "way/747447804",
  "properties": {
    "amenity": "social_facility",
    "building": "yes",
    "name": "Tudordale Care Home",
    "social_facility": "nursing_home",
    "social_facility:for": "senior",
    "id": "way/747447804"
  },
  "geometry": {
    "type": "Polygon",
    "coordinates": [
      [
        [
          -5.8712661,
          54.6073622
        ],
        [
          -5.8713946,
          54.607276
        ],
        [
          -5.8712458,
          54.6072175
        ],
        [
          -5.8713679,
          54.6071134
        ],
        [
          -5.8713294,
          54.6069666
        ],
        [
          -5.8711391,
          54.6068928
        ],
        [
          -5.871211,
          54.6068307
        ],
        [
          -5.8710091,
          54.6067524
        ],
        [
          -5.8708746,
          54.6068686
        ],
        [
          -5.8708962,
          54.606877
        ],
        [
          -5.8707365,
          54.6070145
        ],
        [
          -5.870618,
          54.6069682
        ],
        [
          -5.8705216,
          54.6070542
        ],
        [
          -5.8706357,
          54.6071002
        ],
        [
          -5.8705907,
          54.607138
        ],
        [
          -5.8707264,
          54.607196
        ],
        [
          -5.8707906,
          54.6071445
        ],
        [
          -5.8710028,
          54.6072315
        ],
        [
          -5.8709424,
          54.6072836
        ],
        [
          -5.8710743,
          54.607339
        ],
        [
          -5.8711293,
          54.6073044
        ],
        [
          -5.8712661,
          54.6073622
        ]
      ]
    ]
  }
},
{
  "type": "Feature",
  "id": "way/757729755",
  "properties": {
    "building": "yes",
    "government": "training",
    "name": "Northern Ireland Fire & Rescue Service Training Centre",
    "office": "government",
    "id": "way/757729755"
  },
  "geometry": {
    "type": "Polygon",
    "coordinates": [
      [
        [
          -5.9663354,
          54.5761903
        ],
        [
          -5.965978,
          54.5765921
        ],
        [
          -5.9659318,
          54.576576
        ],
        [
          -5.965559,
          54.577001
        ],
        [
          -5.9657747,
          54.5770707
        ],
        [
          -5.9658424,
          54.5769903
        ],
        [
          -5.9661167,
          54.5770725
        ],
        [
          -5.9664155,
          54.5767314
        ],
        [
          -5.9663785,
          54.5767171
        ],
        [
          -5.9667483,
          54.5763153
        ],
        [
          -5.9663354,
          54.5761903
        ]
      ]
    ]
  }
},
{
  "type": "Feature",
  "id": "way/769090034",
  "properties": {
    "addr:city": "Belfast",
    "addr:housenumber": "144",
    "addr:postcode": "BT4 3EQ",
    "addr:street": "Upper Newtownards Road",
    "amenity": "social_facility",
    "building": "social_care",
    "check_date": "2024-05-24",
    "fhrs:id": "59710",
    "name": "Arches Care Home",
    "social_facility": "nursing_home",
    "social_facility:for": "senior",
    "source:addr": "FHRS Open Data",
    "id": "way/769090034"
  },
  "geometry": {
    "type": "Polygon",
    "coordinates": [
      [
        [
          -5.8817922,
          54.5967828
        ],
        [
          -5.8818682,
          54.596632
        ],
        [
          -5.881694,
          54.5966026
        ],
        [
          -5.8816683,
          54.5966536
        ],
        [
          -5.8816152,
          54.5966447
        ],
        [
          -5.8816345,
          54.5966065
        ],
        [
          -5.8814789,
          54.5965802
        ],
        [
          -5.8814616,
          54.5966145
        ],
        [
          -5.8814089,
          54.5966056
        ],
        [
          -5.8814999,
          54.5964248
        ],
        [
          -5.8813273,
          54.5963956
        ],
        [
          -5.881187,
          54.5966745
        ],
        [
          -5.8813619,
          54.596704
        ],
        [
          -5.8813689,
          54.5966902
        ],
        [
          -5.8816268,
          54.5967338
        ],
        [
          -5.8816171,
          54.5967532
        ],
        [
          -5.8817922,
          54.5967828
        ]
      ]
    ]
  }
},
{
  "type": "Feature",
  "id": "way/769499817",
  "properties": {
    "addr:city": "Belfast",
    "addr:housenumber": "1–3",
    "addr:postcode": "BT4 3DX",
    "addr:street": "Eastleigh Drive",
    "amenity": "library",
    "building": "yes",
    "internet_access": "yes",
    "name": "Ballyhackamore Library",
    "opening_hours": "Mo 09:15-18:00; Tu 09:00-17:30; Th-Fr 09:00-17:30; Sa 09:15-13:00",
    "operator": "Northern Ireland Library Authority",
    "operator:type": "public",
    "operator:wikidata": "Q50693680",
    "website": "https://www.librariesni.org.uk/libraries/greater-belfast/ballyhackamore-library/",
    "id": "way/769499817"
  },
  "geometry": {
    "type": "Polygon",
    "coordinates": [
      [
        [
          -5.866047,
          54.5951661
        ],
        [
          -5.8660458,
          54.5951568
        ],
        [
          -5.8660396,
          54.5951483
        ],
        [
          -5.8660292,
          54.5951413
        ],
        [
          -5.8660154,
          54.5951365
        ],
        [
          -5.8659998,
          54.5951345
        ],
        [
          -5.8659839,
          54.5951355
        ],
        [
          -5.8659693,
          54.5951392
        ],
        [
          -5.8659567,
          54.5951461
        ],
        [
          -5.8659489,
          54.595155
        ],
        [
          -5.8659467,
          54.595165
        ],
        [
          -5.8659505,
          54.5951748
        ],
        [
          -5.8659598,
          54.5951832
        ],
        [
          -5.8659735,
          54.5951893
        ],
        [
          -5.8659899,
          54.5951924
        ],
        [
          -5.8660072,
          54.5951921
        ],
        [
          -5.8660222,
          54.5951887
        ],
        [
          -5.8660345,
          54.5951829
        ],
        [
          -5.8660431,
          54.595175
        ],
        [
          -5.8660454,
          54.5951697
        ],
        [
          -5.866047,
          54.5951661
        ]
      ]
    ]
  }
},
{
  "type": "Feature",
  "id": "way/770053476",
  "properties": {
    "addr:city": "Belfast",
    "addr:housenumber": "229",
    "addr:postcode": "BT4 2AH",
    "addr:street": "Belmont Road",
    "amenity": "social_facility",
    "building": "social_care",
    "fhrs:id": "59059",
    "name": "Strathearn Care Home",
    "operator": "Four Seasons Health Care",
    "operator:wikidata": "Q5475480",
    "social_facility": "nursing_home",
    "social_facility:for": "senior",
    "source:addr": "FHRS Open Data",
    "id": "way/770053476"
  },
  "geometry": {
    "type": "Polygon",
    "coordinates": [
      [
        [
          -5.8642725,
          54.5994504
        ],
        [
          -5.8642119,
          54.5993611
        ],
        [
          -5.8638907,
          54.5994343
        ],
        [
          -5.8638235,
          54.5993353
        ],
        [
          -5.8640634,
          54.5992806
        ],
        [
          -5.8639982,
          54.5991847
        ],
        [
          -5.8635871,
          54.5992784
        ],
        [
          -5.8636109,
          54.5993135
        ],
        [
          -5.8635933,
          54.5993175
        ],
        [
          -5.8637749,
          54.599585
        ],
        [
          -5.8638625,
          54.599565
        ],
        [
          -5.8638713,
          54.5995779
        ],
        [
          -5.8639618,
          54.5995573
        ],
        [
          -5.8639406,
          54.599526
        ],
        [
          -5.8642725,
          54.5994504
        ]
      ]
    ]
  }
},
{
  "type": "Feature",
  "id": "way/770522167",
  "properties": {
    "addr:city": "Belfast",
    "addr:housenumber": "16",
    "addr:postcode": "BT4 3JU",
    "addr:street": "Hawthornden Road",
    "amenity": "social_facility",
    "building": "social_care",
    "fhrs:id": "59046",
    "name": "Hawthorn House Care Home",
    "social_facility": "nursing_home",
    "social_facility:for": "senior",
    "source:addr": "FHRS Open Data",
    "id": "way/770522167"
  },
  "geometry": {
    "type": "Polygon",
    "coordinates": [
      [
        [
          -5.85496,
          54.5963721
        ],
        [
          -5.8550319,
          54.5961999
        ],
        [
          -5.8549012,
          54.5961816
        ],
        [
          -5.8548975,
          54.5961904
        ],
        [
          -5.8548097,
          54.5961781
        ],
        [
          -5.854873,
          54.5960266
        ],
        [
          -5.8546797,
          54.5959995
        ],
        [
          -5.8546177,
          54.596148
        ],
        [
          -5.8545554,
          54.5961393
        ],
        [
          -5.8545055,
          54.5962586
        ],
        [
          -5.85463,
          54.5962761
        ],
        [
          -5.8546003,
          54.5963469
        ],
        [
          -5.8547176,
          54.5963634
        ],
        [
          -5.8547478,
          54.5962912
        ],
        [
          -5.8548467,
          54.5963051
        ],
        [
          -5.8548265,
          54.5963534
        ],
        [
          -5.85496,
          54.5963721
        ]
      ]
    ]
  }
},
{
  "type": "Feature",
  "id": "way/770775442",
  "properties": {
    "amenity": "social_facility",
    "building": "yes",
    "name": "Abbeyfield Belfast Society",
    "social_facility": "nursing_home",
    "social_facility:for": "senior",
    "id": "way/770775442"
  },
  "geometry": {
    "type": "Polygon",
    "coordinates": [
      [
        [
          -5.8648853,
          54.6000683
        ],
        [
          -5.8648703,
          54.5998541
        ],
        [
          -5.8646365,
          54.5998596
        ],
        [
          -5.8646414,
          54.5999308
        ],
        [
          -5.8646986,
          54.5999295
        ],
        [
          -5.8647012,
          54.5999665
        ],
        [
          -5.8646443,
          54.5999678
        ],
        [
          -5.8646517,
          54.6000736
        ],
        [
          -5.8648853,
          54.6000683
        ]
      ]
    ]
  }
},
{
  "type": "Feature",
  "id": "way/770775443",
  "properties": {
    "amenity": "social_facility",
    "building": "yes",
    "name": "Pine Lodge",
    "social_facility": "nursing_home",
    "social_facility:for": "senior",
    "id": "way/770775443"
  },
  "geometry": {
    "type": "Polygon",
    "coordinates": [
      [
        [
          -5.8637697,
          54.6002234
        ],
        [
          -5.8636296,
          54.600078
        ],
        [
          -5.8633621,
          54.6001645
        ],
        [
          -5.8632849,
          54.6000843
        ],
        [
          -5.8630687,
          54.6001543
        ],
        [
          -5.8631423,
          54.6002307
        ],
        [
          -5.8629053,
          54.6003072
        ],
        [
          -5.8630509,
          54.6004584
        ],
        [
          -5.8631416,
          54.6004291
        ],
        [
          -5.8631224,
          54.6004091
        ],
        [
          -5.8631787,
          54.6003909
        ],
        [
          -5.8631314,
          54.6003418
        ],
        [
          -5.8632938,
          54.6002894
        ],
        [
          -5.8632664,
          54.600355
        ],
        [
          -5.863302,
          54.600392
        ],
        [
          -5.8633545,
          54.600375
        ],
        [
          -5.8634087,
          54.6004312
        ],
        [
          -5.8635841,
          54.6003744
        ],
        [
          -5.8636008,
          54.6003917
        ],
        [
          -5.8636653,
          54.6003709
        ],
        [
          -5.8635853,
          54.6002879
        ],
        [
          -5.8635644,
          54.6002947
        ],
        [
          -5.8635095,
          54.6002915
        ],
        [
          -5.8634557,
          54.6002357
        ],
        [
          -5.8635861,
          54.6001935
        ],
        [
          -5.8636256,
          54.6002344
        ],
        [
          -5.86367,
          54.6002201
        ],
        [
          -5.8636962,
          54.6002472
        ],
        [
          -5.8637697,
          54.6002234
        ]
      ]
    ]
  }
},
{
  "type": "Feature",
  "id": "way/772515054",
  "properties": {
    "addr:city": "Belfast",
    "addr:housenumber": "121",
    "addr:postcode": "BT4 2NA",
    "addr:street": "Circular Road",
    "amenity": "social_facility",
    "building": "social_care",
    "fhrs:id": "60078",
    "name": "Somme Nursing Home",
    "social_facility": "nursing_home",
    "social_facility:for": "senior",
    "source:addr": "FHRS Open Data",
    "id": "way/772515054"
  },
  "geometry": {
    "type": "Polygon",
    "coordinates": [
      [
        [
          -5.8584742,
          54.6090948
        ],
        [
          -5.8585671,
          54.6090369
        ],
        [
          -5.8585265,
          54.6090151
        ],
        [
          -5.8586094,
          54.6089634
        ],
        [
          -5.8586973,
          54.6090106
        ],
        [
          -5.8587324,
          54.6089887
        ],
        [
          -5.8588181,
          54.6090347
        ],
        [
          -5.8588358,
          54.6091883
        ],
        [
          -5.8587373,
          54.6091922
        ],
        [
          -5.8587349,
          54.6091708
        ],
        [
          -5.8587014,
          54.6091721
        ],
        [
          -5.85869,
          54.6090739
        ],
        [
          -5.8585411,
          54.6090797
        ],
        [
          -5.8585615,
          54.6092565
        ],
        [
          -5.8586946,
          54.6092513
        ],
        [
          -5.8586974,
          54.6092759
        ],
        [
          -5.8588453,
          54.6092702
        ],
        [
          -5.8590455,
          54.6092623
        ],
        [
          -5.859058,
          54.6092618
        ],
        [
          -5.859048,
          54.609175
        ],
        [
          -5.8590355,
          54.6091755
        ],
        [
          -5.8590305,
          54.6091321
        ],
        [
          -5.8589541,
          54.6091351
        ],
        [
          -5.8589526,
          54.6091221
        ],
        [
          -5.8592306,
          54.6091113
        ],
        [
          -5.859219,
          54.6090117
        ],
        [
          -5.859012,
          54.6090198
        ],
        [
          -5.8590075,
          54.6089809
        ],
        [
          -5.8589131,
          54.6089294
        ],
        [
          -5.8592215,
          54.6087401
        ],
        [
          -5.8588581,
          54.6085414
        ],
        [
          -5.8587523,
          54.6086064
        ],
        [
          -5.8586818,
          54.6085679
        ],
        [
          -5.8585493,
          54.6086492
        ],
        [
          -5.8584927,
          54.6086183
        ],
        [
          -5.858376,
          54.60869
        ],
        [
          -5.8583277,
          54.6086636
        ],
        [
          -5.8580832,
          54.6086934
        ],
        [
          -5.8581122,
          54.6087732
        ],
        [
          -5.8582794,
          54.6087529
        ],
        [
          -5.858417,
          54.6088269
        ],
        [
          -5.8583055,
          54.6088964
        ],
        [
          -5.8582571,
          54.6088703
        ],
        [
          -5.8581643,
          54.6089281
        ],
        [
          -5.8584742,
          54.6090948
        ]
      ]
    ]
  }
},
{
  "type": "Feature",
  "id": "way/772963447",
  "properties": {
    "addr:city": "Belfast",
    "addr:housenumber": "81",
    "addr:postcode": "BT4 2PD",
    "addr:street": "Tillysburn Park",
    "amenity": "social_facility",
    "building": "social_care",
    "fhrs:id": "57995",
    "name": "Belmont Care Home",
    "social_facility": "nursing_home",
    "social_facility:for": "senior",
    "source:addr": "FHRS Open Data",
    "id": "way/772963447"
  },
  "geometry": {
    "type": "Polygon",
    "coordinates": [
      [
        [
          -5.8581058,
          54.6114628
        ],
        [
          -5.8579601,
          54.6114969
        ],
        [
          -5.858014,
          54.6115741
        ],
        [
          -5.8578407,
          54.6116147
        ],
        [
          -5.8577228,
          54.6114459
        ],
        [
          -5.8575573,
          54.6114847
        ],
        [
          -5.8575847,
          54.6115239
        ],
        [
          -5.8575198,
          54.6115391
        ],
        [
          -5.8575769,
          54.6116208
        ],
        [
          -5.8576416,
          54.6116056
        ],
        [
          -5.8576772,
          54.6116566
        ],
        [
          -5.857641,
          54.611665
        ],
        [
          -5.8576858,
          54.6117291
        ],
        [
          -5.8577245,
          54.61172
        ],
        [
          -5.857753,
          54.6117609
        ],
        [
          -5.8579157,
          54.6117228
        ],
        [
          -5.8579036,
          54.6117054
        ],
        [
          -5.858223,
          54.6116306
        ],
        [
          -5.8581058,
          54.6114628
        ]
      ]
    ]
  }
},
{
  "type": "Feature",
  "id": "way/775235525",
  "properties": {
    "addr:city": "Belfast",
    "addr:housename": "McAuley House",
    "addr:housenumber": "2-14",
    "addr:postcode": "BT1 1SY",
    "addr:street": "Castle Street",
    "building": "yes",
    "name": "NI Statistics and Research Agency (NISRA)",
    "office": "government",
    "source": "Bing",
    "id": "way/775235525"
  },
  "geometry": {
    "type": "Polygon",
    "coordinates": [
      [
        [
          -5.9315061,
          54.5987082
        ],
        [
          -5.9314368,
          54.5987127
        ],
        [
          -5.9312641,
          54.5987216
        ],
        [
          -5.9312574,
          54.5988265
        ],
        [
          -5.9312597,
          54.5989174
        ],
        [
          -5.9314984,
          54.5989191
        ],
        [
          -5.9315061,
          54.5987082
        ]
      ]
    ]
  }
},
{
  "type": "Feature",
  "id": "way/776611663",
  "properties": {
    "amenity": "social_facility",
    "building": "yes",
    "name": "Fairhaven",
    "social_facility": "assisted_living",
    "social_facility:for": "senior",
    "id": "way/776611663"
  },
  "geometry": {
    "type": "Polygon",
    "coordinates": [
      [
        [
          -5.8785381,
          54.592484
        ],
        [
          -5.8786783,
          54.5924079
        ],
        [
          -5.8783773,
          54.5922217
        ],
        [
          -5.8782371,
          54.5922978
        ],
        [
          -5.8785381,
          54.592484
        ]
      ]
    ]
  }
},
{
  "type": "Feature",
  "id": "way/813774938",
  "properties": {
    "addr:street": "Springfield Road",
    "amenity": "fire_station",
    "division": "Eastern",
    "name": "Springfield Fire Station",
    "operator": "Northern Ireland Fire & Rescue Service",
    "operator:wikidata": "Q12859215",
    "website": "https://www.nifrs.org/",
    "id": "way/813774938"
  },
  "geometry": {
    "type": "Polygon",
    "coordinates": [
      [
        [
          -5.9718282,
          54.599383
        ],
        [
          -5.9719522,
          54.5993405
        ],
        [
          -5.9719797,
          54.5993311
        ],
        [
          -5.9722196,
          54.5991946
        ],
        [
          -5.9723224,
          54.599136
        ],
        [
          -5.9723398,
          54.5991261
        ],
        [
          -5.9724007,
          54.5990846
        ],
        [
          -5.9724209,
          54.5990725
        ],
        [
          -5.9725016,
          54.5990188
        ],
        [
          -5.972541,
          54.5989871
        ],
        [
          -5.9725689,
          54.5989536
        ],
        [
          -5.9725832,
          54.5989105
        ],
        [
          -5.9725468,
          54.5988634
        ],
        [
          -5.9723865,
          54.5988038
        ],
        [
          -5.9718227,
          54.5985756
        ],
        [
          -5.9717819,
          54.5985822
        ],
        [
          -5.9716531,
          54.598649
        ],
        [
          -5.9715405,
          54.5985916
        ],
        [
          -5.97131,
          54.5987304
        ],
        [
          -5.9710657,
          54.5988775
        ],
        [
          -5.971055,
          54.5989862
        ],
        [
          -5.971422,
          54.5991463
        ],
        [
          -5.9718282,
          54.599383
        ]
      ]
    ]
  }
},
{
  "type": "Feature",
  "id": "way/814145795",
  "properties": {
    "addr:city": "Belfast",
    "addr:housenumber": "8-30",
    "addr:postcode": "BT12 4AH",
    "addr:street": "Barrack Street",
    "amenity": "social_facility",
    "operator": "The Congregation of Christian Brothers of Northern Ireland",
    "operator:type": "religious",
    "social_facility": "education",
    "social_facility:for": "juvenile;child",
    "website": "http://www.westcourtcentre.org/",
    "id": "way/814145795"
  },
  "geometry": {
    "type": "Polygon",
    "coordinates": [
      [
        [
          -5.9386554,
          54.5990553
        ],
        [
          -5.9380862,
          54.5987872
        ],
        [
          -5.9374856,
          54.5992408
        ],
        [
          -5.9374167,
          54.5992438
        ],
        [
          -5.9373184,
          54.5991954
        ],
        [
          -5.9372022,
          54.5992856
        ],
        [
          -5.9372805,
          54.5993341
        ],
        [
          -5.9372387,
          54.5995033
        ],
        [
          -5.9373978,
          54.5995246
        ],
        [
          -5.9377437,
          54.5995605
        ],
        [
          -5.9378024,
          54.5995567
        ],
        [
          -5.9378938,
          54.599517
        ],
        [
          -5.9379917,
          54.5994376
        ],
        [
          -5.938119,
          54.5993979
        ],
        [
          -5.9386554,
          54.5990553
        ]
      ]
    ]
  }
},
{
  "type": "Feature",
  "id": "way/846675748",
  "properties": {
    "amenity": "community_centre",
    "building": "yes",
    "name": "Denmark Street Community Centre",
    "id": "way/846675748"
  },
  "geometry": {
    "type": "Polygon",
    "coordinates": [
      [
        [
          -5.9392566,
          54.6056862
        ],
        [
          -5.9389424,
          54.6055685
        ],
        [
          -5.9388093,
          54.6056876
        ],
        [
          -5.9390472,
          54.6057767
        ],
        [
          -5.9391106,
          54.6057199
        ],
        [
          -5.939187,
          54.6057485
        ],
        [
          -5.9392566,
          54.6056862
        ]
      ]
    ]
  }
},
{
  "type": "Feature",
  "id": "way/848333228",
  "properties": {
    "addr:city": "Belfast",
    "addr:housenumber": "94",
    "addr:street": "Ladas Drive",
    "amenity": "police",
    "name": "Ladas Drive Police Station",
    "operator": "Police Service of Northern Ireland",
    "operator:wikidata": "Q1482170",
    "id": "way/848333228"
  },
  "geometry": {
    "type": "Polygon",
    "coordinates": [
      [
        [
          -5.8958566,
          54.5794065
        ],
        [
          -5.8950287,
          54.5796205
        ],
        [
          -5.8948566,
          54.5796387
        ],
        [
          -5.8930162,
          54.5801442
        ],
        [
          -5.8933233,
          54.5803771
        ],
        [
          -5.8933088,
          54.5804963
        ],
        [
          -5.893634,
          54.5808898
        ],
        [
          -5.8939877,
          54.5811513
        ],
        [
          -5.8943984,
          54.5807152
        ],
        [
          -5.8947736,
          54.5803172
        ],
        [
          -5.8951841,
          54.5799644
        ],
        [
          -5.8958566,
          54.5794065
        ]
      ]
    ]
  }
},
{
  "type": "Feature",
  "id": "way/850431905",
  "properties": {
    "addr:city": "Belfast",
    "addr:street": "Melfort Drive",
    "amenity": "social_facility",
    "name": "Tullycarnet Community Services Ltd",
    "operator": "Tullycarnet Community Services Ltd",
    "social_facility": "outreach",
    "id": "way/850431905"
  },
  "geometry": {
    "type": "Polygon",
    "coordinates": [
      [
        [
          -5.8293939,
          54.5872084
        ],
        [
          -5.8288107,
          54.5871825
        ],
        [
          -5.8282299,
          54.5871568
        ],
        [
          -5.8275418,
          54.5881645
        ],
        [
          -5.8281444,
          54.5881983
        ],
        [
          -5.8281683,
          54.5882915
        ],
        [
          -5.8291371,
          54.5883113
        ],
        [
          -5.8292375,
          54.5880728
        ],
        [
          -5.8293939,
          54.5872084
        ]
      ]
    ]
  }
},
{
  "type": "Feature",
  "id": "way/867494627",
  "properties": {
    "amenity": "social_facility",
    "building": "yes",
    "building:levels": "2",
    "building:material": "brick",
    "name": "North Belfast Family Centre",
    "not:operator:wikidata": "Q10686",
    "operator": "Belfast City Council",
    "operator:type": "government",
    "operator:wikidata": "Q55934837",
    "roof:material": "slate",
    "social_facility": "outreach",
    "id": "way/867494627"
  },
  "geometry": {
    "type": "Polygon",
    "coordinates": [
      [
        [
          -5.9302632,
          54.6094121
        ],
        [
          -5.9301224,
          54.6095595
        ],
        [
          -5.9304199,
          54.6096549
        ],
        [
          -5.9305005,
          54.6095706
        ],
        [
          -5.9303034,
          54.6095074
        ],
        [
          -5.9303637,
          54.6094443
        ],
        [
          -5.9302632,
          54.6094121
        ]
      ]
    ]
  }
},
{
  "type": "Feature",
  "id": "way/867494647",
  "properties": {
    "amenity": "community_centre",
    "building": "yes",
    "name": "New Lodge Youth Centre",
    "id": "way/867494647"
  },
  "geometry": {
    "type": "Polygon",
    "coordinates": [
      [
        [
          -5.9317462,
          54.6123112
        ],
        [
          -5.9315882,
          54.6122557
        ],
        [
          -5.9315666,
          54.6122763
        ],
        [
          -5.9315429,
          54.6122679
        ],
        [
          -5.9314767,
          54.6123311
        ],
        [
          -5.9313894,
          54.6123005
        ],
        [
          -5.9314829,
          54.6122113
        ],
        [
          -5.9313764,
          54.6121739
        ],
        [
          -5.9311673,
          54.6123733
        ],
        [
          -5.9315427,
          54.6125053
        ],
        [
          -5.9317462,
          54.6123112
        ]
      ]
    ]
  }
},
{
  "type": "Feature",
  "id": "way/868718363",
  "properties": {
    "addr:city": "Newtownabbey",
    "addr:housename": "Abbeyfield House",
    "addr:housenumber": "1a",
    "addr:postcode": "BT37 9TF",
    "addr:street": "Merville Garden Village",
    "amenity": "social_facility",
    "building": "yes",
    "building:colour": "#d3cfd2",
    "building:levels": "2",
    "name": "Abbeyfield House",
    "operator": "Abbeyfield",
    "operator:type": "charitable",
    "operator:wikidata": "Q4664101",
    "roof:colour": "#a16b70",
    "roof:shape": "gabled",
    "social_facility": "assisted_living",
    "social_facility:for": "senior",
    "website": "https://www.abbeyfield.com/",
    "id": "way/868718363"
  },
  "geometry": {
    "type": "Polygon",
    "coordinates": [
      [
        [
          -5.9126123,
          54.6550983
        ],
        [
          -5.9125606,
          54.655129
        ],
        [
          -5.9125494,
          54.6551226
        ],
        [
          -5.9125062,
          54.6551483
        ],
        [
          -5.9125105,
          54.6551507
        ],
        [
          -5.9123896,
          54.6552224
        ],
        [
          -5.9125065,
          54.6552884
        ],
        [
          -5.9124957,
          54.6552948
        ],
        [
          -5.9125234,
          54.6553104
        ],
        [
          -5.9125352,
          54.6553034
        ],
        [
          -5.9126377,
          54.6553612
        ],
        [
          -5.9127438,
          54.6552981
        ],
        [
          -5.9126425,
          54.655241
        ],
        [
          -5.9126884,
          54.6552138
        ],
        [
          -5.9126552,
          54.6551951
        ],
        [
          -5.9127179,
          54.6551579
        ],
        [
          -5.9126123,
          54.6550983
        ]
      ]
    ]
  }
},
{
  "type": "Feature",
  "id": "way/898584342",
  "properties": {
    "addr:city": "Belfast",
    "addr:street": "Malone Place",
    "amenity": "social_facility",
    "building": "yes",
    "building:levels": "4",
    "name": "Malone Place Day Treatment Unit",
    "social_facility": "day_care",
    "social_facility:for": "drug_addicted",
    "id": "way/898584342"
  },
  "geometry": {
    "type": "Polygon",
    "coordinates": [
      [
        [
          -5.9376086,
          54.588311
        ],
        [
          -5.9376079,
          54.588302
        ],
        [
          -5.9375996,
          54.5881937
        ],
        [
          -5.9375976,
          54.5881672
        ],
        [
          -5.9375178,
          54.5881692
        ],
        [
          -5.9375198,
          54.5881957
        ],
        [
          -5.9372888,
          54.5882017
        ],
        [
          -5.9372978,
          54.5883188
        ],
        [
          -5.9373519,
          54.5883174
        ],
        [
          -5.9373513,
          54.5883106
        ],
        [
          -5.9373881,
          54.5883097
        ],
        [
          -5.9373887,
          54.5883167
        ],
        [
          -5.9374431,
          54.5883153
        ],
        [
          -5.9375934,
          54.5883114
        ],
        [
          -5.9376086,
          54.588311
        ]
      ]
    ]
  }
},
{
  "type": "Feature",
  "id": "way/942257952",
  "properties": {
    "addr:city": "Belfast",
    "addr:housenumber": "59",
    "addr:street": "Knock Road",
    "amenity": "police",
    "name": "Police Service of Northern Ireland Headquarters",
    "official_name": "Brooklyn Police Station",
    "operator": "Police Service of Northern Ireland",
    "operator:wikidata": "Q1482170",
    "id": "way/942257952"
  },
  "geometry": {
    "type": "Polygon",
    "coordinates": [
      [
        [
          -5.8604613,
          54.5895342
        ],
        [
          -5.8601336,
          54.5891178
        ],
        [
          -5.8594979,
          54.5884052
        ],
        [
          -5.8593182,
          54.5882004
        ],
        [
          -5.8585142,
          54.5873147
        ],
        [
          -5.8582059,
          54.5874539
        ],
        [
          -5.8583938,
          54.5876039
        ],
        [
          -5.8581017,
          54.5877625
        ],
        [
          -5.8589378,
          54.5884779
        ],
        [
          -5.858504,
          54.5887122
        ],
        [
          -5.8584171,
          54.5886472
        ],
        [
          -5.8568281,
          54.5894652
        ],
        [
          -5.8568884,
          54.5897038
        ],
        [
          -5.8564355,
          54.589737
        ],
        [
          -5.8564402,
          54.5897693
        ],
        [
          -5.8561229,
          54.5897849
        ],
        [
          -5.8561392,
          54.5900037
        ],
        [
          -5.8560901,
          54.5902682
        ],
        [
          -5.8560428,
          54.5904993
        ],
        [
          -5.85688,
          54.5904509
        ],
        [
          -5.857446,
          54.5903489
        ],
        [
          -5.8575717,
          54.5904063
        ],
        [
          -5.8585523,
          54.5903615
        ],
        [
          -5.8585464,
          54.5902952
        ],
        [
          -5.8594584,
          54.590224
        ],
        [
          -5.8601276,
          54.5898259
        ],
        [
          -5.8604613,
          54.5895342
        ]
      ]
    ]
  }
},
{
  "type": "Feature",
  "id": "way/942257953",
  "properties": {
    "addr:city": "Belfast",
    "addr:housenumber": "14",
    "addr:street": "Lislea Drive",
    "amenity": "police",
    "name": "Lislea Drive Police Station",
    "operator": "Police Service of Northern Ireland",
    "operator:wikidata": "Q1482170",
    "id": "way/942257953"
  },
  "geometry": {
    "type": "Polygon",
    "coordinates": [
      [
        [
          -5.9642016,
          54.5710942
        ],
        [
          -5.963195,
          54.5716576
        ],
        [
          -5.9629479,
          54.571807
        ],
        [
          -5.9620663,
          54.5723475
        ],
        [
          -5.9620858,
          54.5723575
        ],
        [
          -5.9634985,
          54.5729396
        ],
        [
          -5.9634863,
          54.5729537
        ],
        [
          -5.96508,
          54.5736136
        ],
        [
          -5.964507,
          54.5740691
        ],
        [
          -5.9645746,
          54.5740994
        ],
        [
          -5.9657789,
          54.5731626
        ],
        [
          -5.9649383,
          54.5727615
        ],
        [
          -5.9653931,
          54.5718957
        ],
        [
          -5.9642016,
          54.5710942
        ]
      ]
    ]
  }
},
{
  "type": "Feature",
  "id": "way/972594979",
  "properties": {
    "amenity": "community_centre",
    "name": "Holywood Men's Shed",
    "id": "way/972594979"
  },
  "geometry": {
    "type": "Polygon",
    "coordinates": [
      [
        [
          -5.8383109,
          54.6248872
        ],
        [
          -5.8385119,
          54.6249471
        ],
        [
          -5.8385617,
          54.6249639
        ],
        [
          -5.8387348,
          54.6247737
        ],
        [
          -5.8384804,
          54.6247042
        ],
        [
          -5.8385091,
          54.6246563
        ],
        [
          -5.8382021,
          54.624568
        ],
        [
          -5.8380039,
          54.6247989
        ],
        [
          -5.8383109,
          54.6248872
        ]
      ]
    ]
  }
},
{
  "type": "Feature",
  "id": "way/983513670",
  "properties": {
    "amenity": "social_facility",
    "building": "yes",
    "name": "Holy Rood house",
    "social_facility": "group_home",
    "social_facility:for": "senior",
    "wheelchair": "yes",
    "id": "way/983513670"
  },
  "geometry": {
    "type": "Polygon",
    "coordinates": [
      [
        [
          -5.9579976,
          54.6141468
        ],
        [
          -5.9578606,
          54.6139442
        ],
        [
          -5.9576916,
          54.6139825
        ],
        [
          -5.9577556,
          54.6140772
        ],
        [
          -5.9575801,
          54.614117
        ],
        [
          -5.9575048,
          54.6140057
        ],
        [
          -5.9572451,
          54.6140645
        ],
        [
          -5.9573204,
          54.6141759
        ],
        [
          -5.9569739,
          54.6142544
        ],
        [
          -5.9570198,
          54.6143223
        ],
        [
          -5.9570627,
          54.6143126
        ],
        [
          -5.9570897,
          54.6143526
        ],
        [
          -5.9579976,
          54.6141468
        ]
      ]
    ]
  }
},
{
  "type": "Feature",
  "id": "way/1006709990",
  "properties": {
    "addr:city": "Belfast",
    "addr:housenumber": "1",
    "addr:postcode": "BT12 7BA",
    "addr:street": "Springfield Avenue",
    "amenity": "recycling",
    "name": "Springfield Avenue Civic Amenity Site",
    "owner": "Belfast City Council",
    "ownership": "municipal",
    "recycling_type": "centre",
    "url": "https://www.belfastcity.gov.uk/civicamenitysites",
    "id": "way/1006709990"
  },
  "geometry": {
    "type": "Polygon",
    "coordinates": [
      [
        [
          -5.9616625,
          54.5965734
        ],
        [
          -5.9616194,
          54.5966529
        ],
        [
          -5.9618751,
          54.5970081
        ],
        [
          -5.9620153,
          54.5970304
        ],
        [
          -5.9620369,
          54.5969643
        ],
        [
          -5.9621586,
          54.5969358
        ],
        [
          -5.962117,
          54.5968697
        ],
        [
          -5.9619059,
          54.5967082
        ],
        [
          -5.961869,
          54.596585
        ],
        [
          -5.961832,
          54.5965324
        ],
        [
          -5.9616625,
          54.5965734
        ]
      ]
    ]
  }
},
{
  "type": "Feature",
  "id": "way/1006711067",
  "properties": {
    "addr:city": "Belfast",
    "addr:housenumber": "2",
    "addr:postcode": "BT13 1EE",
    "addr:street": "Huss Row",
    "amenity": "recycling",
    "name": "Agnes Street Civic Amenity Site",
    "not:operator:wikidata": "Q10686",
    "operator": "Belfast City Council",
    "operator:type": "government",
    "operator:wikidata": "Q55934837",
    "owner": "Belfast City Council",
    "ownership": "municipal",
    "recycling_type": "centre",
    "url": "https://www.belfastcity.gov.uk/civicamenitysites",
    "id": "way/1006711067"
  },
  "geometry": {
    "type": "Polygon",
    "coordinates": [
      [
        [
          -5.9470418,
          54.604785
        ],
        [
          -5.9473506,
          54.604792
        ],
        [
          -5.9475965,
          54.6048079
        ],
        [
          -5.9476331,
          54.6045619
        ],
        [
          -5.947071,
          54.6045343
        ],
        [
          -5.9470418,
          54.604785
        ]
      ]
    ]
  }
},
{
  "type": "Feature",
  "id": "way/1006739510",
  "properties": {
    "addr:city": "Holywood",
    "addr:postcode": "BT18 9HL",
    "addr:street": "Sullivan Close",
    "amenity": "recycling",
    "name": "Holywood Civic Amenity Site",
    "owner": "Ards and North Down Borough Council",
    "ownership": "municipal",
    "recycling_type": "centre",
    "url": "https://www.ardsandnorthdown.gov.uk/resident/bins-and-recycling/recycling-centres/hrcs-during-covid19-important-information",
    "id": "way/1006739510"
  },
  "geometry": {
    "type": "Polygon",
    "coordinates": [
      [
        [
          -5.8382503,
          54.6408191
        ],
        [
          -5.8383091,
          54.6408339
        ],
        [
          -5.8385447,
          54.6409364
        ],
        [
          -5.8384875,
          54.6409764
        ],
        [
          -5.8385557,
          54.6410065
        ],
        [
          -5.8387402,
          54.6409049
        ],
        [
          -5.838919,
          54.6407602
        ],
        [
          -5.8384251,
          54.6405755
        ],
        [
          -5.8382503,
          54.6408191
        ]
      ]
    ]
  }
},
{
  "type": "Feature",
  "id": "way/1022307836",
  "properties": {
    "addr:city": "Belfast",
    "addr:housenumber": "80",
    "addr:postcode": "BT9 5BU",
    "addr:street": "Malone Road",
    "amenity": "social_facility",
    "building": "yes",
    "building:colour": "#d2ac87",
    "building:levels": "1",
    "building:material": "brick",
    "roof:material": "roof_tiles",
    "roof:shape": "hipped",
    "social_facility": "assisted_living",
    "social_facility:for": "disabled",
    "id": "way/1022307836"
  },
  "geometry": {
    "type": "Polygon",
    "coordinates": [
      [
        [
          -5.9429759,
          54.5759871
        ],
        [
          -5.9428552,
          54.5760616
        ],
        [
          -5.9431048,
          54.5761973
        ],
        [
          -5.9430888,
          54.5762072
        ],
        [
          -5.9432312,
          54.5762847
        ],
        [
          -5.9432896,
          54.5762486
        ],
        [
          -5.9433565,
          54.576285
        ],
        [
          -5.9434348,
          54.5762366
        ],
        [
          -5.9433684,
          54.5762005
        ],
        [
          -5.9433972,
          54.5761827
        ],
        [
          -5.9432601,
          54.5761082
        ],
        [
          -5.9432298,
          54.5761269
        ],
        [
          -5.9431556,
          54.5760865
        ],
        [
          -5.9431719,
          54.5760764
        ],
        [
          -5.943202,
          54.5760579
        ],
        [
          -5.9432121,
          54.5760516
        ],
        [
          -5.9431741,
          54.5760309
        ],
        [
          -5.943164,
          54.5760372
        ],
        [
          -5.9431339,
          54.5760558
        ],
        [
          -5.9431191,
          54.5760649
        ],
        [
          -5.9429759,
          54.5759871
        ]
      ]
    ]
  }
},
{
  "type": "Feature",
  "id": "way/1029886851",
  "properties": {
    "addr:city": "Newtownabbey",
    "addr:postcode": "BT36 7EN",
    "addr:street": "Longlands Road",
    "amenity": "grave_yard",
    "denomination": "roman_catholic",
    "name": "Our Lady's Acre",
    "religion": "christian",
    "website": "https://www.loughshoreparishes.org/parish-grave-yards/",
    "id": "way/1029886851"
  },
  "geometry": {
    "type": "Polygon",
    "coordinates": [
      [
        [
          -5.9272976,
          54.6551443
        ],
        [
          -5.9278158,
          54.6551682
        ],
        [
          -5.9278245,
          54.6551698
        ],
        [
          -5.9280589,
          54.6551751
        ],
        [
          -5.9283308,
          54.6551734
        ],
        [
          -5.9283793,
          54.6545951
        ],
        [
          -5.9273646,
          54.6545862
        ],
        [
          -5.9273371,
          54.6548114
        ],
        [
          -5.9273355,
          54.6548242
        ],
        [
          -5.9273348,
          54.6548299
        ],
        [
          -5.9273167,
          54.654978
        ],
        [
          -5.9272976,
          54.6551443
        ]
      ]
    ]
  }
},
{
  "type": "Feature",
  "id": "way/1033795626",
  "properties": {
    "amenity": "recycling",
    "name": "Springfield Road Civic Amenity Site",
    "operator": "Belfast City Council",
    "operator:type": "public",
    "recycling_type": "centre",
    "id": "way/1033795626"
  },
  "geometry": {
    "type": "Polygon",
    "coordinates": [
      [
        [
          -5.9600567,
          54.5986073
        ],
        [
          -5.9603591,
          54.5985092
        ],
        [
          -5.9599847,
          54.5981244
        ],
        [
          -5.9596849,
          54.5982016
        ],
        [
          -5.9600567,
          54.5986073
        ]
      ]
    ]
  }
},
{
  "type": "Feature",
  "id": "way/1035601176",
  "properties": {
    "addr:street": "Hannahstown Hill",
    "amenity": "grave_yard",
    "religion": "christian",
    "id": "way/1035601176"
  },
  "geometry": {
    "type": "Polygon",
    "coordinates": [
      [
        [
          -6.0301405,
          54.5828642
        ],
        [
          -6.0301987,
          54.5828367
        ],
        [
          -6.0297786,
          54.5822552
        ],
        [
          -6.0296035,
          54.5822904
        ],
        [
          -6.0294984,
          54.5821727
        ],
        [
          -6.0296759,
          54.582082
        ],
        [
          -6.0294353,
          54.5817938
        ],
        [
          -6.02891,
          54.5819846
        ],
        [
          -6.0288236,
          54.5820306
        ],
        [
          -6.0286811,
          54.5821226
        ],
        [
          -6.0285527,
          54.5821808
        ],
        [
          -6.0284103,
          54.5822187
        ],
        [
          -6.0283122,
          54.582128
        ],
        [
          -6.0282188,
          54.5821402
        ],
        [
          -6.0281558,
          54.5821186
        ],
        [
          -6.0281184,
          54.582059
        ],
        [
          -6.0280367,
          54.5820198
        ],
        [
          -6.027997,
          54.5819575
        ],
        [
          -6.0280227,
          54.5819075
        ],
        [
          -6.0283075,
          54.581856
        ],
        [
          -6.0281044,
          54.5818222
        ],
        [
          -6.0278149,
          54.5817424
        ],
        [
          -6.0276164,
          54.5816666
        ],
        [
          -6.0272942,
          54.5815935
        ],
        [
          -6.0270942,
          54.5815398
        ],
        [
          -6.0267548,
          54.5814487
        ],
        [
          -6.026568,
          54.5813892
        ],
        [
          -6.0262341,
          54.5814392
        ],
        [
          -6.0260426,
          54.5816016
        ],
        [
          -6.02615,
          54.5816449
        ],
        [
          -6.0262247,
          54.5816328
        ],
        [
          -6.0264933,
          54.5817397
        ],
        [
          -6.0267875,
          54.581806
        ],
        [
          -6.0267735,
          54.5818344
        ],
        [
          -6.0271027,
          54.5819102
        ],
        [
          -6.0271517,
          54.581944
        ],
        [
          -6.0273245,
          54.581986
        ],
        [
          -6.0273058,
          54.5820252
        ],
        [
          -6.0277028,
          54.5822174
        ],
        [
          -6.0277215,
          54.582285
        ],
        [
          -6.0282352,
          54.5825272
        ],
        [
          -6.0293957,
          54.5830523
        ],
        [
          -6.0301405,
          54.5828642
        ]
      ]
    ]
  }
},
{
  "type": "Feature",
  "id": "way/1039000519",
  "properties": {
    "amenity": "grave_yard",
    "denomination": "presbyterian",
    "religion": "christian",
    "id": "way/1039000519"
  },
  "geometry": {
    "type": "Polygon",
    "coordinates": [
      [
        [
          -5.8749215,
          54.5661935
        ],
        [
          -5.8751901,
          54.5668428
        ],
        [
          -5.8752212,
          54.5670418
        ],
        [
          -5.8760009,
          54.5670034
        ],
        [
          -5.8760296,
          54.5671507
        ],
        [
          -5.8756838,
          54.5672377
        ],
        [
          -5.8757583,
          54.5673432
        ],
        [
          -5.8763649,
          54.5671538
        ],
        [
          -5.8756175,
          54.5661068
        ],
        [
          -5.8749215,
          54.5661935
        ]
      ]
    ]
  }
},
{
  "type": "Feature",
  "id": "way/1040358381",
  "properties": {
    "amenity": "community_centre",
    "building": "yes",
    "community_centre": "community_hall",
    "name": "Duncairn Community Centre",
    "id": "way/1040358381"
  },
  "geometry": {
    "type": "Polygon",
    "coordinates": [
      [
        [
          -5.9313661,
          54.6146174
        ],
        [
          -5.9311559,
          54.6145486
        ],
        [
          -5.9310542,
          54.6146526
        ],
        [
          -5.9311468,
          54.614683
        ],
        [
          -5.9311081,
          54.6147226
        ],
        [
          -5.9310278,
          54.6146963
        ],
        [
          -5.930948,
          54.614778
        ],
        [
          -5.9311972,
          54.6148596
        ],
        [
          -5.9312759,
          54.6147789
        ],
        [
          -5.9313085,
          54.6147896
        ],
        [
          -5.9314015,
          54.6146943
        ],
        [
          -5.9313661,
          54.6146174
        ]
      ]
    ]
  }
},
{
  "type": "Feature",
  "id": "way/1062877663",
  "properties": {
    "addr:city": "Belfast",
    "addr:housenumber": "320",
    "addr:postcode": "BT9 1SZ",
    "addr:street": "Lisburn Road",
    "amenity": "fire_station",
    "name": "Cadogan Fire Station",
    "operator": "Northern Ireland Fire & Rescue Service",
    "operator:wikidata": "Q12859215",
    "website": "https://www.nifrs.org/",
    "id": "way/1062877663"
  },
  "geometry": {
    "type": "Polygon",
    "coordinates": [
      [
        [
          -5.9533717,
          54.5767063
        ],
        [
          -5.9534165,
          54.5767011
        ],
        [
          -5.9534622,
          54.5766676
        ],
        [
          -5.9535858,
          54.5765768
        ],
        [
          -5.9536626,
          54.5765205
        ],
        [
          -5.9536831,
          54.5765055
        ],
        [
          -5.9537124,
          54.576484
        ],
        [
          -5.9532484,
          54.5762757
        ],
        [
          -5.9528538,
          54.5766045
        ],
        [
          -5.9529192,
          54.5766193
        ],
        [
          -5.9529406,
          54.5766234
        ],
        [
          -5.952996,
          54.5766341
        ],
        [
          -5.9533717,
          54.5767063
        ]
      ]
    ]
  }
},
{
  "type": "Feature",
  "id": "way/1077843558",
  "properties": {
    "addr:city": "Belfast",
    "addr:postcode": "BT12 7HG",
    "addr:street": "Moyard Parade",
    "amenity": "community_centre",
    "building": "yes",
    "community_centre": "youth_centre",
    "name": "Matt Talbot Youth Club",
    "operator": "Education Authority",
    "operator:type": "public",
    "phone": "+44 28 9023 0242",
    "id": "way/1077843558"
  },
  "geometry": {
    "type": "Polygon",
    "coordinates": [
      [
        [
          -5.9848202,
          54.5980769
        ],
        [
          -5.9849619,
          54.5980425
        ],
        [
          -5.9849377,
          54.5980091
        ],
        [
          -5.9849917,
          54.597996
        ],
        [
          -5.9850202,
          54.597914
        ],
        [
          -5.9849652,
          54.5978403
        ],
        [
          -5.9846977,
          54.5979077
        ],
        [
          -5.9848202,
          54.5980769
        ]
      ]
    ]
  }
},
{
  "type": "Feature",
  "id": "way/1080581056",
  "properties": {
    "addr:city": "Belfast",
    "addr:housenumber": "20",
    "addr:postcode": "BT11 8GD",
    "addr:street": "Fruithill Park",
    "amenity": "social_facility",
    "name": "Fruithill Nursing Home",
    "social_facility": "group_home",
    "social_facility:for": "senior",
    "website": "https://fruithill.com/",
    "year_of_construction": "1992",
    "id": "way/1080581056"
  },
  "geometry": {
    "type": "Polygon",
    "coordinates": [
      [
        [
          -5.9840601,
          54.5779585
        ],
        [
          -5.9844761,
          54.5776435
        ],
        [
          -5.9838688,
          54.577364
        ],
        [
          -5.9834528,
          54.5776805
        ],
        [
          -5.9840601,
          54.5779585
        ]
      ]
    ]
  }
},
{
  "type": "Feature",
  "id": "way/1081145689",
  "properties": {
    "amenity": "social_facility",
    "name": "Fruithill Fold",
    "operator": "Radius Housing Association",
    "operator:short": "Radius Housing",
    "operator:website": "https://www.radiushousing.org/",
    "social_facility": "group_home",
    "social_facility:for": "senior",
    "id": "way/1081145689"
  },
  "geometry": {
    "type": "Polygon",
    "coordinates": [
      [
        [
          -5.9824704,
          54.5756865
        ],
        [
          -5.9826362,
          54.5757915
        ],
        [
          -5.9827536,
          54.5758351
        ],
        [
          -5.9831121,
          54.5761206
        ],
        [
          -5.9836659,
          54.5759106
        ],
        [
          -5.9833673,
          54.5756443
        ],
        [
          -5.9833214,
          54.5756355
        ],
        [
          -5.9828506,
          54.5754343
        ],
        [
          -5.9824704,
          54.5756865
        ]
      ]
    ]
  }
},
{
  "type": "Feature",
  "id": "way/1081145694",
  "properties": {
    "amenity": "social_facility",
    "name": "Tearmann Fold",
    "operator": "Radius Housing Association",
    "operator:short": "Radius Housing",
    "operator:website": "https://www.radiushousing.org/",
    "social_facility": "group_home",
    "social_facility:for": "senior",
    "id": "way/1081145694"
  },
  "geometry": {
    "type": "Polygon",
    "coordinates": [
      [
        [
          -5.9812882,
          54.5764731
        ],
        [
          -5.9819836,
          54.5768214
        ],
        [
          -5.9823319,
          54.5765411
        ],
        [
          -5.9816123,
          54.5762585
        ],
        [
          -5.9815276,
          54.5763178
        ],
        [
          -5.9812882,
          54.5764731
        ]
      ]
    ]
  }
},
{
  "type": "Feature",
  "id": "way/1081700490",
  "properties": {
    "addr:city": "Belfast",
    "addr:postcode": "BT11 9JP",
    "addr:street": "Stewartstown Road",
    "amenity": "library",
    "building": "yes",
    "internet_access": "wlan",
    "internet_access:fee": "customers",
    "name": "Suffolk LIbrary",
    "operator": "Northern Ireland Library Authority",
    "operator:type": "public",
    "operator:wikidata": "Q50693680",
    "phone": "+44 28 9050 9235",
    "website": "https://www.librariesni.org.uk/libraries/greater-belfast/suffolk-library/",
    "id": "way/1081700490"
  },
  "geometry": {
    "type": "Polygon",
    "coordinates": [
      [
        [
          -6.0072897,
          54.5692516
        ],
        [
          -6.0075053,
          54.5690962
        ],
        [
          -6.0072478,
          54.5689762
        ],
        [
          -6.0070323,
          54.5691315
        ],
        [
          -6.0072897,
          54.5692516
        ]
      ]
    ]
  }
},
{
  "type": "Feature",
  "id": "way/1157010059",
  "properties": {
    "addr:city": "Belfast",
    "addr:street": "Whitla Street",
    "amenity": "fire_station",
    "name": "Whitla Fire Station & District Headquaters",
    "operator": "Northern Ireland Fire & Rescue Service",
    "operator:website": "https://www.nifrs.org/",
    "operator:wikidata": "Q12859215",
    "id": "way/1157010059"
  },
  "geometry": {
    "type": "Polygon",
    "coordinates": [
      [
        [
          -5.9197078,
          54.6100607
        ],
        [
          -5.919379,
          54.6105141
        ],
        [
          -5.9193495,
          54.6105653
        ],
        [
          -5.9193548,
          54.6106275
        ],
        [
          -5.9193876,
          54.6106654
        ],
        [
          -5.9193924,
          54.610671
        ],
        [
          -5.9194702,
          54.6107051
        ],
        [
          -5.9196545,
          54.6107616
        ],
        [
          -5.9199259,
          54.6108449
        ],
        [
          -5.9199605,
          54.6108555
        ],
        [
          -5.9199791,
          54.6108612
        ],
        [
          -5.9200194,
          54.6108731
        ],
        [
          -5.9202028,
          54.6109269
        ],
        [
          -5.920303,
          54.6108143
        ],
        [
          -5.9203123,
          54.6108038
        ],
        [
          -5.920724,
          54.6103447
        ],
        [
          -5.9206422,
          54.6103267
        ],
        [
          -5.9201085,
          54.6101739
        ],
        [
          -5.9200292,
          54.6101515
        ],
        [
          -5.919981,
          54.6101379
        ],
        [
          -5.9197078,
          54.6100607
        ]
      ]
    ]
  }
},
{
  "type": "Feature",
  "id": "way/1168781442",
  "properties": {
    "addr:housenumber": "36",
    "addr:street": "Castlereagh Place",
    "amenity": "social_facility",
    "building": "retail",
    "name": "Lagan Village Rangers Supporters Club",
    "id": "way/1168781442"
  },
  "geometry": {
    "type": "Polygon",
    "coordinates": [
      [
        [
          -5.9044506,
          54.5932696
        ],
        [
          -5.9042434,
          54.5931881
        ],
        [
          -5.904148,
          54.5932695
        ],
        [
          -5.9041883,
          54.5932854
        ],
        [
          -5.9041487,
          54.5933192
        ],
        [
          -5.9042128,
          54.5933445
        ],
        [
          -5.9043181,
          54.5933827
        ],
        [
          -5.9044506,
          54.5932696
        ]
      ]
    ]
  }
},
{
  "type": "Feature",
  "id": "way/1175970647",
  "properties": {
    "addr:city": "Belfast",
    "addr:housenumber": "358",
    "addr:postcode": "BT6 9DQ",
    "addr:street": "Woodstock Road",
    "amenity": "library",
    "building": "civic",
    "internet_access": "yes",
    "name": "Woodstock Library",
    "operator": "Northern Ireland Library Authority",
    "operator:type": "public",
    "operator:wikidata": "Q50693680",
    "website": "https://www.librariesni.org.uk/libraries/greater-belfast/woodstock-library/",
    "id": "way/1175970647"
  },
  "geometry": {
    "type": "Polygon",
    "coordinates": [
      [
        [
          -5.9004213,
          54.5883311
        ],
        [
          -5.9006292,
          54.5882663
        ],
        [
          -5.9006373,
          54.5882482
        ],
        [
          -5.9006453,
          54.5882301
        ],
        [
          -5.9006017,
          54.5881726
        ],
        [
          -5.9004964,
          54.5882062
        ],
        [
          -5.9004287,
          54.5882278
        ],
        [
          -5.9004092,
          54.5882053
        ],
        [
          -5.9003261,
          54.5882328
        ],
        [
          -5.9003551,
          54.5882723
        ],
        [
          -5.9004213,
          54.5883311
        ]
      ]
    ]
  }
},
{
  "type": "Feature",
  "id": "way/1182645068",
  "properties": {
    "addr:city": "Belfast",
    "addr:housenumber": "4",
    "addr:postcode": "BT12 7RJ",
    "addr:street": "Whiterock Close",
    "amenity": "community_centre",
    "building": "yes",
    "name": "Glór na Móna",
    "website": "https://www.glornamona.com/",
    "id": "way/1182645068"
  },
  "geometry": {
    "type": "Polygon",
    "coordinates": [
      [
        [
          -5.9846602,
          54.5921763
        ],
        [
          -5.9846351,
          54.592068
        ],
        [
          -5.9846978,
          54.5919372
        ],
        [
          -5.9845807,
          54.5919138
        ],
        [
          -5.984525,
          54.5920277
        ],
        [
          -5.9844957,
          54.5920252
        ],
        [
          -5.9844845,
          54.5920487
        ],
        [
          -5.9844943,
          54.5920874
        ],
        [
          -5.9845208,
          54.5920842
        ],
        [
          -5.9845487,
          54.5921868
        ],
        [
          -5.9846602,
          54.5921763
        ]
      ]
    ]
  }
},
{
  "type": "Feature",
  "id": "way/1182761977",
  "properties": {
    "addr:city": "Belfast",
    "addr:postcode": "BT6 9HT",
    "addr:street": "Dill Road",
    "building": "yes",
    "government": "transportation",
    "name": "Dill Road Driving Test Centre",
    "office": "government",
    "operator": "DVA",
    "website": "https://www.nidirect.gov.uk/articles/driving-and-vehicle-test-centres",
    "id": "way/1182761977"
  },
  "geometry": {
    "type": "Polygon",
    "coordinates": [
      [
        [
          -5.889374,
          54.5791098
        ],
        [
          -5.8893377,
          54.5789894
        ],
        [
          -5.8891073,
          54.5790127
        ],
        [
          -5.8891259,
          54.5790745
        ],
        [
          -5.8891591,
          54.5790711
        ],
        [
          -5.8891767,
          54.5791297
        ],
        [
          -5.889374,
          54.5791098
        ]
      ]
    ]
  }
},
{
  "type": "Feature",
  "id": "way/1182836726",
  "properties": {
    "amenity": "social_facility",
    "name": "Glenowen Court",
    "operator": "Radius Housing Association",
    "operator:short": "Radius Housing",
    "operator:website": "https://www.radiushousing.org/",
    "social_facility": "group_home",
    "social_facility:for": "senior",
    "id": "way/1182836726"
  },
  "geometry": {
    "type": "Polygon",
    "coordinates": [
      [
        [
          -5.994836,
          54.5737581
        ],
        [
          -5.9948173,
          54.5740446
        ],
        [
          -5.9953897,
          54.5741033
        ],
        [
          -5.9954505,
          54.5741033
        ],
        [
          -5.9954726,
          54.5740862
        ],
        [
          -5.9954929,
          54.5740265
        ],
        [
          -5.9955223,
          54.5739453
        ],
        [
          -5.9955665,
          54.5738567
        ],
        [
          -5.9956752,
          54.5737671
        ],
        [
          -5.995189,
          54.573719
        ],
        [
          -5.994836,
          54.5737581
        ]
      ]
    ]
  }
},
{
  "type": "Feature",
  "id": "way/1184885972",
  "properties": {
    "addr:city": "Belfast",
    "addr:street": "Ranelagh Street",
    "amenity": "social_facility",
    "building": "yes",
    "building:levels": "2",
    "building:material": "brick",
    "name": "Ellis Court",
    "roof:material": "roof_tiles",
    "roof:shape": "hipped",
    "social_facility": "group_home",
    "social_facility:for": "senior",
    "id": "way/1184885972"
  },
  "geometry": {
    "type": "Polygon",
    "coordinates": [
      [
        [
          -5.903534,
          54.5857659
        ],
        [
          -5.9036078,
          54.585734
        ],
        [
          -5.9035662,
          54.5856913
        ],
        [
          -5.9036252,
          54.5856602
        ],
        [
          -5.903585,
          54.5856244
        ],
        [
          -5.9036346,
          54.5856003
        ],
        [
          -5.9036024,
          54.5855545
        ],
        [
          -5.9036574,
          54.5855265
        ],
        [
          -5.9036185,
          54.5854892
        ],
        [
          -5.9036802,
          54.5854612
        ],
        [
          -5.9036306,
          54.5854231
        ],
        [
          -5.9036359,
          54.5853971
        ],
        [
          -5.9037164,
          54.5854045
        ],
        [
          -5.9037499,
          54.585291
        ],
        [
          -5.9038156,
          54.585263
        ],
        [
          -5.9037727,
          54.5852187
        ],
        [
          -5.9038304,
          54.5851962
        ],
        [
          -5.9037888,
          54.5851519
        ],
        [
          -5.9038518,
          54.5851263
        ],
        [
          -5.9038103,
          54.5850897
        ],
        [
          -5.9038197,
          54.5850688
        ],
        [
          -5.9036547,
          54.585054
        ],
        [
          -5.9036118,
          54.5850726
        ],
        [
          -5.9035394,
          54.5851084
        ],
        [
          -5.903593,
          54.5851457
        ],
        [
          -5.9035166,
          54.5851799
        ],
        [
          -5.9035675,
          54.5852187
        ],
        [
          -5.9035005,
          54.5852389
        ],
        [
          -5.9035058,
          54.5852553
        ],
        [
          -5.9034918,
          54.5853167
        ],
        [
          -5.903477,
          54.585375
        ],
        [
          -5.9033918,
          54.5854084
        ],
        [
          -5.9034428,
          54.5854519
        ],
        [
          -5.9033811,
          54.5854791
        ],
        [
          -5.9034254,
          54.5855172
        ],
        [
          -5.9033637,
          54.5855467
        ],
        [
          -5.9034039,
          54.5855863
        ],
        [
          -5.9033436,
          54.5856151
        ],
        [
          -5.9033865,
          54.585654
        ],
        [
          -5.9033301,
          54.5856796
        ],
        [
          -5.9033744,
          54.5857208
        ],
        [
          -5.903365,
          54.5857534
        ],
        [
          -5.903534,
          54.5857659
        ]
      ]
    ]
  }
},
{
  "type": "Feature",
  "id": "way/1205891633",
  "properties": {
    "addr:city": "Holywood",
    "addr:housename": "Sullivan Building",
    "addr:housenumber": "86–88",
    "addr:postcode": "BT18 9AE",
    "addr:street": "High Street",
    "amenity": "library",
    "building": "yes",
    "email": "holywood.library@librariesni.org.uk",
    "internet_access": "yes",
    "name": "Holywood Library",
    "operator": "Northern Ireland Library Authority",
    "operator:type": "public",
    "operator:wikidata": "Q50693680",
    "website": "https://www.librariesni.org.uk/libraries/county-down/holywood-library/",
    "id": "way/1205891633"
  },
  "geometry": {
    "type": "Polygon",
    "coordinates": [
      [
        [
          -5.836012,
          54.6401536
        ],
        [
          -5.8359311,
          54.640207
        ],
        [
          -5.8360844,
          54.6402847
        ],
        [
          -5.8359295,
          54.640387
        ],
        [
          -5.8359762,
          54.6404107
        ],
        [
          -5.8359458,
          54.6404308
        ],
        [
          -5.8357648,
          54.6403391
        ],
        [
          -5.8357301,
          54.640362
        ],
        [
          -5.8357922,
          54.6403934
        ],
        [
          -5.8357627,
          54.6404129
        ],
        [
          -5.8360408,
          54.6405539
        ],
        [
          -5.8360842,
          54.6405252
        ],
        [
          -5.8360957,
          54.640531
        ],
        [
          -5.8361469,
          54.6404972
        ],
        [
          -5.8360951,
          54.640471
        ],
        [
          -5.8361178,
          54.640456
        ],
        [
          -5.8362915,
          54.6403412
        ],
        [
          -5.8362223,
          54.6403061
        ],
        [
          -5.8362616,
          54.6402801
        ],
        [
          -5.836012,
          54.6401536
        ]
      ]
    ]
  }
},
{
  "type": "Feature",
  "id": "way/1206729677",
  "properties": {
    "addr:city": "Belfast",
    "addr:housenumber": "446–450",
    "addr:postcode": "BT14 7GH",
    "addr:street": "Crumlin Road",
    "amenity": "library",
    "building": "yes",
    "internet_access": "yes",
    "name": "Ardoyne Library",
    "operator": "Northern Ireland Library Authority",
    "operator:type": "public",
    "operator:wikidata": "Q50693680",
    "website": "https://www.librariesni.org.uk/libraries/greater-belfast/ardoyne-library/",
    "id": "way/1206729677"
  },
  "geometry": {
    "type": "Polygon",
    "coordinates": [
      [
        [
          -5.9656155,
          54.6140611
        ],
        [
          -5.96584,
          54.6142032
        ],
        [
          -5.966065,
          54.6140839
        ],
        [
          -5.9658405,
          54.6139419
        ],
        [
          -5.9656155,
          54.6140611
        ]
      ]
    ]
  }
},
{
  "type": "Feature",
  "id": "way/1206809236",
  "properties": {
    "addr:city": "Belfast",
    "addr:housenumber": "109",
    "addr:postcode": "BT15 5EB",
    "addr:street": "Salisbury Avenue",
    "amenity": "library",
    "building": "yes",
    "internet_access": "yes",
    "name": "Chichester Library",
    "operator": "Northern Ireland Library Authority",
    "operator:type": "public",
    "operator:wikidata": "Q50693680",
    "website": "https://www.librariesni.org.uk/libraries/greater-belfast/chichester-library/",
    "id": "way/1206809236"
  },
  "geometry": {
    "type": "Polygon",
    "coordinates": [
      [
        [
          -5.9415581,
          54.6300714
        ],
        [
          -5.941585,
          54.6300036
        ],
        [
          -5.9414627,
          54.6299874
        ],
        [
          -5.9413128,
          54.6299636
        ],
        [
          -5.9412011,
          54.6302734
        ],
        [
          -5.9414011,
          54.6303248
        ],
        [
          -5.9414153,
          54.6302969
        ],
        [
          -5.9414638,
          54.6303026
        ],
        [
          -5.941507,
          54.6301969
        ],
        [
          -5.941448,
          54.6301869
        ],
        [
          -5.9414661,
          54.6301302
        ],
        [
          -5.9414885,
          54.6300604
        ],
        [
          -5.9415581,
          54.6300714
        ]
      ]
    ]
  }
},
{
  "type": "Feature",
  "id": "way/1206920336",
  "properties": {
    "addr:city": "Belfast",
    "addr:housenumber": "440",
    "addr:postcode": "BT9 6GR",
    "addr:street": "Lisburn Road",
    "amenity": "library",
    "building": "yes",
    "internet_access": "yes",
    "name": "Lisburn Road Library",
    "operator": "Northern Ireland Library Authority",
    "operator:type": "public",
    "operator:wikidata": "Q50693680",
    "website": "https://www.librariesni.org.uk/libraries/greater-belfast/lisburn-road-library/",
    "id": "way/1206920336"
  },
  "geometry": {
    "type": "Polygon",
    "coordinates": [
      [
        [
          -5.9617658,
          54.5705949
        ],
        [
          -5.9618881,
          54.5706544
        ],
        [
          -5.9620906,
          54.5705143
        ],
        [
          -5.9622211,
          54.5705778
        ],
        [
          -5.9622949,
          54.5705268
        ],
        [
          -5.9623687,
          54.5704757
        ],
        [
          -5.962246,
          54.5704161
        ],
        [
          -5.9622176,
          54.5704358
        ],
        [
          -5.9621742,
          54.5704147
        ],
        [
          -5.9620691,
          54.5704875
        ],
        [
          -5.9620289,
          54.570468
        ],
        [
          -5.9618748,
          54.5705746
        ],
        [
          -5.961828,
          54.5705519
        ],
        [
          -5.9617658,
          54.5705949
        ]
      ]
    ]
  }
},
{
  "type": "Feature",
  "id": "way/1206949938",
  "properties": {
    "addr:city": "Belfast",
    "addr:postcode": "BT8 7HL",
    "addr:street": "Saintfield Road",
    "amenity": "library",
    "building": "yes",
    "internet_access": "yes",
    "name": "Newtonbreda Library",
    "operator": "Northern Ireland Library Authority",
    "operator:type": "public",
    "operator:wikidata": "Q50693680",
    "website": "https://www.librariesni.org.uk/libraries/greater-belfast/newtownbreda-library/",
    "id": "way/1206949938"
  },
  "geometry": {
    "type": "Polygon",
    "coordinates": [
      [
        [
          -5.9095431,
          54.5587547
        ],
        [
          -5.9094838,
          54.5588556
        ],
        [
          -5.9094793,
          54.5588632
        ],
        [
          -5.9096324,
          54.5589035
        ],
        [
          -5.9096352,
          54.5589199
        ],
        [
          -5.9096662,
          54.5589157
        ],
        [
          -5.9096976,
          54.5589059
        ],
        [
          -5.9097359,
          54.5589125
        ],
        [
          -5.9096863,
          54.5589865
        ],
        [
          -5.9099471,
          54.5590383
        ],
        [
          -5.9100306,
          54.5589084
        ],
        [
          -5.9100407,
          54.5588928
        ],
        [
          -5.9097288,
          54.5588319
        ],
        [
          -5.9097458,
          54.5588032
        ],
        [
          -5.9095431,
          54.5587547
        ]
      ]
    ]
  }
},
{
  "type": "Feature",
  "id": "way/1206950900",
  "properties": {
    "addr:city": "Belfast",
    "addr:housenumber": "53-57",
    "addr:postcode": "BT8 7HL",
    "addr:street": "Saintfield Road",
    "amenity": "social_facility",
    "building": "yes",
    "building:levels": "2",
    "healthcare": "centre",
    "name": "Mount Oriel Day Centre",
    "operator": "Belfast Health and Social Care Trust",
    "operator:short": "BHSCT",
    "operator:wikidata": "Q4882291",
    "social_facility": "day_care",
    "social_facility:for": "senior;disabled",
    "website": "https://belfasttrust.hscni.net/about/facilities/day-centres/mount-oriel-day-centre/",
    "wikimedia_commons": "File:The Mount Oriel Day Care Centre, Knockbreda - geograph.org.uk - 2819897.jpg",
    "id": "way/1206950900"
  },
  "geometry": {
    "type": "Polygon",
    "coordinates": [
      [
        [
          -5.9096863,
          54.5589865
        ],
        [
          -5.9096504,
          54.5589778
        ],
        [
          -5.9096136,
          54.5589688
        ],
        [
          -5.9095676,
          54.5590414
        ],
        [
          -5.9096064,
          54.5590496
        ],
        [
          -5.9099842,
          54.5591295
        ],
        [
          -5.9100396,
          54.5590304
        ],
        [
          -5.9101536,
          54.5590515
        ],
        [
          -5.9101061,
          54.559124
        ],
        [
          -5.910198,
          54.5591424
        ],
        [
          -5.9102209,
          54.5591054
        ],
        [
          -5.9104077,
          54.5591443
        ],
        [
          -5.9105309,
          54.559034
        ],
        [
          -5.9102955,
          54.558985
        ],
        [
          -5.9103089,
          54.5589633
        ],
        [
          -5.910122,
          54.5589183
        ],
        [
          -5.9101077,
          54.5589293
        ],
        [
          -5.9100306,
          54.5589084
        ],
        [
          -5.9099471,
          54.5590383
        ],
        [
          -5.9096863,
          54.5589865
        ]
      ]
    ]
  }
},
{
  "type": "Feature",
  "id": "way/1207260740",
  "properties": {
    "addr:city": "Belfast",
    "addr:street": "Cregagh Park",
    "amenity": "community_centre",
    "anglican": "Church of Ireland",
    "building": "commercial",
    "community_centre": "community_hall",
    "denomination": "anglican",
    "name": "St Finnians Community Hall",
    "religion": "christian",
    "id": "way/1207260740"
  },
  "geometry": {
    "type": "Polygon",
    "coordinates": [
      [
        [
          -5.8906555,
          54.5709047
        ],
        [
          -5.8906152,
          54.5707612
        ],
        [
          -5.8905394,
          54.5707684
        ],
        [
          -5.8905215,
          54.5707045
        ],
        [
          -5.890547,
          54.5707021
        ],
        [
          -5.8905368,
          54.5706654
        ],
        [
          -5.8905094,
          54.570668
        ],
        [
          -5.8904699,
          54.5705272
        ],
        [
          -5.8904392,
          54.5705301
        ],
        [
          -5.8904326,
          54.5705067
        ],
        [
          -5.8903149,
          54.5705178
        ],
        [
          -5.8903268,
          54.57056
        ],
        [
          -5.8902953,
          54.5705629
        ],
        [
          -5.8903486,
          54.5707526
        ],
        [
          -5.8903784,
          54.5707497
        ],
        [
          -5.8903878,
          54.5707835
        ],
        [
          -5.890369,
          54.5707852
        ],
        [
          -5.8903846,
          54.5708411
        ],
        [
          -5.890341,
          54.5708452
        ],
        [
          -5.8903668,
          54.570937
        ],
        [
          -5.8906569,
          54.5709096
        ],
        [
          -5.8906555,
          54.5709047
        ]
      ]
    ]
  }
},
{
  "type": "Feature",
  "id": "way/1237268020",
  "properties": {
    "amenity": "social_facility",
    "building": "yes",
    "name": "Morning Star House",
    "social_facility": "shelter",
    "social_facility:for": "homeless",
    "id": "way/1237268020"
  },
  "geometry": {
    "type": "Polygon",
    "coordinates": [
      [
        [
          -5.9369423,
          54.5994456
        ],
        [
          -5.9369939,
          54.5993035
        ],
        [
          -5.9368477,
          54.5992868
        ],
        [
          -5.9368336,
          54.5993369
        ],
        [
          -5.9365647,
          54.5993151
        ],
        [
          -5.9365346,
          54.5992837
        ],
        [
          -5.9365781,
          54.5992557
        ],
        [
          -5.936444,
          54.5992056
        ],
        [
          -5.9363495,
          54.599267
        ],
        [
          -5.9363723,
          54.5992949
        ],
        [
          -5.9363542,
          54.5993085
        ],
        [
          -5.9363354,
          54.5993241
        ],
        [
          -5.9363253,
          54.5993415
        ],
        [
          -5.9363247,
          54.5993571
        ],
        [
          -5.9363334,
          54.5993711
        ],
        [
          -5.9363495,
          54.5993858
        ],
        [
          -5.9363877,
          54.5993971
        ],
        [
          -5.9364501,
          54.5994037
        ],
        [
          -5.9364957,
          54.5993944
        ],
        [
          -5.9369423,
          54.5994456
        ]
      ]
    ]
  }
},
{
  "type": "Feature",
  "id": "way/1240424863",
  "properties": {
    "amenity": "grave_yard",
    "id": "way/1240424863"
  },
  "geometry": {
    "type": "Polygon",
    "coordinates": [
      [
        [
          -5.8849576,
          54.5434966
        ],
        [
          -5.8851628,
          54.5437646
        ],
        [
          -5.8854475,
          54.5436965
        ],
        [
          -5.8854795,
          54.5437253
        ],
        [
          -5.8856296,
          54.5436894
        ],
        [
          -5.8854963,
          54.5435691
        ],
        [
          -5.8854127,
          54.5435492
        ],
        [
          -5.8853337,
          54.543562
        ],
        [
          -5.8853222,
          54.5435868
        ],
        [
          -5.8853812,
          54.5436653
        ],
        [
          -5.8853254,
          54.5436843
        ],
        [
          -5.8852705,
          54.5436315
        ],
        [
          -5.8852174,
          54.5436187
        ],
        [
          -5.8851261,
          54.5436363
        ],
        [
          -5.8849924,
          54.5434892
        ],
        [
          -5.8850402,
          54.5434609
        ],
        [
          -5.8853433,
          54.5433303
        ],
        [
          -5.8849292,
          54.5428047
        ],
        [
          -5.8847912,
          54.5427493
        ],
        [
          -5.8844975,
          54.5431291
        ],
        [
          -5.8849576,
          54.5434966
        ]
      ]
    ]
  }
},
{
  "type": "Feature",
  "id": "way/1240987586",
  "properties": {
    "amenity": "social_facility",
    "building": "yes",
    "name": "Jason Court",
    "social_facility": "nursing_home",
    "social_facility:for": "senior",
    "id": "way/1240987586"
  },
  "geometry": {
    "type": "Polygon",
    "coordinates": [
      [
        [
          -5.9260855,
          54.6154379
        ],
        [
          -5.9258187,
          54.61544
        ],
        [
          -5.9258203,
          54.6155066
        ],
        [
          -5.925364,
          54.6154005
        ],
        [
          -5.9254835,
          54.6152282
        ],
        [
          -5.9252429,
          54.6151723
        ],
        [
          -5.9250227,
          54.6154901
        ],
        [
          -5.925822,
          54.6156758
        ],
        [
          -5.9258237,
          54.6157451
        ],
        [
          -5.9260927,
          54.615743
        ],
        [
          -5.9260855,
          54.6154379
        ]
      ]
    ]
  }
},
{
  "type": "Feature",
  "id": "way/1243985850",
  "properties": {
    "addr:city": "Belfast",
    "addr:housenumber": "34a",
    "addr:street": "Iveagh Crescent",
    "amenity": "community_centre",
    "building": "yes",
    "language:ga": "yes",
    "name": "Ionad Uíbh Eachach",
    "phone": "+442890236877",
    "id": "way/1243985850"
  },
  "geometry": {
    "type": "Polygon",
    "coordinates": [
      [
        [
          -5.9615401,
          54.5903065
        ],
        [
          -5.9615066,
          54.5902335
        ],
        [
          -5.9614908,
          54.5901991
        ],
        [
          -5.9610455,
          54.5902678
        ],
        [
          -5.9610626,
          54.5903052
        ],
        [
          -5.9608783,
          54.5903336
        ],
        [
          -5.9609105,
          54.5904036
        ],
        [
          -5.9615401,
          54.5903065
        ]
      ]
    ]
  }
},
{
  "type": "Feature",
  "id": "way/1252440178",
  "properties": {
    "addr:street": "Bell Steel Road",
    "amenity": "community_centre",
    "building": "yes",
    "name": "Sally Gardens Community Centre",
    "roof:shape": "gabled",
    "id": "way/1252440178"
  },
  "geometry": {
    "type": "Polygon",
    "coordinates": [
      [
        [
          -6.0305433,
          54.562678
        ],
        [
          -6.0303261,
          54.5625469
        ],
        [
          -6.0299868,
          54.5627359
        ],
        [
          -6.030204,
          54.562867
        ],
        [
          -6.0305433,
          54.562678
        ]
      ]
    ]
  }
},
{
  "type": "Feature",
  "id": "way/1255726698",
  "properties": {
    "addr:city": "Belfast",
    "addr:street": "Warren Grove",
    "amenity": "community_centre",
    "building": "yes",
    "building:levels": "1",
    "name": "Braniel Community Centre",
    "id": "way/1255726698"
  },
  "geometry": {
    "type": "Polygon",
    "coordinates": [
      [
        [
          -5.8516293,
          54.5793912
        ],
        [
          -5.8516286,
          54.5794021
        ],
        [
          -5.8516805,
          54.5794032
        ],
        [
          -5.8516835,
          54.5793562
        ],
        [
          -5.8516316,
          54.579355
        ],
        [
          -5.8516308,
          54.5793671
        ],
        [
          -5.8515938,
          54.5793663
        ],
        [
          -5.8515979,
          54.5793021
        ],
        [
          -5.8512953,
          54.5792956
        ],
        [
          -5.8512846,
          54.5794627
        ],
        [
          -5.8515872,
          54.5794692
        ],
        [
          -5.8515922,
          54.5793904
        ],
        [
          -5.8516293,
          54.5793912
        ]
      ]
    ]
  }
},
{
  "type": "Feature",
  "id": "way/1257587878",
  "properties": {
    "amenity": "community_centre",
    "building": "yes",
    "building:colour": "#8c7c66",
    "building:levels": "1",
    "building:material": "brick",
    "community_centre": "youth_centre",
    "name": "Saint Peter's Immaculata Youth Centre",
    "roof:material": "metal",
    "id": "way/1257587878"
  },
  "geometry": {
    "type": "Polygon",
    "coordinates": [
      [
        [
          -5.944905,
          54.5991456
        ],
        [
          -5.9448048,
          54.5991704
        ],
        [
          -5.9447763,
          54.5991775
        ],
        [
          -5.944571,
          54.5992285
        ],
        [
          -5.9447282,
          54.599441
        ],
        [
          -5.9448021,
          54.5994227
        ],
        [
          -5.9448296,
          54.5994159
        ],
        [
          -5.9450622,
          54.5993581
        ],
        [
          -5.9449334,
          54.5991839
        ],
        [
          -5.944905,
          54.5991456
        ]
      ]
    ]
  }
},
{
  "type": "Feature",
  "id": "way/1257589874",
  "properties": {
    "amenity": "community_centre",
    "building": "yes",
    "building:levels": "1",
    "building:material": "brick",
    "name": "Divis Community Centre",
    "operator": "Belfast City Council",
    "id": "way/1257589874"
  },
  "geometry": {
    "type": "Polygon",
    "coordinates": [
      [
        [
          -5.9427588,
          54.5990504
        ],
        [
          -5.9427833,
          54.5990887
        ],
        [
          -5.9428552,
          54.5991562
        ],
        [
          -5.9428149,
          54.5991668
        ],
        [
          -5.9428703,
          54.5992374
        ],
        [
          -5.9429672,
          54.5992117
        ],
        [
          -5.9429801,
          54.5992334
        ],
        [
          -5.9430886,
          54.5992063
        ],
        [
          -5.9430992,
          54.5992239
        ],
        [
          -5.9431505,
          54.5992144
        ],
        [
          -5.9431424,
          54.5991941
        ],
        [
          -5.9432171,
          54.5991853
        ],
        [
          -5.9432025,
          54.5991491
        ],
        [
          -5.943191,
          54.5991211
        ],
        [
          -5.943123,
          54.5991292
        ],
        [
          -5.9431149,
          54.5991106
        ],
        [
          -5.9431077,
          54.5990963
        ],
        [
          -5.9430343,
          54.5991076
        ],
        [
          -5.9430163,
          54.5990413
        ],
        [
          -5.9429707,
          54.5989994
        ],
        [
          -5.9427588,
          54.5990504
        ]
      ]
    ]
  }
},
{
  "type": "Feature",
  "id": "way/1257624073",
  "properties": {
    "addr:city": "Belfast",
    "addr:street": "Percy Street",
    "amenity": "community_centre",
    "building": "yes",
    "building:levels": "1",
    "name": "Lower Shankill Group Welfare",
    "id": "way/1257624073"
  },
  "geometry": {
    "type": "Polygon",
    "coordinates": [
      [
        [
          -5.9447066,
          54.6023577
        ],
        [
          -5.9448694,
          54.6023708
        ],
        [
          -5.9449119,
          54.6021928
        ],
        [
          -5.9447492,
          54.6021797
        ],
        [
          -5.9447066,
          54.6023577
        ]
      ]
    ]
  }
},
{
  "type": "Feature",
  "id": "way/1257624095",
  "properties": {
    "addr:city": "Belfast",
    "addr:street": "Craven Street",
    "amenity": "community_centre",
    "building": "church",
    "community_centre": "parish_hall",
    "name": "Saint Michael's Church Hall",
    "id": "way/1257624095"
  },
  "geometry": {
    "type": "Polygon",
    "coordinates": [
      [
        [
          -5.9454789,
          54.6051741
        ],
        [
          -5.9455576,
          54.6049555
        ],
        [
          -5.9455371,
          54.604953
        ],
        [
          -5.945548,
          54.6049227
        ],
        [
          -5.9453907,
          54.6049037
        ],
        [
          -5.9453801,
          54.6049331
        ],
        [
          -5.9452521,
          54.6049176
        ],
        [
          -5.945173,
          54.6051372
        ],
        [
          -5.9454789,
          54.6051741
        ]
      ]
    ]
  }
},
{
  "type": "Feature",
  "id": "way/1264769114",
  "properties": {
    "amenity": "community_centre",
    "building": "yes",
    "building:levels": "1",
    "name": "Finaghy Community Centre",
    "roof:colour": "darkgrey",
    "roof:material": "roof_tiles",
    "roof:shape": "gabled",
    "id": "way/1264769114"
  },
  "geometry": {
    "type": "Polygon",
    "coordinates": [
      [
        [
          -5.9812265,
          54.5579204
        ],
        [
          -5.9810561,
          54.5577262
        ],
        [
          -5.980946,
          54.5576009
        ],
        [
          -5.9808896,
          54.5575366
        ],
        [
          -5.9807486,
          54.5575782
        ],
        [
          -5.9808051,
          54.5576425
        ],
        [
          -5.9809151,
          54.5577679
        ],
        [
          -5.9809993,
          54.5578637
        ],
        [
          -5.9809538,
          54.5578772
        ],
        [
          -5.9810177,
          54.55795
        ],
        [
          -5.9810609,
          54.5579372
        ],
        [
          -5.9810833,
          54.5579627
        ],
        [
          -5.9812265,
          54.5579204
        ]
      ]
    ]
  }
},
{
  "type": "Feature",
  "id": "way/1266543531",
  "properties": {
    "addr:city": "Belfast",
    "addr:housename": "Conor Building",
    "addr:street": "Great Victoria Street",
    "building": "yes",
    "government": "yes",
    "name": "Jobs and Benefits",
    "office": "government",
    "id": "way/1266543531"
  },
  "geometry": {
    "type": "Polygon",
    "coordinates": [
      [
        [
          -5.9343251,
          54.5913059
        ],
        [
          -5.9344199,
          54.591306
        ],
        [
          -5.9345607,
          54.5913062
        ],
        [
          -5.9346086,
          54.5913063
        ],
        [
          -5.9346612,
          54.5913063
        ],
        [
          -5.9348318,
          54.5913065
        ],
        [
          -5.9348349,
          54.5911601
        ],
        [
          -5.9347464,
          54.5911601
        ],
        [
          -5.9347464,
          54.591178
        ],
        [
          -5.9346525,
          54.5911772
        ],
        [
          -5.9346521,
          54.5911465
        ],
        [
          -5.9344205,
          54.5911368
        ],
        [
          -5.9343266,
          54.5911329
        ],
        [
          -5.9343263,
          54.5911672
        ],
        [
          -5.9343251,
          54.5913059
        ]
      ]
    ]
  }
},
{
  "type": "Feature",
  "id": "way/1271981819",
  "properties": {
    "addr:city": "Belfast",
    "addr:street": "Utility Street",
    "amenity": "social_facility",
    "building": "residential",
    "building:levels": "3",
    "name": "Men's Hostel",
    "social_facility": "shelter",
    "social_facility:for": "homeless",
    "id": "way/1271981819"
  },
  "geometry": {
    "type": "Polygon",
    "coordinates": [
      [
        [
          -5.941548,
          54.5897705
        ],
        [
          -5.9416186,
          54.5897579
        ],
        [
          -5.9416321,
          54.5897832
        ],
        [
          -5.9417005,
          54.589771
        ],
        [
          -5.9416871,
          54.5897457
        ],
        [
          -5.9417517,
          54.5897342
        ],
        [
          -5.9417993,
          54.5896842
        ],
        [
          -5.9418715,
          54.5897073
        ],
        [
          -5.9419031,
          54.5896741
        ],
        [
          -5.9418309,
          54.589651
        ],
        [
          -5.9418773,
          54.5896023
        ],
        [
          -5.9418582,
          54.5895681
        ],
        [
          -5.9418919,
          54.5895618
        ],
        [
          -5.9418699,
          54.5895221
        ],
        [
          -5.9418362,
          54.5895284
        ],
        [
          -5.9418108,
          54.5894827
        ],
        [
          -5.9417149,
          54.5895007
        ],
        [
          -5.9417063,
          54.5895022
        ],
        [
          -5.9416858,
          54.5894652
        ],
        [
          -5.9415283,
          54.5894946
        ],
        [
          -5.9414968,
          54.5894398
        ],
        [
          -5.9414909,
          54.5894285
        ],
        [
          -5.9415199,
          54.5893968
        ],
        [
          -5.9414555,
          54.5893777
        ],
        [
          -5.9414124,
          54.589425
        ],
        [
          -5.9414287,
          54.5894528
        ],
        [
          -5.9413741,
          54.5894631
        ],
        [
          -5.9414045,
          54.5895177
        ],
        [
          -5.9414343,
          54.5895713
        ],
        [
          -5.941625,
          54.5895357
        ],
        [
          -5.9416435,
          54.589569
        ],
        [
          -5.9416049,
          54.5895762
        ],
        [
          -5.9416124,
          54.5895895
        ],
        [
          -5.9415834,
          54.5896263
        ],
        [
          -5.9414811,
          54.5896446
        ],
        [
          -5.9414017,
          54.5896587
        ],
        [
          -5.9414419,
          54.5897343
        ],
        [
          -5.9415213,
          54.5897201
        ],
        [
          -5.941548,
          54.5897705
        ]
      ]
    ]
  }
},
{
  "type": "Feature",
  "id": "way/1317888640",
  "properties": {
    "amenity": "fire_station",
    "name": "Hollywood Fire Station",
    "operator": "Northern Ireland Fire & Rescue Service",
    "operator:wikidata": "Q12859215",
    "website": "https://www.nifrs.org/",
    "id": "way/1317888640"
  },
  "geometry": {
    "type": "Polygon",
    "coordinates": [
      [
        [
          -5.8371387,
          54.6407782
        ],
        [
          -5.8372122,
          54.6407278
        ],
        [
          -5.837367,
          54.6406216
        ],
        [
          -5.8372307,
          54.640555
        ],
        [
          -5.8372446,
          54.6405455
        ],
        [
          -5.8370839,
          54.6404724
        ],
        [
          -5.8370403,
          54.6404966
        ],
        [
          -5.836874,
          54.640607
        ],
        [
          -5.8368436,
          54.6406283
        ],
        [
          -5.8370455,
          54.6407295
        ],
        [
          -5.8371387,
          54.6407782
        ]
      ]
    ]
  }
},
{
  "type": "Feature",
  "id": "way/1338103839",
  "properties": {
    "addr:city": "Belfast",
    "addr:housenumber": "26",
    "addr:street": "Falls Road",
    "amenity": "social_facility",
    "building": "residential",
    "building:levels": "3",
    "building:material": "brick",
    "name": "Cullingtree Fold",
    "name:en": "Cullingtree Fold",
    "name:ga": "Teach Chrann Chuilin",
    "roof:material": "roof_tiles",
    "roof:shape": "hipped",
    "social_facility": "assisted_living",
    "social_facility:for": "senior",
    "id": "way/1338103839"
  },
  "geometry": {
    "type": "Polygon",
    "coordinates": [
      [
        [
          -5.9467176,
          54.5993422
        ],
        [
          -5.9466844,
          54.5992895
        ],
        [
          -5.9466975,
          54.5992867
        ],
        [
          -5.9466746,
          54.5992505
        ],
        [
          -5.9466616,
          54.5992532
        ],
        [
          -5.9466282,
          54.5992002
        ],
        [
          -5.9466412,
          54.5991974
        ],
        [
          -5.9466187,
          54.5991616
        ],
        [
          -5.9466056,
          54.5991644
        ],
        [
          -5.9465884,
          54.599137
        ],
        [
          -5.9470771,
          54.5990338
        ],
        [
          -5.9471942,
          54.5992198
        ],
        [
          -5.9472906,
          54.5991994
        ],
        [
          -5.9473011,
          54.5992161
        ],
        [
          -5.9473964,
          54.599196
        ],
        [
          -5.9474111,
          54.5991929
        ],
        [
          -5.9473547,
          54.5991032
        ],
        [
          -5.94734,
          54.5991063
        ],
        [
          -5.9473114,
          54.5990608
        ],
        [
          -5.9473237,
          54.5990582
        ],
        [
          -5.9472566,
          54.5989515
        ],
        [
          -5.9472443,
          54.598954
        ],
        [
          -5.9472295,
          54.5989304
        ],
        [
          -5.9472418,
          54.5989278
        ],
        [
          -5.9472105,
          54.5988781
        ],
        [
          -5.9471983,
          54.5988807
        ],
        [
          -5.9471892,
          54.5988664
        ],
        [
          -5.9471562,
          54.5988734
        ],
        [
          -5.9471518,
          54.5988663
        ],
        [
          -5.9469684,
          54.598905
        ],
        [
          -5.9469728,
          54.5989121
        ],
        [
          -5.9468908,
          54.5989294
        ],
        [
          -5.9468864,
          54.5989223
        ],
        [
          -5.9467995,
          54.5989406
        ],
        [
          -5.946804,
          54.5989478
        ],
        [
          -5.9466989,
          54.59897
        ],
        [
          -5.9466944,
          54.5989628
        ],
        [
          -5.9466072,
          54.5989813
        ],
        [
          -5.9466117,
          54.5989884
        ],
        [
          -5.946532,
          54.5990052
        ],
        [
          -5.9465275,
          54.5989981
        ],
        [
          -5.9463433,
          54.599037
        ],
        [
          -5.9463478,
          54.5990441
        ],
        [
          -5.9462981,
          54.5990546
        ],
        [
          -5.9463562,
          54.5991468
        ],
        [
          -5.9463431,
          54.5991496
        ],
        [
          -5.9463653,
          54.5991848
        ],
        [
          -5.9463784,
          54.5991821
        ],
        [
          -5.9464505,
          54.5992965
        ],
        [
          -5.9464374,
          54.5992993
        ],
        [
          -5.9464605,
          54.5993359
        ],
        [
          -5.9464735,
          54.5993331
        ],
        [
          -5.9465073,
          54.5993866
        ],
        [
          -5.9467176,
          54.5993422
        ]
      ]
    ]
  }
},
{
  "type": "Feature",
  "id": "way/1343105370",
  "properties": {
    "amenity": "community_centre",
    "building": "yes",
    "community_centre": "cultural_centre",
    "name": "The McConnell Youth Complex",
    "id": "way/1343105370"
  },
  "geometry": {
    "type": "Polygon",
    "coordinates": [
      [
        [
          -5.9206104,
          54.6421557
        ],
        [
          -5.9206607,
          54.6420668
        ],
        [
          -5.9205183,
          54.6419563
        ],
        [
          -5.920433,
          54.6419403
        ],
        [
          -5.9203371,
          54.6418541
        ],
        [
          -5.919947,
          54.6417803
        ],
        [
          -5.9198941,
          54.641874
        ],
        [
          -5.9199606,
          54.6418866
        ],
        [
          -5.919886,
          54.6420185
        ],
        [
          -5.9206104,
          54.6421557
        ]
      ]
    ]
  }
},
{
  "type": "Feature",
  "id": "way/1354722363",
  "properties": {
    "addr:city": "Belfast",
    "addr:street": "Donovan Parade",
    "amenity": "social_facility",
    "name": "Donovan Fold",
    "operator": "Radius Housing Association",
    "operator:short": "Radius Housing",
    "operator:website": "https://www.radiushousing.org/",
    "social_facility": "group_home",
    "social_facility:for": "senior",
    "website": "https://www.radiushousing.org/properties/donovan",
    "id": "way/1354722363"
  },
  "geometry": {
    "type": "Polygon",
    "coordinates": [
      [
        [
          -5.8895313,
          54.5830803
        ],
        [
          -5.8904839,
          54.5823657
        ],
        [
          -5.8899386,
          54.5821221
        ],
        [
          -5.8897984,
          54.5822388
        ],
        [
          -5.889494,
          54.5820979
        ],
        [
          -5.8886596,
          54.5826919
        ],
        [
          -5.8895313,
          54.5830803
        ]
      ]
    ]
  }
},
{
  "type": "Feature",
  "id": "way/1373744683",
  "properties": {
    "amenity": "social_facility",
    "building": "yes",
    "name": "Lough View Nursing Home",
    "social_facility": "nursing_home",
    "social_facility:for": "senior",
    "id": "way/1373744683"
  },
  "geometry": {
    "type": "Polygon",
    "coordinates": [
      [
        [
          -5.9276783,
          54.6303041
        ],
        [
          -5.9277278,
          54.6302516
        ],
        [
          -5.9278459,
          54.630289
        ],
        [
          -5.9279269,
          54.6302033
        ],
        [
          -5.9278327,
          54.6301735
        ],
        [
          -5.9279403,
          54.6300597
        ],
        [
          -5.9277601,
          54.6300026
        ],
        [
          -5.9275221,
          54.6302546
        ],
        [
          -5.9276783,
          54.6303041
        ]
      ]
    ]
  }
},
{
  "type": "Feature",
  "id": "way/1379274033",
  "properties": {
    "amenity": "social_facility",
    "building": "yes",
    "social_facility": "nursing_home",
    "social_facility:for": "senior",
    "id": "way/1379274033"
  },
  "geometry": {
    "type": "Polygon",
    "coordinates": [
      [
        [
          -5.9343248,
          54.6323222
        ],
        [
          -5.9344056,
          54.6322179
        ],
        [
          -5.9342599,
          54.6321801
        ],
        [
          -5.9341791,
          54.6322844
        ],
        [
          -5.9343248,
          54.6323222
        ]
      ]
    ]
  }
},
{
  "type": "Feature",
  "id": "way/1390652993",
  "properties": {
    "addr:city": "Belfast",
    "addr:housenumber": "61",
    "addr:postcode": "BT15 4DD",
    "addr:street": "Somerton Road",
    "amenity": "social_facility",
    "building": "yes",
    "name": "Chestnut Grove",
    "operator": "Belfast Health and Social Care Trust",
    "operator:short": "BHSCT",
    "operator:type": "public",
    "operator:website": "https://belfasttrust.hscni.net/",
    "operator:wikidata": "Q4882291",
    "social_facility": "nursing_home",
    "social_facility:for": "senior",
    "website": "https://belfasttrust.hscni.net/about/facilities/residential-homes/chestnut-grove/",
    "id": "way/1390652993"
  },
  "geometry": {
    "type": "Polygon",
    "coordinates": [
      [
        [
          -5.934486,
          54.6297139
        ],
        [
          -5.9347401,
          54.6296895
        ],
        [
          -5.9346974,
          54.6295404
        ],
        [
          -5.9349663,
          54.6295146
        ],
        [
          -5.9349132,
          54.6293291
        ],
        [
          -5.9348338,
          54.6293367
        ],
        [
          -5.9348428,
          54.6293681
        ],
        [
          -5.9347816,
          54.629374
        ],
        [
          -5.9347964,
          54.6294258
        ],
        [
          -5.9346204,
          54.6294427
        ],
        [
          -5.9346144,
          54.6294219
        ],
        [
          -5.934673,
          54.629386
        ],
        [
          -5.934653,
          54.6293261
        ],
        [
          -5.93439,
          54.6293555
        ],
        [
          -5.9343688,
          54.6292922
        ],
        [
          -5.934284,
          54.6293017
        ],
        [
          -5.9343159,
          54.6293973
        ],
        [
          -5.9344135,
          54.62941
        ],
        [
          -5.9344233,
          54.6294441
        ],
        [
          -5.9343142,
          54.6294546
        ],
        [
          -5.9342992,
          54.6294024
        ],
        [
          -5.9342359,
          54.6294085
        ],
        [
          -5.9342262,
          54.6293746
        ],
        [
          -5.9340683,
          54.6293897
        ],
        [
          -5.9341282,
          54.6295987
        ],
        [
          -5.9344443,
          54.6295684
        ],
        [
          -5.934486,
          54.6297139
        ]
      ]
    ]
  }
},
{
  "type": "Feature",
  "id": "way/1421407902",
  "properties": {
    "addr:city": "Newtownabbey",
    "addr:postcode": "BT36 7EH",
    "addr:street": "Parkmore Park",
    "amenity": "community_centre",
    "building": "yes",
    "community_centre": "community_hall",
    "name": "CLASP",
    "operator": "CLASP (Church Road, Longlands, Arthur Social Programme)",
    "operator:type": "community",
    "id": "way/1421407902"
  },
  "geometry": {
    "type": "Polygon",
    "coordinates": [
      [
        [
          -5.9271871,
          54.6549408
        ],
        [
          -5.9272546,
          54.6549458
        ],
        [
          -5.9272774,
          54.6548418
        ],
        [
          -5.9272099,
          54.6548369
        ],
        [
          -5.9271963,
          54.6548987
        ],
        [
          -5.9271957,
          54.6549018
        ],
        [
          -5.9271871,
          54.6549408
        ]
      ]
    ]
  }
},
{
  "type": "Feature",
  "id": "way/1433602716",
  "properties": {
    "amenity": "police",
    "building": "yes",
    "name": "Musgrave Police station",
    "operator": "Police Service of Northern Ireland",
    "operator:wikidata": "Q1482170",
    "id": "way/1433602716"
  },
  "geometry": {
    "type": "Polygon",
    "coordinates": [
      [
        [
          -5.9233275,
          54.5988271
        ],
        [
          -5.9233173,
          54.5987396
        ],
        [
          -5.9234089,
          54.598736
        ],
        [
          -5.9236724,
          54.5987257
        ],
        [
          -5.9238159,
          54.5987201
        ],
        [
          -5.9238129,
          54.5986949
        ],
        [
          -5.9238202,
          54.5986946
        ],
        [
          -5.9238131,
          54.5986337
        ],
        [
          -5.9238083,
          54.5986339
        ],
        [
          -5.9237765,
          54.5983616
        ],
        [
          -5.9237554,
          54.5983625
        ],
        [
          -5.9235537,
          54.5983704
        ],
        [
          -5.923546,
          54.5983048
        ],
        [
          -5.9234096,
          54.5983102
        ],
        [
          -5.9234082,
          54.598298
        ],
        [
          -5.9231528,
          54.598308
        ],
        [
          -5.9231544,
          54.5983219
        ],
        [
          -5.922956,
          54.5983296
        ],
        [
          -5.9229765,
          54.5985048
        ],
        [
          -5.9229778,
          54.5985165
        ],
        [
          -5.9229064,
          54.5985193
        ],
        [
          -5.9229182,
          54.59862
        ],
        [
          -5.9229966,
          54.598617
        ],
        [
          -5.9230171,
          54.5987931
        ],
        [
          -5.923098,
          54.5987899
        ],
        [
          -5.9231033,
          54.5988358
        ],
        [
          -5.9233275,
          54.5988271
        ]
      ]
    ]
  }
},
{
  "type": "Feature",
  "id": "way/1433880480",
  "properties": {
    "addr:city": "Newtownabbey",
    "addr:housenumber": "36",
    "addr:postcode": "BT36 7BH",
    "addr:street": "Mill Road",
    "amenity": "social_facility",
    "building": "residential",
    "email": "benmadigan.admin@hcireland.com",
    "name": "Ben Madigan Care Home",
    "operator": "Healthcare Ireland Group",
    "operator:type": "private",
    "phone": "+44 28 9086 0787",
    "social_facility": "nursing_home",
    "social_facility:for": "senior",
    "source": "https://www.openstreetmap.org/node/8589402613",
    "website": "https://www.healthcareirelandgroup.com/ben-madigan",
    "wheelchair": "yes",
    "id": "way/1433880480"
  },
  "geometry": {
    "type": "Polygon",
    "coordinates": [
      [
        [
          -5.9226789,
          54.6514416
        ],
        [
          -5.9223848,
          54.6515966
        ],
        [
          -5.9222792,
          54.6515735
        ],
        [
          -5.9222928,
          54.6515526
        ],
        [
          -5.9222327,
          54.6515395
        ],
        [
          -5.9222192,
          54.6515601
        ],
        [
          -5.9218842,
          54.6514868
        ],
        [
          -5.9219389,
          54.6514031
        ],
        [
          -5.9217255,
          54.6513564
        ],
        [
          -5.921558,
          54.6516126
        ],
        [
          -5.9217718,
          54.6516594
        ],
        [
          -5.921805,
          54.6516086
        ],
        [
          -5.9224344,
          54.6517464
        ],
        [
          -5.9228303,
          54.6515378
        ],
        [
          -5.9226789,
          54.6514416
        ]
      ]
    ]
  }
},
{
  "type": "Feature",
  "id": "way/1433925839",
  "properties": {
    "amenity": "social_facility",
    "name": "Ambassador Nursing Home",
    "operator": "AMSTECOS",
    "operator:type": "private",
    "social_facility": "nursing_home",
    "social_facility:for": "senior",
    "wheelchair": "yes",
    "id": "way/1433925839"
  },
  "geometry": {
    "type": "Polygon",
    "coordinates": [
      [
        [
          -5.9390561,
          54.6278749
        ],
        [
          -5.939289,
          54.627826
        ],
        [
          -5.939385,
          54.6279949
        ],
        [
          -5.939719,
          54.6279193
        ],
        [
          -5.9396614,
          54.6277593
        ],
        [
          -5.9396256,
          54.6276919
        ],
        [
          -5.9392993,
          54.6277556
        ],
        [
          -5.9392852,
          54.6277282
        ],
        [
          -5.93901,
          54.6277771
        ],
        [
          -5.9390561,
          54.6278749
        ]
      ]
    ]
  }
},
{
  "type": "Feature",
  "id": "way/1434033656",
  "properties": {
    "amenity": "community_centre",
    "building": "yes",
    "community_centre": "youth_centre",
    "name": "Millgreen Youth Centre",
    "operator": "Education Authority",
    "operator:type": "government",
    "id": "way/1434033656"
  },
  "geometry": {
    "type": "Polygon",
    "coordinates": [
      [
        [
          -5.9205189,
          54.6507658
        ],
        [
          -5.920671,
          54.6505364
        ],
        [
          -5.9205283,
          54.6505048
        ],
        [
          -5.9204487,
          54.6506249
        ],
        [
          -5.9202005,
          54.6505699
        ],
        [
          -5.9201281,
          54.6506791
        ],
        [
          -5.9205189,
          54.6507658
        ]
      ]
    ]
  }
},
{
  "type": "Feature",
  "id": "way/1435163340",
  "properties": {
    "amenity": "social_facility",
    "social_facility": "nursing_home",
    "social_facility:for": "senior",
    "id": "way/1435163340"
  },
  "geometry": {
    "type": "Polygon",
    "coordinates": [
      [
        [
          -6.0013003,
          54.5583783
        ],
        [
          -6.001212,
          54.5582453
        ],
        [
          -6.0013021,
          54.5582182
        ],
        [
          -6.0011916,
          54.5580443
        ],
        [
          -6.0009225,
          54.558113
        ],
        [
          -6.0010329,
          54.5583019
        ],
        [
          -6.0005923,
          54.5584158
        ],
        [
          -6.0006822,
          54.5585233
        ],
        [
          -6.0013003,
          54.5583783
        ]
      ]
    ]
  }
},
{
  "type": "Feature",
  "id": "way/1435905049",
  "properties": {
    "amenity": "social_facility",
    "name": "The Salvation Army Homeless Service",
    "operator": "The Salvation Army",
    "operator:type": "charitable",
    "operator:wikidata": "Q188307",
    "id": "way/1435905049"
  },
  "geometry": {
    "type": "Polygon",
    "coordinates": [
      [
        [
          -5.941208,
          54.6155645
        ],
        [
          -5.9412373,
          54.6155349
        ],
        [
          -5.9412146,
          54.6155234
        ],
        [
          -5.9412594,
          54.6154801
        ],
        [
          -5.941374,
          54.6155175
        ],
        [
          -5.9414409,
          54.6154541
        ],
        [
          -5.9411424,
          54.6153425
        ],
        [
          -5.9411537,
          54.6153326
        ],
        [
          -5.941097,
          54.61531
        ],
        [
          -5.9410834,
          54.6153228
        ],
        [
          -5.9409893,
          54.6152827
        ],
        [
          -5.9408896,
          54.6153736
        ],
        [
          -5.94098,
          54.6154044
        ],
        [
          -5.9410282,
          54.6153929
        ],
        [
          -5.9410505,
          54.6153999
        ],
        [
          -5.9410093,
          54.6154467
        ],
        [
          -5.9409835,
          54.6154407
        ],
        [
          -5.9409543,
          54.6154686
        ],
        [
          -5.9411227,
          54.6155293
        ],
        [
          -5.9411124,
          54.6155373
        ],
        [
          -5.941208,
          54.6155645
        ]
      ]
    ]
  }
},
{
  "type": "Feature",
  "id": "way/1441710002",
  "properties": {
    "amenity": "social_facility",
    "social_facility": "group_home",
    "social_facility:for": "senior",
    "id": "way/1441710002"
  },
  "geometry": {
    "type": "Polygon",
    "coordinates": [
      [
        [
          -5.9357931,
          54.6179032
        ],
        [
          -5.9357233,
          54.6179646
        ],
        [
          -5.9357568,
          54.6179758
        ],
        [
          -5.9354213,
          54.6182948
        ],
        [
          -5.9353522,
          54.6182726
        ],
        [
          -5.9352509,
          54.6183782
        ],
        [
          -5.9355017,
          54.6184714
        ],
        [
          -5.9355564,
          54.6184138
        ],
        [
          -5.9357376,
          54.6184807
        ],
        [
          -5.9359309,
          54.6185519
        ],
        [
          -5.9359128,
          54.6185658
        ],
        [
          -5.9359409,
          54.6185777
        ],
        [
          -5.9359617,
          54.6185599
        ],
        [
          -5.9359878,
          54.6185366
        ],
        [
          -5.9360147,
          54.6185127
        ],
        [
          -5.9360781,
          54.6184499
        ],
        [
          -5.936019,
          54.618429
        ],
        [
          -5.9359197,
          54.6183941
        ],
        [
          -5.9359277,
          54.6183855
        ],
        [
          -5.9357364,
          54.6183132
        ],
        [
          -5.9357064,
          54.6183409
        ],
        [
          -5.9356817,
          54.6183332
        ],
        [
          -5.9357002,
          54.6183172
        ],
        [
          -5.9356645,
          54.6183045
        ],
        [
          -5.9356826,
          54.6182877
        ],
        [
          -5.9357087,
          54.6182635
        ],
        [
          -5.9357373,
          54.6182364
        ],
        [
          -5.9357912,
          54.6181854
        ],
        [
          -5.9358405,
          54.6181379
        ],
        [
          -5.9359089,
          54.6180757
        ],
        [
          -5.9359186,
          54.6180659
        ],
        [
          -5.9359449,
          54.6180395
        ],
        [
          -5.9358808,
          54.6180157
        ],
        [
          -5.9358133,
          54.6179917
        ],
        [
          -5.9358769,
          54.6179346
        ],
        [
          -5.9357931,
          54.6179032
        ]
      ]
    ]
  }
},
{
  "type": "Feature",
  "id": "way/1449863930",
  "properties": {
    "amenity": "social_facility",
    "social_facility": "group_home",
    "social_facility:for": "senior",
    "id": "way/1449863930"
  },
  "geometry": {
    "type": "Polygon",
    "coordinates": [
      [
        [
          -5.9416595,
          54.6158428
        ],
        [
          -5.9415336,
          54.6159307
        ],
        [
          -5.9415788,
          54.615954
        ],
        [
          -5.941553,
          54.6159727
        ],
        [
          -5.9416095,
          54.6160008
        ],
        [
          -5.9416369,
          54.615984
        ],
        [
          -5.9417155,
          54.6160263
        ],
        [
          -5.9416886,
          54.6160447
        ],
        [
          -5.9417499,
          54.6160727
        ],
        [
          -5.9417789,
          54.616054
        ],
        [
          -5.9418548,
          54.6160914
        ],
        [
          -5.9418161,
          54.6161166
        ],
        [
          -5.9418758,
          54.6161437
        ],
        [
          -5.9419064,
          54.6161213
        ],
        [
          -5.9419613,
          54.6161456
        ],
        [
          -5.9420065,
          54.6161157
        ],
        [
          -5.9421227,
          54.6161662
        ],
        [
          -5.9419549,
          54.6162727
        ],
        [
          -5.9419129,
          54.616254
        ],
        [
          -5.9418645,
          54.6162858
        ],
        [
          -5.9419097,
          54.6163101
        ],
        [
          -5.9418613,
          54.6163437
        ],
        [
          -5.9420065,
          54.6164166
        ],
        [
          -5.9423481,
          54.6161855
        ],
        [
          -5.9423066,
          54.616163
        ],
        [
          -5.9423619,
          54.6161288
        ],
        [
          -5.9422885,
          54.6160927
        ],
        [
          -5.9422613,
          54.6161078
        ],
        [
          -5.9421655,
          54.6160597
        ],
        [
          -5.9421346,
          54.6160798
        ],
        [
          -5.9416595,
          54.6158428
        ]
      ]
    ]
  }
},
{
  "type": "Feature",
  "id": "way/1454979242",
  "properties": {
    "building": "no",
    "office": "government",
    "id": "way/1454979242"
  },
  "geometry": {
    "type": "Polygon",
    "coordinates": [
      [
        [
          -5.9582855,
          54.5634116
        ],
        [
          -5.9583096,
          54.5634141
        ],
        [
          -5.958338,
          54.5634052
        ],
        [
          -5.9585351,
          54.5629684
        ],
        [
          -5.9580993,
          54.5626599
        ],
        [
          -5.9575868,
          54.5629354
        ],
        [
          -5.9582855,
          54.5634116
        ]
      ]
    ]
  }
},
{
  "type": "Feature",
  "id": "way/1454991808",
  "properties": {
    "amenity": "social_facility",
    "name": "Children's Disability Respite Service (Forest Lodge)",
    "operator": "Belfast Health and Social Care Trust",
    "operator:short": "BHSCT",
    "operator:wikidata": "Q4882291",
    "social_facility:for": "child",
    "id": "way/1454991808"
  },
  "geometry": {
    "type": "Polygon",
    "coordinates": [
      [
        [
          -5.9720728,
          54.5675883
        ],
        [
          -5.9714165,
          54.5678117
        ],
        [
          -5.9717465,
          54.5681018
        ],
        [
          -5.9723635,
          54.5679108
        ],
        [
          -5.9720728,
          54.5675883
        ]
      ]
    ]
  }
},
{
  "type": "Feature",
  "id": "way/1456701683",
  "properties": {
    "amenity": "recycling",
    "recycling:paper": "yes",
    "recycling:plastic": "yes",
    "recycling_type": "container",
    "id": "way/1456701683"
  },
  "geometry": {
    "type": "Polygon",
    "coordinates": [
      [
        [
          -5.8856406,
          54.5884456
        ],
        [
          -5.8856625,
          54.5884281
        ],
        [
          -5.8855965,
          54.5884048
        ],
        [
          -5.8855767,
          54.5884244
        ],
        [
          -5.8856406,
          54.5884456
        ]
      ]
    ]
  }
},
{
  "type": "Feature",
  "id": "way/1461338562",
  "properties": {
    "amenity": "social_facility",
    "social_facility": "group_home",
    "social_facility:for": "senior",
    "id": "way/1461338562"
  },
  "geometry": {
    "type": "Polygon",
    "coordinates": [
      [
        [
          -5.9278728,
          54.6157462
        ],
        [
          -5.9279089,
          54.6156967
        ],
        [
          -5.9279304,
          54.615702
        ],
        [
          -5.9280429,
          54.6155473
        ],
        [
          -5.9268884,
          54.615266
        ],
        [
          -5.9268744,
          54.6152853
        ],
        [
          -5.9268345,
          54.6152756
        ],
        [
          -5.9268011,
          54.6153216
        ],
        [
          -5.9268396,
          54.615331
        ],
        [
          -5.9268056,
          54.6153776
        ],
        [
          -5.9270327,
          54.6154331
        ],
        [
          -5.9270228,
          54.6154466
        ],
        [
          -5.9270799,
          54.6154605
        ],
        [
          -5.9270901,
          54.6154466
        ],
        [
          -5.9274188,
          54.6155271
        ],
        [
          -5.9274295,
          54.6155125
        ],
        [
          -5.9275422,
          54.6155401
        ],
        [
          -5.9274931,
          54.6156075
        ],
        [
          -5.9276095,
          54.615636
        ],
        [
          -5.9276843,
          54.6155336
        ],
        [
          -5.9278109,
          54.6155646
        ],
        [
          -5.9277402,
          54.6156614
        ],
        [
          -5.9277872,
          54.6156729
        ],
        [
          -5.9277548,
          54.6157174
        ],
        [
          -5.9278728,
          54.6157462
        ]
      ]
    ]
  }
},
{
  "type": "Feature",
  "id": "way/1463487703",
  "properties": {
    "amenity": "community_centre",
    "building": "yes",
    "community_centre": "community_hall",
    "name": "Greater Whitewell Community Association",
    "id": "way/1463487703"
  },
  "geometry": {
    "type": "Polygon",
    "coordinates": [
      [
        [
          -5.920529,
          54.646923
        ],
        [
          -5.9205546,
          54.6468781
        ],
        [
          -5.920429,
          54.646854
        ],
        [
          -5.9203151,
          54.6468322
        ],
        [
          -5.9202691,
          54.6469125
        ],
        [
          -5.9203833,
          54.6469344
        ],
        [
          -5.9204091,
          54.6468894
        ],
        [
          -5.9204514,
          54.6468975
        ],
        [
          -5.920446,
          54.6469071
        ],
        [
          -5.920529,
          54.646923
        ]
      ]
    ]
  }
},
{
  "type": "Feature",
  "id": "way/1463983249",
  "properties": {
    "amenity": "social_facility",
    "name": "Abingdon Manor Care Centre",
    "social_facility": "nursing_home",
    "social_facility:for": "senior",
    "id": "way/1463983249"
  },
  "geometry": {
    "type": "Polygon",
    "coordinates": [
      [
        [
          -5.9744663,
          54.626671
        ],
        [
          -5.9744666,
          54.6266415
        ],
        [
          -5.9745052,
          54.6266416
        ],
        [
          -5.9745058,
          54.6265699
        ],
        [
          -5.9745312,
          54.62657
        ],
        [
          -5.9745322,
          54.6264422
        ],
        [
          -5.9745094,
          54.6264421
        ],
        [
          -5.9745096,
          54.6264114
        ],
        [
          -5.9747318,
          54.6264118
        ],
        [
          -5.9747328,
          54.6262422
        ],
        [
          -5.9744353,
          54.6262417
        ],
        [
          -5.9744354,
          54.6262159
        ],
        [
          -5.9744586,
          54.6262159
        ],
        [
          -5.9744588,
          54.6261809
        ],
        [
          -5.9744633,
          54.6261809
        ],
        [
          -5.9744635,
          54.6261198
        ],
        [
          -5.9744595,
          54.6261198
        ],
        [
          -5.9744595,
          54.6260825
        ],
        [
          -5.9744357,
          54.6260825
        ],
        [
          -5.9744357,
          54.6260099
        ],
        [
          -5.9743968,
          54.6260098
        ],
        [
          -5.9743968,
          54.6259825
        ],
        [
          -5.9743014,
          54.6259825
        ],
        [
          -5.9743014,
          54.6260107
        ],
        [
          -5.9742584,
          54.6260107
        ],
        [
          -5.9742584,
          54.6260815
        ],
        [
          -5.9742011,
          54.6260815
        ],
        [
          -5.9742011,
          54.6261169
        ],
        [
          -5.9741936,
          54.6261169
        ],
        [
          -5.9741935,
          54.6262125
        ],
        [
          -5.9742515,
          54.6262125
        ],
        [
          -5.9742514,
          54.6262716
        ],
        [
          -5.9742223,
          54.6262715
        ],
        [
          -5.9742224,
          54.6262593
        ],
        [
          -5.9741597,
          54.6262593
        ],
        [
          -5.9741597,
          54.6262544
        ],
        [
          -5.974047,
          54.6262542
        ],
        [
          -5.974047,
          54.6262571
        ],
        [
          -5.9739826,
          54.6262568
        ],
        [
          -5.9739825,
          54.6262665
        ],
        [
          -5.9738588,
          54.626266
        ],
        [
          -5.9738586,
          54.6262844
        ],
        [
          -5.9738055,
          54.6262841
        ],
        [
          -5.9738046,
          54.6263566
        ],
        [
          -5.9738565,
          54.6263568
        ],
        [
          -5.9738562,
          54.6263784
        ],
        [
          -5.9739876,
          54.626379
        ],
        [
          -5.9739872,
          54.6264081
        ],
        [
          -5.9741488,
          54.6264088
        ],
        [
          -5.9741489,
          54.6264009
        ],
        [
          -5.9742112,
          54.6264012
        ],
        [
          -5.9742115,
          54.6263773
        ],
        [
          -5.9742664,
          54.6263775
        ],
        [
          -5.9742661,
          54.6264043
        ],
        [
          -5.9743469,
          54.6264047
        ],
        [
          -5.9743465,
          54.626439
        ],
        [
          -5.9742807,
          54.6264387
        ],
        [
          -5.9742791,
          54.6265682
        ],
        [
          -5.9743289,
          54.6265684
        ],
        [
          -5.9743281,
          54.6266441
        ],
        [
          -5.9743664,
          54.6266442
        ],
        [
          -5.9743661,
          54.6266707
        ],
        [
          -5.9744663,
          54.626671
        ]
      ]
    ]
  }
},
{
  "type": "Feature",
  "id": "way/1463983250",
  "properties": {
    "amenity": "social_facility",
    "building": "residential",
    "name": "Springvale Fold",
    "operator": "Radius Housing Association",
    "operator:short": "Radius Housing",
    "operator:website": "https://www.radiushousing.org/",
    "social_facility": "group_home",
    "social_facility:for": "senior",
    "id": "way/1463983250"
  },
  "geometry": {
    "type": "Polygon",
    "coordinates": [
      [
        [
          -5.9762959,
          54.6248118
        ],
        [
          -5.9761944,
          54.6247617
        ],
        [
          -5.9761422,
          54.6247971
        ],
        [
          -5.9760814,
          54.624767
        ],
        [
          -5.9760011,
          54.6248214
        ],
        [
          -5.9759221,
          54.6247824
        ],
        [
          -5.975939,
          54.6247709
        ],
        [
          -5.9758443,
          54.624724
        ],
        [
          -5.9757583,
          54.6247822
        ],
        [
          -5.9756927,
          54.6247497
        ],
        [
          -5.9757188,
          54.6247089
        ],
        [
          -5.9754993,
          54.6246618
        ],
        [
          -5.9754681,
          54.6247105
        ],
        [
          -5.9754838,
          54.6247139
        ],
        [
          -5.9754627,
          54.624747
        ],
        [
          -5.9754493,
          54.6247442
        ],
        [
          -5.9754447,
          54.6247513
        ],
        [
          -5.9754543,
          54.6247533
        ],
        [
          -5.9754356,
          54.6247832
        ],
        [
          -5.9754836,
          54.6247933
        ],
        [
          -5.9754593,
          54.624832
        ],
        [
          -5.975346,
          54.6248081
        ],
        [
          -5.9753124,
          54.6248615
        ],
        [
          -5.9753422,
          54.6248678
        ],
        [
          -5.9752956,
          54.6249423
        ],
        [
          -5.9753441,
          54.6249524
        ],
        [
          -5.9753214,
          54.6249887
        ],
        [
          -5.9753305,
          54.6249906
        ],
        [
          -5.9753174,
          54.6250117
        ],
        [
          -5.9752937,
          54.6250068
        ],
        [
          -5.9752842,
          54.6250222
        ],
        [
          -5.9752591,
          54.6250629
        ],
        [
          -5.9753577,
          54.6250833
        ],
        [
          -5.975338,
          54.6251152
        ],
        [
          -5.9753742,
          54.6251227
        ],
        [
          -5.9753909,
          54.6250956
        ],
        [
          -5.9754832,
          54.6251147
        ],
        [
          -5.9755199,
          54.6250549
        ],
        [
          -5.97549,
          54.6250488
        ],
        [
          -5.9755278,
          54.6249873
        ],
        [
          -5.9754542,
          54.6249722
        ],
        [
          -5.9754655,
          54.6249538
        ],
        [
          -5.9754887,
          54.6249586
        ],
        [
          -5.9755691,
          54.6248274
        ],
        [
          -5.975602,
          54.6248341
        ],
        [
          -5.9756458,
          54.6247627
        ],
        [
          -5.9756762,
          54.6247637
        ],
        [
          -5.9757534,
          54.6247989
        ],
        [
          -5.9757227,
          54.6248214
        ],
        [
          -5.9757833,
          54.6248492
        ],
        [
          -5.9758196,
          54.6248226
        ],
        [
          -5.9759408,
          54.6248781
        ],
        [
          -5.9758501,
          54.6249444
        ],
        [
          -5.9758855,
          54.6249606
        ],
        [
          -5.9758484,
          54.6249877
        ],
        [
          -5.9757564,
          54.6249454
        ],
        [
          -5.9756826,
          54.6249992
        ],
        [
          -5.9757068,
          54.6250104
        ],
        [
          -5.9756977,
          54.625017
        ],
        [
          -5.9756761,
          54.6250069
        ],
        [
          -5.9756188,
          54.6250481
        ],
        [
          -5.9756271,
          54.625052
        ],
        [
          -5.9755881,
          54.6250796
        ],
        [
          -5.9757794,
          54.6251703
        ],
        [
          -5.9758132,
          54.6251464
        ],
        [
          -5.9758223,
          54.6251508
        ],
        [
          -5.9758901,
          54.6251037
        ],
        [
          -5.975875,
          54.6250964
        ],
        [
          -5.9761441,
          54.6249112
        ],
        [
          -5.9760876,
          54.6248836
        ],
        [
          -5.9761088,
          54.6248691
        ],
        [
          -5.9761664,
          54.6248973
        ],
        [
          -5.97621,
          54.6248675
        ],
        [
          -5.9761801,
          54.6248528
        ],
        [
          -5.9762208,
          54.624825
        ],
        [
          -5.9762531,
          54.6248409
        ],
        [
          -5.9762959,
          54.6248118
        ]
      ]
    ]
  }
},
{
  "type": "Feature",
  "id": "way/1466350678",
  "properties": {
    "amenity": "community_centre",
    "building": "yes",
    "community_centre": "community_hall",
    "id": "way/1466350678"
  },
  "geometry": {
    "type": "Polygon",
    "coordinates": [
      [
        [
          -5.9363747,
          54.6474715
        ],
        [
          -5.9364399,
          54.647183
        ],
        [
          -5.9361053,
          54.6471577
        ],
        [
          -5.9360558,
          54.6473772
        ],
        [
          -5.9362265,
          54.6473901
        ],
        [
          -5.936211,
          54.6474591
        ],
        [
          -5.9363747,
          54.6474715
        ]
      ]
    ]
  }
},
{
  "type": "Feature",
  "id": "way/1467109667",
  "properties": {
    "amenity": "community_centre",
    "building": "church",
    "community_centre": "parish_hall",
    "name": "St Marys Parish hall",
    "id": "way/1467109667"
  },
  "geometry": {
    "type": "Polygon",
    "coordinates": [
      [
        [
          -5.9217318,
          54.6448882
        ],
        [
          -5.921638,
          54.6450224
        ],
        [
          -5.9217882,
          54.6450576
        ],
        [
          -5.9218821,
          54.6449234
        ],
        [
          -5.9217318,
          54.6448882
        ]
      ]
    ]
  }
},
{
  "type": "Feature",
  "id": "way/1467989499",
  "properties": {
    "amenity": "social_facility",
    "building": "residential",
    "name": "Choice Mill Court",
    "social_facility": "group_home",
    "social_facility:for": "senior",
    "id": "way/1467989499"
  },
  "geometry": {
    "type": "Polygon",
    "coordinates": [
      [
        [
          -5.9723569,
          54.5855701
        ],
        [
          -5.9722902,
          54.5855573
        ],
        [
          -5.9722826,
          54.5855705
        ],
        [
          -5.9722368,
          54.5855617
        ],
        [
          -5.9722238,
          54.5855844
        ],
        [
          -5.9721942,
          54.5855787
        ],
        [
          -5.972128,
          54.5856947
        ],
        [
          -5.9721528,
          54.5856995
        ],
        [
          -5.9721252,
          54.5857477
        ],
        [
          -5.9721011,
          54.5857431
        ],
        [
          -5.9720377,
          54.5858541
        ],
        [
          -5.972057,
          54.5858577
        ],
        [
          -5.9720451,
          54.5858787
        ],
        [
          -5.9720898,
          54.5858873
        ],
        [
          -5.9720754,
          54.5859127
        ],
        [
          -5.9720379,
          54.5859055
        ],
        [
          -5.972026,
          54.5859264
        ],
        [
          -5.9719925,
          54.58592
        ],
        [
          -5.9720052,
          54.5858975
        ],
        [
          -5.9719713,
          54.5858911
        ],
        [
          -5.9719776,
          54.58588
        ],
        [
          -5.9718518,
          54.5858561
        ],
        [
          -5.9718457,
          54.5858668
        ],
        [
          -5.9718139,
          54.5858608
        ],
        [
          -5.9718206,
          54.5858491
        ],
        [
          -5.971647,
          54.5858162
        ],
        [
          -5.9716394,
          54.5858296
        ],
        [
          -5.9715982,
          54.5858218
        ],
        [
          -5.9715819,
          54.5858507
        ],
        [
          -5.9715464,
          54.585844
        ],
        [
          -5.9715261,
          54.5858801
        ],
        [
          -5.9715496,
          54.5858846
        ],
        [
          -5.971534,
          54.5859125
        ],
        [
          -5.9715767,
          54.5859206
        ],
        [
          -5.971569,
          54.5859345
        ],
        [
          -5.9717468,
          54.5859678
        ],
        [
          -5.9717544,
          54.5859542
        ],
        [
          -5.9717901,
          54.5859609
        ],
        [
          -5.9717846,
          54.5859708
        ],
        [
          -5.9719414,
          54.586
        ],
        [
          -5.9719571,
          54.5859718
        ],
        [
          -5.9720037,
          54.5859804
        ],
        [
          -5.971949,
          54.5860792
        ],
        [
          -5.9721141,
          54.5861099
        ],
        [
          -5.9721347,
          54.5860726
        ],
        [
          -5.9721119,
          54.5860684
        ],
        [
          -5.9721349,
          54.5860266
        ],
        [
          -5.9721663,
          54.5860324
        ],
        [
          -5.9721792,
          54.586009
        ],
        [
          -5.972203,
          54.5860134
        ],
        [
          -5.9722288,
          54.5859665
        ],
        [
          -5.9722068,
          54.5859625
        ],
        [
          -5.9722948,
          54.5858016
        ],
        [
          -5.9722614,
          54.5857955
        ],
        [
          -5.9722774,
          54.5857663
        ],
        [
          -5.9722454,
          54.5857604
        ],
        [
          -5.9722613,
          54.5857313
        ],
        [
          -5.9722958,
          54.5857376
        ],
        [
          -5.9723097,
          54.5857123
        ],
        [
          -5.9723491,
          54.5857195
        ],
        [
          -5.9724006,
          54.5856251
        ],
        [
          -5.9723861,
          54.5856179
        ],
        [
          -5.9724008,
          54.5855922
        ],
        [
          -5.9723499,
          54.5855824
        ],
        [
          -5.9723569,
          54.5855701
        ]
      ]
    ]
  }
},
{
  "type": "Feature",
  "id": "way/1470015306",
  "properties": {
    "amenity": "social_facility",
    "landuse": "residential",
    "name": "Lagan Fold",
    "operator": "Radius Housing Association",
    "operator:short": "Radius Housing",
    "operator:website": "https://www.radiushousing.org/",
    "social_facility": "assisted_living",
    "social_facility:for": "senior",
    "id": "way/1470015306"
  },
  "geometry": {
    "type": "Polygon",
    "coordinates": [
      [
        [
          -5.9227522,
          54.5881638
        ],
        [
          -5.921913,
          54.5882218
        ],
        [
          -5.9218624,
          54.5882588
        ],
        [
          -5.9221015,
          54.5888341
        ],
        [
          -5.9229162,
          54.5887264
        ],
        [
          -5.9228983,
          54.5885679
        ],
        [
          -5.9227522,
          54.5881638
        ]
      ]
    ]
  }
},
{
  "type": "Feature",
  "id": "way/1481178274",
  "properties": {
    "amenity": "community_centre",
    "building": "yes",
    "denomination": "protestant",
    "name": "Orange Hall",
    "id": "way/1481178274"
  },
  "geometry": {
    "type": "Polygon",
    "coordinates": [
      [
        [
          -5.811675,
          54.6146306
        ],
        [
          -5.8117175,
          54.6146093
        ],
        [
          -5.8117407,
          54.6146248
        ],
        [
          -5.8117836,
          54.6146033
        ],
        [
          -5.8117605,
          54.6145878
        ],
        [
          -5.8118132,
          54.6145615
        ],
        [
          -5.8117119,
          54.6144936
        ],
        [
          -5.8115738,
          54.6145627
        ],
        [
          -5.811675,
          54.6146306
        ]
      ]
    ]
  }
},
{
  "type": "Feature",
  "id": "way/1496199871",
  "properties": {
    "addr:street": "Thornhill Road",
    "amenity": "social_facility",
    "name": "Parkmanor Oaks",
    "social_facility": "group_home",
    "social_facility:for": "senior",
    "id": "way/1496199871"
  },
  "geometry": {
    "type": "Polygon",
    "coordinates": [
      [
        [
          -6.0119114,
          54.5481851
        ],
        [
          -6.0123691,
          54.5484479
        ],
        [
          -6.0130252,
          54.5480673
        ],
        [
          -6.0129155,
          54.5479251
        ],
        [
          -6.0130602,
          54.5476177
        ],
        [
          -6.0129622,
          54.5475418
        ],
        [
          -6.0119114,
          54.5481851
        ]
      ]
    ]
  }
},
{
  "type": "Feature",
  "id": "node/257454270",
  "properties": {
    "amenity": "post_box",
    "brand": "Royal Mail",
    "brand:wikidata": "Q638098",
    "brand:wikipedia": "en:Royal Mail",
    "operator": "Royal Mail",
    "operator:wikidata": "Q638098",
    "id": "node/257454270"
  },
  "geometry": {
    "type": "Point",
    "coordinates": [
      -5.8577143,
      54.5945684
    ]
  }
},
{
  "type": "Feature",
  "id": "node/257454285",
  "properties": {
    "amenity": "post_box",
    "brand": "Royal Mail",
    "brand:wikidata": "Q638098",
    "brand:wikipedia": "en:Royal Mail",
    "operator": "Royal Mail",
    "operator:wikidata": "Q638098",
    "id": "node/257454285"
  },
  "geometry": {
    "type": "Point",
    "coordinates": [
      -5.8586077,
      54.5978285
    ]
  }
},
{
  "type": "Feature",
  "id": "node/288516408",
  "properties": {
    "amenity": "recycling",
    "description": "bottle bank",
    "location": "overground",
    "recycling:clothes": "yes",
    "recycling:glass_bottles": "yes",
    "recycling_type": "container",
    "id": "node/288516408"
  },
  "geometry": {
    "type": "Point",
    "coordinates": [
      -5.9328232,
      54.57426
    ]
  }
},
{
  "type": "Feature",
  "id": "node/320092923",
  "properties": {
    "addr:housenumber": "59",
    "addr:street": "High Street",
    "amenity": "post_box",
    "brand": "Royal Mail",
    "brand:wikidata": "Q638098",
    "brand:wikipedia": "en:Royal Mail",
    "check_date:collection_times": "2025-10-27",
    "collection_times": "Mo-Fr 16:45; Sa 11:45; Su off",
    "colour": "red",
    "direction": "155",
    "drive_through": "no",
    "indoor": "no",
    "operator": "Royal Mail",
    "operator:wikidata": "Q638098",
    "post_box:apertures": "2",
    "post_box:design": "type_c",
    "post_box:type": "pillar",
    "postal_code": "BT1 2AB",
    "ref": "BT1 1133;BT1 133",
    "royal_cypher": "EIIR",
    "royal_cypher:wikidata": "Q33102113",
    "id": "node/320092923"
  },
  "geometry": {
    "type": "Point",
    "coordinates": [
      -5.9265748,
      54.6000415
    ]
  }
},
{
  "type": "Feature",
  "id": "node/469388272",
  "properties": {
    "amenity": "telephone",
    "bench": "yes",
    "bus": "yes",
    "check_date:shelter": "2025-08-22",
    "departures_board": "realtime",
    "fare_zone": "Belfast",
    "highway": "bus_stop",
    "name": "Donegall Square West",
    "naptan:AtcoCode": "700000001804",
    "network": "Translink Metro",
    "network:wikidata": "Q6824449",
    "operator": "Translink;BT",
    "operator:wikidata": "Q593786",
    "public_transport": "platform",
    "ref": "01804",
    "route_ref": "1",
    "shelter": "yes",
    "wheelchair": "yes",
    "id": "node/469388272"
  },
  "geometry": {
    "type": "Point",
    "coordinates": [
      -5.9316746,
      54.5970049
    ]
  }
},
{
  "type": "Feature",
  "id": "node/539584994",
  "properties": {
    "amenity": "recycling",
    "id": "node/539584994"
  },
  "geometry": {
    "type": "Point",
    "coordinates": [
      -5.8578642,
      54.6266154
    ]
  }
},
{
  "type": "Feature",
  "id": "node/540255352",
  "properties": {
    "addr:city": "Belfast",
    "addr:housenumber": "13",
    "addr:postcode": "BT5 7EA",
    "addr:street": "King's Square",
    "amenity": "post_office",
    "brand": "Post Office",
    "brand:wikidata": "Q1783168",
    "name": "King's Road Post Office",
    "opening_hours": "Mo-We,Sa 08:00-20:00; Th,Fr 08:00-21:00; Su 13:00-18:00",
    "operator": "SuperValu",
    "ref:pol_id": "127350",
    "website": "https://www.postoffice.co.uk/branch-finder/3977048/kings-road",
    "id": "node/540255352"
  },
  "geometry": {
    "type": "Point",
    "coordinates": [
      -5.8445851,
      54.5898379
    ]
  }
},
{
  "type": "Feature",
  "id": "node/560086909",
  "properties": {
    "addr:city": "Belfast",
    "addr:housename": "Railway Crossing Dunmurry",
    "addr:postcode": "BT17 9SB",
    "addr:street": "Kingsway",
    "amenity": "post_box",
    "brand": "Royal Mail",
    "brand:wikidata": "Q638098",
    "brand:wikipedia": "en:Royal Mail",
    "drive_through": "no",
    "operator": "Royal Mail",
    "operator:wikidata": "Q638098",
    "ref": "BT17 454",
    "id": "node/560086909"
  },
  "geometry": {
    "type": "Point",
    "coordinates": [
      -6.0065326,
      54.550363
    ]
  }
},
{
  "type": "Feature",
  "id": "node/560086923",
  "properties": {
    "amenity": "telephone",
    "booth": "KX300",
    "covered": "booth",
    "operator": "BT",
    "operator:wikidata": "Q593786",
    "id": "node/560086923"
  },
  "geometry": {
    "type": "Point",
    "coordinates": [
      -6.0046767,
      54.5509021
    ]
  }
},
{
  "type": "Feature",
  "id": "node/560124026",
  "properties": {
    "addr:city": "Belfast",
    "addr:postcode": "BT10 0LL",
    "addr:street": "Upper Lisburn Road",
    "amenity": "post_box",
    "brand": "Royal Mail",
    "brand:wikidata": "Q638098",
    "brand:wikipedia": "en:Royal Mail",
    "drive_through": "no",
    "operator": "Royal Mail",
    "operator:wikidata": "Q638098",
    "ref": "BT10 559",
    "id": "node/560124026"
  },
  "geometry": {
    "type": "Point",
    "coordinates": [
      -5.9904388,
      54.5581049
    ]
  }
},
{
  "type": "Feature",
  "id": "node/560129644",
  "properties": {
    "addr:city": "Belfast",
    "addr:housename": "Finaghy Crossroads",
    "addr:street": "Upper Lisburn Road",
    "amenity": "post_box",
    "brand": "Royal Mail",
    "brand:wikidata": "Q638098",
    "brand:wikipedia": "en:Royal Mail",
    "drive_through": "no",
    "operator": "Royal Mail",
    "operator:wikidata": "Q638098",
    "post_box:design": "type_k",
    "post_box:type": "pillar",
    "ref": "BT10 535",
    "id": "node/560129644"
  },
  "geometry": {
    "type": "Point",
    "coordinates": [
      -5.985639,
      54.5610627
    ]
  }
},
{
  "type": "Feature",
  "id": "node/560129654",
  "properties": {
    "amenity": "telephone",
    "booth": "KX100",
    "check_date": "2024-11-30",
    "covered": "booth",
    "operator": "BT",
    "operator:wikidata": "Q593786",
    "payment:coins": "yes",
    "id": "node/560129654"
  },
  "geometry": {
    "type": "Point",
    "coordinates": [
      -5.9841838,
      54.561609
    ]
  }
},
{
  "type": "Feature",
  "id": "node/560136649",
  "properties": {
    "addr:city": "Belfast",
    "addr:postcode": "BT10 0GY",
    "addr:street": "Upper Lisburn Road",
    "amenity": "post_box",
    "brand": "Royal Mail",
    "brand:wikidata": "Q638098",
    "brand:wikipedia": "en:Royal Mail",
    "drive_through": "no",
    "operator": "Royal Mail",
    "operator:wikidata": "Q638098",
    "ref": "BT10 459",
    "id": "node/560136649"
  },
  "geometry": {
    "type": "Point",
    "coordinates": [
      -5.9791322,
      54.5641784
    ]
  }
},
{
  "type": "Feature",
  "id": "node/560168317",
  "properties": {
    "addr:city": "Belfast",
    "addr:housename": "King's Hall",
    "addr:postcode": "BT9 6GU",
    "addr:street": "Upper Lisburn Road",
    "amenity": "post_box",
    "brand": "Royal Mail",
    "brand:wikidata": "Q638098",
    "brand:wikipedia": "en:Royal Mail",
    "collection_times": "Mo-Fr 09:00; Sa 07:00",
    "drive_through": "no",
    "operator": "Royal Mail",
    "operator:wikidata": "Q638098",
    "post_box:type": "pillar",
    "ref": "BT9 254",
    "royal_cypher": "GR",
    "royal_cypher:wikidata": "Q33102273",
    "id": "node/560168317"
  },
  "geometry": {
    "type": "Point",
    "coordinates": [
      -5.9684944,
      54.5679215
    ]
  }
},
{
  "type": "Feature",
  "id": "node/560168321",
  "properties": {
    "addr:city": "Belfast",
    "addr:postcode": "BT9 7GX",
    "addr:street": "Lisburn Road",
    "amenity": "post_box",
    "brand": "Royal Mail",
    "brand:wikidata": "Q638098",
    "brand:wikipedia": "en:Royal Mail",
    "collection_times": "Mo-Fr 09:00, Sa 07:00",
    "operator": "Royal Mail",
    "operator:wikidata": "Q638098",
    "ref": "BT9 234",
    "royal_cypher": "GR",
    "royal_cypher:wikidata": "Q33102273",
    "id": "node/560168321"
  },
  "geometry": {
    "type": "Point",
    "coordinates": [
      -5.9645283,
      54.5699633
    ]
  }
},
{
  "type": "Feature",
  "id": "node/560168326",
  "properties": {
    "amenity": "telephone",
    "booth": "KX100",
    "covered": "booth",
    "operator": "BT",
    "operator:wikidata": "Q593786",
    "payment:coins": "yes",
    "id": "node/560168326"
  },
  "geometry": {
    "type": "Point",
    "coordinates": [
      -5.9592297,
      54.5727689
    ]
  }
},
{
  "type": "Feature",
  "id": "node/560168329",
  "properties": {
    "addr:city": "Belfast",
    "addr:housenumber": "360",
    "addr:street": "Lisburn Road",
    "amenity": "post_box",
    "brand": "Royal Mail",
    "brand:wikidata": "Q638098",
    "brand:wikipedia": "en:Royal Mail",
    "check_date:collection_times": "2025-12-19",
    "collection_times": "Mo-Fr 09:00; Sa 07:00",
    "colour": "red",
    "direction": "130",
    "drive_through": "no",
    "operator": "Royal Mail",
    "operator:wikidata": "Q638098",
    "post_box:type": "pillar",
    "ref": "BT9 587D",
    "royal_cypher": "GVIR",
    "royal_cypher:wikidata": "Q33102169",
    "id": "node/560168329"
  },
  "geometry": {
    "type": "Point",
    "coordinates": [
      -5.9581316,
      54.5735273
    ]
  }
},
{
  "type": "Feature",
  "id": "node/560168332",
  "properties": {
    "amenity": "telephone",
    "booth": "KX100",
    "covered": "booth",
    "operator": "BT",
    "operator:wikidata": "Q593786",
    "payment:coins": "yes",
    "id": "node/560168332"
  },
  "geometry": {
    "type": "Point",
    "coordinates": [
      -5.9560503,
      54.5748215
    ]
  }
},
{
  "type": "Feature",
  "id": "node/560168335",
  "properties": {
    "addr:city": "Belfast",
    "addr:postcode": "BT9 7GQ",
    "addr:street": "Lisburn Road",
    "amenity": "post_box",
    "brand": "Royal Mail",
    "brand:wikidata": "Q638098",
    "brand:wikipedia": "en:Royal Mail",
    "drive_through": "no",
    "operator": "Royal Mail",
    "operator:wikidata": "Q638098",
    "ref": "BT9 160",
    "id": "node/560168335"
  },
  "geometry": {
    "type": "Point",
    "coordinates": [
      -5.9553092,
      54.576494
    ]
  }
},
{
  "type": "Feature",
  "id": "node/560168336",
  "properties": {
    "addr:city": "Belfast",
    "addr:housenumber": "322",
    "addr:postcode": "BT9 6GH",
    "addr:street": "Lisburn Road",
    "amenity": "post_office",
    "brand": "Post Office",
    "brand:wikidata": "Q1783168",
    "brand:wikipedia": "en:Post Office Ltd",
    "contact:website": "https://www.postoffice.co.uk/branch-finder/2557045/marlborough-park",
    "name": "Marlborough Park Post Office",
    "opening_hours": "Mo-Fr 08:30-21:30; Sa 08:30-16:30; Su 09:00-19:00",
    "operator": "Post Office",
    "operator:wikidata": "Q1783168",
    "ref:pol_id": "10108",
    "source:opening_hours": "pol_branch_list_2018-02",
    "id": "node/560168336"
  },
  "geometry": {
    "type": "Point",
    "coordinates": [
      -5.9552468,
      54.5767107
    ]
  }
},
{
  "type": "Feature",
  "id": "node/560169244",
  "properties": {
    "amenity": "telephone",
    "booth": "KX100",
    "covered": "booth",
    "operator": "BT",
    "operator:wikidata": "Q593786",
    "payment:coins": "yes",
    "id": "node/560169244"
  },
  "geometry": {
    "type": "Point",
    "coordinates": [
      -5.9526355,
      54.5777242
    ]
  }
},
{
  "type": "Feature",
  "id": "node/560169245",
  "properties": {
    "amenity": "telephone",
    "booth": "KX100",
    "covered": "booth",
    "operator": "BT",
    "operator:wikidata": "Q593786",
    "payment:coins": "yes",
    "id": "node/560169245"
  },
  "geometry": {
    "type": "Point",
    "coordinates": [
      -5.9517615,
      54.578452
    ]
  }
},
{
  "type": "Feature",
  "id": "node/560169246",
  "properties": {
    "addr:city": "Belfast",
    "addr:housenumber": "268",
    "addr:street": "Lisburn Road",
    "amenity": "post_box",
    "brand": "Royal Mail",
    "brand:wikidata": "Q638098",
    "brand:wikipedia": "en:Royal Mail",
    "check_date:collection_times": "2025-12-19",
    "collection_times": "Mo-Fr 09:00, Sa 07:00; Su off",
    "colour": "red",
    "direction": "130",
    "drive_through": "no",
    "operator": "Royal Mail",
    "operator:wikidata": "Q638098",
    "post_box:type": "pillar",
    "ref": "BT9 595D",
    "royal_cypher": "EIIR",
    "royal_cypher:wikidata": "Q33102113",
    "id": "node/560169246"
  },
  "geometry": {
    "type": "Point",
    "coordinates": [
      -5.9515801,
      54.5783621
    ]
  }
},
{
  "type": "Feature",
  "id": "node/560171859",
  "properties": {
    "addr:city": "Belfast",
    "addr:postcode": "BT9 7EJ",
    "addr:street": "Lisburn Road",
    "amenity": "post_box",
    "brand": "Royal Mail",
    "brand:wikidata": "Q638098",
    "brand:wikipedia": "en:Royal Mail",
    "collection_times": "Mo-Fr 09:00; Sa 07:00",
    "drive_through": "no",
    "operator": "Royal Mail",
    "operator:wikidata": "Q638098",
    "post_box:design": "type_k",
    "post_box:type": "pillar",
    "ref": "BT9 25",
    "royal_cypher": "EIIR",
    "id": "node/560171859"
  },
  "geometry": {
    "type": "Point",
    "coordinates": [
      -5.9474072,
      54.581874
    ]
  }
},
{
  "type": "Feature",
  "id": "node/560171861",
  "properties": {
    "amenity": "telephone",
    "booth": "KX100",
    "check_date": "2025-09-29",
    "covered": "booth",
    "operator": "BT",
    "operator:wikidata": "Q593786",
    "payment:coins": "yes",
    "id": "node/560171861"
  },
  "geometry": {
    "type": "Point",
    "coordinates": [
      -5.9469385,
      54.5819868
    ]
  }
},
{
  "type": "Feature",
  "id": "node/560171866",
  "properties": {
    "amenity": "telephone",
    "booth": "KXPlus",
    "check_date": "2025-04-30",
    "covered": "booth",
    "operator": "BT",
    "operator:wikidata": "Q593786",
    "payment:coins": "yes",
    "id": "node/560171866"
  },
  "geometry": {
    "type": "Point",
    "coordinates": [
      -5.943721,
      54.5839463
    ]
  }
},
{
  "type": "Feature",
  "id": "node/560171870",
  "properties": {
    "addr:city": "Belfast",
    "addr:postcode": "BT9 7AB",
    "addr:street": "Lisburn Road",
    "amenity": "post_box",
    "brand": "Royal Mail",
    "brand:wikidata": "Q638098",
    "brand:wikipedia": "en:Royal Mail",
    "operator": "Royal Mail",
    "operator:wikidata": "Q638098",
    "post_box:design": "type_k",
    "post_box:type": "pillar",
    "ref": "BT9 590",
    "royal_cypher": "EIIR",
    "royal_cypher:wikidata": "Q33102113",
    "id": "node/560171870"
  },
  "geometry": {
    "type": "Point",
    "coordinates": [
      -5.9410612,
      54.5855378
    ]
  }
},
{
  "type": "Feature",
  "id": "node/570523072",
  "properties": {
    "amenity": "telephone",
    "booth": "KXPlus",
    "check_date": "2026-03-23",
    "covered": "booth",
    "operator": "BT",
    "operator:wikidata": "Q593786",
    "id": "node/570523072"
  },
  "geometry": {
    "type": "Point",
    "coordinates": [
      -5.931983,
      54.5972964
    ]
  }
},
{
  "type": "Feature",
  "id": "node/570523073",
  "properties": {
    "amenity": "telephone",
    "booth": "KXPlus",
    "check_date": "2026-03-23",
    "covered": "booth",
    "operator": "BT",
    "operator:wikidata": "Q593786",
    "id": "node/570523073"
  },
  "geometry": {
    "type": "Point",
    "coordinates": [
      -5.9320014,
      54.597296
    ]
  }
},
{
  "type": "Feature",
  "id": "node/579036433",
  "properties": {
    "amenity": "telephone",
    "booth": "InLink",
    "check_date": "2025-03-05",
    "operator": "BT",
    "operator:wikidata": "Q593786",
    "id": "node/579036433"
  },
  "geometry": {
    "type": "Point",
    "coordinates": [
      -5.9359967,
      54.5866783
    ]
  }
},
{
  "type": "Feature",
  "id": "node/863547519",
  "properties": {
    "amenity": "post_box",
    "brand": "Royal Mail",
    "brand:wikidata": "Q638098",
    "brand:wikipedia": "en:Royal Mail",
    "operator": "Royal Mail",
    "operator:wikidata": "Q638098",
    "id": "node/863547519"
  },
  "geometry": {
    "type": "Point",
    "coordinates": [
      -5.83575,
      54.59445
    ]
  }
},
{
  "type": "Feature",
  "id": "node/871721310",
  "properties": {
    "amenity": "post_box",
    "brand": "Royal Mail",
    "brand:wikidata": "Q638098",
    "brand:wikipedia": "en:Royal Mail",
    "operator": "Royal Mail",
    "operator:wikidata": "Q638098",
    "id": "node/871721310"
  },
  "geometry": {
    "type": "Point",
    "coordinates": [
      -5.8643477,
      54.5902132
    ]
  }
},
{
  "type": "Feature",
  "id": "node/871721312",
  "properties": {
    "amenity": "post_box",
    "brand": "Royal Mail",
    "brand:wikidata": "Q638098",
    "brand:wikipedia": "en:Royal Mail",
    "operator": "Royal Mail",
    "operator:wikidata": "Q638098",
    "id": "node/871721312"
  },
  "geometry": {
    "type": "Point",
    "coordinates": [
      -5.8472873,
      54.5884109
    ]
  }
},
{
  "type": "Feature",
  "id": "node/1715639852",
  "properties": {
    "amenity": "recycling",
    "id": "node/1715639852"
  },
  "geometry": {
    "type": "Point",
    "coordinates": [
      -5.8936975,
      54.5716601
    ]
  }
},
{
  "type": "Feature",
  "id": "node/1718460658",
  "properties": {
    "addr:housenumber": "19",
    "addr:street": "Greenway",
    "amenity": "community_centre",
    "check_date": "2025-11-12",
    "denomination": "independent_evangelical",
    "email": "manager@greenwaywomenscentre.org",
    "name": "Women’s Centre & Community Childcare",
    "phone": "+44 28 9079 9912",
    "source": "Local Knowledge",
    "website": "https://www.greenwaywomenscentre.org",
    "id": "node/1718460658"
  },
  "geometry": {
    "type": "Point",
    "coordinates": [
      -5.8966973,
      54.576031
    ]
  }
},
{
  "type": "Feature",
  "id": "node/1818582798",
  "properties": {
    "amenity": "post_box",
    "brand": "Royal Mail",
    "brand:wikidata": "Q638098",
    "brand:wikipedia": "en:Royal Mail",
    "operator": "Royal Mail",
    "operator:wikidata": "Q638098",
    "id": "node/1818582798"
  },
  "geometry": {
    "type": "Point",
    "coordinates": [
      -5.8247993,
      54.5940082
    ]
  }
},
{
  "type": "Feature",
  "id": "node/1945415157",
  "properties": {
    "amenity": "waste_disposal",
    "location": "overground",
    "id": "node/1945415157"
  },
  "geometry": {
    "type": "Point",
    "coordinates": [
      -5.9551906,
      54.5764254
    ]
  }
},
{
  "type": "Feature",
  "id": "node/2040100073",
  "properties": {
    "addr:city": "Belfast",
    "addr:housenumber": "520",
    "addr:postcode": "BT8 8EU",
    "addr:street": "Saintfield Road",
    "amenity": "post_office",
    "brand": "Post Office",
    "brand:wikidata": "Q1783168",
    "brand:wikipedia": "en:Post Office Ltd",
    "contact:website": "https://www.postoffice.co.uk/branch-finder/3587045/brackenvale",
    "name": "Brackenvale Post Office",
    "opening_hours": "Mo-Su 06:00-23:59",
    "operator": "Post Office",
    "operator:wikidata": "Q1783168",
    "ref:pol_id": "22733",
    "id": "node/2040100073"
  },
  "geometry": {
    "type": "Point",
    "coordinates": [
      -5.8953372,
      54.5313017
    ]
  }
},
{
  "type": "Feature",
  "id": "node/2040433297",
  "properties": {
    "amenity": "post_box",
    "brand": "Royal Mail",
    "brand:wikidata": "Q638098",
    "brand:wikipedia": "en:Royal Mail",
    "operator": "Royal Mail",
    "operator:wikidata": "Q638098",
    "id": "node/2040433297"
  },
  "geometry": {
    "type": "Point",
    "coordinates": [
      -5.9025307,
      54.5570677
    ]
  }
},
{
  "type": "Feature",
  "id": "node/2041710081",
  "properties": {
    "addr:city": "Belfast",
    "addr:housenumber": "1d",
    "addr:postcode": "BT5 7LH",
    "addr:street": "Ballygowan Road",
    "amenity": "post_office",
    "brand": "Post Office",
    "brand:wikidata": "Q1783168",
    "name": "Lower Castlereagh Post Office",
    "opening_hours": "Mo-Su 06:00-23:00",
    "operator": "Spar",
    "ref:pol_id": "9824",
    "website": "https://www.postoffice.co.uk/branch-finder/2497042/ballygowan-road",
    "id": "node/2041710081"
  },
  "geometry": {
    "type": "Point",
    "coordinates": [
      -5.8728359,
      54.5775173
    ]
  }
},
{
  "type": "Feature",
  "id": "node/2048666636",
  "properties": {
    "addr:city": "Belfast",
    "addr:housenumber": "443",
    "addr:postcode": "BT7 3GQ",
    "addr:street": "Ormeau Road",
    "alt_name": "Ballynafeigh Post Office",
    "amenity": "post_office",
    "brand": "Post Office",
    "brand:wikidata": "Q1783168",
    "brand:wikipedia": "en:Post Office Ltd",
    "contact:website": "https://www.postoffice.co.uk/branch-finder/4067045/ballynafeigh",
    "name": "Ballynafeigh Post Office",
    "opening_hours": "Mo-Fr 09:00-17:30; Sa 09:00-14:00",
    "operator": "Post Office",
    "operator:wikidata": "Q1783168",
    "ref:pol_id": "131217",
    "id": "node/2048666636"
  },
  "geometry": {
    "type": "Point",
    "coordinates": [
      -5.9177518,
      54.5758015
    ]
  }
},
{
  "type": "Feature",
  "id": "node/2048666643",
  "properties": {
    "addr:postcode": "BT7 2FZ",
    "amenity": "post_box",
    "brand": "Royal Mail",
    "brand:wikidata": "Q638098",
    "brand:wikipedia": "en:Royal Mail",
    "collection_times": "Mo-Fr 17:45; Sa 12:00",
    "drive_through": "no",
    "operator": "Royal Mail",
    "operator:wikidata": "Q638098",
    "ref": "BT7 121",
    "id": "node/2048666643"
  },
  "geometry": {
    "type": "Point",
    "coordinates": [
      -5.9189137,
      54.5782883
    ]
  }
},
{
  "type": "Feature",
  "id": "node/2308306488",
  "properties": {
    "amenity": "post_box",
    "brand": "Royal Mail",
    "brand:wikidata": "Q638098",
    "brand:wikipedia": "en:Royal Mail",
    "collection_times": "Mo-Fr 09:00; Sa 07:00",
    "colour": "red",
    "drive_through": "yes",
    "operator": "Royal Mail",
    "operator:wikidata": "Q638098",
    "post_box:type": "pillar",
    "postal_code": "BT15 1AA",
    "ref": "BT15 28",
    "royal_cypher": "EIIR",
    "id": "node/2308306488"
  },
  "geometry": {
    "type": "Point",
    "coordinates": [
      -5.922791,
      54.6106076
    ]
  }
},
{
  "type": "Feature",
  "id": "node/2395711398",
  "properties": {
    "amenity": "post_box",
    "brand": "Royal Mail",
    "brand:wikidata": "Q638098",
    "brand:wikipedia": "en:Royal Mail",
    "operator": "Royal Mail",
    "operator:wikidata": "Q638098",
    "id": "node/2395711398"
  },
  "geometry": {
    "type": "Point",
    "coordinates": [
      -5.8488162,
      54.5553868
    ]
  }
},
{
  "type": "Feature",
  "id": "node/2395711412",
  "properties": {
    "amenity": "telephone",
    "booth": "KX100",
    "covered": "booth",
    "id": "node/2395711412"
  },
  "geometry": {
    "type": "Point",
    "coordinates": [
      -5.8622899,
      54.5648151
    ]
  }
},
{
  "type": "Feature",
  "id": "node/2395711415",
  "properties": {
    "amenity": "recycling",
    "operator": "Macmillan",
    "recycling:clothes": "yes",
    "recycling_type": "container",
    "id": "node/2395711415"
  },
  "geometry": {
    "type": "Point",
    "coordinates": [
      -5.8725994,
      54.5779305
    ]
  }
},
{
  "type": "Feature",
  "id": "node/2395711416",
  "properties": {
    "amenity": "telephone",
    "booth": "KX100",
    "covered": "booth",
    "id": "node/2395711416"
  },
  "geometry": {
    "type": "Point",
    "coordinates": [
      -5.8725795,
      54.5779576
    ]
  }
},
{
  "type": "Feature",
  "id": "node/2395711422",
  "properties": {
    "amenity": "telephone",
    "booth": "KX100",
    "covered": "booth",
    "id": "node/2395711422"
  },
  "geometry": {
    "type": "Point",
    "coordinates": [
      -5.8914939,
      54.5858722
    ]
  }
},
{
  "type": "Feature",
  "id": "node/2445243949",
  "properties": {
    "addr:city": "Belfast",
    "addr:housenumber": "61",
    "addr:postcode": "BT6 8PX",
    "addr:street": "Cregagh Road",
    "amenity": "post_office",
    "brand": "Post Office",
    "brand:wikidata": "Q1783168",
    "name": "Ardenlee Post Office",
    "opening_hours": "Mo 08:00-17:30; Tu-Sa 09:00-17:30",
    "operator": "Post Office",
    "operator:wikidata": "Q1783168",
    "ref:pol_id": "3259",
    "website": "https://www.postoffice.co.uk/branch-finder/1557041/ardenlee",
    "id": "node/2445243949"
  },
  "geometry": {
    "type": "Point",
    "coordinates": [
      -5.899404,
      54.584511
    ]
  }
},
{
  "type": "Feature",
  "id": "node/2445243950",
  "properties": {
    "amenity": "post_box",
    "brand": "Royal Mail",
    "brand:wikidata": "Q638098",
    "fixme": "Survey for ref (query BT6 477)",
    "operator": "Royal Mail",
    "operator:wikidata": "Q638098",
    "ref": "BT6",
    "id": "node/2445243950"
  },
  "geometry": {
    "type": "Point",
    "coordinates": [
      -5.8991974,
      54.5845288
    ]
  }
},
{
  "type": "Feature",
  "id": "node/2445256031",
  "properties": {
    "amenity": "post_box",
    "brand": "Royal Mail",
    "brand:wikidata": "Q638098",
    "brand:wikipedia": "en:Royal Mail",
    "operator": "Royal Mail",
    "operator:wikidata": "Q638098",
    "post_box:type": "pillar",
    "royal_cypher": "EIIR",
    "id": "node/2445256031"
  },
  "geometry": {
    "type": "Point",
    "coordinates": [
      -5.8888624,
      54.5849886
    ]
  }
},
{
  "type": "Feature",
  "id": "node/2445259174",
  "properties": {
    "amenity": "post_box",
    "brand": "Royal Mail",
    "brand:wikidata": "Q638098",
    "brand:wikipedia": "en:Royal Mail",
    "operator": "Royal Mail",
    "operator:wikidata": "Q638098",
    "id": "node/2445259174"
  },
  "geometry": {
    "type": "Point",
    "coordinates": [
      -5.8984457,
      54.5914971
    ]
  }
},
{
  "type": "Feature",
  "id": "node/2445263102",
  "properties": {
    "amenity": "post_box",
    "brand": "Royal Mail",
    "brand:wikidata": "Q638098",
    "collection_times": "Mo-Fr 09:00; Sa 07:00",
    "operator": "Royal Mail",
    "operator:wikidata": "Q638098",
    "ref": "BT6 98D",
    "royal_cypher": "EIIR",
    "royal_cypher:wikidata": "Q33102113",
    "id": "node/2445263102"
  },
  "geometry": {
    "type": "Point",
    "coordinates": [
      -5.9033487,
      54.5913705
    ]
  }
},
{
  "type": "Feature",
  "id": "node/2445277978",
  "properties": {
    "amenity": "telephone",
    "booth": "KX100",
    "covered": "booth",
    "id": "node/2445277978"
  },
  "geometry": {
    "type": "Point",
    "coordinates": [
      -5.8888593,
      54.5848996
    ]
  }
},
{
  "type": "Feature",
  "id": "node/2700659716",
  "properties": {
    "amenity": "social_facility",
    "name": "Pembrook Lodge",
    "note": "Retirement/sheltered housing",
    "social_facility": "nursing_home",
    "social_facility:for": "senior",
    "id": "node/2700659716"
  },
  "geometry": {
    "type": "Point",
    "coordinates": [
      -6.0228073,
      54.568437
    ]
  }
},
{
  "type": "Feature",
  "id": "node/2998980903",
  "properties": {
    "amenity": "telephone",
    "booth": "InLink",
    "id": "node/2998980903"
  },
  "geometry": {
    "type": "Point",
    "coordinates": [
      -5.9326362,
      54.5915947
    ]
  }
},
{
  "type": "Feature",
  "id": "node/3004075435",
  "properties": {
    "amenity": "telephone",
    "booth": "KXPlus",
    "check_date": "2025-04-26",
    "covered": "booth",
    "id": "node/3004075435"
  },
  "geometry": {
    "type": "Point",
    "coordinates": [
      -5.9301389,
      54.5979769
    ]
  }
},
{
  "type": "Feature",
  "id": "node/3007158488",
  "properties": {
    "addr:city": "Belfast",
    "addr:housenumber": "272",
    "addr:postcode": "BT4 1HD",
    "addr:street": "Newtownards Road",
    "amenity": "post_office",
    "brand": "Post Office",
    "brand:wikidata": "Q1783168",
    "name": "Newtownards Road Post Office",
    "opening_hours": "Mo 08:00-17:30; Tu-Sa 09:00-17:30",
    "operator": "Today's Local",
    "ref:pol_id": "10519",
    "website": "https://www.postoffice.co.uk/branch-finder/2647044/newtownards-road",
    "id": "node/3007158488"
  },
  "geometry": {
    "type": "Point",
    "coordinates": [
      -5.8973,
      54.5988594
    ]
  }
},
{
  "type": "Feature",
  "id": "node/3012327550",
  "properties": {
    "amenity": "post_box",
    "brand": "Royal Mail",
    "brand:wikidata": "Q638098",
    "colour": "red",
    "direction": "280",
    "fixme": "Survey for ref (query BT7 20)",
    "operator": "Royal Mail",
    "operator:wikidata": "Q638098",
    "post_box:type": "pillar",
    "ref": "BT7",
    "id": "node/3012327550"
  },
  "geometry": {
    "type": "Point",
    "coordinates": [
      -5.9325468,
      54.5853197
    ]
  }
},
{
  "type": "Feature",
  "id": "node/3012327551",
  "properties": {
    "amenity": "post_box",
    "brand": "Royal Mail",
    "brand:wikidata": "Q638098",
    "brand:wikipedia": "en:Royal Mail",
    "check_date:collection_times": "2025-10-07",
    "collection_times": "Mo-Fr 09:00; Sa 07:00; Su off",
    "colour": "red",
    "direction": "300",
    "drive_through": "no",
    "indoor": "no",
    "operator": "Royal Mail",
    "operator:wikidata": "Q638098",
    "post_box:apertures": "2",
    "post_box:design": "type_c",
    "post_box:type": "pillar",
    "ref": "BT1 17D;BT1 1017D",
    "royal_cypher": "GR",
    "royal_cypher:wikidata": "Q33102273",
    "id": "node/3012327551"
  },
  "geometry": {
    "type": "Point",
    "coordinates": [
      -5.931693,
      54.5970701
    ]
  }
},
{
  "type": "Feature",
  "id": "node/3025227112",
  "properties": {
    "amenity": "post_box",
    "brand": "Royal Mail",
    "brand:wikidata": "Q638098",
    "brand:wikipedia": "en:Royal Mail",
    "operator": "Royal Mail",
    "operator:wikidata": "Q638098",
    "id": "node/3025227112"
  },
  "geometry": {
    "type": "Point",
    "coordinates": [
      -5.9025734,
      54.5989475
    ]
  }
},
{
  "type": "Feature",
  "id": "node/3039567343",
  "properties": {
    "amenity": "telephone",
    "booth": "KX100",
    "covered": "booth",
    "operator": "BT",
    "operator:wikidata": "Q593786",
    "source": "survey",
    "id": "node/3039567343"
  },
  "geometry": {
    "type": "Point",
    "coordinates": [
      -5.9491533,
      54.6042316
    ]
  }
},
{
  "type": "Feature",
  "id": "node/3061377074",
  "properties": {
    "addr:housenumber": "21",
    "addr:street": "Ballymaconaghy Road",
    "amenity": "post_box",
    "brand": "Royal Mail",
    "brand:wikidata": "Q638098",
    "brand:wikipedia": "en:Royal Mail",
    "collection_times": "Mo-Fr 17:30; Sa 11:30",
    "operator": "Royal Mail",
    "operator:wikidata": "Q638098",
    "ref": "BT8 910",
    "id": "node/3061377074"
  },
  "geometry": {
    "type": "Point",
    "coordinates": [
      -5.8915253,
      54.5554526
    ]
  }
},
{
  "type": "Feature",
  "id": "node/3154361763",
  "properties": {
    "addr:city": "Belfast",
    "addr:housename": "Rosetta Filling Station",
    "addr:housenumber": "569",
    "addr:postcode": "BT7 3JB",
    "addr:street": "Ormeau Road",
    "amenity": "post_office",
    "brand": "Post Office",
    "brand:wikidata": "Q1783168",
    "brand:wikipedia": "en:Post Office Ltd",
    "collection_times": "Mo-Fr 17:45; Sa 11:30",
    "contact:website": "https://www.postoffice.co.uk/branch-finder/4107047/rosetta",
    "name": "Rosetta Post Office",
    "opening_hours": "Mo-Su 07:00-23:00",
    "operator": "Post Office",
    "operator:wikidata": "Q1783168",
    "ref:pol_id": "131859",
    "id": "node/3154361763"
  },
  "geometry": {
    "type": "Point",
    "coordinates": [
      -5.9142669,
      54.5696558
    ]
  }
},
{
  "type": "Feature",
  "id": "node/3626660947",
  "properties": {
    "amenity": "post_box",
    "brand": "Royal Mail",
    "brand:wikidata": "Q638098",
    "brand:wikipedia": "en:Royal Mail",
    "collection_times": "Mo-Fr 16:30, Sa 11:30",
    "colour": "red",
    "operator": "Royal Mail",
    "operator:wikidata": "Q638098",
    "post_box:type": "pillar",
    "royal_cypher": "EIIR",
    "id": "node/3626660947"
  },
  "geometry": {
    "type": "Point",
    "coordinates": [
      -5.9370946,
      54.5834008
    ]
  }
},
{
  "type": "Feature",
  "id": "node/3626660948",
  "properties": {
    "addr:city": "Belfast",
    "addr:housenumber": "95",
    "addr:postcode": "BT7 1NG",
    "addr:street": "University Road",
    "amenity": "post_office",
    "brand": "Post Office",
    "brand:wikidata": "Q1783168",
    "brand:wikipedia": "en:Post Office Ltd",
    "contact:website": "https://www.postoffice.co.uk/branch-finder/1787047/botanic-gardens",
    "name": "Botanic Gardens Post Office",
    "opening_hours": "Mo-Fr 08:00-21:00; Sa 09:00-14:00",
    "operator": "Post Office",
    "operator:wikidata": "Q1783168",
    "ref:pol_id": "5172",
    "id": "node/3626660948"
  },
  "geometry": {
    "type": "Point",
    "coordinates": [
      -5.9372395,
      54.5834887
    ]
  }
},
{
  "type": "Feature",
  "id": "node/3930433919",
  "properties": {
    "addr:city": "Belfast",
    "addr:housename": "Rose Building",
    "addr:housenumber": "16",
    "addr:postcode": "BT1 6PA",
    "addr:street": "Howard Street",
    "alt_name": "Howard Street Post Office",
    "amenity": "post_office",
    "brand": "Post Office",
    "brand:wikidata": "Q1783168",
    "brand:wikipedia": "en:Post Office Ltd",
    "contact:website": "https://www.postoffice.co.uk/branch-finder/3967042/howard-street",
    "fhrs:id": "658869",
    "name": "Howard Street Post Office",
    "opening_hours": "Mo-Fr 08:00-17:30",
    "operator": "Post Office",
    "operator:wikidata": "Q1783168",
    "ref:pol_id": "125718",
    "source": "survey;pol_branch_list_2018-02",
    "source:addr": "FHRS Open Data",
    "id": "node/3930433919"
  },
  "geometry": {
    "type": "Point",
    "coordinates": [
      -5.9320687,
      54.5956782
    ]
  }
},
{
  "type": "Feature",
  "id": "node/3930520410",
  "properties": {
    "amenity": "telephone",
    "booth": "KXPlus",
    "check_date": "2025-04-26",
    "covered": "booth",
    "id": "node/3930520410"
  },
  "geometry": {
    "type": "Point",
    "coordinates": [
      -5.9301069,
      54.5976666
    ]
  }
},
{
  "type": "Feature",
  "id": "node/3930656376",
  "properties": {
    "addr:city": "Belfast",
    "addr:housenumber": "57",
    "addr:postcode": "BT1 1FX",
    "addr:street": "Royal Avenue",
    "amenity": "post_box",
    "brand": "Royal Mail",
    "brand:wikidata": "Q638098",
    "brand:wikipedia": "en:Royal Mail",
    "collection_times": "Mo-Fr 16:00; Sa 12:00",
    "colour": "red",
    "direction": "80",
    "drive_through": "no",
    "operator": "Royal Mail",
    "operator:wikidata": "Q638098",
    "post_box:apertures": "2",
    "post_box:design": "type_c",
    "post_box:type": "pillar",
    "ref": "BT1 16D;BT1 1016D",
    "royal_cypher": "EIIR",
    "royal_cypher:wikidata": "Q33102113",
    "source": "survey",
    "id": "node/3930656376"
  },
  "geometry": {
    "type": "Point",
    "coordinates": [
      -5.9308579,
      54.6007255
    ]
  }
},
{
  "type": "Feature",
  "id": "node/3930690112",
  "properties": {
    "amenity": "telephone",
    "booth": "KXPlus",
    "check_date": "2022-08-10",
    "covered": "booth",
    "source": "survey",
    "id": "node/3930690112"
  },
  "geometry": {
    "type": "Point",
    "coordinates": [
      -5.9307668,
      54.6000851
    ]
  }
},
{
  "type": "Feature",
  "id": "node/3930690119",
  "properties": {
    "amenity": "telephone",
    "check_date": "2022-08-10",
    "internet_access": "wlan",
    "note": "Pulse",
    "operator": "Pulse",
    "source": "survey",
    "id": "node/3930690119"
  },
  "geometry": {
    "type": "Point",
    "coordinates": [
      -5.9310171,
      54.6005388
    ]
  }
},
{
  "type": "Feature",
  "id": "node/3930690120",
  "properties": {
    "amenity": "telephone",
    "booth": "KXPlus",
    "check_date": "2025-01-03",
    "covered": "booth",
    "source": "survey",
    "id": "node/3930690120"
  },
  "geometry": {
    "type": "Point",
    "coordinates": [
      -5.9307584,
      54.6000683
    ]
  }
},
{
  "type": "Feature",
  "id": "node/3930727762",
  "properties": {
    "amenity": "telephone",
    "booth": "K6",
    "covered": "booth",
    "listed_status": "Grade B2",
    "man_made": "telephone_box",
    "name": "RSUA Design Box",
    "operator": "BT",
    "operator:wikidata": "Q593786",
    "source": "survey",
    "tourism": "gallery",
    "id": "node/3930727762"
  },
  "geometry": {
    "type": "Point",
    "coordinates": [
      -5.9282588,
      54.6007782
    ]
  }
},
{
  "type": "Feature",
  "id": "node/3930992186",
  "properties": {
    "amenity": "post_box",
    "brand": "Royal Mail",
    "brand:wikidata": "Q638098",
    "check_date:collection_times": "2025-10-27",
    "collection_times": "Mo-Fr 16:45; Sa 10:45",
    "colour": "red",
    "direction": "330",
    "drive_through": "no",
    "indoor": "no",
    "operator": "Royal Mail",
    "operator:wikidata": "Q638098",
    "post_box:apertures": "2",
    "post_box:design": "type_c",
    "post_box:type": "pillar",
    "ref": "BT1 10;BT1 1010",
    "royal_cypher": "EIIR",
    "royal_cypher:wikidata": "Q33102113",
    "id": "node/3930992186"
  },
  "geometry": {
    "type": "Point",
    "coordinates": [
      -5.9270984,
      54.6000479
    ]
  }
},
{
  "type": "Feature",
  "id": "node/3949936030",
  "properties": {
    "addr:city": "Belfast",
    "addr:housenumber": "2",
    "addr:postcode": "BT2 7GP",
    "addr:street": "Clarence Street West",
    "name": "Special EU Programmes Body",
    "office": "government",
    "opening_hours": "Mo-Fr 08:00-18:00",
    "short_name": "SEUPB",
    "id": "node/3949936030"
  },
  "geometry": {
    "type": "Point",
    "coordinates": [
      -5.9315098,
      54.593999
    ]
  }
},
{
  "type": "Feature",
  "id": "node/3949936040",
  "properties": {
    "addr:city": "Belfast",
    "addr:housenumber": "12-22",
    "addr:postcode": "BT2 8BS",
    "addr:street": "Linenhall Street",
    "name": "Belfast Local Commissioning Group (LCG)",
    "office": "government",
    "id": "node/3949936040"
  },
  "geometry": {
    "type": "Point",
    "coordinates": [
      -5.9294686,
      54.594804
    ]
  }
},
{
  "type": "Feature",
  "id": "node/3984149470",
  "properties": {
    "amenity": "post_box",
    "brand": "Royal Mail",
    "brand:wikidata": "Q638098",
    "brand:wikipedia": "en:Royal Mail",
    "collection_times": "Mo-Fr 09:00; Sa 07:00",
    "operator": "Royal Mail",
    "operator:wikidata": "Q638098",
    "postal_code": "BT15 2GD",
    "ref": "BT15 106",
    "id": "node/3984149470"
  },
  "geometry": {
    "type": "Point",
    "coordinates": [
      -5.9293411,
      54.6123016
    ]
  }
},
{
  "type": "Feature",
  "id": "node/3984149471",
  "properties": {
    "amenity": "post_box",
    "brand": "Royal Mail",
    "brand:wikidata": "Q638098",
    "brand:wikipedia": "en:Royal Mail",
    "collection_times": "Mo-Fr 09:00; Sa 07:00",
    "drive_through": "no",
    "operator": "Royal Mail",
    "operator:wikidata": "Q638098",
    "ref": "BT15 422",
    "id": "node/3984149471"
  },
  "geometry": {
    "type": "Point",
    "coordinates": [
      -5.9380739,
      54.6201469
    ]
  }
},
{
  "type": "Feature",
  "id": "node/3984149472",
  "properties": {
    "amenity": "post_box",
    "brand": "Royal Mail",
    "brand:wikidata": "Q638098",
    "brand:wikipedia": "en:Royal Mail",
    "collection_times": "Mo-Fr 09:00; Sa 07:00",
    "operator": "Royal Mail",
    "operator:wikidata": "Q638098",
    "ref": "BT15 100D",
    "id": "node/3984149472"
  },
  "geometry": {
    "type": "Point",
    "coordinates": [
      -5.9381118,
      54.6224749
    ]
  }
},
{
  "type": "Feature",
  "id": "node/3984149473",
  "properties": {
    "amenity": "post_box",
    "brand": "Royal Mail",
    "brand:wikidata": "Q638098",
    "brand:wikipedia": "en:Royal Mail",
    "collection_times": "Mo-Fr 17:00; Sa 12:45",
    "operator": "Royal Mail",
    "operator:wikidata": "Q638098",
    "ref": "BT15 476",
    "id": "node/3984149473"
  },
  "geometry": {
    "type": "Point",
    "coordinates": [
      -5.9380759,
      54.6251126
    ]
  }
},
{
  "type": "Feature",
  "id": "node/3984149474",
  "properties": {
    "amenity": "post_box",
    "brand": "Royal Mail",
    "brand:wikidata": "Q638098",
    "brand:wikipedia": "en:Royal Mail",
    "collection_times": "Mo-Fr 09:00; Sa 07:00",
    "drive_through": "no",
    "operator": "Royal Mail",
    "operator:wikidata": "Q638098",
    "postal_code": "BT15 2HN",
    "ref": "BT15 330",
    "id": "node/3984149474"
  },
  "geometry": {
    "type": "Point",
    "coordinates": [
      -5.9377989,
      54.6159527
    ]
  }
},
{
  "type": "Feature",
  "id": "node/3984149476",
  "properties": {
    "addr:city": "Belfast",
    "addr:housename": "Cedar Pharmacy",
    "addr:housenumber": "471-473",
    "addr:postcode": "BT15 3BP",
    "addr:street": "Antrim Road",
    "amenity": "post_office",
    "brand": "Post Office",
    "brand:wikidata": "Q1783168",
    "brand:wikipedia": "en:Post Office Ltd",
    "contact:website": "https://www.postoffice.co.uk/branch-finder/4307046/fortwilliam",
    "name": "Fortwilliam Post Office",
    "opening_hours": "Mo,Th 09:00-17:00; Tu,We,Fr 09:00-17:30; Sa 09:30-13:00,14:00-16:30",
    "operator": "Post Office",
    "operator:wikidata": "Q1783168",
    "ref:pol_id": "141622",
    "id": "node/3984149476"
  },
  "geometry": {
    "type": "Point",
    "coordinates": [
      -5.93757,
      54.6223494
    ]
  }
},
{
  "type": "Feature",
  "id": "node/3984149477",
  "properties": {
    "addr:city": "Belfast",
    "addr:street": "Skegoneill Avenue",
    "amenity": "post_box",
    "brand": "Royal Mail",
    "brand:wikidata": "Q638098",
    "brand:wikipedia": "en:Royal Mail",
    "collection_times": "Mo-Fr 09:00; Sa 07:00",
    "colour": "red",
    "drive_through": "no",
    "operator": "Royal Mail",
    "operator:wikidata": "Q638098",
    "post_box:type": "lamp",
    "ref": "BT15 249",
    "royal_cypher": "EIIR",
    "id": "node/3984149477"
  },
  "geometry": {
    "type": "Point",
    "coordinates": [
      -5.930181,
      54.6232087
    ]
  }
},
{
  "type": "Feature",
  "id": "node/3986154798",
  "properties": {
    "addr:city": "Belfast",
    "addr:housename": "Tescos, Cityside Retail Park",
    "addr:housenumber": "20-25",
    "addr:postcode": "BT15 1WA",
    "addr:street": "York Street",
    "amenity": "post_office",
    "brand": "Post Office",
    "brand:wikidata": "Q1783168",
    "brand:wikipedia": "en:Post Office Ltd",
    "collection_times": "Mo-Fr 16:40; Sa 11:15",
    "contact:website": "https://www.postoffice.co.uk/branch-finder/2507048/yorkgate-shopping-centre",
    "name": "Yorkgate Post Office",
    "opening_hours": "Mo-Sa 08:00-20:00; Su 10:00-16:00",
    "operator": "Post Office",
    "operator:wikidata": "Q1783168",
    "ref:pol_id": "22730",
    "id": "node/3986154798"
  },
  "geometry": {
    "type": "Point",
    "coordinates": [
      -5.9269719,
      54.6096876
    ]
  }
},
{
  "type": "Feature",
  "id": "node/3986154799",
  "properties": {
    "addr:city": "Belfast",
    "addr:housename": "Unit 3-5",
    "addr:housenumber": "30-42",
    "addr:postcode": "BT15 3HE",
    "addr:street": "York Road",
    "amenity": "post_office",
    "brand": "Post Office",
    "brand:wikidata": "Q1783168",
    "brand:wikipedia": "en:Post Office Ltd",
    "contact:website": "https://www.postoffice.co.uk/branch-finder/2377047/jennymount",
    "name": "Jennymount Post Office",
    "opening_hours": "Mo-Fr 07:00-21:00; Sa,Su 08:00-20:00",
    "operator": "Post Office",
    "operator:wikidata": "Q1783168",
    "ref:pol_id": "9227",
    "id": "node/3986154799"
  },
  "geometry": {
    "type": "Point",
    "coordinates": [
      -5.9246543,
      54.6152751
    ]
  }
},
{
  "type": "Feature",
  "id": "node/3986154816",
  "properties": {
    "amenity": "post_box",
    "brand": "Royal Mail",
    "brand:wikidata": "Q638098",
    "brand:wikipedia": "en:Royal Mail",
    "colour": "red",
    "drive_through": "no",
    "operator": "Royal Mail",
    "operator:wikidata": "Q638098",
    "post_box:type": "pillar",
    "postal_code": "BT15 3HE",
    "ref": "BT15 123",
    "id": "node/3986154816"
  },
  "geometry": {
    "type": "Point",
    "coordinates": [
      -5.9244793,
      54.6153215
    ]
  }
},
{
  "type": "Feature",
  "id": "node/3986154817",
  "properties": {
    "amenity": "post_box",
    "brand": "Royal Mail",
    "brand:wikidata": "Q638098",
    "brand:wikipedia": "en:Royal Mail",
    "collection_times": "Mo-Fr 17:00; Sa 11:30",
    "colour": "red",
    "drive_through": "no",
    "operator": "Royal Mail",
    "operator:wikidata": "Q638098",
    "post_box:type": "pillar",
    "postal_code": "BT15 4AN",
    "ref": "BT15 188",
    "royal_cypher": "GVIR",
    "id": "node/3986154817"
  },
  "geometry": {
    "type": "Point",
    "coordinates": [
      -5.9349265,
      54.628126
    ]
  }
},
{
  "type": "Feature",
  "id": "node/3986154818",
  "properties": {
    "addr:city": "Belfast",
    "addr:housenumber": "514",
    "addr:postcode": "BT15 5GG",
    "addr:street": "Antrim Road",
    "amenity": "post_box",
    "brand": "Royal Mail",
    "brand:wikidata": "Q638098",
    "brand:wikipedia": "en:Royal Mail",
    "drive_through": "no",
    "operator": "Royal Mail",
    "operator:wikidata": "Q638098",
    "post_box:type": "pillar",
    "ref": "BT15 147",
    "royal_cypher": "EIIR",
    "royal_cypher:wikidata": "Q33102113",
    "id": "node/3986154818"
  },
  "geometry": {
    "type": "Point",
    "coordinates": [
      -5.937964,
      54.6318023
    ]
  }
},
{
  "type": "Feature",
  "id": "node/3986154819",
  "properties": {
    "amenity": "post_box",
    "brand": "Royal Mail",
    "brand:wikidata": "Q638098",
    "brand:wikipedia": "en:Royal Mail",
    "colour": "red",
    "drive_through": "no",
    "operator": "Royal Mail",
    "operator:wikidata": "Q638098",
    "post_box:type": "pillar",
    "postal_code": "BT15 3JX",
    "ref": "BT15 116",
    "royal_cypher": "EIIR",
    "id": "node/3986154819"
  },
  "geometry": {
    "type": "Point",
    "coordinates": [
      -5.9240099,
      54.6176994
    ]
  }
},
{
  "type": "Feature",
  "id": "node/3986154820",
  "properties": {
    "amenity": "post_box",
    "brand": "Royal Mail",
    "brand:wikidata": "Q638098",
    "brand:wikipedia": "en:Royal Mail",
    "colour": "red",
    "drive_through": "no",
    "operator": "Royal Mail",
    "operator:wikidata": "Q638098",
    "post_box:type": "pillar",
    "postal_code": "BT15 3PG",
    "ref": "BT15 11",
    "royal_cypher": "VR",
    "id": "node/3986154820"
  },
  "geometry": {
    "type": "Point",
    "coordinates": [
      -5.9226491,
      54.6231811
    ]
  }
},
{
  "type": "Feature",
  "id": "node/3986154821",
  "properties": {
    "amenity": "post_box",
    "brand": "Royal Mail",
    "brand:wikidata": "Q638098",
    "brand:wikipedia": "en:Royal Mail",
    "drive_through": "no",
    "operator": "Royal Mail",
    "operator:wikidata": "Q638098",
    "postal_code": "BT15 3LX",
    "ref": "BT15 468",
    "id": "node/3986154821"
  },
  "geometry": {
    "type": "Point",
    "coordinates": [
      -5.9269875,
      54.6259559
    ]
  }
},
{
  "type": "Feature",
  "id": "node/3986154822",
  "properties": {
    "amenity": "post_box",
    "brand": "Royal Mail",
    "brand:wikidata": "Q638098",
    "brand:wikipedia": "en:Royal Mail",
    "colour": "red",
    "drive_through": "no",
    "operator": "Royal Mail",
    "operator:wikidata": "Q638098",
    "post_box:type": "pillar",
    "postal_code": "BT15 4AS",
    "ref": "BT15 318",
    "royal_cypher": "GVIR",
    "id": "node/3986154822"
  },
  "geometry": {
    "type": "Point",
    "coordinates": [
      -5.92356,
      54.6290476
    ]
  }
},
{
  "type": "Feature",
  "id": "node/3986154823",
  "properties": {
    "amenity": "post_box",
    "brand": "Royal Mail",
    "brand:wikidata": "Q638098",
    "brand:wikipedia": "en:Royal Mail",
    "drive_through": "no",
    "operator": "Royal Mail",
    "operator:wikidata": "Q638098",
    "postal_code": "BT15 3AP",
    "ref": "BT15 151",
    "royal_cypher": "EIIR",
    "id": "node/3986154823"
  },
  "geometry": {
    "type": "Point",
    "coordinates": [
      -5.934144,
      54.6169232
    ]
  }
},
{
  "type": "Feature",
  "id": "node/3986154824",
  "properties": {
    "amenity": "post_box",
    "brand": "Royal Mail",
    "brand:wikidata": "Q638098",
    "brand:wikipedia": "en:Royal Mail",
    "collection_times": "Mo-Fr 09:00; Sa 07:00",
    "drive_through": "no",
    "operator": "Royal Mail",
    "operator:wikidata": "Q638098",
    "postal_code": "BT15 5AB",
    "ref": "BT15 9",
    "id": "node/3986154824"
  },
  "geometry": {
    "type": "Point",
    "coordinates": [
      -5.9382339,
      54.6182297
    ]
  }
},
{
  "type": "Feature",
  "id": "node/3988152303",
  "properties": {
    "amenity": "post_box",
    "brand": "Royal Mail",
    "brand:wikidata": "Q638098",
    "brand:wikipedia": "en:Royal Mail",
    "collection_times": "Mo-Fr 17:30; Sa 11:30",
    "drive_through": "no",
    "operator": "Royal Mail",
    "operator:wikidata": "Q638098",
    "post_box:type": "lamp",
    "ref": "BT15 456",
    "id": "node/3988152303"
  },
  "geometry": {
    "type": "Point",
    "coordinates": [
      -5.9289296,
      54.6185205
    ]
  }
},
{
  "type": "Feature",
  "id": "node/3988152304",
  "properties": {
    "addr:city": "Belfast",
    "addr:postcode": "BT15 1WA",
    "addr:street": "Brougham Street",
    "amenity": "post_box",
    "brand": "Royal Mail",
    "brand:wikidata": "Q638098",
    "brand:wikipedia": "en:Royal Mail",
    "collection_times": "Mo-Fr 09:00; Sa 07:00",
    "drive_through": "no",
    "operator": "Royal Mail",
    "operator:wikidata": "Q638098",
    "post_box:type": "pillar",
    "ref": "BT15 914",
    "id": "node/3988152304"
  },
  "geometry": {
    "type": "Point",
    "coordinates": [
      -5.9254717,
      54.6104327
    ]
  }
},
{
  "type": "Feature",
  "id": "node/3988582492",
  "properties": {
    "amenity": "post_box",
    "brand": "Royal Mail",
    "brand:wikidata": "Q638098",
    "check_date:collection_times": "2025-10-24",
    "collection_times": "Mo-Fr 19:00; Sa 14:30; Su off",
    "colour": "silver",
    "direction": "290",
    "drive_through": "no",
    "indoor": "no",
    "operator": "Royal Mail",
    "operator:wikidata": "Q638098",
    "post_box:apertures": "2",
    "post_box:type": "wall",
    "postal_code": "BT1 1AA",
    "ref": "BT1 1111",
    "royal_cypher": "no",
    "id": "node/3988582492"
  },
  "geometry": {
    "type": "Point",
    "coordinates": [
      -5.923289,
      54.6028935
    ]
  }
},
{
  "type": "Feature",
  "id": "node/3988582493",
  "properties": {
    "addr:city": "Belfast",
    "addr:postcode": "BT1 5GA",
    "addr:street": "Donegall Square North",
    "amenity": "post_box",
    "brand": "Royal Mail",
    "brand:wikidata": "Q638098",
    "brand:wikipedia": "en:Royal Mail",
    "check_date:collection_times": "2025-10-27",
    "collection_times": "Mo-Fr 09:00; Sa 07:00",
    "colour": "red",
    "direction": "0",
    "drive_through": "no",
    "indoor": "no",
    "operator": "Royal Mail",
    "operator:wikidata": "Q638098",
    "post_box:apertures": "2",
    "post_box:design": "type_c",
    "post_box:type": "pillar",
    "ref": "BT1 259D;BT1 1259D",
    "royal_cypher": "EIIR",
    "royal_cypher:wikidata": "Q33102113",
    "source": "survey",
    "id": "node/3988582493"
  },
  "geometry": {
    "type": "Point",
    "coordinates": [
      -5.9295828,
      54.5973931
    ]
  }
},
{
  "type": "Feature",
  "id": "node/4007329355",
  "properties": {
    "addr:postcode": "BT12 6BA",
    "amenity": "post_box",
    "brand": "Royal Mail",
    "brand:wikidata": "Q638098",
    "brand:wikipedia": "en:Royal Mail",
    "colour": "red",
    "drive_through": "no",
    "name": "The Royal Hospitals",
    "operator": "Royal Mail",
    "operator:wikidata": "Q638098",
    "post_box:type": "pillar",
    "ref": "BT12 585",
    "id": "node/4007329355"
  },
  "geometry": {
    "type": "Point",
    "coordinates": [
      -5.9548541,
      54.5930217
    ]
  }
},
{
  "type": "Feature",
  "id": "node/4012358203",
  "properties": {
    "addr:city": "Belfast",
    "addr:postcode": "BT14 6AD",
    "addr:street": "Crumlin Road",
    "amenity": "post_box",
    "brand": "Royal Mail",
    "brand:wikidata": "Q638098",
    "brand:wikipedia": "en:Royal Mail",
    "drive_through": "no",
    "operator": "Royal Mail",
    "operator:wikidata": "Q638098",
    "post_box:type": "pillar",
    "ref": "BT14 12",
    "id": "node/4012358203"
  },
  "geometry": {
    "type": "Point",
    "coordinates": [
      -5.9411119,
      54.6085446
    ]
  }
},
{
  "type": "Feature",
  "id": "node/4014946867",
  "properties": {
    "amenity": "community_centre",
    "name": "Cregagh Community Centre",
    "id": "node/4014946867"
  },
  "geometry": {
    "type": "Point",
    "coordinates": [
      -5.9008815,
      54.5756021
    ]
  }
},
{
  "type": "Feature",
  "id": "node/4031412949",
  "properties": {
    "amenity": "post_box",
    "brand": "Royal Mail",
    "brand:wikidata": "Q638098",
    "brand:wikipedia": "en:Royal Mail",
    "collection_times": "Mo-Fr 16:00; Sa 11:30",
    "drive_through": "no",
    "operator": "Royal Mail",
    "operator:wikidata": "Q638098",
    "postal_code": "BT15 2GW",
    "ref": "BT15 105",
    "id": "node/4031412949"
  },
  "geometry": {
    "type": "Point",
    "coordinates": [
      -5.9361458,
      54.6134478
    ]
  }
},
{
  "type": "Feature",
  "id": "node/4031412950",
  "properties": {
    "amenity": "post_box",
    "brand": "Royal Mail",
    "brand:wikidata": "Q638098",
    "brand:wikipedia": "en:Royal Mail",
    "collection_times": "Mo-Fr 09:00; Sa 07:00",
    "drive_through": "no",
    "operator": "Royal Mail",
    "operator:wikidata": "Q638098",
    "postal_code": "BT14 6BE",
    "ref": "BT14 144",
    "id": "node/4031412950"
  },
  "geometry": {
    "type": "Point",
    "coordinates": [
      -5.9357622,
      54.6111613
    ]
  }
},
{
  "type": "Feature",
  "id": "node/4031623170",
  "properties": {
    "addr:city": "Belfast",
    "addr:housenumber": "15",
    "addr:postcode": "BT15 5HH",
    "addr:street": "Strathmore Park",
    "amenity": "post_box",
    "brand": "Royal Mail",
    "brand:wikidata": "Q638098",
    "brand:wikipedia": "en:Royal Mail",
    "drive_through": "no",
    "operator": "Royal Mail",
    "operator:wikidata": "Q638098",
    "post_box:type": "pillar",
    "ref": "BT15 789",
    "id": "node/4031623170"
  },
  "geometry": {
    "type": "Point",
    "coordinates": [
      -5.938519,
      54.6356498
    ]
  }
},
{
  "type": "Feature",
  "id": "node/4038588667",
  "properties": {
    "amenity": "community_centre",
    "name": "Ballynafeigh Orange Hall",
    "operator": "The Orange Order",
    "id": "node/4038588667"
  },
  "geometry": {
    "type": "Point",
    "coordinates": [
      -5.9181864,
      54.5767131
    ]
  }
},
{
  "type": "Feature",
  "id": "node/4038588733",
  "properties": {
    "amenity": "community_centre",
    "name": "Ballynafeigh Community Development Association",
    "id": "node/4038588733"
  },
  "geometry": {
    "type": "Point",
    "coordinates": [
      -5.9209113,
      54.5804902
    ]
  }
},
{
  "type": "Feature",
  "id": "node/4038588738",
  "properties": {
    "addr:city": "Belfast",
    "addr:housenumber": "259",
    "addr:postcode": "BT7 3GG",
    "addr:street": "Ormeau Road",
    "amenity": "post_box",
    "brand": "Royal Mail",
    "brand:wikidata": "Q638098",
    "brand:wikipedia": "en:Royal Mail",
    "drive_through": "no",
    "operator": "Royal Mail",
    "operator:wikidata": "Q638098",
    "post_box:type": "pillar",
    "ref": "BT7 455",
    "id": "node/4038588738"
  },
  "geometry": {
    "type": "Point",
    "coordinates": [
      -5.9212375,
      54.581101
    ]
  }
},
{
  "type": "Feature",
  "id": "node/4064866594",
  "properties": {
    "addr:city": "Belfast",
    "addr:housenumber": "131",
    "addr:postcode": "BT15 5BJ",
    "addr:street": "Cavehill Road",
    "amenity": "post_box",
    "brand": "Royal Mail",
    "brand:wikidata": "Q638098",
    "brand:wikipedia": "en:Royal Mail",
    "collection_times": "Mo-Fr 09:00; Sa 07:00",
    "drive_through": "no",
    "operator": "Royal Mail",
    "operator:wikidata": "Q638098",
    "post_box:type": "pillar",
    "postal_code": "BT15 5BJ",
    "ref": "BT15 425",
    "royal_cypher": "VR",
    "royal_cypher:wikidata": "Q33102356",
    "id": "node/4064866594"
  },
  "geometry": {
    "type": "Point",
    "coordinates": [
      -5.9428614,
      54.6233764
    ]
  }
},
{
  "type": "Feature",
  "id": "node/4064866595",
  "properties": {
    "addr:city": "Belfast",
    "addr:housenumber": "122",
    "addr:postcode": "BT1 2GX",
    "addr:street": "Donegall Street",
    "amenity": "post_box",
    "brand": "Royal Mail",
    "brand:wikidata": "Q638098",
    "brand:wikipedia": "en:Royal Mail",
    "check_date:collection_times": "2025-10-27",
    "collection_times": "Mo-Fr 09:00; Sa 07:00; Su off",
    "colour": "red",
    "direction": "60",
    "drive_through": "no",
    "operator": "Royal Mail",
    "operator:wikidata": "Q638098",
    "post_box:apertures": "2",
    "post_box:design": "type_c",
    "post_box:type": "pillar",
    "ref": "BT1 1036D;BT1 36D",
    "royal_cypher": "EIIR",
    "royal_cypher:wikidata": "Q33102113",
    "id": "node/4064866595"
  },
  "geometry": {
    "type": "Point",
    "coordinates": [
      -5.9311778,
      54.6044988
    ]
  }
},
{
  "type": "Feature",
  "id": "node/4204422389",
  "properties": {
    "addr:city": "Belfast",
    "addr:postcode": "BT7 1DX",
    "addr:street": "Ormeau Road",
    "amenity": "post_box",
    "brand": "Royal Mail",
    "brand:wikidata": "Q638098",
    "brand:wikipedia": "en:Royal Mail",
    "collection_times": "Mo-Fr 17:00; Sa 12:15",
    "operator": "Royal Mail",
    "operator:wikidata": "Q638098",
    "post_box:type": "pillar",
    "ref": "BT7 811",
    "royal_cypher": "VR",
    "royal_cypher:wikidata": "Q33102356",
    "id": "node/4204422389"
  },
  "geometry": {
    "type": "Point",
    "coordinates": [
      -5.9258901,
      54.5914191
    ]
  }
},
{
  "type": "Feature",
  "id": "node/4326583594",
  "properties": {
    "addr:city": "Belfast",
    "addr:housename": "Law Society House",
    "addr:housenumber": "90-106",
    "addr:postcode": "BT1 3GN",
    "addr:street": "Victoria Street",
    "alt_name": "Her Majesty's Passport Office",
    "contact:phone": "+44 300 222 0000",
    "government": "public_service",
    "name": "HM Passport Office",
    "office": "government",
    "opening_hours": "Mo-Fr 08:00-17:00; Sa 08:00-15:00",
    "short_name": "HMPO",
    "wikidata": "Q5988335",
    "wikipedia": "en:HM Passport Office",
    "id": "node/4326583594"
  },
  "geometry": {
    "type": "Point",
    "coordinates": [
      -5.9236164,
      54.5966549
    ]
  }
},
{
  "type": "Feature",
  "id": "node/4333505922",
  "properties": {
    "addr:postcode": "BT15 5GL",
    "amenity": "post_box",
    "brand": "Royal Mail",
    "brand:wikidata": "Q638098",
    "brand:wikipedia": "en:Royal Mail",
    "collection_times": "Mo-Fr 09:00; Sa 07:00",
    "operator": "Royal Mail",
    "operator:wikidata": "Q638098",
    "post_box:type": "pillar",
    "ref": "BT15 166",
    "id": "node/4333505922"
  },
  "geometry": {
    "type": "Point",
    "coordinates": [
      -5.9366561,
      54.6370598
    ]
  }
},
{
  "type": "Feature",
  "id": "node/4333505923",
  "properties": {
    "addr:postcode": "BT15 5GP",
    "amenity": "post_box",
    "brand": "Royal Mail",
    "brand:wikidata": "Q638098",
    "brand:wikipedia": "en:Royal Mail",
    "collection_times": "Mo-Fr 09:00; Sa 07:00",
    "colour": "red",
    "direction": "100",
    "drive_through": "no",
    "operator": "Royal Mail",
    "operator:wikidata": "Q638098",
    "post_box:type": "pillar",
    "ref": "BT15 213",
    "royal_cypher": "GR",
    "id": "node/4333505923"
  },
  "geometry": {
    "type": "Point",
    "coordinates": [
      -5.9362325,
      54.64241
    ]
  }
},
{
  "type": "Feature",
  "id": "node/4333505924",
  "properties": {
    "addr:city": "Belfast",
    "addr:housename": "Guy's Supermarket",
    "addr:housenumber": "771",
    "addr:postcode": "BT15 4EP",
    "addr:street": "Antrim Road",
    "amenity": "post_box",
    "brand": "Royal Mail",
    "brand:wikidata": "Q638098",
    "brand:wikipedia": "en:Royal Mail",
    "drive_through": "no",
    "operator": "Royal Mail",
    "operator:wikidata": "Q638098",
    "ref": "BT15 557",
    "id": "node/4333505924"
  },
  "geometry": {
    "type": "Point",
    "coordinates": [
      -5.9348352,
      54.6456028
    ]
  }
},
{
  "type": "Feature",
  "id": "node/4336871859",
  "properties": {
    "addr:city": "Belfast",
    "addr:housenumber": "101",
    "addr:postcode": "BT15 4FQ",
    "addr:street": "Donegall Park Avenue",
    "amenity": "post_office",
    "brand": "Post Office",
    "brand:wikidata": "Q1783168",
    "brand:wikipedia": "en:Post Office Ltd",
    "contact:website": "https://www.postoffice.co.uk/branch-finder/2717042/parkmount",
    "name": "Parkmount Post Office",
    "opening_hours": "Mo,Tu,Th,Fr 08:30-17:30; We 08:30-17:00; Sa 08:30-12:30",
    "operator": "Post Office",
    "operator:wikidata": "Q1783168",
    "ref:pol_id": "10839",
    "id": "node/4336871859"
  },
  "geometry": {
    "type": "Point",
    "coordinates": [
      -5.9237629,
      54.6367812
    ]
  }
},
{
  "type": "Feature",
  "id": "node/4336871860",
  "properties": {
    "addr:city": "Belfast",
    "addr:housenumber": "117-123",
    "addr:postcode": "BT6 8DR",
    "addr:street": "Ravenhill Road",
    "amenity": "post_office",
    "brand": "Post Office",
    "brand:wikidata": "Q1783168",
    "brand:wikipedia": "en:Post Office Ltd",
    "contact:website": "https://www.postoffice.co.uk/branch-finder/3947041/ravenhill",
    "name": "Ravenhill Post Office",
    "opening_hours": "Mo-Su 06:00-22:00",
    "operator": "Post Office",
    "operator:wikidata": "Q1783168",
    "ref:pol_id": "125261",
    "id": "node/4336871860"
  },
  "geometry": {
    "type": "Point",
    "coordinates": [
      -5.9105585,
      54.5914624
    ]
  }
},
{
  "type": "Feature",
  "id": "node/4337091157",
  "properties": {
    "addr:city": "Belfast",
    "addr:postcode": "BT7 3GR",
    "addr:street": "Ormeau Road",
    "amenity": "post_box",
    "brand": "Royal Mail",
    "brand:wikidata": "Q638098",
    "brand:wikipedia": "en:Royal Mail",
    "drive_through": "no",
    "operator": "Royal Mail",
    "operator:wikidata": "Q638098",
    "post_box:type": "pillar",
    "ref": "BT7 114",
    "id": "node/4337091157"
  },
  "geometry": {
    "type": "Point",
    "coordinates": [
      -5.9164674,
      54.5744991
    ]
  }
},
{
  "type": "Feature",
  "id": "node/4359142145",
  "properties": {
    "addr:city": "Belfast",
    "addr:postcode": "BT9 6EL",
    "addr:street": "Windsor Avenue",
    "amenity": "post_box",
    "brand": "Royal Mail",
    "brand:wikidata": "Q638098",
    "brand:wikipedia": "en:Royal Mail",
    "drive_through": "no",
    "name": "Windsor Avenue North",
    "operator": "Royal Mail",
    "operator:wikidata": "Q638098",
    "post_box:type": "pillar",
    "ref": "BT9 418",
    "id": "node/4359142145"
  },
  "geometry": {
    "type": "Point",
    "coordinates": [
      -5.9422923,
      54.5793661
    ]
  }
},
{
  "type": "Feature",
  "id": "node/4359142146",
  "properties": {
    "addr:city": "Belfast",
    "addr:housenumber": "52",
    "addr:postcode": "BT9 5BS",
    "addr:street": "Malone Road",
    "amenity": "post_box",
    "brand": "Royal Mail",
    "brand:wikidata": "Q638098",
    "brand:wikipedia": "en:Royal Mail",
    "collection_times": "Mo-Fr 09:00; Sa 07:00",
    "drive_through": "no",
    "name": "Lennoxvale",
    "operator": "Royal Mail",
    "operator:wikidata": "Q638098",
    "post_box:type": "pillar",
    "ref": "BT9 132",
    "royal_cypher": "EIIR",
    "id": "node/4359142146"
  },
  "geometry": {
    "type": "Point",
    "coordinates": [
      -5.9391742,
      54.5794127
    ]
  }
},
{
  "type": "Feature",
  "id": "node/4364433032",
  "properties": {
    "addr:city": "Belfast",
    "addr:housenumber": "44",
    "addr:postcode": "BT15 5HD",
    "addr:street": "North Circular Road",
    "amenity": "post_box",
    "brand": "Royal Mail",
    "brand:wikidata": "Q638098",
    "brand:wikipedia": "en:Royal Mail",
    "collection_times": "Mo-Fr 09:00; Sa 07:00",
    "note": "Collection time as of 17/09/2017",
    "operator": "Royal Mail",
    "operator:wikidata": "Q638098",
    "post_box:type": "pillar",
    "ref": "BT15 271",
    "royal_cypher": "GR",
    "id": "node/4364433032"
  },
  "geometry": {
    "type": "Point",
    "coordinates": [
      -5.9440497,
      54.6343187
    ]
  }
},
{
  "type": "Feature",
  "id": "node/4375781641",
  "properties": {
    "addr:city": "Belfast",
    "addr:postcode": "BT1 6DZ",
    "addr:street": "College Square East",
    "amenity": "post_box",
    "brand": "Royal Mail",
    "brand:wikidata": "Q638098",
    "brand:wikipedia": "en:Royal Mail",
    "check_date:collection_times": "2025-10-27",
    "collection_times": "Mo-Fr 09:00; Sa 07:00; Su off",
    "colour": "red",
    "direction": "270",
    "drive_through": "no",
    "indoor": "no",
    "operator": "Royal Mail",
    "operator:wikidata": "Q638098",
    "post_box:design": "type_k",
    "post_box:type": "pillar",
    "ref": "BT1 30D",
    "royal_cypher": "EIIR",
    "royal_cypher:wikidata": "Q33102113",
    "id": "node/4375781641"
  },
  "geometry": {
    "type": "Point",
    "coordinates": [
      -5.9349895,
      54.5975121
    ]
  }
},
{
  "type": "Feature",
  "id": "node/4375781642",
  "properties": {
    "addr:city": "Belfast",
    "addr:postcode": "BT15 5BP",
    "addr:street": "Cavehill Road",
    "amenity": "post_box",
    "brand": "Royal Mail",
    "brand:wikidata": "Q638098",
    "brand:wikipedia": "en:Royal Mail",
    "drive_through": "no",
    "operator": "Royal Mail",
    "operator:wikidata": "Q638098",
    "ref": "BT15 669",
    "id": "node/4375781642"
  },
  "geometry": {
    "type": "Point",
    "coordinates": [
      -5.9435971,
      54.6270457
    ]
  }
},
{
  "type": "Feature",
  "id": "node/4375781643",
  "properties": {
    "addr:city": "Belfast",
    "addr:housename": "Parkmount Post Office",
    "addr:housenumber": "101",
    "addr:postcode": "BT15 4HE",
    "addr:street": "Donegall Park Avenue",
    "amenity": "post_box",
    "brand": "Royal Mail",
    "brand:wikidata": "Q638098",
    "brand:wikipedia": "en:Royal Mail",
    "colour": "red",
    "drive_through": "no",
    "operator": "Royal Mail",
    "operator:wikidata": "Q638098",
    "ref": "BT15 515",
    "id": "node/4375781643"
  },
  "geometry": {
    "type": "Point",
    "coordinates": [
      -5.923416,
      54.6367188
    ]
  }
},
{
  "type": "Feature",
  "id": "node/4375781644",
  "properties": {
    "addr:city": "Belfast",
    "addr:housenumber": "24-28",
    "addr:postcode": "BT15 1ES",
    "addr:street": "North Queen Street",
    "amenity": "post_box",
    "brand": "Royal Mail",
    "brand:wikidata": "Q638098",
    "brand:wikipedia": "en:Royal Mail",
    "drive_through": "no",
    "operator": "Royal Mail",
    "operator:wikidata": "Q638098",
    "post_box:type": "pillar",
    "ref": "BT15 78",
    "id": "node/4375781644"
  },
  "geometry": {
    "type": "Point",
    "coordinates": [
      -5.9299418,
      54.6082799
    ]
  }
},
{
  "type": "Feature",
  "id": "node/4376989375",
  "properties": {
    "addr:city": "Belfast",
    "addr:postcode": "BT15 1AS",
    "addr:street": "York Street",
    "amenity": "post_box",
    "brand": "Royal Mail",
    "brand:wikidata": "Q638098",
    "brand:wikipedia": "en:Royal Mail",
    "check_date:collection_times": "2025-10-27",
    "collection_times": "Mo-Fr 09:00; Sa 07:00",
    "colour": "red",
    "direction": "120",
    "drive_through": "no",
    "indoor": "no",
    "operator": "Royal Mail",
    "operator:wikidata": "Q638098",
    "post_box:apertures": "1",
    "post_box:design": "type_k",
    "post_box:type": "pillar",
    "ref": "BT15 371",
    "royal_cypher": "EIIR",
    "id": "node/4376989375"
  },
  "geometry": {
    "type": "Point",
    "coordinates": [
      -5.9296028,
      54.603754
    ]
  }
},
{
  "type": "Feature",
  "id": "node/4376989376",
  "properties": {
    "addr:city": "Belfast",
    "addr:housenumber": "83",
    "addr:postcode": "BT2 7AF",
    "addr:street": "Great Victoria Street",
    "amenity": "post_box",
    "brand": "Royal Mail",
    "brand:wikidata": "Q638098",
    "brand:wikipedia": "en:Royal Mail",
    "check_date:collection_times": "2025-10-27",
    "collection_times": "Mo-Fr 09:00; Sa 07:00; Su off",
    "colour": "red",
    "drive_through": "no",
    "indoor": "no",
    "operator": "Royal Mail",
    "operator:wikidata": "Q638098",
    "post_box:apertures": "1",
    "post_box:type": "pillar",
    "ref": "BT2 408D",
    "royal_cypher": "EIIR",
    "royal_cypher:wikidata": "Q33102113",
    "id": "node/4376989376"
  },
  "geometry": {
    "type": "Point",
    "coordinates": [
      -5.9342521,
      54.5922245
    ]
  }
},
{
  "type": "Feature",
  "id": "node/4376989506",
  "properties": {
    "addr:city": "Belfast",
    "addr:postcode": "BT7 2HL",
    "addr:street": "Ormeau Road",
    "amenity": "post_box",
    "brand": "Royal Mail",
    "brand:wikidata": "Q638098",
    "brand:wikipedia": "en:Royal Mail",
    "drive_through": "no",
    "operator": "Royal Mail",
    "operator:wikidata": "Q638098",
    "ref": "BT7 176",
    "id": "node/4376989506"
  },
  "geometry": {
    "type": "Point",
    "coordinates": [
      -5.9149912,
      54.5728963
    ]
  }
},
{
  "type": "Feature",
  "id": "node/4376989507",
  "properties": {
    "addr:city": "Belfast",
    "addr:housenumber": "111",
    "addr:postcode": "BT7 1SH",
    "addr:street": "Ormeau Road",
    "amenity": "post_box",
    "brand": "Royal Mail",
    "brand:wikidata": "Q638098",
    "brand:wikipedia": "en:Royal Mail",
    "collection_times": "Mo-Fr 09:00; Sa 07:00",
    "operator": "Royal Mail",
    "operator:wikidata": "Q638098",
    "post_box:type": "pillar",
    "ref": "BT7 219",
    "royal_cypher": "EIIR",
    "id": "node/4376989507"
  },
  "geometry": {
    "type": "Point",
    "coordinates": [
      -5.9239422,
      54.5873622
    ]
  }
},
{
  "type": "Feature",
  "id": "node/4376989511",
  "properties": {
    "addr:city": "Belfast",
    "addr:postcode": "BT2 7FD",
    "addr:street": "Bedford Street",
    "amenity": "post_box",
    "brand": "Royal Mail",
    "brand:wikidata": "Q638098",
    "check_date:collection_times": "2025-10-27",
    "collection_times": "Mo-Fr 17:15; Sa 11:15",
    "colour": "red",
    "direction": "90",
    "drive_through": "no",
    "indoor": "no",
    "note": "dual slot box - each slot has its own reference number",
    "operator": "Royal Mail",
    "operator:wikidata": "Q638098",
    "post_box:apertures": "2",
    "post_box:design": "type_c",
    "post_box:type": "pillar",
    "ref": "BT2 1029;BT2 29",
    "royal_cypher": "EIIR",
    "royal_cypher:wikidata": "Q33102113",
    "id": "node/4376989511"
  },
  "geometry": {
    "type": "Point",
    "coordinates": [
      -5.9312622,
      54.5951262
    ]
  }
},
{
  "type": "Feature",
  "id": "node/4376989512",
  "properties": {
    "addr:city": "Belfast",
    "addr:postcode": "BT2 7FD",
    "addr:street": "Bedford Street",
    "amenity": "post_box",
    "brand": "Royal Mail",
    "brand:wikidata": "Q638098",
    "check_date:collection_times": "2025-10-27",
    "collection_times": "Mo-Fr 18:00; Sa 11:15",
    "colour": "red",
    "description": "Franked mail only.",
    "direction": "90",
    "drive_through": "no",
    "indoor": "no",
    "note": "ref now has a 'P' suffix, indicating that the box accepts parcels",
    "operator": "Royal Mail",
    "operator:wikidata": "Q638098",
    "post_box:apertures": "1",
    "post_box:type": "meter",
    "ref": "BT2 922P",
    "royal_cypher": "no",
    "id": "node/4376989512"
  },
  "geometry": {
    "type": "Point",
    "coordinates": [
      -5.9312639,
      54.5951412
    ]
  }
},
{
  "type": "Feature",
  "id": "node/4391429887",
  "properties": {
    "addr:city": "Belfast",
    "addr:postcode": "BT7 1JG",
    "addr:street": "Botanic Avenue",
    "amenity": "post_box",
    "brand": "Royal Mail",
    "brand:wikidata": "Q638098",
    "brand:wikipedia": "en:Royal Mail",
    "check_date:collection_times": "2025-10-27",
    "collection_times": "Mo-Fr 09:00; Sa 07:00",
    "colour": "red",
    "drive_through": "no",
    "indoor": "no",
    "operator": "Royal Mail",
    "operator:wikidata": "Q638098",
    "post_box:apertures": "2",
    "post_box:design": "type_c",
    "post_box:type": "pillar",
    "ref": "BT2 1714D;BT2 714D",
    "royal_cypher": "EIIR",
    "royal_cypher:wikidata": "Q33102113",
    "id": "node/4391429887"
  },
  "geometry": {
    "type": "Point",
    "coordinates": [
      -5.9337451,
      54.589309
    ]
  }
},
{
  "type": "Feature",
  "id": "node/4412160890",
  "properties": {
    "addr:housename": "Parliament Buildings",
    "addr:place": "Stormont",
    "addr:postcode": "BT4 3XX",
    "addr:street": "Massey Avenue",
    "amenity": "post_box",
    "brand": "Royal Mail",
    "brand:wikidata": "Q638098",
    "brand:wikipedia": "en:Royal Mail",
    "collection_times": "Mo-Fr 10:00",
    "description": "located in the lobby of Parliament Buildings",
    "drive_through": "no",
    "operator": "Royal Mail",
    "operator:wikidata": "Q638098",
    "ref": "BT4 502",
    "id": "node/4412160890"
  },
  "geometry": {
    "type": "Point",
    "coordinates": [
      -5.8321561,
      54.6048413
    ]
  }
},
{
  "type": "Feature",
  "id": "node/4412942890",
  "properties": {
    "addr:city": "Belfast",
    "addr:housenumber": "5",
    "addr:postcode": "BT4 2JT",
    "addr:street": "Massey Avenue",
    "amenity": "post_box",
    "brand": "Royal Mail",
    "brand:wikidata": "Q638098",
    "brand:wikipedia": "en:Royal Mail",
    "drive_through": "no",
    "operator": "Royal Mail",
    "operator:wikidata": "Q638098",
    "post_box:type": "pillar",
    "ref": "BT4 320",
    "id": "node/4412942890"
  },
  "geometry": {
    "type": "Point",
    "coordinates": [
      -5.8438207,
      54.6039079
    ]
  }
},
{
  "type": "Feature",
  "id": "node/4412942893",
  "properties": {
    "addr:city": "Belfast",
    "addr:postcode": "BT4 3ND",
    "addr:street": "Belmont Road",
    "amenity": "post_box",
    "brand": "Royal Mail",
    "brand:wikidata": "Q638098",
    "brand:wikipedia": "en:Royal Mail",
    "operator": "Royal Mail",
    "operator:wikidata": "Q638098",
    "post_box:type": "pillar",
    "ref": "BT4 146D",
    "id": "node/4412942893"
  },
  "geometry": {
    "type": "Point",
    "coordinates": [
      -5.8536726,
      54.6009877
    ]
  }
},
{
  "type": "Feature",
  "id": "node/4428177229",
  "properties": {
    "amenity": "post_box",
    "brand": "Royal Mail",
    "brand:wikidata": "Q638098",
    "check_date:collection_times": "2025-10-27",
    "collection_times": "Mo-Fr 18:00; Sa 11:45; Su off",
    "colour": "red",
    "description": "Franked mail only.",
    "direction": "330",
    "drive_through": "no",
    "indoor": "no",
    "operator": "Royal Mail",
    "operator:wikidata": "Q638098",
    "post_box:apertures": "1",
    "post_box:type": "meter",
    "ref": "BT1 393P",
    "royal_cypher": "no",
    "id": "node/4428177229"
  },
  "geometry": {
    "type": "Point",
    "coordinates": [
      -5.9271175,
      54.6000406
    ]
  }
},
{
  "type": "Feature",
  "id": "node/4429446991",
  "properties": {
    "amenity": "community_centre",
    "name": "Ashton Centre",
    "name:en": "Ashton Centre",
    "id": "node/4429446991"
  },
  "geometry": {
    "type": "Point",
    "coordinates": [
      -5.9344182,
      54.6096796
    ]
  }
},
{
  "type": "Feature",
  "id": "node/4440311123",
  "properties": {
    "addr:postcode": "BT3 9LE",
    "addr:street": "Airport Road West",
    "amenity": "post_box",
    "brand": "Royal Mail",
    "brand:wikidata": "Q638098",
    "colour": "red",
    "note": "Franked Mail Only",
    "operator": "Royal Mail",
    "operator:wikidata": "Q638098",
    "post_box:type": "meter",
    "ref": "BT3 918P",
    "royal_cypher": "no",
    "id": "node/4440311123"
  },
  "geometry": {
    "type": "Point",
    "coordinates": [
      -5.8678661,
      54.633557
    ]
  }
},
{
  "type": "Feature",
  "id": "node/4440311124",
  "properties": {
    "addr:postcode": "BT3 9LE",
    "addr:street": "Airport Road West",
    "amenity": "post_box",
    "brand": "Royal Mail",
    "brand:wikidata": "Q638098",
    "colour": "red",
    "operator": "Royal Mail",
    "operator:wikidata": "Q638098",
    "post_box:type": "pillar",
    "ref": "BT3 917",
    "id": "node/4440311124"
  },
  "geometry": {
    "type": "Point",
    "coordinates": [
      -5.8678271,
      54.633583
    ]
  }
},
{
  "type": "Feature",
  "id": "node/4632153872",
  "properties": {
    "addr:city": "Belfast",
    "addr:housenumber": "151-157",
    "addr:postcode": "BT13 1FD",
    "addr:street": "Shankill Road",
    "amenity": "community_centre",
    "name": "Shankill Women's Centre",
    "source": "http://www.shankillwomenscentre.org.uk",
    "id": "node/4632153872"
  },
  "geometry": {
    "type": "Point",
    "coordinates": [
      -5.9467141,
      54.6045366
    ]
  }
},
{
  "type": "Feature",
  "id": "node/4684227236",
  "properties": {
    "addr:city": "Belfast",
    "addr:housenumber": "87-89",
    "addr:postcode": "BT10 0GY",
    "addr:street": "Upper Lisburn Road",
    "amenity": "post_office",
    "brand": "Post Office",
    "brand:wikidata": "Q1783168",
    "brand:wikipedia": "en:Post Office Ltd",
    "contact:website": "https://www.postoffice.co.uk/branch-finder/2237040/finaghy",
    "name": "Finaghy Post Office",
    "opening_hours": "Mo-Fr 08:30-19:00; Sa 09:00-17:30",
    "operator": "Post Office",
    "operator:wikidata": "Q1783168",
    "ref:pol_id": "8432",
    "id": "node/4684227236"
  },
  "geometry": {
    "type": "Point",
    "coordinates": [
      -5.9795188,
      54.5643113
    ]
  }
},
{
  "type": "Feature",
  "id": "node/4695772030",
  "properties": {
    "amenity": "post_box",
    "brand": "Royal Mail",
    "brand:wikidata": "Q638098",
    "brand:wikipedia": "en:Royal Mail",
    "drive_through": "no",
    "operator": "Royal Mail",
    "operator:wikidata": "Q638098",
    "id": "node/4695772030"
  },
  "geometry": {
    "type": "Point",
    "coordinates": [
      -5.9034849,
      54.5952632
    ]
  }
},
{
  "type": "Feature",
  "id": "node/4731323626",
  "properties": {
    "amenity": "recycling",
    "recycling:clothes": "yes",
    "recycling:glass": "yes",
    "recycling_type": "container",
    "id": "node/4731323626"
  },
  "geometry": {
    "type": "Point",
    "coordinates": [
      -5.9318938,
      54.5521485
    ]
  }
},
{
  "type": "Feature",
  "id": "node/4847645767",
  "properties": {
    "amenity": "post_box",
    "brand": "Royal Mail",
    "brand:wikidata": "Q638098",
    "brand:wikipedia": "en:Royal Mail",
    "operator": "Royal Mail",
    "operator:wikidata": "Q638098",
    "id": "node/4847645767"
  },
  "geometry": {
    "type": "Point",
    "coordinates": [
      -5.9128681,
      54.5785074
    ]
  }
},
{
  "type": "Feature",
  "id": "node/4889571937",
  "properties": {
    "check_date": "2025-04-30",
    "name": "Equality Commission for Northern Ireland",
    "office": "government",
    "id": "node/4889571937"
  },
  "geometry": {
    "type": "Point",
    "coordinates": [
      -5.933474,
      54.5897142
    ]
  }
},
{
  "type": "Feature",
  "id": "node/4889571938",
  "properties": {
    "alt_name": "NICCY",
    "check_date": "2025-05-07",
    "name": "NI Commissioner for Children and Young People",
    "office": "government",
    "id": "node/4889571938"
  },
  "geometry": {
    "type": "Point",
    "coordinates": [
      -5.9335008,
      54.589823
    ]
  }
},
{
  "type": "Feature",
  "id": "node/4889571939",
  "properties": {
    "alt_name": "COPNI",
    "name": "The Commissioner for Older People for Northern Ireland",
    "office": "government",
    "id": "node/4889571939"
  },
  "geometry": {
    "type": "Point",
    "coordinates": [
      -5.9333721,
      54.589767
    ]
  }
},
{
  "type": "Feature",
  "id": "node/4889571940",
  "properties": {
    "alt_name": "CVS NI",
    "name": "Commission for Victims and Survivors",
    "office": "government",
    "id": "node/4889571940"
  },
  "geometry": {
    "type": "Point",
    "coordinates": [
      -5.9333506,
      54.5897235
    ]
  }
},
{
  "type": "Feature",
  "id": "node/4938122231",
  "properties": {
    "amenity": "community_centre",
    "id": "node/4938122231"
  },
  "geometry": {
    "type": "Point",
    "coordinates": [
      -5.9470923,
      54.6323622
    ]
  }
},
{
  "type": "Feature",
  "id": "node/5115292543",
  "properties": {
    "addr:city": "Belfast",
    "addr:housenumber": "2",
    "addr:postcode": "BT15 5DU",
    "addr:street": "Chichester Park North",
    "amenity": "post_box",
    "brand": "Royal Mail",
    "brand:wikidata": "Q638098",
    "brand:wikipedia": "en:Royal Mail",
    "collection_times": "Mo-Fr 09:00; Sa 07:00",
    "drive_through": "no",
    "operator": "Royal Mail",
    "operator:wikidata": "Q638098",
    "post_box:type": "lamp",
    "ref": "BT15 327",
    "id": "node/5115292543"
  },
  "geometry": {
    "type": "Point",
    "coordinates": [
      -5.9400216,
      54.6284748
    ]
  }
},
{
  "type": "Feature",
  "id": "node/5115292544",
  "properties": {
    "addr:city": "Belfast",
    "addr:housenumber": "140",
    "addr:postcode": "BT15 5EX",
    "addr:street": "Cavehill Road",
    "amenity": "post_box",
    "brand": "Royal Mail",
    "brand:wikidata": "Q638098",
    "brand:wikipedia": "en:Royal Mail",
    "drive_through": "no",
    "operator": "Royal Mail",
    "operator:wikidata": "Q638098",
    "post_box:type": "pillar",
    "ref": "BT15 169",
    "id": "node/5115292544"
  },
  "geometry": {
    "type": "Point",
    "coordinates": [
      -5.9463281,
      54.6309458
    ]
  }
},
{
  "type": "Feature",
  "id": "node/5186366157",
  "properties": {
    "amenity": "post_box",
    "brand": "Royal Mail",
    "brand:wikidata": "Q638098",
    "brand:wikipedia": "en:Royal Mail",
    "collection_times": "Mo-Fr 09:00; Sa 07:00",
    "level": "0",
    "operator": "Royal Mail",
    "operator:wikidata": "Q638098",
    "post_box:type": "pillar",
    "ref": "BT3 849",
    "royal_cypher": "EIIR",
    "royal_cypher:wikidata": "Q33102113",
    "source": "survey",
    "id": "node/5186366157"
  },
  "geometry": {
    "type": "Point",
    "coordinates": [
      -5.8705667,
      54.6147101
    ]
  }
},
{
  "type": "Feature",
  "id": "node/5234891020",
  "properties": {
    "amenity": "community_centre",
    "name": "Lawrence Street Workshops",
    "id": "node/5234891020"
  },
  "geometry": {
    "type": "Point",
    "coordinates": [
      -5.9300533,
      54.5873385
    ]
  }
},
{
  "type": "Feature",
  "id": "node/5281958911",
  "properties": {
    "amenity": "telephone",
    "booth": "KX100",
    "covered": "booth",
    "id": "node/5281958911"
  },
  "geometry": {
    "type": "Point",
    "coordinates": [
      -6.0123468,
      54.5443935
    ]
  }
},
{
  "type": "Feature",
  "id": "node/5319126688",
  "properties": {
    "amenity": "post_box",
    "brand": "Royal Mail",
    "brand:wikidata": "Q638098",
    "brand:wikipedia": "en:Royal Mail",
    "collection_times": "Mo-Fr 17:45; Sa 11:30",
    "operator": "Royal Mail",
    "operator:wikidata": "Q638098",
    "post_box:type": "pillar",
    "ref": "BT37 474",
    "id": "node/5319126688"
  },
  "geometry": {
    "type": "Point",
    "coordinates": [
      -5.9278115,
      54.6628331
    ]
  }
},
{
  "type": "Feature",
  "id": "node/5407648570",
  "properties": {
    "amenity": "post_box",
    "brand": "Royal Mail",
    "brand:wikidata": "Q638098",
    "brand:wikipedia": "en:Royal Mail",
    "collection_times": "Mo-Fr 09:00; Sa 07:00",
    "operator": "Royal Mail",
    "operator:wikidata": "Q638098",
    "post_box:type": "pillar",
    "id": "node/5407648570"
  },
  "geometry": {
    "type": "Point",
    "coordinates": [
      -5.9321817,
      54.6404442
    ]
  }
},
{
  "type": "Feature",
  "id": "node/5541192155",
  "properties": {
    "addr:street": "Finwood Park",
    "amenity": "post_box",
    "brand": "Royal Mail",
    "brand:wikidata": "Q638098",
    "brand:wikipedia": "en:Royal Mail",
    "drive_through": "no",
    "operator": "Royal Mail",
    "operator:wikidata": "Q638098",
    "id": "node/5541192155"
  },
  "geometry": {
    "type": "Point",
    "coordinates": [
      -5.9703774,
      54.558158
    ]
  }
},
{
  "type": "Feature",
  "id": "node/5695386598",
  "properties": {
    "addr:city": "Newtownabbey",
    "addr:housenumber": "60-70",
    "addr:postcode": "BT37 9DQ",
    "addr:street": "Rathmullan Drive",
    "amenity": "post_office",
    "brand": "Post Office",
    "brand:wikidata": "Q1783168",
    "brand:wikipedia": "en:Post Office Ltd",
    "contact:website": "https://www.postoffice.co.uk/branch-finder/2757044/rathcoole",
    "name": "Rathcoole Post Office",
    "opening_hours": "Mo-Fr 09:00-19:00; Sa 09:00-17:30",
    "operator": "Post Office",
    "operator:wikidata": "Q1783168",
    "ref:pol_id": "11024",
    "source": "pol_branch_list_2018-02",
    "id": "node/5695386598"
  },
  "geometry": {
    "type": "Point",
    "coordinates": [
      -5.9178545,
      54.6643301
    ]
  }
},
{
  "type": "Feature",
  "id": "node/5700759797",
  "properties": {
    "addr:city": "Newtownabbey",
    "addr:housenumber": "252",
    "addr:postcode": "BT36 7RW",
    "addr:street": "Whitewell Road",
    "addr:unit": "Unit 4A",
    "amenity": "post_office",
    "brand": "Post Office",
    "brand:wikidata": "Q1783168",
    "brand:wikipedia": "en:Post Office Ltd",
    "name": "The Throne Post Office",
    "opening_hours": "Mo-Su 07:00-22:00",
    "operator": "Co-op Food",
    "ref:pol_id": "176276",
    "website": "https://www.postoffice.co.uk/branch-finder/0187046/the-throne",
    "id": "node/5700759797"
  },
  "geometry": {
    "type": "Point",
    "coordinates": [
      -5.9339715,
      54.656223
    ]
  }
},
{
  "type": "Feature",
  "id": "node/5706216817",
  "properties": {
    "addr:city": "Belfast",
    "addr:housename": "Unit 10",
    "addr:housenumber": "2",
    "addr:postcode": "BT3 9FP",
    "addr:street": "Queens Road",
    "amenity": "post_office",
    "brand": "Post Office",
    "brand:wikidata": "Q1783168",
    "brand:wikipedia": "en:Post Office Ltd",
    "contact:website": "https://www.postoffice.co.uk/branch-finder/1187589/titanic-quarter",
    "name": "Titanic Quarter Post Office",
    "opening_hours": "Mo-Su 08:00-20:00",
    "operator": "Post Office",
    "operator:wikidata": "Q1783168",
    "ref:pol_id": "125912",
    "id": "node/5706216817"
  },
  "geometry": {
    "type": "Point",
    "coordinates": [
      -5.9124122,
      54.6044607
    ]
  }
},
{
  "type": "Feature",
  "id": "node/5706219228",
  "properties": {
    "addr:city": "Belfast",
    "addr:housenumber": "276",
    "addr:postcode": "BT4 3EU",
    "addr:street": "Upper Newtownards Road",
    "amenity": "post_office",
    "brand": "Post Office",
    "brand:wikidata": "Q1783168",
    "brand:wikipedia": "en:Post Office Ltd",
    "contact:website": "https://www.postoffice.co.uk/branch-finder/1637045/ballyhackamore",
    "name": "Ballyhackamore Post Office",
    "opening_hours": "Mo-Sa 09:00-17:30",
    "operator": "Post Office",
    "operator:wikidata": "Q1783168",
    "ref:pol_id": "3959",
    "id": "node/5706219228"
  },
  "geometry": {
    "type": "Point",
    "coordinates": [
      -5.8719516,
      54.5957129
    ]
  }
},
{
  "type": "Feature",
  "id": "node/5706219234",
  "properties": {
    "addr:city": "Belfast",
    "addr:housename": "Parliament Buildings",
    "addr:postcode": "BT4 3XX",
    "addr:street": "Stormont Estate",
    "amenity": "post_office",
    "brand": "Post Office",
    "brand:wikidata": "Q1783168",
    "brand:wikipedia": "en:Post Office Ltd",
    "contact:website": "https://www.postoffice.co.uk/branch-finder/1067583/n.i.-assembly",
    "name": "N.I. Assembly Post Office",
    "opening_hours": "Mo-Fr 09:00-16:00",
    "operator": "Post Office",
    "operator:wikidata": "Q1783168",
    "ref:pol_id": "118035",
    "id": "node/5706219234"
  },
  "geometry": {
    "type": "Point",
    "coordinates": [
      -5.8322937,
      54.6048863
    ]
  }
},
{
  "type": "Feature",
  "id": "node/5706219237",
  "properties": {
    "addr:city": "Belfast",
    "addr:housenumber": "176-180",
    "addr:postcode": "BT4 1JY",
    "addr:street": "Connsbrook Avenue",
    "amenity": "post_office",
    "brand": "Post Office",
    "brand:wikidata": "Q1783168",
    "brand:wikipedia": "en:Post Office Ltd",
    "contact:website": "https://www.postoffice.co.uk/branch-finder/4097041/sydenham",
    "name": "Sydenham Post Office",
    "opening_hours": "Mo-Fr 09:00-18:00; Sa 09:00-13:00",
    "operator": "Post Office",
    "operator:wikidata": "Q1783168",
    "ref:pol_id": "133924",
    "id": "node/5706219237"
  },
  "geometry": {
    "type": "Point",
    "coordinates": [
      -5.8811626,
      54.6040265
    ]
  }
},
{
  "type": "Feature",
  "id": "node/5706219241",
  "properties": {
    "addr:city": "Belfast",
    "addr:housenumber": "220-230",
    "addr:postcode": "BT4 1PD",
    "addr:street": "Holywood Road",
    "amenity": "post_office",
    "brand": "Post Office",
    "brand:wikidata": "Q1783168",
    "brand:wikipedia": "en:Post Office Ltd",
    "contact:website": "https://www.postoffice.co.uk/branch-finder/4337042/holywood-road",
    "name": "Holywood Road Post Office",
    "opening_hours": "Mo-Su 06:00-23:59",
    "operator": "Post Office",
    "operator:wikidata": "Q1783168",
    "ref:pol_id": "144693",
    "id": "node/5706219241"
  },
  "geometry": {
    "type": "Point",
    "coordinates": [
      -5.87466,
      54.6040839
    ]
  }
},
{
  "type": "Feature",
  "id": "node/5714021403",
  "properties": {
    "addr:city": "Belfast",
    "addr:housenumber": "323",
    "addr:postcode": "BT5 5DY",
    "addr:street": "Beersbridge Road",
    "amenity": "post_office",
    "brand": "Post Office",
    "brand:wikidata": "Q1783168",
    "brand:wikipedia": "en:Post Office Ltd",
    "contact:website": "https://www.postoffice.co.uk/branch-finder/1777041/bloomfield",
    "name": "Bloomfield Post Office",
    "opening_hours": "Mo,Tu,Th,Fr 09:00-17:30; We 08:30-17:30; Sa 09:00-12:30",
    "operator": "Post Office",
    "operator:wikidata": "Q1783168",
    "ref:pol_id": "5093",
    "id": "node/5714021403"
  },
  "geometry": {
    "type": "Point",
    "coordinates": [
      -5.8894366,
      54.5924125
    ]
  }
},
{
  "type": "Feature",
  "id": "node/5720889142",
  "properties": {
    "addr:city": "Belfast",
    "addr:housenumber": "80-82",
    "addr:postcode": "BT5 7PT",
    "addr:street": "Ravenswood Park",
    "amenity": "post_office",
    "brand": "Post Office",
    "brand:wikidata": "Q1783168",
    "brand:wikipedia": "en:Post Office Ltd",
    "contact:website": "https://www.postoffice.co.uk/branch-finder/3157040/braniel",
    "name": "Braniel Post Office",
    "opening_hours": "Mo-Fr 09:00-17:30; Sa 09:00-13:00",
    "operator": "Post Office",
    "operator:wikidata": "Q1783168",
    "ref:pol_id": "12582",
    "id": "node/5720889142"
  },
  "geometry": {
    "type": "Point",
    "coordinates": [
      -5.8542273,
      54.5776565
    ]
  }
},
{
  "type": "Feature",
  "id": "node/5720889153",
  "properties": {
    "addr:city": "Belfast",
    "addr:housenumber": "32-46",
    "addr:postcode": "BT5 5FB",
    "addr:street": "Castlereagh Road",
    "amenity": "post_office",
    "brand": "Post Office",
    "brand:wikidata": "Q1783168",
    "brand:wikipedia": "en:Post Office Ltd",
    "contact:website": "https://www.postoffice.co.uk/branch-finder/1747045/castlereagh-road",
    "name": "Castlereagh Road Post Office",
    "opening_hours": "Mo-Fr 08:00-17:30; Sa 09:00-12:30",
    "operator": "Post Office",
    "operator:wikidata": "Q1783168",
    "ref:pol_id": "4856",
    "id": "node/5720889153"
  },
  "geometry": {
    "type": "Point",
    "coordinates": [
      -5.8984776,
      54.5915695
    ]
  }
},
{
  "type": "Feature",
  "id": "node/5721139218",
  "properties": {
    "addr:city": "Belfast",
    "addr:housenumber": "15-17",
    "addr:postcode": "BT6 0DT",
    "addr:street": "Greenway",
    "amenity": "post_office",
    "brand": "Post Office",
    "brand:wikidata": "Q1783168",
    "brand:wikipedia": "en:Post Office Ltd",
    "contact:website": "https://www.postoffice.co.uk/branch-finder/2017040/cregagh",
    "name": "Cregagh Post Office",
    "opening_hours": "Mo-Fr 09:00-17:30; Sa 09:00-15:30",
    "operator": "Post Office",
    "operator:wikidata": "Q1783168",
    "ref:pol_id": "6968",
    "id": "node/5721139218"
  },
  "geometry": {
    "type": "Point",
    "coordinates": [
      -5.8965963,
      54.5759618
    ]
  }
},
{
  "type": "Feature",
  "id": "node/5760053238",
  "properties": {
    "addr:city": "Belfast",
    "addr:housenumber": "78",
    "addr:postcode": "BT8 7SW",
    "addr:street": "Old Milltown Road",
    "amenity": "post_office",
    "brand": "Post Office",
    "brand:wikidata": "Q1783168",
    "brand:wikipedia": "en:Post Office Ltd",
    "contact:website": "https://www.postoffice.co.uk/branch-finder/2187043/milltown",
    "name": "Milltown Post Office",
    "opening_hours": "Mo-Fr 08:00-19:00; Sa 09:00-17:00",
    "operator": "Post Office",
    "operator:wikidata": "Q1783168",
    "ref:pol_id": "8113",
    "id": "node/5760053238"
  },
  "geometry": {
    "type": "Point",
    "coordinates": [
      -5.9414662,
      54.5479273
    ]
  }
},
{
  "type": "Feature",
  "id": "node/5792998766",
  "properties": {
    "addr:city": "Belfast",
    "addr:housenumber": "70-74",
    "addr:postcode": "BT9 5BU",
    "addr:street": "Malone Road",
    "amenity": "post_office",
    "brand": "Post Office",
    "brand:wikidata": "Q1783168",
    "brand:wikipedia": "en:Post Office Ltd",
    "contact:website": "https://www.postoffice.co.uk/branch-finder/4377044/malone-road",
    "name": "Malone Road Post Office",
    "opening_hours": "Mo-Su 07:00-23:00",
    "operator": "Post Office",
    "operator:wikidata": "Q1783168",
    "ref:pol_id": "144959",
    "id": "node/5792998766"
  },
  "geometry": {
    "type": "Point",
    "coordinates": [
      -5.9416686,
      54.5770573
    ]
  }
},
{
  "type": "Feature",
  "id": "node/5815867858",
  "properties": {
    "addr:city": "Belfast",
    "addr:housename": "Unit 23-24",
    "addr:housenumber": "564-568",
    "addr:postcode": "BT11 9AE",
    "addr:street": "Falls Road",
    "amenity": "post_office",
    "brand": "Post Office",
    "brand:wikidata": "Q1783168",
    "brand:wikipedia": "en:Post Office Ltd",
    "contact:website": "https://www.postoffice.co.uk/branch-finder/4047044/kennedy-centre",
    "name": "Kennedy Centre Post Office",
    "opening_hours": "Mo-Fr 08:30-18:00; Sa 09:00-17:30; Su 13:00-16:00",
    "operator": "Post Office",
    "operator:wikidata": "Q1783168",
    "ref:pol_id": "130934",
    "id": "node/5815867858"
  },
  "geometry": {
    "type": "Point",
    "coordinates": [
      -5.9782366,
      54.5808302
    ]
  }
},
{
  "type": "Feature",
  "id": "node/5825224486",
  "properties": {
    "addr:city": "Belfast",
    "addr:housenumber": "83",
    "addr:postcode": "BT11 8BD",
    "addr:street": "Glen Road",
    "amenity": "post_office",
    "brand": "Post Office",
    "brand:wikidata": "Q1783168",
    "brand:wikipedia": "en:Post Office Ltd",
    "contact:website": "https://www.postoffice.co.uk/branch-finder/1537040/andersonstown",
    "name": "Andersonstown Post Office",
    "opening_hours": "Mo-Th 08:30-17:30; Fr 09:00-17:30; Sa 09:00-12:30",
    "operator": "Post Office",
    "operator:wikidata": "Q1783168",
    "ref:pol_id": "3086",
    "id": "node/5825224486"
  },
  "geometry": {
    "type": "Point",
    "coordinates": [
      -5.9857471,
      54.5830701
    ]
  }
},
{
  "type": "Feature",
  "id": "node/5825244508",
  "properties": {
    "addr:city": "Belfast",
    "addr:housenumber": "200",
    "addr:postcode": "BT11 9EB",
    "addr:street": "Andersonstown Road",
    "amenity": "post_office",
    "brand": "Post Office",
    "brand:wikidata": "Q1783168",
    "brand:wikipedia": "en:Post Office Ltd",
    "contact:website": "https://www.postoffice.co.uk/branch-finder/3227049/riverdale",
    "name": "Riverdale Post Office",
    "opening_hours": "Mo-Fr 09:00-17:30; Sa 09:00-14:00",
    "operator": "Post Office",
    "operator:wikidata": "Q1783168",
    "ref:pol_id": "12811",
    "id": "node/5825244508"
  },
  "geometry": {
    "type": "Point",
    "coordinates": [
      -5.992991,
      54.5726759
    ]
  }
},
{
  "type": "Feature",
  "id": "node/5825253306",
  "properties": {
    "addr:city": "Belfast",
    "addr:housename": "Unit 2, Hillhead Shopping Centre",
    "addr:postcode": "BT11 9QR",
    "addr:street": "Shaw's Road",
    "amenity": "post_office",
    "brand": "Post Office",
    "brand:wikidata": "Q1783168",
    "brand:wikipedia": "en:Post Office Ltd",
    "contact:website": "https://www.postoffice.co.uk/branch-finder/210704x/shaws-road",
    "name": "Shaws Road Post Office",
    "opening_hours": "Mo-Sa 08:00-20:00; Su 09:00-20:00",
    "operator": "Post Office",
    "operator:wikidata": "Q1783168",
    "ref:pol_id": "7585",
    "id": "node/5825253306"
  },
  "geometry": {
    "type": "Point",
    "coordinates": [
      -6.0059445,
      54.5758766
    ]
  }
},
{
  "type": "Feature",
  "id": "node/5825290377",
  "properties": {
    "addr:city": "Belfast",
    "addr:housenumber": "120",
    "addr:postcode": "BT11 9JQ",
    "addr:street": "Stewartstown Road",
    "amenity": "post_office",
    "brand": "Post Office",
    "brand:wikidata": "Q1783168",
    "brand:wikipedia": "en:Post Office Ltd",
    "contact:website": "https://www.postoffice.co.uk/branch-finder/2887045/suffolk",
    "name": "Suffolk Post Office",
    "opening_hours": "Mo 08:30-17:30; Tu-Fr 09:00-17:30; Sa 09:00-15:00",
    "operator": "Post Office",
    "operator:wikidata": "Q1783168",
    "ref:pol_id": "11583",
    "id": "node/5825290377"
  },
  "geometry": {
    "type": "Point",
    "coordinates": [
      -6.0091925,
      54.5680201
    ]
  }
},
{
  "type": "Feature",
  "id": "node/5825291421",
  "properties": {
    "addr:city": "Belfast",
    "addr:housenumber": "26-30",
    "addr:postcode": "BT11 8EF",
    "addr:street": "Monagh Road",
    "amenity": "post_office",
    "brand": "Post Office",
    "brand:wikidata": "Q1783168",
    "brand:wikipedia": "en:Post Office Ltd",
    "contact:website": "https://www.postoffice.co.uk/branch-finder/298704x/turf-lodge",
    "name": "Turf Lodge Post Office",
    "opening_hours": "Mo-Fr 08:00-17:30; Sa 09:00-14:00",
    "operator": "Post Office",
    "operator:wikidata": "Q1783168",
    "ref:pol_id": "11995",
    "id": "node/5825291421"
  },
  "geometry": {
    "type": "Point",
    "coordinates": [
      -5.9919369,
      54.589964
    ]
  }
},
{
  "type": "Feature",
  "id": "node/5870734420",
  "properties": {
    "addr:city": "Belfast",
    "addr:housenumber": "250",
    "addr:postcode": "BT12 5NE",
    "addr:street": "Donegall Road",
    "amenity": "post_office",
    "brand": "Post Office",
    "brand:wikidata": "Q1783168",
    "brand:wikipedia": "en:Post Office Ltd",
    "contact:website": "https://www.postoffice.co.uk/branch-finder/3927040/lower-broadway",
    "name": "Lower Broadway Post Office",
    "opening_hours": "Mo-Fr 08:00-19:00; Sa 08:00-14:00",
    "operator": "Post Office",
    "operator:wikidata": "Q1783168",
    "ref:pol_id": "124654",
    "id": "node/5870734420"
  },
  "geometry": {
    "type": "Point",
    "coordinates": [
      -5.9483178,
      54.5884097
    ]
  }
},
{
  "type": "Feature",
  "id": "node/5875429186",
  "properties": {
    "addr:city": "Belfast",
    "addr:housename": "Park Centre",
    "addr:housenumber": "Unit 2F",
    "addr:postcode": "BT12 6HN",
    "addr:street": "Donegall Road",
    "amenity": "post_office",
    "brand": "Post Office",
    "brand:wikidata": "Q1783168",
    "brand:wikipedia": "en:Post Office Ltd",
    "contact:website": "https://www.postoffice.co.uk/branch-finder/2817047/st-james'-park",
    "name": "St James' Park Post Office",
    "opening_hours": "Mo-Fr 09:00-17:00; Sa 09:00-15:00",
    "operator": "Post Office",
    "operator:wikidata": "Q1783168",
    "ref:pol_id": "11299",
    "id": "node/5875429186"
  },
  "geometry": {
    "type": "Point",
    "coordinates": [
      -5.9618764,
      54.5887763
    ]
  }
},
{
  "type": "Feature",
  "id": "node/5875443170",
  "properties": {
    "addr:city": "Belfast",
    "addr:housenumber": "191 - 193",
    "addr:postcode": "BT12 7FW",
    "addr:street": "Whiterock Road",
    "amenity": "post_office",
    "brand": "Post Office",
    "brand:wikidata": "Q1783168",
    "brand:wikipedia": "en:Post Office Ltd",
    "contact:website": "https://www.postoffice.co.uk/branch-finder/3217043/whiterock",
    "name": "Whiterock Post Office",
    "opening_hours": "Mo-Fr 08:00-17:30; Sa 09:00-14:00",
    "operator": "Post Office",
    "operator:wikidata": "Q1783168",
    "ref:pol_id": "12780",
    "id": "node/5875443170"
  },
  "geometry": {
    "type": "Point",
    "coordinates": [
      -5.9872039,
      54.5942067
    ]
  }
},
{
  "type": "Feature",
  "id": "node/5882750816",
  "properties": {
    "addr:city": "Belfast",
    "addr:housenumber": "150",
    "addr:postcode": "BT13 2AD",
    "addr:street": "Peter's Hill",
    "amenity": "post_office",
    "brand": "Post Office",
    "brand:wikidata": "Q1783168",
    "brand:wikipedia": "en:Post Office Ltd",
    "contact:website": "https://www.postoffice.co.uk/branch-finder/3937046/shankill-road",
    "name": "Shankill Road Post Office",
    "opening_hours": "Mo-Fr 09:00-18:00; Sa 09:00-16:00",
    "operator": "Post Office",
    "operator:wikidata": "Q1783168",
    "ref:pol_id": "126415",
    "id": "node/5882750816"
  },
  "geometry": {
    "type": "Point",
    "coordinates": [
      -5.940085,
      54.60332
    ]
  }
},
{
  "type": "Feature",
  "id": "node/5887675143",
  "properties": {
    "addr:city": "Belfast",
    "addr:housenumber": "52-56",
    "addr:postcode": "BT13 3BT",
    "addr:street": "Woodvale Road",
    "amenity": "post_office",
    "brand": "Post Office",
    "brand:wikidata": "Q1783168",
    "brand:wikipedia": "en:Post Office Ltd",
    "contact:website": "https://www.postoffice.co.uk/branch-finder/3097048/woodvale",
    "name": "Woodvale Post Office",
    "opening_hours": "Mo-Fr 08:30-18:00; Sa 09:00-12:30",
    "operator": "Post Office",
    "operator:wikidata": "Q1783168",
    "ref:pol_id": "12385",
    "id": "node/5887675143"
  },
  "geometry": {
    "type": "Point",
    "coordinates": [
      -5.961805,
      54.6067555
    ]
  }
},
{
  "type": "Feature",
  "id": "node/5899930514",
  "properties": {
    "addr:city": "Belfast",
    "addr:housenumber": "Unit 8",
    "addr:postcode": "BT14 8QU",
    "addr:street": "Weavershill Square",
    "amenity": "post_office",
    "brand": "Post Office",
    "brand:wikidata": "Q1783168",
    "brand:wikipedia": "en:Post Office Ltd",
    "contact:website": "https://www.postoffice.co.uk/branch-finder/4087046/ligoniel",
    "name": "Ligoniel Post Office",
    "opening_hours": "Mo-Sa 06:30-22:00; Su 08:00-22:00",
    "operator": "Post Office",
    "operator:wikidata": "Q1783168",
    "ref:pol_id": "132245",
    "id": "node/5899930514"
  },
  "geometry": {
    "type": "Point",
    "coordinates": [
      -5.9849417,
      54.6270881
    ]
  }
},
{
  "type": "Feature",
  "id": "node/5927684212",
  "properties": {
    "addr:city": "Belfast",
    "addr:housenumber": "41C",
    "addr:postcode": "BT11 9PE",
    "addr:street": "Suffolk Road",
    "amenity": "community_centre",
    "name": "Glen Community Complex",
    "id": "node/5927684212"
  },
  "geometry": {
    "type": "Point",
    "coordinates": [
      -6.0152647,
      54.57036
    ]
  }
},
{
  "type": "Feature",
  "id": "node/5972408983",
  "properties": {
    "addr:city": "Belfast",
    "addr:housename": "Flax Centre",
    "addr:postcode": "BT14 7DA",
    "addr:street": "Ardoyne Avenue",
    "amenity": "post_office",
    "brand": "Post Office",
    "brand:wikidata": "Q1783168",
    "brand:wikipedia": "en:Post Office Ltd",
    "contact:website": "https://www.postoffice.co.uk/branch-finder/2247046/the-flax-centre",
    "name": "The Flax Centre Post Office",
    "opening_hours": "Mo-Sa 08:00-20:00; Su 12:00-18:00",
    "operator": "Post Office",
    "operator:wikidata": "Q1783168",
    "ref:pol_id": "8493",
    "id": "node/5972408983"
  },
  "geometry": {
    "type": "Point",
    "coordinates": [
      -5.9552671,
      54.6144988
    ]
  }
},
{
  "type": "Feature",
  "id": "node/5972422299",
  "properties": {
    "addr:city": "Belfast",
    "addr:housenumber": "27",
    "addr:postcode": "BT14 7HX",
    "addr:street": "Ardoyne Road",
    "amenity": "post_office",
    "brand": "Post Office",
    "brand:wikidata": "Q1783168",
    "brand:wikipedia": "en:Post Office Ltd",
    "contact:website": "https://www.postoffice.co.uk/branch-finder/2207044/edenderry",
    "name": "Edenderry Post Office",
    "opening_hours": "Mo 07:30-17:30; Tu-Fr 08:30-17:30; Sa 09:00-12:30",
    "operator": "Post Office",
    "operator:wikidata": "Q1783168",
    "ref:pol_id": "8242",
    "id": "node/5972422299"
  },
  "geometry": {
    "type": "Point",
    "coordinates": [
      -5.965664,
      54.6150203
    ]
  }
},
{
  "type": "Feature",
  "id": "node/5972433160",
  "properties": {
    "addr:city": "Belfast",
    "addr:housenumber": "523",
    "addr:postcode": "BT14 6QU",
    "addr:street": "Oldpark Road",
    "amenity": "post_office",
    "brand": "Post Office",
    "brand:wikidata": "Q1783168",
    "brand:wikipedia": "en:Post Office Ltd",
    "name": "Deerpark Post Office",
    "opening_hours": "Mo-Su 07:00-23:00",
    "operator": "Co-op Food",
    "ref:pol_id": "7186",
    "website": "https://www.postoffice.co.uk/branch-finder/2047047/deerpark",
    "id": "node/5972433160"
  },
  "geometry": {
    "type": "Point",
    "coordinates": [
      -5.9562508,
      54.622338
    ]
  }
},
{
  "type": "Feature",
  "id": "node/6044216113",
  "properties": {
    "amenity": "post_box",
    "brand": "Royal Mail",
    "brand:wikidata": "Q638098",
    "collection_times": "Mo-Fr 16:30; Sa 11:00",
    "geograph:id": "5536788",
    "operator": "Royal Mail",
    "operator:wikidata": "Q638098",
    "post_box:type": "lamp",
    "ref": "BT18 600",
    "royal_cypher": "EIIR",
    "royal_cypher:wikidata": "Q33102113",
    "source": "Geograph",
    "id": "node/6044216113"
  },
  "geometry": {
    "type": "Point",
    "coordinates": [
      -5.8166195,
      54.645352
    ]
  }
},
{
  "type": "Feature",
  "id": "node/6088918866",
  "properties": {
    "addr:city": "Belfast",
    "addr:housenumber": "325",
    "addr:postcode": "BT15 5EY",
    "addr:street": "Cavehill Road",
    "amenity": "post_office",
    "brand": "Post Office",
    "brand:wikidata": "Q1783168",
    "brand:wikipedia": "en:Post Office Ltd",
    "contact:website": "https://www.postoffice.co.uk/branch-finder/4317041/carrs-glen",
    "name": "Carrs Glen Post Office",
    "opening_hours": "Mo-Su 07:00-23:00",
    "operator": "Post Office",
    "operator:wikidata": "Q1783168",
    "ref:pol_id": "141398",
    "id": "node/6088918866"
  },
  "geometry": {
    "type": "Point",
    "coordinates": [
      -5.9471839,
      54.633129
    ]
  }
},
{
  "type": "Feature",
  "id": "node/6139415546",
  "properties": {
    "addr:city": "Holywood",
    "addr:housenumber": "100",
    "addr:postcode": "BT18 9PF",
    "addr:street": "Abbey Ring",
    "amenity": "post_office",
    "brand": "Post Office",
    "brand:wikidata": "Q1783168",
    "brand:wikipedia": "en:Post Office Ltd",
    "contact:website": "https://www.postoffice.co.uk/branch-finder/151704x/loughview",
    "name": "Loughview Post Office",
    "opening_hours": "Mo-Fr 09:00-17:30; Sa 09:00-13:00",
    "operator": "Post Office",
    "operator:wikidata": "Q1783168",
    "ref:pol_id": "2905",
    "id": "node/6139415546"
  },
  "geometry": {
    "type": "Point",
    "coordinates": [
      -5.8371404,
      54.6332204
    ]
  }
},
{
  "type": "Feature",
  "id": "node/6152763796",
  "properties": {
    "addr:city": "Holywood",
    "addr:housenumber": "101-103",
    "addr:postcode": "BT18 9AE",
    "addr:street": "High Street",
    "amenity": "post_office",
    "brand": "Post Office",
    "brand:wikidata": "Q1783168",
    "brand:wikipedia": "en:Post Office Ltd",
    "contact:website": "https://www.postoffice.co.uk/branch-finder/162704x/holywood",
    "name": "Holywood Post Office",
    "opening_hours": "Mo-Fr 08:00-18:00; Sa 09:00-15:00",
    "operator": "Post Office",
    "operator:wikidata": "Q1783168",
    "ref:pol_id": "3873",
    "id": "node/6152763796"
  },
  "geometry": {
    "type": "Point",
    "coordinates": [
      -5.8363482,
      54.6408709
    ]
  }
},
{
  "type": "Feature",
  "id": "node/6162534330",
  "properties": {
    "addr:city": "Belfast",
    "addr:housenumber": "41",
    "addr:postcode": "BT18 0NE",
    "addr:street": "Bangor Road",
    "amenity": "post_office",
    "brand": "Post Office",
    "brand:wikidata": "Q1783168",
    "brand:wikipedia": "en:Post Office Ltd",
    "contact:website": "https://www.postoffice.co.uk/branch-finder/416704x/torgrange",
    "name": "Torgrange Post Office",
    "opening_hours": "Mo-Su 06:00-23:00",
    "operator": "Post Office",
    "operator:wikidata": "Q1783168",
    "ref:pol_id": "134816",
    "id": "node/6162534330"
  },
  "geometry": {
    "type": "Point",
    "coordinates": [
      -5.8165737,
      54.6452755
    ]
  }
},
{
  "type": "Feature",
  "id": "node/6175106763",
  "properties": {
    "addr:street": "Grand Parade",
    "amenity": "post_box",
    "brand": "Royal Mail",
    "brand:wikidata": "Q638098",
    "brand:wikipedia": "en:Royal Mail",
    "drive_through": "no",
    "operator": "Royal Mail",
    "operator:wikidata": "Q638098",
    "id": "node/6175106763"
  },
  "geometry": {
    "type": "Point",
    "coordinates": [
      -5.8838549,
      54.5890668
    ]
  }
},
{
  "type": "Feature",
  "id": "node/6181885070",
  "properties": {
    "amenity": "post_box",
    "brand": "Royal Mail",
    "brand:wikidata": "Q638098",
    "brand:wikipedia": "en:Royal Mail",
    "geograph:id": "3951256",
    "operator": "Royal Mail",
    "operator:wikidata": "Q638098",
    "post_box:mounting": "wall",
    "post_box:type": "lamp",
    "ref": "BT23 783",
    "royal_cypher": "EIIR",
    "royal_cypher:wikidata": "Q33102113",
    "source": "Geograph",
    "id": "node/6181885070"
  },
  "geometry": {
    "type": "Point",
    "coordinates": [
      -5.8287271,
      54.5331779
    ]
  }
},
{
  "type": "Feature",
  "id": "node/6190332329",
  "properties": {
    "amenity": "post_box",
    "brand": "Royal Mail",
    "brand:wikidata": "Q638098",
    "brand:wikipedia": "en:Royal Mail",
    "collection_times": "Mo-Fr 17:30; Sa 12:00",
    "drive_through": "no",
    "operator": "Royal Mail",
    "operator:wikidata": "Q638098",
    "post_box:type": "pillar",
    "ref": "BT37 2",
    "id": "node/6190332329"
  },
  "geometry": {
    "type": "Point",
    "coordinates": [
      -5.9249296,
      54.6581563
    ]
  }
},
{
  "type": "Feature",
  "id": "node/6192113429",
  "properties": {
    "amenity": "post_box",
    "brand": "Royal Mail",
    "brand:wikidata": "Q638098",
    "brand:wikipedia": "en:Royal Mail",
    "collection_times": "Mo-Fr 17:00; Sa 12:00",
    "operator": "Royal Mail",
    "operator:wikidata": "Q638098",
    "post_box:type": "pillar",
    "ref": "BT37 812",
    "id": "node/6192113429"
  },
  "geometry": {
    "type": "Point",
    "coordinates": [
      -5.919008,
      54.6566445
    ]
  }
},
{
  "type": "Feature",
  "id": "node/6195374571",
  "properties": {
    "amenity": "post_box",
    "brand": "Royal Mail",
    "brand:wikidata": "Q638098",
    "brand:wikipedia": "en:Royal Mail",
    "collection_times": "Mo-Fr 17:45; Sa 11:30",
    "operator": "Royal Mail",
    "operator:wikidata": "Q638098",
    "post_box:type": "pillar",
    "ref": "BT37 460",
    "id": "node/6195374571"
  },
  "geometry": {
    "type": "Point",
    "coordinates": [
      -5.9178131,
      54.664234
    ]
  }
},
{
  "type": "Feature",
  "id": "node/6214256199",
  "properties": {
    "amenity": "post_box",
    "brand": "Royal Mail",
    "brand:wikidata": "Q638098",
    "brand:wikipedia": "en:Royal Mail",
    "operator": "Royal Mail",
    "operator:wikidata": "Q638098",
    "id": "node/6214256199"
  },
  "geometry": {
    "type": "Point",
    "coordinates": [
      -5.9475389,
      54.5887549
    ]
  }
},
{
  "type": "Feature",
  "id": "node/6258227647",
  "properties": {
    "amenity": "telephone",
    "booth": "KX100",
    "covered": "booth",
    "lit": "yes",
    "name": "BT Payphone",
    "operator": "BT",
    "operator:wikidata": "Q593786",
    "payment:coins": "yes",
    "payment:credit_cards": "yes",
    "website": "https://business.bt.com/help/article/phone-line-and-services/payphones/how-much-does-a-call-cost-from-a-bt-payphone/",
    "wikipedia": "en:BT Group",
    "id": "node/6258227647"
  },
  "geometry": {
    "type": "Point",
    "coordinates": [
      -5.9261103,
      54.6628827
    ]
  }
},
{
  "type": "Feature",
  "id": "node/6290287366",
  "properties": {
    "addr:city": "Belfast",
    "addr:housenumber": "220",
    "addr:postcode": "BT17 0LB",
    "addr:street": "Stewartstown Road",
    "amenity": "post_office",
    "brand": "Post Office",
    "brand:wikidata": "Q1783168",
    "brand:wikipedia": "en:Post Office Ltd",
    "contact:website": "https://www.postoffice.co.uk/branch-finder/1877046/lagmore",
    "name": "Lagmore Post Office",
    "opening_hours": "Mo-Fr 08:00-17:30; Sa 09:00-17:30",
    "operator": "Post Office",
    "operator:wikidata": "Q1783168",
    "ref:pol_id": "5897",
    "source": "pol_branch_list_2018-02",
    "id": "node/6290287366"
  },
  "geometry": {
    "type": "Point",
    "coordinates": [
      -6.0255792,
      54.55744
    ]
  }
},
{
  "type": "Feature",
  "id": "node/6292337897",
  "properties": {
    "addr:city": "Belfast",
    "addr:housename": "Dairy Farm Centre",
    "addr:housenumber": "Unit 13-16",
    "addr:postcode": "BT17 0AW",
    "addr:street": "Stewartstown Road",
    "amenity": "post_office",
    "brand": "Post Office",
    "brand:wikidata": "Q1783168",
    "brand:wikipedia": "en:Post Office Ltd",
    "contact:website": "https://www.postoffice.co.uk/branch-finder/3607046/colin-centre",
    "name": "Colin Centre Post Office",
    "opening_hours": "Mo-We 08:30-17:30; Th-Sa 09:00-17:30",
    "operator": "Post Office",
    "operator:wikidata": "Q1783168",
    "ref:pol_id": "13782",
    "id": "node/6292337897"
  },
  "geometry": {
    "type": "Point",
    "coordinates": [
      -6.0199034,
      54.5605218
    ]
  }
},
{
  "type": "Feature",
  "id": "node/6319971303",
  "properties": {
    "amenity": "post_box",
    "brand": "Royal Mail",
    "brand:wikidata": "Q638098",
    "brand:wikipedia": "en:Royal Mail",
    "collection_times": "Mo-Fr 18:00; Sa 11:30",
    "operator": "Royal Mail",
    "operator:wikidata": "Q638098",
    "post_box:type": "lamp",
    "ref": "BT37 766",
    "id": "node/6319971303"
  },
  "geometry": {
    "type": "Point",
    "coordinates": [
      -5.9115558,
      54.664768
    ]
  }
},
{
  "type": "Feature",
  "id": "node/6319975511",
  "properties": {
    "amenity": "post_box",
    "brand": "Royal Mail",
    "brand:wikidata": "Q638098",
    "brand:wikipedia": "en:Royal Mail",
    "collection_times": "Mo-Fr 17:45; Sa 11:45",
    "operator": "Royal Mail",
    "operator:wikidata": "Q638098",
    "post_box:type": "pillar",
    "ref": "BT37 247",
    "royal_cypher": "EIIR",
    "id": "node/6319975511"
  },
  "geometry": {
    "type": "Point",
    "coordinates": [
      -5.9163377,
      54.6608692
    ]
  }
},
{
  "type": "Feature",
  "id": "node/6328114288",
  "properties": {
    "amenity": "post_box",
    "brand": "Royal Mail",
    "brand:wikidata": "Q638098",
    "brand:wikipedia": "en:Royal Mail",
    "collection_times": "Mo-Fr 17:45; Sa 12:00",
    "operator": "Royal Mail",
    "operator:wikidata": "Q638098",
    "post_box:type": "lamp",
    "ref": "BT36 285",
    "id": "node/6328114288"
  },
  "geometry": {
    "type": "Point",
    "coordinates": [
      -5.921953,
      54.6536283
    ]
  }
},
{
  "type": "Feature",
  "id": "node/6342158306",
  "properties": {
    "amenity": "post_box",
    "brand": "Royal Mail",
    "brand:wikidata": "Q638098",
    "brand:wikipedia": "en:Royal Mail",
    "collection_times": "Mo-Fr 17:30; Sa 11:45",
    "operator": "Royal Mail",
    "operator:wikidata": "Q638098",
    "post_box:type": "pillar",
    "ref": "BT17 142",
    "id": "node/6342158306"
  },
  "geometry": {
    "type": "Point",
    "coordinates": [
      -5.999572,
      54.5529327
    ]
  }
},
{
  "type": "Feature",
  "id": "node/6353197138",
  "properties": {
    "amenity": "post_box",
    "brand": "Royal Mail",
    "brand:wikidata": "Q638098",
    "brand:wikipedia": "en:Royal Mail",
    "collection_times": "Mo-Fr 18:00; Sa 11:45",
    "operator": "Royal Mail",
    "operator:wikidata": "Q638098",
    "post_box:type": "lamp",
    "ref": "BT37 40",
    "id": "node/6353197138"
  },
  "geometry": {
    "type": "Point",
    "coordinates": [
      -5.9070192,
      54.6647652
    ]
  }
},
{
  "type": "Feature",
  "id": "node/6371092351",
  "properties": {
    "addr:city": "Belfast",
    "addr:housenumber": "9-21",
    "addr:postcode": "BT2 8DJ",
    "addr:street": "Adelaide Street",
    "government": "council",
    "name": "Belfast City Council",
    "office": "government",
    "id": "node/6371092351"
  },
  "geometry": {
    "type": "Point",
    "coordinates": [
      -5.9288015,
      54.5952121
    ]
  }
},
{
  "type": "Feature",
  "id": "node/6386563087",
  "properties": {
    "amenity": "post_box",
    "brand": "Royal Mail",
    "brand:wikidata": "Q638098",
    "brand:wikipedia": "en:Royal Mail",
    "collection_times": "Mo-Fr 18:00; Sa 11:45",
    "colour": "red",
    "operator": "Royal Mail",
    "operator:wikidata": "Q638098",
    "post_box:type": "lamp",
    "ref": "BT37 708",
    "id": "node/6386563087"
  },
  "geometry": {
    "type": "Point",
    "coordinates": [
      -5.9094521,
      54.6569844
    ]
  }
},
{
  "type": "Feature",
  "id": "node/6386563101",
  "properties": {
    "amenity": "post_box",
    "brand": "Royal Mail",
    "brand:wikidata": "Q638098",
    "brand:wikipedia": "en:Royal Mail",
    "collection_times": "Mo-Fr 17:45; Sa 12:00",
    "operator": "Royal Mail",
    "operator:wikidata": "Q638098",
    "post_box:type": "pillar",
    "ref": "BT37 631",
    "id": "node/6386563101"
  },
  "geometry": {
    "type": "Point",
    "coordinates": [
      -5.9117838,
      54.6554368
    ]
  }
},
{
  "type": "Feature",
  "id": "node/6462634679",
  "properties": {
    "amenity": "telephone",
    "booth": "KX100",
    "covered": "booth",
    "name": "BT Payphone",
    "operator": "BT",
    "operator:wikidata": "Q593786",
    "id": "node/6462634679"
  },
  "geometry": {
    "type": "Point",
    "coordinates": [
      -5.918097,
      54.6636684
    ]
  }
},
{
  "type": "Feature",
  "id": "node/6464913656",
  "properties": {
    "addr:city": "Belfast",
    "addr:housenumber": "18",
    "addr:postcode": "BT17 9PX",
    "addr:street": "Rowan Drive",
    "amenity": "post_office",
    "brand": "Post Office",
    "brand:wikidata": "Q1783168",
    "brand:wikipedia": "en:Post Office Ltd",
    "contact:website": "https://www.postoffice.co.uk/branch-finder/3127044/seymour-hill",
    "name": "Seymour Hill Post Office",
    "operator": "Post Office",
    "operator:wikidata": "Q1783168",
    "ref:pol_id": "12485",
    "id": "node/6464913656"
  },
  "geometry": {
    "type": "Point",
    "coordinates": [
      -6.011497,
      54.5443849
    ]
  }
},
{
  "type": "Feature",
  "id": "node/6464913658",
  "properties": {
    "amenity": "post_box",
    "brand": "Royal Mail",
    "brand:wikidata": "Q638098",
    "brand:wikipedia": "en:Royal Mail",
    "collection_times": "Mo-Fr 17:30; Sa 11:45",
    "operator": "Royal Mail",
    "operator:wikidata": "Q638098",
    "post_box:type": "pillar",
    "ref": "BT17 751",
    "id": "node/6464913658"
  },
  "geometry": {
    "type": "Point",
    "coordinates": [
      -6.0115625,
      54.5442694
    ]
  }
},
{
  "type": "Feature",
  "id": "node/6465855351",
  "properties": {
    "amenity": "telephone",
    "booth": "KXPlus",
    "check_date": "2022-08-09",
    "covered": "booth",
    "operator": "BT",
    "operator:wikidata": "Q593786",
    "id": "node/6465855351"
  },
  "geometry": {
    "type": "Point",
    "coordinates": [
      -5.9296519,
      54.5993801
    ]
  }
},
{
  "type": "Feature",
  "id": "node/6483110798",
  "properties": {
    "amenity": "telephone",
    "booth": "KXPlus",
    "check_date": "2022-08-10",
    "covered": "booth",
    "id": "node/6483110798"
  },
  "geometry": {
    "type": "Point",
    "coordinates": [
      -5.930584,
      54.6000675
    ]
  }
},
{
  "type": "Feature",
  "id": "node/6483110799",
  "properties": {
    "amenity": "telephone",
    "booth": "KXPlus",
    "check_date": "2022-08-10",
    "covered": "booth",
    "id": "node/6483110799"
  },
  "geometry": {
    "type": "Point",
    "coordinates": [
      -5.9305893,
      54.6000858
    ]
  }
},
{
  "type": "Feature",
  "id": "node/6518472404",
  "properties": {
    "amenity": "post_box",
    "brand": "Royal Mail",
    "brand:wikidata": "Q638098",
    "brand:wikipedia": "en:Royal Mail",
    "collection_times": "Mo-Fr 17:30; Sa 12:00",
    "operator": "Royal Mail",
    "operator:wikidata": "Q638098",
    "post_box:type": "pillar",
    "ref": "BT37 591",
    "id": "node/6518472404"
  },
  "geometry": {
    "type": "Point",
    "coordinates": [
      -5.9224719,
      54.6436437
    ]
  }
},
{
  "type": "Feature",
  "id": "node/6694495402",
  "properties": {
    "amenity": "post_box",
    "brand": "Royal Mail",
    "brand:wikidata": "Q638098",
    "brand:wikipedia": "en:Royal Mail",
    "drive_through": "no",
    "operator": "Royal Mail",
    "operator:wikidata": "Q638098",
    "royal_cypher": "EVIIR",
    "royal_cypher:wikidata": "Q33102324",
    "id": "node/6694495402"
  },
  "geometry": {
    "type": "Point",
    "coordinates": [
      -5.9611169,
      54.5403167
    ]
  }
},
{
  "type": "Feature",
  "id": "node/6815958491",
  "properties": {
    "addr:housenumber": "25",
    "addr:street": "College Gardens",
    "name": "Northern Ireland Council for Integrated Education",
    "office": "government",
    "short_name": "NICIE",
    "id": "node/6815958491"
  },
  "geometry": {
    "type": "Point",
    "coordinates": [
      -5.9405656,
      54.5844501
    ]
  }
},
{
  "type": "Feature",
  "id": "node/6832778882",
  "properties": {
    "amenity": "post_box",
    "brand": "Royal Mail",
    "brand:wikidata": "Q638098",
    "check_date": "2026-01-25",
    "collection_times": "Mo-Fr 18:00; Sa 11:15; Su off",
    "colour": "red",
    "description": "Franked mail only.",
    "direction": "0",
    "operator": "Royal Mail",
    "operator:wikidata": "Q638098",
    "post_box:type": "meter",
    "ref": "BT3 380P",
    "royal_cypher": "EIIR",
    "royal_cypher:wikidata": "Q33102113",
    "id": "node/6832778882"
  },
  "geometry": {
    "type": "Point",
    "coordinates": [
      -5.9136878,
      54.6295589
    ]
  }
},
{
  "type": "Feature",
  "id": "node/6832778883",
  "properties": {
    "amenity": "post_box",
    "brand": "Royal Mail",
    "brand:wikidata": "Q638098",
    "check_date": "2026-01-25",
    "collection_times": "Mo-Fr 18:00; Sa 11:00; Su off",
    "colour": "red",
    "direction": "0",
    "operator": "Royal Mail",
    "operator:wikidata": "Q638098",
    "post_box:type": "pillar",
    "ref": "BT3 915",
    "royal_cypher": "EIIR",
    "royal_cypher:wikidata": "Q33102113",
    "id": "node/6832778883"
  },
  "geometry": {
    "type": "Point",
    "coordinates": [
      -5.9137411,
      54.6295595
    ]
  }
},
{
  "type": "Feature",
  "id": "node/6832778884",
  "properties": {
    "amenity": "post_box",
    "brand": "Royal Mail",
    "brand:wikidata": "Q638098",
    "brand:wikipedia": "en:Royal Mail",
    "operator": "Royal Mail",
    "operator:wikidata": "Q638098",
    "post_box:type": "pillar",
    "ref": "BT3 823",
    "royal_cypher": "EIIR",
    "royal_cypher:wikidata": "Q33102113",
    "id": "node/6832778884"
  },
  "geometry": {
    "type": "Point",
    "coordinates": [
      -5.9159499,
      54.6235589
    ]
  }
},
{
  "type": "Feature",
  "id": "node/6832829485",
  "properties": {
    "amenity": "post_box",
    "brand": "Royal Mail",
    "brand:wikidata": "Q638098",
    "colour": "red",
    "description": "Franked mail only.",
    "direction": "290",
    "operator": "Royal Mail",
    "operator:wikidata": "Q638098",
    "post_box:type": "meter",
    "ref": "BT3 394",
    "royal_cypher": "EIIR",
    "royal_cypher:wikidata": "Q33102113",
    "id": "node/6832829485"
  },
  "geometry": {
    "type": "Point",
    "coordinates": [
      -5.9197942,
      54.613825
    ]
  }
},
{
  "type": "Feature",
  "id": "node/6896630138",
  "properties": {
    "amenity": "recycling",
    "brand": "The Salvation Army",
    "brand:wikidata": "Q188307",
    "brand:wikipedia": "en:The Salvation Army",
    "name": "The Salvation Army",
    "operator": "Salvation Army",
    "recycling:clothes": "yes",
    "recycling_type": "container",
    "id": "node/6896630138"
  },
  "geometry": {
    "type": "Point",
    "coordinates": [
      -5.8450045,
      54.5891312
    ]
  }
},
{
  "type": "Feature",
  "id": "node/6907098868",
  "properties": {
    "amenity": "recycling",
    "name:en": "Cancer Fund for Children",
    "operator": "Cancer Fund for Children",
    "recycling:clothes": "yes",
    "recycling_type": "container",
    "id": "node/6907098868"
  },
  "geometry": {
    "type": "Point",
    "coordinates": [
      -5.9232919,
      54.6574421
    ]
  }
},
{
  "type": "Feature",
  "id": "node/6907098869",
  "properties": {
    "amenity": "recycling",
    "brand": "Oxfam",
    "brand:wikidata": "Q267941",
    "brand:wikipedia": "en:Oxfam",
    "name": "Oxfam",
    "operator": "Oxfam",
    "operator:wikidata": "Q267941",
    "recycling:clothes": "yes",
    "recycling:shoes": "yes",
    "recycling_type": "container",
    "id": "node/6907098869"
  },
  "geometry": {
    "type": "Point",
    "coordinates": [
      -5.9232878,
      54.6574521
    ]
  }
},
{
  "type": "Feature",
  "id": "node/6907098870",
  "properties": {
    "amenity": "recycling",
    "operator": "Cancer Fund for Children",
    "recycling:clothes": "yes",
    "recycling_type": "container",
    "id": "node/6907098870"
  },
  "geometry": {
    "type": "Point",
    "coordinates": [
      -5.9233479,
      54.6575758
    ]
  }
},
{
  "type": "Feature",
  "id": "node/6907098871",
  "properties": {
    "amenity": "recycling",
    "operator": "Cancer Fund for Children",
    "recycling:clothes": "yes",
    "recycling_type": "container",
    "id": "node/6907098871"
  },
  "geometry": {
    "type": "Point",
    "coordinates": [
      -5.9233227,
      54.6575691
    ]
  }
},
{
  "type": "Feature",
  "id": "node/6907098872",
  "properties": {
    "amenity": "recycling",
    "recycling:glass_bottles": "yes",
    "recycling_type": "container",
    "id": "node/6907098872"
  },
  "geometry": {
    "type": "Point",
    "coordinates": [
      -5.92329,
      54.6575155
    ]
  }
},
{
  "type": "Feature",
  "id": "node/6907098873",
  "properties": {
    "amenity": "recycling",
    "recycling:glass_bottles": "yes",
    "recycling_type": "container",
    "id": "node/6907098873"
  },
  "geometry": {
    "type": "Point",
    "coordinates": [
      -5.9232981,
      54.6575238
    ]
  }
},
{
  "type": "Feature",
  "id": "node/6907098874",
  "properties": {
    "amenity": "recycling",
    "recycling:glass_bottles": "yes",
    "recycling_type": "container",
    "id": "node/6907098874"
  },
  "geometry": {
    "type": "Point",
    "coordinates": [
      -5.9233062,
      54.6575322
    ]
  }
},
{
  "type": "Feature",
  "id": "node/6907098875",
  "properties": {
    "amenity": "recycling",
    "recycling_type": "container",
    "id": "node/6907098875"
  },
  "geometry": {
    "type": "Point",
    "coordinates": [
      -5.9233143,
      54.6575405
    ]
  }
},
{
  "type": "Feature",
  "id": "node/6907098876",
  "properties": {
    "amenity": "recycling",
    "recycling_type": "container",
    "id": "node/6907098876"
  },
  "geometry": {
    "type": "Point",
    "coordinates": [
      -5.9233224,
      54.6575489
    ]
  }
},
{
  "type": "Feature",
  "id": "node/6907098877",
  "properties": {
    "amenity": "recycling",
    "recycling:cans": "yes",
    "recycling:tin": "yes",
    "recycling_type": "container",
    "id": "node/6907098877"
  },
  "geometry": {
    "type": "Point",
    "coordinates": [
      -5.9232819,
      54.6575071
    ]
  }
},
{
  "type": "Feature",
  "id": "node/6917142548",
  "properties": {
    "addr:city": "Dundonald",
    "addr:housenumber": "200",
    "addr:postcode": "BT16 1DF",
    "addr:street": "Old Dundonald Road",
    "amenity": "post_office",
    "brand": "Post Office",
    "brand:wikidata": "Q1783168",
    "brand:wikipedia": "en:Post Office Ltd",
    "contact:website": "https://www.postoffice.co.uk/branch-finder/4417046/tullycarnet",
    "name": "Tullycarnet Post Office",
    "opening_hours": "Mo-Su 06:30-23:00",
    "operator": "Post Office",
    "operator:wikidata": "Q1783168",
    "ref:pol_id": "145598",
    "id": "node/6917142548"
  },
  "geometry": {
    "type": "Point",
    "coordinates": [
      -5.8246702,
      54.5884838
    ]
  }
},
{
  "type": "Feature",
  "id": "node/6925498968",
  "properties": {
    "amenity": "telephone",
    "booth": "KXPlus",
    "covered": "booth",
    "id": "node/6925498968"
  },
  "geometry": {
    "type": "Point",
    "coordinates": [
      -5.9238549,
      54.6009469
    ]
  }
},
{
  "type": "Feature",
  "id": "node/7162107477",
  "properties": {
    "addr:city": "Belfast",
    "addr:housename": "Arthur House",
    "addr:housenumber": "41",
    "addr:postcode": "BT1 4GB",
    "addr:street": "Arthur Street",
    "government": "government",
    "name": "The National Lottery Heritage Fund - Northern Ireland",
    "office": "government",
    "opening_hours": "Mo-Fr 09:00-17:00",
    "id": "node/7162107477"
  },
  "geometry": {
    "type": "Point",
    "coordinates": [
      -5.927932,
      54.5977442
    ]
  }
},
{
  "type": "Feature",
  "id": "node/7417436865",
  "properties": {
    "amenity": "post_box",
    "brand": "Royal Mail",
    "brand:wikidata": "Q638098",
    "brand:wikipedia": "en:Royal Mail",
    "collection_times": "Mo-Fr 17:30; Sa 12:00",
    "operator": "Royal Mail",
    "operator:wikidata": "Q638098",
    "post_box:type": "pillar",
    "ref": "BT36 47",
    "id": "node/7417436865"
  },
  "geometry": {
    "type": "Point",
    "coordinates": [
      -5.9339153,
      54.6561913
    ]
  }
},
{
  "type": "Feature",
  "id": "node/7417649635",
  "properties": {
    "amenity": "post_box",
    "brand": "Royal Mail",
    "brand:wikidata": "Q638098",
    "brand:wikipedia": "en:Royal Mail",
    "check_date:collection_times": "2025-10-27",
    "collection_times": "Mo-Fr 09:00; Sa 07:00",
    "colour": "red",
    "direction": "200",
    "drive_through": "no",
    "indoor": "no",
    "operator": "Royal Mail",
    "operator:wikidata": "Q638098",
    "post_box:apertures": "1",
    "post_box:type": "pillar",
    "ref": "BT1 14D",
    "royal_cypher": "GR",
    "id": "node/7417649635"
  },
  "geometry": {
    "type": "Point",
    "coordinates": [
      -5.922663,
      54.6049548
    ]
  }
},
{
  "type": "Feature",
  "id": "node/7417845240",
  "properties": {
    "amenity": "post_box",
    "brand": "Royal Mail",
    "brand:wikidata": "Q638098",
    "brand:wikipedia": "en:Royal Mail",
    "collection_times": "Mo-Fr 17:30; Sa 12:00",
    "operator": "Royal Mail",
    "operator:wikidata": "Q638098",
    "post_box:type": "lamp",
    "ref": "BT36 43",
    "id": "node/7417845240"
  },
  "geometry": {
    "type": "Point",
    "coordinates": [
      -5.9411309,
      54.6610016
    ]
  }
},
{
  "type": "Feature",
  "id": "node/7418045303",
  "properties": {
    "amenity": "post_box",
    "brand": "Royal Mail",
    "brand:wikidata": "Q638098",
    "brand:wikipedia": "en:Royal Mail",
    "collection_times": "Mo-Fr 17:45; Sa 12:00",
    "operator": "Royal Mail",
    "operator:wikidata": "Q638098",
    "post_box:type": "pillar",
    "ref": "BT36 341",
    "id": "node/7418045303"
  },
  "geometry": {
    "type": "Point",
    "coordinates": [
      -5.9228202,
      54.6481498
    ]
  }
},
{
  "type": "Feature",
  "id": "node/7605801228",
  "properties": {
    "amenity": "post_box",
    "brand": "Royal Mail",
    "brand:wikidata": "Q638098",
    "brand:wikipedia": "en:Royal Mail",
    "operator": "Royal Mail",
    "operator:wikidata": "Q638098",
    "post_box:type": "lamp",
    "ref": "BT18 52D",
    "id": "node/7605801228"
  },
  "geometry": {
    "type": "Point",
    "coordinates": [
      -5.8228301,
      54.6406446
    ]
  }
},
{
  "type": "Feature",
  "id": "node/7605801229",
  "properties": {
    "amenity": "post_box",
    "brand": "Royal Mail",
    "brand:wikidata": "Q638098",
    "brand:wikipedia": "en:Royal Mail",
    "operator": "Royal Mail",
    "operator:wikidata": "Q638098",
    "post_box:type": "lamp",
    "ref": "BT18 702D",
    "id": "node/7605801229"
  },
  "geometry": {
    "type": "Point",
    "coordinates": [
      -5.8189519,
      54.6404894
    ]
  }
},
{
  "type": "Feature",
  "id": "node/7605801232",
  "properties": {
    "amenity": "post_box",
    "brand": "Royal Mail",
    "brand:wikidata": "Q638098",
    "brand:wikipedia": "en:Royal Mail",
    "operator": "Royal Mail",
    "operator:wikidata": "Q638098",
    "post_box:type": "pillar",
    "ref": "BT18 272D",
    "id": "node/7605801232"
  },
  "geometry": {
    "type": "Point",
    "coordinates": [
      -5.8245,
      54.6447215
    ]
  }
},
{
  "type": "Feature",
  "id": "node/7605801235",
  "properties": {
    "amenity": "post_box",
    "brand": "Royal Mail",
    "brand:wikidata": "Q638098",
    "brand:wikipedia": "en:Royal Mail",
    "operator": "Royal Mail",
    "operator:wikidata": "Q638098",
    "post_box:type": "pillar",
    "ref": "BT18 184D",
    "id": "node/7605801235"
  },
  "geometry": {
    "type": "Point",
    "coordinates": [
      -5.8274409,
      54.6395322
    ]
  }
},
{
  "type": "Feature",
  "id": "node/7605801236",
  "properties": {
    "amenity": "post_box",
    "brand": "Royal Mail",
    "brand:wikidata": "Q638098",
    "brand:wikipedia": "en:Royal Mail",
    "operator": "Royal Mail",
    "operator:wikidata": "Q638098",
    "post_box:type": "lamp",
    "ref": "BT18 273D",
    "id": "node/7605801236"
  },
  "geometry": {
    "type": "Point",
    "coordinates": [
      -5.8295899,
      54.6415405
    ]
  }
},
{
  "type": "Feature",
  "id": "node/7605801237",
  "properties": {
    "amenity": "post_box",
    "brand": "Royal Mail",
    "brand:wikidata": "Q638098",
    "brand:wikipedia": "en:Royal Mail",
    "operator": "Royal Mail",
    "operator:wikidata": "Q638098",
    "post_box:type": "pillar",
    "ref": "BT18 214",
    "id": "node/7605801237"
  },
  "geometry": {
    "type": "Point",
    "coordinates": [
      -5.8335039,
      54.6423799
    ]
  }
},
{
  "type": "Feature",
  "id": "node/7605801238",
  "properties": {
    "amenity": "post_box",
    "brand": "Royal Mail",
    "brand:wikidata": "Q638098",
    "brand:wikipedia": "en:Royal Mail",
    "operator": "Royal Mail",
    "operator:wikidata": "Q638098",
    "post_box:type": "pillar",
    "ref": "BT18 103D",
    "id": "node/7605801238"
  },
  "geometry": {
    "type": "Point",
    "coordinates": [
      -5.8410357,
      54.6412536
    ]
  }
},
{
  "type": "Feature",
  "id": "node/7617752794",
  "properties": {
    "amenity": "post_box",
    "brand": "Royal Mail",
    "brand:wikidata": "Q638098",
    "brand:wikipedia": "en:Royal Mail",
    "operator": "Royal Mail",
    "operator:wikidata": "Q638098",
    "post_box:type": "lamp",
    "ref": "BT18 579D",
    "id": "node/7617752794"
  },
  "geometry": {
    "type": "Point",
    "coordinates": [
      -5.833504,
      54.6321083
    ]
  }
},
{
  "type": "Feature",
  "id": "node/7617793292",
  "properties": {
    "amenity": "post_box",
    "brand": "Royal Mail",
    "brand:wikidata": "Q638098",
    "brand:wikipedia": "en:Royal Mail",
    "operator": "Royal Mail",
    "operator:wikidata": "Q638098",
    "post_box:type": "lamp",
    "ref": "BT18 280D",
    "royal_cypher": "EIIR",
    "royal_cypher:wikidata": "Q33102113",
    "id": "node/7617793292"
  },
  "geometry": {
    "type": "Point",
    "coordinates": [
      -5.8449701,
      54.6338835
    ]
  }
},
{
  "type": "Feature",
  "id": "node/7617793293",
  "properties": {
    "amenity": "post_box",
    "brand": "Royal Mail",
    "brand:wikidata": "Q638098",
    "brand:wikipedia": "en:Royal Mail",
    "operator": "Royal Mail",
    "operator:wikidata": "Q638098",
    "post_box:type": "pillar",
    "ref": "BT18 371",
    "id": "node/7617793293"
  },
  "geometry": {
    "type": "Point",
    "coordinates": [
      -5.8370108,
      54.6331139
    ]
  }
},
{
  "type": "Feature",
  "id": "node/7617793294",
  "properties": {
    "amenity": "post_box",
    "brand": "Royal Mail",
    "brand:wikidata": "Q638098",
    "brand:wikipedia": "en:Royal Mail",
    "operator": "Royal Mail",
    "operator:wikidata": "Q638098",
    "post_box:type": "pillar",
    "ref": "BT18 332D",
    "id": "node/7617793294"
  },
  "geometry": {
    "type": "Point",
    "coordinates": [
      -5.8333419,
      54.6362312
    ]
  }
},
{
  "type": "Feature",
  "id": "node/7617793295",
  "properties": {
    "amenity": "post_box",
    "brand": "Royal Mail",
    "brand:wikidata": "Q638098",
    "brand:wikipedia": "en:Royal Mail",
    "operator": "Royal Mail",
    "operator:wikidata": "Q638098",
    "post_box:type": "wall",
    "ref": "BT18 67D",
    "royal_cypher": "VR",
    "royal_cypher:wikidata": "Q33102356",
    "id": "node/7617793295"
  },
  "geometry": {
    "type": "Point",
    "coordinates": [
      -5.8301262,
      54.6374072
    ]
  }
},
{
  "type": "Feature",
  "id": "node/7617793296",
  "properties": {
    "amenity": "post_box",
    "brand": "Royal Mail",
    "brand:wikidata": "Q638098",
    "brand:wikipedia": "en:Royal Mail",
    "operator": "Royal Mail",
    "operator:wikidata": "Q638098",
    "post_box:type": "lamp",
    "ref": "BT18 606D",
    "id": "node/7617793296"
  },
  "geometry": {
    "type": "Point",
    "coordinates": [
      -5.8392975,
      54.6381855
    ]
  }
},
{
  "type": "Feature",
  "id": "node/7617793297",
  "properties": {
    "amenity": "post_box",
    "brand": "Royal Mail",
    "brand:wikidata": "Q638098",
    "brand:wikipedia": "en:Royal Mail",
    "operator": "Royal Mail",
    "operator:wikidata": "Q638098",
    "post_box:apertures": "2",
    "post_box:design": "type_c",
    "post_box:type": "pillar",
    "ref": "BT18 1;BT18 1001",
    "royal_cypher": "EIIR",
    "id": "node/7617793297"
  },
  "geometry": {
    "type": "Point",
    "coordinates": [
      -5.8360605,
      54.6407534
    ]
  }
},
{
  "type": "Feature",
  "id": "node/7617793300",
  "properties": {
    "amenity": "post_box",
    "brand": "Royal Mail",
    "brand:wikidata": "Q638098",
    "brand:wikipedia": "en:Royal Mail",
    "operator": "Royal Mail",
    "operator:wikidata": "Q638098",
    "post_box:type": "lamp",
    "ref": "BT18 29D",
    "id": "node/7617793300"
  },
  "geometry": {
    "type": "Point",
    "coordinates": [
      -5.8120304,
      54.6461089
    ]
  }
},
{
  "type": "Feature",
  "id": "node/7632409007",
  "properties": {
    "amenity": "post_box",
    "brand": "Royal Mail",
    "brand:wikidata": "Q638098",
    "brand:wikipedia": "en:Royal Mail",
    "collection_times": "Mo-Fr 09:00; Sa 07:00",
    "colour": "red",
    "operator": "Royal Mail",
    "operator:wikidata": "Q638098",
    "post_box:type": "lamp",
    "ref": "BT18 119D",
    "royal_cypher": "EIIR",
    "id": "node/7632409007"
  },
  "geometry": {
    "type": "Point",
    "coordinates": [
      -5.8157094,
      54.653922
    ]
  }
},
{
  "type": "Feature",
  "id": "node/7632409008",
  "properties": {
    "amenity": "post_box",
    "brand": "Royal Mail",
    "brand:wikidata": "Q638098",
    "brand:wikipedia": "en:Royal Mail",
    "operator": "Royal Mail",
    "operator:wikidata": "Q638098",
    "post_box:type": "wall",
    "ref": "BT18 185",
    "id": "node/7632409008"
  },
  "geometry": {
    "type": "Point",
    "coordinates": [
      -5.8107298,
      54.6538921
    ]
  }
},
{
  "type": "Feature",
  "id": "node/7632409009",
  "properties": {
    "amenity": "post_box",
    "brand": "Royal Mail",
    "brand:wikidata": "Q638098",
    "brand:wikipedia": "en:Royal Mail",
    "operator": "Royal Mail",
    "operator:wikidata": "Q638098",
    "post_box:type": "lamp",
    "ref": "BT18 490",
    "id": "node/7632409009"
  },
  "geometry": {
    "type": "Point",
    "coordinates": [
      -5.8097531,
      54.6155619
    ]
  }
},
{
  "type": "Feature",
  "id": "node/7651620729",
  "properties": {
    "amenity": "post_box",
    "brand": "Royal Mail",
    "brand:wikidata": "Q638098",
    "brand:wikipedia": "en:Royal Mail",
    "operator": "Royal Mail",
    "operator:wikidata": "Q638098",
    "post_box:type": "lamp",
    "ref": "BT18 764D",
    "id": "node/7651620729"
  },
  "geometry": {
    "type": "Point",
    "coordinates": [
      -5.8406693,
      54.6286898
    ]
  }
},
{
  "type": "Feature",
  "id": "node/7798444316",
  "properties": {
    "addr:city": "Belfast",
    "addr:street": "Windsor Park",
    "amenity": "post_box",
    "brand": "Royal Mail",
    "brand:wikidata": "Q638098",
    "brand:wikipedia": "en:Royal Mail",
    "collection_times": "Mo-Fr 09:00, Sa 07:00",
    "drive_through": "no",
    "operator": "Royal Mail",
    "operator:wikidata": "Q638098",
    "ref": "BT9 250D",
    "id": "node/7798444316"
  },
  "geometry": {
    "type": "Point",
    "coordinates": [
      -5.9467793,
      54.5779743
    ]
  }
},
{
  "type": "Feature",
  "id": "node/7799462478",
  "properties": {
    "amenity": "telephone",
    "booth": "KX100",
    "covered": "booth",
    "fee": "yes",
    "id": "node/7799462478"
  },
  "geometry": {
    "type": "Point",
    "coordinates": [
      -5.8618744,
      54.600102
    ]
  }
},
{
  "type": "Feature",
  "id": "node/8232686131",
  "properties": {
    "addr:city": "Newtownards",
    "addr:housenumber": "1",
    "addr:postcode": "BT23 6BE",
    "addr:street": "Hillmount Drive",
    "addr:village": "Moneyreagh",
    "amenity": "post_office",
    "brand": "Post Office",
    "brand:wikidata": "Q1783168",
    "brand:wikipedia": "en:Post Office Ltd",
    "contact:website": "https://www.postoffice.co.uk/branch-finder/2597047/moneyreagh",
    "fhrs:id": "709945",
    "name": "Moneyreagh Post Office",
    "opening_hours:post_office": "Mo-Fr 09:00-17:00; Sa 09:00-12:00",
    "operator": "Post Office",
    "operator:wikidata": "Q1783168",
    "ref:pol_id": "10300",
    "source": "Post Offices Open Data",
    "source:brand": "Geograph",
    "id": "node/8232686131"
  },
  "geometry": {
    "type": "Point",
    "coordinates": [
      -5.8287082,
      54.5332276
    ]
  }
},
{
  "type": "Feature",
  "id": "node/8254724051",
  "properties": {
    "addr:city": "Belfast",
    "addr:street": "Malone Road",
    "amenity": "post_box",
    "brand": "Royal Mail",
    "brand:wikidata": "Q638098",
    "brand:wikipedia": "en:Royal Mail",
    "drive_through": "no",
    "operator": "Royal Mail",
    "operator:wikidata": "Q638098",
    "id": "node/8254724051"
  },
  "geometry": {
    "type": "Point",
    "coordinates": [
      -5.9439996,
      54.5762987
    ]
  }
},
{
  "type": "Feature",
  "id": "node/8309134834",
  "properties": {
    "amenity": "post_box",
    "brand": "Royal Mail",
    "brand:wikidata": "Q638098",
    "colour": "red",
    "operator": "Royal Mail",
    "operator:wikidata": "Q638098",
    "post_box:type": "pillar",
    "ref": "BT3 404",
    "id": "node/8309134834"
  },
  "geometry": {
    "type": "Point",
    "coordinates": [
      -5.9017508,
      54.6037294
    ]
  }
},
{
  "type": "Feature",
  "id": "node/8309134835",
  "properties": {
    "amenity": "post_box",
    "brand": "Royal Mail",
    "brand:wikidata": "Q638098",
    "colour": "red",
    "description": "Franked mail only.",
    "operator": "Royal Mail",
    "operator:wikidata": "Q638098",
    "post_box:type": "meter",
    "ref": "BT3 395P",
    "id": "node/8309134835"
  },
  "geometry": {
    "type": "Point",
    "coordinates": [
      -5.901748,
      54.6037044
    ]
  }
},
{
  "type": "Feature",
  "id": "node/8321745770",
  "properties": {
    "amenity": "post_box",
    "brand": "Royal Mail",
    "brand:wikidata": "Q638098",
    "brand:wikipedia": "en:Royal Mail",
    "operator": "Royal Mail",
    "operator:wikidata": "Q638098",
    "post_box:type": "pillar",
    "ref": "BT4 569D",
    "id": "node/8321745770"
  },
  "geometry": {
    "type": "Point",
    "coordinates": [
      -5.8522675,
      54.6177845
    ]
  }
},
{
  "type": "Feature",
  "id": "node/8321745775",
  "properties": {
    "amenity": "post_box",
    "brand": "Royal Mail",
    "brand:wikidata": "Q638098",
    "brand:wikipedia": "en:Royal Mail",
    "operator": "Royal Mail",
    "operator:wikidata": "Q638098",
    "post_box:type": "pillar",
    "ref": "BT4 51D",
    "id": "node/8321745775"
  },
  "geometry": {
    "type": "Point",
    "coordinates": [
      -5.8512511,
      54.6077707
    ]
  }
},
{
  "type": "Feature",
  "id": "node/8321745776",
  "properties": {
    "amenity": "post_box",
    "brand": "Royal Mail",
    "brand:wikidata": "Q638098",
    "brand:wikipedia": "en:Royal Mail",
    "operator": "Royal Mail",
    "operator:wikidata": "Q638098",
    "post_box:type": "pillar",
    "ref": "BT4 712D",
    "id": "node/8321745776"
  },
  "geometry": {
    "type": "Point",
    "coordinates": [
      -5.8622428,
      54.6035173
    ]
  }
},
{
  "type": "Feature",
  "id": "node/8321745777",
  "properties": {
    "amenity": "post_box",
    "brand": "Royal Mail",
    "brand:wikidata": "Q638098",
    "brand:wikipedia": "en:Royal Mail",
    "operator": "Royal Mail",
    "operator:wikidata": "Q638098",
    "post_box:type": "pillar",
    "ref": "BT4 549D",
    "id": "node/8321745777"
  },
  "geometry": {
    "type": "Point",
    "coordinates": [
      -5.8594757,
      54.6087004
    ]
  }
},
{
  "type": "Feature",
  "id": "node/8321745778",
  "properties": {
    "amenity": "post_box",
    "brand": "Royal Mail",
    "brand:wikidata": "Q638098",
    "brand:wikipedia": "en:Royal Mail",
    "operator": "Royal Mail",
    "operator:wikidata": "Q638098",
    "post_box:type": "pillar",
    "ref": "BT4 776D",
    "id": "node/8321745778"
  },
  "geometry": {
    "type": "Point",
    "coordinates": [
      -5.862019,
      54.6135986
    ]
  }
},
{
  "type": "Feature",
  "id": "node/8345910222",
  "properties": {
    "amenity": "post_box",
    "brand": "Royal Mail",
    "brand:wikidata": "Q638098",
    "brand:wikipedia": "en:Royal Mail",
    "operator": "Royal Mail",
    "operator:wikidata": "Q638098",
    "post_box:type": "pillar",
    "ref": "BT4 743D",
    "id": "node/8345910222"
  },
  "geometry": {
    "type": "Point",
    "coordinates": [
      -5.8712476,
      54.5998613
    ]
  }
},
{
  "type": "Feature",
  "id": "node/8345910223",
  "properties": {
    "amenity": "post_box",
    "brand": "Royal Mail",
    "brand:wikidata": "Q638098",
    "brand:wikipedia": "en:Royal Mail",
    "operator": "Royal Mail",
    "operator:wikidata": "Q638098",
    "post_box:type": "pillar",
    "ref": "BT4 233",
    "id": "node/8345910223"
  },
  "geometry": {
    "type": "Point",
    "coordinates": [
      -5.8768911,
      54.6003821
    ]
  }
},
{
  "type": "Feature",
  "id": "node/8345914379",
  "properties": {
    "amenity": "post_box",
    "brand": "Royal Mail",
    "brand:wikidata": "Q638098",
    "brand:wikipedia": "en:Royal Mail",
    "operator": "Royal Mail",
    "operator:wikidata": "Q638098",
    "post_box:type": "pillar",
    "ref": "BT4 742",
    "id": "node/8345914379"
  },
  "geometry": {
    "type": "Point",
    "coordinates": [
      -5.8529864,
      54.6117382
    ]
  }
},
{
  "type": "Feature",
  "id": "node/8345914380",
  "properties": {
    "amenity": "post_box",
    "brand": "Royal Mail",
    "brand:wikidata": "Q638098",
    "brand:wikipedia": "en:Royal Mail",
    "operator": "Royal Mail",
    "operator:wikidata": "Q638098",
    "post_box:type": "pillar",
    "ref": "BT4 501D",
    "id": "node/8345914380"
  },
  "geometry": {
    "type": "Point",
    "coordinates": [
      -5.8591256,
      54.6003225
    ]
  }
},
{
  "type": "Feature",
  "id": "node/8346267946",
  "properties": {
    "amenity": "post_box",
    "brand": "Royal Mail",
    "brand:wikidata": "Q638098",
    "brand:wikipedia": "en:Royal Mail",
    "operator": "Royal Mail",
    "operator:wikidata": "Q638098",
    "post_box:type": "pillar",
    "ref": "BT4 244",
    "id": "node/8346267946"
  },
  "geometry": {
    "type": "Point",
    "coordinates": [
      -5.8809348,
      54.6037757
    ]
  }
},
{
  "type": "Feature",
  "id": "node/8346267947",
  "properties": {
    "amenity": "post_box",
    "brand": "Royal Mail",
    "brand:wikidata": "Q638098",
    "brand:wikipedia": "en:Royal Mail",
    "collection_times": "Mo-Fr 09:00; Sa 07:00",
    "operator": "Royal Mail",
    "operator:wikidata": "Q638098",
    "post_box:type": "lamp",
    "ref": "BT4 206",
    "royal_cypher": "EIIR",
    "id": "node/8346267947"
  },
  "geometry": {
    "type": "Point",
    "coordinates": [
      -5.8851821,
      54.602563
    ]
  }
},
{
  "type": "Feature",
  "id": "node/9526969457",
  "properties": {
    "amenity": "social_facility",
    "name": "Glencairn Residents Group",
    "id": "node/9526969457"
  },
  "geometry": {
    "type": "Point",
    "coordinates": [
      -5.9820318,
      54.618465
    ]
  }
},
{
  "type": "Feature",
  "id": "node/9844079159",
  "properties": {
    "amenity": "post_box",
    "brand": "Royal Mail",
    "brand:wikidata": "Q638098",
    "operator": "Royal Mail",
    "operator:wikidata": "Q638098",
    "id": "node/9844079159"
  },
  "geometry": {
    "type": "Point",
    "coordinates": [
      -5.8410728,
      54.5944829
    ]
  }
},
{
  "type": "Feature",
  "id": "node/9909488941",
  "properties": {
    "amenity": "post_box",
    "brand": "Royal Mail",
    "brand:wikidata": "Q638098",
    "colour": "red",
    "operator": "Royal Mail",
    "operator:wikidata": "Q638098",
    "post_box:type": "pillar",
    "id": "node/9909488941"
  },
  "geometry": {
    "type": "Point",
    "coordinates": [
      -5.9829553,
      54.5753379
    ]
  }
},
{
  "type": "Feature",
  "id": "node/9932564472",
  "properties": {
    "amenity": "recycling",
    "recycling:glass_bottles": "yes",
    "recycling_type": "container",
    "id": "node/9932564472"
  },
  "geometry": {
    "type": "Point",
    "coordinates": [
      -5.9605383,
      54.552773
    ]
  }
},
{
  "type": "Feature",
  "id": "node/9971191061",
  "properties": {
    "amenity": "telephone",
    "booth": "InLink",
    "operator": "BT",
    "operator:wikidata": "Q593786",
    "id": "node/9971191061"
  },
  "geometry": {
    "type": "Point",
    "coordinates": [
      -5.9309172,
      54.6003748
    ]
  }
},
{
  "type": "Feature",
  "id": "node/10235574843",
  "properties": {
    "amenity": "post_box",
    "brand": "Royal Mail",
    "brand:wikidata": "Q638098",
    "operator": "Royal Mail",
    "operator:wikidata": "Q638098",
    "id": "node/10235574843"
  },
  "geometry": {
    "type": "Point",
    "coordinates": [
      -5.9293121,
      54.5740103
    ]
  }
},
{
  "type": "Feature",
  "id": "node/10879475808",
  "properties": {
    "amenity": "telephone",
    "colour": "black",
    "note": "not BT",
    "id": "node/10879475808"
  },
  "geometry": {
    "type": "Point",
    "coordinates": [
      -5.9285271,
      54.5962669
    ]
  }
},
{
  "type": "Feature",
  "id": "node/10879475809",
  "properties": {
    "amenity": "telephone",
    "booth": "ST6",
    "id": "node/10879475809"
  },
  "geometry": {
    "type": "Point",
    "coordinates": [
      -5.9214317,
      54.5962503
    ]
  }
},
{
  "type": "Feature",
  "id": "node/10879721023",
  "properties": {
    "amenity": "telephone",
    "booth": "K6",
    "covered": "booth",
    "listed_status": "Grade B2",
    "id": "node/10879721023"
  },
  "geometry": {
    "type": "Point",
    "coordinates": [
      -5.9472987,
      54.5348285
    ]
  }
},
{
  "type": "Feature",
  "id": "node/10879721024",
  "properties": {
    "amenity": "post_box",
    "operator": "Royal Mail",
    "operator:wikidata": "Q638098",
    "post_box:type": "wall",
    "royal_cypher": "VR",
    "royal_cypher:wikidata": "Q33102356",
    "id": "node/10879721024"
  },
  "geometry": {
    "type": "Point",
    "coordinates": [
      -5.9474024,
      54.53473
    ]
  }
},
{
  "type": "Feature",
  "id": "node/10992715566",
  "properties": {
    "amenity": "community_centre",
    "name": "Upper Andersonstown Community Forum",
    "id": "node/10992715566"
  },
  "geometry": {
    "type": "Point",
    "coordinates": [
      -6.0007032,
      54.5758091
    ]
  }
},
{
  "type": "Feature",
  "id": "node/11182997310",
  "properties": {
    "addr:city": "Dunmurry",
    "addr:housename": "The Dairy Farm Centre",
    "addr:housenumber": "Unit 17",
    "addr:postcode": "BT17 0AW",
    "addr:street": "Stewartstown Road",
    "amenity": "library",
    "internet_access": "yes",
    "name": "Colin Glen Library",
    "operator": "Northern Ireland Library Authority",
    "operator:type": "public",
    "operator:wikidata": "Q50693680",
    "website": "https://www.librariesni.org.uk/libraries/greater-belfast/colin-glen-library/",
    "id": "node/11182997310"
  },
  "geometry": {
    "type": "Point",
    "coordinates": [
      -6.020003,
      54.5602264
    ]
  }
},
{
  "type": "Feature",
  "id": "node/11183476948",
  "properties": {
    "addr:city": "Belfast",
    "addr:housename": "Grove Wellbeing Centre",
    "addr:housenumber": "120",
    "addr:postcode": "BT15 3HF",
    "addr:street": "York Road",
    "amenity": "library",
    "internet_access": "yes",
    "name": "Grove Library",
    "operator": "Northern Ireland Library Authority",
    "operator:type": "public",
    "operator:wikidata": "Q50693680",
    "website": "https://www.librariesni.org.uk/libraries/greater-belfast/grove-library/",
    "id": "node/11183476948"
  },
  "geometry": {
    "type": "Point",
    "coordinates": [
      -5.9243505,
      54.6212249
    ]
  }
},
{
  "type": "Feature",
  "id": "node/11212065738",
  "properties": {
    "amenity": "telephone",
    "booth": "KX300",
    "covered": "booth",
    "operator": "BT",
    "operator:wikidata": "Q593786",
    "phone": "+44 2890321813",
    "id": "node/11212065738"
  },
  "geometry": {
    "type": "Point",
    "coordinates": [
      -5.9274485,
      54.6000959
    ]
  }
},
{
  "type": "Feature",
  "id": "node/11254073049",
  "properties": {
    "amenity": "telephone",
    "booth": "InLink",
    "id": "node/11254073049"
  },
  "geometry": {
    "type": "Point",
    "coordinates": [
      -5.9301649,
      54.5982306
    ]
  }
},
{
  "type": "Feature",
  "id": "node/11271362931",
  "properties": {
    "amenity": "telephone",
    "booth": "KXPlus",
    "covered": "booth",
    "operator": "BT",
    "operator:wikidata": "Q593786",
    "id": "node/11271362931"
  },
  "geometry": {
    "type": "Point",
    "coordinates": [
      -5.9362362,
      54.5949845
    ]
  }
},
{
  "type": "Feature",
  "id": "node/11425161173",
  "properties": {
    "amenity": "post_box",
    "mapillary": "937225737029338",
    "operator": "Royal Mail",
    "operator:wikidata": "Q638098",
    "post_box:type": "pillar",
    "id": "node/11425161173"
  },
  "geometry": {
    "type": "Point",
    "coordinates": [
      -5.9329745,
      54.5877849
    ]
  }
},
{
  "type": "Feature",
  "id": "node/11648824298",
  "properties": {
    "amenity": "post_box",
    "operator": "Royal Mail",
    "operator:wikidata": "Q638098",
    "post_box:type": "pillar",
    "wikimedia_commons": "File:Pillar box, Belfast - geograph.org.uk - 2311128.jpg",
    "id": "node/11648824298"
  },
  "geometry": {
    "type": "Point",
    "coordinates": [
      -5.8474016,
      54.6060663
    ]
  }
},
{
  "type": "Feature",
  "id": "node/11725845669",
  "properties": {
    "amenity": "waste_disposal",
    "id": "node/11725845669"
  },
  "geometry": {
    "type": "Point",
    "coordinates": [
      -5.9340641,
      54.6292392
    ]
  }
},
{
  "type": "Feature",
  "id": "node/11727362969",
  "properties": {
    "addr:street": "Saintfield Road",
    "email": "Paulinem.McDonald@belfasttrust.hscni.net",
    "name": "Roe Centre (Children With Disability Team)",
    "office": "government",
    "opening_hours": "Su-Th 09:00-17:00",
    "phone": "+44 28 9504 2725",
    "website": "https://belfasttrust.hscni.net/service/childrens-disability-service/",
    "id": "node/11727362969"
  },
  "geometry": {
    "type": "Point",
    "coordinates": [
      -5.9040882,
      54.5399655
    ]
  }
},
{
  "type": "Feature",
  "id": "node/11750138238",
  "properties": {
    "amenity": "telephone",
    "booth": "KX100",
    "covered": "booth",
    "id": "node/11750138238"
  },
  "geometry": {
    "type": "Point",
    "coordinates": [
      -5.9799887,
      54.5594668
    ]
  }
},
{
  "type": "Feature",
  "id": "node/11773719746",
  "properties": {
    "amenity": "telephone",
    "booth": "KXPlus",
    "covered": "booth",
    "id": "node/11773719746"
  },
  "geometry": {
    "type": "Point",
    "coordinates": [
      -5.9213091,
      54.6046531
    ]
  }
},
{
  "type": "Feature",
  "id": "node/11784579004",
  "properties": {
    "amenity": "recycling",
    "operator": "Lisburn and Castlereagh City Council",
    "operator:type": "government",
    "operator:wikidata": "Q6558667",
    "recycling:cans": "yes",
    "recycling:glass_bottles": "yes",
    "recycling_type": "container",
    "id": "node/11784579004"
  },
  "geometry": {
    "type": "Point",
    "coordinates": [
      -6.0049204,
      54.5352983
    ]
  }
},
{
  "type": "Feature",
  "id": "node/11806528443",
  "properties": {
    "amenity": "recycling",
    "recycling:electrical_items": "yes",
    "recycling_type": "container",
    "id": "node/11806528443"
  },
  "geometry": {
    "type": "Point",
    "coordinates": [
      -5.9200114,
      54.607125
    ]
  }
},
{
  "type": "Feature",
  "id": "node/11806528452",
  "properties": {
    "amenity": "recycling",
    "recycling:electrical_items": "yes",
    "recycling_type": "container",
    "id": "node/11806528452"
  },
  "geometry": {
    "type": "Point",
    "coordinates": [
      -5.9200484,
      54.6071042
    ]
  }
},
{
  "type": "Feature",
  "id": "node/11806528466",
  "properties": {
    "amenity": "recycling",
    "recycling:electrical_items": "yes",
    "recycling_type": "container",
    "id": "node/11806528466"
  },
  "geometry": {
    "type": "Point",
    "coordinates": [
      -5.920029,
      54.6071
    ]
  }
},
{
  "type": "Feature",
  "id": "node/11806528467",
  "properties": {
    "amenity": "recycling",
    "recycling:electrical_items": "yes",
    "recycling_type": "container",
    "id": "node/11806528467"
  },
  "geometry": {
    "type": "Point",
    "coordinates": [
      -5.9200405,
      54.6071139
    ]
  }
},
{
  "type": "Feature",
  "id": "node/11806583370",
  "properties": {
    "amenity": "recycling",
    "recycling:electrical_items": "yes",
    "recycling_type": "container",
    "id": "node/11806583370"
  },
  "geometry": {
    "type": "Point",
    "coordinates": [
      -5.920032,
      54.6071243
    ]
  }
},
{
  "type": "Feature",
  "id": "node/11997898246",
  "properties": {
    "amenity": "telephone",
    "booth": "KX300",
    "covered": "booth",
    "operator": "BT",
    "operator:wikidata": "Q593786",
    "id": "node/11997898246"
  },
  "geometry": {
    "type": "Point",
    "coordinates": [
      -6.0046543,
      54.5509073
    ]
  }
},
{
  "type": "Feature",
  "id": "node/11997902992",
  "properties": {
    "amenity": "telephone",
    "booth": "KX300",
    "covered": "booth",
    "operator": "BT",
    "operator:wikidata": "Q593786",
    "id": "node/11997902992"
  },
  "geometry": {
    "type": "Point",
    "coordinates": [
      -5.9274688,
      54.600115
    ]
  }
},
{
  "type": "Feature",
  "id": "node/12009837340",
  "properties": {
    "amenity": "telephone",
    "booth": "KXPlus",
    "covered": "booth",
    "id": "node/12009837340"
  },
  "geometry": {
    "type": "Point",
    "coordinates": [
      -5.9381549,
      54.5810759
    ]
  }
},
{
  "type": "Feature",
  "id": "node/12016019103",
  "properties": {
    "amenity": "telephone",
    "booth": "KXPlus",
    "covered": "booth",
    "id": "node/12016019103"
  },
  "geometry": {
    "type": "Point",
    "coordinates": [
      -5.9381584,
      54.581066
    ]
  }
},
{
  "type": "Feature",
  "id": "node/12046296252",
  "properties": {
    "amenity": "telephone",
    "booth": "KX100",
    "covered": "booth",
    "id": "node/12046296252"
  },
  "geometry": {
    "type": "Point",
    "coordinates": [
      -5.8762474,
      54.5961217
    ]
  }
},
{
  "type": "Feature",
  "id": "node/12177001311",
  "properties": {
    "amenity": "recycling",
    "operator": "Olive Branch Centre",
    "recycling:clothes": "yes",
    "recycling_type": "container",
    "id": "node/12177001311"
  },
  "geometry": {
    "type": "Point",
    "coordinates": [
      -5.9361655,
      54.6425283
    ]
  }
},
{
  "type": "Feature",
  "id": "node/12198558320",
  "properties": {
    "addr:city": "Belfast",
    "addr:housenumber": "22",
    "addr:street": "Great Victoria Street",
    "brand:wikidata": "Q180707",
    "brand:wikipedia": "en:Translink (Northern Ireland)",
    "government": "transportation",
    "name": "Translink Head Office",
    "office": "government",
    "phone": "+442890666630",
    "id": "node/12198558320"
  },
  "geometry": {
    "type": "Point",
    "coordinates": [
      -5.9341481,
      54.5952142
    ]
  }
},
{
  "type": "Feature",
  "id": "node/12273097417",
  "properties": {
    "amenity": "post_box",
    "operator": "Royal Mail",
    "operator:wikidata": "Q638098",
    "post_box:type": "pillar",
    "id": "node/12273097417"
  },
  "geometry": {
    "type": "Point",
    "coordinates": [
      -5.96774,
      54.5906227
    ]
  }
},
{
  "type": "Feature",
  "id": "node/12288077829",
  "properties": {
    "amenity": "telephone",
    "booth": "KX100",
    "covered": "booth",
    "id": "node/12288077829"
  },
  "geometry": {
    "type": "Point",
    "coordinates": [
      -5.867035,
      54.5951754
    ]
  }
},
{
  "type": "Feature",
  "id": "node/12288313839",
  "properties": {
    "amenity": "telephone",
    "booth": "KX300",
    "covered": "booth",
    "id": "node/12288313839"
  },
  "geometry": {
    "type": "Point",
    "coordinates": [
      -5.8545656,
      54.5947887
    ]
  }
},
{
  "type": "Feature",
  "id": "node/12312391439",
  "properties": {
    "amenity": "telephone",
    "booth": "KX100",
    "covered": "booth",
    "id": "node/12312391439"
  },
  "geometry": {
    "type": "Point",
    "coordinates": [
      -5.882134,
      54.5961323
    ]
  }
},
{
  "type": "Feature",
  "id": "node/12319560933",
  "properties": {
    "amenity": "telephone",
    "booth": "KX100",
    "covered": "booth",
    "id": "node/12319560933"
  },
  "geometry": {
    "type": "Point",
    "coordinates": [
      -5.8901528,
      54.5977695
    ]
  }
},
{
  "type": "Feature",
  "id": "node/12427185607",
  "properties": {
    "amenity": "recycling",
    "recycling:glass_bottles": "yes",
    "recycling_type": "container",
    "id": "node/12427185607"
  },
  "geometry": {
    "type": "Point",
    "coordinates": [
      -5.92308,
      54.634834
    ]
  }
},
{
  "type": "Feature",
  "id": "node/12427711276",
  "properties": {
    "amenity": "recycling",
    "recycling:clothes": "yes",
    "recycling_type": "container",
    "id": "node/12427711276"
  },
  "geometry": {
    "type": "Point",
    "coordinates": [
      -5.9130455,
      54.6540504
    ]
  }
},
{
  "type": "Feature",
  "id": "node/12471934518",
  "properties": {
    "addr:city": "Belfast",
    "addr:housenumber": "283-289",
    "addr:street": "Antrim Road",
    "amenity": "community_centre",
    "community_centre": "cultural_centre",
    "name": "Áras Mhic Reachtain",
    "opening_hours": "Mo-Sa 09:30-04:00",
    "operator": "Cumann Cultúrtha Mhic Reachtain",
    "id": "node/12471934518"
  },
  "geometry": {
    "type": "Point",
    "coordinates": [
      -5.9378534,
      54.6171353
    ]
  }
},
{
  "type": "Feature",
  "id": "node/12513251527",
  "properties": {
    "amenity": "telephone",
    "booth": "KX300",
    "covered": "booth",
    "id": "node/12513251527"
  },
  "geometry": {
    "type": "Point",
    "coordinates": [
      -5.8959898,
      54.5759476
    ]
  }
},
{
  "type": "Feature",
  "id": "node/12649468068",
  "properties": {
    "amenity": "telephone",
    "booth": "KX100",
    "covered": "booth",
    "id": "node/12649468068"
  },
  "geometry": {
    "type": "Point",
    "coordinates": [
      -5.927296,
      54.5826875
    ]
  }
},
{
  "type": "Feature",
  "id": "node/12649508310",
  "properties": {
    "amenity": "post_box",
    "brand": "Royal Mail",
    "brand:wikidata": "Q638098",
    "collection_times": "Mo-Fr 09:00; Sa 07:00",
    "operator": "Royal Mail",
    "operator:wikidata": "Q638098",
    "post_box:type": "pillar",
    "ref": "BT7 191D",
    "royal_cypher": "VR",
    "royal_cypher:wikidata": "Q33102356",
    "id": "node/12649508310"
  },
  "geometry": {
    "type": "Point",
    "coordinates": [
      -5.9285164,
      54.5822639
    ]
  }
},
{
  "type": "Feature",
  "id": "node/12655584164",
  "properties": {
    "addr:postcode": "BT1 3NR",
    "amenity": "post_box",
    "check_date:collection_times": "2025-10-27",
    "collection_times": "Mo-Fr 09:00; Sa 07:00; Su off",
    "colour": "red",
    "direction": "0",
    "drive_through": "no",
    "indoor": "yes",
    "operator": "Royal Mail",
    "operator:wikidata": "Q638098",
    "post_box:apertures": "1",
    "post_box:type": "pillar",
    "ref": "BT1 173D",
    "royal_cypher": "EIIR",
    "royal_cypher:wikidata": "Q33102113",
    "id": "node/12655584164"
  },
  "geometry": {
    "type": "Point",
    "coordinates": [
      -5.9171905,
      54.5954511
    ]
  }
},
{
  "type": "Feature",
  "id": "node/12655679393",
  "properties": {
    "amenity": "post_box",
    "brand": "Royal Mail",
    "brand:wikidata": "Q638098",
    "check_date:collection_times": "2025-10-27",
    "collection_times": "Mo-Fr 18:00; Sa 11:30; Su off",
    "colour": "red",
    "direction": "80",
    "drive_through": "no",
    "indoor": "no",
    "operator": "Royal Mail",
    "operator:wikidata": "Q638098",
    "post_box:apertures": "1",
    "post_box:type": "meter",
    "ref": "BT2 920P",
    "royal_cypher": "no",
    "id": "node/12655679393"
  },
  "geometry": {
    "type": "Point",
    "coordinates": [
      -5.933741,
      54.5897626
    ]
  }
},
{
  "type": "Feature",
  "id": "node/12684457095",
  "properties": {
    "addr:city": "Belfast",
    "addr:housenumber": "75b",
    "addr:postcode": "BT3 9DJ",
    "addr:street": "Sydenham Road",
    "amenity": "social_facility",
    "name": "Visiting Angels Senior Home Care Belfast",
    "opening_hours": "24/7",
    "phone": "+44 28 9002 9123",
    "social_facility": "assisted_living",
    "social_facility:for": "senior",
    "website": "https://www.visiting-angels.co.uk/belfast/home",
    "wheelchair": "yes",
    "id": "node/12684457095"
  },
  "geometry": {
    "type": "Point",
    "coordinates": [
      -5.8994882,
      54.6032395
    ]
  }
},
{
  "type": "Feature",
  "id": "node/12759542313",
  "properties": {
    "amenity": "post_box",
    "collection_times": "Mo-Fr 09:00; Sa 07:00",
    "colour": "red",
    "operator": "Royal Mail",
    "operator:wikidata": "Q638098",
    "post_box:type": "pillar",
    "ref": "BT3 1912D",
    "royal_cypher": "VR",
    "id": "node/12759542313"
  },
  "geometry": {
    "type": "Point",
    "coordinates": [
      -5.9097436,
      54.6076018
    ]
  }
},
{
  "type": "Feature",
  "id": "node/12760492366",
  "properties": {
    "amenity": "post_box",
    "colour": "red",
    "operator": "Royal Mail",
    "operator:wikidata": "Q638098",
    "post_box:type": "pillar",
    "ref": "BT15 258D",
    "royal_cypher": "EIIR",
    "id": "node/12760492366"
  },
  "geometry": {
    "type": "Point",
    "coordinates": [
      -5.9339528,
      54.6340777
    ]
  }
},
{
  "type": "Feature",
  "id": "node/12762071402",
  "properties": {
    "amenity": "telephone",
    "booth": "KX100",
    "covered": "booth",
    "id": "node/12762071402"
  },
  "geometry": {
    "type": "Point",
    "coordinates": [
      -5.9230831,
      54.6220587
    ]
  }
},
{
  "type": "Feature",
  "id": "node/12804270947",
  "properties": {
    "amenity": "post_box",
    "collection_times": "Mo-Fr 09:00; Sa 07:00",
    "colour": "red",
    "operator": "Royal Mail",
    "operator:wikidata": "Q638098",
    "ref": "BT12 15D",
    "royal_cypher": "EIIR",
    "id": "node/12804270947"
  },
  "geometry": {
    "type": "Point",
    "coordinates": [
      -5.9422905,
      54.6001314
    ]
  }
},
{
  "type": "Feature",
  "id": "node/12815615575",
  "properties": {
    "addr:city": "Belfast",
    "addr:housenumber": "73-75",
    "addr:postcode": "BT8 6FQ",
    "addr:street": "Newton Park",
    "amenity": "post_office",
    "brand": "Post Office",
    "brand:wikidata": "Q1783168",
    "name": "Newton Park Post Office",
    "note": "PO counter is inside the Mace shop",
    "opening_hours": "Mo,Tu,Th,Fr 09:00-17:15; We 09:30-17:15; Sa,Su 09:00-17:00",
    "ref:pol_id": "149121",
    "website": "https://www.postoffice.co.uk/branch-finder/4477049/newton-park",
    "id": "node/12815615575"
  },
  "geometry": {
    "type": "Point",
    "coordinates": [
      -5.9027604,
      54.5568901
    ]
  }
},
{
  "type": "Feature",
  "id": "node/12889003583",
  "properties": {
    "addr:city": "Finaghy",
    "addr:housenumber": "243-266",
    "addr:postcode": "BT10 0LN",
    "addr:street": "Upper Lisburn Road",
    "amenity": "post_office",
    "brand": "Post Office",
    "brand:wikidata": "Q1783168",
    "name": "Blacks Road Post Office",
    "note": "the PO is inside the Spar",
    "opening_hours": "Mo-Sa 08:00-17:00; Su 07:00-23:00",
    "ref:pol_id": "167901",
    "website": "https://www.postoffice.co.uk/branch-finder/2055015/blacks-road",
    "id": "node/12889003583"
  },
  "geometry": {
    "type": "Point",
    "coordinates": [
      -5.9915072,
      54.55742
    ]
  }
},
{
  "type": "Feature",
  "id": "node/12901816610",
  "properties": {
    "addr:city": "Dunmurry",
    "addr:housenumber": "61",
    "addr:place": "Mount Eagles Square",
    "addr:postcode": "BT17 0GY",
    "amenity": "post_office",
    "brand": "Post Office",
    "brand:wikidata": "Q1783168",
    "name": "Mount Eagles Square Post Office",
    "note": "the PO is inside the Spar",
    "opening_hours": "Mo-Fr 08:00-19:00; Sa 08:00-17:00; Su 09:00-14:00",
    "ref:pol_id": "167925",
    "website": "https://www.postoffice.co.uk/branch-finder/2135019/mount-eagles-square",
    "id": "node/12901816610"
  },
  "geometry": {
    "type": "Point",
    "coordinates": [
      -6.0474106,
      54.5537463
    ]
  }
},
{
  "type": "Feature",
  "id": "node/12980138722",
  "properties": {
    "amenity": "telephone",
    "booth": "KX100",
    "covered": "booth",
    "operator": "BT",
    "operator:wikidata": "Q593786",
    "id": "node/12980138722"
  },
  "geometry": {
    "type": "Point",
    "coordinates": [
      -5.9230667,
      54.5852379
    ]
  }
},
{
  "type": "Feature",
  "id": "node/12988019208",
  "properties": {
    "amenity": "telephone",
    "booth": "KXPlus",
    "covered": "booth",
    "operator": "BT",
    "operator:wikidata": "Q593786",
    "id": "node/12988019208"
  },
  "geometry": {
    "type": "Point",
    "coordinates": [
      -5.9285688,
      54.5993239
    ]
  }
},
{
  "type": "Feature",
  "id": "node/12988019209",
  "properties": {
    "amenity": "telephone",
    "booth": "KXPlus",
    "covered": "booth",
    "operator": "BT",
    "operator:wikidata": "Q593786",
    "id": "node/12988019209"
  },
  "geometry": {
    "type": "Point",
    "coordinates": [
      -5.9285588,
      54.5993165
    ]
  }
},
{
  "type": "Feature",
  "id": "node/12994188067",
  "properties": {
    "amenity": "telephone",
    "booth": "KX100",
    "covered": "booth",
    "id": "node/12994188067"
  },
  "geometry": {
    "type": "Point",
    "coordinates": [
      -5.9143179,
      54.5721094
    ]
  }
},
{
  "type": "Feature",
  "id": "node/13014163916",
  "properties": {
    "amenity": "post_box",
    "operator": "Royal Mail",
    "operator:wikidata": "Q638098",
    "post_box:type": "pillar",
    "id": "node/13014163916"
  },
  "geometry": {
    "type": "Point",
    "coordinates": [
      -5.913463,
      54.5672963
    ]
  }
},
{
  "type": "Feature",
  "id": "node/13014163917",
  "properties": {
    "amenity": "telephone",
    "booth": "KX100",
    "covered": "booth",
    "operator": "BT",
    "operator:wikidata": "Q593786",
    "id": "node/13014163917"
  },
  "geometry": {
    "type": "Point",
    "coordinates": [
      -5.913444,
      54.5673677
    ]
  }
},
{
  "type": "Feature",
  "id": "node/13016927186",
  "properties": {
    "amenity": "post_box",
    "brand": "Royal Mail",
    "brand:wikidata": "Q638098",
    "check_date:collection_times": "2025-12-19",
    "collection_times": "Mo-Fr 18:00; Sa 11:45; Su off",
    "colour": "red",
    "direction": "315",
    "operator": "Royal Mail",
    "operator:wikidata": "Q638098",
    "post_box:type": "meter",
    "ref": "BT12 390P",
    "royal_cypher": "no",
    "id": "node/13016927186"
  },
  "geometry": {
    "type": "Point",
    "coordinates": [
      -5.9643989,
      54.5760804
    ]
  }
},
{
  "type": "Feature",
  "id": "node/13016927187",
  "properties": {
    "amenity": "post_box",
    "brand": "Royal Mail",
    "brand:wikidata": "Q638098",
    "check_date:collection_times": "2025-12-19",
    "collection_times": "Mo-Fr 16:00; Sa 11:45; Su off",
    "colour": "red",
    "direction": "315",
    "operator": "Royal Mail",
    "operator:wikidata": "Q638098",
    "post_box:type": "pillar",
    "ref": "BT12 504",
    "royal_cypher": "EIIR",
    "royal_cypher:wikidata": "Q33102113",
    "id": "node/13016927187"
  },
  "geometry": {
    "type": "Point",
    "coordinates": [
      -5.9644146,
      54.5760707
    ]
  }
},
{
  "type": "Feature",
  "id": "node/13016927188",
  "properties": {
    "amenity": "post_box",
    "brand": "Royal Mail",
    "brand:wikidata": "Q638098",
    "colour": "red",
    "direction": "300",
    "fixme": "Survey for ref (query BT12 466)",
    "operator": "Royal Mail",
    "operator:wikidata": "Q638098",
    "post_box:type": "pillar",
    "ref": "BT12",
    "royal_cypher": "GR",
    "royal_cypher:wikidata": "Q33102273",
    "id": "node/13016927188"
  },
  "geometry": {
    "type": "Point",
    "coordinates": [
      -5.9704044,
      54.5718489
    ]
  }
},
{
  "type": "Feature",
  "id": "node/13058096864",
  "properties": {
    "amenity": "telephone",
    "covered": "yes",
    "id": "node/13058096864"
  },
  "geometry": {
    "type": "Point",
    "coordinates": [
      -5.8545035,
      54.5777589
    ]
  }
},
{
  "type": "Feature",
  "id": "node/13092424208",
  "properties": {
    "amenity": "recycling",
    "recycling_type": "container",
    "id": "node/13092424208"
  },
  "geometry": {
    "type": "Point",
    "coordinates": [
      -5.9113813,
      54.6058393
    ]
  }
},
{
  "type": "Feature",
  "id": "node/13092446807",
  "properties": {
    "amenity": "recycling",
    "recycling_type": "container",
    "id": "node/13092446807"
  },
  "geometry": {
    "type": "Point",
    "coordinates": [
      -5.910965,
      54.6057391
    ]
  }
},
{
  "type": "Feature",
  "id": "node/13094259300",
  "properties": {
    "amenity": "telephone",
    "operator": "BT",
    "operator:wikidata": "Q593786",
    "id": "node/13094259300"
  },
  "geometry": {
    "type": "Point",
    "coordinates": [
      -5.9317978,
      54.5991164
    ]
  }
},
{
  "type": "Feature",
  "id": "node/13094262817",
  "properties": {
    "amenity": "telephone",
    "operator": "BT",
    "operator:wikidata": "Q593786",
    "id": "node/13094262817"
  },
  "geometry": {
    "type": "Point",
    "coordinates": [
      -5.9318212,
      54.5991148
    ]
  }
},
{
  "type": "Feature",
  "id": "node/13094736091",
  "properties": {
    "amenity": "telephone",
    "operator": "BT",
    "operator:wikidata": "Q593786",
    "id": "node/13094736091"
  },
  "geometry": {
    "type": "Point",
    "coordinates": [
      -5.928023,
      54.5986364
    ]
  }
},
{
  "type": "Feature",
  "id": "node/13094807675",
  "properties": {
    "amenity": "telephone",
    "name": "BT Phone Box",
    "operator": "BT",
    "operator:wikidata": "Q593786",
    "id": "node/13094807675"
  },
  "geometry": {
    "type": "Point",
    "coordinates": [
      -5.933248,
      54.5980984
    ]
  }
},
{
  "type": "Feature",
  "id": "node/13094813107",
  "properties": {
    "addr:postcode": "BT1 6EF",
    "amenity": "post_box",
    "check_date:collection_times": "2025-10-27",
    "collection_times": "Mo-Fr 09:00; Sa 07:00; Su off",
    "colour": "red",
    "direction": "100",
    "drive_through": "no",
    "indoor": "no",
    "operator": "Royal Mail",
    "operator:wikidata": "Q638098",
    "post_box:apertures": "2",
    "post_box:type": "pillar",
    "ref": "BT1 45D;BT1 1045D",
    "royal_cypher": "EIIR",
    "royal_cypher:wikidata": "Q33102113",
    "id": "node/13094813107"
  },
  "geometry": {
    "type": "Point",
    "coordinates": [
      -5.9332188,
      54.5981851
    ]
  }
},
{
  "type": "Feature",
  "id": "node/13094813222",
  "properties": {
    "amenity": "telephone",
    "name": "BT Phone Box",
    "operator": "BT",
    "operator:wikidata": "Q593786",
    "id": "node/13094813222"
  },
  "geometry": {
    "type": "Point",
    "coordinates": [
      -5.933253,
      54.5981017
    ]
  }
},
{
  "type": "Feature",
  "id": "node/13180046296",
  "properties": {
    "government": "yes",
    "name": "Capita",
    "office": "government",
    "id": "node/13180046296"
  },
  "geometry": {
    "type": "Point",
    "coordinates": [
      -5.9296604,
      54.5943806
    ]
  }
},
{
  "type": "Feature",
  "id": "node/13180073039",
  "properties": {
    "amenity": "telephone",
    "name": "BT",
    "operator": "BT",
    "operator:wikidata": "Q593786",
    "id": "node/13180073039"
  },
  "geometry": {
    "type": "Point",
    "coordinates": [
      -5.9185437,
      54.5964838
    ]
  }
},
{
  "type": "Feature",
  "id": "node/13183900383",
  "properties": {
    "amenity": "telephone",
    "operator": "BT",
    "operator:wikidata": "Q593786",
    "payment:coins": "yes",
    "id": "node/13183900383"
  },
  "geometry": {
    "type": "Point",
    "coordinates": [
      -5.92645,
      54.6000778
    ]
  }
},
{
  "type": "Feature",
  "id": "node/13185000447",
  "properties": {
    "amenity": "social_facility",
    "brand": "Citizens Advice",
    "brand:wikidata": "Q5122657",
    "name": "Newtownabbey Citizens Advice",
    "social_facility": "outreach",
    "id": "node/13185000447"
  },
  "geometry": {
    "type": "Point",
    "coordinates": [
      -5.9172109,
      54.6648242
    ]
  }
},
{
  "type": "Feature",
  "id": "node/13186477902",
  "properties": {
    "amenity": "telephone",
    "operator": "BT",
    "operator:wikidata": "Q593786",
    "id": "node/13186477902"
  },
  "geometry": {
    "type": "Point",
    "coordinates": [
      -5.9378281,
      54.6258327
    ]
  }
},
{
  "type": "Feature",
  "id": "node/13186477903",
  "properties": {
    "amenity": "telephone",
    "operator": "BT",
    "operator:wikidata": "Q593786",
    "id": "node/13186477903"
  },
  "geometry": {
    "type": "Point",
    "coordinates": [
      -5.937829,
      54.6258231
    ]
  }
},
{
  "type": "Feature",
  "id": "node/13186544924",
  "properties": {
    "amenity": "telephone",
    "operator": "BT",
    "operator:wikidata": "Q593786",
    "id": "node/13186544924"
  },
  "geometry": {
    "type": "Point",
    "coordinates": [
      -5.9138163,
      54.6562831
    ]
  }
},
{
  "type": "Feature",
  "id": "node/13191628618",
  "properties": {
    "amenity": "social_facility",
    "name": "Ambassador Nursing Home",
    "social_facility": "nursing_home",
    "social_facility:for": "senior",
    "id": "node/13191628618"
  },
  "geometry": {
    "type": "Point",
    "coordinates": [
      -5.9394247,
      54.6278311
    ]
  }
},
{
  "type": "Feature",
  "id": "node/13191681437",
  "properties": {
    "amenity": "post_box",
    "brand": "UPS",
    "brand:wikidata": "Q155026",
    "official_name": "United Parcel Service pickup Point",
    "operator": "UPS",
    "operator:type": "private",
    "operator:wikidata": "Q155026",
    "post_box:type": "yes",
    "id": "node/13191681437"
  },
  "geometry": {
    "type": "Point",
    "coordinates": [
      -5.9249231,
      54.6605487
    ]
  }
},
{
  "type": "Feature",
  "id": "node/13191701212",
  "properties": {
    "amenity": "telephone",
    "operator": "BT",
    "operator:wikidata": "Q593786",
    "id": "node/13191701212"
  },
  "geometry": {
    "type": "Point",
    "coordinates": [
      -5.9309843,
      54.5973412
    ]
  }
},
{
  "type": "Feature",
  "id": "node/13191777784",
  "properties": {
    "amenity": "community_centre",
    "name": "ardoyne community centre",
    "id": "node/13191777784"
  },
  "geometry": {
    "type": "Point",
    "coordinates": [
      -5.9583704,
      54.6139519
    ]
  }
},
{
  "type": "Feature",
  "id": "node/13192299129",
  "properties": {
    "amenity": "social_facility",
    "name": "Abbeyfield house",
    "operator": "Abbeyfield",
    "operator:type": "charitable",
    "operator:wikidata": "Q4664101",
    "id": "node/13192299129"
  },
  "geometry": {
    "type": "Point",
    "coordinates": [
      -5.91257,
      54.6552277
    ]
  }
},
{
  "type": "Feature",
  "id": "node/13194548111",
  "properties": {
    "amenity": "social_facility",
    "name": "Depaul Ireland Stella Maris",
    "social_facility": "shelter",
    "social_facility:for": "homeless",
    "id": "node/13194548111"
  },
  "geometry": {
    "type": "Point",
    "coordinates": [
      -5.9210551,
      54.6087688
    ]
  }
},
{
  "type": "Feature",
  "id": "node/13196614638",
  "properties": {
    "amenity": "post_box",
    "brand": "UPS",
    "brand:wikidata": "Q155026",
    "official_name": "UPS Access Point",
    "operator": "UPS",
    "operator:type": "private",
    "operator:wikidata": "Q155026",
    "id": "node/13196614638"
  },
  "geometry": {
    "type": "Point",
    "coordinates": [
      -5.9251678,
      54.5995111
    ]
  }
},
{
  "type": "Feature",
  "id": "node/13196707046",
  "properties": {
    "amenity": "telephone",
    "operator": "BT",
    "operator:wikidata": "Q593786",
    "id": "node/13196707046"
  },
  "geometry": {
    "type": "Point",
    "coordinates": [
      -5.9327418,
      54.5992457
    ]
  }
},
{
  "type": "Feature",
  "id": "node/13196707047",
  "properties": {
    "amenity": "telephone",
    "operator": "BT",
    "operator:wikidata": "Q593786",
    "id": "node/13196707047"
  },
  "geometry": {
    "type": "Point",
    "coordinates": [
      -5.9327252,
      54.5992441
    ]
  }
},
{
  "type": "Feature",
  "id": "node/13196707057",
  "properties": {
    "amenity": "community_centre",
    "community_centre": "community_hall",
    "name": "Indian Community Centre",
    "id": "node/13196707057"
  },
  "geometry": {
    "type": "Point",
    "coordinates": [
      -5.9360484,
      54.6068632
    ]
  }
},
{
  "type": "Feature",
  "id": "node/13196707058",
  "properties": {
    "amenity": "social_facility",
    "name": "The People's Kitchen Belfast",
    "social_facility": "food_bank",
    "id": "node/13196707058"
  },
  "geometry": {
    "type": "Point",
    "coordinates": [
      -5.9361242,
      54.6075804
    ]
  }
},
{
  "type": "Feature",
  "id": "node/13196741140",
  "properties": {
    "amenity": "social_facility",
    "name": "Somerton Homes",
    "social_facility": "nursing_home",
    "social_facility:for": "senior",
    "id": "node/13196741140"
  },
  "geometry": {
    "type": "Point",
    "coordinates": [
      -5.9335237,
      54.6272411
    ]
  }
},
{
  "type": "Feature",
  "id": "node/13196782400",
  "properties": {
    "name": "Department for Communities",
    "office": "government",
    "id": "node/13196782400"
  },
  "geometry": {
    "type": "Point",
    "coordinates": [
      -5.9349967,
      54.5942419
    ]
  }
},
{
  "type": "Feature",
  "id": "node/13196790344",
  "properties": {
    "name": "DAERA / BORDER CONTROL",
    "office": "government",
    "id": "node/13196790344"
  },
  "geometry": {
    "type": "Point",
    "coordinates": [
      -5.9195324,
      54.6161057
    ]
  }
},
{
  "type": "Feature",
  "id": "node/13196790345",
  "properties": {
    "name": "Belfast City Council - Port Health Unit",
    "office": "government",
    "id": "node/13196790345"
  },
  "geometry": {
    "type": "Point",
    "coordinates": [
      -5.9183864,
      54.6103455
    ]
  }
},
{
  "type": "Feature",
  "id": "node/13196790356",
  "properties": {
    "name": "Police Ombudsman for Northern Ireland",
    "office": "government",
    "id": "node/13196790356"
  },
  "geometry": {
    "type": "Point",
    "coordinates": [
      -5.9301175,
      54.6026412
    ]
  }
},
{
  "type": "Feature",
  "id": "node/13196790378",
  "properties": {
    "name": "Foras Na Gaeilge",
    "office": "government",
    "id": "node/13196790378"
  },
  "geometry": {
    "type": "Point",
    "coordinates": [
      -5.9329296,
      54.5989714
    ]
  }
},
{
  "type": "Feature",
  "id": "node/13196823202",
  "properties": {
    "name": "Registrar's Office",
    "office": "government",
    "id": "node/13196823202"
  },
  "geometry": {
    "type": "Point",
    "coordinates": [
      -5.9280786,
      54.5931462
    ]
  }
},
{
  "type": "Feature",
  "id": "node/13197581162",
  "properties": {
    "amenity": "community_centre",
    "operator": "The Salvation Army",
    "operator:type": "charitable",
    "operator:wikidata": "Q188307",
    "id": "node/13197581162"
  },
  "geometry": {
    "type": "Point",
    "coordinates": [
      -5.9323577,
      54.5917009
    ]
  }
},
{
  "type": "Feature",
  "id": "node/13198913419",
  "properties": {
    "name": "Invest NI",
    "office": "government",
    "id": "node/13198913419"
  },
  "geometry": {
    "type": "Point",
    "coordinates": [
      -5.9319352,
      54.594229
    ]
  }
},
{
  "type": "Feature",
  "id": "node/13226801817",
  "properties": {
    "amenity": "recycling",
    "brand": "The Salvation Army",
    "brand:wikidata": "Q188307",
    "name:en": "The Salvation Army",
    "operator": "The Salvation Army",
    "recycling:clothes": "yes",
    "recycling_type": "container",
    "id": "node/13226801817"
  },
  "geometry": {
    "type": "Point",
    "coordinates": [
      -5.9232833,
      54.6574629
    ]
  }
},
{
  "type": "Feature",
  "id": "node/13227882851",
  "properties": {
    "access": "yes",
    "amenity": "post_box",
    "collection_times": "Mo-Fr 09:00; Sa 07:00",
    "colour": "red",
    "operator": "Royal Mail",
    "operator:wikidata": "Q638098",
    "post_box:type": "pillar",
    "ref": "BT6 711D",
    "royal_cypher": "GR",
    "royal_cypher:wikidata": "Q33102273",
    "id": "node/13227882851"
  },
  "geometry": {
    "type": "Point",
    "coordinates": [
      -5.9022411,
      54.5754339
    ]
  }
},
{
  "type": "Feature",
  "id": "node/13228458515",
  "properties": {
    "amenity": "social_facility",
    "name": "Camberwell Court Retirement home",
    "social_facility": "group_home",
    "social_facility:for": "senior",
    "id": "node/13228458515"
  },
  "geometry": {
    "type": "Point",
    "coordinates": [
      -5.9356344,
      54.618339
    ]
  }
},
{
  "type": "Feature",
  "id": "node/13233956940",
  "properties": {
    "amenity": "telephone",
    "id": "node/13233956940"
  },
  "geometry": {
    "type": "Point",
    "coordinates": [
      -5.9356806,
      54.5882946
    ]
  }
},
{
  "type": "Feature",
  "id": "node/13238921055",
  "properties": {
    "access": "yes",
    "addr:floor": "G",
    "amenity": "post_box",
    "collection_times": "Mo-Fr 09:00; Sa 07:00",
    "colour": "red",
    "covered": "yes",
    "indoor": "no",
    "material": "metal",
    "operator": "Royal Mail",
    "operator:wikidata": "Q638098",
    "post_box:type": "pillar",
    "ref": "BT6 834D",
    "royal_cypher": "EIIR",
    "support": "ground",
    "id": "node/13238921055"
  },
  "geometry": {
    "type": "Point",
    "coordinates": [
      -5.8963336,
      54.5786688
    ]
  }
},
{
  "type": "Feature",
  "id": "node/13254562567",
  "properties": {
    "amenity": "post_box",
    "post_box:type": "pillar",
    "royal_cypher": "yes",
    "id": "node/13254562567"
  },
  "geometry": {
    "type": "Point",
    "coordinates": [
      -5.9517982,
      54.5639638
    ]
  }
},
{
  "type": "Feature",
  "id": "node/13254562571",
  "properties": {
    "amenity": "post_box",
    "post_box:type": "pillar",
    "id": "node/13254562571"
  },
  "geometry": {
    "type": "Point",
    "coordinates": [
      -5.9536896,
      54.560452
    ]
  }
},
{
  "type": "Feature",
  "id": "node/13255656632",
  "properties": {
    "addr:floor": "G",
    "addr:housenumber": "49",
    "addr:street": "Delhi Parade",
    "amenity": "community_centre",
    "check_date": "2025-10-25",
    "email": "communitycentre@ahra.org.uk",
    "name": "Annadale Community Centre",
    "phone": "+44 7742 509011",
    "website": "https://www.ahra.org.uk/",
    "wheelchair": "yes",
    "id": "node/13255656632"
  },
  "geometry": {
    "type": "Point",
    "coordinates": [
      -5.9241082,
      54.5791743
    ]
  }
},
{
  "type": "Feature",
  "id": "node/13263966464",
  "properties": {
    "amenity": "post_box",
    "check_date:collection_times": "2025-10-27",
    "collection_times": "Mo-Fr 09:00; Sa 07:00; Su off",
    "colour": "red",
    "direction": "90",
    "drive_through": "no",
    "indoor": "no",
    "operator": "Royal Mail",
    "operator:wikidata": "Q638098",
    "post_box:apertures": "2",
    "post_box:design": "type_c",
    "post_box:type": "pillar",
    "ref": "BT2 317D;BT2 1317D",
    "royal_cypher": "EIIR",
    "royal_cypher:wikidata": "Q33102113",
    "id": "node/13263966464"
  },
  "geometry": {
    "type": "Point",
    "coordinates": [
      -5.9343919,
      54.59551
    ]
  }
},
{
  "type": "Feature",
  "id": "node/13263987834",
  "properties": {
    "addr:postcode": "BT2 7GE",
    "amenity": "post_box",
    "check_date:collection_times": "2025-10-27",
    "collection_times": "Mo-Fr 09:00; Sa 07:00; Su off",
    "colour": "red",
    "direction": "90",
    "drive_through": "no",
    "indoor": "no",
    "operator": "Royal Mail",
    "operator:wikidata": "Q638098",
    "post_box:apertures": "1",
    "post_box:design": "type_k",
    "post_box:type": "pillar",
    "ref": "BT2 903",
    "royal_cypher": "EIIR",
    "royal_cypher:wikidata": "Q33102113",
    "id": "node/13263987834"
  },
  "geometry": {
    "type": "Point",
    "coordinates": [
      -5.933136,
      54.5951265
    ]
  }
},
{
  "type": "Feature",
  "id": "node/13266009147",
  "properties": {
    "amenity": "community_centre",
    "community_centre": "social_centre",
    "name": "Everton Day Centre",
    "id": "node/13266009147"
  },
  "geometry": {
    "type": "Point",
    "coordinates": [
      -5.9685152,
      54.6168731
    ]
  }
},
{
  "type": "Feature",
  "id": "node/13286881261",
  "properties": {
    "amenity": "post_box",
    "brand": "Royal Mail",
    "brand:wikidata": "Q638098",
    "colour": "red",
    "direction": "140",
    "fixme": "Survey for ref (query BT8 872)",
    "operator": "Royal Mail",
    "operator:wikidata": "Q638098",
    "post_box:type": "lamp",
    "ref": "BT8",
    "id": "node/13286881261"
  },
  "geometry": {
    "type": "Point",
    "coordinates": [
      -5.91702,
      54.5525675
    ]
  }
},
{
  "type": "Feature",
  "id": "node/13286900243",
  "properties": {
    "amenity": "post_box",
    "check_date": "2025-11-07",
    "collection_times": "Mo-Fr 16:45; Sa 11:45; Su off",
    "colour": "red",
    "direction": "40",
    "operator": "Royal Mail",
    "operator:wikidata": "Q638098",
    "post_box:type": "pillar",
    "ref": "BT7 264",
    "royal_cypher": "GR",
    "id": "node/13286900243"
  },
  "geometry": {
    "type": "Point",
    "coordinates": [
      -5.9141468,
      54.5696456
    ]
  }
},
{
  "type": "Feature",
  "id": "node/13298161212",
  "properties": {
    "amenity": "social_facility",
    "name": "Brookvale House",
    "social_facility": "group_home",
    "social_facility:for": "senior",
    "id": "node/13298161212"
  },
  "geometry": {
    "type": "Point",
    "coordinates": [
      -5.941974,
      54.6161128
    ]
  }
},
{
  "type": "Feature",
  "id": "node/13299587779",
  "properties": {
    "access": "yes",
    "addr:floor": "G",
    "amenity": "post_box",
    "collection_times": "Mo-Fr 16:45; Sa 12:00",
    "colour": "red",
    "covered": "yes",
    "drive_through": "no",
    "indoor": "no",
    "material": "metal",
    "operator": "Royal Mail",
    "operator:wikidata": "Q638098",
    "post_box:type": "pillar",
    "ref": "BT6 251",
    "royal_cypher": "GR",
    "id": "node/13299587779"
  },
  "geometry": {
    "type": "Point",
    "coordinates": [
      -5.8965729,
      54.575878
    ]
  }
},
{
  "type": "Feature",
  "id": "node/13301585398",
  "properties": {
    "amenity": "post_box",
    "check_date": "2026-01-25",
    "collection_times": "Mo-Fr 09:00; Sa 07:00; Su off",
    "colour": "red",
    "direction": "225",
    "operator": "Royal Mail",
    "operator:wikidata": "Q638098",
    "post_box:type": "pillar",
    "ref": "BT8 8D",
    "royal_cypher": "EIIR",
    "royal_cypher:wikidata": "Q33102113",
    "id": "node/13301585398"
  },
  "geometry": {
    "type": "Point",
    "coordinates": [
      -5.9084156,
      54.563657
    ]
  }
},
{
  "type": "Feature",
  "id": "node/13312166564",
  "properties": {
    "amenity": "post_box",
    "brand": "Royal Mail",
    "brand:wikidata": "Q638098",
    "check_date:collection_times": "2025-11-23",
    "collection_times": "Mo-Fr 17:00; Sa 11:15; Su off",
    "colour": "red",
    "direction": "175",
    "operator": "Royal Mail",
    "operator:wikidata": "Q638098",
    "post_box:apertures": "2",
    "post_box:design": "type_c",
    "post_box:type": "pillar",
    "ref": "BT1 5;BT1 1005",
    "royal_cypher": "EIIR",
    "id": "node/13312166564"
  },
  "geometry": {
    "type": "Point",
    "coordinates": [
      -5.9321106,
      54.5958485
    ]
  }
},
{
  "type": "Feature",
  "id": "node/13353034830",
  "properties": {
    "amenity": "post_box",
    "check_date:collection_times": "2025-12-3",
    "collection_times": "Mo-Fr 16:45; Sa 11:00; Su off",
    "colour": "red",
    "direction": "20",
    "drive_through": "no",
    "operator": "Royal Mail",
    "operator:wikidata": "Q638098",
    "post_box:apertures": "1",
    "post_box:type": "pillar",
    "ref": "BT8 396",
    "royal_cypher": "EIIR",
    "royal_cypher:wikidata": "Q33102113",
    "id": "node/13353034830"
  },
  "geometry": {
    "type": "Point",
    "coordinates": [
      -5.8953001,
      54.5315163
    ]
  }
},
{
  "type": "Feature",
  "id": "node/13354378744",
  "properties": {
    "amenity": "post_box",
    "collection_times": "Mo-Fr 09:00, Sa 07:00",
    "operator": "Royal Mail",
    "operator:wikidata": "Q638098",
    "post_box:type": "pillar",
    "ref": "BT9 235D",
    "royal_cypher": "VR",
    "id": "node/13354378744"
  },
  "geometry": {
    "type": "Point",
    "coordinates": [
      -5.9460782,
      54.5790314
    ]
  }
},
{
  "type": "Feature",
  "id": "node/13359260777",
  "properties": {
    "amenity": "telephone",
    "operator": "BT",
    "operator:wikidata": "Q593786",
    "id": "node/13359260777"
  },
  "geometry": {
    "type": "Point",
    "coordinates": [
      -5.9361425,
      54.6425962
    ]
  }
},
{
  "type": "Feature",
  "id": "node/13359665987",
  "properties": {
    "amenity": "waste_disposal",
    "waste": "container",
    "id": "node/13359665987"
  },
  "geometry": {
    "type": "Point",
    "coordinates": [
      -5.8854863,
      54.588076
    ]
  }
},
{
  "type": "Feature",
  "id": "node/13366573515",
  "properties": {
    "amenity": "telephone",
    "operator": "BT",
    "operator:wikidata": "Q593786",
    "id": "node/13366573515"
  },
  "geometry": {
    "type": "Point",
    "coordinates": [
      -5.9333138,
      54.5888954
    ]
  }
},
{
  "type": "Feature",
  "id": "node/13366573516",
  "properties": {
    "amenity": "telephone",
    "operator": "BT",
    "operator:wikidata": "Q593786",
    "id": "node/13366573516"
  },
  "geometry": {
    "type": "Point",
    "coordinates": [
      -5.9333085,
      54.5888821
    ]
  }
},
{
  "type": "Feature",
  "id": "node/13369790345",
  "properties": {
    "amenity": "post_box",
    "colour": "red",
    "operator": "Royal Mail",
    "operator:wikidata": "Q638098",
    "post_box:type": "pillar",
    "id": "node/13369790345"
  },
  "geometry": {
    "type": "Point",
    "coordinates": [
      -5.9225151,
      54.5846779
    ]
  }
},
{
  "type": "Feature",
  "id": "node/13372164076",
  "properties": {
    "amenity": "telephone",
    "operator": "BT",
    "operator:wikidata": "Q593786",
    "id": "node/13372164076"
  },
  "geometry": {
    "type": "Point",
    "coordinates": [
      -5.8876698,
      54.5981121
    ]
  }
},
{
  "type": "Feature",
  "id": "node/13379287529",
  "properties": {
    "amenity": "telephone",
    "operator": "BT",
    "operator:wikidata": "Q593786",
    "id": "node/13379287529"
  },
  "geometry": {
    "type": "Point",
    "coordinates": [
      -5.9028575,
      54.5953399
    ]
  }
},
{
  "type": "Feature",
  "id": "node/13384357052",
  "properties": {
    "amenity": "telephone",
    "operator": "BT",
    "operator:wikidata": "Q593786",
    "id": "node/13384357052"
  },
  "geometry": {
    "type": "Point",
    "coordinates": [
      -5.9535038,
      54.6107778
    ]
  }
},
{
  "type": "Feature",
  "id": "node/13386964165",
  "properties": {
    "amenity": "post_box",
    "colour": "red",
    "operator": "Royal Mail",
    "operator:wikidata": "Q638098",
    "post_box:type": "pillar",
    "royal_cypher": "EIIR",
    "royal_cypher:wikidata": "Q33102113",
    "id": "node/13386964165"
  },
  "geometry": {
    "type": "Point",
    "coordinates": [
      -5.9827152,
      54.6255137
    ]
  }
},
{
  "type": "Feature",
  "id": "node/13389672744",
  "properties": {
    "amenity": "post_box",
    "brand": "Royal Mail",
    "brand:wikidata": "Q638098",
    "check_date:collection_times": "2025-12-19",
    "collection_times": "Mo-Fr 18:00; Sa 11:45; Su off",
    "colour": "red",
    "description": "parcel postbox",
    "direction": "115",
    "operator": "Royal Mail",
    "operator:wikidata": "Q638098",
    "post_box:type": "meter",
    "ref": "BT12 389P",
    "royal_cypher": "no",
    "id": "node/13389672744"
  },
  "geometry": {
    "type": "Point",
    "coordinates": [
      -5.9655369,
      54.580629
    ]
  }
},
{
  "type": "Feature",
  "id": "node/13389701510",
  "properties": {
    "amenity": "post_box",
    "check_date:collection_times": "2025-12-19",
    "collection_times": "Mo-Fr 09:00; Sa 07:00; Su off",
    "colour": "red",
    "direction": "310",
    "operator": "Royal Mail",
    "operator:wikidata": "Q638098",
    "post_box:type": "pillar",
    "ref": "BT9 183D",
    "royal_cypher": "GR",
    "royal_cypher:wikidata": "Q33102273",
    "id": "node/13389701510"
  },
  "geometry": {
    "type": "Point",
    "coordinates": [
      -5.9610632,
      54.5719326
    ]
  }
},
{
  "type": "Feature",
  "id": "node/13389704877",
  "properties": {
    "amenity": "post_box",
    "check_date:collection_times": "2025-12-19",
    "collection_times": "Mo-Fr 09:00; Sa 07:00; Su off",
    "colour": "red",
    "operator": "Royal Mail",
    "operator:wikidata": "Q638098",
    "post_box:apertures": "2",
    "post_box:type": "pillar",
    "ref": "BT9 53D;BT9 1053D",
    "royal_cypher": "EIIR",
    "royal_cypher:wikidata": "Q33102113",
    "id": "node/13389704877"
  },
  "geometry": {
    "type": "Point",
    "coordinates": [
      -5.9457881,
      54.5827607
    ]
  }
},
{
  "type": "Feature",
  "id": "node/13391179427",
  "properties": {
    "amenity": "post_box",
    "brand": "Royal Mail",
    "brand:wikidata": "Q638098",
    "colour": "red",
    "direction": "40",
    "fixme": "Survey for ref (query BT14 99)",
    "operator": "Royal Mail",
    "operator:wikidata": "Q638098",
    "post_box:type": "pillar",
    "ref": "BT14",
    "royal_cypher": "GR",
    "royal_cypher:wikidata": "Q33102273",
    "id": "node/13391179427"
  },
  "geometry": {
    "type": "Point",
    "coordinates": [
      -5.9638141,
      54.6293919
    ]
  }
},
{
  "type": "Feature",
  "id": "node/13391748091",
  "properties": {
    "amenity": "telephone",
    "operator": "BT",
    "operator:wikidata": "Q593786",
    "id": "node/13391748091"
  },
  "geometry": {
    "type": "Point",
    "coordinates": [
      -5.9640048,
      54.6289118
    ]
  }
},
{
  "type": "Feature",
  "id": "node/13392854468",
  "properties": {
    "addr:city": "Belfast",
    "addr:street": "Crumlin Road",
    "amenity": "post_office",
    "note": "Possible duplicate of https://www.openstreetmap.org/way/623430989/",
    "panoramax": "44f86f2d-baa4-4d95-a553-c08c7096ca82",
    "id": "node/13392854468"
  },
  "geometry": {
    "type": "Point",
    "coordinates": [
      -5.9751213,
      54.6244523
    ]
  }
},
{
  "type": "Feature",
  "id": "node/13397989349",
  "properties": {
    "amenity": "post_box",
    "brand": "Royal Mail",
    "brand:wikidata": "Q638098",
    "colour": "red",
    "direction": "30",
    "fixme": "Survey for ref (query BT14 534)",
    "operator": "Royal Mail",
    "operator:wikidata": "Q638098",
    "post_box:type": "pillar",
    "ref": "BT14",
    "id": "node/13397989349"
  },
  "geometry": {
    "type": "Point",
    "coordinates": [
      -5.9563763,
      54.6221275
    ]
  }
},
{
  "type": "Feature",
  "id": "node/13398081492",
  "properties": {
    "amenity": "post_box",
    "brand": "Royal Mail",
    "brand:wikidata": "Q638098",
    "colour": "red",
    "direction": "110",
    "fixme": "Survey for ref (query BT14 472)",
    "operator": "Royal Mail",
    "operator:wikidata": "Q638098",
    "post_box:type": "pillar",
    "ref": "BT14",
    "id": "node/13398081492"
  },
  "geometry": {
    "type": "Point",
    "coordinates": [
      -5.9539971,
      54.6179727
    ]
  }
},
{
  "type": "Feature",
  "id": "node/13419261026",
  "properties": {
    "addr:city": "Newtownabbey",
    "addr:housenumber": "36",
    "addr:postcode": "BT36 7BH",
    "addr:street": "Mill Road",
    "amenity": "social_facility",
    "level": "0_-_1",
    "name": "Ben Madigan Care Home",
    "operator": "Healthcare Ireland Group",
    "operator:type": "private",
    "social_facility": "nursing_home",
    "social_facility:for": "senior",
    "start_date": "2009",
    "wheelchair": "yes",
    "id": "node/13419261026"
  },
  "geometry": {
    "type": "Point",
    "coordinates": [
      -5.9221403,
      54.6515722
    ]
  }
},
{
  "type": "Feature",
  "id": "node/13424091142",
  "properties": {
    "amenity": "telephone",
    "name": "BT Telephone box",
    "operator": "BT",
    "operator:wikidata": "Q593786",
    "payment:coins": "yes",
    "payment:credit_cards": "yes",
    "payment:telephone_cards": "yes",
    "id": "node/13424091142"
  },
  "geometry": {
    "type": "Point",
    "coordinates": [
      -5.9202708,
      54.6467032
    ]
  }
},
{
  "type": "Feature",
  "id": "node/13432484233",
  "properties": {
    "amenity": "telephone",
    "operator": "BT",
    "operator:wikidata": "Q593786",
    "id": "node/13432484233"
  },
  "geometry": {
    "type": "Point",
    "coordinates": [
      -5.9242427,
      54.6141708
    ]
  }
},
{
  "type": "Feature",
  "id": "node/13437916639",
  "properties": {
    "amenity": "telephone",
    "operator": "BT",
    "operator:wikidata": "Q593786",
    "id": "node/13437916639"
  },
  "geometry": {
    "type": "Point",
    "coordinates": [
      -5.9232759,
      54.6338088
    ]
  }
},
{
  "type": "Feature",
  "id": "node/13440095172",
  "properties": {
    "amenity": "recycling",
    "recycling_type": "container",
    "id": "node/13440095172"
  },
  "geometry": {
    "type": "Point",
    "coordinates": [
      -5.9199396,
      54.6474339
    ]
  }
},
{
  "type": "Feature",
  "id": "node/13447133296",
  "properties": {
    "amenity": "post_box",
    "operator": "Royal Mail",
    "operator:wikidata": "Q638098",
    "id": "node/13447133296"
  },
  "geometry": {
    "type": "Point",
    "coordinates": [
      -5.959917,
      54.6185507
    ]
  }
},
{
  "type": "Feature",
  "id": "node/13615526644",
  "properties": {
    "amenity": "post_box",
    "check_date": "2026-03-02",
    "collection_times": "Mo-Fr 09:00; Sa 07:00; Su off",
    "colour": "red",
    "direction": "5",
    "operator": "Royal Mail",
    "operator:wikidata": "Q638098",
    "post_box:type": "pillar",
    "ref": "BT15 706D",
    "royal_cypher": "GVIR",
    "id": "node/13615526644"
  },
  "geometry": {
    "type": "Point",
    "coordinates": [
      -5.9286934,
      54.6382458
    ]
  }
},
{
  "type": "Feature",
  "id": "node/13625234914",
  "properties": {
    "amenity": "post_box",
    "collection_times": "Mo-Fr 09:00; Sa 07:00",
    "operator": "Royal Mail",
    "post_box:type": "pillar",
    "ref": "BT6 709D",
    "royal_cypher": "GVIR",
    "id": "node/13625234914"
  },
  "geometry": {
    "type": "Point",
    "coordinates": [
      -5.9024401,
      54.5712205
    ]
  }
},
{
  "type": "Feature",
  "id": "node/13634689206",
  "properties": {
    "amenity": "telephone",
    "operator": "BT",
    "operator:wikidata": "Q593786",
    "id": "node/13634689206"
  },
  "geometry": {
    "type": "Point",
    "coordinates": [
      -5.9030905,
      54.591331
    ]
  }
},
{
  "type": "Feature",
  "id": "node/13634725706",
  "properties": {
    "amenity": "telephone",
    "operator": "BT",
    "operator:wikidata": "Q593786",
    "id": "node/13634725706"
  },
  "geometry": {
    "type": "Point",
    "coordinates": [
      -5.9008592,
      54.5884279
    ]
  }
},
{
  "type": "Feature",
  "id": "node/13634725733",
  "properties": {
    "amenity": "post_box",
    "brand": "Royal Mail",
    "brand:wikidata": "Q638098",
    "colour": "red",
    "direction": "70",
    "fixme": "Survey for ref (query BT6 553)",
    "operator": "Royal Mail",
    "operator:wikidata": "Q638098",
    "post_box:type": "pillar",
    "ref": "BT6",
    "id": "node/13634725733"
  },
  "geometry": {
    "type": "Point",
    "coordinates": [
      -5.9003837,
      54.5876381
    ]
  }
},
{
  "type": "Feature",
  "id": "node/13634735261",
  "properties": {
    "amenity": "telephone",
    "operator": "BT",
    "operator:wikidata": "Q593786",
    "id": "node/13634735261"
  },
  "geometry": {
    "type": "Point",
    "coordinates": [
      -5.8997647,
      54.5865028
    ]
  }
},
{
  "type": "Feature",
  "id": "node/13640905029",
  "properties": {
    "amenity": "telephone",
    "operator": "BT",
    "operator:wikidata": "Q593786",
    "id": "node/13640905029"
  },
  "geometry": {
    "type": "Point",
    "coordinates": [
      -5.8982301,
      54.5831431
    ]
  }
},
{
  "type": "Feature",
  "id": "node/13652305341",
  "properties": {
    "amenity": "post_box",
    "operator": "Royal Mail",
    "operator:wikidata": "Q638098",
    "post_box:type": "lamp",
    "id": "node/13652305341"
  },
  "geometry": {
    "type": "Point",
    "coordinates": [
      -6.0278379,
      54.5393555
    ]
  }
},
{
  "type": "Feature",
  "id": "node/13660031038",
  "properties": {
    "amenity": "telephone",
    "operator": "BT",
    "operator:wikidata": "Q593786",
    "id": "node/13660031038"
  },
  "geometry": {
    "type": "Point",
    "coordinates": [
      -5.8800476,
      54.5752772
    ]
  }
},
{
  "type": "Feature",
  "id": "node/13662111401",
  "properties": {
    "amenity": "recycling",
    "recycling:clothes": "yes",
    "recycling_type": "container",
    "id": "node/13662111401"
  },
  "geometry": {
    "type": "Point",
    "coordinates": [
      -5.8658705,
      54.5782096
    ]
  }
},
{
  "type": "Feature",
  "id": "node/13662111402",
  "properties": {
    "amenity": "post_box",
    "brand": "Royal Mail",
    "brand:wikidata": "Q638098",
    "colour": "red",
    "direction": "280",
    "fixme": "Survey for ref (query BT5 848)",
    "operator": "Royal Mail",
    "operator:wikidata": "Q638098",
    "ref": "BT5",
    "royal_cypher": "EIIR",
    "royal_cypher:wikidata": "Q33102113",
    "id": "node/13662111402"
  },
  "geometry": {
    "type": "Point",
    "coordinates": [
      -5.8659139,
      54.5782198
    ]
  }
},
{
  "type": "Feature",
  "id": "node/13663620059",
  "properties": {
    "amenity": "post_box",
    "brand": "Royal Mail",
    "brand:wikidata": "Q638098",
    "colour": "red",
    "direction": "65",
    "fixme": "Survey for ref (query BT5 746)",
    "operator": "Royal Mail",
    "operator:wikidata": "Q638098",
    "post_box:type": "pillar",
    "ref": "BT5",
    "royal_cypher": "EIIR",
    "royal_cypher:wikidata": "Q33102113",
    "id": "node/13663620059"
  },
  "geometry": {
    "type": "Point",
    "coordinates": [
      -5.8637474,
      54.5796175
    ]
  }
},
{
  "type": "Feature",
  "id": "node/13684088448",
  "properties": {
    "addr:city": "Belfast",
    "addr:housenumber": "2a",
    "addr:postcode": "BT6 9FB",
    "addr:street": "Graham Gardens",
    "amenity": "social_facility",
    "name": "Cregagh Nursing Home",
    "social_facility": "nursing_home",
    "social_facility:for": "senior",
    "wheelchair": "yes",
    "id": "node/13684088448"
  },
  "geometry": {
    "type": "Point",
    "coordinates": [
      -5.8965943,
      54.5794257
    ]
  }
},
{
  "type": "Feature",
  "id": "node/13709335926",
  "properties": {
    "amenity": "post_box",
    "collection_times": "Mo-Fr 09:00; Sa 07:00; Su off",
    "colour": "red",
    "direction": "300",
    "operator": "Royal Mail",
    "operator:wikidata": "Q638098",
    "post_box:apertures": "1",
    "post_box:type": "lamp",
    "ref": "BT8 801D",
    "royal_cypher": "EIIR",
    "royal_cypher:wikidata": "Q33102113",
    "id": "node/13709335926"
  },
  "geometry": {
    "type": "Point",
    "coordinates": [
      -5.9374362,
      54.551148
    ]
  }
},
{
  "type": "Feature",
  "id": "node/13709437965",
  "properties": {
    "amenity": "telephone",
    "operator": "BT",
    "operator:wikidata": "Q593786",
    "id": "node/13709437965"
  },
  "geometry": {
    "type": "Point",
    "coordinates": [
      -5.9304102,
      54.5523789
    ]
  }
},
{
  "type": "Feature",
  "id": "node/13718378823",
  "properties": {
    "amenity": "telephone",
    "operator": "BT",
    "operator:wikidata": "Q593786",
    "id": "node/13718378823"
  },
  "geometry": {
    "type": "Point",
    "coordinates": [
      -5.9324894,
      54.585563
    ]
  }
}
]
}
