{
  "type": "FeatureCollection",
  "generator": "overpass-turbo",
  "copyright": "The data included in this document is from www.openstreetmap.org. The data is made available under ODbL.",
  "timestamp": "2026-04-25T11:42:28Z",
  "features": [
    {
      "type": "Feature",
      "properties": {
        "@id": "way/11483444",
        "highway": "trunk_link",
        "maxspeed": "30 mph",
        "oneway": "yes",
        "source:maxspeed": "signn",
        "surface": "asphalt"
      },
      "geometry": {
        "type": "LineString",
        "coordinates": [
          [
            -69.0156351,
            44.4319976
          ],
          [
            -69.0160637,
            44.4319977
          ],
          [
            -69.0162782,
            44.4320053
          ],
          [
            -69.0164901,
            44.4320293
          ],
          [
            -69.016647,
            44.4320532
          ],
          [
            -69.0168482,
            44.4321126
          ],
          [
            -69.017036,
            44.4321873
          ],
          [
            -69.017181,
            44.4322785
          ],
          [
            -69.0172492,
            44.4323405
          ],
          [
            -69.0173392,
            44.4324183
          ],
          [
            -69.0174048,
            44.4325024
          ],
          [
            -69.0174465,
            44.4325658
          ],
          [
            -69.0175002,
            44.4327018
          ],
          [
            -69.0175214,
            44.432781
          ],
          [
            -69.0175295,
            44.4328567
          ],
          [
            -69.0175163,
            44.4329508
          ],
          [
            -69.0174624,
            44.4330635
          ],
          [
            -69.0173902,
            44.4331385
          ],
          [
            -69.0173256,
            44.4331899
          ],
          [
            -69.0172662,
            44.4332178
          ],
          [
            -69.0171032,
            44.4332706
          ],
          [
            -69.016921,
            44.4333005
          ],
          [
            -69.0167688,
            44.4332828
          ],
          [
            -69.0166405,
            44.4332468
          ],
          [
            -69.0164713,
            44.4331752
          ]
        ]
      },
      "id": "way/11483444"
    },
    {
      "type": "Feature",
      "properties": {
        "@id": "way/11486500",
        "highway": "trunk_link",
        "oneway": "yes",
        "ref": "ME 3",
        "tiger:cfcc": "A41",
        "tiger:county": "Waldo, ME",
        "tiger:reviewed": "no"
      },
      "geometry": {
        "type": "LineString",
        "coordinates": [
          [
            -69.0211888,
            44.4237267
          ],
          [
            -69.0213963,
            44.4245954
          ],
          [
            -69.021555,
            44.425183
          ],
          [
            -69.0216222,
            44.425541
          ],
          [
            -69.0216922,
            44.4258787
          ],
          [
            -69.0217244,
            44.4261392
          ],
          [
            -69.0217405,
            44.4265262
          ],
          [
            -69.0216868,
            44.4269131
          ],
          [
            -69.0215172,
            44.4276899
          ],
          [
            -69.0213972,
            44.4280221
          ]
        ]
      },
      "id": "way/11486500"
    },
    {
      "type": "Feature",
      "properties": {
        "@id": "way/11486532",
        "highway": "trunk_link",
        "lanes": "1",
        "maxspeed:advisory": "45 mph",
        "oneway": "yes",
        "surface": "asphalt",
        "tiger:cfcc": "A63",
        "tiger:county": "Waldo, ME",
        "tiger:reviewed": "no"
      },
      "geometry": {
        "type": "LineString",
        "coordinates": [
          [
            -69.0181642,
            44.431476
          ],
          [
            -69.0182681,
            44.4314585
          ],
          [
            -69.0183893,
            44.4314086
          ],
          [
            -69.0184642,
            44.4313311
          ],
          [
            -69.0186231,
            44.4311807
          ],
          [
            -69.0189131,
            44.4309156
          ],
          [
            -69.0192725,
            44.43059
          ],
          [
            -69.0196155,
            44.4302528
          ]
        ]
      },
      "id": "way/11486532"
    },
    {
      "type": "Feature",
      "properties": {
        "@id": "way/11486533",
        "highway": "trunk_link",
        "lanes": "1",
        "oneway": "yes",
        "surface": "asphalt",
        "tiger:cfcc": "A63",
        "tiger:county": "Waldo, ME",
        "tiger:reviewed": "no"
      },
      "geometry": {
        "type": "LineString",
        "coordinates": [
          [
            -69.0191515,
            44.43036
          ],
          [
            -69.0186073,
            44.4305287
          ],
          [
            -69.0182404,
            44.4305853
          ],
          [
            -69.0180009,
            44.4306023
          ],
          [
            -69.0177755,
            44.430587
          ],
          [
            -69.0175288,
            44.4305487
          ],
          [
            -69.0174036,
            44.4305528
          ],
          [
            -69.0173091,
            44.4305824
          ],
          [
            -69.0171087,
            44.4306848
          ]
        ]
      },
      "id": "way/11486533"
    },
    {
      "type": "Feature",
      "properties": {
        "@id": "way/11486535",
        "highway": "trunk_link",
        "oneway": "yes",
        "surface": "asphalt"
      },
      "geometry": {
        "type": "LineString",
        "coordinates": [
          [
            -69.0151309,
            44.4316941
          ],
          [
            -69.0148528,
            44.4317709
          ],
          [
            -69.0147718,
            44.431812
          ],
          [
            -69.0143378,
            44.4320295
          ],
          [
            -69.0140026,
            44.4321923
          ],
          [
            -69.0139275,
            44.4322498
          ],
          [
            -69.0138363,
            44.4323494
          ]
        ]
      },
      "id": "way/11486535"
    },
    {
      "type": "Feature",
      "properties": {
        "@id": "way/11487075",
        "NHS": "yes",
        "highway": "trunk",
        "lanes": "2",
        "name": "Belmont Avenue",
        "ref": "ME 3",
        "surface": "asphalt",
        "tiger:cfcc": "A21",
        "tiger:county": "Waldo, ME",
        "tiger:name_base": "Belmont",
        "tiger:name_type": "Ave",
        "tiger:reviewed": "no"
      },
      "geometry": {
        "type": "LineString",
        "coordinates": [
          [
            -69.0980906,
            44.4084588
          ],
          [
            -69.0971054,
            44.4087092
          ],
          [
            -69.0962105,
            44.4088382
          ],
          [
            -69.0919346,
            44.4091754
          ],
          [
            -69.0914336,
            44.4092201
          ],
          [
            -69.087684,
            44.4095544
          ],
          [
            -69.08696,
            44.409619
          ],
          [
            -69.086164,
            44.4097
          ],
          [
            -69.0817813,
            44.4101043
          ],
          [
            -69.0809807,
            44.4101718
          ],
          [
            -69.0803533,
            44.4102254
          ],
          [
            -69.0794019,
            44.4103068
          ],
          [
            -69.0779855,
            44.4104408
          ],
          [
            -69.0743098,
            44.4109999
          ],
          [
            -69.0724086,
            44.4112727
          ],
          [
            -69.0662449,
            44.4122502
          ],
          [
            -69.0636861,
            44.4127101
          ],
          [
            -69.0575665,
            44.4137556
          ],
          [
            -69.0562596,
            44.4139472
          ],
          [
            -69.0538547,
            44.4142394
          ],
          [
            -69.0504797,
            44.4145794
          ],
          [
            -69.049832,
            44.4146747
          ],
          [
            -69.049219,
            44.4148091
          ],
          [
            -69.0487155,
            44.4149436
          ],
          [
            -69.0482369,
            44.4151029
          ],
          [
            -69.0471675,
            44.4155172
          ],
          [
            -69.0456713,
            44.4161981
          ],
          [
            -69.0439338,
            44.4169534
          ],
          [
            -69.0429571,
            44.4173113
          ],
          [
            -69.0426871,
            44.4174055
          ],
          [
            -69.0413245,
            44.4177764
          ],
          [
            -69.0395022,
            44.4183588
          ],
          [
            -69.0380509,
            44.4188682
          ],
          [
            -69.036595,
            44.4194715
          ]
        ]
      },
      "id": "way/11487075"
    },
    {
      "type": "Feature",
      "properties": {
        "@id": "way/11487212",
        "highway": "secondary",
        "lanes": "2",
        "maxspeed": "25 mph",
        "name": "Vine Street",
        "oneway": "yes",
        "surface": "asphalt",
        "tiger:cfcc": "A41",
        "tiger:county": "Waldo, ME",
        "tiger:name_base": "Vine",
        "tiger:name_type": "St",
        "tiger:zip_left": "04915",
        "tiger:zip_right": "04915"
      },
      "geometry": {
        "type": "LineString",
        "coordinates": [
          [
            -69.0171366,
            44.4339135
          ],
          [
            -69.0173122,
            44.4338431
          ],
          [
            -69.0188552,
            44.4335055
          ],
          [
            -69.0194426,
            44.4333796
          ],
          [
            -69.0197392,
            44.4333376
          ],
          [
            -69.0200521,
            44.4333116
          ]
        ]
      },
      "id": "way/11487212"
    },
    {
      "type": "Feature",
      "properties": {
        "@id": "way/11487538",
        "highway": "tertiary",
        "name": "Oak Hill Road",
        "surface": "paved",
        "tiger:cfcc": "A41",
        "tiger:county": "Waldo, ME",
        "tiger:name_base": "Oak Hill",
        "tiger:name_type": "Rd",
        "tiger:reviewed": "no"
      },
      "geometry": {
        "type": "LineString",
        "coordinates": [
          [
            -69.0360857,
            44.4536439
          ],
          [
            -69.03608,
            44.4538682
          ],
          [
            -69.0360528,
            44.4541388
          ],
          [
            -69.0360233,
            44.4543236
          ],
          [
            -69.0359509,
            44.4545869
          ],
          [
            -69.0359066,
            44.4547206
          ],
          [
            -69.0358456,
            44.4548559
          ],
          [
            -69.035739,
            44.4550631
          ],
          [
            -69.0356015,
            44.4552464
          ],
          [
            -69.0355342,
            44.4553304
          ],
          [
            -69.0354078,
            44.4554929
          ],
          [
            -69.0352374,
            44.4556892
          ],
          [
            -69.0349679,
            44.4559949
          ],
          [
            -69.0346993,
            44.4563049
          ],
          [
            -69.0346111,
            44.4564119
          ],
          [
            -69.0345233,
            44.4565191
          ],
          [
            -69.0344401,
            44.4566431
          ],
          [
            -69.0343657,
            44.4567699
          ],
          [
            -69.0342678,
            44.4569848
          ],
          [
            -69.0342128,
            44.4571705
          ],
          [
            -69.0341605,
            44.4574649
          ],
          [
            -69.0340472,
            44.4583254
          ],
          [
            -69.0340217,
            44.4586207
          ],
          [
            -69.0340143,
            44.4588093
          ],
          [
            -69.0340472,
            44.4590161
          ],
          [
            -69.0341055,
            44.459196
          ],
          [
            -69.034184,
            44.4593353
          ],
          [
            -69.0342752,
            44.4594463
          ],
          [
            -69.034357,
            44.4595382
          ],
          [
            -69.0347667,
            44.4598809
          ],
          [
            -69.0351013,
            44.4601642
          ],
          [
            -69.0352495,
            44.4603365
          ],
          [
            -69.035395,
            44.4605538
          ],
          [
            -69.0355559,
            44.4608754
          ],
          [
            -69.0358315,
            44.4614631
          ],
          [
            -69.0361306,
            44.4621092
          ],
          [
            -69.0365437,
            44.4629707
          ],
          [
            -69.0367609,
            44.4634665
          ],
          [
            -69.0368655,
            44.4637919
          ],
          [
            -69.0369393,
            44.4641633
          ],
          [
            -69.0371029,
            44.4650132
          ],
          [
            -69.037229,
            44.4655425
          ],
          [
            -69.0373912,
            44.466111
          ],
          [
            -69.0374731,
            44.4664058
          ],
          [
            -69.0375153,
            44.4665814
          ],
          [
            -69.0375334,
            44.4667211
          ],
          [
            -69.0375575,
            44.4669906
          ],
          [
            -69.0375676,
            44.4672963
          ],
          [
            -69.0375864,
            44.4677356
          ],
          [
            -69.0375797,
            44.4679519
          ]
        ]
      },
      "id": "way/11487538"
    },
    {
      "type": "Feature",
      "properties": {
        "@id": "way/11487595",
        "highway": "secondary",
        "name": "Head of the Tide Road",
        "portage": "yes",
        "ref": "ME 7",
        "surface": "asphalt",
        "tiger:cfcc": "A31",
        "tiger:county": "Waldo, ME",
        "tiger:name_base": "Head of the Tide",
        "tiger:name_base_1": "State Route 7",
        "tiger:name_type": "Rd"
      },
      "geometry": {
        "type": "LineString",
        "coordinates": [
          [
            -69.061453,
            44.4449828
          ],
          [
            -69.0613803,
            44.4450615
          ],
          [
            -69.0613226,
            44.445107
          ],
          [
            -69.0612609,
            44.4451563
          ],
          [
            -69.061107,
            44.4452536
          ],
          [
            -69.0604422,
            44.4456686
          ],
          [
            -69.0598601,
            44.4460075
          ],
          [
            -69.0593384,
            44.4462804
          ],
          [
            -69.0592696,
            44.4463142
          ],
          [
            -69.059089,
            44.4464029
          ],
          [
            -69.0584338,
            44.4467179
          ],
          [
            -69.0576225,
            44.4471004
          ],
          [
            -69.0565027,
            44.447638
          ],
          [
            -69.0549902,
            44.4483948
          ],
          [
            -69.0547341,
            44.4485365
          ],
          [
            -69.0546067,
            44.4486226
          ],
          [
            -69.0545568,
            44.4486877
          ]
        ]
      },
      "id": "way/11487595"
    },
    {
      "type": "Feature",
      "properties": {
        "@id": "way/11487706",
        "highway": "tertiary",
        "name": "Lincolnville Avenue",
        "name_1": "State Route 52",
        "ref": "ME 52",
        "tiger:cfcc": "A31",
        "tiger:county": "Waldo, ME",
        "tiger:name_base": "Lincolnville",
        "tiger:name_base_1": "State Route 52",
        "tiger:name_type": "Ave"
      },
      "geometry": {
        "type": "LineString",
        "coordinates": [
          [
            -69.0314662,
            44.3750592
          ],
          [
            -69.0314797,
            44.3753429
          ],
          [
            -69.0315628,
            44.3756344
          ],
          [
            -69.0316352,
            44.3758625
          ],
          [
            -69.0317479,
            44.3760868
          ],
          [
            -69.0319356,
            44.3763418
          ],
          [
            -69.0320487,
            44.3764872
          ],
          [
            -69.0334216,
            44.3779234
          ],
          [
            -69.0337864,
            44.3783337
          ],
          [
            -69.03395,
            44.3785944
          ],
          [
            -69.0341124,
            44.3789828
          ],
          [
            -69.0343496,
            44.3797906
          ],
          [
            -69.0345304,
            44.3802879
          ],
          [
            -69.0347517,
            44.3809603
          ],
          [
            -69.0348772,
            44.3815543
          ],
          [
            -69.0348941,
            44.381859
          ],
          [
            -69.0348873,
            44.3821367
          ],
          [
            -69.0348592,
            44.382392
          ],
          [
            -69.0347922,
            44.382668
          ],
          [
            -69.0338802,
            44.3859305
          ],
          [
            -69.0337864,
            44.3862966
          ],
          [
            -69.0336157,
            44.3868368
          ],
          [
            -69.0334399,
            44.387562
          ],
          [
            -69.0333396,
            44.3879237
          ],
          [
            -69.0331408,
            44.3888283
          ],
          [
            -69.032912,
            44.390385
          ],
          [
            -69.032853,
            44.3915312
          ],
          [
            -69.0328181,
            44.3923285
          ],
          [
            -69.0327078,
            44.3941702
          ],
          [
            -69.0326392,
            44.3955097
          ],
          [
            -69.0324967,
            44.3968493
          ]
        ]
      },
      "id": "way/11487706"
    },
    {
      "type": "Feature",
      "properties": {
        "@id": "way/11487724",
        "highway": "tertiary",
        "name": "Poors Mills Road",
        "surface": "paved"
      },
      "geometry": {
        "type": "LineString",
        "coordinates": [
          [
            -69.0462281,
            44.4310911
          ],
          [
            -69.0467237,
            44.4308731
          ],
          [
            -69.0476339,
            44.4304573
          ],
          [
            -69.0496141,
            44.4295518
          ],
          [
            -69.0509793,
            44.4289187
          ],
          [
            -69.0514085,
            44.4287291
          ],
          [
            -69.0516566,
            44.4286223
          ],
          [
            -69.0519027,
            44.4285375
          ],
          [
            -69.0521977,
            44.4284839
          ],
          [
            -69.0525578,
            44.4284657
          ],
          [
            -69.0532659,
            44.4284609
          ],
          [
            -69.0543965,
            44.4284518
          ],
          [
            -69.0561315,
            44.4284463
          ],
          [
            -69.0573717,
            44.4284403
          ],
          [
            -69.0598997,
            44.4284715
          ],
          [
            -69.0621427,
            44.4284806
          ],
          [
            -69.065486,
            44.4284834
          ],
          [
            -69.0682863,
            44.4284863
          ],
          [
            -69.07014,
            44.4284842
          ],
          [
            -69.0708203,
            44.4284748
          ],
          [
            -69.0722687,
            44.4284595
          ],
          [
            -69.0749314,
            44.4284609
          ],
          [
            -69.0778886,
            44.4284844
          ],
          [
            -69.0805138,
            44.4284813
          ],
          [
            -69.0836922,
            44.428471
          ],
          [
            -69.0866554,
            44.4284782
          ],
          [
            -69.0887073,
            44.4284844
          ],
          [
            -69.0896213,
            44.4284862
          ],
          [
            -69.0913348,
            44.4284839
          ],
          [
            -69.0928208,
            44.4284937
          ],
          [
            -69.0928867,
            44.4284942
          ]
        ]
      },
      "id": "way/11487724"
    },
    {
      "type": "Feature",
      "properties": {
        "@id": "way/11487949",
        "cycleway": "lane",
        "highway": "primary",
        "name": "Northport Avenue",
        "name_1": "High Street",
        "tiger:cfcc": "A21",
        "tiger:county": "Waldo, ME",
        "tiger:name_base": "Northport",
        "tiger:name_base_1": "High",
        "tiger:name_type": "Ave",
        "tiger:name_type_1": "St",
        "tiger:reviewed": "no",
        "tiger:zip_left": "04915",
        "tiger:zip_right": "04915"
      },
      "geometry": {
        "type": "LineString",
        "coordinates": [
          [
            -68.9961146,
            44.4145315
          ],
          [
            -68.9961436,
            44.4145801
          ],
          [
            -68.9962763,
            44.4148013
          ],
          [
            -68.9966317,
            44.4154125
          ],
          [
            -68.9971118,
            44.4162358
          ],
          [
            -68.9971588,
            44.416311
          ],
          [
            -68.9974783,
            44.4168671
          ],
          [
            -68.9977748,
            44.4173768
          ],
          [
            -68.9978414,
            44.4174912
          ],
          [
            -68.9979294,
            44.4176406
          ],
          [
            -68.9981324,
            44.4179855
          ],
          [
            -68.9982319,
            44.4181536
          ],
          [
            -68.9982585,
            44.4181986
          ],
          [
            -68.9983008,
            44.4182713
          ],
          [
            -68.9987118,
            44.4189778
          ],
          [
            -68.9987557,
            44.419053
          ],
          [
            -68.9989294,
            44.4193452
          ],
          [
            -68.9990891,
            44.4196191
          ],
          [
            -68.9991236,
            44.4196782
          ],
          [
            -68.9992461,
            44.4198883
          ],
          [
            -68.9992891,
            44.419962
          ],
          [
            -68.9994957,
            44.4203059
          ],
          [
            -68.9995439,
            44.420383
          ]
        ]
      },
      "id": "way/11487949"
    },
    {
      "type": "Feature",
      "properties": {
        "@id": "way/11487951",
        "highway": "primary",
        "name": "Northport Avenue",
        "name_1": "High Street",
        "oneway": "yes",
        "tiger:cfcc": "A21",
        "tiger:county": "Waldo, ME",
        "tiger:name_base": "Northport",
        "tiger:name_base_1": "High",
        "tiger:name_type": "Ave",
        "tiger:name_type_1": "St",
        "tiger:reviewed": "no"
      },
      "geometry": {
        "type": "LineString",
        "coordinates": [
          [
            -68.9929145,
            44.4081128
          ],
          [
            -68.9928726,
            44.4081749
          ],
          [
            -68.99288,
            44.4082429
          ],
          [
            -68.9929082,
            44.4083033
          ],
          [
            -68.9929417,
            44.4083981
          ],
          [
            -68.9929591,
            44.408503
          ],
          [
            -68.9929682,
            44.4085938
          ],
          [
            -68.9929571,
            44.4087047
          ],
          [
            -68.9929363,
            44.4088551
          ],
          [
            -68.9929303,
            44.4089423
          ],
          [
            -68.992941,
            44.4090438
          ],
          [
            -68.9929678,
            44.4091521
          ],
          [
            -68.9930094,
            44.4092508
          ],
          [
            -68.9930885,
            44.409371
          ],
          [
            -68.9931569,
            44.4094347
          ]
        ]
      },
      "id": "way/11487951"
    },
    {
      "type": "Feature",
      "properties": {
        "@id": "way/11488019",
        "cycleway": "lane",
        "highway": "primary",
        "maxspeed": "35",
        "name": "High Street",
        "tiger:cfcc": "A41",
        "tiger:county": "Waldo, ME",
        "tiger:name_base": "High",
        "tiger:name_type": "St",
        "tiger:reviewed": "no",
        "tiger:zip_left": "04915",
        "tiger:zip_right": "04915"
      },
      "geometry": {
        "type": "LineString",
        "coordinates": [
          [
            -68.9995439,
            44.420383
          ],
          [
            -68.9996868,
            44.4206435
          ],
          [
            -68.9998296,
            44.4208964
          ],
          [
            -69.0001545,
            44.4214546
          ],
          [
            -69.0004024,
            44.4218892
          ],
          [
            -69.0004851,
            44.4220341
          ],
          [
            -69.000553,
            44.4221578
          ],
          [
            -69.0007032,
            44.4224317
          ],
          [
            -69.0007771,
            44.4225664
          ],
          [
            -69.0008374,
            44.4226659
          ],
          [
            -69.0008978,
            44.4227656
          ],
          [
            -69.0010104,
            44.422926
          ],
          [
            -69.001022,
            44.4229389
          ],
          [
            -69.0011271,
            44.4230558
          ],
          [
            -69.0012713,
            44.4231933
          ],
          [
            -69.0015462,
            44.4233958
          ],
          [
            -69.002139,
            44.4237842
          ],
          [
            -69.0025064,
            44.4240112
          ],
          [
            -69.0027646,
            44.4241587
          ]
        ]
      },
      "id": "way/11488019"
    },
    {
      "type": "Feature",
      "properties": {
        "@id": "way/11488020",
        "highway": "primary",
        "lanes": "2",
        "maxspeed": "25 mph",
        "name": "High Street",
        "surface": "asphalt",
        "tiger:cfcc": "A41",
        "tiger:county": "Waldo, ME",
        "tiger:name_base": "High",
        "tiger:name_type": "St",
        "tiger:reviewed": "no",
        "tiger:zip_left": "04915",
        "tiger:zip_right": "04915"
      },
      "geometry": {
        "type": "LineString",
        "coordinates": [
          [
            -69.0067259,
            44.4261439
          ],
          [
            -69.0068371,
            44.4261716
          ],
          [
            -69.0071769,
            44.4262758
          ],
          [
            -69.0077431,
            44.4264626
          ],
          [
            -69.0082593,
            44.4266327
          ],
          [
            -69.0089708,
            44.4268731
          ]
        ]
      },
      "id": "way/11488020"
    },
    {
      "type": "Feature",
      "properties": {
        "@id": "way/11488027",
        "highway": "tertiary",
        "lanes": "1",
        "name": "High Street",
        "name_1": "Upper Bridge Road",
        "surface": "asphalt",
        "tiger:cfcc": "A41",
        "tiger:county": "Waldo, ME",
        "tiger:name_base": "High",
        "tiger:name_base_1": "Upper Bridge",
        "tiger:name_type": "St",
        "tiger:name_type_1": "Rd",
        "tiger:reviewed": "no",
        "tiger:zip_left": "04915",
        "tiger:zip_right": "04915"
      },
      "geometry": {
        "type": "LineString",
        "coordinates": [
          [
            -69.0171366,
            44.4339135
          ],
          [
            -69.0173119,
            44.4341131
          ],
          [
            -69.0178232,
            44.4346795
          ],
          [
            -69.018487,
            44.4354188
          ],
          [
            -69.0186446,
            44.4355969
          ],
          [
            -69.0191257,
            44.4361375
          ],
          [
            -69.0193453,
            44.4363927
          ],
          [
            -69.0196337,
            44.436759
          ],
          [
            -69.0199509,
            44.4372018
          ],
          [
            -69.0201641,
            44.4375379
          ],
          [
            -69.0202519,
            44.4376921
          ],
          [
            -69.0203264,
            44.437887
          ],
          [
            -69.0203767,
            44.4380622
          ],
          [
            -69.0204176,
            44.4382935
          ],
          [
            -69.020445,
            44.438518
          ],
          [
            -69.0205101,
            44.4387646
          ],
          [
            -69.0205543,
            44.4389264
          ],
          [
            -69.0206382,
            44.4391275
          ],
          [
            -69.0207448,
            44.4393204
          ],
          [
            -69.02096,
            44.4396192
          ],
          [
            -69.0210338,
            44.4396967
          ],
          [
            -69.0211458,
            44.4397762
          ],
          [
            -69.0212752,
            44.4398408
          ]
        ]
      },
      "id": "way/11488027"
    },
    {
      "type": "Feature",
      "properties": {
        "@id": "way/11488246",
        "highway": "tertiary",
        "name": "Marsh Road",
        "surface": "paved",
        "tiger:cfcc": "A41",
        "tiger:county": "Waldo, ME",
        "tiger:name_base": "Marsh",
        "tiger:name_type": "Rd",
        "tiger:reviewed": "no"
      },
      "geometry": {
        "type": "LineString",
        "coordinates": [
          [
            -69.0462281,
            44.4310911
          ],
          [
            -69.0446379,
            44.4318315
          ],
          [
            -69.0432854,
            44.4324555
          ],
          [
            -69.0421183,
            44.4329991
          ],
          [
            -69.0410551,
            44.4335194
          ],
          [
            -69.0395571,
            44.4343056
          ],
          [
            -69.0390301,
            44.4345364
          ],
          [
            -69.0385478,
            44.4347073
          ],
          [
            -69.0374462,
            44.4349893
          ],
          [
            -69.0368414,
            44.4351559
          ],
          [
            -69.0359368,
            44.4354423
          ],
          [
            -69.0339687,
            44.4360666
          ],
          [
            -69.0324404,
            44.4365623
          ],
          [
            -69.0306596,
            44.4371571
          ],
          [
            -69.029996,
            44.4373785
          ],
          [
            -69.0292937,
            44.4376074
          ],
          [
            -69.0284763,
            44.4378745
          ],
          [
            -69.0280216,
            44.4380086
          ],
          [
            -69.0279412,
            44.4380407
          ],
          [
            -69.02785,
            44.4380852
          ]
        ]
      },
      "id": "way/11488246"
    },
    {
      "type": "Feature",
      "properties": {
        "@id": "way/11488332",
        "NHS": "yes",
        "expressway": "yes",
        "highway": "trunk",
        "lanes": "2",
        "maxspeed": "45 mph",
        "name": "Searsport Avenue",
        "oneway": "no",
        "ref": "US 1;ME 3",
        "surface": "asphalt",
        "tiger:cfcc": "A21",
        "tiger:county": "Waldo, ME",
        "tiger:name_base": "Searsport;United States Highway 1",
        "tiger:name_base_1": "United States Highway 1",
        "tiger:name_base_2": "State Route 3",
        "tiger:name_type": "Ave",
        "tiger:reviewed": "no"
      },
      "geometry": {
        "type": "LineString",
        "coordinates": [
          [
            -69.0072275,
            44.4340587
          ],
          [
            -69.0068591,
            44.4341365
          ]
        ]
      },
      "id": "way/11488332"
    },
    {
      "type": "Feature",
      "properties": {
        "@id": "way/11488533",
        "highway": "tertiary",
        "name": "Congress Street",
        "surface": "asphalt"
      },
      "geometry": {
        "type": "LineString",
        "coordinates": [
          [
            -69.0029671,
            44.3990354
          ],
          [
            -69.003012,
            44.3991848
          ],
          [
            -69.0034452,
            44.4003835
          ],
          [
            -69.0037376,
            44.401265
          ],
          [
            -69.0038824,
            44.4019051
          ],
          [
            -69.004019,
            44.4027007
          ],
          [
            -69.0040876,
            44.4032107
          ],
          [
            -69.0041591,
            44.4036818
          ],
          [
            -69.004242,
            44.4043223
          ],
          [
            -69.0043413,
            44.4052212
          ],
          [
            -69.0044789,
            44.4060903
          ],
          [
            -69.0045744,
            44.4065462
          ],
          [
            -69.0047736,
            44.4074821
          ],
          [
            -69.0049714,
            44.4082209
          ],
          [
            -69.0051569,
            44.4089417
          ],
          [
            -69.0052557,
            44.4093782
          ],
          [
            -69.005312,
            44.4097275
          ],
          [
            -69.0053535,
            44.4099191
          ],
          [
            -69.0053753,
            44.4102337
          ],
          [
            -69.0053538,
            44.4104987
          ],
          [
            -69.0052948,
            44.410826
          ],
          [
            -69.005253,
            44.411227
          ],
          [
            -69.0051103,
            44.4120965
          ]
        ]
      },
      "id": "way/11488533"
    },
    {
      "type": "Feature",
      "properties": {
        "@id": "way/11488547",
        "cycleway": "shared_lane",
        "highway": "secondary",
        "maxspeed": "25 mph",
        "name": "Waldo Avenue",
        "old_ref": "ME 7;ME 137",
        "surface": "asphalt",
        "tiger:cfcc": "A31",
        "tiger:county": "Waldo, ME",
        "tiger:name_base": "Waldo",
        "tiger:name_base_1": "State Route 7",
        "tiger:name_base_2": "State Route 137",
        "tiger:name_type": "Ave",
        "tiger:reviewed": "no",
        "tiger:zip_left": "04915",
        "tiger:zip_right": "04915"
      },
      "geometry": {
        "type": "LineString",
        "coordinates": [
          [
            -69.0098269,
            44.4251831
          ],
          [
            -69.0098468,
            44.4252475
          ],
          [
            -69.0098792,
            44.4252875
          ],
          [
            -69.0100636,
            44.4254402
          ],
          [
            -69.0103841,
            44.4256782
          ],
          [
            -69.0119211,
            44.4268227
          ],
          [
            -69.0120825,
            44.4269437
          ],
          [
            -69.0124433,
            44.4272097
          ],
          [
            -69.0136761,
            44.428128
          ],
          [
            -69.0145165,
            44.428754
          ],
          [
            -69.0145563,
            44.4287836
          ],
          [
            -69.0157194,
            44.42965
          ],
          [
            -69.0162165,
            44.4300203
          ],
          [
            -69.0168524,
            44.4304939
          ],
          [
            -69.0169983,
            44.4306025
          ],
          [
            -69.0171087,
            44.4306848
          ]
        ]
      },
      "id": "way/11488547"
    },
    {
      "type": "Feature",
      "properties": {
        "@id": "way/11488888",
        "highway": "tertiary",
        "name": "City Point Road",
        "surface": "paved",
        "tiger:cfcc": "A41",
        "tiger:county": "Waldo, ME",
        "tiger:name_base": "City Point",
        "tiger:name_type": "Rd",
        "tiger:reviewed": "no"
      },
      "geometry": {
        "type": "LineString",
        "coordinates": [
          [
            -69.0360857,
            44.4536439
          ],
          [
            -69.0360622,
            44.45344
          ],
          [
            -69.0360146,
            44.4532553
          ],
          [
            -69.0359288,
            44.4530427
          ],
          [
            -69.0356411,
            44.4524047
          ],
          [
            -69.0354238,
            44.4519361
          ],
          [
            -69.0353561,
            44.4517752
          ],
          [
            -69.0353152,
            44.4516336
          ],
          [
            -69.0352891,
            44.4514938
          ],
          [
            -69.035275,
            44.4512769
          ],
          [
            -69.0352723,
            44.4509347
          ],
          [
            -69.0352857,
            44.4507198
          ],
          [
            -69.0352891,
            44.4505494
          ],
          [
            -69.0352783,
            44.4504474
          ],
          [
            -69.0352502,
            44.4503162
          ]
        ]
      },
      "id": "way/11488888"
    },
    {
      "type": "Feature",
      "properties": {
        "@id": "way/11488910",
        "highway": "secondary",
        "lanes": "2",
        "name": "Swan Lake Avenue",
        "ref": "ME 141",
        "surface": "asphalt",
        "tiger:cfcc": "A31",
        "tiger:county": "Waldo, ME",
        "tiger:name_base": "Swan Lake",
        "tiger:name_base_1": "State Route 141",
        "tiger:name_type": "Ave"
      },
      "geometry": {
        "type": "LineString",
        "coordinates": [
          [
            -68.99999,
            44.4452765
          ],
          [
            -69.0001457,
            44.4459328
          ],
          [
            -69.0003043,
            44.4465791
          ],
          [
            -69.0003325,
            44.4466906
          ],
          [
            -69.0003478,
            44.4467528
          ],
          [
            -69.0003781,
            44.4468764
          ],
          [
            -69.000431,
            44.4470944
          ],
          [
            -69.0004827,
            44.4473077
          ],
          [
            -69.0005947,
            44.4477892
          ],
          [
            -69.0007053,
            44.4482215
          ],
          [
            -69.0007596,
            44.448435
          ],
          [
            -69.0008562,
            44.4488352
          ],
          [
            -69.0010218,
            44.4495092
          ],
          [
            -69.0011392,
            44.450008
          ],
          [
            -69.0012239,
            44.4503126
          ],
          [
            -69.0014714,
            44.4510659
          ],
          [
            -69.0017645,
            44.451661
          ],
          [
            -69.0021618,
            44.4522794
          ],
          [
            -69.0026138,
            44.452996
          ],
          [
            -69.0027687,
            44.4532416
          ],
          [
            -69.0028979,
            44.4534464
          ],
          [
            -69.0036534,
            44.4545948
          ],
          [
            -69.0040573,
            44.4552179
          ],
          [
            -69.004255,
            44.4555643
          ],
          [
            -69.0042722,
            44.4555944
          ],
          [
            -69.0045263,
            44.4558778
          ],
          [
            -69.0046891,
            44.4560594
          ],
          [
            -69.0051476,
            44.4564978
          ],
          [
            -69.0054284,
            44.4567424
          ],
          [
            -69.0055458,
            44.4568534
          ],
          [
            -69.0057979,
            44.4570633
          ],
          [
            -69.0061399,
            44.4573916
          ],
          [
            -69.006175,
            44.4574293
          ],
          [
            -69.006312,
            44.4575766
          ],
          [
            -69.0064214,
            44.4576943
          ],
          [
            -69.0067242,
            44.4581515
          ],
          [
            -69.0067927,
            44.4583187
          ],
          [
            -69.0068982,
            44.458611
          ],
          [
            -69.0069653,
            44.4588273
          ],
          [
            -69.007043,
            44.4590608
          ],
          [
            -69.007179,
            44.459578
          ],
          [
            -69.0072326,
            44.4600333
          ],
          [
            -69.0072192,
            44.4605219
          ],
          [
            -69.0071346,
            44.460935
          ],
          [
            -69.0069802,
            44.4613398
          ],
          [
            -69.0062309,
            44.463107
          ],
          [
            -69.0056543,
            44.4645061
          ],
          [
            -69.0051971,
            44.4656469
          ],
          [
            -69.0051419,
            44.4657864
          ],
          [
            -69.0050404,
            44.466043
          ],
          [
            -69.0048909,
            44.4664097
          ],
          [
            -69.0047964,
            44.4666417
          ],
          [
            -69.004401,
            44.4675254
          ],
          [
            -69.004032,
            44.4682632
          ],
          [
            -69.0038133,
            44.4686775
          ],
          [
            -69.0035668,
            44.4691457
          ],
          [
            -69.0034833,
            44.4693018
          ],
          [
            -69.0032646,
            44.4696877
          ],
          [
            -69.0030539,
            44.4700112
          ],
          [
            -69.0028829,
            44.4702183
          ],
          [
            -69.002688,
            44.4704311
          ],
          [
            -69.002016,
            44.4710639
          ],
          [
            -69.0017934,
            44.4712767
          ],
          [
            -69.0015468,
            44.4715434
          ],
          [
            -69.0013281,
            44.4718187
          ],
          [
            -69.0011373,
            44.4721308
          ],
          [
            -69.0009981,
            44.472406
          ],
          [
            -69.0008788,
            44.4727181
          ],
          [
            -69.0007834,
            44.4730473
          ],
          [
            -69.000726,
            44.47334
          ],
          [
            -69.0007039,
            44.4736545
          ],
          [
            -69.0007053,
            44.4741701
          ],
          [
            -69.000789,
            44.474438
          ],
          [
            -69.0009504,
            44.4749029
          ],
          [
            -69.0010697,
            44.4751583
          ],
          [
            -69.0012009,
            44.4753824
          ],
          [
            -69.001356,
            44.4756151
          ],
          [
            -69.0015349,
            44.4758591
          ],
          [
            -69.0017735,
            44.4761144
          ],
          [
            -69.002028,
            44.4763499
          ],
          [
            -69.0023699,
            44.4766308
          ],
          [
            -69.0027994,
            44.4769542
          ],
          [
            -69.0039518,
            44.4777727
          ],
          [
            -69.004545,
            44.4781941
          ],
          [
            -69.0052329,
            44.478719
          ],
          [
            -69.0054237,
            44.4788977
          ],
          [
            -69.0055947,
            44.4790878
          ],
          [
            -69.0057299,
            44.4792694
          ],
          [
            -69.0058571,
            44.4794708
          ],
          [
            -69.0059685,
            44.4796864
          ],
          [
            -69.006056,
            44.479902
          ],
          [
            -69.0061116,
            44.4801318
          ],
          [
            -69.00615,
            44.4803835
          ],
          [
            -69.006187,
            44.4815655
          ],
          [
            -69.0062257,
            44.4826364
          ],
          [
            -69.006253,
            44.483392
          ],
          [
            -69.0062896,
            44.4842344
          ],
          [
            -69.0063947,
            44.4859215
          ],
          [
            -69.006475,
            44.4865669
          ],
          [
            -69.0066044,
            44.4872313
          ],
          [
            -69.0068381,
            44.48816
          ],
          [
            -69.0075,
            44.490649
          ],
          [
            -69.008159,
            44.4932178
          ],
          [
            -69.008405,
            44.494312
          ],
          [
            -69.0084255,
            44.4946191
          ],
          [
            -69.008442,
            44.4951214
          ],
          [
            -69.008403,
            44.495639
          ],
          [
            -69.0083062,
            44.4961644
          ],
          [
            -69.0081724,
            44.4966581
          ],
          [
            -69.0080082,
            44.4970524
          ],
          [
            -69.007844,
            44.4973858
          ],
          [
            -69.0075854,
            44.4978392
          ],
          [
            -69.0072725,
            44.4982539
          ],
          [
            -69.0061743,
            44.4995514
          ],
          [
            -69.0055968,
            44.5001401
          ],
          [
            -69.0045227,
            44.5011379
          ],
          [
            -69.0043659,
            44.5013104
          ],
          [
            -69.0041948,
            44.5015338
          ],
          [
            -69.0040444,
            44.5018142
          ],
          [
            -69.0039679,
            44.5020588
          ],
          [
            -69.0039275,
            44.5023
          ],
          [
            -69.0036904,
            44.5035616
          ],
          [
            -69.0034515,
            44.5052256
          ],
          [
            -69.0033325,
            44.5060352
          ],
          [
            -69.0029518,
            44.5073727
          ],
          [
            -69.0025864,
            44.5083445
          ],
          [
            -69.0022548,
            44.5096088
          ],
          [
            -69.0018665,
            44.5115869
          ],
          [
            -69.0017301,
            44.5124054
          ],
          [
            -69.0016838,
            44.5126465
          ],
          [
            -69.0015322,
            44.5134363
          ],
          [
            -69.0013133,
            44.5139022
          ],
          [
            -69.0011648,
            44.5142181
          ],
          [
            -69.0009317,
            44.5147142
          ],
          [
            -69.0007536,
            44.5150932
          ],
          [
            -68.9995864,
            44.517429
          ],
          [
            -68.9991281,
            44.5183462
          ],
          [
            -68.9981787,
            44.5202434
          ],
          [
            -68.9981509,
            44.520479
          ],
          [
            -68.9981861,
            44.5207156
          ],
          [
            -68.9982346,
            44.5209307
          ],
          [
            -68.9983088,
            44.521081
          ],
          [
            -68.9984439,
            44.5212267
          ],
          [
            -68.9985716,
            44.52132
          ],
          [
            -68.9987086,
            44.5213954
          ],
          [
            -68.9992955,
            44.5215437
          ],
          [
            -68.9999798,
            44.5217274
          ],
          [
            -69.0001863,
            44.5218191
          ],
          [
            -69.0003499,
            44.5219549
          ]
        ]
      },
      "id": "way/11488910"
    },
    {
      "type": "Feature",
      "properties": {
        "@id": "way/11488978",
        "highway": "tertiary",
        "name": "Miller Street",
        "surface": "paved",
        "tiger:cfcc": "A41",
        "tiger:county": "Waldo, ME",
        "tiger:name_base": "Miller",
        "tiger:name_type": "St",
        "tiger:reviewed": "no"
      },
      "geometry": {
        "type": "LineString",
        "coordinates": [
          [
            -69.0114848,
            44.4209491
          ],
          [
            -69.0104857,
            44.4210855
          ],
          [
            -69.0102542,
            44.4211279
          ],
          [
            -69.0100264,
            44.4211904
          ],
          [
            -69.0098365,
            44.4212632
          ],
          [
            -69.0096558,
            44.4213647
          ],
          [
            -69.0093202,
            44.4216148
          ],
          [
            -69.0085722,
            44.4221501
          ],
          [
            -69.0080394,
            44.4225718
          ],
          [
            -69.0074761,
            44.4230085
          ],
          [
            -69.0065968,
            44.4236597
          ],
          [
            -69.0057103,
            44.4243282
          ]
        ]
      },
      "id": "way/11488978"
    },
    {
      "type": "Feature",
      "properties": {
        "@id": "way/11489087",
        "highway": "secondary",
        "lanes": "2",
        "name": "Swan Lake Avenue",
        "oneway": "yes",
        "ref": "ME 141",
        "surface": "asphalt",
        "tiger:cfcc": "A31",
        "tiger:county": "Waldo, ME",
        "tiger:name_base": "Swan Lake",
        "tiger:name_base_1": "State Route 141",
        "tiger:name_type": "Ave"
      },
      "geometry": {
        "type": "LineString",
        "coordinates": [
          [
            -69.0045409,
            44.434883
          ],
          [
            -69.0045731,
            44.4346977
          ],
          [
            -69.0045805,
            44.4344138
          ]
        ]
      },
      "id": "way/11489087"
    },
    {
      "type": "Feature",
      "properties": {
        "@id": "way/11489175",
        "highway": "secondary",
        "lanes": "2",
        "maxspeed": "25 mph",
        "name": "Field Street",
        "oneway": "yes",
        "surface": "asphalt"
      },
      "geometry": {
        "type": "LineString",
        "coordinates": [
          [
            -69.0169983,
            44.4306025
          ],
          [
            -69.0168891,
            44.430667
          ],
          [
            -69.016696,
            44.430735
          ],
          [
            -69.0160865,
            44.4309122
          ],
          [
            -69.015027,
            44.4312172
          ],
          [
            -69.014956,
            44.4312358
          ],
          [
            -69.0148446,
            44.431265
          ],
          [
            -69.014757,
            44.43129
          ]
        ]
      },
      "id": "way/11489175"
    },
    {
      "type": "Feature",
      "properties": {
        "@id": "way/11489188",
        "highway": "secondary",
        "maxspeed": "40 mph",
        "name": "Waterville Road",
        "ref": "ME 7;ME 137",
        "surface": "asphalt",
        "tiger:cfcc": "A31",
        "tiger:county": "Waldo, ME",
        "tiger:name_base": "Waterville",
        "tiger:name_base_1": "State Route 137",
        "tiger:name_type": "Rd"
      },
      "geometry": {
        "type": "LineString",
        "coordinates": [
          [
            -69.0327309,
            44.4398902
          ],
          [
            -69.0330367,
            44.43994
          ],
          [
            -69.0336462,
            44.4400194
          ],
          [
            -69.0342236,
            44.4400596
          ],
          [
            -69.034752,
            44.4400788
          ],
          [
            -69.035393,
            44.4400721
          ],
          [
            -69.0359013,
            44.4400405
          ],
          [
            -69.0368776,
            44.4399792
          ],
          [
            -69.0376152,
            44.4399476
          ],
          [
            -69.0384829,
            44.4399495
          ],
          [
            -69.0392138,
            44.4399754
          ],
          [
            -69.0402907,
            44.4400596
          ],
          [
            -69.0417364,
            44.440198
          ],
          [
            -69.0424915,
            44.4402679
          ],
          [
            -69.043553,
            44.4403639
          ],
          [
            -69.0452508,
            44.4405169
          ],
          [
            -69.0457141,
            44.4405647
          ],
          [
            -69.0462593,
            44.440637
          ],
          [
            -69.0466817,
            44.440705
          ],
          [
            -69.0474629,
            44.4408462
          ],
          [
            -69.0489006,
            44.441133
          ],
          [
            -69.0503275,
            44.4414073
          ],
          [
            -69.0507896,
            44.441494
          ],
          [
            -69.051961,
            44.4417114
          ],
          [
            -69.0530245,
            44.4419086
          ],
          [
            -69.0555029,
            44.4423725
          ],
          [
            -69.0570532,
            44.4426602
          ],
          [
            -69.0576379,
            44.4427809
          ],
          [
            -69.0580967,
            44.442897
          ],
          [
            -69.058457,
            44.4430257
          ],
          [
            -69.0586451,
            44.4431112
          ]
        ]
      },
      "id": "way/11489188"
    },
    {
      "type": "Feature",
      "properties": {
        "@id": "way/11489212",
        "highway": "tertiary",
        "name": "Kaler Road",
        "surface": "paved",
        "tiger:cfcc": "A41",
        "tiger:county": "Waldo, ME",
        "tiger:name_base": "Kaler",
        "tiger:name_type": "Rd",
        "tiger:reviewed": "no"
      },
      "geometry": {
        "type": "LineString",
        "coordinates": [
          [
            -69.0234005,
            44.4486707
          ],
          [
            -69.0235081,
            44.4487964
          ],
          [
            -69.0236456,
            44.4489194
          ],
          [
            -69.0237924,
            44.4490271
          ],
          [
            -69.0239929,
            44.4491234
          ],
          [
            -69.0242142,
            44.4491875
          ],
          [
            -69.0244,
            44.4492234
          ],
          [
            -69.0247158,
            44.4492469
          ],
          [
            -69.025214,
            44.4492593
          ],
          [
            -69.02556,
            44.4492765
          ],
          [
            -69.0257706,
            44.4492971
          ],
          [
            -69.0259986,
            44.4493287
          ],
          [
            -69.0261434,
            44.449357
          ],
          [
            -69.0264244,
            44.4494163
          ],
          [
            -69.0267804,
            44.4495255
          ],
          [
            -69.0271217,
            44.4496648
          ],
          [
            -69.0274449,
            44.4498313
          ],
          [
            -69.0277547,
            44.4500463
          ],
          [
            -69.027968,
            44.4502334
          ],
          [
            -69.0281544,
            44.4504321
          ],
          [
            -69.0282972,
            44.4506118
          ],
          [
            -69.0284018,
            44.4507605
          ],
          [
            -69.0284669,
            44.4508792
          ],
          [
            -69.0286104,
            44.4511056
          ],
          [
            -69.0290358,
            44.4518083
          ],
          [
            -69.0293835,
            44.4523592
          ],
          [
            -69.0295442,
            44.4525975
          ],
          [
            -69.0298911,
            44.4530157
          ],
          [
            -69.0298927,
            44.4530175
          ],
          [
            -69.0300051,
            44.453148
          ],
          [
            -69.0302881,
            44.4534357
          ],
          [
            -69.0310036,
            44.4541384
          ],
          [
            -69.0313003,
            44.454421
          ],
          [
            -69.0314894,
            44.4546183
          ],
          [
            -69.0318064,
            44.4549435
          ],
          [
            -69.0320335,
            44.4551909
          ],
          [
            -69.0323017,
            44.4554425
          ],
          [
            -69.0324506,
            44.45558
          ],
          [
            -69.0326286,
            44.4556913
          ],
          [
            -69.032924,
            44.4558363
          ],
          [
            -69.0334233,
            44.4560524
          ],
          [
            -69.0339258,
            44.4562846
          ],
          [
            -69.0343094,
            44.4564545
          ],
          [
            -69.0345233,
            44.4565191
          ]
        ]
      },
      "id": "way/11489212"
    },
    {
      "type": "Feature",
      "properties": {
        "@id": "way/11489213",
        "highway": "tertiary",
        "name": "Kaler Road",
        "surface": "paved",
        "tiger:cfcc": "A41",
        "tiger:county": "Waldo, ME",
        "tiger:name_base": "Kaler",
        "tiger:name_type": "Rd",
        "tiger:reviewed": "no"
      },
      "geometry": {
        "type": "LineString",
        "coordinates": [
          [
            -69.0204169,
            44.442294
          ],
          [
            -69.0205302,
            44.4423131
          ],
          [
            -69.0205946,
            44.4423634
          ],
          [
            -69.0206382,
            44.4424299
          ],
          [
            -69.0208742,
            44.4429585
          ],
          [
            -69.0210499,
            44.4433075
          ],
          [
            -69.0211491,
            44.443544
          ],
          [
            -69.0213,
            44.4438537
          ],
          [
            -69.0214194,
            44.4441194
          ],
          [
            -69.0215334,
            44.4443703
          ],
          [
            -69.0216735,
            44.4447169
          ],
          [
            -69.0218217,
            44.4451123
          ],
          [
            -69.0220504,
            44.4456906
          ],
          [
            -69.0221972,
            44.4459845
          ],
          [
            -69.0223655,
            44.4463072
          ],
          [
            -69.0225694,
            44.4466753
          ],
          [
            -69.0227772,
            44.4470535
          ],
          [
            -69.0229851,
            44.4474321
          ],
          [
            -69.0231594,
            44.4477883
          ],
          [
            -69.0232278,
            44.4479654
          ],
          [
            -69.0232708,
            44.4481779
          ],
          [
            -69.0232989,
            44.4484187
          ],
          [
            -69.0233418,
            44.4485628
          ],
          [
            -69.0234005,
            44.4486707
          ]
        ]
      },
      "id": "way/11489213"
    },
    {
      "type": "Feature",
      "properties": {
        "@id": "way/11489739",
        "highway": "tertiary",
        "maxspeed": "25 mph",
        "name": "Robbins Road",
        "surface": "asphalt",
        "tiger:cfcc": "A41",
        "tiger:county": "Waldo, ME",
        "tiger:name_base": "Robbins",
        "tiger:name_type": "Rd",
        "tiger:reviewed": "no"
      },
      "geometry": {
        "type": "LineString",
        "coordinates": [
          [
            -69.0041198,
            44.4358885
          ],
          [
            -69.004268,
            44.4359357
          ],
          [
            -69.0045942,
            44.436046
          ],
          [
            -69.0047227,
            44.4360978
          ],
          [
            -69.0048356,
            44.4361432
          ],
          [
            -69.0051511,
            44.4362804
          ],
          [
            -69.0054468,
            44.4364305
          ],
          [
            -69.0057759,
            44.4366207
          ],
          [
            -69.0059283,
            44.4367106
          ],
          [
            -69.0064536,
            44.4370115
          ],
          [
            -69.0069716,
            44.4373249
          ],
          [
            -69.0074129,
            44.437575
          ],
          [
            -69.0078092,
            44.4378022
          ],
          [
            -69.0082319,
            44.4380486
          ],
          [
            -69.008585,
            44.4382566
          ],
          [
            -69.0089712,
            44.438438
          ],
          [
            -69.0094037,
            44.4386294
          ],
          [
            -69.0099747,
            44.4388756
          ],
          [
            -69.0105229,
            44.4391098
          ],
          [
            -69.0108436,
            44.4392307
          ],
          [
            -69.0110365,
            44.4392994
          ],
          [
            -69.0112759,
            44.4393745
          ],
          [
            -69.011512,
            44.4394435
          ],
          [
            -69.012088,
            44.4396163
          ],
          [
            -69.0123314,
            44.4397015
          ],
          [
            -69.0124769,
            44.4397618
          ],
          [
            -69.0125714,
            44.4398179
          ],
          [
            -69.0128081,
            44.4400008
          ],
          [
            -69.0130046,
            44.4401616
          ],
          [
            -69.0133231,
            44.4404537
          ],
          [
            -69.0136866,
            44.4407759
          ],
          [
            -69.0139226,
            44.4409319
          ],
          [
            -69.0142471,
            44.4410875
          ],
          [
            -69.0147118,
            44.4412762
          ],
          [
            -69.0149868,
            44.4414021
          ],
          [
            -69.0151785,
            44.4415194
          ],
          [
            -69.0153723,
            44.4416771
          ],
          [
            -69.0155094,
            44.4417901
          ],
          [
            -69.0156664,
            44.4418964
          ],
          [
            -69.0159081,
            44.442035
          ],
          [
            -69.0162011,
            44.4421753
          ],
          [
            -69.0166853,
            44.4423562
          ],
          [
            -69.0171533,
            44.4424975
          ],
          [
            -69.0174859,
            44.4425793
          ],
          [
            -69.0180163,
            44.4426727
          ],
          [
            -69.0186473,
            44.4427861
          ],
          [
            -69.0188746,
            44.4428211
          ],
          [
            -69.0190054,
            44.4428173
          ],
          [
            -69.0191509,
            44.4427895
          ],
          [
            -69.0193748,
            44.4427019
          ],
          [
            -69.0198161,
            44.4425113
          ],
          [
            -69.0199854,
            44.44244
          ],
          [
            -69.0202814,
            44.4423127
          ],
          [
            -69.0203458,
            44.4422995
          ],
          [
            -69.0204169,
            44.442294
          ]
        ]
      },
      "id": "way/11489739"
    },
    {
      "type": "Feature",
      "properties": {
        "@id": "way/11489844",
        "highway": "tertiary",
        "name": "Church Street",
        "tiger:cfcc": "A41",
        "tiger:county": "Waldo, ME",
        "tiger:name_base": "Church",
        "tiger:name_type": "St",
        "tiger:reviewed": "no",
        "tiger:zip_left": "04915"
      },
      "geometry": {
        "type": "LineString",
        "coordinates": [
          [
            -68.9995439,
            44.420383
          ],
          [
            -68.9997411,
            44.4203887
          ],
          [
            -68.9997501,
            44.4203921
          ],
          [
            -68.9999087,
            44.4204524
          ],
          [
            -69.0001896,
            44.4206384
          ],
          [
            -69.0004954,
            44.4208409
          ],
          [
            -69.0012894,
            44.4213667
          ],
          [
            -69.0023737,
            44.4220879
          ],
          [
            -69.0028558,
            44.4224107
          ],
          [
            -69.0034278,
            44.4227982
          ],
          [
            -69.0040215,
            44.4232037
          ],
          [
            -69.0045932,
            44.4235864
          ],
          [
            -69.0057103,
            44.4243282
          ],
          [
            -69.0057646,
            44.424362
          ],
          [
            -69.0058327,
            44.424407
          ],
          [
            -69.0061929,
            44.4246494
          ],
          [
            -69.0063023,
            44.4247142
          ],
          [
            -69.0063499,
            44.4247424
          ],
          [
            -69.0064903,
            44.4248256
          ],
          [
            -69.006797,
            44.4250328
          ],
          [
            -69.0071661,
            44.4252822
          ],
          [
            -69.0072848,
            44.4253727
          ],
          [
            -69.0073116,
            44.4253943
          ],
          [
            -69.0074424,
            44.4255159
          ]
        ]
      },
      "id": "way/11489844"
    },
    {
      "type": "Feature",
      "properties": {
        "@id": "way/11490084",
        "highway": "trunk_link",
        "junction": "jughandle",
        "name": "The Jug Handle Road",
        "oneway": "yes",
        "tiger:cfcc": "A41",
        "tiger:county": "Waldo, ME",
        "tiger:reviewed": "no"
      },
      "geometry": {
        "type": "LineString",
        "coordinates": [
          [
            -68.9937856,
            44.4087502
          ],
          [
            -68.9937004,
            44.4085727
          ],
          [
            -68.9936575,
            44.408475
          ],
          [
            -68.9936253,
            44.4083581
          ],
          [
            -68.9936038,
            44.4082929
          ],
          [
            -68.9935663,
            44.4082393
          ],
          [
            -68.9934992,
            44.408155
          ],
          [
            -68.9934215,
            44.4080975
          ],
          [
            -68.9933329,
            44.4080554
          ],
          [
            -68.9932436,
            44.4080363
          ],
          [
            -68.9931103,
            44.4080247
          ],
          [
            -68.9930111,
            44.4080515
          ],
          [
            -68.9929145,
            44.4081128
          ]
        ]
      },
      "id": "way/11490084"
    },
    {
      "type": "Feature",
      "properties": {
        "@id": "way/11490200",
        "highway": "secondary",
        "lanes": "2",
        "name": "West Waldo Road",
        "ref": "ME 7",
        "surface": "asphalt",
        "tiger:cfcc": "A31",
        "tiger:county": "Waldo, ME",
        "tiger:name_base": "Waldo",
        "tiger:name_base_1": "State Route 7",
        "tiger:name_direction_prefix": "W",
        "tiger:name_type": "Rd"
      },
      "geometry": {
        "type": "LineString",
        "coordinates": [
          [
            -69.0546104,
            44.4488783
          ],
          [
            -69.0546448,
            44.448901
          ],
          [
            -69.0560582,
            44.4496038
          ],
          [
            -69.0584466,
            44.450799
          ],
          [
            -69.061336,
            44.4521972
          ],
          [
            -69.0624625,
            44.452734
          ],
          [
            -69.0638938,
            44.453423
          ],
          [
            -69.0645707,
            44.4537473
          ],
          [
            -69.0653,
            44.454124
          ],
          [
            -69.0656041,
            44.4542994
          ]
        ]
      },
      "id": "way/11490200"
    },
    {
      "type": "Feature",
      "properties": {
        "@id": "way/58868645",
        "bridge": "yes",
        "highway": "primary",
        "layer": "1",
        "name": "High Street",
        "tiger:cfcc": "A41",
        "tiger:county": "Waldo, ME",
        "tiger:name_base": "High",
        "tiger:name_type": "St",
        "tiger:reviewed": "no"
      },
      "geometry": {
        "type": "LineString",
        "coordinates": [
          [
            -69.0152438,
            44.4318082
          ],
          [
            -69.0155979,
            44.4322027
          ]
        ]
      },
      "id": "way/58868645"
    },
    {
      "type": "Feature",
      "properties": {
        "@id": "way/58868647",
        "cycleway": "lane",
        "highway": "primary",
        "maxspeed": "25 mph",
        "name": "High Street",
        "tiger:cfcc": "A41",
        "tiger:county": "Waldo, ME",
        "tiger:name_base": "High",
        "tiger:name_type": "St",
        "tiger:reviewed": "no"
      },
      "geometry": {
        "type": "LineString",
        "coordinates": [
          [
            -69.0155979,
            44.4322027
          ],
          [
            -69.0159036,
            44.4325398
          ],
          [
            -69.0163405,
            44.4330251
          ],
          [
            -69.0164713,
            44.4331752
          ]
        ]
      },
      "id": "way/58868647"
    },
    {
      "type": "Feature",
      "properties": {
        "@id": "way/58868650",
        "bridge": "yes",
        "cycleway": "shared_lane",
        "highway": "secondary",
        "layer": "1",
        "maxspeed": "25 mph",
        "name": "Waldo Avenue",
        "ref": "ME 7;ME 137",
        "surface": "concrete",
        "tiger:cfcc": "A31",
        "tiger:county": "Waldo, ME",
        "tiger:name_base": "Waldo",
        "tiger:name_base_1": "State Route 7",
        "tiger:name_base_2": "State Route 137",
        "tiger:name_type": "Ave",
        "tiger:zip_left": "04915"
      },
      "geometry": {
        "type": "LineString",
        "coordinates": [
          [
            -69.0175974,
            44.4310469
          ],
          [
            -69.0180287,
            44.4313705
          ]
        ]
      },
      "id": "way/58868650"
    },
    {
      "type": "Feature",
      "properties": {
        "@id": "way/58868652",
        "cycleway": "lane",
        "highway": "secondary",
        "maxspeed": "40 mph",
        "name": "Waldo Avenue",
        "ref": "ME 7;ME 137",
        "surface": "asphalt",
        "tiger:cfcc": "A31",
        "tiger:county": "Waldo, ME",
        "tiger:name_base": "Waldo",
        "tiger:name_base_1": "State Route 7",
        "tiger:name_base_2": "State Route 137",
        "tiger:name_type": "Ave",
        "tiger:zip_left": "04915"
      },
      "geometry": {
        "type": "LineString",
        "coordinates": [
          [
            -69.020317,
            44.4330707
          ],
          [
            -69.0207478,
            44.4333806
          ]
        ]
      },
      "id": "way/58868652"
    },
    {
      "type": "Feature",
      "properties": {
        "@id": "way/101821709",
        "NHS": "yes",
        "highway": "trunk",
        "lanes": "2",
        "name": "Northport Avenue",
        "ref": "US 1",
        "shoulder": "both",
        "tiger:cfcc": "A21",
        "tiger:county": "Waldo, ME",
        "tiger:name_base": "Northport",
        "tiger:name_base_1": "United States Highway 1",
        "tiger:name_type": "Ave",
        "tiger:reviewed": "no",
        "tiger:zip_left": "04915",
        "tiger:zip_right": "04915"
      },
      "geometry": {
        "type": "LineString",
        "coordinates": [
          [
            -68.9887003,
            44.3944904
          ],
          [
            -68.9882047,
            44.3953091
          ],
          [
            -68.9881668,
            44.3953813
          ],
          [
            -68.9879571,
            44.3957814
          ],
          [
            -68.9877447,
            44.3963153
          ],
          [
            -68.9874341,
            44.3971951
          ],
          [
            -68.9872876,
            44.3977406
          ],
          [
            -68.987239,
            44.3981781
          ],
          [
            -68.9872289,
            44.3986064
          ],
          [
            -68.9873088,
            44.3990274
          ],
          [
            -68.9874255,
            44.3994341
          ],
          [
            -68.9875972,
            44.3998283
          ],
          [
            -68.9881312,
            44.4006985
          ]
        ]
      },
      "id": "way/101821709"
    },
    {
      "type": "Feature",
      "properties": {
        "@id": "way/101821770",
        "NHS": "yes",
        "bridge": "yes",
        "expressway": "yes",
        "highway": "trunk",
        "lanes": "2",
        "layer": "1",
        "name": "Route 1",
        "oneway": "no",
        "ref": "US 1",
        "tiger:cfcc": "A21",
        "tiger:county": "Waldo, ME",
        "tiger:name_base": "United States Highway 1",
        "tiger:reviewed": "no"
      },
      "geometry": {
        "type": "LineString",
        "coordinates": [
          [
            -69.021536,
            44.4235352
          ],
          [
            -69.0216062,
            44.4238223
          ]
        ]
      },
      "id": "way/101821770"
    },
    {
      "type": "Feature",
      "properties": {
        "@id": "way/101822012",
        "NHS": "yes",
        "expressway": "yes",
        "highway": "trunk",
        "lanes": "2",
        "maxspeed": "45 mph",
        "name": "Route 1",
        "oneway": "no",
        "ref": "US 1",
        "tiger:cfcc": "A21",
        "tiger:county": "Waldo, ME",
        "tiger:name_base": "United States Highway 1",
        "tiger:reviewed": "no"
      },
      "geometry": {
        "type": "LineString",
        "coordinates": [
          [
            -69.0216062,
            44.4238223
          ],
          [
            -69.02187,
            44.424917
          ],
          [
            -69.0219437,
            44.4254431
          ],
          [
            -69.0219652,
            44.4259622
          ],
          [
            -69.0219464,
            44.4262916
          ],
          [
            -69.0219115,
            44.4266211
          ],
          [
            -69.0218632,
            44.4268931
          ],
          [
            -69.0217989,
            44.4271517
          ],
          [
            -69.0217264,
            44.4274064
          ],
          [
            -69.0216656,
            44.4275781
          ]
        ]
      },
      "id": "way/101822012"
    },
    {
      "type": "Feature",
      "properties": {
        "@id": "way/101822040",
        "NHS": "yes",
        "bridge": "yes",
        "highway": "trunk",
        "lanes": "2",
        "layer": "1",
        "name": "Northport Avenue",
        "ref": "US 1",
        "tiger:cfcc": "A21",
        "tiger:county": "Waldo, ME",
        "tiger:name_base": "Northport",
        "tiger:name_base_1": "United States Highway 1",
        "tiger:name_type": "Ave",
        "tiger:reviewed": "no",
        "tiger:zip_left": "04915",
        "tiger:zip_right": "04915"
      },
      "geometry": {
        "type": "LineString",
        "coordinates": [
          [
            -68.9888866,
            44.3942358
          ],
          [
            -68.9887003,
            44.3944904
          ]
        ]
      },
      "id": "way/101822040"
    },
    {
      "type": "Feature",
      "properties": {
        "@id": "way/101822118",
        "NHS": "yes",
        "bridge": "yes",
        "expressway": "yes",
        "highway": "trunk",
        "lanes": "2",
        "layer": "1",
        "maxspeed": "45 mph",
        "name": "Route 1",
        "oneway": "no",
        "ref": "US 1;ME 3",
        "surface": "asphalt",
        "tiger:cfcc": "A21",
        "tiger:county": "Waldo, ME",
        "tiger:name_base": "United States Highway 1",
        "tiger:reviewed": "no"
      },
      "geometry": {
        "type": "LineString",
        "coordinates": [
          [
            -69.0132521,
            44.4325503
          ],
          [
            -69.0102453,
            44.4333162
          ]
        ]
      },
      "id": "way/101822118"
    },
    {
      "type": "Feature",
      "properties": {
        "@id": "way/122208933",
        "cycleway": "lane",
        "highway": "primary",
        "maxspeed": "35 mph",
        "name": "Belmont Avenue",
        "tiger:cfcc": "A21",
        "tiger:county": "Waldo, ME",
        "tiger:name_base": "Belmont",
        "tiger:name_type": "Ave",
        "tiger:reviewed": "no"
      },
      "geometry": {
        "type": "LineString",
        "coordinates": [
          [
            -69.0211888,
            44.4237267
          ],
          [
            -69.0208795,
            44.4237652
          ]
        ]
      },
      "id": "way/122208933"
    },
    {
      "type": "Feature",
      "properties": {
        "@id": "way/131826402",
        "highway": "tertiary",
        "maxspeed": "40 mph",
        "name": "Lincolnville Avenue",
        "name_1": "State Route 52",
        "ref": "ME 52",
        "tiger:cfcc": "A31",
        "tiger:county": "Waldo, ME",
        "tiger:name_base": "Lincolnville",
        "tiger:name_base_1": "State Route 52",
        "tiger:name_type": "Ave"
      },
      "geometry": {
        "type": "LineString",
        "coordinates": [
          [
            -69.0307854,
            44.404937
          ],
          [
            -69.0307367,
            44.4052681
          ],
          [
            -69.0306723,
            44.4056054
          ],
          [
            -69.0306013,
            44.4058052
          ],
          [
            -69.0304551,
            44.4060327
          ],
          [
            -69.0302512,
            44.4062664
          ],
          [
            -69.0299374,
            44.4065289
          ],
          [
            -69.0273121,
            44.409029
          ],
          [
            -69.0261045,
            44.4103075
          ],
          [
            -69.0246597,
            44.4119377
          ],
          [
            -69.0239565,
            44.4127453
          ]
        ]
      },
      "id": "way/131826402"
    },
    {
      "type": "Feature",
      "properties": {
        "@id": "way/131826404",
        "highway": "tertiary",
        "name": "Lincolnville Avenue",
        "name_1": "State Route 52",
        "ref": "ME 52",
        "tiger:cfcc": "A31",
        "tiger:county": "Waldo, ME",
        "tiger:name_base": "Lincolnville",
        "tiger:name_base_1": "State Route 52",
        "tiger:name_type": "Ave"
      },
      "geometry": {
        "type": "LineString",
        "coordinates": [
          [
            -69.0324967,
            44.3968493
          ],
          [
            -69.0323909,
            44.3981834
          ],
          [
            -69.0321697,
            44.399825
          ],
          [
            -69.0320013,
            44.4009038
          ],
          [
            -69.0319383,
            44.4011664
          ],
          [
            -69.0318726,
            44.4013062
          ]
        ]
      },
      "id": "way/131826404"
    },
    {
      "type": "Feature",
      "properties": {
        "@id": "way/131826413",
        "highway": "tertiary",
        "name": "Main Street",
        "sidewalk": "both",
        "surface": "concrete",
        "tiger:cfcc": "A41",
        "tiger:county": "Waldo, ME",
        "tiger:name_base": "Main",
        "tiger:name_type": "St",
        "tiger:reviewed": "no",
        "tiger:zip_left": "04915",
        "tiger:zip_right": "04915"
      },
      "geometry": {
        "type": "LineString",
        "coordinates": [
          [
            -69.0067259,
            44.4261439
          ],
          [
            -69.0066733,
            44.4262092
          ],
          [
            -69.0066317,
            44.426261
          ],
          [
            -69.0064194,
            44.426537
          ],
          [
            -69.0062358,
            44.4267565
          ],
          [
            -69.0060546,
            44.4269775
          ],
          [
            -69.0058354,
            44.4272243
          ],
          [
            -69.0057258,
            44.4273351
          ],
          [
            -69.0056015,
            44.4274664
          ],
          [
            -69.005424,
            44.4276402
          ],
          [
            -69.0053214,
            44.4277374
          ],
          [
            -69.0052175,
            44.4278303
          ],
          [
            -69.0051538,
            44.4278815
          ],
          [
            -69.0049982,
            44.4279797
          ],
          [
            -69.0048453,
            44.4280745
          ],
          [
            -69.004825,
            44.42809
          ],
          [
            -69.0047166,
            44.4281588
          ]
        ]
      },
      "id": "way/131826413"
    },
    {
      "type": "Feature",
      "properties": {
        "@id": "way/131826417",
        "NHS": "yes",
        "highway": "trunk",
        "lanes": "2",
        "name": "Northport Avenue",
        "ref": "US 1",
        "tiger:cfcc": "A21",
        "tiger:county": "Waldo, ME",
        "tiger:name_base": "Northport",
        "tiger:name_base_1": "United States Highway 1",
        "tiger:name_type": "Ave",
        "tiger:reviewed": "no",
        "tiger:zip_left": "04915",
        "tiger:zip_right": "04915"
      },
      "geometry": {
        "type": "LineString",
        "coordinates": [
          [
            -68.9881312,
            44.4006985
          ],
          [
            -68.9892638,
            44.4026994
          ],
          [
            -68.9893064,
            44.4027752
          ],
          [
            -68.989377,
            44.4029009
          ],
          [
            -68.990897,
            44.4054851
          ],
          [
            -68.9914791,
            44.4065139
          ],
          [
            -68.9917905,
            44.4069842
          ],
          [
            -68.9923855,
            44.4076317
          ],
          [
            -68.9924109,
            44.4076594
          ],
          [
            -68.9927642,
            44.407987
          ]
        ]
      },
      "id": "way/131826417"
    },
    {
      "type": "Feature",
      "properties": {
        "@id": "way/131826429",
        "NHS": "yes",
        "highway": "trunk",
        "lanes": "2",
        "maxspeed": "35 mph",
        "name": "Searsport Avenue",
        "ref": "US 1;ME 3",
        "source:maxspeed": "sign",
        "surface": "asphalt",
        "tiger:cfcc": "A21",
        "tiger:county": "Waldo, ME",
        "tiger:name_base": "Searsport",
        "tiger:name_base_1": "United States Highway 1",
        "tiger:name_base_2": "State Route 3",
        "tiger:name_type": "Ave",
        "tiger:reviewed": "no"
      },
      "geometry": {
        "type": "LineString",
        "coordinates": [
          [
            -69.0033564,
            44.4342299
          ],
          [
            -69.002343,
            44.4340916
          ],
          [
            -69.0011856,
            44.4339275
          ],
          [
            -69.0009544,
            44.4338944
          ],
          [
            -68.9997035,
            44.4337171
          ],
          [
            -68.9990097,
            44.4336191
          ],
          [
            -68.9989272,
            44.4336072
          ],
          [
            -68.9985875,
            44.4335585
          ],
          [
            -68.9979467,
            44.4334666
          ],
          [
            -68.9976687,
            44.4334267
          ],
          [
            -68.9973098,
            44.4333752
          ],
          [
            -68.9966132,
            44.4332753
          ],
          [
            -68.9950227,
            44.432988
          ],
          [
            -68.9936118,
            44.4326548
          ],
          [
            -68.992716,
            44.4324134
          ],
          [
            -68.9918201,
            44.43213
          ],
          [
            -68.9912193,
            44.4319078
          ],
          [
            -68.9895134,
            44.4312106
          ],
          [
            -68.988893,
            44.4309061
          ],
          [
            -68.9876894,
            44.4302968
          ]
        ]
      },
      "id": "way/131826429"
    },
    {
      "type": "Feature",
      "properties": {
        "@id": "way/131826439",
        "NHS": "yes",
        "expressway": "yes",
        "highway": "trunk",
        "lanes": "2",
        "name": "Route 1",
        "ref": "US 1",
        "tiger:cfcc": "A21",
        "tiger:county": "Waldo, ME",
        "tiger:name_base": "United States Highway 1",
        "tiger:reviewed": "no"
      },
      "geometry": {
        "type": "LineString",
        "coordinates": [
          [
            -68.9932583,
            44.4083989
          ],
          [
            -68.9935338,
            44.4085825
          ],
          [
            -68.9937856,
            44.4087502
          ]
        ]
      },
      "id": "way/131826439"
    },
    {
      "type": "Feature",
      "properties": {
        "@id": "way/180075107",
        "NHS": "yes",
        "cycleway": "lane",
        "highway": "trunk",
        "maxspeed": "55 mph",
        "name": "Belmont Avenue",
        "ref": "ME 3",
        "tiger:cfcc": "A21",
        "tiger:county": "Waldo, ME",
        "tiger:name_base": "Belmont",
        "tiger:name_type": "Ave",
        "tiger:reviewed": "no"
      },
      "geometry": {
        "type": "LineString",
        "coordinates": [
          [
            -69.0218641,
            44.4236379
          ],
          [
            -69.0211888,
            44.4237267
          ]
        ]
      },
      "id": "way/180075107"
    },
    {
      "type": "Feature",
      "properties": {
        "@id": "way/180075109",
        "NHS": "yes",
        "expressway": "yes",
        "highway": "trunk",
        "lanes": "2",
        "maxspeed": "45 mph",
        "name": "Route 1",
        "oneway": "yes",
        "ref": "US 1;ME 3",
        "tiger:cfcc": "A21",
        "tiger:county": "Waldo, ME",
        "tiger:name_base": "United States Highway 1",
        "tiger:reviewed": "no"
      },
      "geometry": {
        "type": "LineString",
        "coordinates": [
          [
            -69.0216656,
            44.4275781
          ],
          [
            -69.0215905,
            44.4276931
          ],
          [
            -69.0215583,
            44.427762
          ],
          [
            -69.0213972,
            44.4280221
          ]
        ]
      },
      "id": "way/180075109"
    },
    {
      "type": "Feature",
      "properties": {
        "@id": "way/180075112",
        "highway": "trunk_link",
        "lanes": "1",
        "oneway": "yes",
        "ref": "ME 3",
        "surface": "asphalt",
        "tiger:cfcc": "A41",
        "tiger:county": "Waldo, ME",
        "tiger:reviewed": "no"
      },
      "geometry": {
        "type": "LineString",
        "coordinates": [
          [
            -69.0213885,
            44.4283316
          ],
          [
            -69.0215467,
            44.4281228
          ],
          [
            -69.0216782,
            44.4279083
          ],
          [
            -69.0217667,
            44.4277302
          ],
          [
            -69.0218418,
            44.4275444
          ],
          [
            -69.0219866,
            44.4271421
          ],
          [
            -69.0220993,
            44.4267303
          ],
          [
            -69.0221806,
            44.4263503
          ],
          [
            -69.0222289,
            44.4259442
          ],
          [
            -69.0222235,
            44.4253887
          ],
          [
            -69.0221699,
            44.4248715
          ],
          [
            -69.0221162,
            44.4245497
          ]
        ]
      },
      "id": "way/180075112"
    },
    {
      "type": "Feature",
      "properties": {
        "@id": "way/180075113",
        "highway": "trunk_link",
        "oneway": "yes"
      },
      "geometry": {
        "type": "LineString",
        "coordinates": [
          [
            -69.0218641,
            44.4236379
          ],
          [
            -69.0218499,
            44.4235461
          ],
          [
            -69.0218256,
            44.4233885
          ],
          [
            -69.0217765,
            44.42307
          ],
          [
            -69.0216764,
            44.4227069
          ],
          [
            -69.021435,
            44.4219138
          ],
          [
            -69.0211131,
            44.4211322
          ],
          [
            -69.0206403,
            44.4202328
          ],
          [
            -69.0202729,
            44.4196141
          ],
          [
            -69.0200241,
            44.4193775
          ]
        ]
      },
      "id": "way/180075113"
    },
    {
      "type": "Feature",
      "properties": {
        "@id": "way/180169086",
        "cycleway": "shared_lane",
        "highway": "secondary",
        "maxspeed": "25 mph",
        "name": "Waldo Avenue",
        "ref": "ME 7;ME 137",
        "surface": "asphalt",
        "tiger:cfcc": "A31",
        "tiger:county": "Waldo, ME",
        "tiger:name_base": "Waldo",
        "tiger:name_base_1": "State Route 7",
        "tiger:name_base_2": "State Route 137",
        "tiger:name_type": "Ave",
        "tiger:zip_left": "04915"
      },
      "geometry": {
        "type": "LineString",
        "coordinates": [
          [
            -69.0171087,
            44.4306848
          ],
          [
            -69.0175974,
            44.4310469
          ]
        ]
      },
      "id": "way/180169086"
    },
    {
      "type": "Feature",
      "properties": {
        "@id": "way/180169087",
        "highway": "secondary",
        "name": "Waterville Road",
        "ref": "ME 137",
        "surface": "asphalt",
        "tiger:cfcc": "A31",
        "tiger:county": "Waldo, ME",
        "tiger:name_base": "Waterville",
        "tiger:name_base_1": "State Route 137",
        "tiger:name_type": "Rd",
        "tiger:reviewed": "no"
      },
      "geometry": {
        "type": "LineString",
        "coordinates": [
          [
            -69.061453,
            44.4449828
          ],
          [
            -69.0616086,
            44.4450419
          ],
          [
            -69.0619569,
            44.445149
          ],
          [
            -69.0637382,
            44.4456544
          ],
          [
            -69.0657105,
            44.4461922
          ],
          [
            -69.0660886,
            44.4462986
          ],
          [
            -69.0675226,
            44.4466994
          ],
          [
            -69.0686559,
            44.4470004
          ],
          [
            -69.070814,
            44.4476137
          ],
          [
            -69.0743503,
            44.4485688
          ],
          [
            -69.0754835,
            44.4488978
          ],
          [
            -69.0850954,
            44.4515235
          ],
          [
            -69.0863918,
            44.4518725
          ],
          [
            -69.0868069,
            44.4519798
          ],
          [
            -69.0898738,
            44.4527896
          ],
          [
            -69.0905725,
            44.4529576
          ],
          [
            -69.0947848,
            44.4541009
          ],
          [
            -69.0970733,
            44.4547078
          ],
          [
            -69.0975524,
            44.4548348
          ],
          [
            -69.1016865,
            44.4559352
          ],
          [
            -69.1039442,
            44.4566728
          ],
          [
            -69.1046315,
            44.4569001
          ],
          [
            -69.1057903,
            44.4571145
          ],
          [
            -69.1066376,
            44.4571579
          ],
          [
            -69.1073839,
            44.457131
          ],
          [
            -69.1082257,
            44.456992
          ],
          [
            -69.1093816,
            44.4566576
          ],
          [
            -69.1106987,
            44.4562032
          ],
          [
            -69.1113396,
            44.4560465
          ],
          [
            -69.1120981,
            44.4559238
          ],
          [
            -69.1129357,
            44.4558854
          ],
          [
            -69.1137916,
            44.455942
          ],
          [
            -69.1146952,
            44.4560922
          ],
          [
            -69.1155642,
            44.4563679
          ],
          [
            -69.1163679,
            44.4567554
          ],
          [
            -69.1169107,
            44.4571413
          ],
          [
            -69.117402,
            44.4575773
          ],
          [
            -69.1178917,
            44.4580971
          ]
        ]
      },
      "id": "way/180169087"
    },
    {
      "type": "Feature",
      "properties": {
        "@id": "way/192372147",
        "cycleway": "lane",
        "highway": "primary",
        "maxspeed": "45 mph",
        "name": "Main Street",
        "tiger:cfcc": "A41",
        "tiger:county": "Waldo, ME",
        "tiger:name_base": "Main",
        "tiger:name_type": "St",
        "tiger:reviewed": "no",
        "tiger:zip_left": "04915",
        "tiger:zip_right": "04915"
      },
      "geometry": {
        "type": "LineString",
        "coordinates": [
          [
            -69.0121784,
            44.4248715
          ],
          [
            -69.0112293,
            44.4250011
          ],
          [
            -69.0110949,
            44.4250195
          ],
          [
            -69.0105923,
            44.4250832
          ],
          [
            -69.0104213,
            44.4251048
          ],
          [
            -69.0098269,
            44.4251831
          ],
          [
            -69.0096654,
            44.4252041
          ],
          [
            -69.0092845,
            44.4252537
          ]
        ]
      },
      "id": "way/192372147"
    },
    {
      "type": "Feature",
      "properties": {
        "@id": "way/208142201",
        "alt_name": "Route 207",
        "highway": "tertiary",
        "lanes": "2",
        "name": "Garfield Road",
        "ref": "207",
        "source": "NRCan-CanVec-10.0",
        "surface": "paved"
      },
      "geometry": {
        "type": "LineString",
        "coordinates": [
          [
            -62.875,
            46.0760407
          ],
          [
            -62.8762505,
            46.076476
          ],
          [
            -62.8765735,
            46.0766024
          ],
          [
            -62.8769223,
            46.0767647
          ],
          [
            -62.8772452,
            46.0769541
          ],
          [
            -62.8774389,
            46.0770983
          ],
          [
            -62.8778261,
            46.0774677
          ],
          [
            -62.8781484,
            46.0779001
          ],
          [
            -62.8782515,
            46.0780892
          ],
          [
            -62.8783415,
            46.0783233
          ],
          [
            -62.8785216,
            46.0787645
          ],
          [
            -62.8785979,
            46.0791221
          ],
          [
            -62.8784592,
            46.079322
          ],
          [
            -62.8783523,
            46.079476
          ]
        ]
      },
      "id": "way/208142201"
    },
    {
      "type": "Feature",
      "properties": {
        "@id": "way/208142337",
        "highway": "tertiary",
        "lanes": "2",
        "name": "Pinette Road",
        "source": "NRCan-CanVec-10.0",
        "surface": "paved"
      },
      "geometry": {
        "type": "LineString",
        "coordinates": [
          [
            -62.9053419,
            46.0575133
          ],
          [
            -62.9003086,
            46.0599121
          ],
          [
            -62.8987559,
            46.0606397
          ],
          [
            -62.8968148,
            46.061583
          ],
          [
            -62.8963877,
            46.0618076
          ],
          [
            -62.8960771,
            46.0619874
          ],
          [
            -62.8956888,
            46.062239
          ],
          [
            -62.895323,
            46.0625
          ],
          [
            -62.8952227,
            46.0625716
          ],
          [
            -62.8948731,
            46.0628413
          ],
          [
            -62.8945234,
            46.063156
          ],
          [
            -62.8935128,
            46.0642351
          ],
          [
            -62.8925799,
            46.0652872
          ],
          [
            -62.890144,
            46.067859
          ],
          [
            -62.8883173,
            46.0696123
          ],
          [
            -62.8882395,
            46.0696842
          ],
          [
            -62.8879417,
            46.0699089
          ],
          [
            -62.8874627,
            46.0701964
          ],
          [
            -62.8866602,
            46.0705826
          ],
          [
            -62.8851585,
            46.0713642
          ],
          [
            -62.8833593,
            46.0722174
          ],
          [
            -62.8831264,
            46.0723071
          ],
          [
            -62.8827511,
            46.0724057
          ],
          [
            -62.8823631,
            46.0724594
          ],
          [
            -62.8820657,
            46.072468
          ]
        ]
      },
      "id": "way/208142337"
    },
    {
      "type": "Feature",
      "properties": {
        "@id": "way/208142380",
        "highway": "tertiary",
        "lanes": "1",
        "name": "Polly Hill Road",
        "ref": "207;208",
        "source": "NRCan-CanVec-10.0",
        "surface": "paved"
      },
      "geometry": {
        "type": "LineString",
        "coordinates": [
          [
            -62.8816895,
            46.0768343
          ],
          [
            -62.881614,
            46.0771415
          ],
          [
            -62.8814143,
            46.0776145
          ],
          [
            -62.8812448,
            46.0778509
          ],
          [
            -62.8811826,
            46.0779172
          ],
          [
            -62.8810155,
            46.078063
          ],
          [
            -62.8808032,
            46.0782146
          ],
          [
            -62.8803877,
            46.0784576
          ],
          [
            -62.8799853,
            46.0786705
          ],
          [
            -62.8789459,
            46.0791627
          ],
          [
            -62.8787328,
            46.0792645
          ],
          [
            -62.8785486,
            46.0793525
          ],
          [
            -62.8783523,
            46.079476
          ]
        ]
      },
      "id": "way/208142380"
    },
    {
      "type": "Feature",
      "properties": {
        "@id": "way/208142391",
        "highway": "tertiary",
        "lanes": "1",
        "ref": "207;208",
        "source": "NRCan-CanVec-10.0",
        "surface": "paved"
      },
      "geometry": {
        "type": "LineString",
        "coordinates": [
          [
            -62.8803877,
            46.0784576
          ],
          [
            -62.8803536,
            46.0783388
          ],
          [
            -62.8802838,
            46.0782465
          ]
        ]
      },
      "id": "way/208142391"
    },
    {
      "type": "Feature",
      "properties": {
        "@id": "way/208142393",
        "highway": "tertiary",
        "lanes": "1",
        "ref": "207;208",
        "source": "NRCan-CanVec-10.0",
        "surface": "paved"
      },
      "geometry": {
        "type": "LineString",
        "coordinates": [
          [
            -62.8789459,
            46.0791627
          ],
          [
            -62.8787701,
            46.0791589
          ],
          [
            -62.8785979,
            46.0791221
          ]
        ]
      },
      "id": "way/208142393"
    },
    {
      "type": "Feature",
      "properties": {
        "@id": "way/208142395",
        "highway": "tertiary",
        "lanes": "2",
        "name": "Roseberry Road",
        "ref": "208",
        "source": "NRCan-CanVec-10.0",
        "surface": "paved"
      },
      "geometry": {
        "type": "LineString",
        "coordinates": [
          [
            -62.8982733,
            46.0302868
          ],
          [
            -62.8969216,
            46.0319722
          ],
          [
            -62.8966756,
            46.032242
          ],
          [
            -62.8963132,
            46.0325297
          ],
          [
            -62.8958087,
            46.0328352
          ],
          [
            -62.895563,
            46.032952
          ],
          [
            -62.8951621,
            46.0330957
          ],
          [
            -62.8939725,
            46.0334726
          ],
          [
            -62.8937398,
            46.0335624
          ],
          [
            -62.8936234,
            46.0335893
          ],
          [
            -62.893507,
            46.0336342
          ],
          [
            -62.893145,
            46.0337418
          ],
          [
            -62.8927958,
            46.0338675
          ],
          [
            -62.8926795,
            46.0338944
          ],
          [
            -62.8925631,
            46.0339393
          ],
          [
            -62.8922011,
            46.0340469
          ],
          [
            -62.8918519,
            46.0341726
          ],
          [
            -62.8913735,
            46.0343162
          ],
          [
            -62.890908,
            46.0344777
          ],
          [
            -62.8904296,
            46.0346213
          ],
          [
            -62.889964,
            46.0347828
          ],
          [
            -62.8885416,
            46.0352315
          ],
          [
            -62.8879597,
            46.0354289
          ],
          [
            -62.8875977,
            46.0355366
          ],
          [
            -62.8870028,
            46.035734
          ],
          [
            -62.8866278,
            46.0358326
          ],
          [
            -62.875,
            46.0380652
          ],
          [
            -62.8742649,
            46.0382411
          ],
          [
            -62.8738758,
            46.0383301
          ],
          [
            -62.8736163,
            46.0384982
          ],
          [
            -62.8734736,
            46.0387046
          ],
          [
            -62.8733382,
            46.0390294
          ],
          [
            -62.8733602,
            46.039237
          ],
          [
            -62.8734271,
            46.0396036
          ],
          [
            -62.8736201,
            46.039829
          ],
          [
            -62.874552,
            46.0409954
          ],
          [
            -62.8748203,
            46.041443
          ],
          [
            -62.875,
            46.0419017
          ],
          [
            -62.8750222,
            46.0419587
          ],
          [
            -62.8751506,
            46.0423548
          ],
          [
            -62.8752663,
            46.042616
          ],
          [
            -62.8755232,
            46.0433273
          ],
          [
            -62.8756644,
            46.0437775
          ],
          [
            -62.8758443,
            46.0442097
          ],
          [
            -62.8759859,
            46.0444708
          ],
          [
            -62.8762435,
            46.0448851
          ],
          [
            -62.8768748,
            46.0458128
          ],
          [
            -62.8771196,
            46.0461371
          ],
          [
            -62.8783575,
            46.0474705
          ],
          [
            -62.8787056,
            46.0478848
          ],
          [
            -62.8792857,
            46.0486235
          ],
          [
            -62.8799041,
            46.0495422
          ],
          [
            -62.8799427,
            46.0496322
          ],
          [
            -62.8809472,
            46.0513433
          ],
          [
            -62.8823899,
            46.0537659
          ],
          [
            -62.8825315,
            46.054045
          ],
          [
            -62.8827244,
            46.0545222
          ],
          [
            -62.8828914,
            46.0549994
          ],
          [
            -62.8829299,
            46.0551255
          ],
          [
            -62.8830195,
            46.0555666
          ],
          [
            -62.8830831,
            46.0560526
          ],
          [
            -62.8832573,
            46.0592929
          ],
          [
            -62.8833201,
            46.060157
          ],
          [
            -62.8833444,
            46.060886
          ],
          [
            -62.8834343,
            46.0625315
          ],
          [
            -62.8834949,
            46.0630823
          ],
          [
            -62.8834943,
            46.0633883
          ],
          [
            -62.8834403,
            46.0644502
          ],
          [
            -62.883322,
            46.0653861
          ],
          [
            -62.8832174,
            46.0659531
          ],
          [
            -62.882996,
            46.0666818
          ],
          [
            -62.8827614,
            46.0675546
          ],
          [
            -62.8825658,
            46.0683555
          ],
          [
            -62.8824482,
            46.0688953
          ],
          [
            -62.8823958,
            46.0692553
          ],
          [
            -62.8823697,
            46.0693453
          ],
          [
            -62.8822776,
            46.0700742
          ],
          [
            -62.8820657,
            46.072468
          ]
        ]
      },
      "id": "way/208142395"
    },
    {
      "type": "Feature",
      "properties": {
        "@id": "way/208142396",
        "highway": "tertiary",
        "lanes": "2",
        "name": "Roseberry Road",
        "ref": "208",
        "source": "NRCan-CanVec-10.0",
        "surface": "paved"
      },
      "geometry": {
        "type": "LineString",
        "coordinates": [
          [
            -62.8820657,
            46.072468
          ],
          [
            -62.8820775,
            46.0726342
          ],
          [
            -62.8817213,
            46.0766624
          ],
          [
            -62.8816895,
            46.0768343
          ],
          [
            -62.8813855,
            46.0774747
          ],
          [
            -62.8812499,
            46.0776937
          ],
          [
            -62.8810576,
            46.0778639
          ],
          [
            -62.8806967,
            46.0781091
          ],
          [
            -62.8804581,
            46.0781981
          ],
          [
            -62.8802838,
            46.0782465
          ],
          [
            -62.8799629,
            46.0783065
          ],
          [
            -62.8797162,
            46.0783237
          ],
          [
            -62.8783415,
            46.0783233
          ]
        ]
      },
      "id": "way/208142396"
    },
    {
      "type": "Feature",
      "properties": {
        "@id": "way/208142406",
        "alt_name": "Route 207",
        "highway": "tertiary",
        "name": "Garfield Road",
        "ref": "207"
      },
      "geometry": {
        "type": "LineString",
        "coordinates": [
          [
            -62.875,
            46.0760407
          ],
          [
            -62.8721042,
            46.0750749
          ],
          [
            -62.8709102,
            46.0744362
          ],
          [
            -62.8700442,
            46.0732886
          ],
          [
            -62.8586802,
            46.0594272
          ],
          [
            -62.8531791,
            46.052121
          ],
          [
            -62.8494997,
            46.0475152
          ],
          [
            -62.8490576,
            46.0471139
          ],
          [
            -62.8481266,
            46.0465643
          ],
          [
            -62.8464986,
            46.0458155
          ],
          [
            -62.845738,
            46.045168
          ],
          [
            -62.8451533,
            46.0444618
          ],
          [
            -62.8446876,
            46.0438305
          ],
          [
            -62.8444959,
            46.0434079
          ],
          [
            -62.8432651,
            46.0410063
          ],
          [
            -62.8416495,
            46.0382362
          ],
          [
            -62.8416424,
            46.0382289
          ],
          [
            -62.8409888,
            46.0371357
          ],
          [
            -62.8394096,
            46.035191
          ],
          [
            -62.8388482,
            46.0345339
          ],
          [
            -62.8300471,
            46.023845
          ],
          [
            -62.8283763,
            46.0213314
          ],
          [
            -62.8283135,
            46.0212283
          ],
          [
            -62.8270585,
            46.019307
          ],
          [
            -62.8269572,
            46.0191962
          ],
          [
            -62.8258844,
            46.0180935
          ],
          [
            -62.8251548,
            46.0172591
          ],
          [
            -62.8243737,
            46.0160872
          ],
          [
            -62.8239306,
            46.0157189
          ],
          [
            -62.8233714,
            46.0151554
          ],
          [
            -62.8206058,
            46.0117454
          ],
          [
            -62.8204381,
            46.011555
          ]
        ]
      },
      "id": "way/208142406"
    },
    {
      "type": "Feature",
      "properties": {
        "@id": "way/208147152",
        "highway": "tertiary",
        "lanes": "2",
        "name": "Pinette Road",
        "source": "NRCan-CanVec-10.0",
        "surface": "paved"
      },
      "geometry": {
        "type": "LineString",
        "coordinates": [
          [
            -62.9077794,
            46.0564025
          ],
          [
            -62.9076966,
            46.0564262
          ],
          [
            -62.9053419,
            46.0575133
          ]
        ]
      },
      "id": "way/208147152"
    },
    {
      "type": "Feature",
      "properties": {
        "@id": "way/208496149",
        "highway": "trunk_link",
        "maxspeed": "30 mph",
        "oneway": "yes",
        "surface": "asphalt"
      },
      "geometry": {
        "type": "LineString",
        "coordinates": [
          [
            -69.016921,
            44.4333005
          ],
          [
            -69.0168388,
            44.4333903
          ],
          [
            -69.0168128,
            44.4334366
          ],
          [
            -69.0167776,
            44.4335181
          ]
        ]
      },
      "id": "way/208496149"
    },
    {
      "type": "Feature",
      "properties": {
        "@id": "way/240741754",
        "highway": "secondary",
        "name": "Lincolnville Avenue",
        "name_1": "State Route 52",
        "ref": "ME 52",
        "tiger:cfcc": "A31",
        "tiger:county": "Waldo, ME",
        "tiger:name_base": "Lincolnville",
        "tiger:name_base_1": "State Route 52",
        "tiger:name_type": "Ave",
        "tiger:reviewed": "no"
      },
      "geometry": {
        "type": "LineString",
        "coordinates": [
          [
            -69.0165598,
            44.4204528
          ],
          [
            -69.0156693,
            44.4213723
          ],
          [
            -69.0148647,
            44.4223302
          ],
          [
            -69.014653,
            44.422609
          ],
          [
            -69.0142799,
            44.4230964
          ],
          [
            -69.0136416,
            44.4239814
          ],
          [
            -69.01335,
            44.424365
          ],
          [
            -69.013132,
            44.4247476
          ]
        ]
      },
      "id": "way/240741754"
    },
    {
      "type": "Feature",
      "properties": {
        "@id": "way/283763187",
        "bridge": "yes",
        "highway": "secondary",
        "lanes": "2",
        "layer": "1",
        "name": "Swan Lake Avenue",
        "ref": "ME 141",
        "tiger:cfcc": "A31",
        "tiger:county": "Waldo, ME",
        "tiger:name_base": "Swan Lake",
        "tiger:name_base_1": "State Route 141",
        "tiger:name_type": "Ave"
      },
      "geometry": {
        "type": "LineString",
        "coordinates": [
          [
            -68.999965,
            44.4451649
          ],
          [
            -68.99999,
            44.4452765
          ]
        ]
      },
      "id": "way/283763187"
    },
    {
      "type": "Feature",
      "properties": {
        "@id": "way/302480858",
        "bridge": "yes",
        "highway": "tertiary",
        "layer": "1",
        "name": "City Point Road",
        "tiger:cfcc": "A41",
        "tiger:county": "Waldo, ME",
        "tiger:name_base": "City Point",
        "tiger:name_type": "Rd",
        "tiger:reviewed": "no"
      },
      "geometry": {
        "type": "LineString",
        "coordinates": [
          [
            -69.0350678,
            44.4499209
          ],
          [
            -69.0349652,
            44.4497768
          ],
          [
            -69.034874,
            44.4496738
          ],
          [
            -69.0348304,
            44.4496379
          ]
        ]
      },
      "id": "way/302480858"
    },
    {
      "type": "Feature",
      "properties": {
        "@id": "way/302480860",
        "highway": "tertiary",
        "name": "City Point Road",
        "surface": "paved",
        "tiger:cfcc": "A41",
        "tiger:county": "Waldo, ME",
        "tiger:name_base": "City Point",
        "tiger:name_type": "Rd",
        "tiger:reviewed": "no"
      },
      "geometry": {
        "type": "LineString",
        "coordinates": [
          [
            -69.0348304,
            44.4496379
          ],
          [
            -69.0346896,
            44.4495231
          ],
          [
            -69.0344542,
            44.4493641
          ],
          [
            -69.0339929,
            44.4491004
          ],
          [
            -69.033551,
            44.4488601
          ],
          [
            -69.0330628,
            44.4485738
          ],
          [
            -69.032751,
            44.4483862
          ],
          [
            -69.0325627,
            44.4482744
          ],
          [
            -69.0323543,
            44.4481468
          ],
          [
            -69.0315926,
            44.4476805
          ],
          [
            -69.0310244,
            44.4473268
          ],
          [
            -69.0308212,
            44.4471854
          ],
          [
            -69.0306844,
            44.4470654
          ],
          [
            -69.0305281,
            44.4469084
          ],
          [
            -69.0303431,
            44.4467069
          ],
          [
            -69.0301801,
            44.4465149
          ],
          [
            -69.0299669,
            44.4462856
          ],
          [
            -69.029749,
            44.4460008
          ],
          [
            -69.0294935,
            44.4455824
          ],
          [
            -69.0291877,
            44.4450931
          ],
          [
            -69.0290456,
            44.4448933
          ],
          [
            -69.028894,
            44.4447049
          ],
          [
            -69.028713,
            44.4445326
          ],
          [
            -69.0285178,
            44.4443736
          ],
          [
            -69.0283261,
            44.4442568
          ],
          [
            -69.0281041,
            44.4441491
          ],
          [
            -69.0278748,
            44.4440869
          ],
          [
            -69.0277246,
            44.4440663
          ],
          [
            -69.027453,
            44.4440586
          ],
          [
            -69.0271942,
            44.444072
          ],
          [
            -69.026629,
            44.4441202
          ],
          [
            -69.026356,
            44.4441419
          ],
          [
            -69.0260965,
            44.4441405
          ],
          [
            -69.0258785,
            44.4441065
          ],
          [
            -69.02567,
            44.444038
          ],
          [
            -69.025434,
            44.4439308
          ],
          [
            -69.025151,
            44.4437565
          ],
          [
            -69.0248935,
            44.4435133
          ],
          [
            -69.0246736,
            44.4432338
          ],
          [
            -69.0244992,
            44.442935
          ],
          [
            -69.0241881,
            44.4423443
          ],
          [
            -69.0240426,
            44.4420268
          ],
          [
            -69.0239413,
            44.4418229
          ],
          [
            -69.0236691,
            44.4413686
          ],
          [
            -69.0233298,
            44.4408687
          ],
          [
            -69.0231702,
            44.4406782
          ],
          [
            -69.0229435,
            44.4404685
          ],
          [
            -69.0227692,
            44.4403353
          ],
          [
            -69.0225834,
            44.4402444
          ],
          [
            -69.0223441,
            44.4401348
          ],
          [
            -69.0220141,
            44.4400414
          ],
          [
            -69.0215367,
            44.4399257
          ],
          [
            -69.0213972,
            44.4398849
          ],
          [
            -69.0212752,
            44.4398408
          ]
        ]
      },
      "id": "way/302480860"
    },
    {
      "type": "Feature",
      "properties": {
        "@id": "way/339166673",
        "cycleway": "lane",
        "highway": "primary",
        "name": "High Street",
        "tiger:cfcc": "A41",
        "tiger:county": "Waldo, ME",
        "tiger:name_base": "High",
        "tiger:name_type": "St",
        "tiger:reviewed": "no",
        "tiger:zip_left": "04915",
        "tiger:zip_right": "04915"
      },
      "geometry": {
        "type": "LineString",
        "coordinates": [
          [
            -69.0151309,
            44.4316941
          ],
          [
            -69.0152438,
            44.4318082
          ]
        ]
      },
      "id": "way/339166673"
    },
    {
      "type": "Feature",
      "properties": {
        "@id": "way/339166674",
        "expressway": "yes",
        "highway": "trunk",
        "lanes": "2",
        "maxspeed": "45 mph",
        "name": "Route 1",
        "oneway": "yes",
        "ref": "US 1;ME 3",
        "surface": "asphalt"
      },
      "geometry": {
        "type": "LineString",
        "coordinates": [
          [
            -69.0144566,
            44.4322886
          ],
          [
            -69.0156351,
            44.4319976
          ],
          [
            -69.0160777,
            44.4318846
          ],
          [
            -69.0163781,
            44.4317908
          ],
          [
            -69.0166383,
            44.4317065
          ],
          [
            -69.01692,
            44.4316093
          ],
          [
            -69.0171265,
            44.431538
          ],
          [
            -69.0174483,
            44.4314115
          ],
          [
            -69.0177192,
            44.4312909
          ],
          [
            -69.0180169,
            44.4311549
          ],
          [
            -69.0182744,
            44.4310285
          ],
          [
            -69.0183793,
            44.4309727
          ],
          [
            -69.0185051,
            44.4309059
          ],
          [
            -69.0187,
            44.4307959
          ],
          [
            -69.0187358,
            44.4307757
          ],
          [
            -69.0191167,
            44.4305496
          ],
          [
            -69.0196155,
            44.4302528
          ],
          [
            -69.0199079,
            44.4299999
          ],
          [
            -69.0202485,
            44.429703
          ],
          [
            -69.0205758,
            44.4293966
          ],
          [
            -69.020844,
            44.4291054
          ],
          [
            -69.0210559,
            44.4288583
          ],
          [
            -69.0213,
            44.4284982
          ],
          [
            -69.0213885,
            44.4283316
          ]
        ]
      },
      "id": "way/339166674"
    },
    {
      "type": "Feature",
      "properties": {
        "@id": "way/339166675",
        "highway": "trunk_link",
        "oneway": "yes",
        "surface": "asphalt"
      },
      "geometry": {
        "type": "LineString",
        "coordinates": [
          [
            -69.0149306,
            44.4314741
          ],
          [
            -69.0149324,
            44.4316021
          ],
          [
            -69.0149056,
            44.4316826
          ],
          [
            -69.0148528,
            44.4317709
          ]
        ]
      },
      "id": "way/339166675"
    },
    {
      "type": "Feature",
      "properties": {
        "@id": "way/339166676",
        "highway": "trunk_link",
        "lanes": "1",
        "oneway": "yes",
        "surface": "asphalt"
      },
      "geometry": {
        "type": "LineString",
        "coordinates": [
          [
            -69.0183995,
            44.4316515
          ],
          [
            -69.0183817,
            44.4315447
          ],
          [
            -69.0183764,
            44.431491
          ],
          [
            -69.0183893,
            44.4314086
          ]
        ]
      },
      "id": "way/339166676"
    },
    {
      "type": "Feature",
      "properties": {
        "@id": "way/339166677",
        "cycleway": "lane",
        "highway": "secondary",
        "maxspeed": "25 mph",
        "name": "High Street",
        "tiger:cfcc": "A41",
        "tiger:county": "Waldo, ME",
        "tiger:name_base": "High",
        "tiger:name_type": "St",
        "tiger:reviewed": "no"
      },
      "geometry": {
        "type": "LineString",
        "coordinates": [
          [
            -69.0164713,
            44.4331752
          ],
          [
            -69.0167776,
            44.4335181
          ],
          [
            -69.0171366,
            44.4339135
          ]
        ]
      },
      "id": "way/339166677"
    },
    {
      "type": "Feature",
      "properties": {
        "@id": "way/362818928",
        "NHS": "yes",
        "expressway": "yes",
        "highway": "trunk",
        "lanes": "2",
        "maxspeed": "40 mph",
        "name": "Route 1",
        "oneway": "no",
        "ref": "US 1",
        "tiger:cfcc": "A21",
        "tiger:county": "Waldo, ME",
        "tiger:name_base": "United States Highway 1",
        "tiger:reviewed": "no"
      },
      "geometry": {
        "type": "LineString",
        "coordinates": [
          [
            -69.0190585,
            44.4181361
          ],
          [
            -69.0191603,
            44.4182561
          ],
          [
            -69.0197344,
            44.418933
          ],
          [
            -69.0200241,
            44.4193775
          ]
        ]
      },
      "id": "way/362818928"
    },
    {
      "type": "Feature",
      "properties": {
        "@id": "way/362818929",
        "NHS": "yes",
        "expressway": "yes",
        "highway": "trunk",
        "lanes": "1",
        "maxspeed": "35 mph",
        "name": "Searsport Avenue",
        "oneway": "yes",
        "ref": "US 1;ME 3",
        "surface": "asphalt",
        "tiger:cfcc": "A21",
        "tiger:county": "Waldo, ME",
        "tiger:name_base": "Searsport;United States Highway 1",
        "tiger:name_base_1": "United States Highway 1",
        "tiger:name_base_2": "State Route 3",
        "tiger:name_type": "Ave",
        "tiger:reviewed": "no"
      },
      "geometry": {
        "type": "LineString",
        "coordinates": [
          [
            -69.0068591,
            44.4341365
          ],
          [
            -69.0066441,
            44.4341583
          ],
          [
            -69.0060395,
            44.4342491
          ],
          [
            -69.0055253,
            44.4343114
          ]
        ]
      },
      "id": "way/362818929"
    },
    {
      "type": "Feature",
      "properties": {
        "@id": "way/362818930",
        "highway": "trunk_link",
        "oneway": "yes",
        "tiger:cfcc": "A41",
        "tiger:county": "Waldo, ME",
        "tiger:reviewed": "no"
      },
      "geometry": {
        "type": "LineString",
        "coordinates": [
          [
            -69.0200241,
            44.4193775
          ],
          [
            -69.0203565,
            44.4204614
          ],
          [
            -69.0208288,
            44.4223583
          ],
          [
            -69.02092,
            44.4227031
          ],
          [
            -69.0210889,
            44.4233387
          ],
          [
            -69.0211888,
            44.4237267
          ]
        ]
      },
      "id": "way/362818930"
    },
    {
      "type": "Feature",
      "properties": {
        "@id": "way/362818931",
        "highway": "trunk_link",
        "lanes": "1",
        "oneway": "yes",
        "ref": "ME 3",
        "surface": "asphalt"
      },
      "geometry": {
        "type": "LineString",
        "coordinates": [
          [
            -69.0221162,
            44.4245497
          ],
          [
            -69.0220519,
            44.424044
          ],
          [
            -69.0220358,
            44.4239214
          ],
          [
            -69.0220358,
            44.4238295
          ],
          [
            -69.0220733,
            44.4237413
          ],
          [
            -69.0220945,
            44.4237143
          ],
          [
            -69.0221216,
            44.42368
          ],
          [
            -69.022261,
            44.4235841
          ]
        ]
      },
      "id": "way/362818931"
    },
    {
      "type": "Feature",
      "properties": {
        "@id": "way/362818933",
        "highway": "trunk_link",
        "oneway": "yes"
      },
      "geometry": {
        "type": "LineString",
        "coordinates": [
          [
            -69.0210889,
            44.4233387
          ],
          [
            -69.0210809,
            44.4234961
          ],
          [
            -69.0210541,
            44.4235728
          ],
          [
            -69.0210004,
            44.4236571
          ],
          [
            -69.0208795,
            44.4237652
          ]
        ]
      },
      "id": "way/362818933"
    },
    {
      "type": "Feature",
      "properties": {
        "@id": "way/362818934",
        "cycleway": "lane",
        "highway": "primary",
        "maxspeed": "25 mph",
        "name": "High Street",
        "tiger:cfcc": "A41",
        "tiger:county": "Waldo, ME",
        "tiger:name_base": "High",
        "tiger:name_type": "St",
        "tiger:reviewed": "no",
        "tiger:zip_left": "04915",
        "tiger:zip_right": "04915"
      },
      "geometry": {
        "type": "LineString",
        "coordinates": [
          [
            -69.0096753,
            44.4271034
          ],
          [
            -69.009798,
            44.4271551
          ],
          [
            -69.0099958,
            44.4272542
          ],
          [
            -69.0102426,
            44.4274041
          ],
          [
            -69.0106966,
            44.4276849
          ],
          [
            -69.0111079,
            44.4279391
          ],
          [
            -69.0116826,
            44.4283024
          ],
          [
            -69.0120685,
            44.4285505
          ],
          [
            -69.0123287,
            44.4287365
          ],
          [
            -69.0125714,
            44.4289293
          ],
          [
            -69.0128142,
            44.4291534
          ],
          [
            -69.0129731,
            44.4293262
          ],
          [
            -69.0131195,
            44.4294828
          ],
          [
            -69.0132507,
            44.4296231
          ],
          [
            -69.0135367,
            44.4299473
          ],
          [
            -69.0138679,
            44.4303229
          ],
          [
            -69.0144107,
            44.430916
          ],
          [
            -69.0146419,
            44.431163
          ],
          [
            -69.0146895,
            44.4312138
          ],
          [
            -69.014757,
            44.43129
          ]
        ]
      },
      "id": "way/362818934"
    },
    {
      "type": "Feature",
      "properties": {
        "@id": "way/362818935",
        "highway": "primary",
        "maxspeed": "25 mph",
        "name": "Main Street",
        "sidewalk": "both",
        "tiger:cfcc": "A41",
        "tiger:county": "Waldo, ME",
        "tiger:name_base": "Main",
        "tiger:name_type": "St",
        "tiger:reviewed": "no",
        "tiger:zip_left": "04915",
        "tiger:zip_right": "04915"
      },
      "geometry": {
        "type": "LineString",
        "coordinates": [
          [
            -69.0074424,
            44.4255159
          ],
          [
            -69.0073193,
            44.4255817
          ],
          [
            -69.0069321,
            44.425932
          ],
          [
            -69.0068057,
            44.4260556
          ],
          [
            -69.0067848,
            44.4260787
          ],
          [
            -69.0067259,
            44.4261439
          ]
        ]
      },
      "id": "way/362818935"
    },
    {
      "type": "Feature",
      "properties": {
        "@id": "way/362818936",
        "highway": "tertiary",
        "name": "Church Street",
        "tiger:cfcc": "A41",
        "tiger:county": "Waldo, ME",
        "tiger:name_base": "Church",
        "tiger:name_type": "St",
        "tiger:reviewed": "no",
        "tiger:zip_left": "04915"
      },
      "geometry": {
        "type": "LineString",
        "coordinates": [
          [
            -69.0074424,
            44.4255159
          ],
          [
            -69.0075826,
            44.4256094
          ],
          [
            -69.0076453,
            44.4256512
          ],
          [
            -69.0078841,
            44.4258105
          ],
          [
            -69.0084648,
            44.4261979
          ],
          [
            -69.0085128,
            44.4262299
          ],
          [
            -69.0091245,
            44.4266379
          ]
        ]
      },
      "id": "way/362818936"
    },
    {
      "type": "Feature",
      "properties": {
        "@id": "way/383351457",
        "cycleway": "lane",
        "highway": "primary",
        "name": "Northport Avenue",
        "name_1": "High Street",
        "tiger:cfcc": "A21",
        "tiger:county": "Waldo, ME",
        "tiger:name_base": "Northport",
        "tiger:name_base_1": "High",
        "tiger:name_type": "Ave",
        "tiger:name_type_1": "St",
        "tiger:reviewed": "no"
      },
      "geometry": {
        "type": "LineString",
        "coordinates": [
          [
            -68.9931569,
            44.4094347
          ],
          [
            -68.9933386,
            44.4097494
          ],
          [
            -68.9935686,
            44.4101432
          ],
          [
            -68.9937416,
            44.4104397
          ],
          [
            -68.9939841,
            44.4108561
          ],
          [
            -68.993999,
            44.4108815
          ],
          [
            -68.9941233,
            44.4110928
          ],
          [
            -68.9942238,
            44.4112636
          ],
          [
            -68.9945148,
            44.411756
          ]
        ]
      },
      "id": "way/383351457"
    },
    {
      "type": "Feature",
      "properties": {
        "@id": "way/383351462",
        "cycleway": "lane",
        "highway": "primary",
        "name": "Northport Avenue",
        "name_1": "High Street",
        "oneway": "yes",
        "tiger:cfcc": "A21",
        "tiger:county": "Waldo, ME",
        "tiger:name_base": "Northport",
        "tiger:name_base_1": "High",
        "tiger:name_type": "Ave",
        "tiger:name_type_1": "St",
        "tiger:reviewed": "no"
      },
      "geometry": {
        "type": "LineString",
        "coordinates": [
          [
            -68.9931569,
            44.4094347
          ],
          [
            -68.9931442,
            44.409359
          ],
          [
            -68.9931013,
            44.4092369
          ],
          [
            -68.9930624,
            44.4091334
          ],
          [
            -68.9930369,
            44.4090338
          ],
          [
            -68.9930221,
            44.4089432
          ],
          [
            -68.9930298,
            44.4088742
          ],
          [
            -68.9930329,
            44.408846
          ],
          [
            -68.9930637,
            44.4087152
          ],
          [
            -68.9930939,
            44.4086328
          ],
          [
            -68.9931335,
            44.4085538
          ],
          [
            -68.9931911,
            44.4084604
          ],
          [
            -68.9932583,
            44.4083989
          ]
        ]
      },
      "id": "way/383351462"
    },
    {
      "type": "Feature",
      "properties": {
        "@id": "way/397360064",
        "NHS": "yes",
        "expressway": "yes",
        "highway": "trunk",
        "lanes": "1",
        "maxspeed": "45 mph",
        "name": "Route 1",
        "oneway": "yes",
        "ref": "US 1;ME 3",
        "surface": "asphalt",
        "tiger:cfcc": "A21",
        "tiger:county": "Waldo, ME",
        "tiger:name_base": "United States Highway 1",
        "tiger:reviewed": "no"
      },
      "geometry": {
        "type": "LineString",
        "coordinates": [
          [
            -69.0213972,
            44.4280221
          ],
          [
            -69.0213167,
            44.4281715
          ],
          [
            -69.0211155,
            44.4285067
          ],
          [
            -69.0207662,
            44.4289848
          ],
          [
            -69.0203424,
            44.4294291
          ],
          [
            -69.0197175,
            44.4299635
          ],
          [
            -69.0194439,
            44.4301666
          ],
          [
            -69.0191515,
            44.43036
          ],
          [
            -69.0189262,
            44.4305113
          ],
          [
            -69.01865,
            44.4306914
          ],
          [
            -69.0183683,
            44.4308561
          ],
          [
            -69.0177085,
            44.4311875
          ],
          [
            -69.0172123,
            44.4313905
          ],
          [
            -69.016708,
            44.4315763
          ],
          [
            -69.0161287,
            44.4317544
          ],
          [
            -69.0155413,
            44.4319191
          ],
          [
            -69.015088,
            44.432034
          ],
          [
            -69.013896,
            44.4323344
          ],
          [
            -69.0138363,
            44.4323494
          ],
          [
            -69.0137905,
            44.4323651
          ],
          [
            -69.0132521,
            44.4325503
          ]
        ]
      },
      "id": "way/397360064"
    },
    {
      "type": "Feature",
      "properties": {
        "@id": "way/397360065",
        "expressway": "yes",
        "highway": "trunk",
        "maxspeed": "45 mph",
        "name": "Route 1",
        "oneway": "yes",
        "ref": "US 1"
      },
      "geometry": {
        "type": "LineString",
        "coordinates": [
          [
            -69.0213885,
            44.4283316
          ],
          [
            -69.0214716,
            44.4281209
          ],
          [
            -69.0215762,
            44.427893
          ],
          [
            -69.0216487,
            44.4277148
          ],
          [
            -69.0216656,
            44.4275781
          ]
        ]
      },
      "id": "way/397360065"
    },
    {
      "type": "Feature",
      "properties": {
        "@id": "way/464921048",
        "NHS": "yes",
        "expressway": "yes",
        "highway": "trunk",
        "lanes": "2",
        "maxspeed": "45 mph",
        "name": "Route 1",
        "oneway": "no",
        "ref": "US 1",
        "tiger:cfcc": "A21",
        "tiger:county": "Waldo, ME",
        "tiger:name_base": "United States Highway 1",
        "tiger:reviewed": "no"
      },
      "geometry": {
        "type": "LineString",
        "coordinates": [
          [
            -69.0200241,
            44.4193775
          ],
          [
            -69.0204171,
            44.420153
          ],
          [
            -69.020625,
            44.4206497
          ],
          [
            -69.0209101,
            44.4213845
          ],
          [
            -69.021394,
            44.4230138
          ],
          [
            -69.021536,
            44.4235352
          ]
        ]
      },
      "id": "way/464921048"
    },
    {
      "type": "Feature",
      "properties": {
        "@id": "way/464921646",
        "NHS": "yes",
        "cycleway": "lane",
        "highway": "trunk",
        "name": "Belmont Avenue",
        "ref": "ME 3"
      },
      "geometry": {
        "type": "LineString",
        "coordinates": [
          [
            -69.022261,
            44.4235841
          ],
          [
            -69.0221202,
            44.4236031
          ],
          [
            -69.0218641,
            44.4236379
          ]
        ]
      },
      "id": "way/464921646"
    },
    {
      "type": "Feature",
      "properties": {
        "@id": "way/630597055",
        "highway": "tertiary",
        "name": "Church Street",
        "oneway": "yes",
        "tiger:cfcc": "A41",
        "tiger:county": "Waldo, ME",
        "tiger:name_base": "Church",
        "tiger:name_type": "St",
        "tiger:reviewed": "no",
        "tiger:zip_right": "04915"
      },
      "geometry": {
        "type": "LineString",
        "coordinates": [
          [
            -69.0096753,
            44.4271034
          ],
          [
            -69.0095935,
            44.4269923
          ],
          [
            -69.0094597,
            44.4268812
          ],
          [
            -69.0091245,
            44.4266379
          ]
        ]
      },
      "id": "way/630597055"
    },
    {
      "type": "Feature",
      "properties": {
        "@id": "way/642746789",
        "NHS": "yes",
        "highway": "trunk",
        "lanes": "1",
        "maxspeed": "35 mph",
        "name": "Searsport Avenue",
        "oneway": "yes",
        "ref": "US 1;ME 3",
        "surface": "asphalt",
        "tiger:cfcc": "A21",
        "tiger:county": "Waldo, ME",
        "tiger:name_base": "Searsport;United States Highway 1",
        "tiger:name_base_1": "United States Highway 1",
        "tiger:name_base_2": "State Route 3",
        "tiger:name_type": "Ave",
        "tiger:reviewed": "no"
      },
      "geometry": {
        "type": "LineString",
        "coordinates": [
          [
            -69.0033564,
            44.4342299
          ],
          [
            -69.0034817,
            44.4342738
          ],
          [
            -69.0041534,
            44.4343774
          ],
          [
            -69.0044454,
            44.4344011
          ]
        ]
      },
      "id": "way/642746789"
    },
    {
      "type": "Feature",
      "properties": {
        "@id": "way/642746790",
        "highway": "secondary",
        "lanes": "2",
        "name": "Swan Lake Avenue",
        "ref": "ME 141",
        "smoothness": "good",
        "surface": "asphalt",
        "tiger:cfcc": "A31",
        "tiger:county": "Waldo, ME",
        "tiger:name_base": "Swan Lake",
        "tiger:name_base_1": "State Route 141",
        "tiger:name_type": "Ave"
      },
      "geometry": {
        "type": "LineString",
        "coordinates": [
          [
            -69.0045409,
            44.434883
          ],
          [
            -69.0045349,
            44.4349668
          ],
          [
            -69.0045208,
            44.4350674
          ],
          [
            -69.0044846,
            44.4352134
          ],
          [
            -69.0044209,
            44.4353585
          ],
          [
            -69.0043089,
            44.4355567
          ],
          [
            -69.0041198,
            44.4358885
          ],
          [
            -69.0040604,
            44.4359894
          ],
          [
            -69.0039538,
            44.4361799
          ],
          [
            -69.0039029,
            44.4362686
          ],
          [
            -69.0037651,
            44.4365038
          ],
          [
            -69.0035818,
            44.4368318
          ],
          [
            -69.0033714,
            44.4371932
          ],
          [
            -69.003232,
            44.4374398
          ],
          [
            -69.0024608,
            44.4388062
          ],
          [
            -69.0017909,
            44.4399998
          ],
          [
            -69.0017493,
            44.4400739
          ],
          [
            -69.001603,
            44.4403337
          ],
          [
            -69.0013855,
            44.4407261
          ],
          [
            -69.0011087,
            44.4412371
          ],
          [
            -69.0007214,
            44.441944
          ],
          [
            -69.0004072,
            44.4424932
          ],
          [
            -69.0001439,
            44.4430157
          ],
          [
            -69.0000502,
            44.4432472
          ],
          [
            -68.9999503,
            44.4435095
          ],
          [
            -68.9998729,
            44.4438982
          ],
          [
            -68.9998504,
            44.4440782
          ],
          [
            -68.999839,
            44.4442975
          ],
          [
            -68.9998598,
            44.4445914
          ],
          [
            -68.999904,
            44.444882
          ],
          [
            -68.999965,
            44.4451649
          ]
        ]
      },
      "id": "way/642746790"
    },
    {
      "type": "Feature",
      "properties": {
        "@id": "way/642746791",
        "highway": "secondary",
        "name": "Swan Lake Avenue",
        "name_1": "State Route 141",
        "oneway": "yes",
        "ref": "ME 141",
        "tiger:cfcc": "A31",
        "tiger:county": "Waldo, ME",
        "tiger:name_base": "Swan Lake",
        "tiger:name_base_1": "State Route 141",
        "tiger:name_type": "Ave",
        "tiger:reviewed": "no"
      },
      "geometry": {
        "type": "LineString",
        "coordinates": [
          [
            -69.0044419,
            44.4343188
          ],
          [
            -69.0044454,
            44.4344011
          ]
        ]
      },
      "id": "way/642746791"
    },
    {
      "type": "Feature",
      "properties": {
        "@id": "way/642746792",
        "NHS": "yes",
        "expressway": "yes",
        "highway": "trunk",
        "lanes": "1",
        "maxspeed": "35 mph",
        "name": "Searsport Avenue",
        "oneway": "yes",
        "ref": "US 1;ME 3",
        "surface": "asphalt",
        "tiger:cfcc": "A21",
        "tiger:county": "Waldo, ME",
        "tiger:name_base": "Searsport;United States Highway 1",
        "tiger:name_base_1": "United States Highway 1",
        "tiger:name_base_2": "State Route 3",
        "tiger:name_type": "Ave",
        "tiger:reviewed": "no"
      },
      "geometry": {
        "type": "LineString",
        "coordinates": [
          [
            -69.0045805,
            44.4344138
          ],
          [
            -69.0051104,
            44.434428
          ],
          [
            -69.0058565,
            44.434372
          ],
          [
            -69.0065428,
            44.4342412
          ],
          [
            -69.0068591,
            44.4341365
          ]
        ]
      },
      "id": "way/642746792"
    },
    {
      "type": "Feature",
      "properties": {
        "@id": "way/642746793",
        "highway": "secondary",
        "name": "Swan Lake Avenue",
        "name_1": "State Route 141",
        "oneway": "yes",
        "ref": "ME 141",
        "tiger:cfcc": "A31",
        "tiger:county": "Waldo, ME",
        "tiger:name_base": "Swan Lake",
        "tiger:name_base_1": "State Route 141",
        "tiger:name_type": "Ave"
      },
      "geometry": {
        "type": "LineString",
        "coordinates": [
          [
            -69.0045805,
            44.4344138
          ],
          [
            -69.0046053,
            44.4343307
          ]
        ]
      },
      "id": "way/642746793"
    },
    {
      "type": "Feature",
      "properties": {
        "@id": "way/642746794",
        "NHS": "yes",
        "highway": "trunk",
        "lanes": "1",
        "maxspeed": "35 mph",
        "name": "Searsport Avenue",
        "oneway": "yes",
        "ref": "US 1;ME 3",
        "surface": "asphalt",
        "tiger:cfcc": "A21",
        "tiger:county": "Waldo, ME",
        "tiger:name_base": "Searsport;United States Highway 1",
        "tiger:name_base_1": "United States Highway 1",
        "tiger:name_base_2": "State Route 3",
        "tiger:name_type": "Ave",
        "tiger:reviewed": "no"
      },
      "geometry": {
        "type": "LineString",
        "coordinates": [
          [
            -69.0046053,
            44.4343307
          ],
          [
            -69.0044419,
            44.4343188
          ]
        ]
      },
      "id": "way/642746794"
    },
    {
      "type": "Feature",
      "properties": {
        "@id": "way/642746795",
        "NHS": "yes",
        "highway": "trunk",
        "lanes": "1",
        "maxspeed": "35 mph",
        "name": "Searsport Avenue",
        "oneway": "yes",
        "ref": "US 1;ME 3",
        "surface": "asphalt",
        "tiger:cfcc": "A21",
        "tiger:county": "Waldo, ME",
        "tiger:name_base": "Searsport;United States Highway 1",
        "tiger:name_base_1": "United States Highway 1",
        "tiger:name_base_2": "State Route 3",
        "tiger:name_type": "Ave",
        "tiger:reviewed": "no"
      },
      "geometry": {
        "type": "LineString",
        "coordinates": [
          [
            -69.0044419,
            44.4343188
          ],
          [
            -69.0041766,
            44.4342996
          ],
          [
            -69.0037744,
            44.434261
          ],
          [
            -69.0033564,
            44.4342299
          ]
        ]
      },
      "id": "way/642746795"
    },
    {
      "type": "Feature",
      "properties": {
        "@id": "way/642746796",
        "NHS": "yes",
        "highway": "trunk",
        "lanes": "1",
        "maxspeed": "35 mph",
        "name": "Searsport Avenue",
        "oneway": "yes",
        "ref": "US 1;ME 3",
        "surface": "asphalt",
        "tiger:cfcc": "A21",
        "tiger:county": "Waldo, ME",
        "tiger:name_base": "Searsport;United States Highway 1",
        "tiger:name_base_1": "United States Highway 1",
        "tiger:name_base_2": "State Route 3",
        "tiger:name_type": "Ave",
        "tiger:reviewed": "no"
      },
      "geometry": {
        "type": "LineString",
        "coordinates": [
          [
            -69.0044454,
            44.4344011
          ],
          [
            -69.0045805,
            44.4344138
          ]
        ]
      },
      "id": "way/642746796"
    },
    {
      "type": "Feature",
      "properties": {
        "@id": "way/642746797",
        "highway": "secondary",
        "lanes": "1",
        "name": "Swan Lake Avenue",
        "oneway": "yes",
        "ref": "ME 141",
        "surface": "asphalt",
        "tiger:cfcc": "A31",
        "tiger:county": "Waldo, ME",
        "tiger:name_base": "Swan Lake",
        "tiger:name_base_1": "State Route 141",
        "tiger:name_type": "Ave"
      },
      "geometry": {
        "type": "LineString",
        "coordinates": [
          [
            -69.0044454,
            44.4344011
          ],
          [
            -69.0044611,
            44.4344741
          ],
          [
            -69.0044852,
            44.4346934
          ],
          [
            -69.0045409,
            44.434883
          ]
        ]
      },
      "id": "way/642746797"
    },
    {
      "type": "Feature",
      "properties": {
        "@id": "way/642746802",
        "NHS": "yes",
        "highway": "trunk",
        "lanes": "2",
        "maxspeed": "55 mph",
        "name": "Searsport Avenue",
        "ref": "US 1;ME 3",
        "shoulder": "both",
        "surface": "asphalt",
        "tiger:cfcc": "A21",
        "tiger:county": "Waldo, ME",
        "tiger:name_base": "Searsport",
        "tiger:name_base_1": "United States Highway 1",
        "tiger:name_base_2": "State Route 3",
        "tiger:name_type": "Ave",
        "tiger:reviewed": "no"
      },
      "geometry": {
        "type": "LineString",
        "coordinates": [
          [
            -68.9718871,
            44.4298577
          ],
          [
            -68.9716594,
            44.4298883
          ],
          [
            -68.9709686,
            44.4299541
          ],
          [
            -68.9708444,
            44.4299695
          ],
          [
            -68.9700728,
            44.4300652
          ],
          [
            -68.9698636,
            44.4300952
          ],
          [
            -68.9694886,
            44.430149
          ],
          [
            -68.969312,
            44.4301743
          ],
          [
            -68.9688711,
            44.4302376
          ],
          [
            -68.9679109,
            44.4303794
          ],
          [
            -68.9673264,
            44.4304604
          ],
          [
            -68.9668058,
            44.4305326
          ],
          [
            -68.9664142,
            44.4306054
          ],
          [
            -68.9644991,
            44.4308812
          ],
          [
            -68.9625519,
            44.4311685
          ],
          [
            -68.9620473,
            44.431248
          ],
          [
            -68.9613357,
            44.4313737
          ],
          [
            -68.9602613,
            44.4316052
          ],
          [
            -68.9596873,
            44.431789
          ],
          [
            -68.9590543,
            44.4319844
          ],
          [
            -68.9585876,
            44.4321415
          ]
        ]
      },
      "id": "way/642746802"
    },
    {
      "type": "Feature",
      "properties": {
        "@id": "way/642746803",
        "NHS": "yes",
        "highway": "trunk",
        "lanes": "2",
        "maxspeed": "45 mph",
        "name": "Searsport Avenue",
        "ref": "US 1;ME 3",
        "source:maxspeed": "sign",
        "surface": "asphalt",
        "tiger:cfcc": "A21",
        "tiger:county": "Waldo, ME",
        "tiger:name_base": "Searsport",
        "tiger:name_base_1": "United States Highway 1",
        "tiger:name_base_2": "State Route 3",
        "tiger:name_type": "Ave",
        "tiger:reviewed": "no"
      },
      "geometry": {
        "type": "LineString",
        "coordinates": [
          [
            -68.9876894,
            44.4302968
          ],
          [
            -68.986445,
            44.4296668
          ],
          [
            -68.9852326,
            44.4291114
          ],
          [
            -68.9848839,
            44.4289735
          ],
          [
            -68.9842778,
            44.4287781
          ],
          [
            -68.9834624,
            44.4286517
          ],
          [
            -68.9826641,
            44.4285995
          ],
          [
            -68.9820247,
            44.4286248
          ],
          [
            -68.9806353,
            44.4287781
          ],
          [
            -68.9793107,
            44.4289364
          ],
          [
            -68.9781677,
            44.4290769
          ],
          [
            -68.9779685,
            44.4290997
          ],
          [
            -68.977123,
            44.4291967
          ],
          [
            -68.9762666,
            44.4292948
          ],
          [
            -68.9761292,
            44.4293106
          ],
          [
            -68.9756203,
            44.4293774
          ],
          [
            -68.9742624,
            44.4295557
          ],
          [
            -68.9732337,
            44.4296797
          ],
          [
            -68.9730232,
            44.4297051
          ],
          [
            -68.9718871,
            44.4298577
          ]
        ]
      },
      "id": "way/642746803"
    },
    {
      "type": "Feature",
      "properties": {
        "@id": "way/684171686",
        "NHS": "yes",
        "highway": "trunk",
        "lanes": "2",
        "name": "Northport Avenue",
        "ref": "US 1",
        "tiger:cfcc": "A21",
        "tiger:county": "Waldo, ME",
        "tiger:name_base": "Northport",
        "tiger:name_base_1": "United States Highway 1",
        "tiger:name_type": "Ave",
        "tiger:reviewed": "no",
        "tiger:zip_left": "04915",
        "tiger:zip_right": "04915"
      },
      "geometry": {
        "type": "LineString",
        "coordinates": [
          [
            -68.9927642,
            44.407987
          ],
          [
            -68.9929145,
            44.4081128
          ]
        ]
      },
      "id": "way/684171686"
    },
    {
      "type": "Feature",
      "properties": {
        "@id": "way/684171687",
        "NHS": "yes",
        "expressway": "yes",
        "highway": "trunk",
        "lanes": "2",
        "name": "Route 1",
        "ref": "US 1",
        "shoulder": "both",
        "tiger:cfcc": "A21",
        "tiger:county": "Waldo, ME",
        "tiger:name_base": "United States Highway 1",
        "tiger:reviewed": "no"
      },
      "geometry": {
        "type": "LineString",
        "coordinates": [
          [
            -69.0051103,
            44.4120965
          ],
          [
            -69.0111765,
            44.4135839
          ],
          [
            -69.012337,
            44.4139251
          ],
          [
            -69.013941,
            44.4145294
          ],
          [
            -69.0155416,
            44.4153456
          ],
          [
            -69.016859,
            44.4161426
          ],
          [
            -69.0181062,
            44.4171833
          ],
          [
            -69.0190585,
            44.4181361
          ]
        ]
      },
      "id": "way/684171687"
    },
    {
      "type": "Feature",
      "properties": {
        "@id": "way/751150483",
        "cycleway": "lane",
        "highway": "primary",
        "maxspeed": "35 mph",
        "name": "Belmont Avenue",
        "tiger:cfcc": "A21",
        "tiger:county": "Waldo, ME",
        "tiger:name_base": "Belmont",
        "tiger:name_type": "Ave",
        "tiger:reviewed": "no"
      },
      "geometry": {
        "type": "LineString",
        "coordinates": [
          [
            -69.0197149,
            44.423911
          ],
          [
            -69.0190488,
            44.423997
          ],
          [
            -69.0188997,
            44.4240162
          ],
          [
            -69.0187101,
            44.4240407
          ],
          [
            -69.0183556,
            44.4240864
          ],
          [
            -69.0183324,
            44.4240893
          ],
          [
            -69.0180939,
            44.4241193
          ],
          [
            -69.0175744,
            44.4241846
          ],
          [
            -69.0174741,
            44.4241974
          ],
          [
            -69.0168142,
            44.4242818
          ],
          [
            -69.0167486,
            44.4242902
          ],
          [
            -69.0156538,
            44.4244275
          ],
          [
            -69.0156468,
            44.4244284
          ],
          [
            -69.015609,
            44.4244331
          ],
          [
            -69.0145243,
            44.4245682
          ],
          [
            -69.0137781,
            44.4246604
          ],
          [
            -69.013132,
            44.4247476
          ]
        ]
      },
      "id": "way/751150483"
    },
    {
      "type": "Feature",
      "properties": {
        "@id": "way/972642164",
        "NHS": "yes",
        "expressway": "yes",
        "highway": "trunk",
        "lanes": "2",
        "maxspeed": "35 mph",
        "name": "Searsport Avenue",
        "oneway": "yes",
        "ref": "US 1;ME 3",
        "surface": "asphalt",
        "tiger:cfcc": "A21",
        "tiger:county": "Waldo, ME",
        "tiger:name_base": "Searsport;United States Highway 1",
        "tiger:name_base_1": "United States Highway 1",
        "tiger:name_base_2": "State Route 3",
        "tiger:name_type": "Ave",
        "tiger:reviewed": "no",
        "turn:lanes": "left|none"
      },
      "geometry": {
        "type": "LineString",
        "coordinates": [
          [
            -69.0055253,
            44.4343114
          ],
          [
            -69.0053028,
            44.4343285
          ],
          [
            -69.0046053,
            44.4343307
          ]
        ]
      },
      "id": "way/972642164"
    },
    {
      "type": "Feature",
      "properties": {
        "@id": "way/972642165",
        "expressway": "yes",
        "highway": "trunk",
        "lanes": "1",
        "maxspeed": "45 mph",
        "name": "Route 1",
        "oneway": "yes",
        "ref": "US 1;ME 3",
        "surface": "asphalt"
      },
      "geometry": {
        "type": "LineString",
        "coordinates": [
          [
            -69.0132521,
            44.4325503
          ],
          [
            -69.0136959,
            44.4324765
          ],
          [
            -69.0144566,
            44.4322886
          ]
        ]
      },
      "id": "way/972642165"
    },
    {
      "type": "Feature",
      "properties": {
        "@id": "way/972642166",
        "NHS": "yes",
        "cycleway": "lane",
        "highway": "trunk",
        "lanes": "2",
        "maxspeed": "55 mph",
        "name": "Belmont Avenue",
        "ref": "ME 3",
        "surface": "asphalt",
        "tiger:cfcc": "A21",
        "tiger:county": "Waldo, ME",
        "tiger:name_base": "Belmont",
        "tiger:name_type": "Ave",
        "tiger:reviewed": "no"
      },
      "geometry": {
        "type": "LineString",
        "coordinates": [
          [
            -69.0229328,
            44.4235045
          ],
          [
            -69.0226057,
            44.4235433
          ],
          [
            -69.022261,
            44.4235841
          ]
        ]
      },
      "id": "way/972642166"
    },
    {
      "type": "Feature",
      "properties": {
        "@id": "way/972642167",
        "NHS": "yes",
        "bicycle": "yes",
        "cycleway": "lane",
        "highway": "trunk",
        "lanes": "4",
        "lanes:backward": "3",
        "lanes:forward": "1",
        "maxspeed": "55 mph",
        "name": "Belmont Avenue",
        "ref": "ME 3",
        "surface": "asphalt",
        "tiger:cfcc": "A21",
        "tiger:county": "Waldo, ME",
        "tiger:name_base": "Belmont",
        "tiger:name_type": "Ave",
        "tiger:reviewed": "no",
        "turn:lanes:backward": "left|through|right"
      },
      "geometry": {
        "type": "LineString",
        "coordinates": [
          [
            -69.0245002,
            44.4233303
          ],
          [
            -69.0234558,
            44.4234519
          ]
        ]
      },
      "id": "way/972642167"
    },
    {
      "type": "Feature",
      "properties": {
        "@id": "way/972642168",
        "NHS": "yes",
        "highway": "trunk",
        "lanes": "3",
        "lanes:backward": "1",
        "lanes:forward": "2",
        "name": "Belmont Avenue",
        "ref": "ME 3",
        "surface": "asphalt",
        "tiger:cfcc": "A21",
        "tiger:county": "Waldo, ME",
        "tiger:name_base": "Belmont",
        "tiger:name_type": "Ave",
        "tiger:reviewed": "no",
        "turn:lanes:forward": "left|none"
      },
      "geometry": {
        "type": "LineString",
        "coordinates": [
          [
            -69.0252843,
            44.4232218
          ],
          [
            -69.0245002,
            44.4233303
          ]
        ]
      },
      "id": "way/972642168"
    },
    {
      "type": "Feature",
      "properties": {
        "@id": "way/972642169",
        "NHS": "yes",
        "highway": "trunk",
        "lanes": "3",
        "lanes:backward": "2",
        "lanes:forward": "1",
        "maxspeed": "55 mph",
        "name": "Belmont Avenue",
        "ref": "ME 3",
        "surface": "asphalt",
        "tiger:cfcc": "A21",
        "tiger:county": "Waldo, ME",
        "tiger:name_base": "Belmont",
        "tiger:name_type": "Ave",
        "tiger:reviewed": "no",
        "turn:lanes:backward": "left|none"
      },
      "geometry": {
        "type": "LineString",
        "coordinates": [
          [
            -69.0258409,
            44.4231447
          ],
          [
            -69.0252843,
            44.4232218
          ]
        ]
      },
      "id": "way/972642169"
    },
    {
      "type": "Feature",
      "properties": {
        "@id": "way/972642171",
        "NHS": "yes",
        "highway": "trunk",
        "lanes": "3",
        "lanes:backward": "1",
        "lanes:forward": "2",
        "maxspeed": "55 mph",
        "name": "Belmont Avenue",
        "ref": "ME 3",
        "surface": "asphalt",
        "tiger:cfcc": "A21",
        "tiger:county": "Waldo, ME",
        "tiger:name_base": "Belmont",
        "tiger:name_type": "Ave",
        "tiger:reviewed": "no",
        "turn:lanes:forward": "left|none"
      },
      "geometry": {
        "type": "LineString",
        "coordinates": [
          [
            -69.0263748,
            44.4230809
          ],
          [
            -69.0258409,
            44.4231447
          ]
        ]
      },
      "id": "way/972642171"
    },
    {
      "type": "Feature",
      "properties": {
        "@id": "way/972642172",
        "NHS": "yes",
        "highway": "trunk",
        "lanes": "3",
        "lanes:backward": "1",
        "lanes:both_ways": "1",
        "lanes:forward": "1",
        "maxspeed": "55 mph",
        "name": "Belmont Avenue",
        "ref": "ME 3",
        "surface": "asphalt",
        "tiger:cfcc": "A21",
        "tiger:county": "Waldo, ME",
        "tiger:name_base": "Belmont",
        "tiger:name_type": "Ave",
        "tiger:reviewed": "no",
        "turn:lanes:both_ways": "left"
      },
      "geometry": {
        "type": "LineString",
        "coordinates": [
          [
            -69.0283262,
            44.4228356
          ],
          [
            -69.027071,
            44.4229978
          ],
          [
            -69.0265912,
            44.4230551
          ],
          [
            -69.0263748,
            44.4230809
          ]
        ]
      },
      "id": "way/972642172"
    },
    {
      "type": "Feature",
      "properties": {
        "@id": "way/972642173",
        "NHS": "yes",
        "highway": "trunk",
        "lanes": "2",
        "maxspeed": "55 mph",
        "name": "Belmont Avenue",
        "ref": "ME 3",
        "surface": "asphalt",
        "tiger:cfcc": "A21",
        "tiger:county": "Waldo, ME",
        "tiger:name_base": "Belmont",
        "tiger:name_type": "Ave",
        "tiger:reviewed": "no"
      },
      "geometry": {
        "type": "LineString",
        "coordinates": [
          [
            -69.0289118,
            44.422714
          ],
          [
            -69.0283262,
            44.4228356
          ]
        ]
      },
      "id": "way/972642173"
    },
    {
      "type": "Feature",
      "properties": {
        "@id": "way/972642174",
        "NHS": "yes",
        "highway": "trunk",
        "lanes": "3",
        "lanes:backward": "2",
        "lanes:forward": "1",
        "maxspeed": "55 mph",
        "name": "Belmont Avenue",
        "ref": "ME 3",
        "surface": "asphalt",
        "tiger:cfcc": "A21",
        "tiger:county": "Waldo, ME",
        "tiger:name_base": "Belmont",
        "tiger:name_type": "Ave",
        "tiger:reviewed": "no",
        "turn:lanes:backward": "left|none"
      },
      "geometry": {
        "type": "LineString",
        "coordinates": [
          [
            -69.0299353,
            44.4224368
          ],
          [
            -69.0292527,
            44.4226432
          ],
          [
            -69.0289118,
            44.422714
          ]
        ]
      },
      "id": "way/972642174"
    },
    {
      "type": "Feature",
      "properties": {
        "@id": "way/972642175",
        "NHS": "yes",
        "highway": "trunk",
        "lanes": "2",
        "name": "Belmont Avenue",
        "ref": "ME 3",
        "surface": "asphalt",
        "tiger:cfcc": "A21",
        "tiger:county": "Waldo, ME",
        "tiger:name_base": "Belmont",
        "tiger:name_type": "Ave",
        "tiger:reviewed": "no"
      },
      "geometry": {
        "type": "LineString",
        "coordinates": [
          [
            -69.0355397,
            44.4199497
          ],
          [
            -69.0336269,
            44.4208225
          ],
          [
            -69.0323026,
            44.4214235
          ],
          [
            -69.0309927,
            44.4219996
          ],
          [
            -69.0307118,
            44.4221231
          ],
          [
            -69.0303862,
            44.4222712
          ],
          [
            -69.0299353,
            44.4224368
          ]
        ]
      },
      "id": "way/972642175"
    },
    {
      "type": "Feature",
      "properties": {
        "@id": "way/972642176",
        "NHS": "yes",
        "highway": "trunk",
        "lanes": "3",
        "lanes:backward": "2",
        "lanes:forward": "1",
        "name": "Belmont Avenue",
        "ref": "ME 3",
        "surface": "asphalt",
        "tiger:cfcc": "A21",
        "tiger:county": "Waldo, ME",
        "tiger:name_base": "Belmont",
        "tiger:name_type": "Ave",
        "tiger:reviewed": "no",
        "turn:lanes:backward": "left|none"
      },
      "geometry": {
        "type": "LineString",
        "coordinates": [
          [
            -69.0360861,
            44.4197004
          ],
          [
            -69.0355397,
            44.4199497
          ]
        ]
      },
      "id": "way/972642176"
    },
    {
      "type": "Feature",
      "properties": {
        "@id": "way/972642177",
        "NHS": "yes",
        "highway": "trunk",
        "lanes": "3",
        "lanes:backward": "1",
        "lanes:forward": "2",
        "name": "Belmont Avenue",
        "ref": "ME 3",
        "surface": "asphalt",
        "tiger:cfcc": "A21",
        "tiger:county": "Waldo, ME",
        "tiger:name_base": "Belmont",
        "tiger:name_type": "Ave",
        "tiger:reviewed": "no",
        "turn:lanes:forward": "none|right"
      },
      "geometry": {
        "type": "LineString",
        "coordinates": [
          [
            -69.036595,
            44.4194715
          ],
          [
            -69.0361081,
            44.4196904
          ],
          [
            -69.0360861,
            44.4197004
          ]
        ]
      },
      "id": "way/972642177"
    },
    {
      "type": "Feature",
      "properties": {
        "@id": "way/974687122",
        "NHS": "yes",
        "expressway": "yes",
        "highway": "trunk",
        "lanes": "2",
        "name": "Northport Avenue",
        "ref": "US 1",
        "tiger:cfcc": "A21",
        "tiger:county": "Waldo, ME",
        "tiger:name_base": "United States Highway 1",
        "tiger:reviewed": "no"
      },
      "geometry": {
        "type": "LineString",
        "coordinates": [
          [
            -68.9929145,
            44.4081128
          ],
          [
            -68.9932583,
            44.4083989
          ]
        ]
      },
      "id": "way/974687122"
    },
    {
      "type": "Feature",
      "properties": {
        "@id": "way/1112597955",
        "highway": "primary",
        "maxspeed": "25 mph",
        "name": "Main Street",
        "tiger:cfcc": "A41",
        "tiger:county": "Waldo, ME",
        "tiger:name_base": "Main",
        "tiger:name_type": "St",
        "tiger:reviewed": "no",
        "tiger:zip_left": "04915",
        "tiger:zip_right": "04915"
      },
      "geometry": {
        "type": "LineString",
        "coordinates": [
          [
            -69.0089659,
            44.4252951
          ],
          [
            -69.0082621,
            44.4253954
          ],
          [
            -69.0077167,
            44.4254781
          ],
          [
            -69.0075898,
            44.425501
          ],
          [
            -69.0075748,
            44.4255037
          ],
          [
            -69.0074424,
            44.4255159
          ]
        ]
      },
      "id": "way/1112597955"
    },
    {
      "type": "Feature",
      "properties": {
        "@id": "way/1112597961",
        "cycleway": "lane",
        "highway": "secondary",
        "maxspeed": "25 mph",
        "name": "Waldo Avenue",
        "ref": "ME 7;ME 137",
        "surface": "asphalt",
        "tiger:cfcc": "A31",
        "tiger:county": "Waldo, ME",
        "tiger:name_base": "Waldo",
        "tiger:name_base_1": "State Route 7",
        "tiger:name_base_2": "State Route 137",
        "tiger:name_type": "Ave",
        "tiger:zip_left": "04915"
      },
      "geometry": {
        "type": "LineString",
        "coordinates": [
          [
            -69.0180287,
            44.4313705
          ],
          [
            -69.0181223,
            44.4314434
          ],
          [
            -69.0181642,
            44.431476
          ],
          [
            -69.0183995,
            44.4316515
          ],
          [
            -69.0185139,
            44.4317374
          ],
          [
            -69.0191616,
            44.4322148
          ],
          [
            -69.0195261,
            44.4324853
          ],
          [
            -69.020317,
            44.4330707
          ]
        ]
      },
      "id": "way/1112597961"
    },
    {
      "type": "Feature",
      "properties": {
        "@id": "way/1112597962",
        "highway": "secondary",
        "maxspeed": "50 mph",
        "name": "Waldo Avenue",
        "ref": "ME 7;ME 137",
        "surface": "asphalt",
        "tiger:cfcc": "A31",
        "tiger:county": "Waldo, ME",
        "tiger:name_base": "Waldo",
        "tiger:name_base_1": "State Route 7",
        "tiger:name_base_2": "State Route 137",
        "tiger:name_type": "Ave",
        "tiger:zip_left": "04915"
      },
      "geometry": {
        "type": "LineString",
        "coordinates": [
          [
            -69.02785,
            44.4380852
          ],
          [
            -69.0282731,
            44.4382748
          ],
          [
            -69.0294415,
            44.4387888
          ],
          [
            -69.030156,
            44.4391002
          ],
          [
            -69.0307508,
            44.4393439
          ],
          [
            -69.0312101,
            44.4395095
          ],
          [
            -69.0317941,
            44.4396824
          ],
          [
            -69.0322427,
            44.4397934
          ],
          [
            -69.0327309,
            44.4398902
          ]
        ]
      },
      "id": "way/1112597962"
    },
    {
      "type": "Feature",
      "properties": {
        "@id": "way/1112597964",
        "highway": "secondary",
        "maxspeed": "25 mph",
        "name": "Vine Street",
        "oneway": "yes",
        "surface": "asphalt",
        "tiger:cfcc": "A41",
        "tiger:county": "Waldo, ME",
        "tiger:name_base": "Vine",
        "tiger:name_type": "St",
        "tiger:zip_left": "04915",
        "tiger:zip_right": "04915"
      },
      "geometry": {
        "type": "LineString",
        "coordinates": [
          [
            -69.0200521,
            44.4333116
          ],
          [
            -69.0202962,
            44.4333331
          ],
          [
            -69.0205651,
            44.4333609
          ],
          [
            -69.0207478,
            44.4333806
          ]
        ]
      },
      "id": "way/1112597964"
    },
    {
      "type": "Feature",
      "properties": {
        "@id": "way/1112597965",
        "highway": "secondary",
        "lanes": "2",
        "maxspeed": "25 mph",
        "name": "Vine Street",
        "oneway": "yes",
        "surface": "asphalt",
        "tiger:name_base": "Vine",
        "tiger:name_type": "St"
      },
      "geometry": {
        "type": "LineString",
        "coordinates": [
          [
            -69.0200521,
            44.4333116
          ],
          [
            -69.0201353,
            44.4332785
          ],
          [
            -69.0201764,
            44.433257
          ],
          [
            -69.020209,
            44.433233
          ],
          [
            -69.0202601,
            44.4331587
          ],
          [
            -69.0202986,
            44.4331005
          ],
          [
            -69.020317,
            44.4330707
          ]
        ]
      },
      "id": "way/1112597965"
    },
    {
      "type": "Feature",
      "properties": {
        "@id": "way/1112597967",
        "cycleway:left": "lane",
        "cycleway:right": "shared_lane",
        "highway": "primary",
        "maxspeed": "25",
        "name": "High Street",
        "tiger:cfcc": "A41",
        "tiger:county": "Waldo, ME",
        "tiger:name_base": "High",
        "tiger:name_type": "St",
        "tiger:reviewed": "no",
        "tiger:zip_left": "04915",
        "tiger:zip_right": "04915"
      },
      "geometry": {
        "type": "LineString",
        "coordinates": [
          [
            -69.0027646,
            44.4241587
          ],
          [
            -69.0034097,
            44.4245155
          ],
          [
            -69.0035726,
            44.4246084
          ],
          [
            -69.004212,
            44.4249606
          ],
          [
            -69.0046714,
            44.4252188
          ]
        ]
      },
      "id": "way/1112597967"
    },
    {
      "type": "Feature",
      "properties": {
        "@id": "way/1112597968",
        "cycleway": "lane",
        "highway": "primary",
        "maxspeed": "25 mph",
        "name": "High Street",
        "surface": "asphalt",
        "tiger:cfcc": "A41",
        "tiger:county": "Waldo, ME",
        "tiger:name_base": "High",
        "tiger:name_type": "St",
        "tiger:reviewed": "no",
        "tiger:zip_left": "04915",
        "tiger:zip_right": "04915"
      },
      "geometry": {
        "type": "LineString",
        "coordinates": [
          [
            -69.0089708,
            44.4268731
          ],
          [
            -69.0093085,
            44.426982
          ],
          [
            -69.0096753,
            44.4271034
          ]
        ]
      },
      "id": "way/1112597968"
    },
    {
      "type": "Feature",
      "properties": {
        "@id": "way/1112597969",
        "highway": "primary_link"
      },
      "geometry": {
        "type": "LineString",
        "coordinates": [
          [
            -68.9930298,
            44.4088742
          ],
          [
            -68.9929363,
            44.4088551
          ]
        ]
      },
      "id": "way/1112597969"
    },
    {
      "type": "Feature",
      "properties": {
        "@id": "way/1112600730",
        "embankment": "yes",
        "highway": "tertiary",
        "name": "City Point Road",
        "surface": "paved",
        "tiger:cfcc": "A41",
        "tiger:county": "Waldo, ME",
        "tiger:name_base": "City Point",
        "tiger:name_type": "Rd",
        "tiger:reviewed": "no"
      },
      "geometry": {
        "type": "LineString",
        "coordinates": [
          [
            -69.0352502,
            44.4503162
          ],
          [
            -69.0351932,
            44.450164
          ],
          [
            -69.0351368,
            44.4500415
          ],
          [
            -69.0350678,
            44.4499209
          ]
        ]
      },
      "id": "way/1112600730"
    },
    {
      "type": "Feature",
      "properties": {
        "@id": "way/1112742119",
        "highway": "tertiary",
        "name": "Poors Mill Road",
        "surface": "paved"
      },
      "geometry": {
        "type": "LineString",
        "coordinates": [
          [
            -69.1017462,
            44.4290308
          ],
          [
            -69.1020969,
            44.4291979
          ],
          [
            -69.1025562,
            44.4294502
          ],
          [
            -69.1029632,
            44.4296777
          ],
          [
            -69.1041182,
            44.4303122
          ],
          [
            -69.1055046,
            44.4310707
          ],
          [
            -69.1068605,
            44.4318195
          ],
          [
            -69.1074425,
            44.4321413
          ],
          [
            -69.1078277,
            44.432346
          ],
          [
            -69.1089425,
            44.4329146
          ],
          [
            -69.1101562,
            44.4335347
          ],
          [
            -69.1109797,
            44.4339666
          ],
          [
            -69.1118755,
            44.4344339
          ],
          [
            -69.1127204,
            44.4348553
          ],
          [
            -69.1135304,
            44.4352598
          ],
          [
            -69.1147944,
            44.435889
          ],
          [
            -69.1153181,
            44.4361523
          ],
          [
            -69.1163739,
            44.4366785
          ],
          [
            -69.1170837,
            44.4370285
          ],
          [
            -69.1178263,
            44.4373965
          ],
          [
            -69.1190491,
            44.4380225
          ],
          [
            -69.1197123,
            44.4383634
          ],
          [
            -69.1209434,
            44.438992
          ],
          [
            -69.1213739,
            44.439183
          ],
          [
            -69.1217273,
            44.4392984
          ],
          [
            -69.1219801,
            44.4393563
          ],
          [
            -69.1222832,
            44.4394085
          ],
          [
            -69.1226278,
            44.4394631
          ],
          [
            -69.123468,
            44.4395804
          ],
          [
            -69.1243452,
            44.4397054
          ],
          [
            -69.1251571,
            44.4398126
          ],
          [
            -69.1256936,
            44.4398595
          ]
        ]
      },
      "id": "way/1112742119"
    },
    {
      "type": "Feature",
      "properties": {
        "@id": "way/1112742121",
        "bridge": "yes",
        "highway": "tertiary",
        "layer": "1",
        "name": "Poors Mills Road",
        "surface": "paved"
      },
      "geometry": {
        "type": "LineString",
        "coordinates": [
          [
            -69.1015135,
            44.428934
          ],
          [
            -69.1017462,
            44.4290308
          ]
        ]
      },
      "id": "way/1112742121"
    },
    {
      "type": "Feature",
      "properties": {
        "@id": "way/1112744693",
        "highway": "secondary",
        "name": "Waterville Road",
        "ref": "ME 7;ME 137",
        "surface": "asphalt",
        "tiger:cfcc": "A31",
        "tiger:county": "Waldo, ME",
        "tiger:name_base": "Waterville",
        "tiger:name_base_1": "State Route 137",
        "tiger:name_type": "Rd"
      },
      "geometry": {
        "type": "LineString",
        "coordinates": [
          [
            -69.0588221,
            44.4431945
          ],
          [
            -69.0589924,
            44.4432912
          ],
          [
            -69.0593062,
            44.4434923
          ],
          [
            -69.059783,
            44.4438496
          ],
          [
            -69.0605233,
            44.4444291
          ],
          [
            -69.0607754,
            44.4446063
          ],
          [
            -69.0610758,
            44.4447949
          ],
          [
            -69.0613915,
            44.4449534
          ]
        ]
      },
      "id": "way/1112744693"
    },
    {
      "type": "Feature",
      "properties": {
        "@id": "way/1112744694",
        "bridge": "yes",
        "highway": "secondary",
        "layer": "1",
        "name": "Waterville Road",
        "ref": "ME 7;ME 137",
        "surface": "asphalt",
        "tiger:cfcc": "A31",
        "tiger:county": "Waldo, ME",
        "tiger:name_base": "Waterville",
        "tiger:name_base_1": "State Route 137",
        "tiger:name_type": "Rd"
      },
      "geometry": {
        "type": "LineString",
        "coordinates": [
          [
            -69.0586451,
            44.4431112
          ],
          [
            -69.0588221,
            44.4431945
          ]
        ]
      },
      "id": "way/1112744694"
    },
    {
      "type": "Feature",
      "properties": {
        "@id": "way/1318144484",
        "highway": "tertiary",
        "name": "Congress Street",
        "surface": "asphalt"
      },
      "geometry": {
        "type": "LineString",
        "coordinates": [
          [
            -69.0049205,
            44.4133818
          ],
          [
            -69.0048606,
            44.4152503
          ],
          [
            -69.0048699,
            44.4157735
          ],
          [
            -69.0048905,
            44.4165248
          ],
          [
            -69.0049513,
            44.4181081
          ],
          [
            -69.0049733,
            44.418218
          ],
          [
            -69.0049984,
            44.4183262
          ],
          [
            -69.0051565,
            44.4190087
          ],
          [
            -69.0052285,
            44.419206
          ],
          [
            -69.0053171,
            44.4194895
          ],
          [
            -69.0053814,
            44.4196447
          ],
          [
            -69.0054834,
            44.4197826
          ],
          [
            -69.0064727,
            44.4205506
          ],
          [
            -69.0070138,
            44.4209594
          ],
          [
            -69.0075644,
            44.4213644
          ],
          [
            -69.0085722,
            44.4221501
          ],
          [
            -69.008878,
            44.4223761
          ],
          [
            -69.0091842,
            44.4226066
          ],
          [
            -69.0093339,
            44.4227248
          ],
          [
            -69.0098167,
            44.4230772
          ],
          [
            -69.0100421,
            44.4232228
          ],
          [
            -69.0104283,
            44.423514
          ],
          [
            -69.0108199,
            44.4238167
          ],
          [
            -69.0111651,
            44.4240847
          ],
          [
            -69.0117116,
            44.424509
          ]
        ]
      },
      "id": "way/1318144484"
    },
    {
      "type": "Feature",
      "properties": {
        "@id": "way/1318144485",
        "highway": "tertiary",
        "name": "Congress Street",
        "surface": "asphalt"
      },
      "geometry": {
        "type": "LineString",
        "coordinates": [
          [
            -69.0117116,
            44.424509
          ],
          [
            -69.0121784,
            44.4248715
          ]
        ]
      },
      "id": "way/1318144485"
    },
    {
      "type": "Feature",
      "properties": {
        "@id": "way/1318144486",
        "cycleway": "lane",
        "highway": "primary",
        "name": "Main Street",
        "tiger:cfcc": "A41",
        "tiger:county": "Waldo, ME",
        "tiger:name_base": "Main",
        "tiger:name_type": "St",
        "tiger:reviewed": "no",
        "tiger:zip_left": "04915",
        "tiger:zip_right": "04915"
      },
      "geometry": {
        "type": "LineString",
        "coordinates": [
          [
            -69.013132,
            44.4247476
          ],
          [
            -69.0130725,
            44.4247554
          ],
          [
            -69.013013,
            44.4247631
          ],
          [
            -69.0126402,
            44.4248115
          ],
          [
            -69.0121784,
            44.4248715
          ]
        ]
      },
      "id": "way/1318144486"
    },
    {
      "type": "Feature",
      "properties": {
        "@id": "way/1318144487",
        "cycleway": "lane",
        "highway": "primary",
        "name": "Main Street",
        "tiger:cfcc": "A41",
        "tiger:county": "Waldo, ME",
        "tiger:name_base": "Main",
        "tiger:name_type": "St",
        "tiger:reviewed": "no",
        "tiger:zip_left": "04915",
        "tiger:zip_right": "04915"
      },
      "geometry": {
        "type": "LineString",
        "coordinates": [
          [
            -69.0092845,
            44.4252537
          ],
          [
            -69.0090454,
            44.4252848
          ],
          [
            -69.0089659,
            44.4252951
          ]
        ]
      },
      "id": "way/1318144487"
    },
    {
      "type": "Feature",
      "properties": {
        "@id": "way/1318144488",
        "highway": "primary",
        "name": "High Street",
        "tiger:cfcc": "A41",
        "tiger:county": "Waldo, ME",
        "tiger:name_base": "High",
        "tiger:name_type": "St",
        "tiger:reviewed": "no",
        "tiger:zip_left": "04915",
        "tiger:zip_right": "04915"
      },
      "geometry": {
        "type": "LineString",
        "coordinates": [
          [
            -69.0046714,
            44.4252188
          ],
          [
            -69.00474,
            44.4252578
          ],
          [
            -69.0053288,
            44.4255756
          ],
          [
            -69.0054099,
            44.4256121
          ],
          [
            -69.0057459,
            44.4257552
          ],
          [
            -69.0058019,
            44.425779
          ],
          [
            -69.005884,
            44.4258117
          ],
          [
            -69.00595,
            44.4258395
          ],
          [
            -69.0061271,
            44.4259143
          ],
          [
            -69.0065348,
            44.426081
          ],
          [
            -69.0066369,
            44.4261148
          ],
          [
            -69.0067259,
            44.4261439
          ]
        ]
      },
      "id": "way/1318144488"
    },
    {
      "type": "Feature",
      "properties": {
        "@id": "way/1318144491",
        "cycleway": "lane",
        "highway": "primary",
        "name": "High Street",
        "tiger:cfcc": "A41",
        "tiger:county": "Waldo, ME",
        "tiger:name_base": "High",
        "tiger:name_type": "St",
        "tiger:reviewed": "no",
        "tiger:zip_left": "04915",
        "tiger:zip_right": "04915"
      },
      "geometry": {
        "type": "LineString",
        "coordinates": [
          [
            -69.014757,
            44.43129
          ],
          [
            -69.0149306,
            44.4314741
          ],
          [
            -69.0151309,
            44.4316941
          ]
        ]
      },
      "id": "way/1318144491"
    },
    {
      "type": "Feature",
      "properties": {
        "@id": "way/1318144494",
        "highway": "tertiary",
        "name": "Miller Street",
        "surface": "paved",
        "tiger:cfcc": "A41",
        "tiger:county": "Waldo, ME",
        "tiger:name_base": "Miller",
        "tiger:name_type": "St",
        "tiger:reviewed": "no"
      },
      "geometry": {
        "type": "LineString",
        "coordinates": [
          [
            -69.0165598,
            44.4204528
          ],
          [
            -69.0163667,
            44.4203609
          ],
          [
            -69.0161789,
            44.420311
          ],
          [
            -69.0159644,
            44.4203264
          ],
          [
            -69.0152011,
            44.4204428
          ],
          [
            -69.0150095,
            44.420472
          ],
          [
            -69.0133358,
            44.4207018
          ],
          [
            -69.0114848,
            44.4209491
          ]
        ]
      },
      "id": "way/1318144494"
    },
    {
      "type": "Feature",
      "properties": {
        "@id": "way/1318144496",
        "highway": "secondary",
        "name": "Lincolnville Avenue",
        "name_1": "State Route 52",
        "ref": "ME 52",
        "tiger:cfcc": "A31",
        "tiger:county": "Waldo, ME",
        "tiger:name_base": "Lincolnville",
        "tiger:name_base_1": "State Route 52",
        "tiger:name_type": "Ave",
        "tiger:reviewed": "no"
      },
      "geometry": {
        "type": "LineString",
        "coordinates": [
          [
            -69.0180429,
            44.4190824
          ],
          [
            -69.017799,
            44.4193072
          ],
          [
            -69.0174035,
            44.4196729
          ],
          [
            -69.0165598,
            44.4204528
          ]
        ]
      },
      "id": "way/1318144496"
    },
    {
      "type": "Feature",
      "properties": {
        "@id": "way/1318144497",
        "highway": "secondary",
        "name": "Lincolnville Avenue",
        "name_1": "State Route 52",
        "ref": "ME 52",
        "tiger:cfcc": "A31",
        "tiger:county": "Waldo, ME",
        "tiger:name_base": "Lincolnville",
        "tiger:name_base_1": "State Route 52",
        "tiger:name_type": "Ave",
        "tiger:reviewed": "no"
      },
      "geometry": {
        "type": "LineString",
        "coordinates": [
          [
            -69.0190585,
            44.4181361
          ],
          [
            -69.0186895,
            44.4184375
          ],
          [
            -69.0184213,
            44.4187325
          ],
          [
            -69.0182067,
            44.4189202
          ],
          [
            -69.0180429,
            44.4190824
          ]
        ]
      },
      "id": "way/1318144497"
    },
    {
      "type": "Feature",
      "properties": {
        "@id": "way/1318144502",
        "cycleway": "lane",
        "highway": "primary",
        "maxspeed": "35 mph",
        "name": "Belmont Avenue",
        "tiger:cfcc": "A21",
        "tiger:county": "Waldo, ME",
        "tiger:name_base": "Belmont",
        "tiger:name_type": "Ave",
        "tiger:reviewed": "no"
      },
      "geometry": {
        "type": "LineString",
        "coordinates": [
          [
            -69.0208795,
            44.4237652
          ],
          [
            -69.0206934,
            44.4237905
          ],
          [
            -69.0205181,
            44.4238144
          ],
          [
            -69.0204049,
            44.4238277
          ],
          [
            -69.0198234,
            44.4238979
          ],
          [
            -69.0197149,
            44.423911
          ]
        ]
      },
      "id": "way/1318144502"
    },
    {
      "type": "Feature",
      "properties": {
        "@id": "way/1318144503",
        "NHS": "yes",
        "cycleway": "lane",
        "highway": "trunk",
        "lanes": "2",
        "name": "Belmont Avenue",
        "ref": "ME 3",
        "surface": "asphalt",
        "tiger:cfcc": "A21",
        "tiger:county": "Waldo, ME",
        "tiger:name_base": "Belmont",
        "tiger:name_type": "Ave",
        "tiger:reviewed": "no"
      },
      "geometry": {
        "type": "LineString",
        "coordinates": [
          [
            -69.0234558,
            44.4234519
          ],
          [
            -69.0229328,
            44.4235045
          ]
        ]
      },
      "id": "way/1318144503"
    },
    {
      "type": "Feature",
      "properties": {
        "@id": "way/1318144507",
        "highway": "tertiary",
        "name": "Congress Street",
        "surface": "asphalt"
      },
      "geometry": {
        "type": "LineString",
        "coordinates": [
          [
            -69.0051103,
            44.4120965
          ],
          [
            -69.0050832,
            44.4124268
          ],
          [
            -69.0049601,
            44.4131496
          ]
        ]
      },
      "id": "way/1318144507"
    },
    {
      "type": "Feature",
      "properties": {
        "@id": "way/1318144508",
        "NHS": "yes",
        "expressway": "yes",
        "highway": "trunk",
        "lanes": "2",
        "name": "Route 1",
        "ref": "US 1",
        "shoulder": "both",
        "tiger:cfcc": "A21",
        "tiger:county": "Waldo, ME",
        "tiger:name_base": "United States Highway 1",
        "tiger:reviewed": "no"
      },
      "geometry": {
        "type": "LineString",
        "coordinates": [
          [
            -68.9937856,
            44.4087502
          ],
          [
            -68.9944923,
            44.4091783
          ],
          [
            -68.9953659,
            44.4095858
          ],
          [
            -68.9963578,
            44.4099667
          ],
          [
            -68.9972008,
            44.4102064
          ],
          [
            -68.999478,
            44.41073
          ],
          [
            -69.0006325,
            44.4110142
          ],
          [
            -69.0051103,
            44.4120965
          ]
        ]
      },
      "id": "way/1318144508"
    },
    {
      "type": "Feature",
      "properties": {
        "@id": "way/1318144509",
        "highway": "tertiary",
        "name": "Congress Street",
        "surface": "asphalt"
      },
      "geometry": {
        "type": "LineString",
        "coordinates": [
          [
            -69.0049601,
            44.4131496
          ],
          [
            -69.0049205,
            44.4133818
          ]
        ]
      },
      "id": "way/1318144509"
    },
    {
      "type": "Feature",
      "properties": {
        "@id": "way/1318144510",
        "cycleway": "lane",
        "highway": "primary",
        "name": "Northport Avenue",
        "name_1": "High Street",
        "tiger:cfcc": "A21",
        "tiger:county": "Waldo, ME",
        "tiger:name_base": "Northport",
        "tiger:name_base_1": "High",
        "tiger:name_type": "Ave",
        "tiger:name_type_1": "St",
        "tiger:reviewed": "no",
        "tiger:zip_left": "04915",
        "tiger:zip_right": "04915"
      },
      "geometry": {
        "type": "LineString",
        "coordinates": [
          [
            -68.9945698,
            44.4118489
          ],
          [
            -68.9950714,
            44.4127192
          ],
          [
            -68.9951871,
            44.4129222
          ]
        ]
      },
      "id": "way/1318144510"
    },
    {
      "type": "Feature",
      "properties": {
        "@id": "way/1318144511",
        "cycleway": "lane",
        "highway": "primary",
        "name": "Northport Avenue",
        "name_1": "High Street",
        "tiger:cfcc": "A21",
        "tiger:county": "Waldo, ME",
        "tiger:name_base": "Northport",
        "tiger:name_base_1": "High",
        "tiger:name_type": "Ave",
        "tiger:name_type_1": "St",
        "tiger:reviewed": "no",
        "tiger:zip_left": "04915",
        "tiger:zip_right": "04915"
      },
      "geometry": {
        "type": "LineString",
        "coordinates": [
          [
            -68.9954817,
            44.4134391
          ],
          [
            -68.9958123,
            44.4140096
          ],
          [
            -68.9961146,
            44.4145315
          ]
        ]
      },
      "id": "way/1318144511"
    },
    {
      "type": "Feature",
      "properties": {
        "@id": "way/1318144519",
        "cycleway": "lane",
        "highway": "primary",
        "name": "Northport Avenue",
        "name_1": "High Street",
        "tiger:cfcc": "A21",
        "tiger:county": "Waldo, ME",
        "tiger:name_base": "Northport",
        "tiger:name_base_1": "High",
        "tiger:name_type": "Ave",
        "tiger:name_type_1": "St",
        "tiger:reviewed": "no",
        "tiger:zip_left": "04915",
        "tiger:zip_right": "04915"
      },
      "geometry": {
        "type": "LineString",
        "coordinates": [
          [
            -68.9951871,
            44.4129222
          ],
          [
            -68.9952,
            44.4129448
          ],
          [
            -68.9954817,
            44.4134391
          ]
        ]
      },
      "id": "way/1318144519"
    },
    {
      "type": "Feature",
      "properties": {
        "@id": "way/1318144520",
        "cycleway": "lane",
        "highway": "primary",
        "name": "Northport Avenue",
        "name_1": "High Street",
        "tiger:cfcc": "A21",
        "tiger:county": "Waldo, ME",
        "tiger:name_base": "Northport",
        "tiger:name_base_1": "High",
        "tiger:name_type": "Ave",
        "tiger:name_type_1": "St",
        "tiger:reviewed": "no",
        "tiger:zip_left": "04915",
        "tiger:zip_right": "04915"
      },
      "geometry": {
        "type": "LineString",
        "coordinates": [
          [
            -68.9945148,
            44.411756
          ],
          [
            -68.9945698,
            44.4118489
          ]
        ]
      },
      "id": "way/1318144520"
    },
    {
      "type": "Feature",
      "properties": {
        "@id": "way/1318148659",
        "highway": "tertiary",
        "name": "Lincolnville Avenue",
        "name_1": "State Route 52",
        "ref": "ME 52",
        "tiger:cfcc": "A31",
        "tiger:county": "Waldo, ME",
        "tiger:name_base": "Lincolnville",
        "tiger:name_base_1": "State Route 52",
        "tiger:name_type": "Ave"
      },
      "geometry": {
        "type": "LineString",
        "coordinates": [
          [
            -69.0200283,
            44.4171856
          ],
          [
            -69.0197986,
            44.4174327
          ],
          [
            -69.0190585,
            44.4181361
          ]
        ]
      },
      "id": "way/1318148659"
    },
    {
      "type": "Feature",
      "properties": {
        "@id": "way/1318148660",
        "highway": "tertiary",
        "maxspeed": "40 mph",
        "name": "Lincolnville Avenue",
        "name_1": "State Route 52",
        "ref": "ME 52",
        "tiger:cfcc": "A31",
        "tiger:county": "Waldo, ME",
        "tiger:name_base": "Lincolnville",
        "tiger:name_base_1": "State Route 52",
        "tiger:name_type": "Ave"
      },
      "geometry": {
        "type": "LineString",
        "coordinates": [
          [
            -69.0230995,
            44.4137261
          ],
          [
            -69.0224226,
            44.4144886
          ],
          [
            -69.0200283,
            44.4171856
          ]
        ]
      },
      "id": "way/1318148660"
    },
    {
      "type": "Feature",
      "properties": {
        "@id": "way/1322699549",
        "highway": "trunk_link",
        "lanes": "1",
        "oneway": "yes",
        "surface": "asphalt",
        "tiger:cfcc": "A41",
        "tiger:county": "Waldo, ME",
        "tiger:reviewed": "no"
      },
      "geometry": {
        "type": "LineString",
        "coordinates": [
          [
            -69.0221162,
            44.4245497
          ],
          [
            -69.0218994,
            44.4237655
          ],
          [
            -69.0218919,
            44.4237386
          ],
          [
            -69.0218641,
            44.4236379
          ]
        ]
      },
      "id": "way/1322699549"
    },
    {
      "type": "Feature",
      "properties": {
        "@id": "way/1361181705",
        "highway": "tertiary",
        "maxspeed": "40 mph",
        "name": "Lincolnville Avenue",
        "name_1": "State Route 52",
        "ref": "ME 52",
        "tiger:cfcc": "A31",
        "tiger:county": "Waldo, ME",
        "tiger:name_base": "Lincolnville",
        "tiger:name_base_1": "State Route 52",
        "tiger:name_type": "Ave"
      },
      "geometry": {
        "type": "LineString",
        "coordinates": [
          [
            -69.0239565,
            44.4127453
          ],
          [
            -69.0232533,
            44.4135528
          ],
          [
            -69.0230995,
            44.4137261
          ]
        ]
      },
      "id": "way/1361181705"
    },
    {
      "type": "Feature",
      "properties": {
        "@id": "way/1361554958",
        "NHS": "yes",
        "bridge": "yes",
        "expressway": "yes",
        "highway": "trunk",
        "lanes": "2",
        "layer": "1",
        "maxspeed": "45 mph",
        "name": "Searsport Avenue",
        "oneway": "no",
        "ref": "US 1;ME 3",
        "surface": "asphalt",
        "tiger:cfcc": "A21",
        "tiger:county": "Waldo, ME",
        "tiger:name_base": "United States Highway 1",
        "tiger:reviewed": "no"
      },
      "geometry": {
        "type": "LineString",
        "coordinates": [
          [
            -69.0102453,
            44.4333162
          ],
          [
            -69.0072275,
            44.4340587
          ]
        ]
      },
      "id": "way/1361554958"
    },
    {
      "type": "Feature",
      "properties": {
        "@id": "way/1377147006",
        "cycleway": "lane",
        "highway": "secondary",
        "maxspeed": "40 mph",
        "name": "Waldo Avenue",
        "ref": "ME 7;ME 137",
        "surface": "asphalt",
        "tiger:cfcc": "A31",
        "tiger:county": "Waldo, ME",
        "tiger:name_base": "Waldo",
        "tiger:name_base_1": "State Route 7",
        "tiger:name_base_2": "State Route 137",
        "tiger:name_type": "Ave",
        "tiger:zip_left": "04915"
      },
      "geometry": {
        "type": "LineString",
        "coordinates": [
          [
            -69.0207478,
            44.4333806
          ],
          [
            -69.0212423,
            44.4337444
          ],
          [
            -69.0220708,
            44.4343609
          ],
          [
            -69.0225935,
            44.4347566
          ],
          [
            -69.0229227,
            44.4350027
          ],
          [
            -69.0237361,
            44.4356122
          ],
          [
            -69.0248841,
            44.436499
          ],
          [
            -69.0253964,
            44.4368949
          ],
          [
            -69.02567,
            44.437073
          ],
          [
            -69.0259007,
            44.43721
          ],
          [
            -69.0262386,
            44.4373785
          ],
          [
            -69.0269568,
            44.4376983
          ],
          [
            -69.0271103,
            44.4377625
          ],
          [
            -69.0275469,
            44.4379564
          ],
          [
            -69.02785,
            44.4380852
          ]
        ]
      },
      "id": "way/1377147006"
    },
    {
      "type": "Feature",
      "properties": {
        "@id": "way/1459433692",
        "highway": "tertiary",
        "name": "Poors Mills Road",
        "portage": "yes",
        "surface": "paved"
      },
      "geometry": {
        "type": "LineString",
        "coordinates": [
          [
            -69.0928867,
            44.4284942
          ],
          [
            -69.0945096,
            44.4285055
          ],
          [
            -69.0960619,
            44.4284997
          ],
          [
            -69.0967036,
            44.428494
          ],
          [
            -69.0980104,
            44.4284947
          ],
          [
            -69.0983845,
            44.4284963
          ],
          [
            -69.0996141,
            44.4284942
          ],
          [
            -69.0999149,
            44.4285012
          ],
          [
            -69.1001791,
            44.4285241
          ]
        ]
      },
      "id": "way/1459433692"
    },
    {
      "type": "Feature",
      "properties": {
        "@id": "way/1459433693",
        "highway": "tertiary",
        "name": "Poors Mills Road",
        "surface": "paved"
      },
      "geometry": {
        "type": "LineString",
        "coordinates": [
          [
            -69.1001791,
            44.4285241
          ],
          [
            -69.1004962,
            44.4285941
          ],
          [
            -69.1008188,
            44.4286903
          ],
          [
            -69.1011802,
            44.4288124
          ],
          [
            -69.1015135,
            44.428934
          ]
        ]
      },
      "id": "way/1459433693"
    },
    {
      "type": "Feature",
      "properties": {
        "@id": "way/1459433698",
        "highway": "secondary",
        "name": "Waterville Road",
        "portage": "yes",
        "ref": "ME 7;ME 137",
        "surface": "asphalt",
        "tiger:cfcc": "A31",
        "tiger:county": "Waldo, ME",
        "tiger:name_base": "Waterville",
        "tiger:name_base_1": "State Route 137",
        "tiger:name_type": "Rd"
      },
      "geometry": {
        "type": "LineString",
        "coordinates": [
          [
            -69.0613915,
            44.4449534
          ],
          [
            -69.0614222,
            44.4449681
          ],
          [
            -69.061453,
            44.4449828
          ]
        ]
      },
      "id": "way/1459433698"
    },
    {
      "type": "Feature",
      "properties": {
        "@id": "way/1459433699",
        "highway": "secondary",
        "name": "Head of the Tide Road",
        "ref": "ME 7",
        "surface": "asphalt",
        "tiger:cfcc": "A31",
        "tiger:county": "Waldo, ME",
        "tiger:name_base": "Head of the Tide",
        "tiger:name_base_1": "State Route 7",
        "tiger:name_type": "Rd"
      },
      "geometry": {
        "type": "LineString",
        "coordinates": [
          [
            -69.0545568,
            44.4486877
          ],
          [
            -69.0545477,
            44.4487304
          ],
          [
            -69.0545485,
            44.4487729
          ],
          [
            -69.0545582,
            44.4488039
          ],
          [
            -69.0545804,
            44.4488408
          ],
          [
            -69.0546104,
            44.4488783
          ]
        ]
      },
      "id": "way/1459433699"
    },
    {
      "type": "Feature",
      "properties": {
        "@id": "way/1500308136",
        "highway": "tertiary",
        "maxspeed": "40 mph",
        "name": "Lincolnville Avenue",
        "name_1": "State Route 52",
        "ref": "ME 52",
        "tiger:cfcc": "A31",
        "tiger:county": "Waldo, ME",
        "tiger:name_base": "Lincolnville",
        "tiger:name_base_1": "State Route 52",
        "tiger:name_type": "Ave"
      },
      "geometry": {
        "type": "LineString",
        "coordinates": [
          [
            -69.0318726,
            44.4013062
          ],
          [
            -69.0317895,
            44.4014136
          ],
          [
            -69.031725,
            44.4014856
          ],
          [
            -69.0316653,
            44.4015687
          ],
          [
            -69.0315829,
            44.4016588
          ],
          [
            -69.0314622,
            44.4018141
          ],
          [
            -69.0313241,
            44.4020459
          ],
          [
            -69.0312155,
            44.4023535
          ],
          [
            -69.0311189,
            44.4027655
          ],
          [
            -69.0309835,
            44.4034707
          ],
          [
            -69.0308137,
            44.4047189
          ]
        ]
      },
      "id": "way/1500308136"
    },
    {
      "type": "Feature",
      "properties": {
        "@id": "way/1500308137",
        "bridge": "yes",
        "highway": "tertiary",
        "layer": "1",
        "maxspeed": "40 mph",
        "name": "Lincolnville Avenue",
        "name_1": "State Route 52",
        "ref": "ME 52",
        "tiger:cfcc": "A31",
        "tiger:county": "Waldo, ME",
        "tiger:name_base": "Lincolnville",
        "tiger:name_base_1": "State Route 52",
        "tiger:name_type": "Ave"
      },
      "geometry": {
        "type": "LineString",
        "coordinates": [
          [
            -69.0308137,
            44.4047189
          ],
          [
            -69.0307854,
            44.404937
          ]
        ]
      },
      "id": "way/1500308137"
    }
  ]
}