{"type":"FeatureCollection","name":"belfast_ni_transformers_official","metadata":{"schemaVersion":"1.0.0","generatedAt":"2026-04-26T04:45:08.491456+00:00","sourceMode":"osm-proxy-with-official-metadata","officialDatasets":{"secondary":{"datasetId":"nie-networks-assets-secondary-transformers","title":"NIE Networks - Assets - Secondary Transformers","url":"https://nienetworks.opendatasoft.com/explore/dataset/nie-networks-assets-secondary-transformers/","recordCount":81423,"modified":"2026-04-25T14:16:07+00:00","dataProcessed":"2026-04-25T14:16:07+00:00","license":"CC BY 4.0","licenseUrl":"https://creativecommons.org/licenses/by/4.0/","dataVisible":false,"fields":[{"name":"license_area","type":"text","label":"License Area"},{"name":"asset_description","type":"text","label":"Asset Description"},{"name":"asset_number","type":"text","label":"Asset Number"},{"name":"voltage","type":"text","label":"Voltage"},{"name":"asset_type","type":"text","label":"Asset Type"},{"name":"year_of_manufacture","type":"text","label":"Year of Manufacture"},{"name":"serial_number","type":"text","label":"Serial Number"},{"name":"nominal_rating","type":"double","label":"Nominal Rating"},{"name":"nominal_rating_unit_of_measurement","type":"text","label":"Nominal Rating Unit of Measurement"},{"name":"rated_primary_voltage","type":"int","label":"Rated Primary Voltage"},{"name":"rated_primary_voltage_unit_of_measurement","type":"text","label":"Rated Primary Voltage Unit of Measurement"},{"name":"site_functional_location","type":"text","label":"Site Functional Location"},{"name":"site_name","type":"text","label":"Site Name"},{"name":"site_street","type":"text","label":"Site Street"},{"name":"site_town_city","type":"text","label":"Site Town"},{"name":"site_county","type":"text","label":"Site County"},{"name":"site_postcode","type":"text","label":"Site PostCode"},{"name":"site_longitude_x_irish_grid","type":"double","label":"Site Longitude (X) - Irish Grid"},{"name":"site_latitude_y_irish_grid","type":"double","label":"Site Latitude (Y) - Irish Grid"},{"name":"site_geopoint","type":"geo_point_2d","label":"Site_geopoint"}],"requiredFieldsPresent":true,"metadataError":null},"primary":{"datasetId":"nie-networks-assets-primary-transformers","title":"NIE Networks - Assets - Primary Transformers","url":"https://nienetworks.opendatasoft.com/explore/dataset/nie-networks-assets-primary-transformers/","recordCount":419,"modified":"2026-04-25T14:15:03+00:00","dataProcessed":"2026-04-25T14:15:03+00:00","license":"CC BY 4.0","licenseUrl":"https://creativecommons.org/licenses/by/4.0/","dataVisible":false,"fields":[{"name":"license_area","type":"text","label":"License Area"},{"name":"asset_description","type":"text","label":"Asset Description"},{"name":"asset_number","type":"text","label":"Asset Number"},{"name":"voltage","type":"text","label":"Voltage"},{"name":"asset_type","type":"text","label":"Asset Type"},{"name":"year_of_manufacture","type":"text","label":"Year of Manufacture"},{"name":"serial_number","type":"text","label":"Serial Number"},{"name":"nominal_rating","type":"double","label":"Nominal Rating"},{"name":"nominal_rating_unit_of_measurement","type":"text","label":"Nominal Rating Unit of Measurement"},{"name":"rated_primary_voltage","type":"int","label":"Rated Primary Voltage"},{"name":"rated_primary_voltage_unit_of_measurement","type":"text","label":"Rated Primary Voltage Unit of Measurement"},{"name":"site_functional_location","type":"text","label":"Site Functional Location"},{"name":"site_name","type":"text","label":"Site Name"},{"name":"site_street","type":"text","label":"Site Street"},{"name":"site_town_city","type":"text","label":"Site Town"},{"name":"site_county","type":"text","label":"Site County"},{"name":"site_postcode","type":"text","label":"Site PostCode"},{"name":"site_longitude_x_irish_grid","type":"double","label":"Site Longitude (X) - Irish Grid"},{"name":"site_latitude_y_irish_grid","type":"double","label":"Site Latitude (Y) - Irish Grid"},{"name":"site_geopoint","type":"geo_point_2d","label":"Site_geopoint"}],"requiredFieldsPresent":true,"metadataError":null}},"officialRecordErrors":{"secondary":"HTTP Error 403: Forbidden","primary":"HTTP Error 403: Forbidden"},"caveat":"Planning-grade screening layer. Public records do not expose feeder loading and this layer is not NIE engineering approval."},"features":[{"type":"Feature","properties":{"asset_number":"node/571736598","asset_type":"substation","asset_class":"secondary","nominal_rating":500.0,"nominal_rating_unit_of_measurement":"kVA","rating_kva":500.0,"voltage":"11000","voltage_kv":11.0,"rated_primary_voltage":11.0,"rated_primary_voltage_unit_of_measurement":"kV","site_name":null,"site_postcode":null,"site_town_city":"Belfast","site_county":"County Antrim / County Down","year_of_manufacture":null,"source":"OSM power asset proxy","source_id":"node/571736598","data_support":"osm-proxy","rating_support":"default-by-class","official_source_status":"NIE metadata visible; record API not visible to this builder"},"geometry":{"type":"Point","coordinates":[-5.931912,54.595475]}},{"type":"Feature","properties":{"asset_number":"node/3461835331","asset_type":"transformer","asset_class":"secondary","nominal_rating":500.0,"nominal_rating_unit_of_measurement":"kVA","rating_kva":500.0,"voltage":null,"voltage_kv":null,"rated_primary_voltage":null,"rated_primary_voltage_unit_of_measurement":null,"site_name":null,"site_postcode":null,"site_town_city":"Belfast","site_county":"County Antrim / County Down","year_of_manufacture":null,"source":"OSM power asset proxy","source_id":"node/3461835331","data_support":"osm-proxy","rating_support":"default-by-class","official_source_status":"NIE metadata visible; record API not visible to this builder"},"geometry":{"type":"Point","coordinates":[-5.867762,54.575996]}},{"type":"Feature","properties":{"asset_number":"node/3461835332","asset_type":"transformer","asset_class":"secondary","nominal_rating":500.0,"nominal_rating_unit_of_measurement":"kVA","rating_kva":500.0,"voltage":null,"voltage_kv":null,"rated_primary_voltage":null,"rated_primary_voltage_unit_of_measurement":null,"site_name":null,"site_postcode":null,"site_town_city":"Belfast","site_county":"County Antrim / County Down","year_of_manufacture":null,"source":"OSM power asset proxy","source_id":"node/3461835332","data_support":"osm-proxy","rating_support":"default-by-class","official_source_status":"NIE metadata visible; record API not visible to this builder"},"geometry":{"type":"Point","coordinates":[-5.868003,54.575887]}},{"type":"Feature","properties":{"asset_number":"node/3461857438","asset_type":"transformer","asset_class":"secondary","nominal_rating":500.0,"nominal_rating_unit_of_measurement":"kVA","rating_kva":500.0,"voltage":null,"voltage_kv":null,"rated_primary_voltage":null,"rated_primary_voltage_unit_of_measurement":null,"site_name":null,"site_postcode":null,"site_town_city":"Belfast","site_county":"County Antrim / County Down","year_of_manufacture":null,"source":"OSM power asset proxy","source_id":"node/3461857438","data_support":"osm-proxy","rating_support":"default-by-class","official_source_status":"NIE metadata visible; record API not visible to this builder"},"geometry":{"type":"Point","coordinates":[-5.876664,54.562314]}},{"type":"Feature","properties":{"asset_number":"node/3461857445","asset_type":"transformer","asset_class":"secondary","nominal_rating":500.0,"nominal_rating_unit_of_measurement":"kVA","rating_kva":500.0,"voltage":null,"voltage_kv":null,"rated_primary_voltage":null,"rated_primary_voltage_unit_of_measurement":null,"site_name":null,"site_postcode":null,"site_town_city":"Belfast","site_county":"County Antrim / County Down","year_of_manufacture":null,"source":"OSM power asset proxy","source_id":"node/3461857445","data_support":"osm-proxy","rating_support":"default-by-class","official_source_status":"NIE metadata visible; record API not visible to this builder"},"geometry":{"type":"Point","coordinates":[-5.876779,54.562685]}},{"type":"Feature","properties":{"asset_number":"node/3461865215","asset_type":"transformer","asset_class":"secondary","nominal_rating":500.0,"nominal_rating_unit_of_measurement":"kVA","rating_kva":500.0,"voltage":null,"voltage_kv":null,"rated_primary_voltage":null,"rated_primary_voltage_unit_of_measurement":null,"site_name":null,"site_postcode":null,"site_town_city":"Belfast","site_county":"County Antrim / County Down","year_of_manufacture":null,"source":"OSM power asset proxy","source_id":"node/3461865215","data_support":"osm-proxy","rating_support":"default-by-class","official_source_status":"NIE metadata visible; record API not visible to this builder"},"geometry":{"type":"Point","coordinates":[-5.876559,54.561945]}},{"type":"Feature","properties":{"asset_number":"node/3461905465","asset_type":"transformer","asset_class":"secondary","nominal_rating":500.0,"nominal_rating_unit_of_measurement":"kVA","rating_kva":500.0,"voltage":null,"voltage_kv":null,"rated_primary_voltage":null,"rated_primary_voltage_unit_of_measurement":null,"site_name":null,"site_postcode":null,"site_town_city":"Belfast","site_county":"County Antrim / County Down","year_of_manufacture":null,"source":"OSM power asset proxy","source_id":"node/3461905465","data_support":"osm-proxy","rating_support":"default-by-class","official_source_status":"NIE metadata visible; record API not visible to this builder"},"geometry":{"type":"Point","coordinates":[-6.027681,54.574868]}},{"type":"Feature","properties":{"asset_number":"node/3461905466","asset_type":"transformer","asset_class":"secondary","nominal_rating":500.0,"nominal_rating_unit_of_measurement":"kVA","rating_kva":500.0,"voltage":null,"voltage_kv":null,"rated_primary_voltage":null,"rated_primary_voltage_unit_of_measurement":null,"site_name":null,"site_postcode":null,"site_town_city":"Belfast","site_county":"County Antrim / County Down","year_of_manufacture":null,"source":"OSM power asset proxy","source_id":"node/3461905466","data_support":"osm-proxy","rating_support":"default-by-class","official_source_status":"NIE metadata visible; record API not visible to this builder"},"geometry":{"type":"Point","coordinates":[-6.026363,54.574525]}},{"type":"Feature","properties":{"asset_number":"node/3784585734","asset_type":"transformer","asset_class":"secondary","nominal_rating":500.0,"nominal_rating_unit_of_measurement":"kVA","rating_kva":500.0,"voltage":null,"voltage_kv":null,"rated_primary_voltage":null,"rated_primary_voltage_unit_of_measurement":null,"site_name":null,"site_postcode":null,"site_town_city":"Belfast","site_county":"County Antrim / County Down","year_of_manufacture":null,"source":"OSM power asset proxy","source_id":"node/3784585734","data_support":"osm-proxy","rating_support":"default-by-class","official_source_status":"NIE metadata visible; record API not visible to this builder"},"geometry":{"type":"Point","coordinates":[-5.994678,54.569617]}},{"type":"Feature","properties":{"asset_number":"node/4529328239","asset_type":"transformer","asset_class":"secondary","nominal_rating":500.0,"nominal_rating_unit_of_measurement":"kVA","rating_kva":500.0,"voltage":null,"voltage_kv":null,"rated_primary_voltage":null,"rated_primary_voltage_unit_of_measurement":null,"site_name":null,"site_postcode":null,"site_town_city":"Belfast","site_county":"County Antrim / County Down","year_of_manufacture":null,"source":"OSM power asset proxy","source_id":"node/4529328239","data_support":"osm-proxy","rating_support":"default-by-class","official_source_status":"NIE metadata visible; record API not visible to this builder"},"geometry":{"type":"Point","coordinates":[-5.940427,54.626469]}},{"type":"Feature","properties":{"asset_number":"node/4529328240","asset_type":"transformer","asset_class":"secondary","nominal_rating":500.0,"nominal_rating_unit_of_measurement":"kVA","rating_kva":500.0,"voltage":null,"voltage_kv":null,"rated_primary_voltage":null,"rated_primary_voltage_unit_of_measurement":null,"site_name":null,"site_postcode":null,"site_town_city":"Belfast","site_county":"County Antrim / County Down","year_of_manufacture":null,"source":"OSM power asset proxy","source_id":"node/4529328240","data_support":"osm-proxy","rating_support":"default-by-class","official_source_status":"NIE metadata visible; record API not visible to this builder"},"geometry":{"type":"Point","coordinates":[-5.940169,54.626491]}},{"type":"Feature","properties":{"asset_number":"node/4529328241","asset_type":"transformer","asset_class":"secondary","nominal_rating":500.0,"nominal_rating_unit_of_measurement":"kVA","rating_kva":500.0,"voltage":null,"voltage_kv":null,"rated_primary_voltage":null,"rated_primary_voltage_unit_of_measurement":null,"site_name":null,"site_postcode":null,"site_town_city":"Belfast","site_county":"County Antrim / County Down","year_of_manufacture":null,"source":"OSM power asset proxy","source_id":"node/4529328241","data_support":"osm-proxy","rating_support":"default-by-class","official_source_status":"NIE metadata visible; record API not visible to this builder"},"geometry":{"type":"Point","coordinates":[-5.940024,54.62653]}},{"type":"Feature","properties":{"asset_number":"node/4558014646","asset_type":"transformer","asset_class":"secondary","nominal_rating":500.0,"nominal_rating_unit_of_measurement":"kVA","rating_kva":500.0,"voltage":null,"voltage_kv":null,"rated_primary_voltage":null,"rated_primary_voltage_unit_of_measurement":null,"site_name":null,"site_postcode":null,"site_town_city":"Belfast","site_county":"County Antrim / County Down","year_of_manufacture":null,"source":"OSM power asset proxy","source_id":"node/4558014646","data_support":"osm-proxy","rating_support":"default-by-class","official_source_status":"NIE metadata visible; record API not visible to this builder"},"geometry":{"type":"Point","coordinates":[-5.868306,54.576357]}},{"type":"Feature","properties":{"asset_number":"node/4558014647","asset_type":"transformer","asset_class":"secondary","nominal_rating":500.0,"nominal_rating_unit_of_measurement":"kVA","rating_kva":500.0,"voltage":null,"voltage_kv":null,"rated_primary_voltage":null,"rated_primary_voltage_unit_of_measurement":null,"site_name":null,"site_postcode":null,"site_town_city":"Belfast","site_county":"County Antrim / County Down","year_of_manufacture":null,"source":"OSM power asset proxy","source_id":"node/4558014647","data_support":"osm-proxy","rating_support":"default-by-class","official_source_status":"NIE metadata visible; record API not visible to this builder"},"geometry":{"type":"Point","coordinates":[-5.86847,54.576304]}},{"type":"Feature","properties":{"asset_number":"node/4655072470","asset_type":"transformer","asset_class":"secondary","nominal_rating":500.0,"nominal_rating_unit_of_measurement":"kVA","rating_kva":500.0,"voltage":null,"voltage_kv":null,"rated_primary_voltage":null,"rated_primary_voltage_unit_of_measurement":null,"site_name":null,"site_postcode":null,"site_town_city":"Belfast","site_county":"County Antrim / County Down","year_of_manufacture":null,"source":"OSM power asset proxy","source_id":"node/4655072470","data_support":"osm-proxy","rating_support":"default-by-class","official_source_status":"NIE metadata visible; record API not visible to this builder"},"geometry":{"type":"Point","coordinates":[-5.873882,54.62267]}},{"type":"Feature","properties":{"asset_number":"node/4655072471","asset_type":"transformer","asset_class":"secondary","nominal_rating":500.0,"nominal_rating_unit_of_measurement":"kVA","rating_kva":500.0,"voltage":null,"voltage_kv":null,"rated_primary_voltage":null,"rated_primary_voltage_unit_of_measurement":null,"site_name":null,"site_postcode":null,"site_town_city":"Belfast","site_county":"County Antrim / County Down","year_of_manufacture":null,"source":"OSM power asset proxy","source_id":"node/4655072471","data_support":"osm-proxy","rating_support":"default-by-class","official_source_status":"NIE metadata visible; record API not visible to this builder"},"geometry":{"type":"Point","coordinates":[-5.873784,54.622631]}},{"type":"Feature","properties":{"asset_number":"node/4669656381","asset_type":"transformer","asset_class":"secondary","nominal_rating":500.0,"nominal_rating_unit_of_measurement":"kVA","rating_kva":500.0,"voltage":null,"voltage_kv":null,"rated_primary_voltage":null,"rated_primary_voltage_unit_of_measurement":null,"site_name":null,"site_postcode":null,"site_town_city":"Belfast","site_county":"County Antrim / County Down","year_of_manufacture":null,"source":"OSM power asset proxy","source_id":"node/4669656381","data_support":"osm-proxy","rating_support":"default-by-class","official_source_status":"NIE metadata visible; record API not visible to this builder"},"geometry":{"type":"Point","coordinates":[-5.99446,54.570369]}},{"type":"Feature","properties":{"asset_number":"node/4706117686","asset_type":"transformer","asset_class":"secondary","nominal_rating":500.0,"nominal_rating_unit_of_measurement":"kVA","rating_kva":500.0,"voltage":null,"voltage_kv":null,"rated_primary_voltage":null,"rated_primary_voltage_unit_of_measurement":null,"site_name":null,"site_postcode":null,"site_town_city":"Belfast","site_county":"County Antrim / County Down","year_of_manufacture":null,"source":"OSM power asset proxy","source_id":"node/4706117686","data_support":"osm-proxy","rating_support":"default-by-class","official_source_status":"NIE metadata visible; record API not visible to this builder"},"geometry":{"type":"Point","coordinates":[-5.884385,54.611683]}},{"type":"Feature","properties":{"asset_number":"node/4706117687","asset_type":"transformer","asset_class":"secondary","nominal_rating":500.0,"nominal_rating_unit_of_measurement":"kVA","rating_kva":500.0,"voltage":null,"voltage_kv":null,"rated_primary_voltage":null,"rated_primary_voltage_unit_of_measurement":null,"site_name":null,"site_postcode":null,"site_town_city":"Belfast","site_county":"County Antrim / County Down","year_of_manufacture":null,"source":"OSM power asset proxy","source_id":"node/4706117687","data_support":"osm-proxy","rating_support":"default-by-class","official_source_status":"NIE metadata visible; record API not visible to this builder"},"geometry":{"type":"Point","coordinates":[-5.898477,54.603819]}},{"type":"Feature","properties":{"asset_number":"node/4706118192","asset_type":"transformer","asset_class":"secondary","nominal_rating":500.0,"nominal_rating_unit_of_measurement":"kVA","rating_kva":500.0,"voltage":null,"voltage_kv":null,"rated_primary_voltage":null,"rated_primary_voltage_unit_of_measurement":null,"site_name":null,"site_postcode":null,"site_town_city":"Belfast","site_county":"County Antrim / County Down","year_of_manufacture":null,"source":"OSM power asset proxy","source_id":"node/4706118192","data_support":"osm-proxy","rating_support":"default-by-class","official_source_status":"NIE metadata visible; record API not visible to this builder"},"geometry":{"type":"Point","coordinates":[-5.905322,54.60955]}},{"type":"Feature","properties":{"asset_number":"node/4706128106","asset_type":"transformer","asset_class":"secondary","nominal_rating":500.0,"nominal_rating_unit_of_measurement":"kVA","rating_kva":500.0,"voltage":null,"voltage_kv":null,"rated_primary_voltage":null,"rated_primary_voltage_unit_of_measurement":null,"site_name":null,"site_postcode":null,"site_town_city":"Belfast","site_county":"County Antrim / County Down","year_of_manufacture":null,"source":"OSM power asset proxy","source_id":"node/4706128106","data_support":"osm-proxy","rating_support":"default-by-class","official_source_status":"NIE metadata visible; record API not visible to this builder"},"geometry":{"type":"Point","coordinates":[-5.935652,54.598556]}},{"type":"Feature","properties":{"asset_number":"node/4706128107","asset_type":"transformer","asset_class":"secondary","nominal_rating":500.0,"nominal_rating_unit_of_measurement":"kVA","rating_kva":500.0,"voltage":null,"voltage_kv":null,"rated_primary_voltage":null,"rated_primary_voltage_unit_of_measurement":null,"site_name":null,"site_postcode":null,"site_town_city":"Belfast","site_county":"County Antrim / County Down","year_of_manufacture":null,"source":"OSM power asset proxy","source_id":"node/4706128107","data_support":"osm-proxy","rating_support":"default-by-class","official_source_status":"NIE metadata visible; record API not visible to this builder"},"geometry":{"type":"Point","coordinates":[-5.935677,54.598483]}},{"type":"Feature","properties":{"asset_number":"node/4706148026","asset_type":"transformer","asset_class":"secondary","nominal_rating":500.0,"nominal_rating_unit_of_measurement":"kVA","rating_kva":500.0,"voltage":null,"voltage_kv":null,"rated_primary_voltage":null,"rated_primary_voltage_unit_of_measurement":null,"site_name":null,"site_postcode":null,"site_town_city":"Belfast","site_county":"County Antrim / County Down","year_of_manufacture":null,"source":"OSM power asset proxy","source_id":"node/4706148026","data_support":"osm-proxy","rating_support":"default-by-class","official_source_status":"NIE metadata visible; record API not visible to this builder"},"geometry":{"type":"Point","coordinates":[-5.921241,54.622093]}},{"type":"Feature","properties":{"asset_number":"node/4706148027","asset_type":"transformer","asset_class":"secondary","nominal_rating":500.0,"nominal_rating_unit_of_measurement":"kVA","rating_kva":500.0,"voltage":null,"voltage_kv":null,"rated_primary_voltage":null,"rated_primary_voltage_unit_of_measurement":null,"site_name":null,"site_postcode":null,"site_town_city":"Belfast","site_county":"County Antrim / County Down","year_of_manufacture":null,"source":"OSM power asset proxy","source_id":"node/4706148027","data_support":"osm-proxy","rating_support":"default-by-class","official_source_status":"NIE metadata visible; record API not visible to this builder"},"geometry":{"type":"Point","coordinates":[-5.921044,54.622089]}},{"type":"Feature","properties":{"asset_number":"node/4706151694","asset_type":"transformer","asset_class":"secondary","nominal_rating":500.0,"nominal_rating_unit_of_measurement":"kVA","rating_kva":500.0,"voltage":null,"voltage_kv":null,"rated_primary_voltage":null,"rated_primary_voltage_unit_of_measurement":null,"site_name":null,"site_postcode":null,"site_town_city":"Belfast","site_county":"County Antrim / County Down","year_of_manufacture":null,"source":"OSM power asset proxy","source_id":"node/4706151694","data_support":"osm-proxy","rating_support":"default-by-class","official_source_status":"NIE metadata visible; record API not visible to this builder"},"geometry":{"type":"Point","coordinates":[-5.919088,54.611085]}},{"type":"Feature","properties":{"asset_number":"node/4706151695","asset_type":"transformer","asset_class":"secondary","nominal_rating":500.0,"nominal_rating_unit_of_measurement":"kVA","rating_kva":500.0,"voltage":null,"voltage_kv":null,"rated_primary_voltage":null,"rated_primary_voltage_unit_of_measurement":null,"site_name":null,"site_postcode":null,"site_town_city":"Belfast","site_county":"County Antrim / County Down","year_of_manufacture":null,"source":"OSM power asset proxy","source_id":"node/4706151695","data_support":"osm-proxy","rating_support":"default-by-class","official_source_status":"NIE metadata visible; record API not visible to this builder"},"geometry":{"type":"Point","coordinates":[-5.918906,54.611008]}},{"type":"Feature","properties":{"asset_number":"node/4706175264","asset_type":"transformer","asset_class":"secondary","nominal_rating":500.0,"nominal_rating_unit_of_measurement":"kVA","rating_kva":500.0,"voltage":null,"voltage_kv":null,"rated_primary_voltage":null,"rated_primary_voltage_unit_of_measurement":null,"site_name":null,"site_postcode":null,"site_town_city":"Belfast","site_county":"County Antrim / County Down","year_of_manufacture":null,"source":"OSM power asset proxy","source_id":"node/4706175264","data_support":"osm-proxy","rating_support":"default-by-class","official_source_status":"NIE metadata visible; record API not visible to this builder"},"geometry":{"type":"Point","coordinates":[-5.954685,54.590539]}},{"type":"Feature","properties":{"asset_number":"node/4706175265","asset_type":"transformer","asset_class":"secondary","nominal_rating":500.0,"nominal_rating_unit_of_measurement":"kVA","rating_kva":500.0,"voltage":null,"voltage_kv":null,"rated_primary_voltage":null,"rated_primary_voltage_unit_of_measurement":null,"site_name":null,"site_postcode":null,"site_town_city":"Belfast","site_county":"County Antrim / County Down","year_of_manufacture":null,"source":"OSM power asset proxy","source_id":"node/4706175265","data_support":"osm-proxy","rating_support":"default-by-class","official_source_status":"NIE metadata visible; record API not visible to this builder"},"geometry":{"type":"Point","coordinates":[-5.954551,54.590789]}},{"type":"Feature","properties":{"asset_number":"node/4706191664","asset_type":"transformer","asset_class":"secondary","nominal_rating":500.0,"nominal_rating_unit_of_measurement":"kVA","rating_kva":500.0,"voltage":null,"voltage_kv":null,"rated_primary_voltage":null,"rated_primary_voltage_unit_of_measurement":null,"site_name":null,"site_postcode":null,"site_town_city":"Belfast","site_county":"County Antrim / County Down","year_of_manufacture":null,"source":"OSM power asset proxy","source_id":"node/4706191664","data_support":"osm-proxy","rating_support":"default-by-class","official_source_status":"NIE metadata visible; record API not visible to this builder"},"geometry":{"type":"Point","coordinates":[-5.96874,54.628573]}},{"type":"Feature","properties":{"asset_number":"node/4706191665","asset_type":"transformer","asset_class":"secondary","nominal_rating":500.0,"nominal_rating_unit_of_measurement":"kVA","rating_kva":500.0,"voltage":null,"voltage_kv":null,"rated_primary_voltage":null,"rated_primary_voltage_unit_of_measurement":null,"site_name":null,"site_postcode":null,"site_town_city":"Belfast","site_county":"County Antrim / County Down","year_of_manufacture":null,"source":"OSM power asset proxy","source_id":"node/4706191665","data_support":"osm-proxy","rating_support":"default-by-class","official_source_status":"NIE metadata visible; record API not visible to this builder"},"geometry":{"type":"Point","coordinates":[-5.968781,54.628616]}},{"type":"Feature","properties":{"asset_number":"node/4706226976","asset_type":"transformer","asset_class":"secondary","nominal_rating":500.0,"nominal_rating_unit_of_measurement":"kVA","rating_kva":500.0,"voltage":null,"voltage_kv":null,"rated_primary_voltage":null,"rated_primary_voltage_unit_of_measurement":null,"site_name":null,"site_postcode":null,"site_town_city":"Belfast","site_county":"County Antrim / County Down","year_of_manufacture":null,"source":"OSM power asset proxy","source_id":"node/4706226976","data_support":"osm-proxy","rating_support":"default-by-class","official_source_status":"NIE metadata visible; record API not visible to this builder"},"geometry":{"type":"Point","coordinates":[-5.926146,54.602837]}},{"type":"Feature","properties":{"asset_number":"node/4706226977","asset_type":"transformer","asset_class":"secondary","nominal_rating":500.0,"nominal_rating_unit_of_measurement":"kVA","rating_kva":500.0,"voltage":null,"voltage_kv":null,"rated_primary_voltage":null,"rated_primary_voltage_unit_of_measurement":null,"site_name":null,"site_postcode":null,"site_town_city":"Belfast","site_county":"County Antrim / County Down","year_of_manufacture":null,"source":"OSM power asset proxy","source_id":"node/4706226977","data_support":"osm-proxy","rating_support":"default-by-class","official_source_status":"NIE metadata visible; record API not visible to this builder"},"geometry":{"type":"Point","coordinates":[-5.926301,54.602796]}},{"type":"Feature","properties":{"asset_number":"node/4920015706","asset_type":"transformer","asset_class":"secondary","nominal_rating":500.0,"nominal_rating_unit_of_measurement":"kVA","rating_kva":500.0,"voltage":null,"voltage_kv":null,"rated_primary_voltage":null,"rated_primary_voltage_unit_of_measurement":null,"site_name":null,"site_postcode":null,"site_town_city":"Belfast","site_county":"County Antrim / County Down","year_of_manufacture":null,"source":"OSM power asset proxy","source_id":"node/4920015706","data_support":"osm-proxy","rating_support":"default-by-class","official_source_status":"NIE metadata visible; record API not visible to this builder"},"geometry":{"type":"Point","coordinates":[-5.985604,54.674315]}},{"type":"Feature","properties":{"asset_number":"node/4920015707","asset_type":"transformer","asset_class":"secondary","nominal_rating":500.0,"nominal_rating_unit_of_measurement":"kVA","rating_kva":500.0,"voltage":null,"voltage_kv":null,"rated_primary_voltage":null,"rated_primary_voltage_unit_of_measurement":null,"site_name":null,"site_postcode":null,"site_town_city":"Belfast","site_county":"County Antrim / County Down","year_of_manufacture":null,"source":"OSM power asset proxy","source_id":"node/4920015707","data_support":"osm-proxy","rating_support":"default-by-class","official_source_status":"NIE metadata visible; record API not visible to this builder"},"geometry":{"type":"Point","coordinates":[-5.985718,54.674345]}},{"type":"Feature","properties":{"asset_number":"node/5314862206","asset_type":"transformer","asset_class":"secondary","nominal_rating":500.0,"nominal_rating_unit_of_measurement":"kVA","rating_kva":500.0,"voltage":null,"voltage_kv":null,"rated_primary_voltage":null,"rated_primary_voltage_unit_of_measurement":null,"site_name":null,"site_postcode":null,"site_town_city":"Belfast","site_county":"County Antrim / County Down","year_of_manufacture":null,"source":"OSM power asset proxy","source_id":"node/5314862206","data_support":"osm-proxy","rating_support":"default-by-class","official_source_status":"NIE metadata visible; record API not visible to this builder"},"geometry":{"type":"Point","coordinates":[-5.884426,54.611614]}},{"type":"Feature","properties":{"asset_number":"node/5735272381","asset_type":"transformer","asset_class":"secondary","nominal_rating":500.0,"nominal_rating_unit_of_measurement":"kVA","rating_kva":500.0,"voltage":null,"voltage_kv":null,"rated_primary_voltage":null,"rated_primary_voltage_unit_of_measurement":null,"site_name":null,"site_postcode":null,"site_town_city":"Belfast","site_county":"County Antrim / County Down","year_of_manufacture":null,"source":"OSM power asset proxy","source_id":"node/5735272381","data_support":"osm-proxy","rating_support":"default-by-class","official_source_status":"NIE metadata visible; record API not visible to this builder"},"geometry":{"type":"Point","coordinates":[-5.902834,54.691213]}},{"type":"Feature","properties":{"asset_number":"node/5852852357","asset_type":"transformer","asset_class":"secondary","nominal_rating":500.0,"nominal_rating_unit_of_measurement":"kVA","rating_kva":500.0,"voltage":null,"voltage_kv":null,"rated_primary_voltage":null,"rated_primary_voltage_unit_of_measurement":null,"site_name":null,"site_postcode":null,"site_town_city":"Belfast","site_county":"County Antrim / County Down","year_of_manufacture":null,"source":"OSM power asset proxy","source_id":"node/5852852357","data_support":"osm-proxy","rating_support":"default-by-class","official_source_status":"NIE metadata visible; record API not visible to this builder"},"geometry":{"type":"Point","coordinates":[-5.985599,54.583438]}},{"type":"Feature","properties":{"asset_number":"node/5852852358","asset_type":"transformer","asset_class":"secondary","nominal_rating":500.0,"nominal_rating_unit_of_measurement":"kVA","rating_kva":500.0,"voltage":null,"voltage_kv":null,"rated_primary_voltage":null,"rated_primary_voltage_unit_of_measurement":null,"site_name":null,"site_postcode":null,"site_town_city":"Belfast","site_county":"County Antrim / County Down","year_of_manufacture":null,"source":"OSM power asset proxy","source_id":"node/5852852358","data_support":"osm-proxy","rating_support":"default-by-class","official_source_status":"NIE metadata visible; record API not visible to this builder"},"geometry":{"type":"Point","coordinates":[-5.985414,54.583356]}},{"type":"Feature","properties":{"asset_number":"node/5852852359","asset_type":"transformer","asset_class":"secondary","nominal_rating":500.0,"nominal_rating_unit_of_measurement":"kVA","rating_kva":500.0,"voltage":null,"voltage_kv":null,"rated_primary_voltage":null,"rated_primary_voltage_unit_of_measurement":null,"site_name":null,"site_postcode":null,"site_town_city":"Belfast","site_county":"County Antrim / County Down","year_of_manufacture":null,"source":"OSM power asset proxy","source_id":"node/5852852359","data_support":"osm-proxy","rating_support":"default-by-class","official_source_status":"NIE metadata visible; record API not visible to this builder"},"geometry":{"type":"Point","coordinates":[-5.985659,54.583362]}},{"type":"Feature","properties":{"asset_number":"node/6765311590","asset_type":"transformer","asset_class":"secondary","nominal_rating":500.0,"nominal_rating_unit_of_measurement":"kVA","rating_kva":500.0,"voltage":null,"voltage_kv":null,"rated_primary_voltage":null,"rated_primary_voltage_unit_of_measurement":null,"site_name":null,"site_postcode":null,"site_town_city":"Belfast","site_county":"County Antrim / County Down","year_of_manufacture":null,"source":"OSM power asset proxy","source_id":"node/6765311590","data_support":"osm-proxy","rating_support":"default-by-class","official_source_status":"NIE metadata visible; record API not visible to this builder"},"geometry":{"type":"Point","coordinates":[-5.856392,54.594256]}},{"type":"Feature","properties":{"asset_number":"node/6765311591","asset_type":"transformer","asset_class":"secondary","nominal_rating":500.0,"nominal_rating_unit_of_measurement":"kVA","rating_kva":500.0,"voltage":null,"voltage_kv":null,"rated_primary_voltage":null,"rated_primary_voltage_unit_of_measurement":null,"site_name":null,"site_postcode":null,"site_town_city":"Belfast","site_county":"County Antrim / County Down","year_of_manufacture":null,"source":"OSM power asset proxy","source_id":"node/6765311591","data_support":"osm-proxy","rating_support":"default-by-class","official_source_status":"NIE metadata visible; record API not visible to this builder"},"geometry":{"type":"Point","coordinates":[-5.856443,54.594041]}},{"type":"Feature","properties":{"asset_number":"node/6765311592","asset_type":"transformer","asset_class":"secondary","nominal_rating":500.0,"nominal_rating_unit_of_measurement":"kVA","rating_kva":500.0,"voltage":null,"voltage_kv":null,"rated_primary_voltage":null,"rated_primary_voltage_unit_of_measurement":null,"site_name":null,"site_postcode":null,"site_town_city":"Belfast","site_county":"County Antrim / County Down","year_of_manufacture":null,"source":"OSM power asset proxy","source_id":"node/6765311592","data_support":"osm-proxy","rating_support":"default-by-class","official_source_status":"NIE metadata visible; record API not visible to this builder"},"geometry":{"type":"Point","coordinates":[-5.85576,54.594111]}},{"type":"Feature","properties":{"asset_number":"node/6765311593","asset_type":"transformer","asset_class":"secondary","nominal_rating":500.0,"nominal_rating_unit_of_measurement":"kVA","rating_kva":500.0,"voltage":null,"voltage_kv":null,"rated_primary_voltage":null,"rated_primary_voltage_unit_of_measurement":null,"site_name":null,"site_postcode":null,"site_town_city":"Belfast","site_county":"County Antrim / County Down","year_of_manufacture":null,"source":"OSM power asset proxy","source_id":"node/6765311593","data_support":"osm-proxy","rating_support":"default-by-class","official_source_status":"NIE metadata visible; record API not visible to this builder"},"geometry":{"type":"Point","coordinates":[-5.855766,54.594049]}},{"type":"Feature","properties":{"asset_number":"node/6976350230","asset_type":"transformer","asset_class":"secondary","nominal_rating":500.0,"nominal_rating_unit_of_measurement":"kVA","rating_kva":500.0,"voltage":null,"voltage_kv":null,"rated_primary_voltage":null,"rated_primary_voltage_unit_of_measurement":null,"site_name":null,"site_postcode":null,"site_town_city":"Belfast","site_county":"County Antrim / County Down","year_of_manufacture":null,"source":"OSM power asset proxy","source_id":"node/6976350230","data_support":"osm-proxy","rating_support":"default-by-class","official_source_status":"NIE metadata visible; record API not visible to this builder"},"geometry":{"type":"Point","coordinates":[-5.895687,54.582553]}},{"type":"Feature","properties":{"asset_number":"node/6976350231","asset_type":"transformer","asset_class":"secondary","nominal_rating":500.0,"nominal_rating_unit_of_measurement":"kVA","rating_kva":500.0,"voltage":null,"voltage_kv":null,"rated_primary_voltage":null,"rated_primary_voltage_unit_of_measurement":null,"site_name":null,"site_postcode":null,"site_town_city":"Belfast","site_county":"County Antrim / County Down","year_of_manufacture":null,"source":"OSM power asset proxy","source_id":"node/6976350231","data_support":"osm-proxy","rating_support":"default-by-class","official_source_status":"NIE metadata visible; record API not visible to this builder"},"geometry":{"type":"Point","coordinates":[-5.895451,54.582449]}},{"type":"Feature","properties":{"asset_number":"node/6976350232","asset_type":"transformer","asset_class":"secondary","nominal_rating":500.0,"nominal_rating_unit_of_measurement":"kVA","rating_kva":500.0,"voltage":null,"voltage_kv":null,"rated_primary_voltage":null,"rated_primary_voltage_unit_of_measurement":null,"site_name":null,"site_postcode":null,"site_town_city":"Belfast","site_county":"County Antrim / County Down","year_of_manufacture":null,"source":"OSM power asset proxy","source_id":"node/6976350232","data_support":"osm-proxy","rating_support":"default-by-class","official_source_status":"NIE metadata visible; record API not visible to this builder"},"geometry":{"type":"Point","coordinates":[-5.896027,54.58258]}},{"type":"Feature","properties":{"asset_number":"node/7132102421","asset_type":"transformer","asset_class":"secondary","nominal_rating":500.0,"nominal_rating_unit_of_measurement":"kVA","rating_kva":500.0,"voltage":null,"voltage_kv":null,"rated_primary_voltage":null,"rated_primary_voltage_unit_of_measurement":null,"site_name":null,"site_postcode":null,"site_town_city":"Belfast","site_county":"County Antrim / County Down","year_of_manufacture":null,"source":"OSM power asset proxy","source_id":"node/7132102421","data_support":"osm-proxy","rating_support":"default-by-class","official_source_status":"NIE metadata visible; record API not visible to this builder"},"geometry":{"type":"Point","coordinates":[-5.786366,54.596106]}},{"type":"Feature","properties":{"asset_number":"node/7132102422","asset_type":"transformer","asset_class":"secondary","nominal_rating":500.0,"nominal_rating_unit_of_measurement":"kVA","rating_kva":500.0,"voltage":null,"voltage_kv":null,"rated_primary_voltage":null,"rated_primary_voltage_unit_of_measurement":null,"site_name":null,"site_postcode":null,"site_town_city":"Belfast","site_county":"County Antrim / County Down","year_of_manufacture":null,"source":"OSM power asset proxy","source_id":"node/7132102422","data_support":"osm-proxy","rating_support":"default-by-class","official_source_status":"NIE metadata visible; record API not visible to this builder"},"geometry":{"type":"Point","coordinates":[-5.786478,54.59612]}},{"type":"Feature","properties":{"asset_number":"node/7832837499","asset_type":"transformer","asset_class":"secondary","nominal_rating":500.0,"nominal_rating_unit_of_measurement":"kVA","rating_kva":500.0,"voltage":null,"voltage_kv":null,"rated_primary_voltage":null,"rated_primary_voltage_unit_of_measurement":null,"site_name":null,"site_postcode":null,"site_town_city":"Belfast","site_county":"County Antrim / County Down","year_of_manufacture":null,"source":"OSM power asset proxy","source_id":"node/7832837499","data_support":"osm-proxy","rating_support":"default-by-class","official_source_status":"NIE metadata visible; record API not visible to this builder"},"geometry":{"type":"Point","coordinates":[-5.950757,54.593028]}},{"type":"Feature","properties":{"asset_number":"node/7832837500","asset_type":"transformer","asset_class":"secondary","nominal_rating":500.0,"nominal_rating_unit_of_measurement":"kVA","rating_kva":500.0,"voltage":null,"voltage_kv":null,"rated_primary_voltage":null,"rated_primary_voltage_unit_of_measurement":null,"site_name":null,"site_postcode":null,"site_town_city":"Belfast","site_county":"County Antrim / County Down","year_of_manufacture":null,"source":"OSM power asset proxy","source_id":"node/7832837500","data_support":"osm-proxy","rating_support":"default-by-class","official_source_status":"NIE metadata visible; record API not visible to this builder"},"geometry":{"type":"Point","coordinates":[-5.950839,54.593094]}},{"type":"Feature","properties":{"asset_number":"node/7832837501","asset_type":"transformer","asset_class":"secondary","nominal_rating":500.0,"nominal_rating_unit_of_measurement":"kVA","rating_kva":500.0,"voltage":null,"voltage_kv":null,"rated_primary_voltage":null,"rated_primary_voltage_unit_of_measurement":null,"site_name":null,"site_postcode":null,"site_town_city":"Belfast","site_county":"County Antrim / County Down","year_of_manufacture":null,"source":"OSM power asset proxy","source_id":"node/7832837501","data_support":"osm-proxy","rating_support":"default-by-class","official_source_status":"NIE metadata visible; record API not visible to this builder"},"geometry":{"type":"Point","coordinates":[-5.950943,54.593179]}},{"type":"Feature","properties":{"asset_number":"node/7832837502","asset_type":"transformer","asset_class":"secondary","nominal_rating":500.0,"nominal_rating_unit_of_measurement":"kVA","rating_kva":500.0,"voltage":null,"voltage_kv":null,"rated_primary_voltage":null,"rated_primary_voltage_unit_of_measurement":null,"site_name":null,"site_postcode":null,"site_town_city":"Belfast","site_county":"County Antrim / County Down","year_of_manufacture":null,"source":"OSM power asset proxy","source_id":"node/7832837502","data_support":"osm-proxy","rating_support":"default-by-class","official_source_status":"NIE metadata visible; record API not visible to this builder"},"geometry":{"type":"Point","coordinates":[-5.951029,54.593267]}},{"type":"Feature","properties":{"asset_number":"node/7877812574","asset_type":"transformer","asset_class":"secondary","nominal_rating":500.0,"nominal_rating_unit_of_measurement":"kVA","rating_kva":500.0,"voltage":null,"voltage_kv":null,"rated_primary_voltage":null,"rated_primary_voltage_unit_of_measurement":null,"site_name":null,"site_postcode":null,"site_town_city":"Belfast","site_county":"County Antrim / County Down","year_of_manufacture":null,"source":"OSM power asset proxy","source_id":"node/7877812574","data_support":"osm-proxy","rating_support":"default-by-class","official_source_status":"NIE metadata visible; record API not visible to this builder"},"geometry":{"type":"Point","coordinates":[-6.011544,54.537203]}},{"type":"Feature","properties":{"asset_number":"node/9127359813","asset_type":"transformer","asset_class":"secondary","nominal_rating":500.0,"nominal_rating_unit_of_measurement":"kVA","rating_kva":500.0,"voltage":null,"voltage_kv":null,"rated_primary_voltage":null,"rated_primary_voltage_unit_of_measurement":null,"site_name":null,"site_postcode":null,"site_town_city":"Belfast","site_county":"County Antrim / County Down","year_of_manufacture":null,"source":"OSM power asset proxy","source_id":"node/9127359813","data_support":"osm-proxy","rating_support":"default-by-class","official_source_status":"NIE metadata visible; record API not visible to this builder"},"geometry":{"type":"Point","coordinates":[-5.90541,54.609498]}},{"type":"Feature","properties":{"asset_number":"node/9354199334","asset_type":"transformer","asset_class":"secondary","nominal_rating":500.0,"nominal_rating_unit_of_measurement":"kVA","rating_kva":500.0,"voltage":null,"voltage_kv":null,"rated_primary_voltage":null,"rated_primary_voltage_unit_of_measurement":null,"site_name":null,"site_postcode":null,"site_town_city":"Belfast","site_county":"County Antrim / County Down","year_of_manufacture":null,"source":"OSM power asset proxy","source_id":"node/9354199334","data_support":"osm-proxy","rating_support":"default-by-class","official_source_status":"NIE metadata visible; record API not visible to this builder"},"geometry":{"type":"Point","coordinates":[-6.012675,54.546312]}},{"type":"Feature","properties":{"asset_number":"node/9354199335","asset_type":"transformer","asset_class":"secondary","nominal_rating":500.0,"nominal_rating_unit_of_measurement":"kVA","rating_kva":500.0,"voltage":null,"voltage_kv":null,"rated_primary_voltage":null,"rated_primary_voltage_unit_of_measurement":null,"site_name":null,"site_postcode":null,"site_town_city":"Belfast","site_county":"County Antrim / County Down","year_of_manufacture":null,"source":"OSM power asset proxy","source_id":"node/9354199335","data_support":"osm-proxy","rating_support":"default-by-class","official_source_status":"NIE metadata visible; record API not visible to this builder"},"geometry":{"type":"Point","coordinates":[-6.013325,54.54531]}},{"type":"Feature","properties":{"asset_number":"node/9354201397","asset_type":"transformer","asset_class":"secondary","nominal_rating":500.0,"nominal_rating_unit_of_measurement":"kVA","rating_kva":500.0,"voltage":null,"voltage_kv":null,"rated_primary_voltage":null,"rated_primary_voltage_unit_of_measurement":null,"site_name":"Hill Street Substation","site_postcode":null,"site_town_city":"Belfast","site_county":"County Antrim / County Down","year_of_manufacture":null,"source":"OSM power asset proxy","source_id":"node/9354201397","data_support":"osm-proxy","rating_support":"default-by-class","official_source_status":"NIE metadata visible; record API not visible to this builder"},"geometry":{"type":"Point","coordinates":[-5.926616,54.601569]}},{"type":"Feature","properties":{"asset_number":"node/9532802229","asset_type":"transformer","asset_class":"secondary","nominal_rating":500.0,"nominal_rating_unit_of_measurement":"kVA","rating_kva":500.0,"voltage":null,"voltage_kv":null,"rated_primary_voltage":null,"rated_primary_voltage_unit_of_measurement":null,"site_name":null,"site_postcode":null,"site_town_city":"Belfast","site_county":"County Antrim / County Down","year_of_manufacture":null,"source":"OSM power asset proxy","source_id":"node/9532802229","data_support":"osm-proxy","rating_support":"default-by-class","official_source_status":"NIE metadata visible; record API not visible to this builder"},"geometry":{"type":"Point","coordinates":[-5.977499,54.599171]}},{"type":"Feature","properties":{"asset_number":"node/9532802230","asset_type":"transformer","asset_class":"secondary","nominal_rating":500.0,"nominal_rating_unit_of_measurement":"kVA","rating_kva":500.0,"voltage":null,"voltage_kv":null,"rated_primary_voltage":null,"rated_primary_voltage_unit_of_measurement":null,"site_name":null,"site_postcode":null,"site_town_city":"Belfast","site_county":"County Antrim / County Down","year_of_manufacture":null,"source":"OSM power asset proxy","source_id":"node/9532802230","data_support":"osm-proxy","rating_support":"default-by-class","official_source_status":"NIE metadata visible; record API not visible to this builder"},"geometry":{"type":"Point","coordinates":[-5.974792,54.600944]}},{"type":"Feature","properties":{"asset_number":"node/9555676289","asset_type":"transformer","asset_class":"secondary","nominal_rating":500.0,"nominal_rating_unit_of_measurement":"kVA","rating_kva":500.0,"voltage":null,"voltage_kv":null,"rated_primary_voltage":null,"rated_primary_voltage_unit_of_measurement":null,"site_name":null,"site_postcode":null,"site_town_city":"Belfast","site_county":"County Antrim / County Down","year_of_manufacture":null,"source":"OSM power asset proxy","source_id":"node/9555676289","data_support":"osm-proxy","rating_support":"default-by-class","official_source_status":"NIE metadata visible; record API not visible to this builder"},"geometry":{"type":"Point","coordinates":[-6.020214,54.687368]}},{"type":"Feature","properties":{"asset_number":"node/9555676290","asset_type":"transformer","asset_class":"secondary","nominal_rating":500.0,"nominal_rating_unit_of_measurement":"kVA","rating_kva":500.0,"voltage":null,"voltage_kv":null,"rated_primary_voltage":null,"rated_primary_voltage_unit_of_measurement":null,"site_name":null,"site_postcode":null,"site_town_city":"Belfast","site_county":"County Antrim / County Down","year_of_manufacture":null,"source":"OSM power asset proxy","source_id":"node/9555676290","data_support":"osm-proxy","rating_support":"default-by-class","official_source_status":"NIE metadata visible; record API not visible to this builder"},"geometry":{"type":"Point","coordinates":[-6.020352,54.687346]}},{"type":"Feature","properties":{"asset_number":"node/9559912459","asset_type":"transformer","asset_class":"secondary","nominal_rating":500.0,"nominal_rating_unit_of_measurement":"kVA","rating_kva":500.0,"voltage":null,"voltage_kv":null,"rated_primary_voltage":null,"rated_primary_voltage_unit_of_measurement":null,"site_name":null,"site_postcode":null,"site_town_city":"Belfast","site_county":"County Antrim / County Down","year_of_manufacture":null,"source":"OSM power asset proxy","source_id":"node/9559912459","data_support":"osm-proxy","rating_support":"default-by-class","official_source_status":"NIE metadata visible; record API not visible to this builder"},"geometry":{"type":"Point","coordinates":[-5.980847,54.671539]}},{"type":"Feature","properties":{"asset_number":"node/9559994449","asset_type":"transformer","asset_class":"secondary","nominal_rating":500.0,"nominal_rating_unit_of_measurement":"kVA","rating_kva":500.0,"voltage":null,"voltage_kv":null,"rated_primary_voltage":null,"rated_primary_voltage_unit_of_measurement":null,"site_name":null,"site_postcode":null,"site_town_city":"Belfast","site_county":"County Antrim / County Down","year_of_manufacture":null,"source":"OSM power asset proxy","source_id":"node/9559994449","data_support":"osm-proxy","rating_support":"default-by-class","official_source_status":"NIE metadata visible; record API not visible to this builder"},"geometry":{"type":"Point","coordinates":[-5.965818,54.676395]}},{"type":"Feature","properties":{"asset_number":"node/9559994450","asset_type":"transformer","asset_class":"secondary","nominal_rating":500.0,"nominal_rating_unit_of_measurement":"kVA","rating_kva":500.0,"voltage":null,"voltage_kv":null,"rated_primary_voltage":null,"rated_primary_voltage_unit_of_measurement":null,"site_name":null,"site_postcode":null,"site_town_city":"Belfast","site_county":"County Antrim / County Down","year_of_manufacture":null,"source":"OSM power asset proxy","source_id":"node/9559994450","data_support":"osm-proxy","rating_support":"default-by-class","official_source_status":"NIE metadata visible; record API not visible to this builder"},"geometry":{"type":"Point","coordinates":[-5.953736,54.686612]}},{"type":"Feature","properties":{"asset_number":"node/9559994451","asset_type":"transformer","asset_class":"secondary","nominal_rating":500.0,"nominal_rating_unit_of_measurement":"kVA","rating_kva":500.0,"voltage":null,"voltage_kv":null,"rated_primary_voltage":null,"rated_primary_voltage_unit_of_measurement":null,"site_name":null,"site_postcode":null,"site_town_city":"Belfast","site_county":"County Antrim / County Down","year_of_manufacture":null,"source":"OSM power asset proxy","source_id":"node/9559994451","data_support":"osm-proxy","rating_support":"default-by-class","official_source_status":"NIE metadata visible; record API not visible to this builder"},"geometry":{"type":"Point","coordinates":[-5.954101,54.686608]}},{"type":"Feature","properties":{"asset_number":"node/9559994452","asset_type":"transformer","asset_class":"secondary","nominal_rating":500.0,"nominal_rating_unit_of_measurement":"kVA","rating_kva":500.0,"voltage":null,"voltage_kv":null,"rated_primary_voltage":null,"rated_primary_voltage_unit_of_measurement":null,"site_name":null,"site_postcode":null,"site_town_city":"Belfast","site_county":"County Antrim / County Down","year_of_manufacture":null,"source":"OSM power asset proxy","source_id":"node/9559994452","data_support":"osm-proxy","rating_support":"default-by-class","official_source_status":"NIE metadata visible; record API not visible to this builder"},"geometry":{"type":"Point","coordinates":[-5.954237,54.686613]}},{"type":"Feature","properties":{"asset_number":"node/9559994458","asset_type":"transformer","asset_class":"secondary","nominal_rating":500.0,"nominal_rating_unit_of_measurement":"kVA","rating_kva":500.0,"voltage":null,"voltage_kv":null,"rated_primary_voltage":null,"rated_primary_voltage_unit_of_measurement":null,"site_name":null,"site_postcode":null,"site_town_city":"Belfast","site_county":"County Antrim / County Down","year_of_manufacture":null,"source":"OSM power asset proxy","source_id":"node/9559994458","data_support":"osm-proxy","rating_support":"default-by-class","official_source_status":"NIE metadata visible; record API not visible to this builder"},"geometry":{"type":"Point","coordinates":[-5.953657,54.687041]}},{"type":"Feature","properties":{"asset_number":"node/9559994459","asset_type":"transformer","asset_class":"secondary","nominal_rating":500.0,"nominal_rating_unit_of_measurement":"kVA","rating_kva":500.0,"voltage":null,"voltage_kv":null,"rated_primary_voltage":null,"rated_primary_voltage_unit_of_measurement":null,"site_name":null,"site_postcode":null,"site_town_city":"Belfast","site_county":"County Antrim / County Down","year_of_manufacture":null,"source":"OSM power asset proxy","source_id":"node/9559994459","data_support":"osm-proxy","rating_support":"default-by-class","official_source_status":"NIE metadata visible; record API not visible to this builder"},"geometry":{"type":"Point","coordinates":[-5.91724,54.685301]}},{"type":"Feature","properties":{"asset_number":"node/9559994460","asset_type":"transformer","asset_class":"secondary","nominal_rating":500.0,"nominal_rating_unit_of_measurement":"kVA","rating_kva":500.0,"voltage":null,"voltage_kv":null,"rated_primary_voltage":null,"rated_primary_voltage_unit_of_measurement":null,"site_name":null,"site_postcode":null,"site_town_city":"Belfast","site_county":"County Antrim / County Down","year_of_manufacture":null,"source":"OSM power asset proxy","source_id":"node/9559994460","data_support":"osm-proxy","rating_support":"default-by-class","official_source_status":"NIE metadata visible; record API not visible to this builder"},"geometry":{"type":"Point","coordinates":[-5.917371,54.685307]}},{"type":"Feature","properties":{"asset_number":"node/9560162420","asset_type":"transformer","asset_class":"secondary","nominal_rating":500.0,"nominal_rating_unit_of_measurement":"kVA","rating_kva":500.0,"voltage":null,"voltage_kv":null,"rated_primary_voltage":null,"rated_primary_voltage_unit_of_measurement":null,"site_name":null,"site_postcode":null,"site_town_city":"Belfast","site_county":"County Antrim / County Down","year_of_manufacture":null,"source":"OSM power asset proxy","source_id":"node/9560162420","data_support":"osm-proxy","rating_support":"default-by-class","official_source_status":"NIE metadata visible; record API not visible to this builder"},"geometry":{"type":"Point","coordinates":[-5.924419,54.604537]}},{"type":"Feature","properties":{"asset_number":"node/9560162421","asset_type":"transformer","asset_class":"secondary","nominal_rating":500.0,"nominal_rating_unit_of_measurement":"kVA","rating_kva":500.0,"voltage":null,"voltage_kv":null,"rated_primary_voltage":null,"rated_primary_voltage_unit_of_measurement":null,"site_name":null,"site_postcode":null,"site_town_city":"Belfast","site_county":"County Antrim / County Down","year_of_manufacture":null,"source":"OSM power asset proxy","source_id":"node/9560162421","data_support":"osm-proxy","rating_support":"default-by-class","official_source_status":"NIE metadata visible; record API not visible to this builder"},"geometry":{"type":"Point","coordinates":[-5.924548,54.604591]}},{"type":"Feature","properties":{"asset_number":"node/9560162422","asset_type":"transformer","asset_class":"secondary","nominal_rating":500.0,"nominal_rating_unit_of_measurement":"kVA","rating_kva":500.0,"voltage":null,"voltage_kv":null,"rated_primary_voltage":null,"rated_primary_voltage_unit_of_measurement":null,"site_name":null,"site_postcode":null,"site_town_city":"Belfast","site_county":"County Antrim / County Down","year_of_manufacture":null,"source":"OSM power asset proxy","source_id":"node/9560162422","data_support":"osm-proxy","rating_support":"default-by-class","official_source_status":"NIE metadata visible; record API not visible to this builder"},"geometry":{"type":"Point","coordinates":[-5.924957,54.604994]}},{"type":"Feature","properties":{"asset_number":"node/9560162423","asset_type":"transformer","asset_class":"secondary","nominal_rating":500.0,"nominal_rating_unit_of_measurement":"kVA","rating_kva":500.0,"voltage":null,"voltage_kv":null,"rated_primary_voltage":null,"rated_primary_voltage_unit_of_measurement":null,"site_name":null,"site_postcode":null,"site_town_city":"Belfast","site_county":"County Antrim / County Down","year_of_manufacture":null,"source":"OSM power asset proxy","source_id":"node/9560162423","data_support":"osm-proxy","rating_support":"default-by-class","official_source_status":"NIE metadata visible; record API not visible to this builder"},"geometry":{"type":"Point","coordinates":[-5.924866,54.605089]}},{"type":"Feature","properties":{"asset_number":"node/9560162424","asset_type":"transformer","asset_class":"secondary","nominal_rating":500.0,"nominal_rating_unit_of_measurement":"kVA","rating_kva":500.0,"voltage":null,"voltage_kv":null,"rated_primary_voltage":null,"rated_primary_voltage_unit_of_measurement":null,"site_name":null,"site_postcode":null,"site_town_city":"Belfast","site_county":"County Antrim / County Down","year_of_manufacture":null,"source":"OSM power asset proxy","source_id":"node/9560162424","data_support":"osm-proxy","rating_support":"default-by-class","official_source_status":"NIE metadata visible; record API not visible to this builder"},"geometry":{"type":"Point","coordinates":[-5.924637,54.604663]}},{"type":"Feature","properties":{"asset_number":"node/9560162425","asset_type":"transformer","asset_class":"secondary","nominal_rating":500.0,"nominal_rating_unit_of_measurement":"kVA","rating_kva":500.0,"voltage":null,"voltage_kv":null,"rated_primary_voltage":null,"rated_primary_voltage_unit_of_measurement":null,"site_name":null,"site_postcode":null,"site_town_city":"Belfast","site_county":"County Antrim / County Down","year_of_manufacture":null,"source":"OSM power asset proxy","source_id":"node/9560162425","data_support":"osm-proxy","rating_support":"default-by-class","official_source_status":"NIE metadata visible; record API not visible to this builder"},"geometry":{"type":"Point","coordinates":[-5.924672,54.604634]}},{"type":"Feature","properties":{"asset_number":"node/9569281986","asset_type":"transformer","asset_class":"secondary","nominal_rating":500.0,"nominal_rating_unit_of_measurement":"kVA","rating_kva":500.0,"voltage":null,"voltage_kv":null,"rated_primary_voltage":null,"rated_primary_voltage_unit_of_measurement":null,"site_name":null,"site_postcode":null,"site_town_city":"Belfast","site_county":"County Antrim / County Down","year_of_manufacture":null,"source":"OSM power asset proxy","source_id":"node/9569281986","data_support":"osm-proxy","rating_support":"default-by-class","official_source_status":"NIE metadata visible; record API not visible to this builder"},"geometry":{"type":"Point","coordinates":[-5.864639,54.573013]}},{"type":"Feature","properties":{"asset_number":"node/9581400474","asset_type":"transformer","asset_class":"secondary","nominal_rating":500.0,"nominal_rating_unit_of_measurement":"kVA","rating_kva":500.0,"voltage":null,"voltage_kv":null,"rated_primary_voltage":null,"rated_primary_voltage_unit_of_measurement":null,"site_name":null,"site_postcode":null,"site_town_city":"Belfast","site_county":"County Antrim / County Down","year_of_manufacture":null,"source":"OSM power asset proxy","source_id":"node/9581400474","data_support":"osm-proxy","rating_support":"default-by-class","official_source_status":"NIE metadata visible; record API not visible to this builder"},"geometry":{"type":"Point","coordinates":[-5.964007,54.693442]}},{"type":"Feature","properties":{"asset_number":"node/9581400475","asset_type":"transformer","asset_class":"secondary","nominal_rating":500.0,"nominal_rating_unit_of_measurement":"kVA","rating_kva":500.0,"voltage":null,"voltage_kv":null,"rated_primary_voltage":null,"rated_primary_voltage_unit_of_measurement":null,"site_name":null,"site_postcode":null,"site_town_city":"Belfast","site_county":"County Antrim / County Down","year_of_manufacture":null,"source":"OSM power asset proxy","source_id":"node/9581400475","data_support":"osm-proxy","rating_support":"default-by-class","official_source_status":"NIE metadata visible; record API not visible to this builder"},"geometry":{"type":"Point","coordinates":[-5.963899,54.693389]}},{"type":"Feature","properties":{"asset_number":"node/9581503344","asset_type":"transformer","asset_class":"secondary","nominal_rating":500.0,"nominal_rating_unit_of_measurement":"kVA","rating_kva":500.0,"voltage":null,"voltage_kv":null,"rated_primary_voltage":null,"rated_primary_voltage_unit_of_measurement":null,"site_name":null,"site_postcode":null,"site_town_city":"Belfast","site_county":"County Antrim / County Down","year_of_manufacture":null,"source":"OSM power asset proxy","source_id":"node/9581503344","data_support":"osm-proxy","rating_support":"default-by-class","official_source_status":"NIE metadata visible; record API not visible to this builder"},"geometry":{"type":"Point","coordinates":[-6.072452,54.524212]}},{"type":"Feature","properties":{"asset_number":"node/9581772424","asset_type":"transformer","asset_class":"secondary","nominal_rating":500.0,"nominal_rating_unit_of_measurement":"kVA","rating_kva":500.0,"voltage":null,"voltage_kv":null,"rated_primary_voltage":null,"rated_primary_voltage_unit_of_measurement":null,"site_name":null,"site_postcode":null,"site_town_city":"Belfast","site_county":"County Antrim / County Down","year_of_manufacture":null,"source":"OSM power asset proxy","source_id":"node/9581772424","data_support":"osm-proxy","rating_support":"default-by-class","official_source_status":"NIE metadata visible; record API not visible to this builder"},"geometry":{"type":"Point","coordinates":[-5.963363,54.620255]}},{"type":"Feature","properties":{"asset_number":"node/9581772425","asset_type":"transformer","asset_class":"secondary","nominal_rating":500.0,"nominal_rating_unit_of_measurement":"kVA","rating_kva":500.0,"voltage":null,"voltage_kv":null,"rated_primary_voltage":null,"rated_primary_voltage_unit_of_measurement":null,"site_name":null,"site_postcode":null,"site_town_city":"Belfast","site_county":"County Antrim / County Down","year_of_manufacture":null,"source":"OSM power asset proxy","source_id":"node/9581772425","data_support":"osm-proxy","rating_support":"default-by-class","official_source_status":"NIE metadata visible; record API not visible to this builder"},"geometry":{"type":"Point","coordinates":[-5.963282,54.620324]}},{"type":"Feature","properties":{"asset_number":"node/9591009482","asset_type":"transformer","asset_class":"secondary","nominal_rating":500.0,"nominal_rating_unit_of_measurement":"kVA","rating_kva":500.0,"voltage":null,"voltage_kv":null,"rated_primary_voltage":null,"rated_primary_voltage_unit_of_measurement":null,"site_name":null,"site_postcode":null,"site_town_city":"Belfast","site_county":"County Antrim / County Down","year_of_manufacture":null,"source":"OSM power asset proxy","source_id":"node/9591009482","data_support":"osm-proxy","rating_support":"default-by-class","official_source_status":"NIE metadata visible; record API not visible to this builder"},"geometry":{"type":"Point","coordinates":[-5.938681,54.587435]}},{"type":"Feature","properties":{"asset_number":"node/9591017848","asset_type":"transformer","asset_class":"secondary","nominal_rating":500.0,"nominal_rating_unit_of_measurement":"kVA","rating_kva":500.0,"voltage":null,"voltage_kv":null,"rated_primary_voltage":null,"rated_primary_voltage_unit_of_measurement":null,"site_name":null,"site_postcode":null,"site_town_city":"Belfast","site_county":"County Antrim / County Down","year_of_manufacture":null,"source":"OSM power asset proxy","source_id":"node/9591017848","data_support":"osm-proxy","rating_support":"default-by-class","official_source_status":"NIE metadata visible; record API not visible to this builder"},"geometry":{"type":"Point","coordinates":[-5.93859,54.587367]}},{"type":"Feature","properties":{"asset_number":"node/9591094286","asset_type":"transformer","asset_class":"secondary","nominal_rating":500.0,"nominal_rating_unit_of_measurement":"kVA","rating_kva":500.0,"voltage":null,"voltage_kv":null,"rated_primary_voltage":null,"rated_primary_voltage_unit_of_measurement":null,"site_name":null,"site_postcode":null,"site_town_city":"Belfast","site_county":"County Antrim / County Down","year_of_manufacture":null,"source":"OSM power asset proxy","source_id":"node/9591094286","data_support":"osm-proxy","rating_support":"default-by-class","official_source_status":"NIE metadata visible; record API not visible to this builder"},"geometry":{"type":"Point","coordinates":[-5.923481,54.54985]}},{"type":"Feature","properties":{"asset_number":"node/9591094287","asset_type":"transformer","asset_class":"secondary","nominal_rating":500.0,"nominal_rating_unit_of_measurement":"kVA","rating_kva":500.0,"voltage":null,"voltage_kv":null,"rated_primary_voltage":null,"rated_primary_voltage_unit_of_measurement":null,"site_name":null,"site_postcode":null,"site_town_city":"Belfast","site_county":"County Antrim / County Down","year_of_manufacture":null,"source":"OSM power asset proxy","source_id":"node/9591094287","data_support":"osm-proxy","rating_support":"default-by-class","official_source_status":"NIE metadata visible; record API not visible to this builder"},"geometry":{"type":"Point","coordinates":[-5.923285,54.550013]}},{"type":"Feature","properties":{"asset_number":"node/9591094292","asset_type":"transformer","asset_class":"secondary","nominal_rating":500.0,"nominal_rating_unit_of_measurement":"kVA","rating_kva":500.0,"voltage":null,"voltage_kv":null,"rated_primary_voltage":null,"rated_primary_voltage_unit_of_measurement":null,"site_name":null,"site_postcode":null,"site_town_city":"Belfast","site_county":"County Antrim / County Down","year_of_manufacture":null,"source":"OSM power asset proxy","source_id":"node/9591094292","data_support":"osm-proxy","rating_support":"default-by-class","official_source_status":"NIE metadata visible; record API not visible to this builder"},"geometry":{"type":"Point","coordinates":[-5.923395,54.55013]}},{"type":"Feature","properties":{"asset_number":"node/9591094429","asset_type":"transformer","asset_class":"secondary","nominal_rating":500.0,"nominal_rating_unit_of_measurement":"kVA","rating_kva":500.0,"voltage":null,"voltage_kv":null,"rated_primary_voltage":null,"rated_primary_voltage_unit_of_measurement":null,"site_name":null,"site_postcode":null,"site_town_city":"Belfast","site_county":"County Antrim / County Down","year_of_manufacture":null,"source":"OSM power asset proxy","source_id":"node/9591094429","data_support":"osm-proxy","rating_support":"default-by-class","official_source_status":"NIE metadata visible; record API not visible to this builder"},"geometry":{"type":"Point","coordinates":[-5.910414,54.631333]}},{"type":"Feature","properties":{"asset_number":"node/9591094430","asset_type":"transformer","asset_class":"secondary","nominal_rating":500.0,"nominal_rating_unit_of_measurement":"kVA","rating_kva":500.0,"voltage":null,"voltage_kv":null,"rated_primary_voltage":null,"rated_primary_voltage_unit_of_measurement":null,"site_name":null,"site_postcode":null,"site_town_city":"Belfast","site_county":"County Antrim / County Down","year_of_manufacture":null,"source":"OSM power asset proxy","source_id":"node/9591094430","data_support":"osm-proxy","rating_support":"default-by-class","official_source_status":"NIE metadata visible; record API not visible to this builder"},"geometry":{"type":"Point","coordinates":[-5.910553,54.631334]}},{"type":"Feature","properties":{"asset_number":"node/9591137214","asset_type":"transformer","asset_class":"secondary","nominal_rating":500.0,"nominal_rating_unit_of_measurement":"kVA","rating_kva":500.0,"voltage":null,"voltage_kv":null,"rated_primary_voltage":null,"rated_primary_voltage_unit_of_measurement":null,"site_name":null,"site_postcode":null,"site_town_city":"Belfast","site_county":"County Antrim / County Down","year_of_manufacture":null,"source":"OSM power asset proxy","source_id":"node/9591137214","data_support":"osm-proxy","rating_support":"default-by-class","official_source_status":"NIE metadata visible; record API not visible to this builder"},"geometry":{"type":"Point","coordinates":[-5.964067,54.600807]}},{"type":"Feature","properties":{"asset_number":"node/9591137215","asset_type":"transformer","asset_class":"secondary","nominal_rating":500.0,"nominal_rating_unit_of_measurement":"kVA","rating_kva":500.0,"voltage":null,"voltage_kv":null,"rated_primary_voltage":null,"rated_primary_voltage_unit_of_measurement":null,"site_name":null,"site_postcode":null,"site_town_city":"Belfast","site_county":"County Antrim / County Down","year_of_manufacture":null,"source":"OSM power asset proxy","source_id":"node/9591137215","data_support":"osm-proxy","rating_support":"default-by-class","official_source_status":"NIE metadata visible; record API not visible to this builder"},"geometry":{"type":"Point","coordinates":[-5.963996,54.600744]}},{"type":"Feature","properties":{"asset_number":"node/9591151107","asset_type":"transformer","asset_class":"secondary","nominal_rating":500.0,"nominal_rating_unit_of_measurement":"kVA","rating_kva":500.0,"voltage":null,"voltage_kv":null,"rated_primary_voltage":null,"rated_primary_voltage_unit_of_measurement":null,"site_name":null,"site_postcode":null,"site_town_city":"Belfast","site_county":"County Antrim / County Down","year_of_manufacture":null,"source":"OSM power asset proxy","source_id":"node/9591151107","data_support":"osm-proxy","rating_support":"default-by-class","official_source_status":"NIE metadata visible; record API not visible to this builder"},"geometry":{"type":"Point","coordinates":[-5.94937,54.581297]}},{"type":"Feature","properties":{"asset_number":"node/9591151108","asset_type":"transformer","asset_class":"secondary","nominal_rating":500.0,"nominal_rating_unit_of_measurement":"kVA","rating_kva":500.0,"voltage":null,"voltage_kv":null,"rated_primary_voltage":null,"rated_primary_voltage_unit_of_measurement":null,"site_name":null,"site_postcode":null,"site_town_city":"Belfast","site_county":"County Antrim / County Down","year_of_manufacture":null,"source":"OSM power asset proxy","source_id":"node/9591151108","data_support":"osm-proxy","rating_support":"default-by-class","official_source_status":"NIE metadata visible; record API not visible to this builder"},"geometry":{"type":"Point","coordinates":[-5.949396,54.581238]}},{"type":"Feature","properties":{"asset_number":"node/9591151109","asset_type":"transformer","asset_class":"secondary","nominal_rating":500.0,"nominal_rating_unit_of_measurement":"kVA","rating_kva":500.0,"voltage":null,"voltage_kv":null,"rated_primary_voltage":null,"rated_primary_voltage_unit_of_measurement":null,"site_name":null,"site_postcode":null,"site_town_city":"Belfast","site_county":"County Antrim / County Down","year_of_manufacture":null,"source":"OSM power asset proxy","source_id":"node/9591151109","data_support":"osm-proxy","rating_support":"default-by-class","official_source_status":"NIE metadata visible; record API not visible to this builder"},"geometry":{"type":"Point","coordinates":[-5.949707,54.581301]}},{"type":"Feature","properties":{"asset_number":"node/9591157494","asset_type":"transformer","asset_class":"secondary","nominal_rating":500.0,"nominal_rating_unit_of_measurement":"kVA","rating_kva":500.0,"voltage":null,"voltage_kv":null,"rated_primary_voltage":null,"rated_primary_voltage_unit_of_measurement":null,"site_name":null,"site_postcode":null,"site_town_city":"Belfast","site_county":"County Antrim / County Down","year_of_manufacture":null,"source":"OSM power asset proxy","source_id":"node/9591157494","data_support":"osm-proxy","rating_support":"default-by-class","official_source_status":"NIE metadata visible; record API not visible to this builder"},"geometry":{"type":"Point","coordinates":[-5.887041,54.596505]}},{"type":"Feature","properties":{"asset_number":"node/9591157495","asset_type":"transformer","asset_class":"secondary","nominal_rating":500.0,"nominal_rating_unit_of_measurement":"kVA","rating_kva":500.0,"voltage":null,"voltage_kv":null,"rated_primary_voltage":null,"rated_primary_voltage_unit_of_measurement":null,"site_name":null,"site_postcode":null,"site_town_city":"Belfast","site_county":"County Antrim / County Down","year_of_manufacture":null,"source":"OSM power asset proxy","source_id":"node/9591157495","data_support":"osm-proxy","rating_support":"default-by-class","official_source_status":"NIE metadata visible; record API not visible to this builder"},"geometry":{"type":"Point","coordinates":[-5.886945,54.596527]}},{"type":"Feature","properties":{"asset_number":"node/9591165317","asset_type":"transformer","asset_class":"secondary","nominal_rating":500.0,"nominal_rating_unit_of_measurement":"kVA","rating_kva":500.0,"voltage":null,"voltage_kv":null,"rated_primary_voltage":null,"rated_primary_voltage_unit_of_measurement":null,"site_name":null,"site_postcode":null,"site_town_city":"Belfast","site_county":"County Antrim / County Down","year_of_manufacture":null,"source":"OSM power asset proxy","source_id":"node/9591165317","data_support":"osm-proxy","rating_support":"default-by-class","official_source_status":"NIE metadata visible; record API not visible to this builder"},"geometry":{"type":"Point","coordinates":[-5.873174,54.608]}},{"type":"Feature","properties":{"asset_number":"node/9591165318","asset_type":"transformer","asset_class":"secondary","nominal_rating":500.0,"nominal_rating_unit_of_measurement":"kVA","rating_kva":500.0,"voltage":null,"voltage_kv":null,"rated_primary_voltage":null,"rated_primary_voltage_unit_of_measurement":null,"site_name":null,"site_postcode":null,"site_town_city":"Belfast","site_county":"County Antrim / County Down","year_of_manufacture":null,"source":"OSM power asset proxy","source_id":"node/9591165318","data_support":"osm-proxy","rating_support":"default-by-class","official_source_status":"NIE metadata visible; record API not visible to this builder"},"geometry":{"type":"Point","coordinates":[-5.873001,54.607929]}},{"type":"Feature","properties":{"asset_number":"node/9591166632","asset_type":"transformer","asset_class":"secondary","nominal_rating":500.0,"nominal_rating_unit_of_measurement":"kVA","rating_kva":500.0,"voltage":null,"voltage_kv":null,"rated_primary_voltage":null,"rated_primary_voltage_unit_of_measurement":null,"site_name":null,"site_postcode":null,"site_town_city":"Belfast","site_county":"County Antrim / County Down","year_of_manufacture":null,"source":"OSM power asset proxy","source_id":"node/9591166632","data_support":"osm-proxy","rating_support":"default-by-class","official_source_status":"NIE metadata visible; record API not visible to this builder"},"geometry":{"type":"Point","coordinates":[-5.811546,54.593844]}},{"type":"Feature","properties":{"asset_number":"node/9591166633","asset_type":"transformer","asset_class":"secondary","nominal_rating":500.0,"nominal_rating_unit_of_measurement":"kVA","rating_kva":500.0,"voltage":null,"voltage_kv":null,"rated_primary_voltage":null,"rated_primary_voltage_unit_of_measurement":null,"site_name":null,"site_postcode":null,"site_town_city":"Belfast","site_county":"County Antrim / County Down","year_of_manufacture":null,"source":"OSM power asset proxy","source_id":"node/9591166633","data_support":"osm-proxy","rating_support":"default-by-class","official_source_status":"NIE metadata visible; record API not visible to this builder"},"geometry":{"type":"Point","coordinates":[-5.811917,54.593852]}},{"type":"Feature","properties":{"asset_number":"node/9591175924","asset_type":"transformer","asset_class":"secondary","nominal_rating":500.0,"nominal_rating_unit_of_measurement":"kVA","rating_kva":500.0,"voltage":null,"voltage_kv":null,"rated_primary_voltage":null,"rated_primary_voltage_unit_of_measurement":null,"site_name":null,"site_postcode":null,"site_town_city":"Belfast","site_county":"County Antrim / County Down","year_of_manufacture":null,"source":"OSM power asset proxy","source_id":"node/9591175924","data_support":"osm-proxy","rating_support":"default-by-class","official_source_status":"NIE metadata visible; record API not visible to this builder"},"geometry":{"type":"Point","coordinates":[-5.951298,54.594826]}},{"type":"Feature","properties":{"asset_number":"node/9591175925","asset_type":"transformer","asset_class":"secondary","nominal_rating":500.0,"nominal_rating_unit_of_measurement":"kVA","rating_kva":500.0,"voltage":null,"voltage_kv":null,"rated_primary_voltage":null,"rated_primary_voltage_unit_of_measurement":null,"site_name":null,"site_postcode":null,"site_town_city":"Belfast","site_county":"County Antrim / County Down","year_of_manufacture":null,"source":"OSM power asset proxy","source_id":"node/9591175925","data_support":"osm-proxy","rating_support":"default-by-class","official_source_status":"NIE metadata visible; record API not visible to this builder"},"geometry":{"type":"Point","coordinates":[-5.951319,54.594761]}},{"type":"Feature","properties":{"asset_number":"node/9591176736","asset_type":"transformer","asset_class":"secondary","nominal_rating":500.0,"nominal_rating_unit_of_measurement":"kVA","rating_kva":500.0,"voltage":null,"voltage_kv":null,"rated_primary_voltage":null,"rated_primary_voltage_unit_of_measurement":null,"site_name":null,"site_postcode":null,"site_town_city":"Belfast","site_county":"County Antrim / County Down","year_of_manufacture":null,"source":"OSM power asset proxy","source_id":"node/9591176736","data_support":"osm-proxy","rating_support":"default-by-class","official_source_status":"NIE metadata visible; record API not visible to this builder"},"geometry":{"type":"Point","coordinates":[-5.97867,54.565494]}},{"type":"Feature","properties":{"asset_number":"node/9591176737","asset_type":"transformer","asset_class":"secondary","nominal_rating":500.0,"nominal_rating_unit_of_measurement":"kVA","rating_kva":500.0,"voltage":null,"voltage_kv":null,"rated_primary_voltage":null,"rated_primary_voltage_unit_of_measurement":null,"site_name":null,"site_postcode":null,"site_town_city":"Belfast","site_county":"County Antrim / County Down","year_of_manufacture":null,"source":"OSM power asset proxy","source_id":"node/9591176737","data_support":"osm-proxy","rating_support":"default-by-class","official_source_status":"NIE metadata visible; record API not visible to this builder"},"geometry":{"type":"Point","coordinates":[-5.978784,54.565469]}},{"type":"Feature","properties":{"asset_number":"node/9591176738","asset_type":"transformer","asset_class":"secondary","nominal_rating":500.0,"nominal_rating_unit_of_measurement":"kVA","rating_kva":500.0,"voltage":null,"voltage_kv":null,"rated_primary_voltage":null,"rated_primary_voltage_unit_of_measurement":null,"site_name":null,"site_postcode":null,"site_town_city":"Belfast","site_county":"County Antrim / County Down","year_of_manufacture":null,"source":"OSM power asset proxy","source_id":"node/9591176738","data_support":"osm-proxy","rating_support":"default-by-class","official_source_status":"NIE metadata visible; record API not visible to this builder"},"geometry":{"type":"Point","coordinates":[-5.978901,54.565443]}},{"type":"Feature","properties":{"asset_number":"node/9591176875","asset_type":"transformer","asset_class":"secondary","nominal_rating":500.0,"nominal_rating_unit_of_measurement":"kVA","rating_kva":500.0,"voltage":null,"voltage_kv":null,"rated_primary_voltage":null,"rated_primary_voltage_unit_of_measurement":null,"site_name":null,"site_postcode":null,"site_town_city":"Belfast","site_county":"County Antrim / County Down","year_of_manufacture":null,"source":"OSM power asset proxy","source_id":"node/9591176875","data_support":"osm-proxy","rating_support":"default-by-class","official_source_status":"NIE metadata visible; record API not visible to this builder"},"geometry":{"type":"Point","coordinates":[-5.923818,54.574327]}},{"type":"Feature","properties":{"asset_number":"node/9591182398","asset_type":"transformer","asset_class":"secondary","nominal_rating":500.0,"nominal_rating_unit_of_measurement":"kVA","rating_kva":500.0,"voltage":null,"voltage_kv":null,"rated_primary_voltage":null,"rated_primary_voltage_unit_of_measurement":null,"site_name":null,"site_postcode":null,"site_town_city":"Belfast","site_county":"County Antrim / County Down","year_of_manufacture":null,"source":"OSM power asset proxy","source_id":"node/9591182398","data_support":"osm-proxy","rating_support":"default-by-class","official_source_status":"NIE metadata visible; record API not visible to this builder"},"geometry":{"type":"Point","coordinates":[-5.933994,54.588391]}},{"type":"Feature","properties":{"asset_number":"node/9591182399","asset_type":"transformer","asset_class":"secondary","nominal_rating":500.0,"nominal_rating_unit_of_measurement":"kVA","rating_kva":500.0,"voltage":null,"voltage_kv":null,"rated_primary_voltage":null,"rated_primary_voltage_unit_of_measurement":null,"site_name":null,"site_postcode":null,"site_town_city":"Belfast","site_county":"County Antrim / County Down","year_of_manufacture":null,"source":"OSM power asset proxy","source_id":"node/9591182399","data_support":"osm-proxy","rating_support":"default-by-class","official_source_status":"NIE metadata visible; record API not visible to this builder"},"geometry":{"type":"Point","coordinates":[-5.934167,54.58837]}},{"type":"Feature","properties":{"asset_number":"node/9591200358","asset_type":"transformer","asset_class":"secondary","nominal_rating":500.0,"nominal_rating_unit_of_measurement":"kVA","rating_kva":500.0,"voltage":null,"voltage_kv":null,"rated_primary_voltage":null,"rated_primary_voltage_unit_of_measurement":null,"site_name":null,"site_postcode":null,"site_town_city":"Belfast","site_county":"County Antrim / County Down","year_of_manufacture":null,"source":"OSM power asset proxy","source_id":"node/9591200358","data_support":"osm-proxy","rating_support":"default-by-class","official_source_status":"NIE metadata visible; record API not visible to this builder"},"geometry":{"type":"Point","coordinates":[-5.925951,54.596705]}},{"type":"Feature","properties":{"asset_number":"node/9591207474","asset_type":"transformer","asset_class":"secondary","nominal_rating":500.0,"nominal_rating_unit_of_measurement":"kVA","rating_kva":500.0,"voltage":null,"voltage_kv":null,"rated_primary_voltage":null,"rated_primary_voltage_unit_of_measurement":null,"site_name":null,"site_postcode":null,"site_town_city":"Belfast","site_county":"County Antrim / County Down","year_of_manufacture":null,"source":"OSM power asset proxy","source_id":"node/9591207474","data_support":"osm-proxy","rating_support":"default-by-class","official_source_status":"NIE metadata visible; record API not visible to this builder"},"geometry":{"type":"Point","coordinates":[-5.936752,54.666921]}},{"type":"Feature","properties":{"asset_number":"node/9591207475","asset_type":"transformer","asset_class":"secondary","nominal_rating":500.0,"nominal_rating_unit_of_measurement":"kVA","rating_kva":500.0,"voltage":null,"voltage_kv":null,"rated_primary_voltage":null,"rated_primary_voltage_unit_of_measurement":null,"site_name":null,"site_postcode":null,"site_town_city":"Belfast","site_county":"County Antrim / County Down","year_of_manufacture":null,"source":"OSM power asset proxy","source_id":"node/9591207475","data_support":"osm-proxy","rating_support":"default-by-class","official_source_status":"NIE metadata visible; record API not visible to this builder"},"geometry":{"type":"Point","coordinates":[-5.936822,54.666889]}},{"type":"Feature","properties":{"asset_number":"node/9591208425","asset_type":"transformer","asset_class":"secondary","nominal_rating":500.0,"nominal_rating_unit_of_measurement":"kVA","rating_kva":500.0,"voltage":null,"voltage_kv":null,"rated_primary_voltage":null,"rated_primary_voltage_unit_of_measurement":null,"site_name":null,"site_postcode":null,"site_town_city":"Belfast","site_county":"County Antrim / County Down","year_of_manufacture":null,"source":"OSM power asset proxy","source_id":"node/9591208425","data_support":"osm-proxy","rating_support":"default-by-class","official_source_status":"NIE metadata visible; record API not visible to this builder"},"geometry":{"type":"Point","coordinates":[-5.924057,54.574647]}},{"type":"Feature","properties":{"asset_number":"node/9591208426","asset_type":"transformer","asset_class":"secondary","nominal_rating":500.0,"nominal_rating_unit_of_measurement":"kVA","rating_kva":500.0,"voltage":null,"voltage_kv":null,"rated_primary_voltage":null,"rated_primary_voltage_unit_of_measurement":null,"site_name":null,"site_postcode":null,"site_town_city":"Belfast","site_county":"County Antrim / County Down","year_of_manufacture":null,"source":"OSM power asset proxy","source_id":"node/9591208426","data_support":"osm-proxy","rating_support":"default-by-class","official_source_status":"NIE metadata visible; record API not visible to this builder"},"geometry":{"type":"Point","coordinates":[-5.923946,54.574631]}},{"type":"Feature","properties":{"asset_number":"node/9591208427","asset_type":"transformer","asset_class":"secondary","nominal_rating":500.0,"nominal_rating_unit_of_measurement":"kVA","rating_kva":500.0,"voltage":null,"voltage_kv":null,"rated_primary_voltage":null,"rated_primary_voltage_unit_of_measurement":null,"site_name":null,"site_postcode":null,"site_town_city":"Belfast","site_county":"County Antrim / County Down","year_of_manufacture":null,"source":"OSM power asset proxy","source_id":"node/9591208427","data_support":"osm-proxy","rating_support":"default-by-class","official_source_status":"NIE metadata visible; record API not visible to this builder"},"geometry":{"type":"Point","coordinates":[-5.923959,54.574322]}},{"type":"Feature","properties":{"asset_number":"node/9591208428","asset_type":"transformer","asset_class":"secondary","nominal_rating":500.0,"nominal_rating_unit_of_measurement":"kVA","rating_kva":500.0,"voltage":null,"voltage_kv":null,"rated_primary_voltage":null,"rated_primary_voltage_unit_of_measurement":null,"site_name":null,"site_postcode":null,"site_town_city":"Belfast","site_county":"County Antrim / County Down","year_of_manufacture":null,"source":"OSM power asset proxy","source_id":"node/9591208428","data_support":"osm-proxy","rating_support":"default-by-class","official_source_status":"NIE metadata visible; record API not visible to this builder"},"geometry":{"type":"Point","coordinates":[-5.924098,54.574341]}},{"type":"Feature","properties":{"asset_number":"node/9591220123","asset_type":"transformer","asset_class":"secondary","nominal_rating":500.0,"nominal_rating_unit_of_measurement":"kVA","rating_kva":500.0,"voltage":null,"voltage_kv":null,"rated_primary_voltage":null,"rated_primary_voltage_unit_of_measurement":null,"site_name":null,"site_postcode":null,"site_town_city":"Belfast","site_county":"County Antrim / County Down","year_of_manufacture":null,"source":"OSM power asset proxy","source_id":"node/9591220123","data_support":"osm-proxy","rating_support":"default-by-class","official_source_status":"NIE metadata visible; record API not visible to this builder"},"geometry":{"type":"Point","coordinates":[-5.900476,54.595022]}},{"type":"Feature","properties":{"asset_number":"node/9591220124","asset_type":"transformer","asset_class":"secondary","nominal_rating":500.0,"nominal_rating_unit_of_measurement":"kVA","rating_kva":500.0,"voltage":null,"voltage_kv":null,"rated_primary_voltage":null,"rated_primary_voltage_unit_of_measurement":null,"site_name":null,"site_postcode":null,"site_town_city":"Belfast","site_county":"County Antrim / County Down","year_of_manufacture":null,"source":"OSM power asset proxy","source_id":"node/9591220124","data_support":"osm-proxy","rating_support":"default-by-class","official_source_status":"NIE metadata visible; record API not visible to this builder"},"geometry":{"type":"Point","coordinates":[-5.900387,54.595042]}},{"type":"Feature","properties":{"asset_number":"node/9591220125","asset_type":"transformer","asset_class":"secondary","nominal_rating":500.0,"nominal_rating_unit_of_measurement":"kVA","rating_kva":500.0,"voltage":null,"voltage_kv":null,"rated_primary_voltage":null,"rated_primary_voltage_unit_of_measurement":null,"site_name":null,"site_postcode":null,"site_town_city":"Belfast","site_county":"County Antrim / County Down","year_of_manufacture":null,"source":"OSM power asset proxy","source_id":"node/9591220125","data_support":"osm-proxy","rating_support":"default-by-class","official_source_status":"NIE metadata visible; record API not visible to this builder"},"geometry":{"type":"Point","coordinates":[-5.900635,54.594963]}},{"type":"Feature","properties":{"asset_number":"node/9591220126","asset_type":"transformer","asset_class":"secondary","nominal_rating":500.0,"nominal_rating_unit_of_measurement":"kVA","rating_kva":500.0,"voltage":null,"voltage_kv":null,"rated_primary_voltage":null,"rated_primary_voltage_unit_of_measurement":null,"site_name":null,"site_postcode":null,"site_town_city":"Belfast","site_county":"County Antrim / County Down","year_of_manufacture":null,"source":"OSM power asset proxy","source_id":"node/9591220126","data_support":"osm-proxy","rating_support":"default-by-class","official_source_status":"NIE metadata visible; record API not visible to this builder"},"geometry":{"type":"Point","coordinates":[-5.9006,54.594921]}},{"type":"Feature","properties":{"asset_number":"node/9591233157","asset_type":"transformer","asset_class":"secondary","nominal_rating":500.0,"nominal_rating_unit_of_measurement":"kVA","rating_kva":500.0,"voltage":null,"voltage_kv":null,"rated_primary_voltage":null,"rated_primary_voltage_unit_of_measurement":null,"site_name":null,"site_postcode":null,"site_town_city":"Belfast","site_county":"County Antrim / County Down","year_of_manufacture":null,"source":"OSM power asset proxy","source_id":"node/9591233157","data_support":"osm-proxy","rating_support":"default-by-class","official_source_status":"NIE metadata visible; record API not visible to this builder"},"geometry":{"type":"Point","coordinates":[-5.941228,54.599888]}},{"type":"Feature","properties":{"asset_number":"node/9591233158","asset_type":"transformer","asset_class":"secondary","nominal_rating":500.0,"nominal_rating_unit_of_measurement":"kVA","rating_kva":500.0,"voltage":null,"voltage_kv":null,"rated_primary_voltage":null,"rated_primary_voltage_unit_of_measurement":null,"site_name":null,"site_postcode":null,"site_town_city":"Belfast","site_county":"County Antrim / County Down","year_of_manufacture":null,"source":"OSM power asset proxy","source_id":"node/9591233158","data_support":"osm-proxy","rating_support":"default-by-class","official_source_status":"NIE metadata visible; record API not visible to this builder"},"geometry":{"type":"Point","coordinates":[-5.941216,54.599947]}},{"type":"Feature","properties":{"asset_number":"node/9591233527","asset_type":"transformer","asset_class":"secondary","nominal_rating":500.0,"nominal_rating_unit_of_measurement":"kVA","rating_kva":500.0,"voltage":null,"voltage_kv":null,"rated_primary_voltage":null,"rated_primary_voltage_unit_of_measurement":null,"site_name":null,"site_postcode":null,"site_town_city":"Belfast","site_county":"County Antrim / County Down","year_of_manufacture":null,"source":"OSM power asset proxy","source_id":"node/9591233527","data_support":"osm-proxy","rating_support":"default-by-class","official_source_status":"NIE metadata visible; record API not visible to this builder"},"geometry":{"type":"Point","coordinates":[-5.896934,54.625733]}},{"type":"Feature","properties":{"asset_number":"node/9591233528","asset_type":"transformer","asset_class":"secondary","nominal_rating":500.0,"nominal_rating_unit_of_measurement":"kVA","rating_kva":500.0,"voltage":null,"voltage_kv":null,"rated_primary_voltage":null,"rated_primary_voltage_unit_of_measurement":null,"site_name":null,"site_postcode":null,"site_town_city":"Belfast","site_county":"County Antrim / County Down","year_of_manufacture":null,"source":"OSM power asset proxy","source_id":"node/9591233528","data_support":"osm-proxy","rating_support":"default-by-class","official_source_status":"NIE metadata visible; record API not visible to this builder"},"geometry":{"type":"Point","coordinates":[-5.896823,54.625784]}},{"type":"Feature","properties":{"asset_number":"node/9591238717","asset_type":"transformer","asset_class":"secondary","nominal_rating":500.0,"nominal_rating_unit_of_measurement":"kVA","rating_kva":500.0,"voltage":null,"voltage_kv":null,"rated_primary_voltage":null,"rated_primary_voltage_unit_of_measurement":null,"site_name":null,"site_postcode":null,"site_town_city":"Belfast","site_county":"County Antrim / County Down","year_of_manufacture":null,"source":"OSM power asset proxy","source_id":"node/9591238717","data_support":"osm-proxy","rating_support":"default-by-class","official_source_status":"NIE metadata visible; record API not visible to this builder"},"geometry":{"type":"Point","coordinates":[-5.898494,54.603892]}},{"type":"Feature","properties":{"asset_number":"node/9591248335","asset_type":"transformer","asset_class":"secondary","nominal_rating":500.0,"nominal_rating_unit_of_measurement":"kVA","rating_kva":500.0,"voltage":null,"voltage_kv":null,"rated_primary_voltage":null,"rated_primary_voltage_unit_of_measurement":null,"site_name":null,"site_postcode":null,"site_town_city":"Belfast","site_county":"County Antrim / County Down","year_of_manufacture":null,"source":"OSM power asset proxy","source_id":"node/9591248335","data_support":"osm-proxy","rating_support":"default-by-class","official_source_status":"NIE metadata visible; record API not visible to this builder"},"geometry":{"type":"Point","coordinates":[-5.922767,54.653825]}},{"type":"Feature","properties":{"asset_number":"node/9591248353","asset_type":"transformer","asset_class":"secondary","nominal_rating":500.0,"nominal_rating_unit_of_measurement":"kVA","rating_kva":500.0,"voltage":null,"voltage_kv":null,"rated_primary_voltage":null,"rated_primary_voltage_unit_of_measurement":null,"site_name":null,"site_postcode":null,"site_town_city":"Belfast","site_county":"County Antrim / County Down","year_of_manufacture":null,"source":"OSM power asset proxy","source_id":"node/9591248353","data_support":"osm-proxy","rating_support":"default-by-class","official_source_status":"NIE metadata visible; record API not visible to this builder"},"geometry":{"type":"Point","coordinates":[-5.922754,54.653686]}},{"type":"Feature","properties":{"asset_number":"node/9591261551","asset_type":"transformer","asset_class":"secondary","nominal_rating":500.0,"nominal_rating_unit_of_measurement":"kVA","rating_kva":500.0,"voltage":null,"voltage_kv":null,"rated_primary_voltage":null,"rated_primary_voltage_unit_of_measurement":null,"site_name":null,"site_postcode":null,"site_town_city":"Belfast","site_county":"County Antrim / County Down","year_of_manufacture":null,"source":"OSM power asset proxy","source_id":"node/9591261551","data_support":"osm-proxy","rating_support":"default-by-class","official_source_status":"NIE metadata visible; record API not visible to this builder"},"geometry":{"type":"Point","coordinates":[-5.786103,54.596323]}},{"type":"Feature","properties":{"asset_number":"node/9591297006","asset_type":"transformer","asset_class":"secondary","nominal_rating":500.0,"nominal_rating_unit_of_measurement":"kVA","rating_kva":500.0,"voltage":null,"voltage_kv":null,"rated_primary_voltage":null,"rated_primary_voltage_unit_of_measurement":null,"site_name":null,"site_postcode":null,"site_town_city":"Belfast","site_county":"County Antrim / County Down","year_of_manufacture":null,"source":"OSM power asset proxy","source_id":"node/9591297006","data_support":"osm-proxy","rating_support":"default-by-class","official_source_status":"NIE metadata visible; record API not visible to this builder"},"geometry":{"type":"Point","coordinates":[-6.021416,54.544928]}},{"type":"Feature","properties":{"asset_number":"node/9591297007","asset_type":"transformer","asset_class":"secondary","nominal_rating":500.0,"nominal_rating_unit_of_measurement":"kVA","rating_kva":500.0,"voltage":null,"voltage_kv":null,"rated_primary_voltage":null,"rated_primary_voltage_unit_of_measurement":null,"site_name":null,"site_postcode":null,"site_town_city":"Belfast","site_county":"County Antrim / County Down","year_of_manufacture":null,"source":"OSM power asset proxy","source_id":"node/9591297007","data_support":"osm-proxy","rating_support":"default-by-class","official_source_status":"NIE metadata visible; record API not visible to this builder"},"geometry":{"type":"Point","coordinates":[-6.02148,54.544853]}},{"type":"Feature","properties":{"asset_number":"node/9591297422","asset_type":"transformer","asset_class":"secondary","nominal_rating":500.0,"nominal_rating_unit_of_measurement":"kVA","rating_kva":500.0,"voltage":null,"voltage_kv":null,"rated_primary_voltage":null,"rated_primary_voltage_unit_of_measurement":null,"site_name":null,"site_postcode":null,"site_town_city":"Belfast","site_county":"County Antrim / County Down","year_of_manufacture":null,"source":"OSM power asset proxy","source_id":"node/9591297422","data_support":"osm-proxy","rating_support":"default-by-class","official_source_status":"NIE metadata visible; record API not visible to this builder"},"geometry":{"type":"Point","coordinates":[-5.917313,54.596756]}},{"type":"Feature","properties":{"asset_number":"node/9591297423","asset_type":"transformer","asset_class":"secondary","nominal_rating":500.0,"nominal_rating_unit_of_measurement":"kVA","rating_kva":500.0,"voltage":null,"voltage_kv":null,"rated_primary_voltage":null,"rated_primary_voltage_unit_of_measurement":null,"site_name":null,"site_postcode":null,"site_town_city":"Belfast","site_county":"County Antrim / County Down","year_of_manufacture":null,"source":"OSM power asset proxy","source_id":"node/9591297423","data_support":"osm-proxy","rating_support":"default-by-class","official_source_status":"NIE metadata visible; record API not visible to this builder"},"geometry":{"type":"Point","coordinates":[-5.91736,54.596679]}},{"type":"Feature","properties":{"asset_number":"node/9591307478","asset_type":"transformer","asset_class":"secondary","nominal_rating":500.0,"nominal_rating_unit_of_measurement":"kVA","rating_kva":500.0,"voltage":null,"voltage_kv":null,"rated_primary_voltage":null,"rated_primary_voltage_unit_of_measurement":null,"site_name":null,"site_postcode":null,"site_town_city":"Belfast","site_county":"County Antrim / County Down","year_of_manufacture":null,"source":"OSM power asset proxy","source_id":"node/9591307478","data_support":"osm-proxy","rating_support":"default-by-class","official_source_status":"NIE metadata visible; record API not visible to this builder"},"geometry":{"type":"Point","coordinates":[-6.017291,54.558426]}},{"type":"Feature","properties":{"asset_number":"node/9591307479","asset_type":"transformer","asset_class":"secondary","nominal_rating":500.0,"nominal_rating_unit_of_measurement":"kVA","rating_kva":500.0,"voltage":null,"voltage_kv":null,"rated_primary_voltage":null,"rated_primary_voltage_unit_of_measurement":null,"site_name":null,"site_postcode":null,"site_town_city":"Belfast","site_county":"County Antrim / County Down","year_of_manufacture":null,"source":"OSM power asset proxy","source_id":"node/9591307479","data_support":"osm-proxy","rating_support":"default-by-class","official_source_status":"NIE metadata visible; record API not visible to this builder"},"geometry":{"type":"Point","coordinates":[-6.017508,54.558321]}},{"type":"Feature","properties":{"asset_number":"node/9644207028","asset_type":"transformer","asset_class":"secondary","nominal_rating":500.0,"nominal_rating_unit_of_measurement":"kVA","rating_kva":500.0,"voltage":null,"voltage_kv":null,"rated_primary_voltage":null,"rated_primary_voltage_unit_of_measurement":null,"site_name":null,"site_postcode":null,"site_town_city":"Belfast","site_county":"County Antrim / County Down","year_of_manufacture":null,"source":"OSM power asset proxy","source_id":"node/9644207028","data_support":"osm-proxy","rating_support":"default-by-class","official_source_status":"NIE metadata visible; record API not visible to this builder"},"geometry":{"type":"Point","coordinates":[-5.815728,54.645436]}},{"type":"Feature","properties":{"asset_number":"node/9644207029","asset_type":"transformer","asset_class":"secondary","nominal_rating":500.0,"nominal_rating_unit_of_measurement":"kVA","rating_kva":500.0,"voltage":null,"voltage_kv":null,"rated_primary_voltage":null,"rated_primary_voltage_unit_of_measurement":null,"site_name":null,"site_postcode":null,"site_town_city":"Belfast","site_county":"County Antrim / County Down","year_of_manufacture":null,"source":"OSM power asset proxy","source_id":"node/9644207029","data_support":"osm-proxy","rating_support":"default-by-class","official_source_status":"NIE metadata visible; record API not visible to this builder"},"geometry":{"type":"Point","coordinates":[-5.815893,54.645456]}},{"type":"Feature","properties":{"asset_number":"node/9644207064","asset_type":"transformer","asset_class":"secondary","nominal_rating":500.0,"nominal_rating_unit_of_measurement":"kVA","rating_kva":500.0,"voltage":null,"voltage_kv":null,"rated_primary_voltage":null,"rated_primary_voltage_unit_of_measurement":null,"site_name":null,"site_postcode":null,"site_town_city":"Belfast","site_county":"County Antrim / County Down","year_of_manufacture":null,"source":"OSM power asset proxy","source_id":"node/9644207064","data_support":"osm-proxy","rating_support":"default-by-class","official_source_status":"NIE metadata visible; record API not visible to this builder"},"geometry":{"type":"Point","coordinates":[-5.845539,54.632151]}},{"type":"Feature","properties":{"asset_number":"node/9644207065","asset_type":"transformer","asset_class":"secondary","nominal_rating":500.0,"nominal_rating_unit_of_measurement":"kVA","rating_kva":500.0,"voltage":null,"voltage_kv":null,"rated_primary_voltage":null,"rated_primary_voltage_unit_of_measurement":null,"site_name":null,"site_postcode":null,"site_town_city":"Belfast","site_county":"County Antrim / County Down","year_of_manufacture":null,"source":"OSM power asset proxy","source_id":"node/9644207065","data_support":"osm-proxy","rating_support":"default-by-class","official_source_status":"NIE metadata visible; record API not visible to this builder"},"geometry":{"type":"Point","coordinates":[-5.845602,54.632093]}},{"type":"Feature","properties":{"asset_number":"node/9647051771","asset_type":"transformer","asset_class":"secondary","nominal_rating":500.0,"nominal_rating_unit_of_measurement":"kVA","rating_kva":500.0,"voltage":null,"voltage_kv":null,"rated_primary_voltage":null,"rated_primary_voltage_unit_of_measurement":null,"site_name":null,"site_postcode":null,"site_town_city":"Belfast","site_county":"County Antrim / County Down","year_of_manufacture":null,"source":"OSM power asset proxy","source_id":"node/9647051771","data_support":"osm-proxy","rating_support":"default-by-class","official_source_status":"NIE metadata visible; record API not visible to this builder"},"geometry":{"type":"Point","coordinates":[-5.784434,54.592486]}},{"type":"Feature","properties":{"asset_number":"node/9750028623","asset_type":"transformer","asset_class":"secondary","nominal_rating":500.0,"nominal_rating_unit_of_measurement":"kVA","rating_kva":500.0,"voltage":null,"voltage_kv":null,"rated_primary_voltage":null,"rated_primary_voltage_unit_of_measurement":null,"site_name":null,"site_postcode":null,"site_town_city":"Belfast","site_county":"County Antrim / County Down","year_of_manufacture":null,"source":"OSM power asset proxy","source_id":"node/9750028623","data_support":"osm-proxy","rating_support":"default-by-class","official_source_status":"NIE metadata visible; record API not visible to this builder"},"geometry":{"type":"Point","coordinates":[-6.058489,54.561719]}},{"type":"Feature","properties":{"asset_number":"node/10291334752","asset_type":"transformer","asset_class":"secondary","nominal_rating":500.0,"nominal_rating_unit_of_measurement":"kVA","rating_kva":500.0,"voltage":null,"voltage_kv":null,"rated_primary_voltage":null,"rated_primary_voltage_unit_of_measurement":null,"site_name":null,"site_postcode":null,"site_town_city":"Belfast","site_county":"County Antrim / County Down","year_of_manufacture":null,"source":"OSM power asset proxy","source_id":"node/10291334752","data_support":"osm-proxy","rating_support":"default-by-class","official_source_status":"NIE metadata visible; record API not visible to this builder"},"geometry":{"type":"Point","coordinates":[-5.907728,54.678218]}},{"type":"Feature","properties":{"asset_number":"node/10558720630","asset_type":"transformer","asset_class":"secondary","nominal_rating":500.0,"nominal_rating_unit_of_measurement":"kVA","rating_kva":500.0,"voltage":null,"voltage_kv":null,"rated_primary_voltage":null,"rated_primary_voltage_unit_of_measurement":null,"site_name":null,"site_postcode":null,"site_town_city":"Belfast","site_county":"County Antrim / County Down","year_of_manufacture":null,"source":"OSM power asset proxy","source_id":"node/10558720630","data_support":"osm-proxy","rating_support":"default-by-class","official_source_status":"NIE metadata visible; record API not visible to this builder"},"geometry":{"type":"Point","coordinates":[-5.867972,54.561195]}},{"type":"Feature","properties":{"asset_number":"node/10960405849","asset_type":"transformer","asset_class":"secondary","nominal_rating":500.0,"nominal_rating_unit_of_measurement":"kVA","rating_kva":500.0,"voltage":null,"voltage_kv":null,"rated_primary_voltage":null,"rated_primary_voltage_unit_of_measurement":null,"site_name":null,"site_postcode":null,"site_town_city":"Belfast","site_county":"County Antrim / County Down","year_of_manufacture":null,"source":"OSM power asset proxy","source_id":"node/10960405849","data_support":"osm-proxy","rating_support":"default-by-class","official_source_status":"NIE metadata visible; record API not visible to this builder"},"geometry":{"type":"Point","coordinates":[-5.811741,54.593852]}},{"type":"Feature","properties":{"asset_number":"node/10960405850","asset_type":"transformer","asset_class":"secondary","nominal_rating":500.0,"nominal_rating_unit_of_measurement":"kVA","rating_kva":500.0,"voltage":null,"voltage_kv":null,"rated_primary_voltage":null,"rated_primary_voltage_unit_of_measurement":null,"site_name":null,"site_postcode":null,"site_town_city":"Belfast","site_county":"County Antrim / County Down","year_of_manufacture":null,"source":"OSM power asset proxy","source_id":"node/10960405850","data_support":"osm-proxy","rating_support":"default-by-class","official_source_status":"NIE metadata visible; record API not visible to this builder"},"geometry":{"type":"Point","coordinates":[-5.811223,54.593836]}},{"type":"Feature","properties":{"asset_number":"node/10961718613","asset_type":"transformer","asset_class":"secondary","nominal_rating":500.0,"nominal_rating_unit_of_measurement":"kVA","rating_kva":500.0,"voltage":null,"voltage_kv":null,"rated_primary_voltage":null,"rated_primary_voltage_unit_of_measurement":null,"site_name":null,"site_postcode":null,"site_town_city":"Belfast","site_county":"County Antrim / County Down","year_of_manufacture":null,"source":"OSM power asset proxy","source_id":"node/10961718613","data_support":"osm-proxy","rating_support":"default-by-class","official_source_status":"NIE metadata visible; record API not visible to this builder"},"geometry":{"type":"Point","coordinates":[-5.954178,54.687404]}},{"type":"Feature","properties":{"asset_number":"node/10962629540","asset_type":"transformer","asset_class":"secondary","nominal_rating":500.0,"nominal_rating_unit_of_measurement":"kVA","rating_kva":500.0,"voltage":null,"voltage_kv":null,"rated_primary_voltage":null,"rated_primary_voltage_unit_of_measurement":null,"site_name":null,"site_postcode":null,"site_town_city":"Belfast","site_county":"County Antrim / County Down","year_of_manufacture":null,"source":"OSM power asset proxy","source_id":"node/10962629540","data_support":"osm-proxy","rating_support":"default-by-class","official_source_status":"NIE metadata visible; record API not visible to this builder"},"geometry":{"type":"Point","coordinates":[-6.02778,54.574592]}},{"type":"Feature","properties":{"asset_number":"node/10962657842","asset_type":"transformer","asset_class":"secondary","nominal_rating":500.0,"nominal_rating_unit_of_measurement":"kVA","rating_kva":500.0,"voltage":null,"voltage_kv":null,"rated_primary_voltage":null,"rated_primary_voltage_unit_of_measurement":null,"site_name":null,"site_postcode":null,"site_town_city":"Belfast","site_county":"County Antrim / County Down","year_of_manufacture":null,"source":"OSM power asset proxy","source_id":"node/10962657842","data_support":"osm-proxy","rating_support":"default-by-class","official_source_status":"NIE metadata visible; record API not visible to this builder"},"geometry":{"type":"Point","coordinates":[-5.953684,54.591182]}},{"type":"Feature","properties":{"asset_number":"node/10962663280","asset_type":"transformer","asset_class":"secondary","nominal_rating":500.0,"nominal_rating_unit_of_measurement":"kVA","rating_kva":500.0,"voltage":null,"voltage_kv":null,"rated_primary_voltage":null,"rated_primary_voltage_unit_of_measurement":null,"site_name":null,"site_postcode":null,"site_town_city":"Belfast","site_county":"County Antrim / County Down","year_of_manufacture":null,"source":"OSM power asset proxy","source_id":"node/10962663280","data_support":"osm-proxy","rating_support":"default-by-class","official_source_status":"NIE metadata visible; record API not visible to this builder"},"geometry":{"type":"Point","coordinates":[-5.878092,54.561613]}},{"type":"Feature","properties":{"asset_number":"node/11090947240","asset_type":"transformer","asset_class":"secondary","nominal_rating":500.0,"nominal_rating_unit_of_measurement":"kVA","rating_kva":500.0,"voltage":null,"voltage_kv":null,"rated_primary_voltage":null,"rated_primary_voltage_unit_of_measurement":null,"site_name":null,"site_postcode":null,"site_town_city":"Belfast","site_county":"County Antrim / County Down","year_of_manufacture":null,"source":"OSM power asset proxy","source_id":"node/11090947240","data_support":"osm-proxy","rating_support":"default-by-class","official_source_status":"NIE metadata visible; record API not visible to this builder"},"geometry":{"type":"Point","coordinates":[-6.007109,54.638579]}},{"type":"Feature","properties":{"asset_number":"node/11090947241","asset_type":"transformer","asset_class":"secondary","nominal_rating":500.0,"nominal_rating_unit_of_measurement":"kVA","rating_kva":500.0,"voltage":null,"voltage_kv":null,"rated_primary_voltage":null,"rated_primary_voltage_unit_of_measurement":null,"site_name":null,"site_postcode":null,"site_town_city":"Belfast","site_county":"County Antrim / County Down","year_of_manufacture":null,"source":"OSM power asset proxy","source_id":"node/11090947241","data_support":"osm-proxy","rating_support":"default-by-class","official_source_status":"NIE metadata visible; record API not visible to this builder"},"geometry":{"type":"Point","coordinates":[-6.007146,54.638483]}},{"type":"Feature","properties":{"asset_number":"node/12016506139","asset_type":"transformer","asset_class":"secondary","nominal_rating":500.0,"nominal_rating_unit_of_measurement":"kVA","rating_kva":500.0,"voltage":null,"voltage_kv":null,"rated_primary_voltage":null,"rated_primary_voltage_unit_of_measurement":null,"site_name":null,"site_postcode":null,"site_town_city":"Belfast","site_county":"County Antrim / County Down","year_of_manufacture":null,"source":"OSM power asset proxy","source_id":"node/12016506139","data_support":"osm-proxy","rating_support":"default-by-class","official_source_status":"NIE metadata visible; record API not visible to this builder"},"geometry":{"type":"Point","coordinates":[-5.919667,54.611072]}},{"type":"Feature","properties":{"asset_number":"node/12016506140","asset_type":"transformer","asset_class":"secondary","nominal_rating":500.0,"nominal_rating_unit_of_measurement":"kVA","rating_kva":500.0,"voltage":null,"voltage_kv":null,"rated_primary_voltage":null,"rated_primary_voltage_unit_of_measurement":null,"site_name":null,"site_postcode":null,"site_town_city":"Belfast","site_county":"County Antrim / County Down","year_of_manufacture":null,"source":"OSM power asset proxy","source_id":"node/12016506140","data_support":"osm-proxy","rating_support":"default-by-class","official_source_status":"NIE metadata visible; record API not visible to this builder"},"geometry":{"type":"Point","coordinates":[-5.91979,54.61111]}},{"type":"Feature","properties":{"asset_number":"node/12016592193","asset_type":"transformer","asset_class":"secondary","nominal_rating":500.0,"nominal_rating_unit_of_measurement":"kVA","rating_kva":500.0,"voltage":null,"voltage_kv":null,"rated_primary_voltage":null,"rated_primary_voltage_unit_of_measurement":null,"site_name":null,"site_postcode":null,"site_town_city":"Belfast","site_county":"County Antrim / County Down","year_of_manufacture":null,"source":"OSM power asset proxy","source_id":"node/12016592193","data_support":"osm-proxy","rating_support":"default-by-class","official_source_status":"NIE metadata visible; record API not visible to this builder"},"geometry":{"type":"Point","coordinates":[-5.919554,54.611043]}},{"type":"Feature","properties":{"asset_number":"node/13179140738","asset_type":"substation","asset_class":"secondary","nominal_rating":500.0,"nominal_rating_unit_of_measurement":"kVA","rating_kva":500.0,"voltage":null,"voltage_kv":null,"rated_primary_voltage":null,"rated_primary_voltage_unit_of_measurement":null,"site_name":null,"site_postcode":null,"site_town_city":"Belfast","site_county":"County Antrim / County Down","year_of_manufacture":null,"source":"OSM power asset proxy","source_id":"node/13179140738","data_support":"osm-proxy","rating_support":"default-by-class","official_source_status":"NIE metadata visible; record API not visible to this builder"},"geometry":{"type":"Point","coordinates":[-5.928701,54.657391]}},{"type":"Feature","properties":{"asset_number":"node/13180350670","asset_type":"substation","asset_class":"secondary","nominal_rating":500.0,"nominal_rating_unit_of_measurement":"kVA","rating_kva":500.0,"voltage":null,"voltage_kv":null,"rated_primary_voltage":null,"rated_primary_voltage_unit_of_measurement":null,"site_name":null,"site_postcode":null,"site_town_city":"Belfast","site_county":"County Antrim / County Down","year_of_manufacture":null,"source":"OSM power asset proxy","source_id":"node/13180350670","data_support":"osm-proxy","rating_support":"default-by-class","official_source_status":"NIE metadata visible; record API not visible to this builder"},"geometry":{"type":"Point","coordinates":[-5.926322,54.656117]}},{"type":"Feature","properties":{"asset_number":"node/13188735013","asset_type":"substation","asset_class":"secondary","nominal_rating":500.0,"nominal_rating_unit_of_measurement":"kVA","rating_kva":500.0,"voltage":null,"voltage_kv":null,"rated_primary_voltage":null,"rated_primary_voltage_unit_of_measurement":null,"site_name":"Longwood Road Substation","site_postcode":null,"site_town_city":"Belfast","site_county":"County Antrim / County Down","year_of_manufacture":null,"source":"OSM power asset proxy","source_id":"node/13188735013","data_support":"osm-proxy","rating_support":"default-by-class","official_source_status":"NIE metadata visible; record API not visible to this builder"},"geometry":{"type":"Point","coordinates":[-5.92179,54.654961]}},{"type":"Feature","properties":{"asset_number":"node/13198289512","asset_type":"substation","asset_class":"secondary","nominal_rating":500.0,"nominal_rating_unit_of_measurement":"kVA","rating_kva":500.0,"voltage":null,"voltage_kv":null,"rated_primary_voltage":null,"rated_primary_voltage_unit_of_measurement":null,"site_name":null,"site_postcode":null,"site_town_city":"Belfast","site_county":"County Antrim / County Down","year_of_manufacture":null,"source":"OSM power asset proxy","source_id":"node/13198289512","data_support":"osm-proxy","rating_support":"default-by-class","official_source_status":"NIE metadata visible; record API not visible to this builder"},"geometry":{"type":"Point","coordinates":[-5.935398,54.645275]}},{"type":"Feature","properties":{"asset_number":"node/13198293345","asset_type":"substation","asset_class":"secondary","nominal_rating":500.0,"nominal_rating_unit_of_measurement":"kVA","rating_kva":500.0,"voltage":null,"voltage_kv":null,"rated_primary_voltage":null,"rated_primary_voltage_unit_of_measurement":null,"site_name":null,"site_postcode":null,"site_town_city":"Belfast","site_county":"County Antrim / County Down","year_of_manufacture":null,"source":"OSM power asset proxy","source_id":"node/13198293345","data_support":"osm-proxy","rating_support":"default-by-class","official_source_status":"NIE metadata visible; record API not visible to this builder"},"geometry":{"type":"Point","coordinates":[-5.934774,54.652147]}},{"type":"Feature","properties":{"asset_number":"node/13198377623","asset_type":"substation","asset_class":"secondary","nominal_rating":500.0,"nominal_rating_unit_of_measurement":"kVA","rating_kva":500.0,"voltage":null,"voltage_kv":null,"rated_primary_voltage":null,"rated_primary_voltage_unit_of_measurement":null,"site_name":"SSE Airtricity","site_postcode":null,"site_town_city":"Belfast","site_county":"County Antrim / County Down","year_of_manufacture":null,"source":"OSM power asset proxy","source_id":"node/13198377623","data_support":"osm-proxy","rating_support":"default-by-class","official_source_status":"NIE metadata visible; record API not visible to this builder"},"geometry":{"type":"Point","coordinates":[-5.934694,54.594059]}},{"type":"Feature","properties":{"asset_number":"node/13307852223","asset_type":"transformer","asset_class":"secondary","nominal_rating":500.0,"nominal_rating_unit_of_measurement":"kVA","rating_kva":500.0,"voltage":null,"voltage_kv":null,"rated_primary_voltage":null,"rated_primary_voltage_unit_of_measurement":null,"site_name":null,"site_postcode":null,"site_town_city":"Belfast","site_county":"County Antrim / County Down","year_of_manufacture":null,"source":"OSM power asset proxy","source_id":"node/13307852223","data_support":"osm-proxy","rating_support":"default-by-class","official_source_status":"NIE metadata visible; record API not visible to this builder"},"geometry":{"type":"Point","coordinates":[-5.901871,54.671304]}},{"type":"Feature","properties":{"asset_number":"node/13323205173","asset_type":"transformer","asset_class":"secondary","nominal_rating":500.0,"nominal_rating_unit_of_measurement":"kVA","rating_kva":500.0,"voltage":null,"voltage_kv":null,"rated_primary_voltage":null,"rated_primary_voltage_unit_of_measurement":null,"site_name":null,"site_postcode":null,"site_town_city":"Belfast","site_county":"County Antrim / County Down","year_of_manufacture":null,"source":"OSM power asset proxy","source_id":"node/13323205173","data_support":"osm-proxy","rating_support":"default-by-class","official_source_status":"NIE metadata visible; record API not visible to this builder"},"geometry":{"type":"Point","coordinates":[-5.897906,54.577649]}},{"type":"Feature","properties":{"asset_number":"node/13422353155","asset_type":"transformer","asset_class":"secondary","nominal_rating":500.0,"nominal_rating_unit_of_measurement":"kVA","rating_kva":500.0,"voltage":null,"voltage_kv":null,"rated_primary_voltage":null,"rated_primary_voltage_unit_of_measurement":null,"site_name":null,"site_postcode":null,"site_town_city":"Belfast","site_county":"County Antrim / County Down","year_of_manufacture":null,"source":"OSM power asset proxy","source_id":"node/13422353155","data_support":"osm-proxy","rating_support":"default-by-class","official_source_status":"NIE metadata visible; record API not visible to this builder"},"geometry":{"type":"Point","coordinates":[-5.964469,54.673061]}},{"type":"Feature","properties":{"asset_number":"node/13423310352","asset_type":"transformer","asset_class":"secondary","nominal_rating":500.0,"nominal_rating_unit_of_measurement":"kVA","rating_kva":500.0,"voltage":null,"voltage_kv":null,"rated_primary_voltage":null,"rated_primary_voltage_unit_of_measurement":null,"site_name":null,"site_postcode":null,"site_town_city":"Belfast","site_county":"County Antrim / County Down","year_of_manufacture":null,"source":"OSM power asset proxy","source_id":"node/13423310352","data_support":"osm-proxy","rating_support":"default-by-class","official_source_status":"NIE metadata visible; record API not visible to this builder"},"geometry":{"type":"Point","coordinates":[-5.918633,54.652366]}},{"type":"Feature","properties":{"asset_number":"node/13423310364","asset_type":"transformer","asset_class":"secondary","nominal_rating":500.0,"nominal_rating_unit_of_measurement":"kVA","rating_kva":500.0,"voltage":null,"voltage_kv":null,"rated_primary_voltage":null,"rated_primary_voltage_unit_of_measurement":null,"site_name":null,"site_postcode":null,"site_town_city":"Belfast","site_county":"County Antrim / County Down","year_of_manufacture":null,"source":"OSM power asset proxy","source_id":"node/13423310364","data_support":"osm-proxy","rating_support":"default-by-class","official_source_status":"NIE metadata visible; record API not visible to this builder"},"geometry":{"type":"Point","coordinates":[-5.918698,54.652324]}},{"type":"Feature","properties":{"asset_number":"node/13446736146","asset_type":"transformer","asset_class":"secondary","nominal_rating":500.0,"nominal_rating_unit_of_measurement":"kVA","rating_kva":500.0,"voltage":null,"voltage_kv":null,"rated_primary_voltage":null,"rated_primary_voltage_unit_of_measurement":null,"site_name":null,"site_postcode":null,"site_town_city":"Belfast","site_county":"County Antrim / County Down","year_of_manufacture":null,"source":"OSM power asset proxy","source_id":"node/13446736146","data_support":"osm-proxy","rating_support":"default-by-class","official_source_status":"NIE metadata visible; record API not visible to this builder"},"geometry":{"type":"Point","coordinates":[-5.907197,54.621385]}},{"type":"Feature","properties":{"asset_number":"node/13446736147","asset_type":"transformer","asset_class":"secondary","nominal_rating":500.0,"nominal_rating_unit_of_measurement":"kVA","rating_kva":500.0,"voltage":null,"voltage_kv":null,"rated_primary_voltage":null,"rated_primary_voltage_unit_of_measurement":null,"site_name":null,"site_postcode":null,"site_town_city":"Belfast","site_county":"County Antrim / County Down","year_of_manufacture":null,"source":"OSM power asset proxy","source_id":"node/13446736147","data_support":"osm-proxy","rating_support":"default-by-class","official_source_status":"NIE metadata visible; record API not visible to this builder"},"geometry":{"type":"Point","coordinates":[-5.907116,54.621399]}},{"type":"Feature","properties":{"asset_number":"node/13446736148","asset_type":"transformer","asset_class":"secondary","nominal_rating":500.0,"nominal_rating_unit_of_measurement":"kVA","rating_kva":500.0,"voltage":null,"voltage_kv":null,"rated_primary_voltage":null,"rated_primary_voltage_unit_of_measurement":null,"site_name":null,"site_postcode":null,"site_town_city":"Belfast","site_county":"County Antrim / County Down","year_of_manufacture":null,"source":"OSM power asset proxy","source_id":"node/13446736148","data_support":"osm-proxy","rating_support":"default-by-class","official_source_status":"NIE metadata visible; record API not visible to this builder"},"geometry":{"type":"Point","coordinates":[-5.90705,54.621419]}},{"type":"Feature","properties":{"asset_number":"node/13446736149","asset_type":"transformer","asset_class":"secondary","nominal_rating":500.0,"nominal_rating_unit_of_measurement":"kVA","rating_kva":500.0,"voltage":null,"voltage_kv":null,"rated_primary_voltage":null,"rated_primary_voltage_unit_of_measurement":null,"site_name":null,"site_postcode":null,"site_town_city":"Belfast","site_county":"County Antrim / County Down","year_of_manufacture":null,"source":"OSM power asset proxy","source_id":"node/13446736149","data_support":"osm-proxy","rating_support":"default-by-class","official_source_status":"NIE metadata visible; record API not visible to this builder"},"geometry":{"type":"Point","coordinates":[-5.906992,54.621431]}},{"type":"Feature","properties":{"asset_number":"node/13446736193","asset_type":"transformer","asset_class":"secondary","nominal_rating":500.0,"nominal_rating_unit_of_measurement":"kVA","rating_kva":500.0,"voltage":null,"voltage_kv":null,"rated_primary_voltage":null,"rated_primary_voltage_unit_of_measurement":null,"site_name":null,"site_postcode":null,"site_town_city":"Belfast","site_county":"County Antrim / County Down","year_of_manufacture":null,"source":"OSM power asset proxy","source_id":"node/13446736193","data_support":"osm-proxy","rating_support":"default-by-class","official_source_status":"NIE metadata visible; record API not visible to this builder"},"geometry":{"type":"Point","coordinates":[-5.904159,54.623211]}},{"type":"Feature","properties":{"asset_number":"node/13446736194","asset_type":"transformer","asset_class":"secondary","nominal_rating":500.0,"nominal_rating_unit_of_measurement":"kVA","rating_kva":500.0,"voltage":null,"voltage_kv":null,"rated_primary_voltage":null,"rated_primary_voltage_unit_of_measurement":null,"site_name":null,"site_postcode":null,"site_town_city":"Belfast","site_county":"County Antrim / County Down","year_of_manufacture":null,"source":"OSM power asset proxy","source_id":"node/13446736194","data_support":"osm-proxy","rating_support":"default-by-class","official_source_status":"NIE metadata visible; record API not visible to this builder"},"geometry":{"type":"Point","coordinates":[-5.904526,54.623563]}},{"type":"Feature","properties":{"asset_number":"node/13446736195","asset_type":"transformer","asset_class":"secondary","nominal_rating":500.0,"nominal_rating_unit_of_measurement":"kVA","rating_kva":500.0,"voltage":null,"voltage_kv":null,"rated_primary_voltage":null,"rated_primary_voltage_unit_of_measurement":null,"site_name":null,"site_postcode":null,"site_town_city":"Belfast","site_county":"County Antrim / County Down","year_of_manufacture":null,"source":"OSM power asset proxy","source_id":"node/13446736195","data_support":"osm-proxy","rating_support":"default-by-class","official_source_status":"NIE metadata visible; record API not visible to this builder"},"geometry":{"type":"Point","coordinates":[-5.910885,54.624332]}},{"type":"Feature","properties":{"asset_number":"node/13446758135","asset_type":"transformer","asset_class":"secondary","nominal_rating":500.0,"nominal_rating_unit_of_measurement":"kVA","rating_kva":500.0,"voltage":null,"voltage_kv":null,"rated_primary_voltage":null,"rated_primary_voltage_unit_of_measurement":null,"site_name":null,"site_postcode":null,"site_town_city":"Belfast","site_county":"County Antrim / County Down","year_of_manufacture":null,"source":"OSM power asset proxy","source_id":"node/13446758135","data_support":"osm-proxy","rating_support":"default-by-class","official_source_status":"NIE metadata visible; record API not visible to this builder"},"geometry":{"type":"Point","coordinates":[-5.91189,54.62403]}},{"type":"Feature","properties":{"asset_number":"node/13446758138","asset_type":"transformer","asset_class":"secondary","nominal_rating":500.0,"nominal_rating_unit_of_measurement":"kVA","rating_kva":500.0,"voltage":null,"voltage_kv":null,"rated_primary_voltage":null,"rated_primary_voltage_unit_of_measurement":null,"site_name":null,"site_postcode":null,"site_town_city":"Belfast","site_county":"County Antrim / County Down","year_of_manufacture":null,"source":"OSM power asset proxy","source_id":"node/13446758138","data_support":"osm-proxy","rating_support":"default-by-class","official_source_status":"NIE metadata visible; record API not visible to this builder"},"geometry":{"type":"Point","coordinates":[-5.914404,54.624]}},{"type":"Feature","properties":{"asset_number":"node/13446758143","asset_type":"transformer","asset_class":"secondary","nominal_rating":500.0,"nominal_rating_unit_of_measurement":"kVA","rating_kva":500.0,"voltage":null,"voltage_kv":null,"rated_primary_voltage":null,"rated_primary_voltage_unit_of_measurement":null,"site_name":null,"site_postcode":null,"site_town_city":"Belfast","site_county":"County Antrim / County Down","year_of_manufacture":null,"source":"OSM power asset proxy","source_id":"node/13446758143","data_support":"osm-proxy","rating_support":"default-by-class","official_source_status":"NIE metadata visible; record API not visible to this builder"},"geometry":{"type":"Point","coordinates":[-5.908926,54.621035]}},{"type":"Feature","properties":{"asset_number":"node/13446758144","asset_type":"transformer","asset_class":"secondary","nominal_rating":500.0,"nominal_rating_unit_of_measurement":"kVA","rating_kva":500.0,"voltage":null,"voltage_kv":null,"rated_primary_voltage":null,"rated_primary_voltage_unit_of_measurement":null,"site_name":null,"site_postcode":null,"site_town_city":"Belfast","site_county":"County Antrim / County Down","year_of_manufacture":null,"source":"OSM power asset proxy","source_id":"node/13446758144","data_support":"osm-proxy","rating_support":"default-by-class","official_source_status":"NIE metadata visible; record API not visible to this builder"},"geometry":{"type":"Point","coordinates":[-5.908817,54.621033]}},{"type":"Feature","properties":{"asset_number":"node/13446758183","asset_type":"transformer","asset_class":"secondary","nominal_rating":500.0,"nominal_rating_unit_of_measurement":"kVA","rating_kva":500.0,"voltage":null,"voltage_kv":null,"rated_primary_voltage":null,"rated_primary_voltage_unit_of_measurement":null,"site_name":null,"site_postcode":null,"site_town_city":"Belfast","site_county":"County Antrim / County Down","year_of_manufacture":null,"source":"OSM power asset proxy","source_id":"node/13446758183","data_support":"osm-proxy","rating_support":"default-by-class","official_source_status":"NIE metadata visible; record API not visible to this builder"},"geometry":{"type":"Point","coordinates":[-5.909953,54.621229]}},{"type":"Feature","properties":{"asset_number":"node/13446758184","asset_type":"transformer","asset_class":"secondary","nominal_rating":500.0,"nominal_rating_unit_of_measurement":"kVA","rating_kva":500.0,"voltage":null,"voltage_kv":null,"rated_primary_voltage":null,"rated_primary_voltage_unit_of_measurement":null,"site_name":null,"site_postcode":null,"site_town_city":"Belfast","site_county":"County Antrim / County Down","year_of_manufacture":null,"source":"OSM power asset proxy","source_id":"node/13446758184","data_support":"osm-proxy","rating_support":"default-by-class","official_source_status":"NIE metadata visible; record API not visible to this builder"},"geometry":{"type":"Point","coordinates":[-5.909817,54.621219]}},{"type":"Feature","properties":{"asset_number":"node/13449153136","asset_type":"transformer","asset_class":"secondary","nominal_rating":500.0,"nominal_rating_unit_of_measurement":"kVA","rating_kva":500.0,"voltage":null,"voltage_kv":null,"rated_primary_voltage":null,"rated_primary_voltage_unit_of_measurement":null,"site_name":null,"site_postcode":null,"site_town_city":"Belfast","site_county":"County Antrim / County Down","year_of_manufacture":null,"source":"OSM power asset proxy","source_id":"node/13449153136","data_support":"osm-proxy","rating_support":"default-by-class","official_source_status":"NIE metadata visible; record API not visible to this builder"},"geometry":{"type":"Point","coordinates":[-5.98547,54.614202]}},{"type":"Feature","properties":{"asset_number":"node/13449766491","asset_type":"substation","asset_class":"secondary","nominal_rating":500.0,"nominal_rating_unit_of_measurement":"kVA","rating_kva":500.0,"voltage":"11000","voltage_kv":11.0,"rated_primary_voltage":11.0,"rated_primary_voltage_unit_of_measurement":"kV","site_name":"Howard Street 11000 V Substation","site_postcode":null,"site_town_city":"Belfast","site_county":"County Antrim / County Down","year_of_manufacture":null,"source":"OSM power asset proxy","source_id":"node/13449766491","data_support":"osm-proxy","rating_support":"default-by-class","official_source_status":"NIE metadata visible; record API not visible to this builder"},"geometry":{"type":"Point","coordinates":[-5.933534,54.595974]}},{"type":"Feature","properties":{"asset_number":"node/13451579296","asset_type":"substation","asset_class":"secondary","nominal_rating":500.0,"nominal_rating_unit_of_measurement":"kVA","rating_kva":500.0,"voltage":"11000","voltage_kv":11.0,"rated_primary_voltage":11.0,"rated_primary_voltage_unit_of_measurement":"kV","site_name":"Anderson & McAuley BT1 Substation","site_postcode":null,"site_town_city":"Belfast","site_county":"County Antrim / County Down","year_of_manufacture":null,"source":"OSM power asset proxy","source_id":"node/13451579296","data_support":"osm-proxy","rating_support":"default-by-class","official_source_status":"NIE metadata visible; record API not visible to this builder"},"geometry":{"type":"Point","coordinates":[-5.931492,54.598821]}},{"type":"Feature","properties":{"asset_number":"node/13522243306","asset_type":"transformer","asset_class":"secondary","nominal_rating":500.0,"nominal_rating_unit_of_measurement":"kVA","rating_kva":500.0,"voltage":null,"voltage_kv":null,"rated_primary_voltage":null,"rated_primary_voltage_unit_of_measurement":null,"site_name":null,"site_postcode":null,"site_town_city":"Belfast","site_county":"County Antrim / County Down","year_of_manufacture":null,"source":"OSM power asset proxy","source_id":"node/13522243306","data_support":"osm-proxy","rating_support":"default-by-class","official_source_status":"NIE metadata visible; record API not visible to this builder"},"geometry":{"type":"Point","coordinates":[-5.929245,54.689821]}},{"type":"Feature","properties":{"asset_number":"node/13522243307","asset_type":"transformer","asset_class":"secondary","nominal_rating":500.0,"nominal_rating_unit_of_measurement":"kVA","rating_kva":500.0,"voltage":null,"voltage_kv":null,"rated_primary_voltage":null,"rated_primary_voltage_unit_of_measurement":null,"site_name":null,"site_postcode":null,"site_town_city":"Belfast","site_county":"County Antrim / County Down","year_of_manufacture":null,"source":"OSM power asset proxy","source_id":"node/13522243307","data_support":"osm-proxy","rating_support":"default-by-class","official_source_status":"NIE metadata visible; record API not visible to this builder"},"geometry":{"type":"Point","coordinates":[-5.932169,54.688701]}},{"type":"Feature","properties":{"asset_number":"node/13522243308","asset_type":"transformer","asset_class":"secondary","nominal_rating":500.0,"nominal_rating_unit_of_measurement":"kVA","rating_kva":500.0,"voltage":null,"voltage_kv":null,"rated_primary_voltage":null,"rated_primary_voltage_unit_of_measurement":null,"site_name":null,"site_postcode":null,"site_town_city":"Belfast","site_county":"County Antrim / County Down","year_of_manufacture":null,"source":"OSM power asset proxy","source_id":"node/13522243308","data_support":"osm-proxy","rating_support":"default-by-class","official_source_status":"NIE metadata visible; record API not visible to this builder"},"geometry":{"type":"Point","coordinates":[-5.931032,54.687287]}},{"type":"Feature","properties":{"asset_number":"node/13542641364","asset_type":"transformer","asset_class":"secondary","nominal_rating":500.0,"nominal_rating_unit_of_measurement":"kVA","rating_kva":500.0,"voltage":null,"voltage_kv":null,"rated_primary_voltage":null,"rated_primary_voltage_unit_of_measurement":null,"site_name":null,"site_postcode":null,"site_town_city":"Belfast","site_county":"County Antrim / County Down","year_of_manufacture":null,"source":"OSM power asset proxy","source_id":"node/13542641364","data_support":"osm-proxy","rating_support":"default-by-class","official_source_status":"NIE metadata visible; record API not visible to this builder"},"geometry":{"type":"Point","coordinates":[-6.057542,54.569513]}},{"type":"Feature","properties":{"asset_number":"node/13564949407","asset_type":"transformer","asset_class":"secondary","nominal_rating":500.0,"nominal_rating_unit_of_measurement":"kVA","rating_kva":500.0,"voltage":null,"voltage_kv":null,"rated_primary_voltage":null,"rated_primary_voltage_unit_of_measurement":null,"site_name":null,"site_postcode":null,"site_town_city":"Belfast","site_county":"County Antrim / County Down","year_of_manufacture":null,"source":"OSM power asset proxy","source_id":"node/13564949407","data_support":"osm-proxy","rating_support":"default-by-class","official_source_status":"NIE metadata visible; record API not visible to this builder"},"geometry":{"type":"Point","coordinates":[-5.875914,54.696577]}},{"type":"Feature","properties":{"asset_number":"node/13568371774","asset_type":"transformer","asset_class":"secondary","nominal_rating":500.0,"nominal_rating_unit_of_measurement":"kVA","rating_kva":500.0,"voltage":null,"voltage_kv":null,"rated_primary_voltage":null,"rated_primary_voltage_unit_of_measurement":null,"site_name":null,"site_postcode":null,"site_town_city":"Belfast","site_county":"County Antrim / County Down","year_of_manufacture":null,"source":"OSM power asset proxy","source_id":"node/13568371774","data_support":"osm-proxy","rating_support":"default-by-class","official_source_status":"NIE metadata visible; record API not visible to this builder"},"geometry":{"type":"Point","coordinates":[-5.855566,54.522128]}},{"type":"Feature","properties":{"asset_number":"node/13586886508","asset_type":"transformer","asset_class":"secondary","nominal_rating":500.0,"nominal_rating_unit_of_measurement":"kVA","rating_kva":500.0,"voltage":null,"voltage_kv":null,"rated_primary_voltage":null,"rated_primary_voltage_unit_of_measurement":null,"site_name":null,"site_postcode":null,"site_town_city":"Belfast","site_county":"County Antrim / County Down","year_of_manufacture":null,"source":"OSM power asset proxy","source_id":"node/13586886508","data_support":"osm-proxy","rating_support":"default-by-class","official_source_status":"NIE metadata visible; record API not visible to this builder"},"geometry":{"type":"Point","coordinates":[-5.871098,54.695962]}},{"type":"Feature","properties":{"asset_number":"node/13594181541","asset_type":"transformer","asset_class":"secondary","nominal_rating":500.0,"nominal_rating_unit_of_measurement":"kVA","rating_kva":500.0,"voltage":null,"voltage_kv":null,"rated_primary_voltage":null,"rated_primary_voltage_unit_of_measurement":null,"site_name":null,"site_postcode":null,"site_town_city":"Belfast","site_county":"County Antrim / County Down","year_of_manufacture":null,"source":"OSM power asset proxy","source_id":"node/13594181541","data_support":"osm-proxy","rating_support":"default-by-class","official_source_status":"NIE metadata visible; record API not visible to this builder"},"geometry":{"type":"Point","coordinates":[-6.07164,54.58717]}},{"type":"Feature","properties":{"asset_number":"node/13594181543","asset_type":"transformer","asset_class":"secondary","nominal_rating":500.0,"nominal_rating_unit_of_measurement":"kVA","rating_kva":500.0,"voltage":null,"voltage_kv":null,"rated_primary_voltage":null,"rated_primary_voltage_unit_of_measurement":null,"site_name":null,"site_postcode":null,"site_town_city":"Belfast","site_county":"County Antrim / County Down","year_of_manufacture":null,"source":"OSM power asset proxy","source_id":"node/13594181543","data_support":"osm-proxy","rating_support":"default-by-class","official_source_status":"NIE metadata visible; record API not visible to this builder"},"geometry":{"type":"Point","coordinates":[-6.051911,54.616364]}},{"type":"Feature","properties":{"asset_number":"node/13594181545","asset_type":"transformer","asset_class":"secondary","nominal_rating":500.0,"nominal_rating_unit_of_measurement":"kVA","rating_kva":500.0,"voltage":null,"voltage_kv":null,"rated_primary_voltage":null,"rated_primary_voltage_unit_of_measurement":null,"site_name":null,"site_postcode":null,"site_town_city":"Belfast","site_county":"County Antrim / County Down","year_of_manufacture":null,"source":"OSM power asset proxy","source_id":"node/13594181545","data_support":"osm-proxy","rating_support":"default-by-class","official_source_status":"NIE metadata visible; record API not visible to this builder"},"geometry":{"type":"Point","coordinates":[-6.033179,54.629299]}},{"type":"Feature","properties":{"asset_number":"node/13594181547","asset_type":"transformer","asset_class":"secondary","nominal_rating":500.0,"nominal_rating_unit_of_measurement":"kVA","rating_kva":500.0,"voltage":null,"voltage_kv":null,"rated_primary_voltage":null,"rated_primary_voltage_unit_of_measurement":null,"site_name":null,"site_postcode":null,"site_town_city":"Belfast","site_county":"County Antrim / County Down","year_of_manufacture":null,"source":"OSM power asset proxy","source_id":"node/13594181547","data_support":"osm-proxy","rating_support":"default-by-class","official_source_status":"NIE metadata visible; record API not visible to this builder"},"geometry":{"type":"Point","coordinates":[-6.033095,54.629266]}},{"type":"Feature","properties":{"asset_number":"node/13647380408","asset_type":"transformer","asset_class":"secondary","nominal_rating":500.0,"nominal_rating_unit_of_measurement":"kVA","rating_kva":500.0,"voltage":null,"voltage_kv":null,"rated_primary_voltage":null,"rated_primary_voltage_unit_of_measurement":null,"site_name":null,"site_postcode":null,"site_town_city":"Belfast","site_county":"County Antrim / County Down","year_of_manufacture":null,"source":"OSM power asset proxy","source_id":"node/13647380408","data_support":"osm-proxy","rating_support":"default-by-class","official_source_status":"NIE metadata visible; record API not visible to this builder"},"geometry":{"type":"Point","coordinates":[-5.958657,54.586548]}},{"type":"Feature","properties":{"asset_number":"node/13647380409","asset_type":"transformer","asset_class":"secondary","nominal_rating":500.0,"nominal_rating_unit_of_measurement":"kVA","rating_kva":500.0,"voltage":null,"voltage_kv":null,"rated_primary_voltage":null,"rated_primary_voltage_unit_of_measurement":null,"site_name":null,"site_postcode":null,"site_town_city":"Belfast","site_county":"County Antrim / County Down","year_of_manufacture":null,"source":"OSM power asset proxy","source_id":"node/13647380409","data_support":"osm-proxy","rating_support":"default-by-class","official_source_status":"NIE metadata visible; record API not visible to this builder"},"geometry":{"type":"Point","coordinates":[-5.958587,54.586534]}},{"type":"Feature","properties":{"asset_number":"way/148266260","asset_type":"substation","asset_class":"primary","nominal_rating":16.0,"nominal_rating_unit_of_measurement":"MVA","rating_kva":16000.0,"voltage":"275000","voltage_kv":275.0,"rated_primary_voltage":275.0,"rated_primary_voltage_unit_of_measurement":"kV","site_name":"Castlereagh 275kV Substation","site_postcode":null,"site_town_city":"Belfast","site_county":"County Antrim / County Down","year_of_manufacture":null,"source":"OSM power asset proxy","source_id":"way/148266260","data_support":"osm-proxy","rating_support":"default-by-class","official_source_status":"NIE metadata visible; record API not visible to this builder"},"geometry":{"type":"Point","coordinates":[-5.878565,54.563132]}},{"type":"Feature","properties":{"asset_number":"way/166764802","asset_type":"substation","asset_class":"primary","nominal_rating":16.0,"nominal_rating_unit_of_measurement":"MVA","rating_kva":16000.0,"voltage":"275000","voltage_kv":275.0,"rated_primary_voltage":275.0,"rated_primary_voltage_unit_of_measurement":"kV","site_name":"Hannahstown 275kV Substation","site_postcode":null,"site_town_city":"Belfast","site_county":"County Antrim / County Down","year_of_manufacture":null,"source":"OSM power asset proxy","source_id":"way/166764802","data_support":"osm-proxy","rating_support":"default-by-class","official_source_status":"NIE metadata visible; record API not visible to this builder"},"geometry":{"type":"Point","coordinates":[-6.027628,54.574842]}},{"type":"Feature","properties":{"asset_number":"way/166764805","asset_type":"substation","asset_class":"primary","nominal_rating":16.0,"nominal_rating_unit_of_measurement":"MVA","rating_kva":16000.0,"voltage":"110000","voltage_kv":110.0,"rated_primary_voltage":110.0,"rated_primary_voltage_unit_of_measurement":"kV","site_name":"Finaghy 110kV Substation","site_postcode":null,"site_town_city":"Belfast","site_county":"County Antrim / County Down","year_of_manufacture":null,"source":"OSM power asset proxy","source_id":"way/166764805","data_support":"osm-proxy","rating_support":"default-by-class","official_source_status":"NIE metadata visible; record API not visible to this builder"},"geometry":{"type":"Point","coordinates":[-5.994295,54.569898]}},{"type":"Feature","properties":{"asset_number":"way/166809457","asset_type":"substation","asset_class":"primary","nominal_rating":16.0,"nominal_rating_unit_of_measurement":"MVA","rating_kva":16000.0,"voltage":"110000","voltage_kv":110.0,"rated_primary_voltage":110.0,"rated_primary_voltage_unit_of_measurement":"kV","site_name":"Rosebank 110kV Substation","site_postcode":null,"site_town_city":"Belfast","site_county":"County Antrim / County Down","year_of_manufacture":null,"source":"OSM power asset proxy","source_id":"way/166809457","data_support":"osm-proxy","rating_support":"default-by-class","official_source_status":"NIE metadata visible; record API not visible to this builder"},"geometry":{"type":"Point","coordinates":[-5.867913,54.575846]}},{"type":"Feature","properties":{"asset_number":"way/166809471","asset_type":"substation","asset_class":"primary","nominal_rating":16.0,"nominal_rating_unit_of_measurement":"MVA","rating_kva":16000.0,"voltage":"110000","voltage_kv":110.0,"rated_primary_voltage":110.0,"rated_primary_voltage_unit_of_measurement":"kV","site_name":"Carnmoney 110kV Substation","site_postcode":null,"site_town_city":"Belfast","site_county":"County Antrim / County Down","year_of_manufacture":null,"source":"OSM power asset proxy","source_id":"way/166809471","data_support":"osm-proxy","rating_support":"default-by-class","official_source_status":"NIE metadata visible; record API not visible to this builder"},"geometry":{"type":"Point","coordinates":[-5.954149,54.68691]}},{"type":"Feature","properties":{"asset_number":"way/223679287","asset_type":"substation","asset_class":"primary","nominal_rating":16.0,"nominal_rating_unit_of_measurement":"MVA","rating_kva":16000.0,"voltage":"33000","voltage_kv":33.0,"rated_primary_voltage":33.0,"rated_primary_voltage_unit_of_measurement":"kV","site_name":"North Foreshore 33 kV Substation","site_postcode":null,"site_town_city":"Belfast","site_county":"County Antrim / County Down","year_of_manufacture":null,"source":"OSM power asset proxy","source_id":"way/223679287","data_support":"osm-proxy","rating_support":"default-by-class","official_source_status":"NIE metadata visible; record API not visible to this builder"},"geometry":{"type":"Point","coordinates":[-5.896837,54.625768]}},{"type":"Feature","properties":{"asset_number":"way/425085493","asset_type":"substation","asset_class":"secondary","nominal_rating":500.0,"nominal_rating_unit_of_measurement":"kVA","rating_kva":500.0,"voltage":null,"voltage_kv":null,"rated_primary_voltage":null,"rated_primary_voltage_unit_of_measurement":null,"site_name":null,"site_postcode":null,"site_town_city":"Belfast","site_county":"County Antrim / County Down","year_of_manufacture":null,"source":"OSM power asset proxy","source_id":"way/425085493","data_support":"osm-proxy","rating_support":"default-by-class","official_source_status":"NIE metadata visible; record API not visible to this builder"},"geometry":{"type":"Point","coordinates":[-5.921268,54.643611]}},{"type":"Feature","properties":{"asset_number":"way/429456205","asset_type":"substation","asset_class":"primary","nominal_rating":16.0,"nominal_rating_unit_of_measurement":"MVA","rating_kva":16000.0,"voltage":"110000","voltage_kv":110.0,"rated_primary_voltage":110.0,"rated_primary_voltage_unit_of_measurement":"kV","site_name":"Donegall 110kV Substation","site_postcode":null,"site_town_city":"Belfast","site_county":"County Antrim / County Down","year_of_manufacture":null,"source":"OSM power asset proxy","source_id":"way/429456205","data_support":"osm-proxy","rating_support":"default-by-class","official_source_status":"NIE metadata visible; record API not visible to this builder"},"geometry":{"type":"Point","coordinates":[-5.953928,54.590828]}},{"type":"Feature","properties":{"asset_number":"way/444183605","asset_type":"substation","asset_class":"primary","nominal_rating":16.0,"nominal_rating_unit_of_measurement":"MVA","rating_kva":16000.0,"voltage":"110000","voltage_kv":110.0,"rated_primary_voltage":110.0,"rated_primary_voltage_unit_of_measurement":"kV","site_name":"Cregagh 110kV Substation","site_postcode":null,"site_town_city":"Belfast","site_county":"County Antrim / County Down","year_of_manufacture":null,"source":"OSM power asset proxy","source_id":"way/444183605","data_support":"osm-proxy","rating_support":"default-by-class","official_source_status":"NIE metadata visible; record API not visible to this builder"},"geometry":{"type":"Point","coordinates":[-5.895548,54.582445]}},{"type":"Feature","properties":{"asset_number":"way/456683217","asset_type":"substation","asset_class":"primary","nominal_rating":16.0,"nominal_rating_unit_of_measurement":"MVA","rating_kva":16000.0,"voltage":"33000","voltage_kv":33.0,"rated_primary_voltage":33.0,"rated_primary_voltage_unit_of_measurement":"kV","site_name":"Fortwilliam 33 kV Substation","site_postcode":null,"site_town_city":"Belfast","site_county":"County Antrim / County Down","year_of_manufacture":null,"source":"OSM power asset proxy","source_id":"way/456683217","data_support":"osm-proxy","rating_support":"default-by-class","official_source_status":"NIE metadata visible; record API not visible to this builder"},"geometry":{"type":"Point","coordinates":[-5.940323,54.62642]}},{"type":"Feature","properties":{"asset_number":"way/458247282","asset_type":"substation","asset_class":"secondary","nominal_rating":500.0,"nominal_rating_unit_of_measurement":"kVA","rating_kva":500.0,"voltage":null,"voltage_kv":null,"rated_primary_voltage":null,"rated_primary_voltage_unit_of_measurement":null,"site_name":"NIE Substation","site_postcode":null,"site_town_city":"Belfast","site_county":"County Antrim / County Down","year_of_manufacture":null,"source":"OSM power asset proxy","source_id":"way/458247282","data_support":"osm-proxy","rating_support":"default-by-class","official_source_status":"NIE metadata visible; record API not visible to this builder"},"geometry":{"type":"Point","coordinates":[-5.937495,54.608255]}},{"type":"Feature","properties":{"asset_number":"way/460132015","asset_type":"substation","asset_class":"primary","nominal_rating":16.0,"nominal_rating_unit_of_measurement":"MVA","rating_kva":16000.0,"voltage":"33000","voltage_kv":33.0,"rated_primary_voltage":33.0,"rated_primary_voltage_unit_of_measurement":"kV","site_name":"Mullaghglass 33kV Substation","site_postcode":null,"site_town_city":"Belfast","site_county":"County Antrim / County Down","year_of_manufacture":null,"source":"OSM power asset proxy","source_id":"way/460132015","data_support":"osm-proxy","rating_support":"default-by-class","official_source_status":"NIE metadata visible; record API not visible to this builder"},"geometry":{"type":"Point","coordinates":[-6.058616,54.561769]}},{"type":"Feature","properties":{"asset_number":"way/471346485","asset_type":"substation","asset_class":"primary","nominal_rating":16.0,"nominal_rating_unit_of_measurement":"MVA","rating_kva":16000.0,"voltage":"33000","voltage_kv":33.0,"rated_primary_voltage":33.0,"rated_primary_voltage_unit_of_measurement":"kV","site_name":"Moscow Road 33kV Substation","site_postcode":null,"site_town_city":"Belfast","site_county":"County Antrim / County Down","year_of_manufacture":null,"source":"OSM power asset proxy","source_id":"way/471346485","data_support":"osm-proxy","rating_support":"default-by-class","official_source_status":"NIE metadata visible; record API not visible to this builder"},"geometry":{"type":"Point","coordinates":[-5.873868,54.622711]}},{"type":"Feature","properties":{"asset_number":"way/474923390","asset_type":"substation","asset_class":"primary","nominal_rating":16.0,"nominal_rating_unit_of_measurement":"MVA","rating_kva":16000.0,"voltage":"33000","voltage_kv":33.0,"rated_primary_voltage":33.0,"rated_primary_voltage_unit_of_measurement":"kV","site_name":"Dunmurry West 33 kV Substation","site_postcode":null,"site_town_city":"Belfast","site_county":"County Antrim / County Down","year_of_manufacture":null,"source":"OSM power asset proxy","source_id":"way/474923390","data_support":"osm-proxy","rating_support":"default-by-class","official_source_status":"NIE metadata visible; record API not visible to this builder"},"geometry":{"type":"Point","coordinates":[-6.017363,54.558306]}},{"type":"Feature","properties":{"asset_number":"way/477221983","asset_type":"substation","asset_class":"primary","nominal_rating":16.0,"nominal_rating_unit_of_measurement":"MVA","rating_kva":16000.0,"voltage":"33000","voltage_kv":33.0,"rated_primary_voltage":33.0,"rated_primary_voltage_unit_of_measurement":"kV","site_name":"Airport Road 33 kV Substation","site_postcode":null,"site_town_city":"Belfast","site_county":"County Antrim / County Down","year_of_manufacture":null,"source":"OSM power asset proxy","source_id":"way/477221983","data_support":"osm-proxy","rating_support":"default-by-class","official_source_status":"NIE metadata visible; record API not visible to this builder"},"geometry":{"type":"Point","coordinates":[-5.898467,54.603867]}},{"type":"Feature","properties":{"asset_number":"way/477221992","asset_type":"substation","asset_class":"primary","nominal_rating":16.0,"nominal_rating_unit_of_measurement":"MVA","rating_kva":16000.0,"voltage":"33000","voltage_kv":33.0,"rated_primary_voltage":33.0,"rated_primary_voltage_unit_of_measurement":"kV","site_name":"33kV Substation","site_postcode":null,"site_town_city":"Belfast","site_county":"County Antrim / County Down","year_of_manufacture":null,"source":"OSM power asset proxy","source_id":"way/477221992","data_support":"osm-proxy","rating_support":"default-by-class","official_source_status":"NIE metadata visible; record API not visible to this builder"},"geometry":{"type":"Point","coordinates":[-5.884298,54.611601]}},{"type":"Feature","properties":{"asset_number":"way/477222002","asset_type":"substation","asset_class":"primary","nominal_rating":16.0,"nominal_rating_unit_of_measurement":"MVA","rating_kva":16000.0,"voltage":"33000","voltage_kv":33.0,"rated_primary_voltage":33.0,"rated_primary_voltage_unit_of_measurement":"kV","site_name":"Queens Road 33kV Substation","site_postcode":null,"site_town_city":"Belfast","site_county":"County Antrim / County Down","year_of_manufacture":null,"source":"OSM power asset proxy","source_id":"way/477222002","data_support":"osm-proxy","rating_support":"default-by-class","official_source_status":"NIE metadata visible; record API not visible to this builder"},"geometry":{"type":"Point","coordinates":[-5.905297,54.609601]}},{"type":"Feature","properties":{"asset_number":"way/477222700","asset_type":"substation","asset_class":"primary","nominal_rating":16.0,"nominal_rating_unit_of_measurement":"MVA","rating_kva":16000.0,"voltage":"33000","voltage_kv":33.0,"rated_primary_voltage":33.0,"rated_primary_voltage_unit_of_measurement":"kV","site_name":"King Street 33 kV Substation","site_postcode":null,"site_town_city":"Belfast","site_county":"County Antrim / County Down","year_of_manufacture":null,"source":"OSM power asset proxy","source_id":"way/477222700","data_support":"osm-proxy","rating_support":"default-by-class","official_source_status":"NIE metadata visible; record API not visible to this builder"},"geometry":{"type":"Point","coordinates":[-5.935582,54.598463]}},{"type":"Feature","properties":{"asset_number":"way/477224628","asset_type":"substation","asset_class":"primary","nominal_rating":16.0,"nominal_rating_unit_of_measurement":"MVA","rating_kva":16000.0,"voltage":"33000","voltage_kv":33.0,"rated_primary_voltage":33.0,"rated_primary_voltage_unit_of_measurement":"kV","site_name":"Dargan Road 33 kV Substation","site_postcode":null,"site_town_city":"Belfast","site_county":"County Antrim / County Down","year_of_manufacture":null,"source":"OSM power asset proxy","source_id":"way/477224628","data_support":"osm-proxy","rating_support":"default-by-class","official_source_status":"NIE metadata visible; record API not visible to this builder"},"geometry":{"type":"Point","coordinates":[-5.910618,54.631315]}},{"type":"Feature","properties":{"asset_number":"way/477224629","asset_type":"substation","asset_class":"secondary","nominal_rating":500.0,"nominal_rating_unit_of_measurement":"kVA","rating_kva":500.0,"voltage":null,"voltage_kv":null,"rated_primary_voltage":null,"rated_primary_voltage_unit_of_measurement":null,"site_name":null,"site_postcode":null,"site_town_city":"Belfast","site_county":"County Antrim / County Down","year_of_manufacture":null,"source":"OSM power asset proxy","source_id":"way/477224629","data_support":"osm-proxy","rating_support":"default-by-class","official_source_status":"NIE metadata visible; record API not visible to this builder"},"geometry":{"type":"Point","coordinates":[-5.910534,54.631232]}},{"type":"Feature","properties":{"asset_number":"way/477224642","asset_type":"substation","asset_class":"primary","nominal_rating":16.0,"nominal_rating_unit_of_measurement":"MVA","rating_kva":16000.0,"voltage":"33000","voltage_kv":33.0,"rated_primary_voltage":33.0,"rated_primary_voltage_unit_of_measurement":"kV","site_name":"Skegoneill Street 33 kV Substation","site_postcode":null,"site_town_city":"Belfast","site_county":"County Antrim / County Down","year_of_manufacture":null,"source":"OSM power asset proxy","source_id":"way/477224642","data_support":"osm-proxy","rating_support":"default-by-class","official_source_status":"NIE metadata visible; record API not visible to this builder"},"geometry":{"type":"Point","coordinates":[-5.921222,54.622049]}},{"type":"Feature","properties":{"asset_number":"way/477224922","asset_type":"substation","asset_class":"primary","nominal_rating":16.0,"nominal_rating_unit_of_measurement":"MVA","rating_kva":16000.0,"voltage":"110000","voltage_kv":110.0,"rated_primary_voltage":110.0,"rated_primary_voltage_unit_of_measurement":"kV","site_name":"North Main 110 kV Substation","site_postcode":null,"site_town_city":"Belfast","site_county":"County Antrim / County Down","year_of_manufacture":null,"source":"OSM power asset proxy","source_id":"way/477224922","data_support":"osm-proxy","rating_support":"default-by-class","official_source_status":"NIE metadata visible; record API not visible to this builder"},"geometry":{"type":"Point","coordinates":[-5.919344,54.611081]}},{"type":"Feature","properties":{"asset_number":"way/477228662","asset_type":"substation","asset_class":"primary","nominal_rating":16.0,"nominal_rating_unit_of_measurement":"MVA","rating_kva":16000.0,"voltage":"33000","voltage_kv":33.0,"rated_primary_voltage":33.0,"rated_primary_voltage_unit_of_measurement":"kV","site_name":"Carrs Glen 33kV Substation","site_postcode":null,"site_town_city":"Belfast","site_county":"County Antrim / County Down","year_of_manufacture":null,"source":"OSM power asset proxy","source_id":"way/477228662","data_support":"osm-proxy","rating_support":"default-by-class","official_source_status":"NIE metadata visible; record API not visible to this builder"},"geometry":{"type":"Point","coordinates":[-5.968609,54.628446]}},{"type":"Feature","properties":{"asset_number":"way/477229833","asset_type":"substation","asset_class":"primary","nominal_rating":16.0,"nominal_rating_unit_of_measurement":"MVA","rating_kva":16000.0,"voltage":"33000","voltage_kv":33.0,"rated_primary_voltage":33.0,"rated_primary_voltage_unit_of_measurement":"kV","site_name":"Talbot Street 33kV Substation","site_postcode":null,"site_town_city":"Belfast","site_county":"County Antrim / County Down","year_of_manufacture":null,"source":"OSM power asset proxy","source_id":"way/477229833","data_support":"osm-proxy","rating_support":"default-by-class","official_source_status":"NIE metadata visible; record API not visible to this builder"},"geometry":{"type":"Point","coordinates":[-5.926299,54.602943]}},{"type":"Feature","properties":{"asset_number":"way/477255058","asset_type":"substation","asset_class":"primary","nominal_rating":16.0,"nominal_rating_unit_of_measurement":"MVA","rating_kva":16000.0,"voltage":"33000","voltage_kv":33.0,"rated_primary_voltage":33.0,"rated_primary_voltage_unit_of_measurement":"kV","site_name":"Bog Meadows 33 kV Substation","site_postcode":null,"site_town_city":"Belfast","site_county":"County Antrim / County Down","year_of_manufacture":null,"source":"OSM power asset proxy","source_id":"way/477255058","data_support":"osm-proxy","rating_support":"default-by-class","official_source_status":"NIE metadata visible; record API not visible to this builder"},"geometry":{"type":"Point","coordinates":[-5.966252,54.574688]}},{"type":"Feature","properties":{"asset_number":"way/479806003","asset_type":"substation","asset_class":"secondary","nominal_rating":500.0,"nominal_rating_unit_of_measurement":"kVA","rating_kva":500.0,"voltage":"11000","voltage_kv":11.0,"rated_primary_voltage":11.0,"rated_primary_voltage_unit_of_measurement":"kV","site_name":null,"site_postcode":null,"site_town_city":"Belfast","site_county":"County Antrim / County Down","year_of_manufacture":null,"source":"OSM power asset proxy","source_id":"way/479806003","data_support":"osm-proxy","rating_support":"default-by-class","official_source_status":"NIE metadata visible; record API not visible to this builder"},"geometry":{"type":"Point","coordinates":[-6.046228,54.54395]}},{"type":"Feature","properties":{"asset_number":"way/501105171","asset_type":"substation","asset_class":"primary","nominal_rating":16.0,"nominal_rating_unit_of_measurement":"MVA","rating_kva":16000.0,"voltage":"33000","voltage_kv":33.0,"rated_primary_voltage":33.0,"rated_primary_voltage_unit_of_measurement":"kV","site_name":"Mallusk 33kV Substation","site_postcode":null,"site_town_city":"Belfast","site_county":"County Antrim / County Down","year_of_manufacture":null,"source":"OSM power asset proxy","source_id":"way/501105171","data_support":"osm-proxy","rating_support":"default-by-class","official_source_status":"NIE metadata visible; record API not visible to this builder"},"geometry":{"type":"Point","coordinates":[-5.985579,54.674222]}},{"type":"Feature","properties":{"asset_number":"way/601723395","asset_type":"substation","asset_class":"primary","nominal_rating":16.0,"nominal_rating_unit_of_measurement":"MVA","rating_kva":16000.0,"voltage":"33000","voltage_kv":33.0,"rated_primary_voltage":33.0,"rated_primary_voltage_unit_of_measurement":"kV","site_name":"Ballymacash 33 kV Substation","site_postcode":null,"site_town_city":"Belfast","site_county":"County Antrim / County Down","year_of_manufacture":null,"source":"OSM power asset proxy","source_id":"way/601723395","data_support":"osm-proxy","rating_support":"default-by-class","official_source_status":"NIE metadata visible; record API not visible to this builder"},"geometry":{"type":"Point","coordinates":[-6.072464,54.524256]}},{"type":"Feature","properties":{"asset_number":"way/619342451","asset_type":"substation","asset_class":"primary","nominal_rating":16.0,"nominal_rating_unit_of_measurement":"MVA","rating_kva":16000.0,"voltage":"33000","voltage_kv":33.0,"rated_primary_voltage":33.0,"rated_primary_voltage_unit_of_measurement":"kV","site_name":"Falls 33kV Substation","site_postcode":null,"site_town_city":"Belfast","site_county":"County Antrim / County Down","year_of_manufacture":null,"source":"OSM power asset proxy","source_id":"way/619342451","data_support":"osm-proxy","rating_support":"default-by-class","official_source_status":"NIE metadata visible; record API not visible to this builder"},"geometry":{"type":"Point","coordinates":[-5.985457,54.58348]}},{"type":"Feature","properties":{"asset_number":"way/632249714","asset_type":"substation","asset_class":"secondary","nominal_rating":500.0,"nominal_rating_unit_of_measurement":"kVA","rating_kva":500.0,"voltage":null,"voltage_kv":null,"rated_primary_voltage":null,"rated_primary_voltage_unit_of_measurement":null,"site_name":null,"site_postcode":null,"site_town_city":"Belfast","site_county":"County Antrim / County Down","year_of_manufacture":null,"source":"OSM power asset proxy","source_id":"way/632249714","data_support":"osm-proxy","rating_support":"default-by-class","official_source_status":"NIE metadata visible; record API not visible to this builder"},"geometry":{"type":"Point","coordinates":[-5.886028,54.562127]}},{"type":"Feature","properties":{"asset_number":"way/721044855","asset_type":"substation","asset_class":"primary","nominal_rating":16.0,"nominal_rating_unit_of_measurement":"MVA","rating_kva":16000.0,"voltage":"110000","voltage_kv":110.0,"rated_primary_voltage":110.0,"rated_primary_voltage_unit_of_measurement":"kV","site_name":"Knock 110kV Substation","site_postcode":null,"site_town_city":"Belfast","site_county":"County Antrim / County Down","year_of_manufacture":null,"source":"OSM power asset proxy","source_id":"way/721044855","data_support":"osm-proxy","rating_support":"default-by-class","official_source_status":"NIE metadata visible; record API not visible to this builder"},"geometry":{"type":"Point","coordinates":[-5.856044,54.594155]}},{"type":"Feature","properties":{"asset_number":"way/761264596","asset_type":"substation","asset_class":"primary","nominal_rating":16.0,"nominal_rating_unit_of_measurement":"MVA","rating_kva":16000.0,"voltage":"33000","voltage_kv":33.0,"rated_primary_voltage":33.0,"rated_primary_voltage_unit_of_measurement":"kV","site_name":"Dundonald East 33 kV Substation","site_postcode":null,"site_town_city":"Belfast","site_county":"County Antrim / County Down","year_of_manufacture":null,"source":"OSM power asset proxy","source_id":"way/761264596","data_support":"osm-proxy","rating_support":"default-by-class","official_source_status":"NIE metadata visible; record API not visible to this builder"},"geometry":{"type":"Point","coordinates":[-5.786156,54.596238]}},{"type":"Feature","properties":{"asset_number":"way/835050440","asset_type":"substation","asset_class":"secondary","nominal_rating":500.0,"nominal_rating_unit_of_measurement":"kVA","rating_kva":500.0,"voltage":null,"voltage_kv":null,"rated_primary_voltage":null,"rated_primary_voltage_unit_of_measurement":null,"site_name":null,"site_postcode":null,"site_town_city":"Belfast","site_county":"County Antrim / County Down","year_of_manufacture":null,"source":"OSM power asset proxy","source_id":"way/835050440","data_support":"osm-proxy","rating_support":"default-by-class","official_source_status":"NIE metadata visible; record API not visible to this builder"},"geometry":{"type":"Point","coordinates":[-6.010295,54.541586]}},{"type":"Feature","properties":{"asset_number":"way/839377414","asset_type":"substation","asset_class":"primary","nominal_rating":16.0,"nominal_rating_unit_of_measurement":"MVA","rating_kva":16000.0,"voltage":"33000","voltage_kv":33.0,"rated_primary_voltage":33.0,"rated_primary_voltage_unit_of_measurement":"kV","site_name":null,"site_postcode":null,"site_town_city":"Belfast","site_county":"County Antrim / County Down","year_of_manufacture":null,"source":"OSM power asset proxy","source_id":"way/839377414","data_support":"osm-proxy","rating_support":"default-by-class","official_source_status":"NIE metadata visible; record API not visible to this builder"},"geometry":{"type":"Point","coordinates":[-5.950907,54.593156]}},{"type":"Feature","properties":{"asset_number":"way/902278871","asset_type":"substation","asset_class":"primary","nominal_rating":16.0,"nominal_rating_unit_of_measurement":"MVA","rating_kva":16000.0,"voltage":"33000","voltage_kv":33.0,"rated_primary_voltage":33.0,"rated_primary_voltage_unit_of_measurement":"kV","site_name":"Monkstown 33 kV Substation","site_postcode":null,"site_town_city":"Belfast","site_county":"County Antrim / County Down","year_of_manufacture":null,"source":"OSM power asset proxy","source_id":"way/902278871","data_support":"osm-proxy","rating_support":"default-by-class","official_source_status":"NIE metadata visible; record API not visible to this builder"},"geometry":{"type":"Point","coordinates":[-5.917571,54.68533]}},{"type":"Feature","properties":{"asset_number":"way/1037300206","asset_type":"substation","asset_class":"primary","nominal_rating":16.0,"nominal_rating_unit_of_measurement":"MVA","rating_kva":16000.0,"voltage":"33000","voltage_kv":33.0,"rated_primary_voltage":33.0,"rated_primary_voltage_unit_of_measurement":"kV","site_name":"Roughfort Central 33 kV Substation","site_postcode":null,"site_town_city":"Belfast","site_county":"County Antrim / County Down","year_of_manufacture":null,"source":"OSM power asset proxy","source_id":"way/1037300206","data_support":"osm-proxy","rating_support":"default-by-class","official_source_status":"NIE metadata visible; record API not visible to this builder"},"geometry":{"type":"Point","coordinates":[-6.020329,54.687313]}},{"type":"Feature","properties":{"asset_number":"way/1037914386","asset_type":"substation","asset_class":"primary","nominal_rating":16.0,"nominal_rating_unit_of_measurement":"MVA","rating_kva":16000.0,"voltage":"110000","voltage_kv":110.0,"rated_primary_voltage":110.0,"rated_primary_voltage_unit_of_measurement":"kV","site_name":"Glengormley 110kV Substation","site_postcode":null,"site_town_city":"Belfast","site_county":"County Antrim / County Down","year_of_manufacture":null,"source":"OSM power asset proxy","source_id":"way/1037914386","data_support":"osm-proxy","rating_support":"default-by-class","official_source_status":"NIE metadata visible; record API not visible to this builder"},"geometry":{"type":"Point","coordinates":[-5.965875,54.676151]}},{"type":"Feature","properties":{"asset_number":"way/1037914399","asset_type":"substation","asset_class":"secondary","nominal_rating":500.0,"nominal_rating_unit_of_measurement":"kVA","rating_kva":500.0,"voltage":"11000","voltage_kv":11.0,"rated_primary_voltage":11.0,"rated_primary_voltage_unit_of_measurement":"kV","site_name":null,"site_postcode":null,"site_town_city":"Belfast","site_county":"County Antrim / County Down","year_of_manufacture":null,"source":"OSM power asset proxy","source_id":"way/1037914399","data_support":"osm-proxy","rating_support":"default-by-class","official_source_status":"NIE metadata visible; record API not visible to this builder"},"geometry":{"type":"Point","coordinates":[-5.919876,54.673204]}},{"type":"Feature","properties":{"asset_number":"way/1037941300","asset_type":"substation","asset_class":"primary","nominal_rating":16.0,"nominal_rating_unit_of_measurement":"MVA","rating_kva":16000.0,"voltage":"110000","voltage_kv":110.0,"rated_primary_voltage":110.0,"rated_primary_voltage_unit_of_measurement":"kV","site_name":"Central 110kV Substation","site_postcode":null,"site_town_city":"Belfast","site_county":"County Antrim / County Down","year_of_manufacture":null,"source":"OSM power asset proxy","source_id":"way/1037941300","data_support":"osm-proxy","rating_support":"default-by-class","official_source_status":"NIE metadata visible; record API not visible to this builder"},"geometry":{"type":"Point","coordinates":[-5.924659,54.604792]}},{"type":"Feature","properties":{"asset_number":"way/1040626524","asset_type":"substation","asset_class":"primary","nominal_rating":16.0,"nominal_rating_unit_of_measurement":"MVA","rating_kva":16000.0,"voltage":"33000","voltage_kv":33.0,"rated_primary_voltage":33.0,"rated_primary_voltage_unit_of_measurement":"kV","site_name":"Ballyhenry 33 kV Substation","site_postcode":null,"site_town_city":"Belfast","site_county":"County Antrim / County Down","year_of_manufacture":null,"source":"OSM power asset proxy","source_id":"way/1040626524","data_support":"osm-proxy","rating_support":"default-by-class","official_source_status":"NIE metadata visible; record API not visible to this builder"},"geometry":{"type":"Point","coordinates":[-5.963838,54.693485]}},{"type":"Feature","properties":{"asset_number":"way/1040638030","asset_type":"substation","asset_class":"primary","nominal_rating":16.0,"nominal_rating_unit_of_measurement":"MVA","rating_kva":16000.0,"voltage":"33000","voltage_kv":33.0,"rated_primary_voltage":33.0,"rated_primary_voltage_unit_of_measurement":"kV","site_name":"______ 33 kV Substation","site_postcode":null,"site_town_city":"Belfast","site_county":"County Antrim / County Down","year_of_manufacture":null,"source":"OSM power asset proxy","source_id":"way/1040638030","data_support":"osm-proxy","rating_support":"default-by-class","official_source_status":"NIE metadata visible; record API not visible to this builder"},"geometry":{"type":"Point","coordinates":[-5.910762,54.594711]}},{"type":"Feature","properties":{"asset_number":"way/1040668029","asset_type":"substation","asset_class":"primary","nominal_rating":16.0,"nominal_rating_unit_of_measurement":"MVA","rating_kva":16000.0,"voltage":"33000","voltage_kv":33.0,"rated_primary_voltage":33.0,"rated_primary_voltage_unit_of_measurement":"kV","site_name":"Ballysillan 33kV Substation","site_postcode":null,"site_town_city":"Belfast","site_county":"County Antrim / County Down","year_of_manufacture":null,"source":"OSM power asset proxy","source_id":"way/1040668029","data_support":"osm-proxy","rating_support":"default-by-class","official_source_status":"NIE metadata visible; record API not visible to this builder"},"geometry":{"type":"Point","coordinates":[-5.963421,54.620225]}},{"type":"Feature","properties":{"asset_number":"way/1041675579","asset_type":"substation","asset_class":"primary","nominal_rating":16.0,"nominal_rating_unit_of_measurement":"MVA","rating_kva":16000.0,"voltage":"33000","voltage_kv":33.0,"rated_primary_voltage":33.0,"rated_primary_voltage_unit_of_measurement":"kV","site_name":"Braniel 33 kV Substation","site_postcode":null,"site_town_city":"Belfast","site_county":"County Antrim / County Down","year_of_manufacture":null,"source":"OSM power asset proxy","source_id":"way/1041675579","data_support":"osm-proxy","rating_support":"default-by-class","official_source_status":"NIE metadata visible; record API not visible to this builder"},"geometry":{"type":"Point","coordinates":[-5.868334,54.576141]}},{"type":"Feature","properties":{"asset_number":"way/1041824957","asset_type":"substation","asset_class":"primary","nominal_rating":16.0,"nominal_rating_unit_of_measurement":"MVA","rating_kva":16000.0,"voltage":"33000;11000","voltage_kv":33.0,"rated_primary_voltage":33.0,"rated_primary_voltage_unit_of_measurement":"kV","site_name":"City Hospital 33 kV Substation","site_postcode":null,"site_town_city":"Belfast","site_county":"County Antrim / County Down","year_of_manufacture":null,"source":"OSM power asset proxy","source_id":"way/1041824957","data_support":"osm-proxy","rating_support":"default-by-class","official_source_status":"NIE metadata visible; record API not visible to this builder"},"geometry":{"type":"Point","coordinates":[-5.938658,54.587404]}},{"type":"Feature","properties":{"asset_number":"way/1041842474","asset_type":"substation","asset_class":"primary","nominal_rating":16.0,"nominal_rating_unit_of_measurement":"MVA","rating_kva":16000.0,"voltage":"33000","voltage_kv":33.0,"rated_primary_voltage":33.0,"rated_primary_voltage_unit_of_measurement":"kV","site_name":"Sydenham 33kV Substation","site_postcode":null,"site_town_city":"Belfast","site_county":"County Antrim / County Down","year_of_manufacture":null,"source":"OSM power asset proxy","source_id":"way/1041842474","data_support":"osm-proxy","rating_support":"default-by-class","official_source_status":"NIE metadata visible; record API not visible to this builder"},"geometry":{"type":"Point","coordinates":[-5.87299,54.608024]}},{"type":"Feature","properties":{"asset_number":"way/1041842571","asset_type":"substation","asset_class":"primary","nominal_rating":16.0,"nominal_rating_unit_of_measurement":"MVA","rating_kva":16000.0,"voltage":"33000","voltage_kv":33.0,"rated_primary_voltage":33.0,"rated_primary_voltage_unit_of_measurement":"kV","site_name":"Dundonald 33kV Substation","site_postcode":null,"site_town_city":"Belfast","site_county":"County Antrim / County Down","year_of_manufacture":null,"source":"OSM power asset proxy","source_id":"way/1041842571","data_support":"osm-proxy","rating_support":"default-by-class","official_source_status":"NIE metadata visible; record API not visible to this builder"},"geometry":{"type":"Point","coordinates":[-5.811722,54.59383]}},{"type":"Feature","properties":{"asset_number":"way/1041842898","asset_type":"substation","asset_class":"primary","nominal_rating":16.0,"nominal_rating_unit_of_measurement":"MVA","rating_kva":16000.0,"voltage":"33000;6600","voltage_kv":33.0,"rated_primary_voltage":33.0,"rated_primary_voltage_unit_of_measurement":"kV","site_name":"Ballymacarrett 33kV Substation","site_postcode":null,"site_town_city":"Belfast","site_county":"County Antrim / County Down","year_of_manufacture":null,"source":"OSM power asset proxy","source_id":"way/1041842898","data_support":"osm-proxy","rating_support":"default-by-class","official_source_status":"NIE metadata visible; record API not visible to this builder"},"geometry":{"type":"Point","coordinates":[-5.887041,54.596581]}},{"type":"Feature","properties":{"asset_number":"way/1041843751","asset_type":"substation","asset_class":"primary","nominal_rating":16.0,"nominal_rating_unit_of_measurement":"MVA","rating_kva":16000.0,"voltage":"33000","voltage_kv":33.0,"rated_primary_voltage":33.0,"rated_primary_voltage_unit_of_measurement":"kV","site_name":"Springfield 33 kV Substation","site_postcode":null,"site_town_city":"Belfast","site_county":"County Antrim / County Down","year_of_manufacture":null,"source":"OSM power asset proxy","source_id":"way/1041843751","data_support":"osm-proxy","rating_support":"default-by-class","official_source_status":"NIE metadata visible; record API not visible to this builder"},"geometry":{"type":"Point","coordinates":[-5.964018,54.600795]}},{"type":"Feature","properties":{"asset_number":"way/1041844091","asset_type":"substation","asset_class":"primary","nominal_rating":16.0,"nominal_rating_unit_of_measurement":"MVA","rating_kva":16000.0,"voltage":"33000","voltage_kv":33.0,"rated_primary_voltage":33.0,"rated_primary_voltage_unit_of_measurement":"kV","site_name":"Mulhouse Road 33 kV Substation","site_postcode":null,"site_town_city":"Belfast","site_county":"County Antrim / County Down","year_of_manufacture":null,"source":"OSM power asset proxy","source_id":"way/1041844091","data_support":"osm-proxy","rating_support":"default-by-class","official_source_status":"NIE metadata visible; record API not visible to this builder"},"geometry":{"type":"Point","coordinates":[-5.951288,54.594828]}},{"type":"Feature","properties":{"asset_number":"way/1041844309","asset_type":"substation","asset_class":"primary","nominal_rating":16.0,"nominal_rating_unit_of_measurement":"MVA","rating_kva":16000.0,"voltage":"33000","voltage_kv":33.0,"rated_primary_voltage":33.0,"rated_primary_voltage_unit_of_measurement":"kV","site_name":"Malone 33 kV Substation","site_postcode":null,"site_town_city":"Belfast","site_county":"County Antrim / County Down","year_of_manufacture":null,"source":"OSM power asset proxy","source_id":"way/1041844309","data_support":"osm-proxy","rating_support":"default-by-class","official_source_status":"NIE metadata visible; record API not visible to this builder"},"geometry":{"type":"Point","coordinates":[-5.94938,54.581379]}},{"type":"Feature","properties":{"asset_number":"way/1041844974","asset_type":"substation","asset_class":"primary","nominal_rating":16.0,"nominal_rating_unit_of_measurement":"MVA","rating_kva":16000.0,"voltage":"33000","voltage_kv":33.0,"rated_primary_voltage":33.0,"rated_primary_voltage_unit_of_measurement":"kV","site_name":"Balmoral 33 kV Substation","site_postcode":null,"site_town_city":"Belfast","site_county":"County Antrim / County Down","year_of_manufacture":null,"source":"OSM power asset proxy","source_id":"way/1041844974","data_support":"osm-proxy","rating_support":"default-by-class","official_source_status":"NIE metadata visible; record API not visible to this builder"},"geometry":{"type":"Point","coordinates":[-5.97861,54.565274]}},{"type":"Feature","properties":{"asset_number":"way/1041846577","asset_type":"substation","asset_class":"primary","nominal_rating":16.0,"nominal_rating_unit_of_measurement":"MVA","rating_kva":16000.0,"voltage":"33000","voltage_kv":33.0,"rated_primary_voltage":33.0,"rated_primary_voltage_unit_of_measurement":"kV","site_name":"South Central 33 kV Substation","site_postcode":null,"site_town_city":"Belfast","site_county":"County Antrim / County Down","year_of_manufacture":null,"source":"OSM power asset proxy","source_id":"way/1041846577","data_support":"osm-proxy","rating_support":"default-by-class","official_source_status":"NIE metadata visible; record API not visible to this builder"},"geometry":{"type":"Point","coordinates":[-5.934034,54.588477]}},{"type":"Feature","properties":{"asset_number":"way/1041847634","asset_type":"substation","asset_class":"primary","nominal_rating":16.0,"nominal_rating_unit_of_measurement":"MVA","rating_kva":16000.0,"voltage":"33000","voltage_kv":33.0,"rated_primary_voltage":33.0,"rated_primary_voltage_unit_of_measurement":"kV","site_name":"Ormeau 33 kV Substation","site_postcode":null,"site_town_city":"Belfast","site_county":"County Antrim / County Down","year_of_manufacture":null,"source":"OSM power asset proxy","source_id":"way/1041847634","data_support":"osm-proxy","rating_support":"default-by-class","official_source_status":"NIE metadata visible; record API not visible to this builder"},"geometry":{"type":"Point","coordinates":[-5.923922,54.574425]}},{"type":"Feature","properties":{"asset_number":"way/1041848124","asset_type":"substation","asset_class":"primary","nominal_rating":16.0,"nominal_rating_unit_of_measurement":"MVA","rating_kva":16000.0,"voltage":"33000","voltage_kv":33.0,"rated_primary_voltage":33.0,"rated_primary_voltage_unit_of_measurement":"kV","site_name":"Newtownbreda 33 kV Substation","site_postcode":null,"site_town_city":"Belfast","site_county":"County Antrim / County Down","year_of_manufacture":null,"source":"OSM power asset proxy","source_id":"way/1041848124","data_support":"osm-proxy","rating_support":"default-by-class","official_source_status":"NIE metadata visible; record API not visible to this builder"},"geometry":{"type":"Point","coordinates":[-5.923298,54.549973]}},{"type":"Feature","properties":{"asset_number":"way/1041848675","asset_type":"substation","asset_class":"primary","nominal_rating":16.0,"nominal_rating_unit_of_measurement":"MVA","rating_kva":16000.0,"voltage":"33000","voltage_kv":33.0,"rated_primary_voltage":33.0,"rated_primary_voltage_unit_of_measurement":"kV","site_name":"Mountpottinger 33 kV Substation","site_postcode":null,"site_town_city":"Belfast","site_county":"County Antrim / County Down","year_of_manufacture":null,"source":"OSM power asset proxy","source_id":"way/1041848675","data_support":"osm-proxy","rating_support":"default-by-class","official_source_status":"NIE metadata visible; record API not visible to this builder"},"geometry":{"type":"Point","coordinates":[-5.90051,54.595055]}},{"type":"Feature","properties":{"asset_number":"way/1041852134","asset_type":"substation","asset_class":"primary","nominal_rating":16.0,"nominal_rating_unit_of_measurement":"MVA","rating_kva":16000.0,"voltage":"33000","voltage_kv":33.0,"rated_primary_voltage":33.0,"rated_primary_voltage_unit_of_measurement":"kV","site_name":"Rathcoole 33 kV Substation","site_postcode":null,"site_town_city":"Belfast","site_county":"County Antrim / County Down","year_of_manufacture":null,"source":"OSM power asset proxy","source_id":"way/1041852134","data_support":"osm-proxy","rating_support":"default-by-class","official_source_status":"NIE metadata visible; record API not visible to this builder"},"geometry":{"type":"Point","coordinates":[-5.936711,54.666963]}},{"type":"Feature","properties":{"asset_number":"way/1041852432","asset_type":"substation","asset_class":"primary","nominal_rating":16.0,"nominal_rating_unit_of_measurement":"MVA","rating_kva":16000.0,"voltage":"33000","voltage_kv":33.0,"rated_primary_voltage":33.0,"rated_primary_voltage_unit_of_measurement":"kV","site_name":"Whitehouse 33 kV Substation","site_postcode":null,"site_town_city":"Belfast","site_county":"County Antrim / County Down","year_of_manufacture":null,"source":"OSM power asset proxy","source_id":"way/1041852432","data_support":"osm-proxy","rating_support":"default-by-class","official_source_status":"NIE metadata visible; record API not visible to this builder"},"geometry":{"type":"Point","coordinates":[-5.922639,54.653799]}},{"type":"Feature","properties":{"asset_number":"way/1041853402","asset_type":"substation","asset_class":"primary","nominal_rating":16.0,"nominal_rating_unit_of_measurement":"MVA","rating_kva":16000.0,"voltage":"33000","voltage_kv":33.0,"rated_primary_voltage":33.0,"rated_primary_voltage_unit_of_measurement":"kV","site_name":"West Central 33 kV Substation","site_postcode":null,"site_town_city":"Belfast","site_county":"County Antrim / County Down","year_of_manufacture":null,"source":"OSM power asset proxy","source_id":"way/1041853402","data_support":"osm-proxy","rating_support":"default-by-class","official_source_status":"NIE metadata visible; record API not visible to this builder"},"geometry":{"type":"Point","coordinates":[-5.941343,54.599914]}},{"type":"Feature","properties":{"asset_number":"way/1041853831","asset_type":"substation","asset_class":"primary","nominal_rating":16.0,"nominal_rating_unit_of_measurement":"MVA","rating_kva":16000.0,"voltage":"33000;6600","voltage_kv":33.0,"rated_primary_voltage":33.0,"rated_primary_voltage_unit_of_measurement":"kV","site_name":"East Central 33 kV Substation","site_postcode":null,"site_town_city":"Belfast","site_county":"County Antrim / County Down","year_of_manufacture":null,"source":"OSM power asset proxy","source_id":"way/1041853831","data_support":"osm-proxy","rating_support":"default-by-class","official_source_status":"NIE metadata visible; record API not visible to this builder"},"geometry":{"type":"Point","coordinates":[-5.925844,54.596615]}},{"type":"Feature","properties":{"asset_number":"way/1041855680","asset_type":"substation","asset_class":"primary","nominal_rating":16.0,"nominal_rating_unit_of_measurement":"MVA","rating_kva":16000.0,"voltage":"33000","voltage_kv":33.0,"rated_primary_voltage":33.0,"rated_primary_voltage_unit_of_measurement":"kV","site_name":"Laganside 33 kV Substation","site_postcode":null,"site_town_city":"Belfast","site_county":"County Antrim / County Down","year_of_manufacture":null,"source":"OSM power asset proxy","source_id":"way/1041855680","data_support":"osm-proxy","rating_support":"default-by-class","official_source_status":"NIE metadata visible; record API not visible to this builder"},"geometry":{"type":"Point","coordinates":[-5.917394,54.596621]}},{"type":"Feature","properties":{"asset_number":"way/1041859333","asset_type":"substation","asset_class":"primary","nominal_rating":16.0,"nominal_rating_unit_of_measurement":"MVA","rating_kva":16000.0,"voltage":"33000","voltage_kv":33.0,"rated_primary_voltage":33.0,"rated_primary_voltage_unit_of_measurement":"kV","site_name":"Dunmurry South 33 kV Substation","site_postcode":null,"site_town_city":"Belfast","site_county":"County Antrim / County Down","year_of_manufacture":null,"source":"OSM power asset proxy","source_id":"way/1041859333","data_support":"osm-proxy","rating_support":"default-by-class","official_source_status":"NIE metadata visible; record API not visible to this builder"},"geometry":{"type":"Point","coordinates":[-6.021473,54.54493]}},{"type":"Feature","properties":{"asset_number":"way/1049434275","asset_type":"substation","asset_class":"primary","nominal_rating":16.0,"nominal_rating_unit_of_measurement":"MVA","rating_kva":16000.0,"voltage":"33000","voltage_kv":33.0,"rated_primary_voltage":33.0,"rated_primary_voltage_unit_of_measurement":"kV","site_name":"Holywood East 33 kV Substation","site_postcode":null,"site_town_city":"Belfast","site_county":"County Antrim / County Down","year_of_manufacture":null,"source":"OSM power asset proxy","source_id":"way/1049434275","data_support":"osm-proxy","rating_support":"default-by-class","official_source_status":"NIE metadata visible; record API not visible to this builder"},"geometry":{"type":"Point","coordinates":[-5.815918,54.645487]}},{"type":"Feature","properties":{"asset_number":"way/1049434278","asset_type":"substation","asset_class":"primary","nominal_rating":16.0,"nominal_rating_unit_of_measurement":"MVA","rating_kva":16000.0,"voltage":"33000","voltage_kv":33.0,"rated_primary_voltage":33.0,"rated_primary_voltage_unit_of_measurement":"kV","site_name":"Holywood West 33 kV Substation","site_postcode":null,"site_town_city":"Belfast","site_county":"County Antrim / County Down","year_of_manufacture":null,"source":"OSM power asset proxy","source_id":"way/1049434278","data_support":"osm-proxy","rating_support":"default-by-class","official_source_status":"NIE metadata visible; record API not visible to this builder"},"geometry":{"type":"Point","coordinates":[-5.845841,54.632154]}},{"type":"Feature","properties":{"asset_number":"way/1132369968","asset_type":"substation","asset_class":"primary","nominal_rating":16.0,"nominal_rating_unit_of_measurement":"MVA","rating_kva":16000.0,"voltage":"110000","voltage_kv":110.0,"rated_primary_voltage":110.0,"rated_primary_voltage_unit_of_measurement":"kV","site_name":"Lisnabreeny 110 kV Substation","site_postcode":null,"site_town_city":"Belfast","site_county":"County Antrim / County Down","year_of_manufacture":null,"source":"OSM power asset proxy","source_id":"way/1132369968","data_support":"osm-proxy","rating_support":"default-by-class","official_source_status":"NIE metadata visible; record API not visible to this builder"},"geometry":{"type":"Point","coordinates":[-5.868183,54.561154]}},{"type":"Feature","properties":{"asset_number":"way/1138310062","asset_type":"substation","asset_class":"secondary","nominal_rating":500.0,"nominal_rating_unit_of_measurement":"kVA","rating_kva":500.0,"voltage":"11000","voltage_kv":11.0,"rated_primary_voltage":11.0,"rated_primary_voltage_unit_of_measurement":"kV","site_name":null,"site_postcode":null,"site_town_city":"Belfast","site_county":"County Antrim / County Down","year_of_manufacture":null,"source":"OSM power asset proxy","source_id":"way/1138310062","data_support":"osm-proxy","rating_support":"default-by-class","official_source_status":"NIE metadata visible; record API not visible to this builder"},"geometry":{"type":"Point","coordinates":[-5.890488,54.548546]}},{"type":"Feature","properties":{"asset_number":"way/1145605749","asset_type":"substation","asset_class":"secondary","nominal_rating":500.0,"nominal_rating_unit_of_measurement":"kVA","rating_kva":500.0,"voltage":"11000","voltage_kv":11.0,"rated_primary_voltage":11.0,"rated_primary_voltage_unit_of_measurement":"kV","site_name":"Divis Substation","site_postcode":null,"site_town_city":"Belfast","site_county":"County Antrim / County Down","year_of_manufacture":null,"source":"OSM power asset proxy","source_id":"way/1145605749","data_support":"osm-proxy","rating_support":"default-by-class","official_source_status":"NIE metadata visible; record API not visible to this builder"},"geometry":{"type":"Point","coordinates":[-6.009984,54.607]}},{"type":"Feature","properties":{"asset_number":"way/1166071566","asset_type":"substation","asset_class":"primary","nominal_rating":16.0,"nominal_rating_unit_of_measurement":"MVA","rating_kva":16000.0,"voltage":"33000","voltage_kv":33.0,"rated_primary_voltage":33.0,"rated_primary_voltage_unit_of_measurement":"kV","site_name":null,"site_postcode":null,"site_town_city":"Belfast","site_county":"County Antrim / County Down","year_of_manufacture":null,"source":"OSM power asset proxy","source_id":"way/1166071566","data_support":"osm-proxy","rating_support":"default-by-class","official_source_status":"NIE metadata visible; record API not visible to this builder"},"geometry":{"type":"Point","coordinates":[-6.039321,54.533543]}},{"type":"Feature","properties":{"asset_number":"way/1182728950","asset_type":"substation","asset_class":"secondary","nominal_rating":500.0,"nominal_rating_unit_of_measurement":"kVA","rating_kva":500.0,"voltage":null,"voltage_kv":null,"rated_primary_voltage":null,"rated_primary_voltage_unit_of_measurement":null,"site_name":null,"site_postcode":null,"site_town_city":"Belfast","site_county":"County Antrim / County Down","year_of_manufacture":null,"source":"OSM power asset proxy","source_id":"way/1182728950","data_support":"osm-proxy","rating_support":"default-by-class","official_source_status":"NIE metadata visible; record API not visible to this builder"},"geometry":{"type":"Point","coordinates":[-5.905389,54.575007]}},{"type":"Feature","properties":{"asset_number":"way/1257624076","asset_type":"substation","asset_class":"secondary","nominal_rating":500.0,"nominal_rating_unit_of_measurement":"kVA","rating_kva":500.0,"voltage":"11000","voltage_kv":11.0,"rated_primary_voltage":11.0,"rated_primary_voltage_unit_of_measurement":"kV","site_name":null,"site_postcode":null,"site_town_city":"Belfast","site_county":"County Antrim / County Down","year_of_manufacture":null,"source":"OSM power asset proxy","source_id":"way/1257624076","data_support":"osm-proxy","rating_support":"default-by-class","official_source_status":"NIE metadata visible; record API not visible to this builder"},"geometry":{"type":"Point","coordinates":[-5.94478,54.602404]}},{"type":"Feature","properties":{"asset_number":"way/1257624122","asset_type":"substation","asset_class":"secondary","nominal_rating":500.0,"nominal_rating_unit_of_measurement":"kVA","rating_kva":500.0,"voltage":"11000","voltage_kv":11.0,"rated_primary_voltage":11.0,"rated_primary_voltage_unit_of_measurement":"kV","site_name":null,"site_postcode":null,"site_town_city":"Belfast","site_county":"County Antrim / County Down","year_of_manufacture":null,"source":"OSM power asset proxy","source_id":"way/1257624122","data_support":"osm-proxy","rating_support":"default-by-class","official_source_status":"NIE metadata visible; record API not visible to this builder"},"geometry":{"type":"Point","coordinates":[-5.942465,54.606039]}},{"type":"Feature","properties":{"asset_number":"way/1258857486","asset_type":"substation","asset_class":"secondary","nominal_rating":500.0,"nominal_rating_unit_of_measurement":"kVA","rating_kva":500.0,"voltage":"11000","voltage_kv":11.0,"rated_primary_voltage":11.0,"rated_primary_voltage_unit_of_measurement":"kV","site_name":null,"site_postcode":null,"site_town_city":"Belfast","site_county":"County Antrim / County Down","year_of_manufacture":null,"source":"OSM power asset proxy","source_id":"way/1258857486","data_support":"osm-proxy","rating_support":"default-by-class","official_source_status":"NIE metadata visible; record API not visible to this builder"},"geometry":{"type":"Point","coordinates":[-6.009095,54.54569]}},{"type":"Feature","properties":{"asset_number":"way/1259093545","asset_type":"substation","asset_class":"secondary","nominal_rating":500.0,"nominal_rating_unit_of_measurement":"kVA","rating_kva":500.0,"voltage":"11000","voltage_kv":11.0,"rated_primary_voltage":11.0,"rated_primary_voltage_unit_of_measurement":"kV","site_name":null,"site_postcode":null,"site_town_city":"Belfast","site_county":"County Antrim / County Down","year_of_manufacture":null,"source":"OSM power asset proxy","source_id":"way/1259093545","data_support":"osm-proxy","rating_support":"default-by-class","official_source_status":"NIE metadata visible; record API not visible to this builder"},"geometry":{"type":"Point","coordinates":[-5.946061,54.60759]}},{"type":"Feature","properties":{"asset_number":"way/1264789933","asset_type":"substation","asset_class":"secondary","nominal_rating":500.0,"nominal_rating_unit_of_measurement":"kVA","rating_kva":500.0,"voltage":null,"voltage_kv":null,"rated_primary_voltage":null,"rated_primary_voltage_unit_of_measurement":null,"site_name":null,"site_postcode":null,"site_town_city":"Belfast","site_county":"County Antrim / County Down","year_of_manufacture":null,"source":"OSM power asset proxy","source_id":"way/1264789933","data_support":"osm-proxy","rating_support":"default-by-class","official_source_status":"NIE metadata visible; record API not visible to this builder"},"geometry":{"type":"Point","coordinates":[-5.981104,54.558995]}},{"type":"Feature","properties":{"asset_number":"way/1268147938","asset_type":"substation","asset_class":"secondary","nominal_rating":500.0,"nominal_rating_unit_of_measurement":"kVA","rating_kva":500.0,"voltage":null,"voltage_kv":null,"rated_primary_voltage":null,"rated_primary_voltage_unit_of_measurement":null,"site_name":null,"site_postcode":null,"site_town_city":"Belfast","site_county":"County Antrim / County Down","year_of_manufacture":null,"source":"OSM power asset proxy","source_id":"way/1268147938","data_support":"osm-proxy","rating_support":"default-by-class","official_source_status":"NIE metadata visible; record API not visible to this builder"},"geometry":{"type":"Point","coordinates":[-6.014408,54.537836]}},{"type":"Feature","properties":{"asset_number":"way/1271952853","asset_type":"substation","asset_class":"secondary","nominal_rating":500.0,"nominal_rating_unit_of_measurement":"kVA","rating_kva":500.0,"voltage":null,"voltage_kv":null,"rated_primary_voltage":null,"rated_primary_voltage_unit_of_measurement":null,"site_name":null,"site_postcode":null,"site_town_city":"Belfast","site_county":"County Antrim / County Down","year_of_manufacture":null,"source":"OSM power asset proxy","source_id":"way/1271952853","data_support":"osm-proxy","rating_support":"default-by-class","official_source_status":"NIE metadata visible; record API not visible to this builder"},"geometry":{"type":"Point","coordinates":[-5.941031,54.59073]}},{"type":"Feature","properties":{"asset_number":"way/1271981812","asset_type":"substation","asset_class":"secondary","nominal_rating":500.0,"nominal_rating_unit_of_measurement":"kVA","rating_kva":500.0,"voltage":null,"voltage_kv":null,"rated_primary_voltage":null,"rated_primary_voltage_unit_of_measurement":null,"site_name":null,"site_postcode":null,"site_town_city":"Belfast","site_county":"County Antrim / County Down","year_of_manufacture":null,"source":"OSM power asset proxy","source_id":"way/1271981812","data_support":"osm-proxy","rating_support":"default-by-class","official_source_status":"NIE metadata visible; record API not visible to this builder"},"geometry":{"type":"Point","coordinates":[-5.941055,54.589519]}},{"type":"Feature","properties":{"asset_number":"way/1272105860","asset_type":"substation","asset_class":"secondary","nominal_rating":500.0,"nominal_rating_unit_of_measurement":"kVA","rating_kva":500.0,"voltage":null,"voltage_kv":null,"rated_primary_voltage":null,"rated_primary_voltage_unit_of_measurement":null,"site_name":null,"site_postcode":null,"site_town_city":"Belfast","site_county":"County Antrim / County Down","year_of_manufacture":null,"source":"OSM power asset proxy","source_id":"way/1272105860","data_support":"osm-proxy","rating_support":"default-by-class","official_source_status":"NIE metadata visible; record API not visible to this builder"},"geometry":{"type":"Point","coordinates":[-5.938565,54.592698]}},{"type":"Feature","properties":{"asset_number":"way/1296645109","asset_type":"substation","asset_class":"secondary","nominal_rating":500.0,"nominal_rating_unit_of_measurement":"kVA","rating_kva":500.0,"voltage":"11000","voltage_kv":11.0,"rated_primary_voltage":11.0,"rated_primary_voltage_unit_of_measurement":"kV","site_name":null,"site_postcode":null,"site_town_city":"Belfast","site_county":"County Antrim / County Down","year_of_manufacture":null,"source":"OSM power asset proxy","source_id":"way/1296645109","data_support":"osm-proxy","rating_support":"default-by-class","official_source_status":"NIE metadata visible; record API not visible to this builder"},"geometry":{"type":"Point","coordinates":[-6.016885,54.554336]}},{"type":"Feature","properties":{"asset_number":"way/1316631173","asset_type":"substation","asset_class":"secondary","nominal_rating":500.0,"nominal_rating_unit_of_measurement":"kVA","rating_kva":500.0,"voltage":null,"voltage_kv":null,"rated_primary_voltage":null,"rated_primary_voltage_unit_of_measurement":null,"site_name":"NIE Substation","site_postcode":null,"site_town_city":"Belfast","site_county":"County Antrim / County Down","year_of_manufacture":null,"source":"OSM power asset proxy","source_id":"way/1316631173","data_support":"osm-proxy","rating_support":"default-by-class","official_source_status":"NIE metadata visible; record API not visible to this builder"},"geometry":{"type":"Point","coordinates":[-5.9525,54.667614]}},{"type":"Feature","properties":{"asset_number":"way/1320697438","asset_type":"substation","asset_class":"secondary","nominal_rating":500.0,"nominal_rating_unit_of_measurement":"kVA","rating_kva":500.0,"voltage":"11000","voltage_kv":11.0,"rated_primary_voltage":11.0,"rated_primary_voltage_unit_of_measurement":"kV","site_name":null,"site_postcode":null,"site_town_city":"Belfast","site_county":"County Antrim / County Down","year_of_manufacture":null,"source":"OSM power asset proxy","source_id":"way/1320697438","data_support":"osm-proxy","rating_support":"default-by-class","official_source_status":"NIE metadata visible; record API not visible to this builder"},"geometry":{"type":"Point","coordinates":[-5.955469,54.671154]}},{"type":"Feature","properties":{"asset_number":"way/1329058861","asset_type":"substation","asset_class":"secondary","nominal_rating":500.0,"nominal_rating_unit_of_measurement":"kVA","rating_kva":500.0,"voltage":"11000","voltage_kv":11.0,"rated_primary_voltage":11.0,"rated_primary_voltage_unit_of_measurement":"kV","site_name":null,"site_postcode":null,"site_town_city":"Belfast","site_county":"County Antrim / County Down","year_of_manufacture":null,"source":"OSM power asset proxy","source_id":"way/1329058861","data_support":"osm-proxy","rating_support":"default-by-class","official_source_status":"NIE metadata visible; record API not visible to this builder"},"geometry":{"type":"Point","coordinates":[-6.069761,54.524291]}},{"type":"Feature","properties":{"asset_number":"way/1352438118","asset_type":"substation","asset_class":"secondary","nominal_rating":500.0,"nominal_rating_unit_of_measurement":"kVA","rating_kva":500.0,"voltage":null,"voltage_kv":null,"rated_primary_voltage":null,"rated_primary_voltage_unit_of_measurement":null,"site_name":null,"site_postcode":null,"site_town_city":"Belfast","site_county":"County Antrim / County Down","year_of_manufacture":null,"source":"OSM power asset proxy","source_id":"way/1352438118","data_support":"osm-proxy","rating_support":"default-by-class","official_source_status":"NIE metadata visible; record API not visible to this builder"},"geometry":{"type":"Point","coordinates":[-5.893291,54.569917]}},{"type":"Feature","properties":{"asset_number":"way/1354505014","asset_type":"substation","asset_class":"secondary","nominal_rating":500.0,"nominal_rating_unit_of_measurement":"kVA","rating_kva":500.0,"voltage":null,"voltage_kv":null,"rated_primary_voltage":null,"rated_primary_voltage_unit_of_measurement":null,"site_name":null,"site_postcode":null,"site_town_city":"Belfast","site_county":"County Antrim / County Down","year_of_manufacture":null,"source":"OSM power asset proxy","source_id":"way/1354505014","data_support":"osm-proxy","rating_support":"default-by-class","official_source_status":"NIE metadata visible; record API not visible to this builder"},"geometry":{"type":"Point","coordinates":[-5.882929,54.57757]}},{"type":"Feature","properties":{"asset_number":"way/1354934263","asset_type":"substation","asset_class":"secondary","nominal_rating":500.0,"nominal_rating_unit_of_measurement":"kVA","rating_kva":500.0,"voltage":null,"voltage_kv":null,"rated_primary_voltage":null,"rated_primary_voltage_unit_of_measurement":null,"site_name":null,"site_postcode":null,"site_town_city":"Belfast","site_county":"County Antrim / County Down","year_of_manufacture":null,"source":"OSM power asset proxy","source_id":"way/1354934263","data_support":"osm-proxy","rating_support":"default-by-class","official_source_status":"NIE metadata visible; record API not visible to this builder"},"geometry":{"type":"Point","coordinates":[-5.898105,54.574573]}},{"type":"Feature","properties":{"asset_number":"way/1355657909","asset_type":"substation","asset_class":"secondary","nominal_rating":500.0,"nominal_rating_unit_of_measurement":"kVA","rating_kva":500.0,"voltage":"6600","voltage_kv":6.6,"rated_primary_voltage":6.6,"rated_primary_voltage_unit_of_measurement":"kV","site_name":"Killagan Bend","site_postcode":null,"site_town_city":"Belfast","site_county":"County Antrim / County Down","year_of_manufacture":null,"source":"OSM power asset proxy","source_id":"way/1355657909","data_support":"osm-proxy","rating_support":"default-by-class","official_source_status":"NIE metadata visible; record API not visible to this builder"},"geometry":{"type":"Point","coordinates":[-5.897928,54.57766]}},{"type":"Feature","properties":{"asset_number":"way/1355658782","asset_type":"substation","asset_class":"secondary","nominal_rating":500.0,"nominal_rating_unit_of_measurement":"kVA","rating_kva":500.0,"voltage":null,"voltage_kv":null,"rated_primary_voltage":null,"rated_primary_voltage_unit_of_measurement":null,"site_name":null,"site_postcode":null,"site_town_city":"Belfast","site_county":"County Antrim / County Down","year_of_manufacture":null,"source":"OSM power asset proxy","source_id":"way/1355658782","data_support":"osm-proxy","rating_support":"default-by-class","official_source_status":"NIE metadata visible; record API not visible to this builder"},"geometry":{"type":"Point","coordinates":[-5.896895,54.578115]}},{"type":"Feature","properties":{"asset_number":"way/1381157040","asset_type":"substation","asset_class":"secondary","nominal_rating":500.0,"nominal_rating_unit_of_measurement":"kVA","rating_kva":500.0,"voltage":null,"voltage_kv":null,"rated_primary_voltage":null,"rated_primary_voltage_unit_of_measurement":null,"site_name":null,"site_postcode":null,"site_town_city":"Belfast","site_county":"County Antrim / County Down","year_of_manufacture":null,"source":"OSM power asset proxy","source_id":"way/1381157040","data_support":"osm-proxy","rating_support":"default-by-class","official_source_status":"NIE metadata visible; record API not visible to this builder"},"geometry":{"type":"Point","coordinates":[-5.944022,54.598118]}},{"type":"Feature","properties":{"asset_number":"way/1388049907","asset_type":"substation","asset_class":"secondary","nominal_rating":500.0,"nominal_rating_unit_of_measurement":"kVA","rating_kva":500.0,"voltage":"11000","voltage_kv":11.0,"rated_primary_voltage":11.0,"rated_primary_voltage_unit_of_measurement":"kV","site_name":null,"site_postcode":null,"site_town_city":"Belfast","site_county":"County Antrim / County Down","year_of_manufacture":null,"source":"OSM power asset proxy","source_id":"way/1388049907","data_support":"osm-proxy","rating_support":"default-by-class","official_source_status":"NIE metadata visible; record API not visible to this builder"},"geometry":{"type":"Point","coordinates":[-5.915251,54.690788]}},{"type":"Feature","properties":{"asset_number":"way/1388554983","asset_type":"substation","asset_class":"secondary","nominal_rating":500.0,"nominal_rating_unit_of_measurement":"kVA","rating_kva":500.0,"voltage":"11000","voltage_kv":11.0,"rated_primary_voltage":11.0,"rated_primary_voltage_unit_of_measurement":"kV","site_name":null,"site_postcode":null,"site_town_city":"Belfast","site_county":"County Antrim / County Down","year_of_manufacture":null,"source":"OSM power asset proxy","source_id":"way/1388554983","data_support":"osm-proxy","rating_support":"default-by-class","official_source_status":"NIE metadata visible; record API not visible to this builder"},"geometry":{"type":"Point","coordinates":[-5.914995,54.687449]}},{"type":"Feature","properties":{"asset_number":"way/1388733374","asset_type":"substation","asset_class":"secondary","nominal_rating":500.0,"nominal_rating_unit_of_measurement":"kVA","rating_kva":500.0,"voltage":"11000","voltage_kv":11.0,"rated_primary_voltage":11.0,"rated_primary_voltage_unit_of_measurement":"kV","site_name":null,"site_postcode":null,"site_town_city":"Belfast","site_county":"County Antrim / County Down","year_of_manufacture":null,"source":"OSM power asset proxy","source_id":"way/1388733374","data_support":"osm-proxy","rating_support":"default-by-class","official_source_status":"NIE metadata visible; record API not visible to this builder"},"geometry":{"type":"Point","coordinates":[-5.908665,54.688413]}},{"type":"Feature","properties":{"asset_number":"way/1388737446","asset_type":"substation","asset_class":"secondary","nominal_rating":500.0,"nominal_rating_unit_of_measurement":"kVA","rating_kva":500.0,"voltage":"11000","voltage_kv":11.0,"rated_primary_voltage":11.0,"rated_primary_voltage_unit_of_measurement":"kV","site_name":null,"site_postcode":null,"site_town_city":"Belfast","site_county":"County Antrim / County Down","year_of_manufacture":null,"source":"OSM power asset proxy","source_id":"way/1388737446","data_support":"osm-proxy","rating_support":"default-by-class","official_source_status":"NIE metadata visible; record API not visible to this builder"},"geometry":{"type":"Point","coordinates":[-5.91336,54.690267]}},{"type":"Feature","properties":{"asset_number":"way/1388753905","asset_type":"substation","asset_class":"secondary","nominal_rating":500.0,"nominal_rating_unit_of_measurement":"kVA","rating_kva":500.0,"voltage":"11000","voltage_kv":11.0,"rated_primary_voltage":11.0,"rated_primary_voltage_unit_of_measurement":"kV","site_name":null,"site_postcode":null,"site_town_city":"Belfast","site_county":"County Antrim / County Down","year_of_manufacture":null,"source":"OSM power asset proxy","source_id":"way/1388753905","data_support":"osm-proxy","rating_support":"default-by-class","official_source_status":"NIE metadata visible; record API not visible to this builder"},"geometry":{"type":"Point","coordinates":[-5.911817,54.687981]}},{"type":"Feature","properties":{"asset_number":"way/1390025002","asset_type":"substation","asset_class":"secondary","nominal_rating":500.0,"nominal_rating_unit_of_measurement":"kVA","rating_kva":500.0,"voltage":"11000","voltage_kv":11.0,"rated_primary_voltage":11.0,"rated_primary_voltage_unit_of_measurement":"kV","site_name":null,"site_postcode":null,"site_town_city":"Belfast","site_county":"County Antrim / County Down","year_of_manufacture":null,"source":"OSM power asset proxy","source_id":"way/1390025002","data_support":"osm-proxy","rating_support":"default-by-class","official_source_status":"NIE metadata visible; record API not visible to this builder"},"geometry":{"type":"Point","coordinates":[-6.005475,54.679771]}},{"type":"Feature","properties":{"asset_number":"way/1390543966","asset_type":"substation","asset_class":"secondary","nominal_rating":500.0,"nominal_rating_unit_of_measurement":"kVA","rating_kva":500.0,"voltage":"11000","voltage_kv":11.0,"rated_primary_voltage":11.0,"rated_primary_voltage_unit_of_measurement":"kV","site_name":null,"site_postcode":null,"site_town_city":"Belfast","site_county":"County Antrim / County Down","year_of_manufacture":null,"source":"OSM power asset proxy","source_id":"way/1390543966","data_support":"osm-proxy","rating_support":"default-by-class","official_source_status":"NIE metadata visible; record API not visible to this builder"},"geometry":{"type":"Point","coordinates":[-5.797923,54.594359]}},{"type":"Feature","properties":{"asset_number":"way/1390675012","asset_type":"substation","asset_class":"secondary","nominal_rating":500.0,"nominal_rating_unit_of_measurement":"kVA","rating_kva":500.0,"voltage":"11000","voltage_kv":11.0,"rated_primary_voltage":11.0,"rated_primary_voltage_unit_of_measurement":"kV","site_name":null,"site_postcode":null,"site_town_city":"Belfast","site_county":"County Antrim / County Down","year_of_manufacture":null,"source":"OSM power asset proxy","source_id":"way/1390675012","data_support":"osm-proxy","rating_support":"default-by-class","official_source_status":"NIE metadata visible; record API not visible to this builder"},"geometry":{"type":"Point","coordinates":[-5.917889,54.677493]}},{"type":"Feature","properties":{"asset_number":"way/1390714837","asset_type":"substation","asset_class":"secondary","nominal_rating":500.0,"nominal_rating_unit_of_measurement":"kVA","rating_kva":500.0,"voltage":"11000;400","voltage_kv":11.0,"rated_primary_voltage":11.0,"rated_primary_voltage_unit_of_measurement":"kV","site_name":null,"site_postcode":null,"site_town_city":"Belfast","site_county":"County Antrim / County Down","year_of_manufacture":null,"source":"OSM power asset proxy","source_id":"way/1390714837","data_support":"osm-proxy","rating_support":"default-by-class","official_source_status":"NIE metadata visible; record API not visible to this builder"},"geometry":{"type":"Point","coordinates":[-5.925604,54.623046]}},{"type":"Feature","properties":{"asset_number":"way/1391836378","asset_type":"substation","asset_class":"secondary","nominal_rating":500.0,"nominal_rating_unit_of_measurement":"kVA","rating_kva":500.0,"voltage":"11000","voltage_kv":11.0,"rated_primary_voltage":11.0,"rated_primary_voltage_unit_of_measurement":"kV","site_name":null,"site_postcode":null,"site_town_city":"Belfast","site_county":"County Antrim / County Down","year_of_manufacture":null,"source":"OSM power asset proxy","source_id":"way/1391836378","data_support":"osm-proxy","rating_support":"default-by-class","official_source_status":"NIE metadata visible; record API not visible to this builder"},"geometry":{"type":"Point","coordinates":[-5.907902,54.662465]}},{"type":"Feature","properties":{"asset_number":"way/1411169787","asset_type":"substation","asset_class":"secondary","nominal_rating":500.0,"nominal_rating_unit_of_measurement":"kVA","rating_kva":500.0,"voltage":null,"voltage_kv":null,"rated_primary_voltage":null,"rated_primary_voltage_unit_of_measurement":null,"site_name":null,"site_postcode":null,"site_town_city":"Belfast","site_county":"County Antrim / County Down","year_of_manufacture":null,"source":"OSM power asset proxy","source_id":"way/1411169787","data_support":"osm-proxy","rating_support":"default-by-class","official_source_status":"NIE metadata visible; record API not visible to this builder"},"geometry":{"type":"Point","coordinates":[-6.023857,54.56414]}},{"type":"Feature","properties":{"asset_number":"way/1416090521","asset_type":"substation","asset_class":"secondary","nominal_rating":500.0,"nominal_rating_unit_of_measurement":"kVA","rating_kva":500.0,"voltage":null,"voltage_kv":null,"rated_primary_voltage":null,"rated_primary_voltage_unit_of_measurement":null,"site_name":null,"site_postcode":null,"site_town_city":"Belfast","site_county":"County Antrim / County Down","year_of_manufacture":null,"source":"OSM power asset proxy","source_id":"way/1416090521","data_support":"osm-proxy","rating_support":"default-by-class","official_source_status":"NIE metadata visible; record API not visible to this builder"},"geometry":{"type":"Point","coordinates":[-5.909295,54.553863]}},{"type":"Feature","properties":{"asset_number":"way/1420155306","asset_type":"substation","asset_class":"secondary","nominal_rating":500.0,"nominal_rating_unit_of_measurement":"kVA","rating_kva":500.0,"voltage":null,"voltage_kv":null,"rated_primary_voltage":null,"rated_primary_voltage_unit_of_measurement":null,"site_name":null,"site_postcode":null,"site_town_city":"Belfast","site_county":"County Antrim / County Down","year_of_manufacture":null,"source":"OSM power asset proxy","source_id":"way/1420155306","data_support":"osm-proxy","rating_support":"default-by-class","official_source_status":"NIE metadata visible; record API not visible to this builder"},"geometry":{"type":"Point","coordinates":[-5.856922,54.577799]}},{"type":"Feature","properties":{"asset_number":"way/1421986364","asset_type":"substation","asset_class":"secondary","nominal_rating":500.0,"nominal_rating_unit_of_measurement":"kVA","rating_kva":500.0,"voltage":null,"voltage_kv":null,"rated_primary_voltage":null,"rated_primary_voltage_unit_of_measurement":null,"site_name":null,"site_postcode":null,"site_town_city":"Belfast","site_county":"County Antrim / County Down","year_of_manufacture":null,"source":"OSM power asset proxy","source_id":"way/1421986364","data_support":"osm-proxy","rating_support":"default-by-class","official_source_status":"NIE metadata visible; record API not visible to this builder"},"geometry":{"type":"Point","coordinates":[-5.860943,54.579795]}},{"type":"Feature","properties":{"asset_number":"way/1433898282","asset_type":"substation","asset_class":"secondary","nominal_rating":500.0,"nominal_rating_unit_of_measurement":"kVA","rating_kva":500.0,"voltage":null,"voltage_kv":null,"rated_primary_voltage":null,"rated_primary_voltage_unit_of_measurement":null,"site_name":"Longlands Avenue Substation","site_postcode":null,"site_town_city":"Belfast","site_county":"County Antrim / County Down","year_of_manufacture":null,"source":"OSM power asset proxy","source_id":"way/1433898282","data_support":"osm-proxy","rating_support":"default-by-class","official_source_status":"NIE metadata visible; record API not visible to this builder"},"geometry":{"type":"Point","coordinates":[-5.928708,54.657395]}},{"type":"Feature","properties":{"asset_number":"way/1434854699","asset_type":"substation","asset_class":"secondary","nominal_rating":500.0,"nominal_rating_unit_of_measurement":"kVA","rating_kva":500.0,"voltage":null,"voltage_kv":null,"rated_primary_voltage":null,"rated_primary_voltage_unit_of_measurement":null,"site_name":null,"site_postcode":null,"site_town_city":"Belfast","site_county":"County Antrim / County Down","year_of_manufacture":null,"source":"OSM power asset proxy","source_id":"way/1434854699","data_support":"osm-proxy","rating_support":"default-by-class","official_source_status":"NIE metadata visible; record API not visible to this builder"},"geometry":{"type":"Point","coordinates":[-5.92178,54.654955]}},{"type":"Feature","properties":{"asset_number":"way/1435774354","asset_type":"substation","asset_class":"secondary","nominal_rating":500.0,"nominal_rating_unit_of_measurement":"kVA","rating_kva":500.0,"voltage":null,"voltage_kv":null,"rated_primary_voltage":null,"rated_primary_voltage_unit_of_measurement":null,"site_name":null,"site_postcode":null,"site_town_city":"Belfast","site_county":"County Antrim / County Down","year_of_manufacture":null,"source":"OSM power asset proxy","source_id":"way/1435774354","data_support":"osm-proxy","rating_support":"default-by-class","official_source_status":"NIE metadata visible; record API not visible to this builder"},"geometry":{"type":"Point","coordinates":[-5.934782,54.65215]}},{"type":"Feature","properties":{"asset_number":"way/1435963260","asset_type":"substation","asset_class":"secondary","nominal_rating":500.0,"nominal_rating_unit_of_measurement":"kVA","rating_kva":500.0,"voltage":null,"voltage_kv":null,"rated_primary_voltage":null,"rated_primary_voltage_unit_of_measurement":null,"site_name":null,"site_postcode":null,"site_town_city":"Belfast","site_county":"County Antrim / County Down","year_of_manufacture":null,"source":"OSM power asset proxy","source_id":"way/1435963260","data_support":"osm-proxy","rating_support":"default-by-class","official_source_status":"NIE metadata visible; record API not visible to this builder"},"geometry":{"type":"Point","coordinates":[-5.935492,54.645296]}},{"type":"Feature","properties":{"asset_number":"way/1441491212","asset_type":"substation","asset_class":"secondary","nominal_rating":500.0,"nominal_rating_unit_of_measurement":"kVA","rating_kva":500.0,"voltage":null,"voltage_kv":null,"rated_primary_voltage":null,"rated_primary_voltage_unit_of_measurement":null,"site_name":null,"site_postcode":null,"site_town_city":"Belfast","site_county":"County Antrim / County Down","year_of_manufacture":null,"source":"OSM power asset proxy","source_id":"way/1441491212","data_support":"osm-proxy","rating_support":"default-by-class","official_source_status":"NIE metadata visible; record API not visible to this builder"},"geometry":{"type":"Point","coordinates":[-5.941223,54.66102]}},{"type":"Feature","properties":{"asset_number":"way/1441632253","asset_type":"substation","asset_class":"secondary","nominal_rating":500.0,"nominal_rating_unit_of_measurement":"kVA","rating_kva":500.0,"voltage":null,"voltage_kv":null,"rated_primary_voltage":null,"rated_primary_voltage_unit_of_measurement":null,"site_name":null,"site_postcode":null,"site_town_city":"Belfast","site_county":"County Antrim / County Down","year_of_manufacture":null,"source":"OSM power asset proxy","source_id":"way/1441632253","data_support":"osm-proxy","rating_support":"default-by-class","official_source_status":"NIE metadata visible; record API not visible to this builder"},"geometry":{"type":"Point","coordinates":[-5.94114,54.659325]}},{"type":"Feature","properties":{"asset_number":"way/1451166967","asset_type":"substation","asset_class":"secondary","nominal_rating":500.0,"nominal_rating_unit_of_measurement":"kVA","rating_kva":500.0,"voltage":null,"voltage_kv":null,"rated_primary_voltage":null,"rated_primary_voltage_unit_of_measurement":null,"site_name":null,"site_postcode":null,"site_town_city":"Belfast","site_county":"County Antrim / County Down","year_of_manufacture":null,"source":"OSM power asset proxy","source_id":"way/1451166967","data_support":"osm-proxy","rating_support":"default-by-class","official_source_status":"NIE metadata visible; record API not visible to this builder"},"geometry":{"type":"Point","coordinates":[-5.909246,54.656643]}},{"type":"Feature","properties":{"asset_number":"way/1454738371","asset_type":"substation","asset_class":"secondary","nominal_rating":500.0,"nominal_rating_unit_of_measurement":"kVA","rating_kva":500.0,"voltage":null,"voltage_kv":null,"rated_primary_voltage":null,"rated_primary_voltage_unit_of_measurement":null,"site_name":null,"site_postcode":null,"site_town_city":"Belfast","site_county":"County Antrim / County Down","year_of_manufacture":null,"source":"OSM power asset proxy","source_id":"way/1454738371","data_support":"osm-proxy","rating_support":"default-by-class","official_source_status":"NIE metadata visible; record API not visible to this builder"},"geometry":{"type":"Point","coordinates":[-6.026966,54.521462]}},{"type":"Feature","properties":{"asset_number":"way/1456527903","asset_type":"substation","asset_class":"secondary","nominal_rating":500.0,"nominal_rating_unit_of_measurement":"kVA","rating_kva":500.0,"voltage":"6600","voltage_kv":6.6,"rated_primary_voltage":6.6,"rated_primary_voltage_unit_of_measurement":"kV","site_name":"Timbey Park BT7","site_postcode":null,"site_town_city":"Belfast","site_county":"County Antrim / County Down","year_of_manufacture":null,"source":"OSM power asset proxy","source_id":"way/1456527903","data_support":"osm-proxy","rating_support":"default-by-class","official_source_status":"NIE metadata visible; record API not visible to this builder"},"geometry":{"type":"Point","coordinates":[-5.924878,54.578646]}},{"type":"Feature","properties":{"asset_number":"way/1460158878","asset_type":"substation","asset_class":"secondary","nominal_rating":500.0,"nominal_rating_unit_of_measurement":"kVA","rating_kva":500.0,"voltage":null,"voltage_kv":null,"rated_primary_voltage":null,"rated_primary_voltage_unit_of_measurement":null,"site_name":null,"site_postcode":null,"site_town_city":"Belfast","site_county":"County Antrim / County Down","year_of_manufacture":null,"source":"OSM power asset proxy","source_id":"way/1460158878","data_support":"osm-proxy","rating_support":"default-by-class","official_source_status":"NIE metadata visible; record API not visible to this builder"},"geometry":{"type":"Point","coordinates":[-5.965219,54.627843]}},{"type":"Feature","properties":{"asset_number":"way/1461965517","asset_type":"substation","asset_class":"secondary","nominal_rating":500.0,"nominal_rating_unit_of_measurement":"kVA","rating_kva":500.0,"voltage":null,"voltage_kv":null,"rated_primary_voltage":null,"rated_primary_voltage_unit_of_measurement":null,"site_name":null,"site_postcode":null,"site_town_city":"Belfast","site_county":"County Antrim / County Down","year_of_manufacture":null,"source":"OSM power asset proxy","source_id":"way/1461965517","data_support":"osm-proxy","rating_support":"default-by-class","official_source_status":"NIE metadata visible; record API not visible to this builder"},"geometry":{"type":"Point","coordinates":[-5.92632,54.656121]}},{"type":"Feature","properties":{"asset_number":"way/1466069802","asset_type":"substation","asset_class":"secondary","nominal_rating":500.0,"nominal_rating_unit_of_measurement":"kVA","rating_kva":500.0,"voltage":null,"voltage_kv":null,"rated_primary_voltage":null,"rated_primary_voltage_unit_of_measurement":null,"site_name":null,"site_postcode":null,"site_town_city":"Belfast","site_county":"County Antrim / County Down","year_of_manufacture":null,"source":"OSM power asset proxy","source_id":"way/1466069802","data_support":"osm-proxy","rating_support":"default-by-class","official_source_status":"NIE metadata visible; record API not visible to this builder"},"geometry":{"type":"Point","coordinates":[-5.907128,54.621407]}},{"type":"Feature","properties":{"asset_number":"way/1467107763","asset_type":"substation","asset_class":"secondary","nominal_rating":500.0,"nominal_rating_unit_of_measurement":"kVA","rating_kva":500.0,"voltage":null,"voltage_kv":null,"rated_primary_voltage":null,"rated_primary_voltage_unit_of_measurement":null,"site_name":null,"site_postcode":null,"site_town_city":"Belfast","site_county":"County Antrim / County Down","year_of_manufacture":null,"source":"OSM power asset proxy","source_id":"way/1467107763","data_support":"osm-proxy","rating_support":"default-by-class","official_source_status":"NIE metadata visible; record API not visible to this builder"},"geometry":{"type":"Point","coordinates":[-5.894092,54.546163]}},{"type":"Feature","properties":{"asset_number":"way/1487617736","asset_type":"substation","asset_class":"secondary","nominal_rating":500.0,"nominal_rating_unit_of_measurement":"kVA","rating_kva":500.0,"voltage":null,"voltage_kv":null,"rated_primary_voltage":null,"rated_primary_voltage_unit_of_measurement":null,"site_name":null,"site_postcode":null,"site_town_city":"Belfast","site_county":"County Antrim / County Down","year_of_manufacture":null,"source":"OSM power asset proxy","source_id":"way/1487617736","data_support":"osm-proxy","rating_support":"default-by-class","official_source_status":"NIE metadata visible; record API not visible to this builder"},"geometry":{"type":"Point","coordinates":[-6.011525,54.537212]}},{"type":"Feature","properties":{"asset_number":"way/1488039497","asset_type":"substation","asset_class":"secondary","nominal_rating":500.0,"nominal_rating_unit_of_measurement":"kVA","rating_kva":500.0,"voltage":null,"voltage_kv":null,"rated_primary_voltage":null,"rated_primary_voltage_unit_of_measurement":null,"site_name":null,"site_postcode":null,"site_town_city":"Belfast","site_county":"County Antrim / County Down","year_of_manufacture":null,"source":"OSM power asset proxy","source_id":"way/1488039497","data_support":"osm-proxy","rating_support":"default-by-class","official_source_status":"NIE metadata visible; record API not visible to this builder"},"geometry":{"type":"Point","coordinates":[-6.007275,54.539502]}},{"type":"Feature","properties":{"asset_number":"way/1490514264","asset_type":"substation","asset_class":"secondary","nominal_rating":500.0,"nominal_rating_unit_of_measurement":"kVA","rating_kva":500.0,"voltage":null,"voltage_kv":null,"rated_primary_voltage":null,"rated_primary_voltage_unit_of_measurement":null,"site_name":null,"site_postcode":null,"site_town_city":"Belfast","site_county":"County Antrim / County Down","year_of_manufacture":null,"source":"OSM power asset proxy","source_id":"way/1490514264","data_support":"osm-proxy","rating_support":"default-by-class","official_source_status":"NIE metadata visible; record API not visible to this builder"},"geometry":{"type":"Point","coordinates":[-5.869161,54.576642]}},{"type":"Feature","properties":{"asset_number":"way/1492690632","asset_type":"substation","asset_class":"secondary","nominal_rating":500.0,"nominal_rating_unit_of_measurement":"kVA","rating_kva":500.0,"voltage":null,"voltage_kv":null,"rated_primary_voltage":null,"rated_primary_voltage_unit_of_measurement":null,"site_name":null,"site_postcode":null,"site_town_city":"Belfast","site_county":"County Antrim / County Down","year_of_manufacture":null,"source":"OSM power asset proxy","source_id":"way/1492690632","data_support":"osm-proxy","rating_support":"default-by-class","official_source_status":"NIE metadata visible; record API not visible to this builder"},"geometry":{"type":"Point","coordinates":[-6.038452,54.525922]}},{"type":"Feature","properties":{"asset_number":"way/1493240968","asset_type":"substation","asset_class":"secondary","nominal_rating":500.0,"nominal_rating_unit_of_measurement":"kVA","rating_kva":500.0,"voltage":null,"voltage_kv":null,"rated_primary_voltage":null,"rated_primary_voltage_unit_of_measurement":null,"site_name":null,"site_postcode":null,"site_town_city":"Belfast","site_county":"County Antrim / County Down","year_of_manufacture":null,"source":"OSM power asset proxy","source_id":"way/1493240968","data_support":"osm-proxy","rating_support":"default-by-class","official_source_status":"NIE metadata visible; record API not visible to this builder"},"geometry":{"type":"Point","coordinates":[-6.025924,54.547834]}},{"type":"Feature","properties":{"asset_number":"way/1494286066","asset_type":"substation","asset_class":"secondary","nominal_rating":500.0,"nominal_rating_unit_of_measurement":"kVA","rating_kva":500.0,"voltage":null,"voltage_kv":null,"rated_primary_voltage":null,"rated_primary_voltage_unit_of_measurement":null,"site_name":null,"site_postcode":null,"site_town_city":"Belfast","site_county":"County Antrim / County Down","year_of_manufacture":null,"source":"OSM power asset proxy","source_id":"way/1494286066","data_support":"osm-proxy","rating_support":"default-by-class","official_source_status":"NIE metadata visible; record API not visible to this builder"},"geometry":{"type":"Point","coordinates":[-6.038607,54.537069]}},{"type":"Feature","properties":{"asset_number":"way/1495186878","asset_type":"substation","asset_class":"secondary","nominal_rating":500.0,"nominal_rating_unit_of_measurement":"kVA","rating_kva":500.0,"voltage":null,"voltage_kv":null,"rated_primary_voltage":null,"rated_primary_voltage_unit_of_measurement":null,"site_name":null,"site_postcode":null,"site_town_city":"Belfast","site_county":"County Antrim / County Down","year_of_manufacture":null,"source":"OSM power asset proxy","source_id":"way/1495186878","data_support":"osm-proxy","rating_support":"default-by-class","official_source_status":"NIE metadata visible; record API not visible to this builder"},"geometry":{"type":"Point","coordinates":[-6.022025,54.557445]}}]}